/**
 * generated by fontconvert.py
 * name: bookerly_16_italic
 * size: 16
 * mode: 2-bit  compressed: zopfli
 * Command used: fontconvert.py bookerly_16_italic 16 ../builtinFonts/source/Bookerly/Bookerly-Italic.ttf --2bit --compress --zopfli
 */
#pragma once
#include "EpdFontData.h"

static const uint8_t bookerly_16_italicBitmaps[37916] = {
    0xA5, 0x7A, 0x09, 0x88, 0xE5, 0xC8, 0x7D, 0xFE, 0x27, 0x69, 0x76, 0xB4, 0xAC, 0xC0, 0x5A, 0xC0,
    0x63, 0x8C, 0x0D, 0x2B, 0x73, 0x9B, 0x3F, 0x7F, 0x8F, 0x38, 0x0C, 0x98, 0x30, 0xFD, 0xAA, 0xEC,
    0x00, 0x01, 0x0C, 0x78, 0x02, 0x69, 0x2F, 0x78, 0x80, 0xE5, 0x70, 0x80, 0x04, 0xC2, 0x70, 0x2C,
    0xE0, 0x90, 0xE9, 0x96, 0x12, 0x03, 0xE1, 0x0C, 0x13, 0xC0, 0x5C, 0x06, 0xC2, 0x91, 0x18, 0x67,
    0x02, 0x4C, 0x80, 0x00, 0x03, 0xBC, 0xF7, 0x54, 0xC4, 0x84, 0xCB, 0x90, 0x15, 0x0E, 0xC1, 0x24,
    0x06, 0x2C, 0xC2, 0xDA, 0x09, 0xEB, 0xC4, 0x5D, 0xC6, 0x5A, 0xAC, 0x99, 0x91, 0x54, 0xD1, 0xF7,
    0xA1, 0xD7, 0xFD, 0xA6, 0xE9, 0x6C, 0x48, 0x52, 0x3C, 0x7D, 0xA5, 0x7E, 0xAF, 0xF4, 0xBB, 0x8F,
    0x52, 0xCD, 0x20, 0xB2, 0xC8, 0x1D, 0x4C, 0x0D, 0x03, 0x54, 0xC0, 0x1E, 0x18, 0xF5, 0x19, 0x10,
    0xF5, 0x88, 0x3D, 0x3F, 0x49, 0x87, 0xA4, 0x45, 0xE2, 0x90, 0x2E, 0x9F, 0x1A, 0xA9, 0xC5, 0x1B,
    0x58, 0xC7, 0x6D, 0x8B, 0xD2, 0xC1, 0x2C, 0x1F, 0x8B, 0x5B, 0x00, 0xEA, 0x4F, 0xA6, 0x6E, 0x9B,
    0xBB, 0x21, 0xFF, 0xC3, 0xBE, 0xF8, 0x92, 0x2F, 0x62, 0x5F, 0x26, 0xDD, 0xDD, 0xC4, 0x9D, 0x24,
    0xEE, 0x5E, 0x5A, 0x83, 0xE3, 0x7E, 0x64, 0x01, 0xF8, 0xC4, 0x01, 0x91, 0xE7, 0x77, 0x71, 0x97,
    0x59, 0x2C, 0x0C, 0x72, 0x20, 0x7A, 0xFB, 0x1F, 0xDF, 0x39, 0x45, 0x16, 0x96, 0x81, 0x37, 0x9E,
    0x7E, 0xD0, 0xFC, 0x25, 0x90, 0xDB, 0x13, 0x2C, 0x88, 0x7B, 0x00, 0x0A, 0x3C, 0x02, 0x70, 0x17,
    0xCF, 0x00, 0x9C, 0xA0, 0x07, 0xCC, 0xB2, 0xB0, 0x47, 0xB5, 0xA0, 0x07, 0xB6, 0x71, 0x07, 0xE0,
    0x6F, 0x92, 0x16, 0x40, 0x4F, 0xF2, 0xF0, 0xA9, 0x98, 0x64, 0x64, 0x6C, 0x23, 0x5C, 0x0D, 0x0F,
    0x20, 0x22, 0xC4, 0x5C, 0x2C, 0x51, 0x9A, 0x1E, 0xC8, 0x43, 0xB0, 0x30, 0xDF, 0x6E, 0x5A, 0xEC,
    0xF2, 0x2F, 0x7B, 0x8C, 0x79, 0xE2, 0xA3, 0xE1, 0xAD, 0xA4, 0x8B, 0xC6, 0xCF, 0x45, 0xC0, 0xF4,
    0xFF, 0x01, 0x84, 0x2D, 0x00, 0x33, 0x82, 0x8B, 0xF9, 0x7C, 0x20, 0x81, 0x30, 0x00, 0xD1, 0xBF,
    0x8E, 0xB8, 0x15, 0xB7, 0x33, 0x1E, 0x25, 0x2E, 0x60, 0x9B, 0xB8, 0x3D, 0xA6, 0xB4, 0x9E, 0xD1,
    0x64, 0x5F, 0x1C, 0x51, 0x5D, 0x3C, 0xE8, 0x51, 0x84, 0xD0, 0x22, 0x0E, 0xB3, 0x54, 0x90, 0x06,
    0x80, 0xD4, 0x92, 0x56, 0x52, 0x0A, 0x3D, 0x8E, 0xC7, 0xC7, 0x81, 0xF2, 0x31, 0x17, 0x46, 0xE4,
    0x30, 0x22, 0xED, 0xB6, 0x74, 0x47, 0x5E, 0x9F, 0x20, 0x6D, 0x51, 0x62, 0xB3, 0xDC, 0xE2, 0x64,
    0x99, 0x4A, 0xD2, 0xD8, 0x90, 0xCE, 0x96, 0x86, 0xE1, 0xF4, 0x28, 0xE9, 0x38, 0x0D, 0x99, 0x7B,
    0xCD, 0x6E, 0x23, 0x5F, 0xA0, 0xF1, 0xE7, 0x69, 0x7B, 0x92, 0xBC, 0x18, 0xCB, 0x60, 0x9F, 0xE5,
    0xEE, 0x2C, 0x1B, 0xF8, 0xED, 0x86, 0x96, 0xDF, 0x2C, 0x13, 0xA9, 0x72, 0x2A, 0xF1, 0x88, 0x92,
    0x3D, 0x12, 0x25, 0xF4, 0xCB, 0xB4, 0x45, 0xE2, 0x17, 0xE8, 0x91, 0xB9, 0x85, 0xAA, 0x47, 0x61,
    0x61, 0x9E, 0x3A, 0xAE, 0x2D, 0x66, 0xC9, 0x1E, 0xDD, 0xC7, 0xE5, 0x88, 0x27, 0x4D, 0x45, 0xB0,
    0x9C, 0xF6, 0x85, 0x93, 0x56, 0x19, 0xA7, 0xD8, 0x6B, 0x4A, 0xBA, 0x9C, 0xFE, 0x48, 0xDB, 0x12,
    0x00, 0x32, 0x37, 0x02, 0x16, 0xD9, 0x8F, 0x3A, 0xA0, 0x43, 0x16, 0x2C, 0x15, 0x2C, 0x3A, 0x44,
    0x4D, 0x8B, 0xA6, 0x43, 0x13, 0x90, 0xFC, 0xCA, 0x67, 0xE1, 0x31, 0xF2, 0x6F, 0xFA, 0xF2, 0xE7,
    0x40, 0x19, 0x0D, 0x9F, 0xBB, 0x4B, 0x93, 0x4C, 0x90, 0x94, 0x15, 0xA4, 0xB4, 0xA9, 0x07, 0x4E,
    0xF9, 0xBF, 0x78, 0x4E, 0x29, 0xBD, 0x52, 0x21, 0x0A, 0x35, 0x60, 0x7E, 0xF2, 0x20, 0x74, 0x72,
    0xED, 0xC5, 0x0C, 0x9A, 0x3F, 0x0E, 0xCF, 0x81, 0xD7, 0x80, 0x32, 0x80, 0x23, 0xFA, 0x3A, 0x50,
    0xA7, 0x2E, 0x77, 0x79, 0x5D, 0xD8, 0x02, 0x25, 0xEE, 0xE2, 0x44, 0x5E, 0xD1, 0x50, 0x94, 0x64,
    0x1D, 0x18, 0xDE, 0xD1, 0x08, 0xA4, 0x24, 0xE5, 0x00, 0x03, 0xF2, 0x61, 0x86, 0xD0, 0x38, 0xF4,
    0x86, 0xBE, 0xA6, 0x66, 0x25, 0xA0, 0x9F, 0x37, 0x47, 0xD7, 0x19, 0x80, 0xF3, 0xA3, 0xBF, 0x0D,
    0xB4, 0x8E, 0xA6, 0xE4, 0x73, 0x7C, 0x5E, 0x74, 0x30, 0xAC, 0x8B, 0x4B, 0x0B, 0x30, 0x2B, 0xD6,
    0xC1, 0x94, 0xD3, 0xA2, 0xB8, 0x87, 0x18, 0xC3, 0x1C, 0x3D, 0x9D, 0x39, 0x5A, 0x55, 0x14, 0x74,
    0xC5, 0xBC, 0x7A, 0x49, 0xA7, 0x59, 0x7F, 0xEB, 0x37, 0xAE, 0x3B, 0x92, 0xD6, 0x8A, 0x8E, 0x18,
    0x8E, 0xD0, 0x92, 0xAC, 0x85, 0x78, 0xEF, 0x80, 0xA4, 0x07, 0x0A, 0x47, 0x79, 0x35, 0x28, 0xCF,
    0xEB, 0xB9, 0x2B, 0x73, 0x6B, 0xFE, 0x1E, 0xE9, 0xB4, 0x43, 0x33, 0x65, 0xFF, 0xF1, 0x7B, 0xE6,
    0x4F, 0x50, 0xE4, 0xB8, 0x95, 0xD7, 0xAC, 0x08, 0x11, 0x64, 0x81, 0xEB, 0xD7, 0x9D, 0x77, 0xBE,
    0x75, 0xBF, 0x09, 0xC1, 0xF3, 0xBA, 0xE9, 0x77, 0xC9, 0x01, 0x8C, 0xD1, 0x84, 0x09, 0x23, 0xC6,
    0xD8, 0xA7, 0x5D, 0x51, 0xEF, 0xF0, 0x26, 0xAA, 0xD0, 0x35, 0xC1, 0x2F, 0x48, 0x6B, 0x35, 0x36,
    0xD8, 0x99, 0x29, 0xC1, 0x8A, 0xA1, 0x00, 0x12, 0x3B, 0x59, 0x52, 0x66, 0x95, 0x65, 0xA4, 0xB5,
    0x54, 0x95, 0x5D, 0x8E, 0x57, 0x9C, 0x89, 0x0B, 0xA4, 0xA8, 0x0C, 0xB1, 0xAE, 0xA0, 0x19, 0x61,
    0x2E, 0xF3, 0x70, 0xD0, 0x8A, 0x4B, 0x06, 0x5A, 0x71, 0xC9, 0x40, 0xEC, 0x81, 0xDB, 0x33, 0x80,
    0x26, 0xB4, 0x48, 0x58, 0x7F, 0xF2, 0x2E, 0x1D, 0x61, 0xEA, 0x78, 0x64, 0xF1, 0x9C, 0x18, 0x26,
    0x13, 0x8D, 0x37, 0xA7, 0x1E, 0x98, 0x18, 0x3C, 0x53, 0xDE, 0x02, 0x63, 0xE1, 0x10, 0x8D, 0xA5,
    0x43, 0x3C, 0x9A, 0x1A, 0x49, 0x4F, 0xF0, 0xC6, 0x22, 0xEB, 0x96, 0xBB, 0xDC, 0x2D, 0x50, 0xD6,
    0xC6, 0xA1, 0x42, 0xD9, 0xC6, 0x13, 0xF2, 0xE7, 0x0F, 0x7B, 0xA4, 0x21, 0x38, 0x44, 0x61, 0x02,
    0x03, 0x76, 0xAD, 0xB6, 0x51, 0x53, 0xA3, 0x0A, 0x16, 0x21, 0x2C, 0x5F, 0x56, 0x00, 0x78, 0xED,
    0x01, 0x4C, 0x90, 0x76, 0x11, 0xAF, 0x01, 0x88, 0x07, 0x20, 0x39, 0x84, 0xE7, 0x1A, 0xC4, 0xB9,
    0x1C, 0xAF, 0x4B, 0xAE, 0xAD, 0x5A, 0x16, 0x25, 0x18, 0xD5, 0xA4, 0x4F, 0xF3, 0xA1, 0x10, 0x6A,
    0xA6, 0x4A, 0x07, 0xD3, 0xE6, 0x1E, 0x0D, 0xD2, 0x1E, 0x23, 0xE1, 0x5D, 0x02, 0x90, 0x79, 0x9A,
    0x84, 0x96, 0x33, 0x8E, 0x16, 0x38, 0x24, 0x7C, 0xC6, 0x1F, 0x4B, 0x95, 0x42, 0x9A, 0x96, 0x46,
    0x2E, 0x3A, 0x2E, 0xB0, 0xC7, 0x7F, 0xB1, 0x4E, 0xDB, 0x66, 0x01, 0xDE, 0x4D, 0x57, 0x2C, 0x2D,
    0xA5, 0x60, 0x0B, 0x2A, 0x3A, 0x9C, 0x93, 0xC7, 0x37, 0x28, 0xED, 0x9B, 0x12, 0x17, 0xC5, 0x81,
    0x51, 0x3A, 0x92, 0x84, 0x52, 0xB9, 0x07, 0x32, 0xC9, 0x1C, 0x05, 0xF0, 0x4B, 0x39, 0x90, 0x50,
    0xE1, 0x20, 0x02, 0xC9, 0x97, 0x3D, 0xF0, 0x20, 0xB4, 0x90, 0x7E, 0xE5, 0x72, 0x03, 0xB5, 0x9E,
    0x43, 0x00, 0xE5, 0x54, 0xC6, 0xF0, 0x2E, 0x30, 0x79, 0x5E, 0xD2, 0x38, 0x3F, 0x66, 0x6E, 0x7F,
    0x65, 0x81, 0xA9, 0xA0, 0x8F, 0x4A, 0x8B, 0xBC, 0x35, 0x80, 0xA9, 0x0D, 0x8D, 0x6C, 0x68, 0xD5,
    0x73, 0x0A, 0xB7, 0x63, 0xD7, 0x1B, 0xA5, 0xD1, 0xD0, 0x10, 0xEE, 0x9C, 0xBE, 0xFD, 0xFC, 0xBE,
    0x2C, 0x2E, 0x93, 0xCB, 0xE6, 0x34, 0x3A, 0x81, 0x8C, 0x4F, 0x4F, 0xEF, 0x23, 0xA3, 0x61, 0x73,
    0x76, 0x01, 0x29, 0x55, 0x5E, 0xC6, 0x9D, 0xE0, 0x9C, 0xD0, 0x0C, 0x00, 0xE8, 0x04, 0x7C, 0x82,
    0x42, 0xA1, 0x20, 0xBD, 0x74, 0x38, 0x18, 0x35, 0x16, 0xE8, 0xCF, 0xD5, 0x1D, 0x32, 0xBB, 0x2A,
    0x5D, 0xF4, 0x70, 0x66, 0x4C, 0x7A, 0xA0, 0x9A, 0x0F, 0x01, 0x43, 0x1B, 0xF7, 0xB4, 0xF1, 0x08,
    0x94, 0xB3, 0x05, 0x68, 0x84, 0x74, 0x22, 0x61, 0x7F, 0x70, 0x62, 0x58, 0xE9, 0x32, 0x96, 0x1F,
    0x53, 0xC6, 0x01, 0xF9, 0x4F, 0x3E, 0x3D, 0x51, 0xC6, 0x80, 0xB2, 0x46, 0x45, 0xD3, 0x9A, 0x4B,
    0xD0, 0x9F, 0x7B, 0xFE, 0xC0, 0x25, 0xC9, 0x88, 0xBC, 0x2F, 0x3C, 0x9F, 0x75, 0x40, 0x33, 0x01,
    0xB2, 0xF1, 0x6B, 0xA7, 0xA7, 0xA7, 0xD4, 0x34, 0xD4, 0x05, 0xA1, 0x3C, 0x3D, 0x6D, 0x98, 0x3F,
    0x23, 0xEE, 0x51, 0xF0, 0x6F, 0xC8, 0xB3, 0x24, 0x21, 0x8F, 0x29, 0x64, 0xA5, 0x90, 0x42, 0x8B,
    0x96, 0x5D, 0x3D, 0x39, 0x1F, 0x44, 0x53, 0xF0, 0xC9, 0x5F, 0x45, 0x2B, 0xB9, 0x0F, 0x5E, 0x6F,
    0x94, 0xD8, 0x87, 0xCC, 0x3C, 0x0E, 0xA9, 0xFC, 0x79, 0xD3, 0xC2, 0xD4, 0x0B, 0xC5, 0x3D, 0x7D,
    0x31, 0xB1, 0x74, 0x4F, 0xF4, 0xC5, 0x4C, 0xCD, 0x1A, 0x5B, 0x01, 0x66, 0x69, 0xD9, 0xC8, 0x69,
    0x92, 0x8C, 0x16, 0xAF, 0x1A, 0xBF, 0x70, 0xCB, 0x46, 0x64, 0x5D, 0xBC, 0xAA, 0x6F, 0x2C, 0x1A,
    0x18, 0xB2, 0xA9, 0x28, 0x8D, 0x72, 0xBC, 0xEC, 0x8B, 0x9E, 0xBA, 0x39, 0xC4, 0x47, 0x99, 0x59,
    0xBE, 0x2F, 0xBE, 0x40, 0xFE, 0xA2, 0xE1, 0x7E, 0x28, 0xF7, 0xA8, 0xC4, 0x97, 0x8A, 0x8D, 0x0B,
    0x44, 0x0B, 0x0C, 0x31, 0xEF, 0x04, 0xD1, 0xC4, 0x5F, 0x83, 0xCD, 0x3C, 0x2A, 0x45, 0x84, 0x52,
    0xFD, 0xB7, 0x2B, 0x7B, 0xEC, 0x11, 0xA5, 0x95, 0x69, 0x49, 0xD9, 0x02, 0x0F, 0xC7, 0xE5, 0x52,
    0x67, 0x13, 0x5B, 0x2B, 0xAD, 0xA3, 0x29, 0x99, 0x92, 0x31, 0xF6, 0xB8, 0x36, 0x8E, 0xEB, 0xE5,
    0x7D, 0xDA, 0x2F, 0x5F, 0x3E, 0x9E, 0xFA, 0xFF, 0x57, 0x63, 0x44, 0x34, 0xA9, 0x8A, 0x8C, 0xFC,
    0xC4, 0x9E, 0x06, 0x2B, 0x6A, 0xEC, 0x80, 0x37, 0xC1, 0xB1, 0x76, 0xA0, 0xCA, 0x23, 0x0D, 0x16,
    0x55, 0xBF, 0x4E, 0x4A, 0x72, 0xE5, 0x65, 0xAA, 0xA2, 0xD8, 0x01, 0xD9, 0x7A, 0x23, 0x8F, 0x45,
    0xE2, 0x78, 0xE7, 0xF4, 0xF4, 0xAA, 0x07, 0x1C, 0x8D, 0xD3, 0xF5, 0xFB, 0x6A, 0xB9, 0xC8, 0xE6,
    0x04, 0xAA, 0x4A, 0x28, 0x26, 0x06, 0x35, 0x6F, 0xE4, 0x4F, 0xB6, 0x55, 0xAF, 0xA0, 0x65, 0xA4,
    0x17, 0x83, 0xBE, 0x2A, 0x07, 0x26, 0x26, 0xF0, 0x59, 0xAC, 0xE3, 0x77, 0x90, 0x06, 0x97, 0x07,
    0x9F, 0xFF, 0x6C, 0x78, 0x9D, 0x5A, 0x6C, 0xF5, 0x19, 0x90, 0x48, 0x6F, 0x63, 0x31, 0xF1, 0x36,
    0x77, 0x28, 0x80, 0xE2, 0xBB, 0x24, 0xA3, 0xFC, 0xE4, 0x78, 0x43, 0xDB, 0x58, 0x53, 0x73, 0xD5,
    0x1A, 0x49, 0x4B, 0xC2, 0x02, 0xB4, 0x38, 0xB9, 0x6B, 0x4F, 0xDA, 0x53, 0xB8, 0xF7, 0xA5, 0x67,
    0x3C, 0x2B, 0x02, 0xD7, 0x98, 0xD4, 0x93, 0xEA, 0x26, 0x7B, 0xDC, 0x7E, 0x7C, 0x3F, 0xED, 0xA2,
    0x01, 0x66, 0xF6, 0x49, 0x97, 0x78, 0xCC, 0xD5, 0x32, 0xA7, 0x6D, 0xE2, 0xB3, 0x2E, 0xE9, 0x72,
    0x97, 0xB5, 0x89, 0x5B, 0xE6, 0x3A, 0xAF, 0x53, 0x97, 0xB4, 0x05, 0x0A, 0x9B, 0x2D, 0x77, 0x25,
    0x0C, 0x72, 0x9B, 0x3B, 0x03, 0x83, 0x72, 0xB9, 0x33, 0xD8, 0x30, 0xD1, 0xC0, 0x39, 0x60, 0xC7,
    0xBB, 0xE4, 0xC7, 0x71, 0xCF, 0xF9, 0xA2, 0x60, 0x5C, 0xA3, 0x1C, 0xF3, 0xC0, 0x12, 0x72, 0xFB,
    0x71, 0xFC, 0x58, 0x12, 0x68, 0x28, 0xAF, 0x94, 0x2F, 0x9A, 0x24, 0x66, 0xA4, 0x42, 0xFC, 0xFC,
    0xB4, 0x51, 0x35, 0x0D, 0xAA, 0x9B, 0x88, 0x9A, 0xF0, 0x18, 0xAF, 0x0E, 0x79, 0x99, 0x06, 0x12,
    0x21, 0x4D, 0x28, 0x7A, 0x4D, 0x46, 0x13, 0x76, 0x83, 0xA6, 0x7E, 0x14, 0x69, 0xAF, 0x29, 0x69,
    0x35, 0xE5, 0xF5, 0x4E, 0xEB, 0xD5, 0x89, 0x24, 0x3C, 0xB4, 0x2D, 0xE3, 0x34, 0x68, 0x8A, 0x5F,
    0x3C, 0x51, 0x37, 0x08, 0xB2, 0x67, 0xFE, 0xC1, 0x93, 0xC6, 0xA9, 0xF5, 0x52, 0x74, 0xA3, 0x96,
    0xC4, 0x50, 0x53, 0xA3, 0x54, 0x1D, 0x88, 0x7B, 0x49, 0x51, 0x06, 0xBB, 0xC8, 0x8A, 0x26, 0xD4,
    0x49, 0x08, 0x87, 0x92, 0x46, 0x12, 0x8A, 0xA4, 0xEF, 0x0C, 0x19, 0x93, 0x09, 0x72, 0xEC, 0x5E,
    0xC0, 0xB0, 0xDD, 0xD1, 0xDF, 0x23, 0xF2, 0x36, 0xEE, 0x17, 0xC8, 0x54, 0x74, 0xD5, 0x64, 0x5A,
    0x94, 0xB6, 0xA0, 0x19, 0xE3, 0x71, 0x01, 0x16, 0x70, 0xC2, 0x39, 0x61, 0xC7, 0x32, 0x24, 0x62,
    0x23, 0x32, 0x1F, 0x4D, 0xBF, 0x59, 0xB9, 0x92, 0xC6, 0x6A, 0xC2, 0xB1, 0xA5, 0x14, 0x10, 0xEF,
    0x23, 0xE6, 0x2F, 0xC5, 0x8B, 0x07, 0x33, 0xAA, 0x1A, 0x67, 0xCC, 0x9B, 0x47, 0x49, 0xBF, 0x00,
    0xE3, 0xE9, 0xDD, 0xDC, 0x1D, 0x8A, 0x9B, 0xB9, 0xAC, 0xF0, 0xD5, 0x25, 0x34, 0x82, 0x57, 0xBF,
    0x33, 0x5A, 0xDC, 0x02, 0x1D, 0x63, 0xB2, 0xCD, 0xC2, 0x93, 0x50, 0x2F, 0x2C, 0x26, 0xE5, 0xBB,
    0x12, 0x18, 0x57, 0xAA, 0x77, 0x40, 0x43, 0xF6, 0x8B, 0xF2, 0xB7, 0x83, 0xA3, 0x9D, 0x4A, 0x4F,
    0xCD, 0xD3, 0x81, 0x18, 0x8F, 0x48, 0x3D, 0x33, 0x99, 0xA2, 0xCC, 0xB4, 0x27, 0xD1, 0x5D, 0x61,
    0x51, 0x03, 0x13, 0x4A, 0xA1, 0x36, 0xB5, 0x14, 0x30, 0x19, 0x50, 0xC9, 0xF7, 0xE7, 0xB2, 0xFD,
    0x4E, 0x45, 0x78, 0xA2, 0x9C, 0x34, 0xC9, 0xB4, 0xD0, 0x8B, 0x2A, 0xFA, 0x82, 0x66, 0x7C, 0xC5,
    0x20, 0x86, 0xEE, 0x5C, 0xF1, 0xF6, 0x4C, 0x0F, 0xD3, 0xE4, 0x56, 0x79, 0x06, 0xE2, 0xC7, 0xD6,
    0x4E, 0x28, 0x79, 0xE4, 0x5F, 0xA2, 0x13, 0x7E, 0xD0, 0xD4, 0x40, 0x41, 0x9A, 0x28, 0x3F, 0x78,
    0x02, 0xD9, 0x8B, 0x48, 0x40, 0x25, 0x3C, 0x57, 0x5C, 0xEE, 0x01, 0x4F, 0x79, 0x23, 0x2F, 0x79,
    0x3A, 0x44, 0xD3, 0xD7, 0x9E, 0xB6, 0x92, 0xC7, 0xA1, 0x21, 0x73, 0x49, 0x32, 0x0B, 0x28, 0xC7,
    0x44, 0x31, 0xEE, 0x91, 0xBF, 0xE0, 0xF3, 0x47, 0xDD, 0x58, 0x12, 0xE4, 0x8E, 0xF0, 0xCF, 0x4F,
    0xC4, 0x5E, 0xDC, 0xAF, 0x3B, 0x8B, 0x9C, 0xC5, 0x18, 0x98, 0x08, 0xE3, 0xA1, 0x4F, 0x95, 0xC1,
    0xAB, 0xCD, 0xBE, 0x1A, 0x10, 0x48, 0x64, 0x9B, 0xE2, 0xC5, 0xD7, 0x16, 0xAC, 0x6A, 0x94, 0x2A,
    0xA6, 0xA5, 0xBA, 0xDA, 0x5D, 0x31, 0xBE, 0x27, 0xA6, 0x0A, 0x8C, 0x9B, 0x34, 0x25, 0x56, 0xC1,
    0x36, 0x40, 0x23, 0xBC, 0x3D, 0xE9, 0xFB, 0x71, 0x45, 0x53, 0x83, 0x35, 0xA5, 0x95, 0x79, 0x07,
    0xB9, 0x3B, 0x7C, 0xA7, 0x61, 0x39, 0x54, 0x40, 0x94, 0xE1, 0xF9, 0x65, 0x0F, 0x34, 0xA1, 0x8B,
    0x43, 0xE0, 0xDC, 0x26, 0x61, 0x16, 0x25, 0x94, 0x7A, 0x75, 0x10, 0x73, 0x8A, 0x44, 0xF6, 0xA4,
    0x21, 0x01, 0xD2, 0x75, 0xA6, 0x90, 0xE7, 0xAB, 0x81, 0xF6, 0xB2, 0x91, 0x54, 0x57, 0x1B, 0xD7,
    0x16, 0x6E, 0x9D, 0xCB, 0x6F, 0x9D, 0x7E, 0x75, 0x90, 0x0A, 0x22, 0x09, 0x03, 0x91, 0x5C, 0x03,
    0x48, 0x34, 0x64, 0xED, 0xBD, 0x48, 0x8A, 0x86, 0x6C, 0x3E, 0x8A, 0xA4, 0x8C, 0x58, 0xB4, 0xDA,
    0x8F, 0xC5, 0x41, 0x3B, 0x16, 0x97, 0x86, 0x49, 0x72, 0x7B, 0xCA, 0x4C, 0x79, 0x45, 0xF8, 0xA3,
    0x37, 0xAF, 0xD2, 0x45, 0x7A, 0x18, 0xF2, 0x26, 0xDF, 0xEB, 0xFB, 0x60, 0xF1, 0xD0, 0x2E, 0x9D,
    0x4A, 0x8C, 0x84, 0x81, 0x95, 0xCF, 0x7E, 0x84, 0x77, 0xE3, 0x01, 0xE2, 0x7E, 0xF3, 0x4E, 0xEE,
    0x28, 0x76, 0x08, 0xC5, 0xCD, 0x89, 0xBE, 0x12, 0x16, 0xCD, 0x01, 0xF8, 0x2C, 0x89, 0x54, 0x4D,
    0xBB, 0x80, 0xFA, 0xD8, 0x70, 0x94, 0x3C, 0x9D, 0x09, 0x8E, 0x4A, 0x57, 0xC1, 0x52, 0xEF, 0xBC,
    0x17, 0x73, 0x23, 0x2F, 0x61, 0x96, 0x00, 0x92, 0x23, 0xF5, 0x45, 0x2B, 0x21, 0x44, 0x3E, 0xFF,
    0xC1, 0xA0, 0xE9, 0xFB, 0x9D, 0xA6, 0x60, 0x8F, 0xDE, 0xB8, 0xCB, 0xA7, 0x4E, 0xA4, 0xBF, 0xD2,
    0x69, 0x4A, 0x7B, 0x09, 0x15, 0x8F, 0x90, 0xD2, 0x41, 0xD2, 0x31, 0x40, 0x55, 0x04, 0x3A, 0x89,
    0x99, 0x0F, 0x52, 0x3E, 0x09, 0x50, 0x70, 0xCB, 0x66, 0x5E, 0xFD, 0x56, 0xBB, 0x39, 0x79, 0x46,
    0xC2, 0x32, 0x96, 0xFE, 0xEF, 0xE6, 0x91, 0xF1, 0xBF, 0x40, 0x1B, 0x3D, 0xA3, 0xF1, 0x7B, 0x6D,
    0x36, 0x96, 0x84, 0xFE, 0xAB, 0x8E, 0xF9, 0xDC, 0x36, 0x4A, 0xEA, 0x44, 0x59, 0x36, 0x69, 0xD6,
    0xE1, 0x87, 0xE9, 0x97, 0xFB, 0x5A, 0x73, 0x4A, 0x4D, 0xCF, 0x07, 0xE4, 0x8D, 0x55, 0x4F, 0x2A,
    0x48, 0x79, 0x18, 0xB1, 0x31, 0x40, 0xD4, 0x8F, 0xD8, 0x1A, 0xA8, 0x3B, 0xF5, 0x86, 0x12, 0xEE,
    0x62, 0xCF, 0xB9, 0xDB, 0x25, 0xAD, 0x01, 0x52, 0x77, 0x9E, 0xB9, 0x73, 0x0A, 0x68, 0x72, 0x70,
    0xAE, 0xCD, 0x86, 0x73, 0x61, 0xCD, 0x23, 0x8A, 0x54, 0xA2, 0xEC, 0xB1, 0xA3, 0xB0, 0xA5, 0xE7,
    0x7C, 0x86, 0xA2, 0xE5, 0xBC, 0xA5, 0x4A, 0xA3, 0xAC, 0x45, 0xA0, 0x5F, 0x65, 0xC1, 0xC0, 0x60,
    0xA4, 0xFF, 0x1C, 0x14, 0xBC, 0x12, 0x73, 0x84, 0x19, 0x96, 0x69, 0x40, 0x3A, 0x6A, 0x97, 0x9F,
    0xCC, 0x24, 0x28, 0x03, 0x6F, 0x38, 0xD5, 0x9C, 0xD2, 0x0B, 0x87, 0x33, 0x20, 0x7B, 0xAF, 0xC5,
    0x96, 0xBE, 0xF4, 0x4A, 0x90, 0x6F, 0xF6, 0x18, 0x80, 0xE2, 0x4B, 0x03, 0xFA, 0x65, 0xC2, 0x18,
    0x31, 0x69, 0xB1, 0x8F, 0x3D, 0xB4, 0x07, 0xF0, 0xA4, 0x60, 0xBE, 0xD9, 0x49, 0xB0, 0xEF, 0xB5,
    0x92, 0xEB, 0x87, 0x8E, 0x12, 0xA5, 0x2F, 0x35, 0x25, 0x14, 0x64, 0xD0, 0x2E, 0x89, 0x8F, 0x06,
    0x8B, 0x72, 0xB9, 0x55, 0x55, 0xA9, 0x61, 0x8E, 0x1B, 0xBD, 0x06, 0x13, 0x04, 0xB1, 0xF2, 0xBA,
    0x78, 0xFE, 0x76, 0x00, 0x23, 0xA3, 0xAA, 0x55, 0xBA, 0x5C, 0x32, 0xB0, 0x17, 0x64, 0xCC, 0x3E,
    0x9F, 0x3B, 0x62, 0xE9, 0xE8, 0x6D, 0x63, 0x85, 0x20, 0x56, 0xE0, 0xF7, 0x0D, 0xB8, 0x52, 0xD8,
    0x12, 0x0B, 0x47, 0x34, 0x75, 0x25, 0x87, 0x73, 0xFD, 0x04, 0xE3, 0xD8, 0x64, 0x8A, 0x0E, 0x85,
    0x47, 0x36, 0xBD, 0x16, 0x6A, 0xB2, 0x9D, 0xB8, 0x80, 0x22, 0xA8, 0xC5, 0x5D, 0xEB, 0xEE, 0xFD,
    0xD2, 0xE0, 0xD2, 0x91, 0xD1, 0x36, 0x33, 0xD0, 0x2A, 0x08, 0x52, 0x42, 0xD6, 0xE1, 0x9C, 0xD1,
    0x36, 0x21, 0x77, 0xF1, 0xB0, 0x40, 0xE6, 0x51, 0xFC, 0x5D, 0xE3, 0x50, 0x92, 0xA4, 0x09, 0x8F,
    0xFF, 0x77, 0x85, 0x1C, 0x25, 0x9F, 0xA4, 0x60, 0x03, 0x56, 0x83, 0xAC, 0x16, 0x41, 0x34, 0x03,
    0xA5, 0x54, 0x20, 0x5F, 0x1A, 0x25, 0xF7, 0xBC, 0xE3, 0xAD, 0xCC, 0xE2, 0xA9, 0xA7, 0x26, 0xE8,
    0x4B, 0x59, 0xA6, 0x83, 0x8C, 0xD2, 0xAE, 0xF5, 0x94, 0x13, 0x57, 0xCB, 0x3A, 0x56, 0x4B, 0x1A,
    0xAC, 0x4D, 0x98, 0x06, 0x4A, 0x65, 0x71, 0x1A, 0x09, 0xD9, 0x74, 0x3B, 0xD8, 0x83, 0x6B, 0xD6,
    0xCA, 0x01, 0x65, 0x2A, 0x20, 0xEF, 0x4A, 0xDC, 0x49, 0x53, 0x12, 0x3E, 0x5C, 0xA5, 0x9F, 0xBF,
    0x7B, 0x10, 0x5F, 0x76, 0xEC, 0x70, 0x34, 0xF8, 0xC5, 0x6C, 0x01, 0xED, 0x9B, 0xB8, 0x71, 0x1A,
    0xA0, 0xB7, 0x12, 0x65, 0xF1, 0x24, 0xDC, 0x41, 0x2F, 0x49, 0x12, 0x7C, 0xA4, 0xDC, 0xF1, 0x00,
    0x19, 0x97, 0xA8, 0x5D, 0x79, 0x98, 0xC9, 0x47, 0x84, 0xCD, 0xB7, 0x5B, 0xA2, 0x4A, 0x40, 0xA5,
    0x6A, 0x70, 0x2E, 0xB3, 0xEE, 0x10, 0xD6, 0x8E, 0x45, 0x2C, 0x3A, 0x2A, 0x97, 0x0D, 0x7C, 0x28,
    0xE6, 0xCB, 0x7F, 0x87, 0xCA, 0xE1, 0xE8, 0xF5, 0x54, 0xA7, 0x71, 0xA5, 0x5C, 0x6E, 0x2B, 0x1B,
    0x8D, 0x28, 0x6C, 0xDC, 0xA3, 0xA0, 0x38, 0x6F, 0xB1, 0xC8, 0x7C, 0x72, 0x7D, 0xF1, 0x25, 0x63,
    0x04, 0xB1, 0xA4, 0x76, 0x19, 0xAD, 0x13, 0xE9, 0xEF, 0x52, 0x05, 0x72, 0x5C, 0x56, 0xC6, 0x23,
    0xEE, 0x91, 0xE9, 0xA3, 0x75, 0x3F, 0x37, 0x40, 0x5B, 0xC2, 0xE6, 0x71, 0xB1, 0x70, 0x25, 0x8B,
    0x34, 0x0C, 0x2B, 0xEB, 0x22, 0x2C, 0xA3, 0x24, 0x98, 0x27, 0xCD, 0x93, 0xFD, 0x06, 0x7B, 0x9C,
    0xDC, 0xC3, 0x0E, 0xF7, 0xEE, 0x61, 0xC2, 0xBD, 0x2F, 0x60, 0xC4, 0xBB, 0x47, 0x0D, 0x61, 0x2D,
    0x76, 0xFF, 0x7D, 0xC5, 0xAB, 0x5F, 0xA9, 0x78, 0xD5, 0x02, 0x99, 0x5E, 0xBD, 0x09, 0x55, 0x70,
    0x49, 0x18, 0xB5, 0x91, 0x1D, 0xD2, 0x9E, 0xBF, 0xAA, 0x03, 0x8B, 0xDA, 0x46, 0xE4, 0xCE, 0x48,
    0x8F, 0xE8, 0x80, 0xAD, 0xCA, 0xE7, 0x28, 0x92, 0x03, 0x8B, 0x48, 0xD4, 0x2B, 0x52, 0x3C, 0x54,
    0xDD, 0xAE, 0xB6, 0x6B, 0x49, 0xC7, 0xB0, 0x4A, 0x5B, 0x62, 0xE6, 0x88, 0xB9, 0x12, 0xDE, 0x28,
    0x74, 0x99, 0x0E, 0xCF, 0x1F, 0x0E, 0xEA, 0xE2, 0x4A, 0xF5, 0x79, 0x35, 0xBE, 0x0A, 0x7A, 0x1A,
    0xC6, 0x45, 0xAA, 0x2C, 0x0C, 0xD9, 0x73, 0xC9, 0xD3, 0x33, 0x5B, 0x88, 0x23, 0x31, 0x1E, 0xF8,
    0x49, 0x3C, 0x31, 0x6B, 0x69, 0x8E, 0x5C, 0x22, 0x95, 0x96, 0x68, 0x40, 0xDC, 0xD2, 0xE3, 0xD1,
    0x40, 0x94, 0x69, 0xCE, 0xD3, 0x8E, 0x28, 0x6B, 0x98, 0xC2, 0x12, 0x0D, 0x88, 0x67, 0xC4, 0x72,
    0x24, 0x16, 0x5E, 0xD8, 0x11, 0xB5, 0x50, 0x43, 0xF9, 0xF8, 0x75, 0xC6, 0x09, 0x3B, 0xCD, 0xC0,
    0x6A, 0x9A, 0x4E, 0x74, 0x69, 0x3C, 0x49, 0x8C, 0xE5, 0x46, 0x22, 0xA5, 0xE3, 0xBA, 0xCD, 0xCD,
    0xC7, 0x55, 0xAA, 0x82, 0x82, 0xF1, 0xC6, 0x30, 0x7A, 0x78, 0x73, 0xB6, 0x83, 0x01, 0x6F, 0xC6,
    0x1D, 0x6B, 0x2C, 0xCB, 0xE8, 0x19, 0x46, 0xDE, 0x24, 0xFE, 0x1C, 0x3D, 0x6F, 0xD2, 0xF6, 0x3C,
    0xF6, 0xBC, 0xC9, 0xDD, 0x26, 0x69, 0x79, 0x53, 0x58, 0x93, 0x39, 0xDE, 0x18, 0x98, 0x9C, 0x92,
    0x6F, 0xCF, 0x60, 0x0A, 0xF0, 0x66, 0x84, 0xD9, 0xA8, 0x8A, 0x78, 0x94, 0xD4, 0x18, 0x55, 0x87,
    0x72, 0xD0, 0x8D, 0x93, 0x3A, 0xB4, 0xF5, 0xAA, 0x91, 0x51, 0xE3, 0x3B, 0x1E, 0x79, 0x18, 0xF2,
    0xE0, 0x51, 0x04, 0x9F, 0x87, 0x0E, 0x51, 0xB0, 0xD0, 0xFB, 0xF1, 0xBA, 0x7B, 0xB2, 0x0A, 0xA4,
    0xD2, 0x29, 0x76, 0x16, 0x61, 0xA0, 0xD8, 0x92, 0xA1, 0x92, 0x5F, 0x8A, 0x74, 0x1C, 0x44, 0x0F,
    0x01, 0x47, 0x53, 0xC2, 0x04, 0xD0, 0x81, 0x95, 0x6C, 0xA7, 0x40, 0xC4, 0x4E, 0x91, 0x19, 0xF7,
    0x8A, 0xD7, 0xB4, 0x53, 0x00, 0x17, 0xDA, 0xC8, 0x2B, 0x1C, 0xA0, 0x4D, 0xA9, 0xA9, 0x59, 0xF6,
    0xD3, 0x30, 0xB1, 0xF4, 0xE6, 0x61, 0xE4, 0x0E, 0xCC, 0x84, 0x36, 0x84, 0xDA, 0x84, 0xBA, 0xE8,
    0x59, 0x85, 0x32, 0xBD, 0xFC, 0x27, 0x3D, 0xED, 0x1A, 0x0F, 0xAB, 0x2D, 0x77, 0x00, 0x26, 0xB9,
    0x7A, 0x2F, 0x57, 0xCB, 0x5A, 0x30, 0xEF, 0x58, 0x32, 0xA1, 0x46, 0xF4, 0x88, 0x8A, 0x9F, 0xB0,
    0x13, 0xB6, 0xD7, 0x37, 0xFD, 0xC5, 0xF1, 0x26, 0x98, 0x98, 0xA9, 0x0B, 0x14, 0x42, 0x98, 0x20,
    0xB1, 0x42, 0xC0, 0xFE, 0xC9, 0x93, 0x19, 0x03, 0x0B, 0x6E, 0x4F, 0x8A, 0xAA, 0xB2, 0x8F, 0xA9,
    0x82, 0x74, 0xA0, 0x6C, 0xD7, 0x0F, 0x22, 0xA3, 0xAB, 0x83, 0xA2, 0xF6, 0x40, 0x3C, 0x00, 0x7F,
    0x1D, 0x8F, 0x80, 0x4F, 0x3D, 0x62, 0xEE, 0xA1, 0x12, 0x6F, 0x3E, 0x78, 0xF2, 0xB4, 0x25, 0x0B,
    0x67, 0x16, 0xE0, 0xA2, 0xB5, 0xB2, 0x44, 0xC1, 0xBD, 0x72, 0x4A, 0xCE, 0xA8, 0x48, 0x75, 0xBA,
    0x7E, 0x75, 0x52, 0x5D, 0xD8, 0x57, 0xCF, 0xF7, 0x19, 0x5C, 0xDB, 0xF5, 0xA2, 0x65, 0x7A, 0x30,
    0x43, 0x11, 0x1F, 0x93, 0x68, 0x57, 0x12, 0xEE, 0x55, 0x12, 0xE5, 0xA0, 0x52, 0xA6, 0xF1, 0x0D,
    0x91, 0x12, 0x49, 0xFD, 0x96, 0x5B, 0xAD, 0x27, 0x7B, 0xD1, 0x21, 0xBD, 0xA8, 0x27, 0x8F, 0x95,
    0xD7, 0xC9, 0xBA, 0xB8, 0x58, 0x17, 0x67, 0xD7, 0x16, 0xE3, 0xB0, 0xF8, 0xD1, 0xBA, 0xB8, 0x5C,
    0xB3, 0x5E, 0x7A, 0x1E, 0x2B, 0x65, 0x6F, 0x56, 0xEA, 0xD1, 0x47, 0x28, 0xD5, 0x7D, 0x84, 0x52,
    0x22, 0x21, 0x96, 0x2B, 0x89, 0x63, 0x3D, 0xD7, 0xBD, 0x7C, 0xAF, 0x46, 0xA6, 0x4C, 0xDA, 0x6C,
    0x80, 0x33, 0x03, 0x6C, 0x0B, 0x8B, 0x21, 0xAF, 0x63, 0x9F, 0xB9, 0x64, 0x3D, 0x2E, 0xC9, 0x5D,
    0xD4, 0xE7, 0x35, 0xC6, 0x12, 0xD8, 0xDE, 0x05, 0x4E, 0x4E, 0x97, 0x81, 0x40, 0x97, 0x11, 0x2C,
    0xE9, 0x4F, 0x68, 0x50, 0xBA, 0xAC, 0x8B, 0x3C, 0xDE, 0x5C, 0xE9, 0xCF, 0x19, 0xA3, 0xFB, 0x02,
    0x08, 0x0F, 0x02, 0x43, 0x77, 0x26, 0xCB, 0x75, 0xF3, 0x56, 0xD4, 0xAC, 0xA4, 0x2A, 0xA4, 0x50,
    0xED, 0x4C, 0x09, 0x7A, 0xDD, 0x2D, 0x59, 0x44, 0xFF, 0xA0, 0xAD, 0x9B, 0xF8, 0x97, 0x3F, 0x68,
    0xAB, 0x8B, 0xEF, 0x5D, 0x38, 0x13, 0x92, 0x80, 0x62, 0x48, 0x06, 0x44, 0x16, 0x3C, 0xD1, 0x54,
    0x37, 0x6E, 0x99, 0x78, 0xAF, 0xD6, 0x7C, 0xAA, 0x2F, 0xFD, 0xA5, 0x3C, 0x0C, 0x61, 0x93, 0x4E,
    0xC0, 0x59, 0x11, 0x80, 0xED, 0xBE, 0xA9, 0x31, 0x71, 0xE7, 0xF4, 0xD2, 0xE9, 0x44, 0xB1, 0x70,
    0xD1, 0xBC, 0x40, 0x4C, 0x71, 0x92, 0x1E, 0x25, 0x9B, 0x80, 0x61, 0xB6, 0x19, 0x26, 0xCB, 0x0E,
    0xB9, 0x63, 0x9D, 0xAD, 0x13, 0x8F, 0xF2, 0xFD, 0xA2, 0x85, 0xA1, 0xAA, 0x9B, 0x66, 0xC0, 0xD5,
    0xD9, 0xB5, 0xF6, 0xBF, 0x26, 0x38, 0xCC, 0x0F, 0x97, 0x65, 0xD1, 0xEA, 0xCA, 0x2B, 0x17, 0x9E,
    0xAF, 0xD7, 0x5E, 0x97, 0x0A, 0x0D, 0x2A, 0x14, 0x30, 0x3F, 0x9D, 0x54, 0x63, 0xD5, 0x3A, 0xB5,
    0xDD, 0x92, 0x52, 0x51, 0xA0, 0x4F, 0x09, 0xC8, 0x6E, 0xD2, 0x8C, 0x50, 0x5A, 0xA4, 0xB3, 0x51,
    0x9F, 0x06, 0x9A, 0x07, 0x33, 0x5B, 0xEB, 0x84, 0xE4, 0xD2, 0xB2, 0xF9, 0xAB, 0x96, 0xDD, 0xFC,
    0x8F, 0x2C, 0x7B, 0xAC, 0xD2, 0x98, 0xB5, 0xF4, 0x7E, 0xE6, 0xB2, 0x36, 0xAF, 0x0B, 0x57, 0xA2,
    0x81, 0x49, 0x47, 0x54, 0x4D, 0xA7, 0x43, 0x4F, 0x6D, 0xF8, 0xC1, 0x4B, 0x2A, 0x59, 0xF3, 0xD3,
    0x19, 0x65, 0x18, 0x74, 0x7C, 0xBB, 0xAA, 0x84, 0x48, 0x58, 0xF5, 0x2A, 0x9C, 0xA3, 0xB4, 0xDA,
    0x4A, 0x99, 0x37, 0x0F, 0x2E, 0x82, 0x11, 0x9E, 0x0B, 0x77, 0x84, 0x37, 0x82, 0x2A, 0xB2, 0xF0,
    0xAB, 0xCF, 0x7F, 0x0B, 0x6B, 0xB6, 0x29, 0xE4, 0x81, 0xE4, 0x08, 0xD3, 0xE3, 0xB2, 0xE6, 0x8E,
    0xB0, 0x26, 0x16, 0xC2, 0xD2, 0x8A, 0xC9, 0xCD, 0xAC, 0x30, 0x5E, 0xA1, 0x98, 0x9C, 0x88, 0x70,
    0x75, 0xA1, 0x62, 0x1A, 0x24, 0xCD, 0x9F, 0xE3, 0x68, 0xE8, 0x60, 0x18, 0x2A, 0x55, 0x49, 0x9F,
    0xFF, 0x13, 0x99, 0xCB, 0xE3, 0x75, 0xAA, 0xF3, 0x33, 0xDE, 0x97, 0xC8, 0x89, 0x96, 0x8C, 0x0B,
    0x47, 0x36, 0x79, 0x90, 0xFE, 0xA1, 0xBE, 0x54, 0x25, 0x73, 0x47, 0x95, 0x78, 0x22, 0xEA, 0x68,
    0x29, 0x9D, 0xAB, 0x11, 0x28, 0xDB, 0x38, 0x00, 0x95, 0xBA, 0xD8, 0x4E, 0x6A, 0xEC, 0xA5, 0x46,
    0x65, 0xB5, 0x93, 0x98, 0x9F, 0x8E, 0xAC, 0xD3, 0x8A, 0x91, 0xDF, 0xFD, 0x0B, 0x1D, 0xE7, 0x1E,
    0xB6, 0x60, 0x79, 0xB8, 0xE1, 0x1F, 0x31, 0xA4, 0xE8, 0x78, 0x09, 0xDC, 0xC5, 0x47, 0xBD, 0x99,
    0x11, 0xFB, 0x39, 0x2C, 0x4D, 0xAD, 0x33, 0x48, 0x7E, 0x56, 0x6F, 0x90, 0x5E, 0xE0, 0x0C, 0xD9,
    0xC8, 0x20, 0xEA, 0x19, 0x44, 0x1E, 0x03, 0x98, 0xF5, 0x4C, 0x0F, 0x7F, 0xC8, 0x8C, 0xA4, 0xAB,
    0x0D, 0xD2, 0x1F, 0xB4, 0xE7, 0xC8, 0x82, 0xDB, 0x2D, 0x80, 0x51, 0xFB, 0x64, 0x80, 0xB1, 0x2B,
    0xF3, 0x97, 0x2D, 0xCC, 0x82, 0xF6, 0x95, 0xBD, 0xEE, 0x08, 0x33, 0xE1, 0xCE, 0xB8, 0xBE, 0xAC,
    0xC5, 0x3D, 0xFD, 0x97, 0xA8, 0xAD, 0x65, 0x2D, 0x1F, 0x2A, 0x1C, 0xCA, 0x3F, 0x82, 0xF9, 0x0A,
    0xCC, 0x0C, 0xA3, 0x93, 0x95, 0x5B, 0xE0, 0x10, 0x56, 0x84, 0x70, 0x09, 0x13, 0x6E, 0x1E, 0x0F,
    0x3D, 0x57, 0x10, 0xDE, 0xBE, 0xDA, 0x1B, 0x76, 0x84, 0x56, 0x16, 0xBF, 0x61, 0x6F, 0xF8, 0x91,
    0xD6, 0x5A, 0xCF, 0x1E, 0x8E, 0x28, 0xBD, 0xC9, 0x47, 0x7F, 0xFF, 0xA1, 0x05, 0x14, 0x9B, 0xAA,
    0x03, 0x9F, 0xB2, 0xAB, 0x07, 0xD2, 0xE0, 0x18, 0xF9, 0x22, 0x2D, 0xCA, 0xE6, 0xA8, 0x02, 0x6C,
    0x79, 0x15, 0x03, 0x86, 0x66, 0xC2, 0xCB, 0x6E, 0x17, 0x05, 0x7B, 0x16, 0x4F, 0xD8, 0x26, 0x43,
    0x34, 0x24, 0x3E, 0xF5, 0x69, 0x5B, 0xD5, 0xEC, 0xBC, 0x79, 0x68, 0x91, 0xBF, 0xE7, 0x90, 0xFF,
    0x71, 0x87, 0xE2, 0xD7, 0x07, 0x94, 0xD1, 0x0C, 0x83, 0xA6, 0x35, 0x28, 0xC3, 0x19, 0xD2, 0x09,
    0xCC, 0xAB, 0x3B, 0xF4, 0x35, 0x3D, 0x5D, 0x02, 0x46, 0x9F, 0x73, 0x89, 0x7D, 0xDD, 0xBA, 0x6C,
    0x0D, 0x69, 0x4B, 0xC5, 0x73, 0x7D, 0x8A, 0x9A, 0x62, 0x99, 0xD7, 0x60, 0xDE, 0x62, 0xFA, 0x56,
    0x3D, 0xFD, 0x74, 0xEB, 0xCA, 0x47, 0x43, 0x3C, 0xA1, 0x72, 0xD5, 0x50, 0x84, 0x38, 0xB4, 0x77,
    0x86, 0xAA, 0xC9, 0x2F, 0xBA, 0xE8, 0xC3, 0xDE, 0x6C, 0xD2, 0x2E, 0xFA, 0x55, 0xBB, 0x79, 0x96,
    0xB5, 0xF1, 0x4B, 0x6B, 0xD8, 0x13, 0x66, 0x54, 0x2E, 0x77, 0xC9, 0x88, 0xC6, 0x2E, 0x81, 0xDF,
    0x23, 0x30, 0xF2, 0x3D, 0x26, 0x86, 0x7E, 0xCB, 0x9D, 0x1F, 0x5F, 0x04, 0x7B, 0x6C, 0x58, 0x54,
    0x3D, 0xCE, 0x5E, 0x57, 0xF0, 0x6C, 0xEF, 0x95, 0x34, 0xE2, 0x3C, 0xA8, 0xB4, 0x86, 0x6E, 0x43,
    0x99, 0x1A, 0x7B, 0xF4, 0x0E, 0x4C, 0x11, 0x66, 0x50, 0x00, 0x4B, 0xF6, 0xF5, 0xC2, 0xBC, 0xB4,
    0x0B, 0xEB, 0xD2, 0x92, 0x31, 0x16, 0xB6, 0x0B, 0x8C, 0xEC, 0x14, 0x3D, 0x76, 0xC8, 0xBC, 0xCE,
    0x94, 0x09, 0x2E, 0x1A, 0x16, 0x56, 0x71, 0xFF, 0x99, 0x85, 0xD1, 0x2F, 0x7C, 0x89, 0xE4, 0x25,
    0x83, 0x3A, 0xD4, 0x1B, 0xC4, 0x34, 0xD9, 0x55, 0x59, 0xAB, 0x75, 0x78, 0x32, 0xFF, 0xC6, 0xC8,
    0x43, 0xEA, 0xAC, 0xC3, 0x54, 0x38, 0xEC, 0x4B, 0x8B, 0xBD, 0x01, 0x76, 0x15, 0x30, 0x9D, 0x03,
    0xE3, 0x1E, 0xD1, 0xB0, 0x47, 0xD2, 0xEF, 0x75, 0xC0, 0x53, 0x38, 0xE3, 0x1A, 0x14, 0x61, 0x44,
    0xCA, 0x0C, 0xFD, 0xF8, 0x65, 0xB4, 0xB5, 0x85, 0x8F, 0x42, 0x17, 0x46, 0xBC, 0xFD, 0x0F, 0x2F,
    0x47, 0xA4, 0x3F, 0xAA, 0x27, 0xA4, 0x3F, 0xC7, 0xF2, 0xD0, 0xB8, 0x40, 0xEE, 0xD9, 0x3C, 0x16,
    0x06, 0x8C, 0xEC, 0x11, 0x65, 0x4D, 0x40, 0x7C, 0xA8, 0xC8, 0xB4, 0xC0, 0x19, 0x7F, 0x6A, 0x1E,
    0x37, 0x80, 0xDE, 0x2A, 0x5F, 0x70, 0x2F, 0xD0, 0x7F, 0xFC, 0x28, 0xE4, 0x56, 0xE8, 0xF4, 0xF2,
    0x6B, 0x81, 0x86, 0xFC, 0x4F, 0x4F, 0x2D, 0x70, 0xD4, 0x5D, 0x0D, 0xBB, 0xEB, 0xFC, 0x20, 0xF0,
    0xE5, 0x71, 0xA6, 0x7D, 0x0F, 0xDD, 0xD5, 0x62, 0x80, 0xB9, 0xB9, 0xBB, 0xF2, 0xE5, 0xA4, 0x6A,
    0xD1, 0x44, 0xBF, 0x72, 0xA8, 0xFE, 0xEC, 0xFB, 0x0E, 0x26, 0xE4, 0x35, 0x8A, 0x61, 0x81, 0xC8,
    0x5E, 0xF5, 0x4E, 0x81, 0x39, 0x40, 0x1C, 0x1E, 0xAF, 0x2F, 0xE9, 0x77, 0x4E, 0xEF, 0xAF, 0xDE,
    0xCA, 0xDB, 0x6A, 0x34, 0xDD, 0x9D, 0x21, 0xB4, 0xF8, 0xF0, 0xC3, 0x9A, 0xE4, 0xA2, 0x97, 0x16,
    0xF1, 0x0C, 0xBA, 0x09, 0xC9, 0x70, 0x74, 0x5A, 0xE8, 0x78, 0x5D, 0xCF, 0x8D, 0x75, 0x64, 0x41,
    0xAF, 0xD4, 0xD1, 0xF3, 0x77, 0xD4, 0x41, 0xB5, 0xE3, 0xEB, 0x21, 0x3A, 0xD0, 0x49, 0x0E, 0x89,
    0x8C, 0xEB, 0x56, 0x73, 0x8F, 0xCF, 0xE3, 0x1C, 0x5B, 0x3C, 0x42, 0xF3, 0xA7, 0x03, 0xAA, 0xD0,
    0xE9, 0xA8, 0x4D, 0x11, 0x14, 0x01, 0x05, 0xC0, 0x3D, 0x0C, 0x13, 0xEE, 0x53, 0x21, 0x34, 0x61,
    0x5E, 0xFA, 0xC7, 0x55, 0xB5, 0xB9, 0x21, 0x1F, 0xBE, 0x50, 0x7E, 0x71, 0x28, 0x2F, 0x7C, 0x19,
    0x1C, 0xCB, 0xB0, 0xBD, 0x2C, 0x57, 0x99, 0xAB, 0x46, 0x14, 0xEE, 0xCE, 0x02, 0xF2, 0x9D, 0x8D,
    0x68, 0xCE, 0xF8, 0x60, 0x4E, 0xC2, 0x8E, 0x04, 0xF9, 0xD6, 0xA3, 0x57, 0xB1, 0x44, 0x07, 0x1F,
    0x3D, 0x8A, 0xFA, 0x6E, 0xFF, 0x99, 0xA2, 0xDE, 0x7A, 0x5F, 0xFC, 0xF0, 0x17, 0x2F, 0xBB, 0x3C,
    0xB8, 0xE0, 0xB2, 0x19, 0x33, 0x60, 0x2F, 0xC3, 0xDC, 0x63, 0x66, 0xFA, 0x35, 0xF8, 0x04, 0x89,
    0x2A, 0x61, 0x20, 0xD8, 0x61, 0x43, 0xD8, 0x32, 0xA5, 0x07, 0x60, 0x13, 0x79, 0xC0, 0x30, 0x02,
    0x8C, 0x1A, 0x8B, 0xF6, 0x75, 0x9B, 0xC3, 0x9B, 0x5B, 0xE1, 0x09, 0x0E, 0xC0, 0x5B, 0x38, 0x1E,
    0xB7, 0x16, 0x06, 0xD1, 0x88, 0x8A, 0x2C, 0x26, 0x98, 0x7A, 0x61, 0x32, 0xC3, 0x50, 0x8B, 0x06,
    0x25, 0xA7, 0x8A, 0x2E, 0xD8, 0xF1, 0x2F, 0xF2, 0x09, 0x56, 0x45, 0x24, 0xD8, 0x13, 0xC0, 0xC4,
    0xA1, 0xE6, 0x26, 0x31, 0xF9, 0x71, 0xDD, 0x2F, 0x53, 0xF6, 0xFD, 0xBF, 0xF5, 0x40, 0x91, 0x67,
    0x3C, 0xDB, 0x2A, 0xEE, 0xA6, 0xEF, 0xB1, 0xBA, 0x6D, 0xD3, 0x0B, 0x31, 0x4F, 0x47, 0xB1, 0xA7,
    0x87, 0x91, 0x23, 0x71, 0x78, 0x75, 0x54, 0x36, 0x9A, 0x92, 0x45, 0xF5, 0x29, 0xB9, 0xE8, 0xCA,
    0x7F, 0x47, 0xEA, 0xCF, 0xE8, 0xD5, 0x01, 0x88, 0x5E, 0xF8, 0xD5, 0xAF, 0xCA, 0xFE, 0xB5, 0xBA,
    0xDB, 0xB5, 0x3F, 0xA6, 0xEF, 0x31, 0x52, 0xBE, 0xDC, 0x72, 0xD7, 0xE6, 0xF1, 0x6B, 0x63, 0xF2,
    0xA2, 0x37, 0x3E, 0x0E, 0xDE, 0x38, 0xCC, 0xF6, 0xD6, 0x51, 0xB1, 0xE7, 0xC6, 0x8C, 0xB9, 0x8C,
    0x07, 0x1E, 0xCC, 0x56, 0x9C, 0xEB, 0x55, 0xF3, 0xF2, 0xC0, 0x61, 0xCB, 0x30, 0xE0, 0x1B, 0x34,
    0x6D, 0xB8, 0x49, 0x3A, 0x12, 0x64, 0x2C, 0xE5, 0xF5, 0x02, 0x05, 0x80, 0xBB, 0x27, 0x84, 0x67,
    0x60, 0x7C, 0x11, 0x1C, 0xE1, 0xF2, 0x30, 0x7A, 0x58, 0x4B, 0xFE, 0xBB, 0x15, 0x33, 0x6F, 0x02,
    0xA0, 0x7E, 0xFB, 0xFF, 0xA0, 0xC1, 0xE0, 0xB4, 0x8F, 0xB2, 0xD0, 0x8F, 0x79, 0x08, 0x43, 0x8E,
    0xAA, 0xFB, 0x18, 0x72, 0x77, 0x6B, 0x7D, 0x0B, 0x57, 0x04, 0xE7, 0x64, 0x06, 0x60, 0xA7, 0x8C,
    0x66, 0xC2, 0xDF, 0x2F, 0x5B, 0xF8, 0x2A, 0xBC, 0xF4, 0x53, 0x08, 0xFE, 0xD9, 0xA7, 0x83, 0xBB,
    0xAA, 0x26, 0x95, 0xD3, 0x8B, 0x28, 0xA5, 0x3C, 0xEC, 0x1F, 0x29, 0x62, 0x79, 0xC3, 0xB5, 0xBE,
    0x12, 0x44, 0x3A, 0x9C, 0xD2, 0x16, 0x42, 0xEC, 0xA2, 0xF5, 0x8A, 0x8F, 0xFF, 0x53, 0xD1, 0x31,
    0xA9, 0xEB, 0xFF, 0xDD, 0xE9, 0xDF, 0x00, 0x9D, 0x34, 0x2B, 0x97, 0xC9, 0x96, 0x4B, 0x73, 0xCB,
    0x4F, 0xA1, 0xE5, 0x1B, 0xE8, 0xBF, 0x74, 0xE9, 0xB3, 0x95, 0x41, 0x7A, 0x72, 0x38, 0xFE, 0x2F,
    0x88, 0xA9, 0x3B, 0x3C, 0x57, 0x5F, 0x7F, 0x4E, 0x8F, 0xAE, 0xA4, 0x29, 0xEA, 0x2C, 0xBE, 0x37,
    0xBF, 0x96, 0x8C, 0x20, 0xED, 0xE3, 0xB7, 0x3D, 0xCD, 0x31, 0xBF, 0x9F, 0x54, 0x47, 0xA4, 0x8A,
    0xA2, 0x1F, 0x37, 0xFF, 0x8F, 0xAE, 0x03, 0xB9, 0xAD, 0x2C, 0xA3, 0xAD, 0x00, 0xA3, 0x49, 0x7B,
    0xC7, 0x67, 0x78, 0x3D, 0x0F, 0xF5, 0xDD, 0x32, 0xF4, 0xFB, 0x4D, 0x1A, 0xC6, 0x7B, 0xA8, 0x3C,
    0xF7, 0xDA, 0xFF, 0x09, 0xD5, 0xDA, 0x01, 0xA4, 0x2E, 0xE9, 0x9D, 0xE7, 0xF1, 0x4F, 0x55, 0xDD,
    0x7B, 0x6B, 0x32, 0x65, 0xA6, 0x2E, 0x6E, 0xB3, 0x9B, 0x96, 0xAE, 0x60, 0x90, 0xCD, 0xE6, 0xDE,
    0x82, 0xC5, 0x2C, 0xE7, 0x9E, 0xAA, 0x64, 0x10, 0x2C, 0x72, 0xD9, 0xED, 0x19, 0xBB, 0x41, 0x16,
    0x0B, 0xBB, 0xCB, 0x34, 0x0C, 0xC2, 0xDE, 0x73, 0xDE, 0x4A, 0x82, 0x05, 0xA4, 0x61, 0x66, 0x01,
    0x13, 0xD8, 0x15, 0x77, 0xD0, 0x41, 0xD0, 0xC3, 0x39, 0xE7, 0xAD, 0x99, 0x60, 0x10, 0xA4, 0x36,
    0x6B, 0x05, 0x8B, 0xAD, 0xD8, 0x36, 0xB1, 0x09, 0xEE, 0x93, 0x9D, 0x8A, 0xA9, 0xBE, 0x5D, 0xEF,
    0xFB, 0xEC, 0xAD, 0xB7, 0xF4, 0xB6, 0xEE, 0x16, 0xAC, 0x99, 0x5C, 0xB9, 0x75, 0xEA, 0xF9, 0xFE,
    0xEB, 0xBC, 0xE7, 0xAD, 0xFA, 0xFD, 0xFE, 0x4F, 0x3D, 0xEF, 0xF3, 0xAF, 0xAA, 0xF7, 0x48, 0xA8,
    0x7A, 0x4D, 0xAF, 0xE9, 0x7C, 0x0A, 0xE0, 0x13, 0xD6, 0xED, 0xFB, 0x3C, 0xE4, 0x8C, 0xC7, 0x5C,
    0x31, 0x33, 0x4B, 0x26, 0x69, 0x90, 0x9D, 0xD6, 0x62, 0x54, 0x0E, 0xCA, 0x5E, 0xDD, 0x6B, 0xF8,
    0x1D, 0x00, 0xD9, 0xB0, 0xA2, 0x47, 0xBE, 0xA2, 0xE8, 0x50, 0xB6, 0x2B, 0x60, 0x3F, 0x51, 0xC4,
    0xC8, 0x2E, 0x46, 0xC9, 0xE1, 0xEC, 0x35, 0x59, 0x38, 0xA3, 0xEC, 0xBF, 0x4A, 0xD5, 0x7D, 0x97,
    0xDA, 0x77, 0x68, 0x84, 0x15, 0x23, 0x4D, 0xB2, 0x22, 0x1D, 0x68, 0xB2, 0x9E, 0xE6, 0x1B, 0xFD,
    0x99, 0xEA, 0x27, 0x5F, 0x9B, 0x95, 0x31, 0x8E, 0xB2, 0x18, 0x5B, 0x76, 0xEF, 0xE0, 0x35, 0x78,
    0x00, 0x0F, 0xE1, 0x0C, 0x1E, 0xC3, 0xDB, 0x30, 0x01, 0xE0, 0xD5, 0x19, 0x62, 0x44, 0xF6, 0x6C,
    0xDF, 0xAD, 0xE2, 0x55, 0x4F, 0xD5, 0x96, 0x3D, 0x8D, 0xB2, 0xE5, 0xC2, 0x2D, 0x2C, 0xB0, 0x31,
    0x99, 0x21, 0x9B, 0x20, 0xC6, 0xD8, 0x49, 0xE2, 0x49, 0xBA, 0x18, 0xA1, 0x1C, 0x4E, 0xEC, 0xA1,
    0xEA, 0xA0, 0x6E, 0xA1, 0x01, 0x17, 0xDC, 0xD5, 0x1C, 0x9F, 0xBC, 0x35, 0x69, 0x62, 0x8C, 0x41,
    0xF3, 0x17, 0x6F, 0xC5, 0xC1, 0x3F, 0x02, 0x5A, 0x6E, 0xC9, 0x86, 0xDB, 0x6D, 0x2D, 0x0D, 0xFB,
    0x79, 0x61, 0xBF, 0x66, 0xA6, 0xEE, 0x9A, 0x96, 0x73, 0x65, 0xC7, 0xD5, 0x89, 0xF3, 0x89, 0x93,
    0xAA, 0x5D, 0x59, 0x63, 0x76, 0x4D, 0x72, 0xBC, 0xB3, 0x50, 0xC6, 0x18, 0xB9, 0x2C, 0x8E, 0x45,
    0xEF, 0x9F, 0x90, 0x75, 0x80, 0x57, 0x5E, 0x7F, 0xF4, 0xCA, 0xEB, 0xED, 0x2E, 0x0E, 0x4D, 0xEC,
    0xEB, 0xA3, 0x57, 0x8F, 0xB2, 0x70, 0x5A, 0x67, 0xC5, 0x20, 0x59, 0x54, 0x1D, 0x8B, 0x06, 0x37,
    0x16, 0x34, 0xE9, 0xB4, 0xF2, 0x8B, 0x23, 0x65, 0xFC, 0x66, 0xEC, 0x95, 0xF1, 0xE9, 0x29, 0xD3,
    0x03, 0xE4, 0xB3, 0x93, 0xD6, 0xF1, 0xC4, 0x05, 0xC5, 0x68, 0xE5, 0x07, 0x3D, 0x60, 0x63, 0xBD,
    0xF2, 0x4E, 0x3C, 0xA2, 0x3C, 0x11, 0x8A, 0x5E, 0xD9, 0x29, 0x5B, 0x25, 0x15, 0x35, 0xE7, 0x3C,
    0xE4, 0x31, 0xDB, 0x30, 0x7B, 0xE4, 0x23, 0x4B, 0xDA, 0xC9, 0xFB, 0x6D, 0xBF, 0x6D, 0xD7, 0x0F,
    0xED, 0xB7, 0xED, 0xCA, 0xBF, 0x24, 0x8F, 0xA3, 0xE6, 0xAD, 0xC9, 0x94, 0xCE, 0x59, 0x30, 0x15,
    0x41, 0x28, 0xDF, 0xE6, 0xB5, 0x87, 0xDC, 0xAF, 0x3A, 0xF7, 0xF3, 0xD1, 0xFD, 0x35, 0x5D, 0x8D,
    0xB2, 0x2F, 0xFB, 0x3C, 0x64, 0x63, 0x72, 0x48, 0x82, 0x5D, 0x1B, 0x94, 0x43, 0x90, 0x86, 0xC0,
    0x12, 0x38, 0x1F, 0xCF, 0xD4, 0xFD, 0xA2, 0xE9, 0x0E, 0x76, 0xF6, 0x7F, 0xB2, 0x68, 0xE2, 0xE8,
    0xCE, 0x9F, 0x73, 0xDB, 0xBD, 0xBA, 0x3F, 0x34, 0x7F, 0x79, 0x68, 0x3E, 0xBF, 0xDC, 0xF2, 0x81,
    0xD5, 0x5D, 0x7C, 0x13, 0xC5, 0xF1, 0xCF, 0x0E, 0x68, 0x3A, 0x75, 0xC7, 0x42, 0x36, 0xAE, 0x2B,
    0xB3, 0xBC, 0xCF, 0x63, 0x7B, 0xA6, 0x6C, 0x9B, 0xD8, 0x3D, 0x50, 0x99, 0xB3, 0xAE, 0x74, 0x3F,
    0x09, 0x59, 0x57, 0xB4, 0x67, 0xE9, 0x98, 0xC8, 0xBB, 0xB3, 0x6C, 0xE0, 0xFD, 0xD0, 0xFF, 0xBF,
    0xDF, 0xC6, 0x35, 0xDC, 0x4F, 0x03, 0x45, 0xFB, 0x5A, 0x72, 0xD0, 0x96, 0x4A, 0xFB, 0xD8, 0x57,
    0x8A, 0xAE, 0x8A, 0xED, 0x43, 0xD9, 0x80, 0x2B, 0x26, 0xD2, 0xC0, 0x25, 0x55, 0x4F, 0xF9, 0xEE,
    0xEF, 0x1F, 0x91, 0xC4, 0x38, 0xC2, 0xED, 0xFF, 0x0C, 0xD0, 0xFC, 0x4F, 0x49, 0x3C, 0xC8, 0x86,
    0xC7, 0x8A, 0xEE, 0x6D, 0xA5, 0x49, 0x25, 0x78, 0x90, 0x3E, 0x6F, 0xF9, 0x8F, 0xD5, 0x7F, 0xF8,
    0x13, 0xD5, 0x7C, 0x54, 0x0C, 0x33, 0xE0, 0x96, 0x26, 0x2E, 0xF6, 0x71, 0x22, 0x71, 0x4F, 0xD5,
    0x5E, 0xB9, 0xC9, 0x42, 0x36, 0x57, 0x7D, 0x39, 0xEE, 0x34, 0x5F, 0x5F, 0xEC, 0xB3, 0xC9, 0x3E,
    0x9B, 0x3D, 0xEF, 0x14, 0x65, 0x7F, 0x29, 0x1B, 0xAB, 0xD6, 0x94, 0xF7, 0xEE, 0x26, 0xED, 0x3E,
    0xC6, 0xB0, 0xB6, 0x57, 0x5E, 0xFF, 0xFD, 0x40, 0xF2, 0x91, 0xC6, 0x2E, 0x8E, 0xFB, 0x18, 0x9E,
    0x53, 0xF2, 0x3A, 0xEA, 0x38, 0xF2, 0xAE, 0x6B, 0xD9, 0xA0, 0x54, 0xDC, 0xF9, 0x76, 0xD6, 0xBF,
    0x56, 0x3C, 0xFD, 0xFC, 0xF0, 0xB9, 0xEC, 0x3F, 0x76, 0xE1, 0xEC, 0x39, 0xBE, 0x73, 0x96, 0x3D,
    0xF5, 0x9D, 0xDF, 0xCD, 0x16, 0xCF, 0xB7, 0xBE, 0xE9, 0x3B, 0xCF, 0xFF, 0xD0, 0x87, 0x4F, 0x95,
    0x3F, 0xFE, 0xF9, 0x58, 0xDE, 0x7E, 0xF4, 0xCF, 0xFB, 0xAC, 0x57, 0xB4, 0xC9, 0xE4, 0x82, 0xFA,
    0xE4, 0xF8, 0x09, 0xCF, 0x47, 0xFF, 0x7E, 0x35, 0x11, 0x90, 0xDC, 0xB4, 0x65, 0x1C, 0x9B, 0x2F,
    0x4E, 0x8F, 0x2D, 0x57, 0x1E, 0x9F, 0xD6, 0xAB, 0x4B, 0x73, 0xF3, 0xB3, 0x50, 0xC4, 0xDE, 0xBF,
    0x01, 0xCA, 0xEE, 0x63, 0xED, 0x95, 0xAF, 0xFC, 0xF1, 0xA3, 0xF7, 0x73, 0x51, 0x76, 0x3E, 0xDE,
    0x5A, 0xC0, 0x2A, 0xF8, 0xFA, 0x07, 0xEF, 0x85, 0x7A, 0xDA, 0xFA, 0x7C, 0xDA, 0x29, 0xBA, 0x5A,
    0xAE, 0xC1, 0x05, 0x66, 0xF2, 0x40, 0xD5, 0x71, 0x43, 0x36, 0x51, 0xF6, 0xEC, 0x9E, 0x7C, 0x5B,
    0x8C, 0xB3, 0xCF, 0x3E, 0xF9, 0x16, 0xA8, 0x43, 0x12, 0x97, 0x6C, 0xBC, 0xCA, 0xDA, 0xC7, 0x5C,
    0x49, 0x83, 0x37, 0xFA, 0x24, 0x8E, 0xFE, 0x53, 0x90, 0x4C, 0xEB, 0x9A, 0x05, 0xF5, 0xB0, 0x8B,
    0xED, 0xEE, 0x1D, 0xF0, 0x66, 0x1A, 0xF2, 0x50, 0x0E, 0x4D, 0x7B, 0x25, 0x00, 0x50, 0xAD, 0xFD,
    0xA2, 0x96, 0x05, 0x9A, 0x13, 0xCF, 0xE5, 0x23, 0x97, 0x8A, 0x81, 0x0B, 0x45, 0xCF, 0xD5, 0x49,
    0x7F, 0xD9, 0x26, 0x1B, 0xD5, 0x89, 0x75, 0xBB, 0x4A, 0x34, 0xA4, 0x93, 0x1D, 0xD9, 0x2C, 0x92,
    0x2D, 0xE9, 0xD3, 0x44, 0x16, 0xBF, 0xF2, 0x83, 0xA7, 0x6D, 0x1E, 0x63, 0x79, 0x54, 0xFC, 0xE9,
    0x9C, 0x4F, 0xCA, 0xAF, 0xB5, 0x5A, 0x65, 0x87, 0x8D, 0xAA, 0xF6, 0xA3, 0xB3, 0xE1, 0xC6, 0x7F,
    0x0A, 0xB8, 0x13, 0x63, 0xCB, 0x3E, 0x46, 0xF2, 0xF8, 0xB7, 0xEF, 0x50, 0xC5, 0xFF, 0xD6, 0xD3,
    0xC4, 0xEF, 0xF5, 0xEC, 0xE3, 0x5F, 0x75, 0xC4, 0xF8, 0xFD, 0x56, 0x12, 0xE3, 0x37, 0x5B, 0x69,
    0x8C, 0x5F, 0xB2, 0xB2, 0x3C, 0xF1, 0x35, 0xEB, 0xEB, 0xF7, 0x11, 0x8F, 0x0F, 0xD1, 0x1C, 0xCE,
    0x50, 0x3C, 0x5E, 0xE9, 0xEC, 0xAB, 0x27, 0x7E, 0x17, 0xBE, 0x3A, 0xC1, 0x77, 0x03, 0x84, 0x13,
    0x7F, 0x3E, 0x22, 0xF9, 0x5F, 0x03, 0xD2, 0x1F, 0xF5, 0xC8, 0x7E, 0xD0, 0x72, 0xB7, 0x3C, 0xE0,
    0xCF, 0x77, 0x23, 0xF6, 0x33, 0x7C, 0xB2, 0x85, 0x44, 0xD5, 0x37, 0xEB, 0x0F, 0x3C, 0xCA, 0x96,
    0x3B, 0x07, 0x8F, 0x2D, 0x59, 0xA8, 0xFB, 0x7F, 0x08, 0x5E, 0xED, 0xD3, 0xD8, 0x67, 0xB1, 0x55,
    0xB5, 0x6A, 0x9A, 0x0F, 0xA6, 0x35, 0x57, 0x2C, 0xCC, 0x92, 0x59, 0x1D, 0xDB, 0xCF, 0x3E, 0x01,
    0xAA, 0x99, 0xDD, 0x51, 0x32, 0xD5, 0xB2, 0xB1, 0x92, 0xF7, 0x95, 0xA2, 0xAF, 0x15, 0x7D, 0xA3,
    0xE8, 0x2F, 0x14, 0x7F, 0x31, 0xCB, 0x62, 0x90, 0xC4, 0x16, 0x70, 0x4B, 0x1D, 0x17, 0x4D, 0x9C,
    0x24, 0xA7, 0x72, 0x51, 0x49, 0xA6, 0xA2, 0x77, 0x9D, 0x05, 0xCD, 0x17, 0x16, 0x75, 0x7F, 0x54,
    0xF5, 0xC7, 0xD3, 0xE7, 0xF1, 0x50, 0x84, 0x6C, 0xAA, 0xFA, 0xB2, 0xBF, 0x74, 0x9E, 0x4C, 0xEE,
    0x69, 0x01, 0xFF, 0x9A, 0xBC, 0xC3, 0x2C, 0xD9, 0xF7, 0x64, 0x41, 0x1E, 0x3B, 0xF2, 0x81, 0xAA,
    0xA5, 0xEC, 0xA8, 0xD1, 0xD8, 0xE2, 0x15, 0xCE, 0x49, 0x26, 0x3C, 0x24, 0x1B, 0x71, 0x41, 0xD1,
    0xFB, 0x9C, 0x2B, 0x2A, 0x0E, 0x16, 0x1E, 0xCA, 0x16, 0x33, 0xB3, 0x72, 0x31, 0x49, 0x83, 0x87,
    0x6F, 0x57, 0xB1, 0xCD, 0x7B, 0xF3, 0xD4, 0xC4, 0xB6, 0x6C, 0xB3, 0x71, 0xC2, 0xB9, 0xF2, 0x6B,
    0x01, 0x57, 0xCE, 0xD3, 0x40, 0x32, 0x39, 0xFC, 0xC1, 0x2F, 0xC8, 0xC6, 0xB5, 0x90, 0x52, 0xF6,
    0xFE, 0xDD, 0x9F, 0xFD, 0x6F, 0x6A, 0xE4, 0x3D, 0x17, 0x4E, 0x4A, 0x16, 0x9B, 0xB1, 0x00, 0xB8,
    0x0B, 0x40, 0xDA, 0x92, 0x6F, 0xFE, 0x4F, 0xF9, 0x94, 0xFD, 0x96, 0x4F, 0x63, 0xCB, 0xE7, 0x02,
    0x35, 0xE6, 0x2D, 0x66, 0x01, 0xE7, 0x14, 0x3D, 0x1E, 0x52, 0xB5, 0xB8, 0xE0, 0xDC, 0xAB, 0xDF,
    0x72, 0xC5, 0x55, 0x12, 0x17, 0x8B, 0x24, 0xE4, 0xEF, 0x1E, 0xCD, 0xB2, 0xA1, 0xEC, 0x1A, 0x93,
    0xB2, 0x2B, 0x9C, 0x57, 0xB1, 0xAD, 0x71, 0xD1, 0xC4, 0xF6, 0x31, 0x66, 0x4C, 0x64, 0x81, 0x6C,
    0xA4, 0xEA, 0x28, 0x7A, 0x6E, 0x36, 0xE1, 0x74, 0x4B, 0x57, 0xD9, 0x63, 0x61, 0xF7, 0xFA, 0x23,
    0x69, 0x20, 0xC6, 0x79, 0xF5, 0x6A, 0x1F, 0x83, 0xBC, 0xF7, 0xF1, 0xE5, 0xD3, 0x78, 0x75, 0xC0,
    0x15, 0xE2, 0x4C, 0x32, 0x93, 0xFD, 0x62, 0xB1, 0x29, 0x75, 0x8F, 0x37, 0x19, 0x1E, 0x6F, 0xEE,
    0x25, 0x13, 0xE7, 0xB6, 0xBD, 0x2C, 0x48, 0xE2, 0x70, 0x92, 0xE2, 0x67, 0x41, 0x36, 0x28, 0x48,
    0xD6, 0x14, 0x34, 0xED, 0xBA, 0x51, 0x13, 0xC9, 0x82, 0xC7, 0xB2, 0x48, 0x35, 0x98, 0x94, 0x7F,
    0xE8, 0xDF, 0xC7, 0x2E, 0x1B, 0x9D, 0x3F, 0xB4, 0x9B, 0x57, 0x81, 0xF9, 0xA1, 0x57, 0xA8, 0x64,
    0xE3, 0x63, 0xB6, 0x2B, 0x90, 0x2B, 0x58, 0x34, 0xAF, 0x1F, 0x5A, 0xAB, 0xC0, 0x2E, 0xC6, 0x9E,
    0x7C, 0xF0, 0xC9, 0x27, 0xCF, 0xB6, 0x91, 0x23, 0x09, 0x68, 0xD8, 0xF4, 0xAF, 0x91, 0x8D, 0x78,
    0xDB, 0x47, 0x4F, 0xDC, 0x5D, 0xC9, 0x22, 0x5B, 0x64, 0x93, 0xF4, 0x4D, 0x60, 0x55, 0x6D, 0x82,
    0x7F, 0x1C, 0xA4, 0x41, 0x3E, 0xAA, 0x3A, 0x97, 0xD2, 0x79, 0xDB, 0xD4, 0xF0, 0x90, 0x0B, 0x2E,
    0xDD, 0x6D, 0x7E, 0x16, 0xAA, 0x38, 0xE6, 0xB1, 0xF7, 0x6F, 0x01, 0xF0, 0xBB, 0xC0, 0x0D, 0xB0,
    0xEF, 0x41, 0x1D, 0x40, 0xBA, 0x00, 0xF7, 0xC0, 0x87, 0xDD, 0x64, 0x01, 0x94, 0x01, 0x54, 0x13,
    0x68, 0xB6, 0x70, 0x3D, 0x83, 0x69, 0x81, 0x34, 0x2C, 0x90, 0x0D, 0x0B, 0x94, 0xDD, 0x35, 0x54,
    0x9B, 0xE0, 0xB9, 0x1D, 0x5C, 0x69, 0x60, 0xD6, 0x20, 0x7D, 0xF6, 0x64, 0xDF, 0x92, 0xC5, 0x18,
    0x3B, 0xCA, 0x9F, 0x3E, 0xD9, 0xF7, 0x54, 0xAD, 0xAA, 0xA7, 0xA1, 0xEC, 0xB9, 0xA6, 0x1C, 0x58,
    0x28, 0x47, 0xE9, 0x44, 0x19, 0xD4, 0xB1, 0x4D, 0xF6, 0xD1, 0x3E, 0x76, 0x59, 0x8C, 0x40, 0x0B,
    0xD2, 0x01, 0x54, 0x23, 0x88, 0x03, 0x14, 0xB1, 0x85, 0xEA, 0x1D, 0x70, 0xCB, 0xCB, 0x99, 0x1F,
    0xB0, 0x80, 0x2C, 0x82, 0x32, 0xF6, 0xB0, 0x2B, 0x46, 0x24, 0x4B, 0x1A, 0x90, 0x8E, 0xDE, 0x7C,
    0x09, 0xF3, 0xAB, 0xBA, 0x37, 0x61, 0xFF, 0xE3, 0x00, 0x31, 0x8E, 0x48, 0x42, 0xEC, 0x61, 0xB8,
    0x04, 0x5E, 0xE6, 0x13, 0xB7, 0x64, 0x01, 0xE9, 0xA1, 0x0C, 0xC8, 0x96, 0x35, 0x6C, 0x75, 0xE9,
    0xE5, 0x4D, 0xEC, 0x11, 0x28, 0x0E, 0xA0, 0x7A, 0xAB, 0x85, 0xB3, 0xA2, 0x3B, 0x85, 0x7C, 0x0B,
    0x45, 0x0B, 0xCD, 0x1B, 0xA0, 0x5C, 0x40, 0xF2, 0xE8, 0xA5, 0x4A, 0x33, 0x8D, 0xF1, 0x23, 0x1B,
    0xEA, 0xE3, 0x93, 0xBD, 0xCD, 0xA7, 0x07, 0xE0, 0xBD, 0xE0, 0x3E, 0x64, 0x7F, 0x13, 0x7C, 0x0E,
    0x8A, 0xBF, 0x1A, 0x81, 0xEA, 0x9F, 0x8D, 0xC0, 0xF9, 0x2A, 0x05, 0x4B, 0xD9, 0xDB, 0x12, 0x2A,
    0x9F, 0x46, 0xC8, 0x87, 0x2A, 0x46, 0xA8, 0xDA, 0xFA, 0xC9, 0xB7, 0xA1, 0x39, 0x59, 0xC7, 0xA6,
    0xB8, 0x25, 0x63, 0x7B, 0xAF, 0x1B, 0xB6, 0x42, 0x72, 0x2D, 0x19, 0x68, 0x58, 0x64, 0x03, 0x57,
    0x2C, 0x8A, 0x5E, 0x3A, 0x4B, 0x0F, 0xAF, 0xBF, 0xD5, 0x5B, 0x4B, 0x71, 0x8C, 0xB1, 0xD5, 0xC4,
    0x76, 0xBF, 0x1D, 0x09, 0x78, 0x23, 0xBE, 0xB3, 0x66, 0x73, 0x54, 0x3D, 0xFB, 0xF2, 0xD1, 0xAE,
    0x73, 0x91, 0x1C, 0x78, 0x9C, 0x4D, 0x3C, 0x2E, 0x46, 0xFE, 0xA8, 0xEC, 0x51, 0x77, 0x68, 0xDA,
    0x15, 0xB0, 0xDB, 0x80, 0xFD, 0x86, 0x0F, 0xBD, 0xD6, 0x74, 0x2B, 0x06, 0xC6, 0x6A, 0x56, 0x0C,
    0x45, 0x7C, 0x12, 0xBB, 0x34, 0xC6, 0xC3, 0x2A, 0x36, 0xE0, 0x91, 0x0D, 0xB2, 0x05, 0xE9, 0x11,
    0xCE, 0xE1, 0x0A, 0xE9, 0x84, 0x6A, 0xC0, 0x27, 0x00, 0x90, 0x75, 0x90, 0x87, 0x13, 0x17, 0x48,
    0x63, 0x0B, 0x75, 0x0F, 0x49, 0x0B, 0x00, 0x34, 0xA7, 0x13, 0xBD, 0xF1, 0xCE, 0x71, 0xED, 0xC0,
    0x74, 0x52, 0xB6, 0xB2, 0xA0, 0xB4, 0xF2, 0xB7, 0xC9, 0x03, 0x1F, 0x7F, 0x10, 0xB1, 0x8E, 0x8E,
    0x7D, 0x47, 0x15, 0x63, 0x4B, 0xFD, 0xD3, 0x27, 0x68, 0x5A, 0x2B, 0xC1, 0x0E, 0x5C, 0x72, 0x97,
    0x1B, 0x02, 0x07, 0x49, 0x60, 0x91, 0x8D, 0x92, 0xC3, 0xBF, 0x7A, 0x6B, 0xB0, 0xF6, 0x73, 0x6F,
    0x7F, 0x12, 0x07, 0xE0, 0x3E, 0x24, 0x47, 0x28, 0x0E, 0xB0, 0x9B, 0xE0, 0xD8, 0x42, 0xEB, 0xD7,
    0xDD, 0x7F, 0xD9, 0x43, 0x13, 0x20, 0x2E, 0xC8, 0xA6, 0x1B, 0x54, 0x7D, 0x8D, 0x07, 0x7E, 0xF3,
    0xD7, 0xDC, 0x7F, 0x31, 0x34, 0xA8, 0xC6, 0x7D, 0x4B, 0x3D, 0x44, 0x54, 0xED, 0x05, 0xF0, 0xEB,
    0xEC, 0x3C, 0xEB, 0x36, 0x9D, 0x62, 0x21, 0x8B, 0x78, 0xA3, 0x23, 0xE1, 0x03, 0xB7, 0x41, 0x13,
    0x07, 0x77, 0x0E, 0x56, 0x9F, 0xB2, 0xB5, 0x85, 0xCD, 0x61, 0x31, 0x6E, 0xEE, 0xCA, 0x7E, 0x6B,
    0x55, 0x4F, 0xDD, 0x6D, 0x9E, 0x1A, 0xEC, 0x70, 0x89, 0x1B, 0x1C, 0xB0, 0x90, 0x2C, 0xD4, 0x71,
    0xB0, 0x8F, 0x03, 0xDC, 0xC2, 0xE7, 0x48, 0x0E, 0x94, 0x0B, 0xFB, 0x49, 0x72, 0x44, 0xFB, 0xA2,
    0xF4, 0x51, 0xF5, 0xEC, 0x82, 0x24, 0xCE, 0xF2, 0x70, 0x50, 0xF5, 0x8D, 0xFB, 0x7E, 0xEB, 0xC5,
    0xE9, 0x97, 0x7D, 0xB3, 0x0D, 0x18, 0x4D, 0x1F, 0xA9, 0xDA, 0xB7, 0x01, 0x3E, 0xE4, 0xE1, 0x64,
    0x62, 0x75, 0xB1, 0xD9, 0x90, 0x9D, 0x10, 0x6C, 0x4E, 0x14, 0xA3, 0xCD, 0x8B, 0xB2, 0xDF, 0x40,
    0xF5, 0xCB, 0xA6, 0xD5, 0x4B, 0xB8, 0x81, 0x03, 0x2C, 0x48, 0x16, 0x9B, 0xB1, 0x0F, 0x9C, 0xE1,
    0xD5, 0x18, 0x47, 0xF6, 0x31, 0x1E, 0xF9, 0x2F, 0xF3, 0x9D, 0xD8, 0xAF, 0xDA, 0x75, 0x90, 0x05,
    0xF9, 0xBC, 0x32, 0x5D, 0x56, 0xF9, 0xE4, 0x70, 0xD2, 0x3F, 0x2A, 0x87, 0x13, 0x7B, 0x8E, 0xB7,
    0xDF, 0xF8, 0xEF, 0x8F, 0x1C, 0xCB, 0x18, 0x83, 0xC3, 0x6F, 0xEE, 0x7F, 0xFA, 0x2D, 0x07, 0x4D,
    0xBB, 0xCA, 0x34, 0x64, 0xB3, 0x1D, 0x59, 0x70, 0x49, 0x39, 0xBA, 0xA1, 0xEE, 0x1D, 0xD8, 0xB3,
    0xC8, 0x0E, 0x92, 0x43, 0xB2, 0x0B, 0x4E, 0xC5, 0x64, 0x15, 0x7F, 0x13, 0x00, 0x75, 0xDB, 0x43,
    0xFC, 0xCB, 0x11, 0x69, 0x8C, 0x03, 0xD2, 0xFF, 0x1A, 0x3B, 0x24, 0xFD, 0xA5, 0x5F, 0xB2, 0x34,
    0x93, 0x2C, 0x2E, 0x9A, 0x59, 0x16, 0x67, 0xF9, 0x42, 0xDD, 0xCA, 0x8E, 0x34, 0x64, 0x91, 0xF3,
    0x35, 0x74, 0x6B, 0xC8, 0x9F, 0xF6, 0x2E, 0x28, 0x7E, 0x30, 0xB8, 0xA2, 0xFC, 0x7E, 0xB0, 0x50,
    0x7E, 0x63, 0x32, 0x53, 0x7D, 0x61, 0x36, 0x51, 0x59, 0x92, 0x89, 0xDA, 0x4D, 0x1A, 0x68, 0x34,
    0x59, 0xE0, 0x5C, 0xF3, 0x8D, 0x91, 0x0B, 0xD5, 0xF7, 0x06, 0xAE, 0x94, 0x3F, 0xEA, 0x59, 0xE4,
    0xEF, 0x9D, 0x42, 0x16, 0x7B, 0x66, 0x49, 0xEC, 0x24, 0x13, 0xB1, 0x55, 0xC7, 0xCE, 0x9E, 0x7D,
    0xEC, 0x34, 0x1F, 0xBB, 0x7F, 0xFE, 0x6D, 0x50, 0xF5, 0x27, 0x06, 0x28, 0x0E, 0x60, 0x0F, 0x6E,
    0xFB, 0xF0, 0xB2, 0x9D, 0xB7, 0x34, 0xC6, 0x85, 0xEA, 0xDD, 0x3F, 0x88, 0xEC, 0x3A, 0xBB, 0x2E,
    0x39, 0x50, 0xF7, 0xD9, 0x4C, 0x39, 0x16, 0x81, 0x22, 0x94, 0xFD, 0xCA, 0xBA, 0x27, 0x0F, 0x4D,
    0x7B, 0xA2, 0x95, 0x3B, 0x14, 0x61, 0x8F, 0x72, 0x3C, 0x71, 0x58, 0x59, 0xF5, 0x2B, 0x9B, 0x6E,
    0x87, 0x9D, 0xA6, 0xE5, 0xA0, 0xE9, 0x65, 0xB3, 0x6A, 0x54, 0x05, 0xC5, 0xE1, 0x76, 0xEC, 0x6C,
    0x55, 0xD7, 0x2E, 0x0E, 0xF0, 0x08, 0x00, 0xBC, 0x0D, 0xF9, 0x0C, 0xF5, 0x84, 0x24, 0x0E, 0xC8,
    0xDE, 0x85, 0xC4, 0x4B, 0x92, 0x45, 0xD3, 0x42, 0xEC, 0x91, 0xBD, 0x17, 0x50, 0xFE, 0x70, 0xC6,
    0xCE, 0x15, 0xDE, 0xF6, 0x99, 0x5F, 0xF3, 0x2C, 0xF2, 0xF1, 0x33, 0xA8, 0xE6, 0x33, 0x34, 0x71,
    0xC1, 0x59, 0x13, 0xF0, 0x3B, 0x65, 0x0F, 0x2F, 0xC9, 0x59, 0xA8, 0xDB, 0x2B, 0xEC, 0xBE, 0x7E,
    0xC0, 0xFE, 0xF7, 0x16, 0x5C, 0x24, 0xD3, 0x4B, 0xE0, 0xFF, 0x16, 0x1E, 0xC8, 0xFA, 0xAA, 0x2B,
    0xFB, 0x62, 0x6C, 0xA4, 0xF3, 0xC2, 0x3E, 0xB0, 0x0A, 0x37, 0x23, 0xC7, 0x49, 0x16, 0xAE, 0x95,
    0x43, 0xDD, 0x36, 0x6D, 0x31, 0xFC, 0x96, 0xB4, 0x03, 0x00, 0x69, 0x3C, 0xA4, 0x3D, 0x75, 0x8C,
    0xDF, 0xEF, 0x25, 0xF1, 0x8F, 0x77, 0x91, 0x7C, 0x9B, 0xC2, 0xAA, 0x51, 0xB6, 0xD0, 0x74, 0xCA,
    0x23, 0x7B, 0x9A, 0x3D, 0x0B, 0xCB, 0x4E, 0xBA, 0xC8, 0xC6, 0x9D, 0x6C, 0x52, 0x76, 0x3B, 0x79,
    0x70, 0x6E, 0x0D, 0xC9, 0x6C, 0xAF, 0x08, 0xF9, 0xE8, 0xA8, 0x08, 0x55, 0xE7, 0xA0, 0x08, 0x17,
    0x92, 0x45, 0xF1, 0xF3, 0x49, 0x36, 0xCB, 0xDF, 0x1B, 0xE4, 0x41, 0x1E, 0x5B, 0xE5, 0x20, 0x3B,
    0xD0, 0x74, 0xD2, 0xA3, 0x24, 0x52, 0xC4, 0xE1, 0x2B, 0x33, 0x75, 0x1D, 0xE3, 0xC0, 0x59, 0x1E,
    0x0F, 0x1F, 0x9F, 0x8C, 0x3E, 0x07, 0x76, 0x1B, 0x07, 0xA8, 0x27, 0x48, 0x97, 0x8F, 0x3F, 0x0A,
    0x61, 0x17, 0xFB, 0x2C, 0x2E, 0xA7, 0x5B, 0x9F, 0x39, 0x9F, 0xD8, 0xB5, 0x59, 0xA0, 0x91, 0x07,
    0xCE, 0x15, 0x23, 0x17, 0xCA, 0xE1, 0xC4, 0x9E, 0x2B, 0x55, 0xCF, 0xF2, 0xE1, 0x87, 0xDF, 0xCF,
    0x19, 0x34, 0xA4, 0xE1, 0x83, 0x8A, 0x92, 0x8D, 0x6E, 0xC8, 0x87, 0x95, 0x45, 0xBF, 0xB2, 0xEC,
    0xEC, 0x69, 0xD8, 0x75, 0x0E, 0x34, 0xEF, 0xBE, 0x31, 0x53, 0xC6, 0x6D, 0xA4, 0x1C, 0x3F, 0x96,
    0x85, 0x64, 0x84, 0x32, 0xC0, 0x7E, 0x44, 0x1E, 0x3B, 0x94, 0xEF, 0xC0, 0x6D, 0x2F, 0x49, 0x16,
    0x07, 0xC8, 0x62, 0x8B, 0xF2, 0x69, 0x8F, 0xE6, 0x8B, 0x01, 0x87, 0x24, 0x90, 0x8C, 0xBE, 0xF5,
    0x52, 0x64, 0x71, 0x9D, 0x4E, 0x24, 0xC7, 0x7C, 0x26, 0x39, 0x14, 0x13, 0xE6, 0x7C, 0x00, 0x5E,
    0x0A, 0xFF, 0xF2, 0x1E, 0xEA, 0x95, 0xE9, 0x36, 0x8A, 0x8E, 0xD0, 0x0C, 0x1F, 0x7F, 0xF4, 0xC9,
    0x3E, 0xF6, 0x4D, 0x1C, 0x62, 0xEC, 0x9A, 0xD8, 0x55, 0x93, 0x7C, 0x56, 0x04, 0xF9, 0x28, 0x9B,
    0x94, 0xBD, 0x74, 0xD6, 0x90, 0x2C, 0xAE, 0x71, 0x48, 0x66, 0xDC, 0x64, 0x01, 0x4D, 0xD1, 0xAF,
    0xFC, 0x4A, 0x8B, 0xEA, 0x08, 0xE5, 0x02, 0x45, 0xF0, 0xD1, 0xAF, 0x81, 0x37, 0xF6, 0x50, 0x6D,
    0xCE, 0x3A, 0x68, 0x56, 0x16, 0xF1, 0x80, 0xEA, 0x44, 0x4D, 0x1C, 0x57, 0x74, 0xDC, 0x99, 0x91,
    0x4E, 0xC8, 0x9E, 0x3D, 0x22, 0x8B, 0xB1, 0x93, 0x3F, 0xDB, 0x07, 0xC5, 0x90, 0x2F, 0xCA, 0x3E,
    0x59, 0xE1, 0xB0, 0xA1, 0xEA, 0x2C, 0xEA, 0xD6, 0xA2, 0x91, 0x4E, 0x1A, 0x45, 0xB0, 0xB3, 0xEB,
    0xED, 0xF6, 0x47, 0xF6, 0x71, 0xE4, 0xF0, 0x2F, 0x3E, 0x7C, 0xCD, 0xD9, 0xB3, 0x5F, 0x01, 0x9F,
    0x1C, 0x21, 0x89, 0x47, 0x28, 0x9E, 0xC5, 0x16, 0x55, 0x77, 0xF2, 0xD8, 0x6C, 0xB6, 0xAF, 0x95,
    0x1D, 0x16, 0x55, 0x4B, 0x32, 0x7B, 0xB0, 0x99, 0x3B, 0x43, 0x16, 0x4C, 0xA7, 0x90, 0x0D, 0xC8,
    0xC6, 0xA2, 0x43, 0x3E, 0x96, 0x2D, 0x8A, 0xA1, 0x6A, 0x51, 0xF6, 0x55, 0x7F, 0x0A, 0x65, 0x40,
    0xD5, 0x65, 0x27, 0x0B, 0xAD, 0x23, 0x6A, 0x76, 0x2D, 0x0D, 0xAB, 0x5E, 0x43, 0xD5, 0x73, 0xE9,
    0xA4, 0x77, 0xFD, 0x29, 0x15, 0x96, 0xA6, 0xBB, 0xC0, 0x52, 0xC7, 0x69, 0x15, 0x2F, 0x62, 0x77,
    0x12, 0xBF, 0xB7, 0x89, 0xFB, 0x20, 0xE4, 0x03, 0xDB, 0x83, 0x0D, 0xEC, 0xF7, 0x2D, 0xEC, 0x0F,
    0x5B, 0x8A, 0x6F, 0x02, 0x5A, 0xA4, 0x03, 0xB2, 0xB0, 0x62, 0x81, 0x03, 0x34, 0x50, 0x74, 0x48,
    0x00, 0x40, 0x7E, 0x2C, 0x3A, 0x75, 0x7C, 0x4A, 0xFC, 0x72, 0x94, 0xCE, 0x8E, 0xF2, 0xE0, 0x4A,
    0xD9, 0x6F, 0x43, 0x79, 0x56, 0x4B, 0x26, 0xCD, 0x36, 0x76, 0xF3, 0x15, 0xE5, 0xE8, 0x5A, 0x3D,
    0xBA, 0xF1, 0x1F, 0x86, 0x6E, 0x9F, 0xFE, 0xCD, 0x0F, 0x87, 0xDD, 0xD3, 0xEF, 0x3D, 0xED, 0x9B,
    0x98, 0x45, 0xD5, 0x9C, 0xCD, 0x92, 0x56, 0x0B, 0x9F, 0x81, 0x0B, 0x38, 0x20, 0x9B, 0x50, 0x8C,
    0xA8, 0x5A, 0xDC, 0x07, 0x2F, 0xC8, 0xCB, 0x1A, 0x28, 0x47, 0xD4, 0x13, 0x6E, 0x16, 0x92, 0xE9,
    0x8A, 0x7C, 0x3C, 0xA7, 0xEC, 0x1E, 0x70, 0xDB, 0xAD, 0x17, 0xE4, 0xE5, 0x2E, 0xD2, 0x43, 0x41,
    0x1E, 0xBF, 0x44, 0xF9, 0xA7, 0x91, 0x32, 0x5F, 0x48, 0xBC, 0xF9, 0x02, 0xBB, 0x24, 0x69, 0x6F,
    0x53, 0x84, 0xA6, 0x55, 0x86, 0xDD, 0x73, 0x0C, 0x3B, 0x12, 0xF7, 0x5E, 0xA0, 0x03, 0xA0, 0x1E,
    0xB1, 0x9F, 0x49, 0xC2, 0x63, 0xD2, 0xF1, 0x8C, 0x6C, 0x38, 0x23, 0x0D, 0x6F, 0x93, 0xC4, 0x80,
    0x5D, 0xF7, 0x22, 0x0D, 0xA5, 0xB1, 0xDB, 0x4D, 0xAA, 0xF8, 0x5E, 0x5C, 0xEC, 0xFF, 0x24, 0x76,
    0xD7, 0xE9, 0xE2, 0xD2, 0x45, 0x16, 0x2C, 0x96, 0xB2, 0x4F, 0xA6, 0x64, 0xA9, 0xBA, 0x2C, 0x14,
    0xA1, 0x96, 0x85, 0x5D, 0xDF, 0x28, 0x7E, 0x76, 0x58, 0x35, 0xE2, 0xE0, 0x52, 0x3D, 0x71, 0x6D,
    0xD7, 0x73, 0x23, 0x0E, 0x3E, 0xBD, 0xCF, 0xFE, 0x47, 0x48, 0xA6, 0xDD, 0x5B, 0xDF, 0x38, 0xBC,
    0x31, 0x36, 0xC7, 0x34, 0xC6, 0xB6, 0x9A, 0xEC, 0x67, 0x09, 0xB7, 0x01, 0x79, 0x6C, 0x35, 0xB1,
    0x77, 0x7C, 0xA3, 0xCB, 0x42, 0xA2, 0xE8, 0x3F, 0xFC, 0xDD, 0xEC, 0xE5, 0xD6, 0xDC, 0x6C, 0xCD,
    0x5E, 0x6A, 0xA7, 0xD2, 0xFC, 0xF5, 0x41, 0x1D, 0x83, 0x22, 0xB6, 0x3C, 0xC2, 0x5D, 0xD2, 0x03,
    0xE9, 0x1E, 0xE7, 0x78, 0x4C, 0x32, 0x53, 0x0E, 0x7C, 0x02, 0x12, 0x94, 0xA8, 0xFA, 0xED, 0xC5,
    0x3C, 0x90, 0x2C, 0x78, 0x88, 0xDF, 0xC0, 0x47, 0xFC, 0x2C, 0xC5, 0x90, 0x8D, 0xF9, 0x50, 0xF4,
    0xC5, 0x50, 0x76, 0x55, 0x5F, 0xDB, 0x6B, 0xF2, 0xC5, 0x6E, 0x3F, 0xDA, 0x1D, 0xD8, 0xB7, 0x5C,
    0xE3, 0x7A, 0xF3, 0xD3, 0x36, 0x7F, 0x7D, 0x54, 0xC7, 0x59, 0x11, 0x3B, 0x1E, 0x81, 0x81, 0x34,
    0x6C, 0x42, 0x65, 0x4F, 0xD3, 0x72, 0x85, 0x00, 0xBF, 0x02, 0xBD, 0xDB, 0xD8, 0xB5, 0xC4, 0x5E,
    0xF6, 0xDE, 0xA0, 0xF8, 0x5E, 0x50, 0x7F, 0x3E, 0xB8, 0x10, 0x7C, 0xDA, 0xA3, 0xBF, 0x77, 0xBD,
    0xDB, 0xEE, 0x69, 0xBE, 0xB6, 0xD8, 0x7D, 0x7D, 0xB1, 0x4B, 0x67, 0xF7, 0xB4, 0xBF, 0x92, 0xBC,
    0x5A, 0xE9, 0x20, 0x0B, 0xB2, 0x85, 0x23, 0x0D, 0x45, 0x27, 0x01, 0xBC, 0xBA, 0x68, 0x0E, 0x5E,
    0x59, 0x58, 0x24, 0xB3, 0x74, 0x92, 0x6D, 0x4F, 0x52, 0x46, 0xC5, 0xA0, 0xEC, 0x55, 0xBD, 0xFA,
    0xEB, 0x9A, 0x2F, 0x69, 0x8E, 0x9A, 0x59, 0x33, 0xB8, 0x05, 0x9F, 0xE1, 0x82, 0x83, 0x6C, 0x56,
    0x8C, 0xAA, 0xD6, 0x7D, 0xFC, 0x1D, 0x8F, 0xD9, 0x2A, 0x83, 0x7A, 0x72, 0xB9, 0x24, 0xD3, 0x55,
    0x36, 0x9E, 0x97, 0xDD, 0x83, 0xDB, 0x6E, 0xFD, 0x5D, 0x8E, 0xB9, 0xCE, 0x51, 0xEB, 0x14, 0xB5,
    0xCE, 0x50, 0xE5, 0xB0, 0x93, 0xB8, 0x87, 0x0F, 0x39, 0xD5, 0x1C, 0x9C, 0x8E, 0x6B, 0x21, 0x99,
    0x49, 0x27, 0xB2, 0xB0, 0xB5, 0x7C, 0xA4, 0x18, 0x7C, 0xF0, 0x1C, 0xED, 0xEB, 0x56, 0x89, 0x55,
    0x63, 0x15, 0x59, 0x55, 0x36, 0x83, 0x90, 0x8C, 0xBF, 0x21, 0x9B, 0x2F, 0x88, 0x13, 0x4D, 0xCF,
    0xBE, 0x97, 0xFF, 0x64, 0x54, 0x7C, 0x21, 0x60, 0xC2, 0x95, 0x57, 0x8F, 0x8F, 0xED, 0xE3, 0x21,
    0x3D, 0xE4, 0x87, 0x22, 0x24, 0xC7, 0xB2, 0x77, 0xAC, 0x5B, 0x37, 0x0D, 0xD7, 0x97, 0x5C, 0xDF,
    0x70, 0x75, 0xCD, 0x72, 0x90, 0x4C, 0x07, 0x69, 0x38, 0xC8, 0xC7, 0xBD, 0xAA, 0x6F, 0xBA, 0xE7,
    0x8C, 0x8B, 0x3C, 0x0E, 0xDC, 0xF3, 0xFF, 0x57, 0x03, 0x5E, 0x9D, 0xD3, 0xA3, 0xDD, 0x5C, 0xC5,
    0xF6, 0x95, 0x79, 0xB7, 0xEF, 0x92, 0x5F, 0x4C, 0x75, 0x9B, 0xFC, 0xED, 0x50, 0xB7, 0xE9, 0x7B,
    0x6D, 0x23, 0x3B, 0x6A, 0x64, 0x8B, 0x4B, 0xF9, 0xE4, 0x5A, 0x11, 0x2C, 0xCA, 0x61, 0x45, 0x9F,
    0xCC, 0xAA, 0x2E, 0x9D, 0x3E, 0x5D, 0xB7, 0xD9, 0xCF, 0x43, 0x2D, 0x7B, 0x6F, 0x6C, 0x64, 0xB1,
    0x3B, 0x97, 0x1E, 0xA0, 0xDD, 0x5A, 0x3A, 0xD8, 0xFA, 0x6B, 0xC1, 0x11, 0x0D, 0x8A, 0x8E, 0x04,
    0x80, 0x3C, 0x76, 0x9A, 0x18, 0x1C, 0xBF, 0xB8, 0x64, 0x93, 0x43, 0x31, 0x3A, 0x54, 0xBD, 0x9B,
    0xF7, 0x53, 0xDF, 0x71, 0xB8, 0x64, 0xB9, 0x91, 0xCC, 0x37, 0xB2, 0xE9, 0x46, 0x31, 0xEE, 0xD6,
    0xB4, 0xFB, 0x8F, 0xA6, 0xED, 0x33, 0xB8, 0xC0, 0x81, 0x6C, 0xA6, 0x18, 0xA9, 0x5A, 0xEE, 0xC3,
    0xAF, 0x42, 0xAF, 0xA5, 0x0C, 0xD4, 0x13, 0x97, 0xCB, 0xA9, 0xE4, 0x67, 0xE3, 0xF9, 0x5A, 0xF0,
    0xD7, 0x7A, 0xFF, 0xF7, 0xAF, 0x77, 0x17, 0xC9, 0x31, 0x3F, 0x9D, 0xD6, 0x56, 0xF9, 0x83, 0x48,
    0x99, 0xFD, 0xB2, 0xD2, 0x1E, 0x3B, 0x27, 0xD5, 0x55, 0xD6, 0xAA, 0x6B, 0x15, 0xB6, 0x2A, 0x5B,
    0xA5, 0xAD, 0xDA, 0x56, 0x71, 0xAB, 0xBA, 0x55, 0xDE, 0xAA, 0x6F, 0x35, 0x60, 0x75, 0x60, 0xB5,
    0x70, 0xF2, 0xB0, 0x99, 0x70, 0x8F, 0x5F, 0x5E, 0xDA, 0x5F, 0x9C, 0x83, 0x3B, 0x2D, 0x75, 0x4F,
    0x3D, 0x50, 0xF5, 0x24, 0xBF, 0xE4, 0x7F, 0xE5, 0x3E, 0xF6, 0xDE, 0x0E, 0x00, 0x54, 0xC7, 0xBC,
    0x25, 0xC6, 0xA7, 0xAD, 0xEC, 0xDD, 0x6A, 0xA1, 0x1C, 0xB2, 0x89, 0xBA, 0x2B, 0x27, 0x76, 0x9A,
    0x99, 0x6B, 0xCF, 0x66, 0x96, 0xFC, 0x87, 0x93, 0x64, 0xA9, 0x7E, 0xEF, 0x39, 0xE7, 0xAB, 0x2C,
    0x48, 0x9F, 0x85, 0x7C, 0x94, 0xC6, 0xAE, 0x1C, 0xA4, 0x47, 0x75, 0x2F, 0x59, 0xEC, 0xC8, 0x8F,
    0xE9, 0x81, 0x7A, 0x1F, 0x03, 0x67, 0x55, 0x6C, 0xE1, 0x11, 0x68, 0x91, 0x8C, 0x58, 0x15, 0xA4,
    0x0B, 0x1C, 0xA1, 0x6E, 0x51, 0xF4, 0x48, 0xDA, 0x0F, 0xCF, 0x3D, 0x45, 0xBF, 0x5B, 0x54, 0xFD,
    0x2B, 0xCB, 0xFB, 0x77, 0x28, 0xC9, 0xAC, 0x91, 0xBE, 0x7F, 0xED, 0xB1, 0xE2, 0x5A, 0x3E, 0x5A,
    0x14, 0xC3, 0xE9, 0x86, 0x26, 0x9B, 0x95, 0x7D, 0x31, 0xA9, 0xBA, 0x07, 0xD3, 0xA7, 0xAB, 0xEE,
    0x2A, 0x84, 0xEA, 0x47, 0x3F, 0x7F, 0x6F, 0x2C, 0x63, 0x1F, 0xFB, 0xE2, 0xE8, 0x48, 0xEB, 0x2E,
    0xFC, 0x03, 0x38, 0x87, 0x03, 0xD2, 0x19, 0xF9, 0x88, 0xB2, 0xC3, 0x6B, 0xC0, 0x8B, 0xF2, 0xD2,
    0xA2, 0x08, 0xA8, 0x66, 0x5C, 0x2E, 0x98, 0x2F, 0xC8, 0xC2, 0x39, 0x65, 0x5F, 0x71, 0xDB, 0xAD,
    0x17, 0xE4, 0xE5, 0xD1, 0x6D, 0xF2, 0x50, 0x77, 0xCA, 0xD0, 0x74, 0x8A, 0xB1, 0x21, 0x71, 0xEB,
    0x85, 0xF6, 0x46, 0xDA, 0x22, 0x1F, 0x50, 0xF6, 0x68, 0x5A, 0x5C, 0x23, 0x99, 0x90, 0x0E, 0x3E,
    0xBA, 0xBC, 0xD1, 0x27, 0x8B, 0x18, 0x1C, 0x7D, 0x39, 0x6C, 0x1F, 0x9D, 0x4B, 0xC9, 0xE2, 0x82,
    0xC5, 0xE3, 0x15, 0x57, 0x5C, 0x98, 0xB8, 0x4C, 0x02, 0xE7, 0xD9, 0xC8, 0x79, 0xDE, 0xD3, 0x94,
    0x1D, 0x4D, 0x85, 0x07, 0x0F, 0x57, 0xBC, 0x8D, 0x26, 0xAC, 0xD8, 0x64, 0x71, 0x09, 0xDB, 0xD0,
    0xE0, 0x8F, 0x76, 0x2D, 0xFB, 0x03, 0xE2, 0x88, 0xCF, 0x02, 0xAF, 0xA0, 0x88, 0x2D, 0xE5, 0x0A,
    0x8D, 0x0D, 0x5C, 0xC2, 0x35, 0x5C, 0xC1, 0x02, 0x73, 0x35, 0x49, 0xA6, 0xFD, 0x22, 0xFD, 0x3F,
    0xCF, 0x8E, 0xB2, 0x9F, 0xF4, 0x7B, 0xD9, 0x53, 0x3B, 0xF9, 0x62, 0xA7, 0x98, 0x57, 0x04, 0x97,
    0xCA, 0xC1, 0xF5, 0xFB, 0x17, 0xDB, 0xC9, 0xA2, 0xDE, 0xBA, 0x35, 0x1F, 0x35, 0xCA, 0xDE, 0x6E,
    0xD8, 0xB5, 0xF6, 0xF1, 0xC0, 0x21, 0x8E, 0x2C, 0xB7, 0x30, 0x63, 0xEB, 0x9F, 0x80, 0x2C, 0xA0,
    0x78, 0xD6, 0xD2, 0xC4, 0x71, 0x9D, 0x13, 0x5A, 0xB8, 0xE7, 0x11, 0xFB, 0x6C, 0x22, 0xE6, 0x13,
    0x87, 0x3C, 0x70, 0x37, 0x69, 0x7F, 0x9D, 0xBA, 0xF3, 0xFF, 0x02, 0xD5, 0xDB, 0x01, 0xE4, 0x2E,
    0x59, 0x7E, 0xE7, 0xFF, 0x57, 0x55, 0xDD, 0xEE, 0x27, 0xE9, 0x4A, 0xA6, 0x2E, 0xE6, 0xC6, 0xFC,
    0x33, 0x32, 0x15, 0x0C, 0x26, 0x91, 0xE9, 0x0A, 0x82, 0x41, 0xDF, 0x5B, 0x35, 0x19, 0xFC, 0x01,
    0x73, 0x31, 0x9D, 0x59, 0xDB, 0xE8, 0x46, 0xB0, 0x16, 0x3A, 0x08, 0xB2, 0xF6, 0xFE, 0x7E, 0x55,
    0xD9, 0x41, 0x10, 0xE4, 0x2E, 0xBB, 0xBB, 0x08, 0xAB, 0x91, 0x84, 0xDC, 0xA0, 0x83, 0xA0, 0xF1,
    0xFB, 0xFD, 0x9E, 0xDA, 0x6D, 0x2C, 0x82, 0xA9, 0x64, 0x65, 0x63, 0x2D, 0xB6, 0x90, 0x0D, 0x3B,
    0xC1, 0xAD, 0x49, 0x6A, 0xA4, 0xBA, 0x6F, 0x3D, 0xCF, 0xD9, 0x5B, 0x55, 0xFC, 0x3C, 0x7B, 0xEF,
    0xDD, 0xDE, 0xDE, 0xEC, 0xDC, 0x3B, 0xB7, 0x8F, 0xAE, 0xCF, 0xF7, 0xF9, 0xD1, 0xCF, 0xF9, 0x9E,
    0xCF, 0xFB, 0x9C, 0x3A, 0x75, 0x9E, 0x53, 0xE7, 0xBA, 0x2E, 0x21, 0xF4, 0x5B, 0xE8, 0xE0, 0xCD,
    0x37, 0x2B, 0x4F, 0x97, 0x9B, 0x20, 0x19, 0x40, 0xB6, 0x85, 0x7C, 0x04, 0xE5, 0x16, 0x2E, 0x27,
    0x30, 0xCE, 0x10, 0x0F, 0x6B, 0x48, 0xBA, 0x35, 0x64, 0xCD, 0x25, 0xE4, 0xAE, 0xE0, 0x8E, 0x1A,
    0x2E, 0x94, 0x30, 0xAD, 0x21, 0xFE, 0xF8, 0xC1, 0xBE, 0x22, 0x09, 0x21, 0x34, 0x64, 0xDF, 0x7B,
    0xB0, 0x6F, 0xC9, 0x2B, 0x79, 0x4B, 0x49, 0xD6, 0x72, 0x49, 0xD6, 0x31, 0x93, 0xF5, 0xE2, 0x71,
    0x6D, 0x45, 0x11, 0xAA, 0x68, 0x1F, 0xEC, 0x43, 0x93, 0x84, 0x40, 0xF4, 0xE6, 0x9B, 0xA4, 0x21,
    0x6C, 0xF2, 0xCC, 0xB2, 0x3B, 0xA6, 0x8D, 0x22, 0x3C, 0x24, 0xBC, 0x15, 0xC4, 0x93, 0xA3, 0xDD,
    0xE0, 0x62, 0xC9, 0x30, 0xCB, 0x1B, 0x93, 0x42, 0x34, 0x2A, 0x17, 0xAB, 0xE7, 0x76, 0x8B, 0x64,
    0xBD, 0x4B, 0x45, 0xEF, 0xCA, 0x3F, 0xEF, 0x9A, 0x7D, 0xFC, 0x77, 0x7F, 0xDE, 0xD5, 0x0F, 0x3F,
    0x7C, 0xD8, 0x96, 0x21, 0x09, 0xF2, 0x29, 0x99, 0x44, 0x95, 0x53, 0x64, 0xBF, 0xE6, 0x17, 0x61,
    0x32, 0xC0, 0xF1, 0xAD, 0x0E, 0xEA, 0x50, 0x41, 0x7E, 0x00, 0xAA, 0xCF, 0x1E, 0x5C, 0x90, 0x34,
    0x71, 0x25, 0xED, 0xB2, 0x05, 0xE4, 0x91, 0x24, 0x4C, 0xA8, 0xEF, 0xBF, 0x30, 0xCC, 0x9F, 0x29,
    0x5C, 0x71, 0x0F, 0xB2, 0xCA, 0x96, 0x0A, 0xDC, 0x06, 0xCA, 0x7F, 0xB5, 0x85, 0x19, 0xA4, 0xFD,
    0x73, 0xE3, 0x36, 0x8B, 0x2A, 0x03, 0x92, 0x16, 0x69, 0xB3, 0x35, 0x68, 0x6B, 0xBF, 0x2C, 0xB0,
    0x64, 0xB9, 0x2E, 0xBF, 0x81, 0x64, 0x46, 0x31, 0x11, 0x85, 0x9E, 0xE4, 0x23, 0x44, 0x95, 0xD3,
    0xF2, 0x6E, 0xF8, 0x2B, 0x71, 0x08, 0x47, 0xF9, 0xC7, 0x6F, 0x1D, 0xD5, 0x8D, 0xB3, 0xE8, 0xC0,
    0xBD, 0x64, 0xE4, 0xDE, 0x62, 0xE5, 0xD7, 0x17, 0x46, 0x8A, 0x06, 0x65, 0xB5, 0x08, 0xD4, 0xD7,
    0xB2, 0xBF, 0x96, 0xFA, 0x5A, 0xCA, 0x66, 0x91, 0x8E, 0x3E, 0x9F, 0xA4, 0x5D, 0x1A, 0x1E, 0x84,
    0x26, 0x0E, 0xE1, 0xB0, 0x24, 0xEB, 0x70, 0x17, 0x74, 0xC4, 0x83, 0xC5, 0xB7, 0xAC, 0xDD, 0x2A,
    0xBF, 0xC0, 0xE0, 0xB4, 0xD8, 0x85, 0x4A, 0x19, 0x5A, 0xC7, 0x77, 0x9B, 0x64, 0x88, 0xA4, 0x2D,
    0x59, 0x43, 0x81, 0x12, 0xE7, 0xDB, 0xE5, 0x6A, 0xBB, 0xEC, 0xC5, 0x6A, 0xB9, 0xF2, 0xAF, 0x0F,
    0x8A, 0x30, 0x48, 0x43, 0xB5, 0xE5, 0x83, 0xCD, 0x02, 0xA1, 0x23, 0x79, 0xB4, 0xE4, 0xFD, 0xB3,
    0x99, 0xB2, 0x3A, 0x5B, 0x58, 0x7D, 0xE5, 0x65, 0x80, 0xF2, 0x0A, 0xEA, 0x8A, 0xD0, 0x4A, 0x1E,
    0x75, 0xD2, 0x0F, 0x07, 0xC5, 0xD7, 0x07, 0x67, 0x06, 0x3F, 0xEB, 0xEE, 0x73, 0x80, 0xF2, 0xD3,
    0xB0, 0xAF, 0x10, 0x6C, 0xC2, 0xAF, 0x02, 0x2F, 0x03, 0x8F, 0xAF, 0x22, 0x6C, 0x97, 0x03, 0x6E,
    0x3E, 0xA7, 0xC1, 0xF1, 0x05, 0xAF, 0x5D, 0x4F, 0x20, 0xE5, 0xD7, 0x67, 0xE4, 0x7F, 0xDA, 0x23,
    0x0D, 0x0D, 0x92, 0x23, 0x98, 0x9E, 0x45, 0x65, 0xC3, 0xB2, 0x71, 0x59, 0xC1, 0x58, 0xC9, 0x58,
    0xD1, 0x58, 0xD9, 0x58, 0xE1, 0x6C, 0x74, 0x94, 0xD5, 0xAA, 0xA0, 0x3E, 0xD1, 0xFD, 0x89, 0xD6,
    0x27, 0xBA, 0x62, 0xDA, 0x38, 0x59, 0x41, 0x59, 0x49, 0xD9, 0x50, 0x6D, 0xAC, 0x36, 0x13, 0x6E,
    0xF8, 0x82, 0xD7, 0x5D, 0xC8, 0xE3, 0x51, 0xF6, 0xDB, 0x9D, 0xF4, 0x61, 0xB5, 0x36, 0x3D, 0x9A,
    0x9E, 0x13, 0xB5, 0xB8, 0x8A, 0x1A, 0xD2, 0x36, 0xEB, 0xD8, 0xF5, 0x65, 0x45, 0x32, 0xCD, 0x10,
    0x06, 0xA8, 0x5B, 0xC8, 0x9D, 0x16, 0xBE, 0x18, 0x42, 0xCF, 0x7E, 0xA5, 0xF6, 0x07, 0xD3, 0xAB,
    0xA1, 0x15, 0x8F, 0x8A, 0x41, 0x32, 0xD8, 0x4D, 0x8B, 0xC6, 0xB3, 0xDD, 0x20, 0x3A, 0xAC, 0xF0,
    0x8E, 0xB2, 0x6E, 0xD5, 0xF6, 0x5A, 0xE5, 0x0D, 0x07, 0xC5, 0xAA, 0x65, 0x25, 0x9A, 0x95, 0x4B,
    0x66, 0xB5, 0x6D, 0x26, 0xDD, 0x66, 0x51, 0x45, 0xEB, 0xC0, 0x9E, 0x59, 0x72, 0x10, 0x1D, 0xA2,
    0x7A, 0x50, 0x84, 0x10, 0xAA, 0x25, 0xF9, 0xFD, 0x67, 0x3C, 0xB3, 0x6F, 0x83, 0x33, 0xBC, 0x52,
    0x5D, 0x10, 0x85, 0x7E, 0x22, 0x09, 0xFD, 0x88, 0xB4, 0x1B, 0x90, 0xFD, 0xFB, 0x6E, 0xD1, 0xB6,
    0xB2, 0x21, 0x23, 0x5F, 0xB5, 0xA8, 0xD8, 0x1D, 0x4B, 0x96, 0x04, 0xD8, 0xBF, 0xB5, 0x61, 0x3F,
    0xAC, 0x2D, 0xBA, 0xB0, 0x4E, 0xF9, 0xEB, 0x57, 0x26, 0xDB, 0xA4, 0xBF, 0xCD, 0xFA, 0xEE, 0x2C,
    0x56, 0xB7, 0x79, 0x7F, 0x9B, 0xF8, 0xB7, 0x99, 0xDF, 0x3A, 0xF5, 0x5B, 0xE7, 0x7E, 0xEB, 0xE4,
    0xBF, 0x3D, 0x35, 0x45, 0x95, 0xEA, 0x87, 0x41, 0xF2, 0x95, 0x77, 0xFF, 0xE2, 0xAE, 0x63, 0x16,
    0xC2, 0xE0, 0xF0, 0xDA, 0xFE, 0x7B, 0xEF, 0x7D, 0x02, 0xC9, 0xAB, 0x4F, 0x4D, 0x72, 0xE1, 0xB6,
    0x62, 0x5B, 0xA9, 0x21, 0xDD, 0x68, 0xF1, 0xDA, 0xFB, 0xFF, 0x83, 0x22, 0xCC, 0x2B, 0xB0, 0x8D,
    0x57, 0xF4, 0x41, 0x49, 0x1E, 0xF6, 0xD4, 0x0F, 0x8F, 0xA2, 0x39, 0x3E, 0x2C, 0x29, 0x67, 0x69,
    0x67, 0x96, 0xFD, 0xAF, 0x0F, 0xC7, 0x3B, 0xFF, 0x90, 0xB5, 0x5B, 0x16, 0xC2, 0xAA, 0x47, 0xBC,
    0xF2, 0xE6, 0xB7, 0x3C, 0xA3, 0x94, 0xEB, 0xAA, 0x60, 0xD3, 0x57, 0x8F, 0xCB, 0x42, 0x61, 0xB9,
    0x73, 0xAA, 0x25, 0x65, 0x66, 0xD1, 0xCF, 0x59, 0x32, 0xB3, 0x02, 0x24, 0xEB, 0x56, 0x6D, 0x57,
    0xFD, 0xDE, 0xBE, 0x21, 0x5F, 0x20, 0x28, 0xBE, 0xF7, 0xE0, 0x99, 0x77, 0xF6, 0x39, 0x37, 0xB9,
    0x62, 0xE0, 0x20, 0x1A, 0x56, 0x80, 0xBD, 0xE8, 0xF0, 0x8F, 0xDF, 0xEF, 0x56, 0x80, 0xAD, 0xFD,
    0x92, 0x7C, 0x69, 0xE0, 0x5D, 0x65, 0x98, 0x95, 0x61, 0xC2, 0xB3, 0x6F, 0xD7, 0x39, 0xED, 0x92,
    0x7E, 0xD7, 0xA5, 0x6D, 0xDA, 0x65, 0x4D, 0xDE, 0x16, 0xF6, 0xCA, 0xDD, 0xAC, 0xDE, 0xF7, 0xEA,
    0x03, 0xFB, 0x8A, 0x4B, 0xCB, 0xB5, 0xDE, 0xAE, 0x55, 0xF9, 0xD7, 0x47, 0x45, 0x98, 0xB6, 0x29,
    0xEC, 0xEE, 0x49, 0x75, 0x55, 0xBC, 0x9A, 0xC8, 0x16, 0xFD, 0xC1, 0xE5, 0x9A, 0x60, 0x42, 0x14,
    0x3A, 0xB8, 0xF1, 0xD2, 0x32, 0x82, 0x9F, 0xF1, 0x13, 0x4A, 0xF7, 0x14, 0x7F, 0x33, 0xCA, 0x42,
    0x27, 0x3E, 0x3E, 0x2F, 0x56, 0xAF, 0x6D, 0x2D, 0x6D, 0xA1, 0xDE, 0xB4, 0x81, 0x9F, 0xF3, 0x72,
    0x8F, 0xA4, 0xA7, 0x1F, 0x99, 0xCF, 0x81, 0xD0, 0xCB, 0xE5, 0xD8, 0x6D, 0x30, 0x40, 0xD2, 0xAF,
    0xDA, 0xAD, 0xFA, 0x51, 0xB5, 0x68, 0x68, 0xE1, 0xEA, 0x87, 0xE5, 0xBF, 0xE3, 0xED, 0x8A, 0xD7,
    0xF1, 0x06, 0x2E, 0x70, 0x89, 0x7A, 0x24, 0xEF, 0xF0, 0x9A, 0x57, 0x2B, 0xF2, 0xAA, 0x68, 0x16,
    0xBB, 0x57, 0x48, 0xFF, 0x76, 0x44, 0x12, 0x3A, 0x08, 0x15, 0xDC, 0x7E, 0x59, 0xC7, 0xCF, 0x27,
    0x2C, 0x22, 0x9E, 0xEB, 0xAC, 0xE4, 0x1C, 0xA2, 0xD0, 0xAC, 0x55, 0xF7, 0x28, 0xBE, 0x33, 0xE0,
    0xCA, 0x84, 0xD1, 0x2F, 0x3E, 0x6B, 0xE9, 0xB5, 0x0B, 0x21, 0x50, 0x7C, 0xFC, 0x56, 0x58, 0x13,
    0x95, 0xE2, 0x79, 0x7B, 0xA4, 0x72, 0x7B, 0x45, 0xF4, 0x35, 0x79, 0xEB, 0x99, 0x40, 0xAE, 0x36,
    0x65, 0x1F, 0xAA, 0x2B, 0x42, 0x70, 0xE4, 0xA7, 0x0E, 0xF6, 0x98, 0x17, 0x8D, 0x26, 0x75, 0x23,
    0x1E, 0x95, 0xED, 0xC2, 0x3F, 0x1F, 0x17, 0x4D, 0xC3, 0xBF, 0xD9, 0x0F, 0xE2, 0x10, 0x42, 0x47,
    0x11, 0x3E, 0x82, 0x6F, 0x01, 0x51, 0x05, 0x59, 0x0F, 0xE5, 0x00, 0x57, 0x13, 0xE2, 0x71, 0xC6,
    0xAE, 0x3B, 0x43, 0x5E, 0xDD, 0xC6, 0x8F, 0x3F, 0x35, 0xC5, 0xE6, 0x0B, 0x7E, 0x2B, 0xFE, 0x64,
    0xCC, 0xFE, 0x0B, 0x69, 0xB7, 0xAD, 0xC9, 0x76, 0x2D, 0x79, 0xB5, 0x7C, 0x2E, 0x64, 0x8B, 0x56,
    0x45, 0x45, 0xDE, 0x5E, 0x22, 0x0B, 0x23, 0xE2, 0x15, 0x58, 0x34, 0x42, 0xDA, 0x9E, 0x8C, 0x8C,
    0xC3, 0x06, 0xA9, 0x63, 0x77, 0xAC, 0x67, 0x8A, 0x2E, 0x0E, 0xD4, 0x16, 0x53, 0x97, 0xE4, 0x8D,
    0x2B, 0x8A, 0x4A, 0x5D, 0xD9, 0x53, 0x1E, 0xDF, 0x9F, 0x49, 0xC3, 0x0A, 0xFE, 0x9F, 0xFE, 0x3E,
    0xD7, 0xE5, 0x17, 0xFC, 0x18, 0xCE, 0xFC, 0x06, 0xEA, 0x7F, 0x3B, 0xB0, 0x76, 0x3A, 0xE9, 0x11,
    0x54, 0x5E, 0xF6, 0x7E, 0x01, 0xBB, 0x26, 0xA9, 0x16, 0x40, 0x39, 0xD2, 0x8F, 0x0F, 0x48, 0x56,
    0x7C, 0xF6, 0x0D, 0xF0, 0xD9, 0xE8, 0x91, 0x7F, 0x02, 0xD1, 0x11, 0xE2, 0x55, 0x93, 0x19, 0xBC,
    0x07, 0xBC, 0xF4, 0x7D, 0x91, 0x36, 0x50, 0x6C, 0xE9, 0x4E, 0x92, 0xDE, 0xF0, 0xD9, 0xE8, 0x85,
    0x97, 0x7D, 0x9C, 0x27, 0x23, 0xC4, 0xF3, 0xAA, 0xD3, 0xAA, 0x03, 0xEC, 0x7A, 0xC8, 0x2A, 0xF8,
    0x02, 0x5C, 0x0F, 0x9A, 0xDD, 0x46, 0x65, 0xEB, 0x17, 0x70, 0x07, 0x5C, 0x82, 0x23, 0xD8, 0x83,
    0x3B, 0x9F, 0xA1, 0xDE, 0x39, 0xE1, 0x2C, 0x0A, 0x2D, 0xD7, 0x0F, 0x15, 0xF2, 0x0F, 0x47, 0x50,
    0x9B, 0xC1, 0x07, 0x7E, 0xE9, 0x99, 0xEB, 0xB9, 0x3E, 0x0E, 0x61, 0x89, 0x5D, 0x12, 0x8E, 0xBC,
    0x7A, 0xA0, 0xE8, 0x88, 0x47, 0x8A, 0x66, 0x23, 0x5D, 0x56, 0x24, 0x03, 0x25, 0x76, 0x5B, 0x94,
    0xF6, 0x9C, 0xDB, 0xFC, 0x5C, 0xB1, 0xFA, 0x3F, 0xAC, 0xBE, 0x43, 0x98, 0x91, 0x6F, 0x51, 0xF1,
    0xAF, 0xDF, 0xFC, 0x95, 0x09, 0x65, 0xB5, 0x56, 0xA9, 0xDC, 0xAA, 0x54, 0x6F, 0x55, 0x3A, 0xDF,
    0xAA, 0x74, 0xB5, 0x55, 0xE9, 0x60, 0x43, 0x34, 0x6F, 0x55, 0x46, 0x33, 0xF9, 0x3A, 0x04, 0xBA,
    0x38, 0x1C, 0xD9, 0x87, 0x76, 0x17, 0x0E, 0x88, 0xDE, 0xC1, 0x6E, 0x42, 0x7E, 0x44, 0x5D, 0x13,
    0xCF, 0x79, 0x23, 0xED, 0x77, 0xAD, 0x48, 0x04, 0x70, 0x0B, 0x69, 0xA8, 0xC8, 0x16, 0x51, 0x62,
    0x93, 0xF3, 0xEB, 0xDE, 0x9F, 0xAF, 0x65, 0xDA, 0xCD, 0xA2, 0xB1, 0x3C, 0x8A, 0x87, 0x63, 0x90,
    0xFC, 0x5D, 0x5F, 0x4A, 0xFE, 0xA6, 0xB9, 0x63, 0xF7, 0xD0, 0x99, 0x74, 0x76, 0x21, 0x1B, 0xCD,
    0xB2, 0xC1, 0x24, 0x6B, 0xA3, 0x51, 0xDE, 0xC6, 0x83, 0xA2, 0x4A, 0x06, 0xA5, 0xA4, 0x6F, 0x4A,
    0xBB, 0x3F, 0xEF, 0xCE, 0xA5, 0xA1, 0xBD, 0x94, 0x06, 0xF3, 0xD6, 0x40, 0xD5, 0xA7, 0xC0, 0x3C,
    0xAC, 0x88, 0xA2, 0xB0, 0x94, 0x83, 0x78, 0x8B, 0x3F, 0x62, 0xCC, 0x9F, 0x80, 0xEF, 0xE7, 0xC3,
    0x1F, 0x52, 0x86, 0x03, 0xA7, 0xF8, 0xE2, 0xDF, 0x13, 0x8D, 0xF9, 0x41, 0x3C, 0xEC, 0x83, 0xE4,
    0x6F, 0xC7, 0xFA, 0x31, 0xBE, 0xF6, 0xFC, 0x1A, 0xDF, 0xA5, 0x6C, 0xBA, 0xC6, 0xD7, 0x7D, 0x7A,
    0x7C, 0x0B, 0xA6, 0x9F, 0x94, 0x1E, 0xBE, 0x24, 0x0F, 0x47, 0x5F, 0xCA, 0x66, 0x3F, 0xB1, 0xEB,
    0x9F, 0x18, 0xC5, 0xC3, 0x82, 0x76, 0xC1, 0xBA, 0xFA, 0x4F, 0x96, 0x6B, 0xD8, 0x3C, 0xA7, 0xFD,
    0xE6, 0x35, 0x6B, 0xB7, 0x2B, 0x6F, 0x37, 0xE4, 0x65, 0x45, 0x89, 0xFA, 0x64, 0x17, 0x68, 0xF3,
    0x23, 0x9A, 0x57, 0x14, 0xF6, 0xA1, 0xE3, 0x26, 0xD1, 0x71, 0x67, 0x17, 0xBE, 0x59, 0x65, 0xDF,
    0x0D, 0xB2, 0x64, 0x16, 0xB9, 0xEF, 0xB4, 0x7C, 0x71, 0xA6, 0x3C, 0x70, 0x6B, 0xB6, 0x7D, 0x7F,
    0xB2, 0x35, 0x63, 0xB0, 0x35, 0xA3, 0x27, 0xED, 0x4E, 0xD2, 0xFF, 0x0B, 0xCA, 0x6F, 0x52, 0x1E,
    0x29, 0x27, 0xCA, 0xEE, 0xE4, 0xD1, 0x90, 0x85, 0xA3, 0x3C, 0x1C, 0x96, 0x9F, 0xF2, 0x2F, 0xCA,
    0xE3, 0xF2, 0x06, 0x2A, 0x0D, 0x61, 0xBD, 0xF0, 0xFC, 0xBC, 0xA5, 0x12, 0x59, 0xF3, 0x39, 0xD9,
    0x7F, 0x5F, 0x7A, 0x78, 0x14, 0x87, 0x96, 0x9B, 0x2F, 0xC4, 0x23, 0x24, 0x6D, 0x5C, 0xED, 0xBA,
    0xB4, 0xDA, 0x1D, 0x8F, 0xE2, 0x30, 0x51, 0x3F, 0xA7, 0x7E, 0x7C, 0x9E, 0x3E, 0xBE, 0x84, 0x0F,
    0x30, 0x10, 0x2F, 0xD7, 0xE1, 0x2E, 0xA1, 0xA7, 0x6E, 0x88, 0xD6, 0x2A, 0x8B, 0x4E, 0xF9, 0x58,
    0xAB, 0x27, 0xAC, 0x95, 0x87, 0xD5, 0xD8, 0x2C, 0x9A, 0xC4, 0xA3, 0x64, 0xDB, 0x3F, 0xEB, 0x17,
    0x47, 0x59, 0x2B, 0x6F, 0x17, 0x3B, 0xE5, 0x37, 0x17, 0x33, 0xE5, 0xA4, 0xEC, 0xA5, 0xCD, 0x92,
    0xEB, 0x0D, 0xEE, 0x71, 0x4E, 0x39, 0xDA, 0x7E, 0xF6, 0xA1, 0x6C, 0xD9, 0x2F, 0x57, 0xC5, 0xCF,
    0x79, 0x51, 0xC3, 0xF4, 0x1F, 0x62, 0xA3, 0x73, 0x63, 0x6B, 0x54, 0x11, 0xC6, 0xA5, 0x5D, 0x65,
    0x18, 0x96, 0xA6, 0x45, 0xC7, 0xAD, 0x75, 0xF3, 0xDA, 0xC0, 0x68, 0x09, 0x83, 0x78, 0x5A, 0x9B,
    0x99, 0x8C, 0x6B, 0x4B, 0x93, 0x81, 0xAC, 0xDB, 0x42, 0x6B, 0xB7, 0x86, 0xD5, 0x41, 0xDE, 0xAE,
    0x26, 0x8A, 0x66, 0xF5, 0x50, 0x5E, 0xBF, 0x62, 0xCB, 0x1B, 0xEA, 0xCD, 0xD0, 0x82, 0xAB, 0xE2,
    0x8A, 0x12, 0x07, 0x6A, 0xCC, 0x5C, 0x6D, 0x86, 0x0E, 0x9B, 0xA7, 0xD9, 0x62, 0x2B, 0x9A, 0xB1,
    0xB5, 0xC6, 0x86, 0x8A, 0x5F, 0xCB, 0x7A, 0x08, 0x0B, 0x63, 0x42, 0x00, 0xF5, 0xC8, 0x75, 0x89,
    0xB8, 0xB1, 0xE4, 0xDF, 0x2B, 0x3A, 0x41, 0xD9, 0x46, 0x47, 0x45, 0x65, 0xC6, 0xB3, 0x6E, 0xE1,
    0x77, 0xFB, 0xF2, 0x10, 0x85, 0xE1, 0xD6, 0xEC, 0xDB, 0xBD, 0xD9, 0xAE, 0x8B, 0x26, 0x69, 0x17,
    0x8F, 0xB2, 0x36, 0x19, 0x6C, 0xD2, 0xEC, 0x7A, 0x79, 0x95, 0x76, 0xDB, 0x6A, 0xA6, 0x94, 0xB7,
    0xCA, 0x05, 0xE6, 0xF9, 0x82, 0xF3, 0x72, 0x01, 0x3A, 0x2B, 0xA7, 0x45, 0x96, 0x2F, 0xDE, 0xD8,
    0x9A, 0x9A, 0x6C, 0xDB, 0x9F, 0xDC, 0x5C, 0x60, 0x7C, 0x50, 0x23, 0x1C, 0x16, 0x19, 0xF1, 0xF3,
    0x15, 0x70, 0xE2, 0x2C, 0x9B, 0xA1, 0x0C, 0x70, 0x58, 0x50, 0xED, 0x86, 0xB4, 0x25, 0x6D, 0xE2,
    0x86, 0xD3, 0x92, 0x85, 0x79, 0xD5, 0x09, 0xD1, 0xBE, 0x82, 0x73, 0x70, 0x05, 0x0E, 0x60, 0x86,
    0xE8, 0x74, 0x19, 0x38, 0x42, 0xB2, 0xE9, 0xC0, 0x27, 0x6C, 0x26, 0xAC, 0x9A, 0x7F, 0xE2, 0x0B,
    0x8B, 0xAB, 0x93, 0x24, 0x13, 0xBE, 0xB2, 0x56, 0x59, 0xEF, 0xBB, 0x45, 0x43, 0x83, 0x62, 0x72,
    0x5A, 0x5E, 0x81, 0xB2, 0x41, 0x68, 0x89, 0x1F, 0xF5, 0xA4, 0xFF, 0x69, 0x20, 0xFF, 0xFA, 0xC8,
    0x99, 0x3F, 0xE1, 0xCB, 0x6E, 0x3A, 0x29, 0xEF, 0x0E, 0x08, 0x8B, 0x7C, 0x7B, 0xA5, 0xB9, 0xC8,
    0xAE, 0x5F, 0xA4, 0xC3, 0x42, 0x46, 0x76, 0x2D, 0xF9, 0x9A, 0xF1, 0x13, 0x97, 0x31, 0xD3, 0xCA,
    0xE0, 0xB4, 0xA6, 0xB5, 0x5F, 0xFE, 0xD9, 0xBB, 0x15, 0xE1, 0x88, 0xFD, 0x84, 0x9F, 0xDE, 0x9C,
    0x86, 0xBE, 0x0C, 0xAD, 0x32, 0x74, 0x75, 0xA8, 0xBC, 0x7A, 0x90, 0x8D, 0xEB, 0x97, 0xCB, 0x66,
    0x25, 0x78, 0x5C, 0x6B, 0x59, 0x51, 0xEE, 0x86, 0xBC, 0x5B, 0x21, 0xD6, 0x90, 0xFD, 0xF9, 0xB4,
    0x86, 0x3F, 0xDD, 0x98, 0x86, 0x0A, 0xF2, 0x2D, 0x14, 0xEF, 0xB7, 0x50, 0x7E, 0xB3, 0x5F, 0xC3,
    0x6E, 0x84, 0x3A, 0x9E, 0xE1, 0x5C, 0x80, 0x2B, 0x75, 0x83, 0x83, 0xA2, 0xC7, 0x2C, 0x9B, 0x88,
    0x66, 0x49, 0xA0, 0x08, 0x83, 0xF5, 0x5E, 0x1F, 0x14, 0x03, 0x88, 0xAA, 0x45, 0xB0, 0x31, 0x58,
    0x43, 0xE7, 0x34, 0xB4, 0xA0, 0x00, 0xEE, 0x01, 0x77, 0xC1, 0x2D, 0x76, 0xA1, 0x95, 0x86, 0x66,
    0x45, 0xB7, 0x92, 0x2B, 0x6D, 0xD7, 0x39, 0x2E, 0x96, 0x2B, 0x9F, 0x4C, 0xFB, 0x83, 0x47, 0xFD,
    0x65, 0x14, 0xAA, 0xB3, 0xF8, 0xE0, 0x22, 0x99, 0xA2, 0x29, 0x19, 0x76, 0xC3, 0xAE, 0xAB, 0x9B,
    0x34, 0x1C, 0x64, 0xA1, 0x93, 0x7D, 0xB7, 0x95, 0xFD, 0x56, 0x2F, 0xFF, 0xC6, 0xA4, 0x88, 0x8E,
    0x4A, 0xFB, 0xAE, 0x54, 0x84, 0x33, 0xBB, 0x03, 0xEE, 0x8A, 0x50, 0x2C, 0x79, 0x5A, 0xF2, 0x25,
    0x56, 0xDC, 0xC1, 0x84, 0xFB, 0x80, 0x2F, 0x4E, 0x82, 0x7A, 0xDA, 0x05, 0xB7, 0xA6, 0x3C, 0x88,
    0xC6, 0x73, 0xA2, 0xEF, 0x2F, 0xCC, 0xFF, 0xAE, 0x23, 0x79, 0x58, 0x59, 0x21, 0xD8, 0x85, 0x8A,
    0xF4, 0x61, 0xB3, 0x20, 0x6E, 0xC9, 0x3E, 0xEC, 0xC9, 0xBF, 0x33, 0x46, 0x8A, 0xAF, 0xCF, 0x9F,
    0x53, 0x08, 0x97, 0x4A, 0xE5, 0xE4, 0x8E, 0xBC, 0xBF, 0xA6, 0x73, 0x03, 0x7E, 0x01, 0xD1, 0x01,
    0xD9, 0x8C, 0xFD, 0x48, 0x74, 0x84, 0xEA, 0xC9, 0x19, 0x7A, 0x91, 0x9E, 0x57, 0x0F, 0xD7, 0xC3,
    0x65, 0x95, 0x01, 0xBB, 0x45, 0xD2, 0x7E, 0x23, 0xEC, 0x74, 0xF4, 0x3D, 0xFB, 0xC5, 0x27, 0xE7,
    0x7C, 0xCD, 0x15, 0x1F, 0x38, 0x30, 0x9A, 0xC5, 0xC3, 0xE3, 0xED, 0xB6, 0x3F, 0xEA, 0x8B, 0x10,
    0x42, 0xB7, 0x7F, 0x2C, 0xAD, 0xAD, 0x71, 0xF1, 0x41, 0x71, 0x88, 0xC2, 0x98, 0x7C, 0x04, 0x70,
    0x4B, 0x1A, 0xAA, 0x2C, 0x54, 0x0A, 0x4A, 0x4A, 0xCE, 0xB9, 0xE4, 0xA9, 0xF9, 0x3D, 0xE9, 0xED,
    0x3A, 0x69, 0x2B, 0x5B, 0xFF, 0xCB, 0x1B, 0x45, 0xA5, 0x7C, 0x45, 0xF9, 0x25, 0xF5, 0x41, 0x3D,
    0x2A, 0x5B, 0x37, 0x7E, 0x74, 0xDE, 0xB8, 0x89, 0x78, 0x46, 0xB4, 0x88, 0xF5, 0xD3, 0x75, 0xDE,
    0xAC, 0xC1, 0x8F, 0x43, 0x74, 0xD7, 0x7E, 0x14, 0x46, 0xF1, 0xF0, 0xC4, 0x93, 0xEB, 0xC4, 0x16,
    0x25, 0x77, 0x38, 0xE3, 0xE2, 0x09, 0x16, 0x77, 0x93, 0xEF, 0xF7, 0xBB, 0xD0, 0xED, 0x42, 0x95,
    0xCC, 0x54, 0x54, 0x8B, 0x95, 0xB4, 0x5F, 0xAB, 0x69, 0xE5, 0x95, 0xDB, 0xBC, 0x03, 0x7C, 0x1E,
    0x6E, 0xC3, 0xD9, 0xC2, 0xE5, 0x62, 0xE1, 0x32, 0x2D, 0x5C, 0xC6, 0xA5, 0xAE, 0x41, 0x32, 0x46,
    0xEB, 0xE3, 0xAD, 0x7A, 0x5E, 0x5C, 0x2A, 0xA2, 0x61, 0xE5, 0x70, 0x2B, 0x1E, 0xD2, 0xF0, 0x8D,
    0x3E, 0x0B, 0xDF, 0x68, 0x15, 0xBB, 0x46, 0xB9, 0xA3, 0x8C, 0x38, 0xC7, 0x25, 0x9E, 0xBD, 0xDE,
    0x92, 0xF4, 0xEC, 0x3A, 0x8B, 0x33, 0xD9, 0x7A, 0x9D, 0xDC, 0xC9, 0xAF, 0x58, 0x7A, 0x5F, 0x7D,
    0xA0, 0x1E, 0x29, 0x5B, 0x6E, 0x7C, 0xFA, 0xE1, 0xFD, 0xF9, 0xC5, 0xEA, 0x41, 0xD6, 0x26, 0xAB,
    0xCC, 0xF2, 0x36, 0x1A, 0xFF, 0xA1, 0x56, 0x6F, 0x91, 0x86, 0x6A, 0x9B, 0x0A, 0x0B, 0x94, 0xDB,
    0xF5, 0x6C, 0x7B, 0x91, 0x64, 0x58, 0x1E, 0xB8, 0x65, 0x9B, 0xF4, 0x65, 0xBB, 0xEB, 0x8A, 0xE7,
    0x61, 0x8F, 0xEC, 0xCF, 0x7A, 0xB2, 0x87, 0x8B, 0x1C, 0x51, 0x2C, 0x5F, 0x08, 0x0D, 0x65, 0xA8,
    0xF8, 0xEA, 0xFF, 0x95, 0xBD, 0xE8, 0x2E, 0xFB, 0x91, 0x30, 0x12, 0x0F, 0xCF, 0x5E, 0x0E, 0xAF,
    0x6D, 0xFF, 0x77, 0x14, 0x07, 0xCA, 0x9E, 0xBA, 0x12, 0x1F, 0xB7, 0x3F, 0x6F, 0x5F, 0x3C, 0xAB,
    0x87, 0xEF, 0x7A, 0x3C, 0x94, 0xED, 0x42, 0x67, 0x17, 0x2A, 0xC9, 0x8C, 0x0A, 0xAE, 0x63, 0xD2,
    0x82, 0xA2, 0x3D, 0xD9, 0xDC, 0x48, 0x8F, 0x6C, 0x66, 0xE0, 0xF3, 0x9E, 0x2A, 0xE5, 0x28, 0x09,
    0xB3, 0x72, 0x92, 0x84, 0xC9, 0x6E, 0xA6, 0xD8, 0x76, 0xF5, 0x4B, 0x92, 0xC0, 0x9D, 0x25, 0x34,
    0x4B, 0xD8, 0x3D, 0x6C, 0x9D, 0x91, 0x7E, 0xB7, 0x73, 0xB1, 0xCC, 0xB4, 0x83, 0x99, 0xEC, 0x3B,
    0xA3, 0x89, 0xFC, 0x97, 0x27, 0x23, 0xB9, 0x39, 0x1A, 0x29, 0x5C, 0x2D, 0xAE, 0x4B, 0xE5, 0xF6,
    0x22, 0xBB, 0xFC, 0x4E, 0xCF, 0x99, 0xFC, 0xC3, 0x8E, 0x0B, 0xD9, 0x5F, 0xB6, 0xCC, 0x76, 0x8F,
    0xD6, 0x90, 0x84, 0x96, 0x49, 0x14, 0x1A, 0xD1, 0x48, 0xA8, 0x14, 0xA1, 0xB1, 0x67, 0x1F, 0x1A,
    0x25, 0x70, 0x13, 0x7C, 0x19, 0xCE, 0x60, 0xDE, 0x7A, 0x70, 0x63, 0x29, 0xAF, 0xF0, 0xD5, 0xA7,
    0xD7, 0x70, 0x53, 0x7C, 0x54, 0x4F, 0x79, 0xA8, 0x6E, 0x4D, 0xF5, 0xBE, 0x89, 0x7E, 0x30, 0x16,
    0x55, 0xF4, 0xF7, 0x5D, 0x51, 0xC5, 0x8F, 0xAA, 0x72, 0x71, 0x58, 0x2E, 0x0C, 0xCF, 0xED, 0x46,
    0x97, 0xD2, 0xC1, 0x2C, 0xEB, 0x16, 0x69, 0xA3, 0x49, 0xDE, 0xC4, 0xE3, 0xCF, 0x16, 0x55, 0xF2,
    0xFD, 0xA1, 0x90, 0x3C, 0xEA, 0xCB, 0x05, 0xC1, 0x1D, 0xF1, 0x01, 0xAA, 0xCF, 0x0C, 0xB3, 0xA7,
    0xD6, 0x01, 0xFD, 0xB3, 0xD6, 0x01, 0x95, 0x6B, 0xAE, 0xDC, 0x7D, 0x11, 0xF8, 0xA2, 0xEB, 0xF4,
    0x59, 0x77, 0x7A, 0x14, 0x40, 0x5E, 0xE1, 0xEC, 0xA4, 0x1D, 0x8D, 0xF7, 0xAE, 0xD7, 0x54, 0xE2,
    0x69, 0x6B, 0xF2, 0xA1, 0x06, 0xF5, 0x0C, 0xF2, 0x01, 0xA4, 0xED, 0x67, 0x76, 0x64, 0x47, 0xD5,
    0xAB, 0x95, 0x5D, 0x9B, 0x57, 0x92, 0xEE, 0x9C, 0xE4, 0xFB, 0x13, 0xD1, 0xA3, 0x1E, 0xFB, 0x16,
    0xE5, 0x8B, 0x1C, 0xD9, 0x15, 0xD8, 0x8D, 0x5B, 0x98, 0x40, 0x72, 0xFA, 0x3B, 0xCB, 0xAE, 0x3F,
    0xE5, 0x9D, 0x35, 0xA0, 0x88, 0xF6, 0x55, 0xD1, 0xBB, 0xB7, 0x0B, 0xBF, 0x19, 0x46, 0x37, 0xA3,
    0xB7, 0x7F, 0xEB, 0xD1, 0x88, 0xFC, 0xED, 0x5F, 0x1E, 0x51, 0x9C, 0x6D, 0x3B, 0x6C, 0xE3, 0x5A,
    0x45, 0xD9, 0x6F, 0xA1, 0x5D, 0x6B, 0xAA, 0xAB, 0xB4, 0xC3, 0x5E, 0xD6, 0xE2, 0xB0, 0x85, 0x59,
    0x5E, 0x11, 0x4D, 0x8A, 0x78, 0x5B, 0x5F, 0xE7, 0x6B, 0xFA, 0xF2, 0x6A, 0x0B, 0xD3, 0xDA, 0x8A,
    0xB2, 0x03, 0x37, 0xFE, 0x5F, 0x7A, 0xFA, 0x3F, 0x7E, 0xFA, 0x9E, 0x2E, 0xB6, 0x9E, 0xCE, 0x3E,
    0x7D, 0x4F, 0xD7, 0x6B, 0x4F, 0x3F, 0x71, 0x1E, 0xF4, 0x02, 0x5E, 0x8B, 0x46, 0xD6, 0x67, 0xCD,
    0x1A, 0x42, 0x03, 0xE9, 0xE1, 0x87, 0xDC, 0xCD, 0xDB, 0x3E, 0x61, 0xB1, 0x22, 0x5B, 0x80, 0xDD,
    0x39, 0xBD, 0xD3, 0x1A, 0x14, 0x70, 0x87, 0xF8, 0xCF, 0x66, 0x92, 0x30, 0xD8, 0x8C, 0xF8, 0x43,
    0xA7, 0x4B, 0xDF, 0x79, 0xD5, 0xC9, 0x76, 0x12, 0xE5, 0x59, 0xA5, 0x08, 0x1D, 0x71, 0x08, 0x33,
    0xF9, 0x47, 0xDF, 0x0E, 0xD4, 0x8D, 0xBA, 0x89, 0x0E, 0x14, 0x6D, 0x32, 0x91, 0xF5, 0xE9, 0x40,
    0x3A, 0x64, 0xED, 0xA2, 0x45, 0xCB, 0x6E, 0x28, 0xAB, 0x55, 0x2D, 0x5A, 0x23, 0x1D, 0xF6, 0xC8,
    0xFA, 0x55, 0xBB, 0x45, 0xF3, 0x76, 0xD1, 0xB2, 0xA9, 0x51, 0x2B, 0x2B, 0x0E, 0xCA, 0x56, 0x32,
    0xC9, 0x7B, 0xF9, 0x20, 0x3D, 0xBC, 0x72, 0x7D, 0xD6, 0x4D, 0x7D, 0x7D, 0xD6, 0xED, 0xD3, 0x9D,
    0x0E, 0xDF, 0x9E, 0xEB, 0x03, 0xC7, 0xFF, 0x7F, 0x96, 0x8C, 0x0E, 0xD2, 0xDE, 0x41, 0xDE, 0xBA,
    0x52, 0x54, 0xAE, 0x94, 0x5C, 0xAA, 0x39, 0x38, 0x67, 0x76, 0x25, 0x9A, 0x5C, 0x49, 0x46, 0x57,
    0xD2, 0x5E, 0x2D, 0x6F, 0x95, 0xED, 0x9E, 0x3C, 0xCC, 0xEC, 0x42, 0xF7, 0xC4, 0xC3, 0xF5, 0x67,
    0xFC, 0x18, 0x4A, 0x6F, 0x2C, 0xFA, 0x9F, 0x27, 0xE4, 0xA1, 0x5F, 0x13, 0x57, 0x70, 0xF3, 0x25,
    0x47, 0x78, 0xBD, 0xF7, 0x67, 0xD9, 0xFC, 0xB3, 0xEC, 0xFE, 0x89, 0xAF, 0xCF, 0x80, 0xBF, 0x68,
    0x98, 0x7E, 0xC2, 0x17, 0x70, 0xEE, 0x92, 0x38, 0x24, 0x07, 0xD2, 0x39, 0x9F, 0x28, 0xFB, 0xBA,
    0xE3, 0xE8, 0x80, 0xF7, 0xDC, 0x7F, 0xC9, 0x91, 0xDE, 0x50, 0x51, 0x24, 0x3D, 0xF5, 0x92, 0xF8,
    0x90, 0x75, 0x92, 0xA9, 0x6C, 0xA4, 0xFD, 0x25, 0x59, 0x35, 0xAE, 0xFF, 0xC7, 0x0B, 0xE2, 0xFA,
    0xC5, 0xF0, 0xB8, 0x8C, 0xA2, 0xB0, 0xC5, 0x34, 0xFC, 0xFE, 0xFE, 0xC1, 0x1F, 0x0D, 0xCA, 0x5E,
    0x29, 0x1A, 0x04, 0x6A, 0x51, 0x9F, 0xCC, 0x9C, 0x8B, 0xDA, 0xDD, 0xC0, 0xE5, 0x4A, 0x80, 0xC3,
    0xCA, 0x80, 0x19, 0x65, 0x25, 0x5A, 0x23, 0xF1, 0xF1, 0xF1, 0xD7, 0xEB, 0x95, 0xF7, 0x60, 0x4F,
    0xF2, 0xF1, 0x83, 0xFB, 0x6B, 0x1C, 0x58, 0xE2, 0x6E, 0x8B, 0xD2, 0x7E, 0x8B, 0x59, 0xE7, 0x86,
    0xBA, 0x92, 0xB5, 0x3E, 0xA7, 0x6C, 0x97, 0xF8, 0xFA, 0x82, 0x2F, 0x6F, 0x9C, 0x49, 0x8F, 0xEA,
    0xBF, 0x78, 0x30, 0x8B, 0xC3, 0x52, 0x26, 0xEA, 0xAD, 0x99, 0xBC, 0xE9, 0x09, 0x40, 0xE9, 0x71,
    0x45, 0x54, 0x87, 0xE6, 0x31, 0xA4, 0x8F, 0xC7, 0xBC, 0x4D, 0x46, 0xA1, 0xCD, 0xDA, 0xB4, 0x17,
    0xAA, 0xBC, 0xC9, 0x5B, 0x7B, 0x65, 0xB5, 0xC2, 0x3A, 0x2A, 0xB9, 0x48, 0xC7, 0x15, 0x58, 0x68,
    0x9C, 0x13, 0x26, 0x0B, 0xB4, 0x63, 0x65, 0xC1, 0x36, 0xB1, 0x80, 0x9B, 0xBD, 0xB2, 0xA0, 0x3B,
    0x28, 0x16, 0x78, 0xE1, 0x77, 0xE7, 0x05, 0x5F, 0x19, 0x86, 0x05, 0x60, 0x1E, 0xAA, 0x15, 0xE1,
    0x69, 0x3F, 0x45, 0x03, 0xA4, 0xAB, 0xD6, 0x8B, 0x26, 0xA1, 0x41, 0x36, 0xC2, 0x2B, 0x4E, 0xCB,
    0x4A, 0x7E, 0xC9, 0xB6, 0x5F, 0x30, 0xF9, 0x83, 0x29, 0x9D, 0x48, 0xC6, 0x6D, 0x33, 0xD5, 0x61,
    0xD5, 0x4B, 0x76, 0xBD, 0xC3, 0x8A, 0x6A, 0x5E, 0x40, 0xC5, 0x13, 0x59, 0x9B, 0x0E, 0x8B, 0xD6,
    0x1D, 0x79, 0x38, 0xA2, 0x08, 0x3D, 0xCA, 0xDF, 0xED, 0x16, 0x5D, 0x29, 0xD7, 0xC9, 0x88, 0xF3,
    0x68, 0xC6, 0xA5, 0x80, 0x59, 0xD9, 0x2C, 0x9A, 0xF7, 0xA2, 0x59, 0x3A, 0x2D, 0x5F, 0x8A, 0x43,
    0xB5, 0x0F, 0xBD, 0xBA, 0xDD, 0x5A, 0x47, 0xD4, 0x90, 0xF4, 0x64, 0x3D, 0x45, 0x4B, 0x8D, 0x09,
    0xFD, 0x13, 0xCF, 0xA2, 0xAC, 0xAB, 0xE7, 0xB2, 0xBF, 0x35, 0x85, 0xCE, 0x0F, 0x7E, 0xD0, 0x44,
    0x7F, 0xDF, 0x8A, 0x1E, 0x6D, 0xBF, 0x58, 0x92, 0x99, 0x64, 0xBA, 0xDE, 0xAF, 0x7E, 0xFA, 0x87,
    0x19, 0xCA, 0x97, 0x98, 0xC0, 0x0D, 0x50, 0x7B, 0x72, 0x47, 0x73, 0xD3, 0x0B, 0x88, 0x07, 0x88,
    0x2A, 0x40, 0xB4, 0x6F, 0x0E, 0xBB, 0xF0, 0xE1, 0x31, 0x7A, 0xFB, 0x77, 0x0E, 0xB2, 0xB7, 0xFF,
    0x91, 0xFC, 0x1E, 0xF9, 0x9F, 0x50, 0xF4, 0x94, 0xAD, 0x35, 0x6B, 0x8D, 0xAB, 0xFF, 0xFD, 0x2F,
    0x75, 0x60, 0xB1, 0x47, 0x7A, 0xFA, 0x96, 0xA4, 0xE2, 0x0C, 0xEF, 0xB0, 0xEA, 0x57, 0x30, 0xAD,
    0x96, 0x0E, 0x0B, 0x60, 0xE5, 0xDB, 0x2D, 0xF2, 0x23, 0x2C, 0xF0, 0x88, 0xFB, 0x97, 0x7C, 0x8C,
    0xFD, 0x98, 0x2F, 0xBB, 0x6D, 0x5E, 0xEB, 0xC8, 0xBF, 0xD9, 0xCA, 0x02, 0xBB, 0x99, 0x64, 0x7C,
    0x1E, 0x63, 0x2C, 0x82, 0x14, 0xEA, 0x8A, 0x24, 0xA0, 0x38, 0xA0, 0x6E, 0x9E, 0x7A, 0xF0, 0xC6,
    0xE1, 0x23, 0x8A, 0x10, 0x1A, 0xFB, 0xAA, 0xAE, 0xA2, 0x59, 0x5E, 0xC5, 0xA3, 0x7C, 0x41, 0xF4,
    0x25, 0xC9, 0xE8, 0x0B, 0x6B, 0xDE, 0xB5, 0x01, 0x84, 0x15, 0xC3, 0x84, 0x34, 0x54, 0x44, 0xEB,
    0xDF, 0xC5, 0x68, 0xF5, 0xF2, 0x05, 0xF1, 0xEC, 0x0D, 0x66, 0xF7, 0x16, 0xB9, 0xB4, 0xCD, 0xC4,
    0x83, 0xFD, 0xFD, 0xBC, 0x57, 0x2F, 0x29, 0x76, 0xDB, 0x1A, 0x0A, 0x68, 0x49, 0xD6, 0xA7, 0x0F,
    0x79, 0x4B, 0x89, 0xF9, 0xA9, 0x9B, 0x4E, 0x1A, 0xA8, 0x43, 0x13, 0x7D, 0xF4, 0xF6, 0x7A, 0x1A,
    0x7F, 0x1D, 0x3A, 0xE3, 0xD6, 0x1E, 0xA1, 0xA5, 0x1C, 0x48, 0x67, 0xA2, 0x03, 0xAE, 0xFC, 0x92,
    0x73, 0x17, 0xEE, 0xD9, 0xFF, 0xCB, 0x49, 0x1D, 0x7A, 0x79, 0xA8, 0x4E, 0x1D, 0x2F, 0xEC, 0xE4,
    0x33, 0xEA, 0x23, 0xD1, 0x5C, 0x56, 0x76, 0x43, 0xD6, 0x4A, 0xAB, 0xA4, 0x7A, 0x19, 0xA0, 0x2C,
    0x5A, 0x6F, 0xCE, 0x92, 0xD0, 0xAD, 0xBB, 0xB8, 0x45, 0x3C, 0xB8, 0x30, 0x78, 0x47, 0xF5, 0x1C,
    0xA0, 0xFC, 0x08, 0xCD, 0xAE, 0x52, 0xB6, 0x28, 0xFA, 0xEB, 0x77, 0x42, 0xEB, 0x9F, 0xD5, 0xD6,
    0x72, 0xEE, 0xFF, 0x90, 0x0D, 0x2F, 0x57, 0x72, 0x20, 0xBE, 0xC2, 0x1D, 0xDC, 0x23, 0x9A, 0xC8,
    0x3A, 0x7E, 0x1C, 0xE2, 0x2A, 0xBA, 0x6F, 0x39, 0xAC, 0xB9, 0x2D, 0x84, 0x92, 0xE9, 0x80, 0x30,
    0xA0, 0x6E, 0x91, 0xBF, 0x14, 0xB7, 0xCE, 0x0D, 0x5F, 0xF1, 0xBA, 0x59, 0x91, 0x0C, 0xF2, 0xDF,
    0x6E, 0x65, 0x0F, 0xAB, 0xCD, 0xD5, 0xF4, 0x5C, 0x6E, 0x9D, 0x3C, 0x3C, 0x2E, 0xC5, 0x22, 0xE5,
    0x83, 0xFD, 0x83, 0xAB, 0x3B, 0xAE, 0xDC, 0x7E, 0xC3, 0xA5, 0x37, 0xDE, 0x70, 0xF0, 0xC6, 0xD7,
    0xCC, 0x7E, 0x5D, 0xB4, 0x1A, 0x9D, 0x4E, 0x76, 0x15, 0xFF, 0x8F, 0x9B, 0xE7, 0xCD, 0xE9, 0x26,
    0xB1, 0xBA, 0x22, 0x0D, 0x33, 0xC5, 0x22, 0x27, 0xBB, 0xE3, 0xC7, 0x45, 0xC2, 0xE9, 0x9B, 0x2B,
    0xD1, 0xBC, 0xD5, 0xB9, 0xF5, 0x19, 0x2A, 0x76, 0x2D, 0x59, 0x43, 0x5E, 0x51, 0xF0, 0xEA, 0x3E,
    0xB4, 0x4B, 0xCF, 0xDC, 0xBA, 0x7A, 0xF3, 0xA9, 0xCD, 0xD4, 0xE8, 0x99, 0x1B, 0x92, 0x9F, 0x93,
    0x76, 0xE7, 0xD2, 0x47, 0xB3, 0x34, 0x0C, 0x92, 0xCD, 0xFB, 0x56, 0xF5, 0xCC, 0xAB, 0x33, 0xEE,
    0x61, 0x22, 0x19, 0xB6, 0x86, 0xFF, 0x7F, 0x10, 0x35, 0xDE, 0x93, 0xF4, 0xEB, 0x0B, 0xE0, 0xBC,
    0x15, 0xCD, 0xE7, 0xD8, 0x4F, 0x28, 0x7A, 0xA4, 0x0D, 0x80, 0x1F, 0x21, 0xC8, 0x5D, 0x7B, 0xB2,
    0x1B, 0x5E, 0x89, 0x72, 0xF2, 0xAF, 0x72, 0xE7, 0x17, 0x38, 0xC3, 0x05, 0x3F, 0x1D, 0x82, 0x7D,
    0x38, 0xFA, 0x95, 0x8F, 0xBE, 0xF5, 0xD4, 0xD9, 0x85, 0x67, 0xEF, 0xA5, 0x7F, 0x4D, 0xF1, 0xF5,
    0x49, 0xF1, 0x70, 0x50, 0x84, 0x56, 0x76, 0x40, 0xF5, 0x89, 0x16, 0xE7, 0x67, 0x5B, 0xF4, 0xED,
    0x8F, 0x2A, 0x71, 0x08, 0x9D, 0xE8, 0xFD, 0x8F, 0x9B, 0xA7, 0x2C, 0xE6, 0x9F, 0xC2, 0xE2, 0xA7,
    0xEF, 0xFE, 0x9F, 0x3A, 0xBC, 0xB9, 0xD8, 0x7C, 0x9C, 0xF3, 0x5B, 0x9F, 0xAE, 0xFB, 0xE5, 0xCD,
    0x3B, 0xA8, 0x87, 0x01, 0x21, 0x2C, 0x3A, 0x84, 0x0E, 0xEF, 0x15, 0x95, 0xA7, 0x4B, 0x1D, 0xDA,
    0x24, 0xCC, 0xEB, 0x3F, 0x8B, 0x9D, 0x76, 0x23, 0x75, 0xB5, 0x64, 0x28, 0xED, 0x06, 0xEE, 0x48,
    0xB7, 0xDD, 0x93, 0x6E, 0xD5, 0x96, 0x8B, 0xD5, 0xDD, 0xBC, 0xDA, 0x9B, 0x14, 0x95, 0x68, 0x54,
    0x56, 0xA2, 0x41, 0x49, 0x3C, 0x5C, 0xFF, 0x33, 0x23, 0x49, 0xEF, 0x8A, 0x5D, 0xB7, 0x68, 0xDA,
    0x2E, 0x9A, 0x35, 0xF6, 0x94, 0xD4, 0x8D, 0x03, 0xE5, 0x47, 0xEF, 0x4E, 0x64, 0x0B, 0x45, 0x71,
    0x38, 0x9E, 0xAC, 0xBA, 0x3F, 0x8F, 0xE8, 0xB8, 0xAB, 0x24, 0xE1, 0x77, 0x2A, 0xE9, 0x7F, 0x0D,
    0xA4, 0xDF, 0x38, 0x10, 0x79, 0xE7, 0x19, 0x2F, 0xFC, 0xD3, 0xB6, 0x9E, 0xE5, 0xED, 0xAD, 0xB5,
    0x4D, 0xB3, 0xA2, 0x8A, 0x26, 0xA5, 0x78, 0x54, 0xAE, 0x2D, 0x59, 0xE4, 0x72, 0x01, 0x36, 0x4B,
    0xBB, 0x68, 0x96, 0xB5, 0xC9, 0xF4, 0x58, 0xD2, 0x51, 0xDE, 0xBC, 0x3E, 0xFE, 0x6C, 0xDE, 0x5C,
    0x0C, 0x43, 0xFE, 0x97, 0xDF, 0x7F, 0xD4, 0x67, 0xA1, 0x0D, 0x6D, 0x7A, 0x74, 0xA4, 0xDA, 0x38,
    0x82, 0x7D, 0xB8, 0xC6, 0xE8, 0xD6, 0x9B, 0x9F, 0x09, 0x80, 0xEB, 0x46, 0xCA, 0x2E, 0x84, 0x6A,
    0x11, 0xF0, 0xE2, 0xB1, 0x7D, 0xCD, 0x97, 0x71, 0xE1, 0x8F, 0xB1, 0x7F, 0xAB, 0x47, 0x19, 0x1A,
    0xE4, 0x07, 0x50, 0xBD, 0xE4, 0x08, 0x41, 0xD2, 0x46, 0x8D, 0x5D, 0x9F, 0x56, 0x92, 0xE3, 0x9E,
    0x38, 0xCC, 0x78, 0xB7, 0x7B, 0xA1, 0x30, 0xBF, 0x05, 0xBB, 0x23, 0x64, 0xEF, 0x37, 0x78, 0x7D,
    0xD7, 0xE2, 0x8D, 0x64, 0xD1, 0xDB, 0xEB, 0xE7, 0xE2, 0xFD, 0x0A, 0xD9, 0x01, 0xA2, 0xBB, 0x2F,
    0x37, 0x52, 0xF9, 0x80, 0x7A, 0xC6, 0x78, 0x9B, 0x68, 0xB8, 0x4D, 0xDC, 0xAF, 0x9F, 0xEE, 0x21,
    0x8C, 0x28, 0xBB, 0x17, 0x3A, 0x52, 0x7D, 0xD9, 0x2F, 0xB2, 0x6D, 0x1E, 0xEF, 0xE6, 0x74, 0xA2,
    0x18, 0xCB, 0x81, 0xF0, 0x9B, 0xA1, 0x12, 0x4F, 0xC9, 0x48, 0xD4, 0xC4, 0xD5, 0x4B, 0x3E, 0x5E,
    0x6F, 0xA8, 0xC8, 0xE3, 0x81, 0x72, 0x37, 0x70, 0xCC, 0x7A, 0xF1, 0x5C, 0x2E, 0xC3, 0xF7, 0x9C,
    0xB4, 0x99, 0x88, 0xDC, 0x7C, 0x21, 0x5C, 0x7F, 0x84, 0x6C, 0xC6, 0x27, 0xD8, 0xEC, 0x86, 0x93,
    0xE3, 0xE8, 0xA0, 0xD8, 0xF4, 0x2F, 0x20, 0xDB, 0xFE, 0x9F, 0xE9, 0x39, 0x22, 0x09, 0x54, 0xEE,
    0xC1, 0x80, 0xA4, 0x5B, 0xA4, 0x65, 0xA9, 0x62, 0xDB, 0x6F, 0x12, 0x1D, 0x9D, 0x96, 0x95, 0x06,
    0xA8, 0x07, 0x20, 0x0A, 0x13, 0x9B, 0x99, 0x03, 0x50, 0xB4, 0x77, 0x80, 0xAF, 0xFA, 0x49, 0xCF,
    0x2A, 0x45, 0x18, 0xFC, 0xAA, 0x22, 0xF4, 0x65, 0xE8, 0x4D, 0xCA, 0xD0, 0xED, 0x0E, 0xE2, 0x59,
    0xFC, 0x58, 0x27, 0xC9, 0x2C, 0x1E, 0x97, 0x0F, 0xBB, 0x79, 0xF1, 0x13, 0xCF, 0xB2, 0xC5, 0x8E,
    0x68, 0x96, 0x2F, 0x96, 0x96, 0x0F, 0xE5, 0x2C, 0xAF, 0x96, 0x0F, 0x67, 0x97, 0x4A, 0xCB, 0x87,
    0xF9, 0xD2, 0xD9, 0x76, 0x97, 0x9C, 0x99, 0x31, 0x27, 0xC3, 0xB9, 0x11, 0xF3, 0xAE, 0x3B, 0x8F,
    0x07, 0xCC, 0x59, 0x7B, 0x67, 0x75, 0x38, 0xE7, 0x55, 0xB9, 0x32, 0x9F, 0x4B, 0x65, 0x56, 0xE1,
    0xE2, 0x4C, 0x99, 0xC3, 0xC5, 0xAC, 0xBC, 0x03, 0x57, 0x83, 0xE2, 0x02, 0xEA, 0x5E, 0x31, 0x41,
    0xDD, 0xCA, 0x07, 0xA8, 0x1B, 0x79, 0x0F, 0xE5, 0x09, 0x0D, 0x38, 0x19, 0xED, 0x65, 0x05, 0x42,
    0xCB, 0x76, 0xF8, 0xCC, 0x76, 0xFC, 0xCC, 0x76, 0x00, 0x0D, 0x67, 0x46, 0x9E, 0x3A, 0x84, 0xC6,
    0x0D, 0x5F, 0x1C, 0xA2, 0x59, 0xAD, 0x1E, 0x1D, 0x94, 0xCD, 0x4F, 0x4D, 0x8E, 0xCA, 0xC6, 0x6C,
    0xAF, 0x58, 0x42, 0xAD, 0xA8, 0x5C, 0x2E, 0x7F, 0x71, 0x2E, 0x54, 0x25, 0xA5, 0x50, 0xDD, 0xA6,
    0x8C, 0x43, 0x73, 0x41, 0x91, 0xFC, 0xB7, 0x66, 0xA4, 0x48, 0xFF, 0xF4, 0x3F, 0x0C, 0xE4, 0x59,
    0xFA, 0x61, 0x47, 0xFE, 0xFA, 0xEE, 0xBB, 0x0D, 0xF9, 0xC5, 0xEE, 0x21, 0xF2, 0x61, 0x37, 0x23,
    0x5F, 0x77, 0x60, 0x65, 0x92, 0x27, 0x6D, 0x58, 0xF8, 0x23, 0x3D, 0x40, 0xB1, 0xAF, 0x70, 0x95,
    0xB7, 0x24, 0xE3, 0xAE, 0x63, 0xD7, 0x46, 0x8D, 0xD3, 0xB2, 0x0F, 0x6D, 0x19, 0xBA, 0x10, 0x9A,
    0x32, 0x34, 0xF9, 0x68, 0x37, 0x49, 0x07, 0xBB, 0x5E, 0x32, 0xCA, 0x5A, 0xF1, 0xB4, 0x75, 0x92,
    0x4B, 0x1C, 0xA2, 0x09, 0x57, 0xC9, 0x80, 0xAD, 0x1B, 0xCA, 0xB7, 0x2B, 0xE4, 0x47, 0xC8, 0x66,
    0x48, 0x87, 0x55, 0x37, 0x6C, 0x1D, 0x64, 0x9D, 0x67, 0x9F, 0x14, 0x5C, 0x34, 0x0D, 0x07, 0xE4,
    0xAB, 0xE2, 0xF3, 0x70, 0xFD, 0x13, 0x27, 0x7D, 0xD8, 0x58, 0x77, 0x87, 0x9C, 0x27, 0x1D, 0x53,
    0xDC, 0x73, 0x57, 0xE5, 0xBA, 0x78, 0xB7, 0x8D, 0x66, 0x61, 0x70, 0xF4, 0xD6, 0xB0, 0x6D, 0x73,
    0x9F, 0xAF, 0x43, 0xEB, 0xFA, 0xA7, 0xE3, 0xC5, 0xD6, 0x5D, 0xCE, 0xA3, 0x81, 0x3B, 0x49, 0xCF,
    0x9D, 0x5D, 0x4B, 0x99, 0x35, 0x94, 0x39, 0x5E, 0xBF, 0xBD, 0xC8, 0x07, 0x28, 0x57, 0x5B, 0xAB,
    0xAB, 0x0A, 0xE7, 0x30, 0xB1, 0xB0, 0xF0, 0xEB, 0x75, 0xC5, 0xFE, 0x80, 0xD0, 0xE3, 0xE7, 0x5D,
    0x17, 0xD1, 0xB4, 0xD8, 0x4C, 0xE6, 0xBC, 0x67, 0x37, 0xE5, 0xCB, 0xE7, 0x7E, 0xA9, 0x1D, 0x5E,
    0x5E, 0xD0, 0x20, 0xEE, 0x90, 0xF7, 0xD8, 0x77, 0xEC, 0x42, 0x45, 0xF6, 0x57, 0xB8, 0xE1, 0xB4,
    0x94, 0x21, 0x1C, 0xD6, 0xED, 0x76, 0x57, 0x0F, 0x1E, 0x1C, 0x4D, 0x92, 0xC9, 0xB8, 0xA4, 0x1F,
    0x14, 0xAD, 0xFB, 0x6A, 0x44, 0x07, 0x16, 0x23, 0x64, 0xFD, 0x46, 0x91, 0xBD, 0xD5, 0x0F, 0xBB,
    0x71, 0x6B, 0xDC, 0xD6, 0x12, 0x81, 0x3F, 0x8E, 0x67, 0x86, 0xDD, 0x20, 0x1E, 0xF2, 0x4E, 0x32,
    0x94, 0xDF, 0x7B, 0xF0, 0x7E, 0xB7, 0xA4, 0x68, 0xCB, 0xC7, 0xD2, 0xF0, 0x89, 0x3B, 0x62, 0x83,
    0xD3, 0x12, 0x1F, 0xAB, 0x7B, 0x69, 0x18, 0xE7, 0x2C, 0x84, 0x29, 0x53, 0xF7, 0x9F, 0x93, 0xB5,
    0x37, 0x94, 0x98, 0xD9, 0xCE, 0x1D, 0x53, 0xE2, 0x92, 0x78, 0x5C, 0x59, 0xDD, 0x2D, 0x3A, 0x43,
    0x1D, 0x1E, 0x0D, 0x87, 0x10, 0x86, 0x0F, 0xBE, 0x18, 0x5A, 0x3E, 0x0F, 0xBF, 0x87, 0x64, 0x6D,
    0xF1, 0x2A, 0x13, 0xE2, 0xFB, 0xF0, 0x72, 0xF0, 0xF8, 0x2A, 0x02, 0xD1, 0x72, 0xCD, 0xB8, 0xFB,
    0x9C, 0x38, 0xDC, 0xF7, 0xAB, 0xA2, 0x31, 0x9E, 0x98, 0xD3, 0x9E, 0x7D, 0x59, 0x51, 0x1E, 0x90,
    0x8D, 0x48, 0xBA, 0x97, 0x01, 0xC6, 0xE9, 0x9E, 0x4F, 0xF6, 0xDB, 0xAD, 0xF4, 0x7A, 0xCF, 0xE7,
    0x39, 0x41, 0x21, 0x02, 0xF5, 0x88, 0x38, 0xCC, 0x48, 0xBB, 0x0B, 0x64, 0xCD, 0x4D, 0x14, 0xA0,
    0x04, 0xE7, 0xE0, 0x12, 0xCC, 0x27, 0x3A, 0x41, 0x74, 0x7A, 0xC2, 0x7A, 0xB8, 0x56, 0xBB, 0x93,
    0x1B, 0x39, 0x6D, 0x9F, 0x3A, 0x61, 0xDD, 0x40, 0xF1, 0xD4, 0x9B, 0x88, 0x3B, 0xE0, 0xEC, 0xC9,
    0x54, 0xD1, 0x88, 0xDB, 0xDB, 0xF6, 0xFC, 0xC3, 0x95, 0x6D, 0xA8, 0xF0, 0xDA, 0xEF, 0xC1, 0xFF,
    0x04, 0xE5, 0x9B, 0x01, 0xA4, 0x26, 0xD9, 0x99, 0xF7, 0x7F, 0x55, 0xD5, 0x7D, 0x6B, 0xF2, 0xD5,
    0xF7, 0x4D, 0x35, 0xA6, 0x93, 0xF9, 0x32, 0xDF, 0x37, 0xD5, 0x18, 0xAC, 0x4D, 0x66, 0x0A, 0x82,
    0x41, 0xCF, 0x3D, 0x95, 0x04, 0x41, 0x90, 0xC1, 0x76, 0x42, 0x82, 0x0E, 0x02, 0xBB, 0x30, 0x8B,
    0x41, 0xD6, 0x76, 0xBF, 0x55, 0xC9, 0x60, 0x00, 0xDB, 0x59, 0x12, 0x58, 0x6C, 0x30, 0x1B, 0xEB,
    0x06, 0x1D, 0x04, 0x83, 0xFB, 0xDE, 0xAA, 0xEC, 0x20, 0x08, 0xA6, 0x0C, 0x2B, 0xD6, 0x42, 0xAD,
    0x4D, 0x76, 0xC9, 0xA0, 0xCF, 0x48, 0x8D, 0x54, 0x77, 0x57, 0xD5, 0xD9, 0xD4, 0xDF, 0xA9, 0xF2,
    0xBA, 0xE9, 0x9D, 0x09, 0x3B, 0xDB, 0xE9, 0xB6, 0x8F, 0x7E, 0xCF, 0x73, 0xEE, 0xDB, 0xEA, 0xD4,
    0x39, 0xFF, 0x73, 0xCE, 0xF3, 0x9C, 0xFF, 0xF3, 0x9C, 0x97, 0x03, 0x49, 0x1B, 0xA4, 0x5A, 0xA9,
    0xAC, 0x91, 0x32, 0x15, 0xE4, 0xAE, 0xAD, 0x21, 0x74, 0x6E, 0x1E, 0x20, 0xBB, 0xFB, 0x15, 0xD7,
    0x42, 0x59, 0x2D, 0xFF, 0x82, 0x09, 0xF2, 0x96, 0x68, 0x80, 0xB4, 0x23, 0xB1, 0x2C, 0x9F, 0xB4,
    0x91, 0xCA, 0x1B, 0x88, 0x2D, 0xA6, 0x40, 0x0A, 0xA9, 0x12, 0xFD, 0x5F, 0x8D, 0x1E, 0x90, 0x6A,
    0xA5, 0xB2, 0x46, 0xCA, 0x54, 0x94, 0x40, 0x89, 0x9E, 0x9B, 0xC0, 0x34, 0x6A, 0x3D, 0xEB, 0xC8,
    0x96, 0xD6, 0xA7, 0x8B, 0xAE, 0x52, 0x57, 0x26, 0x80, 0xD2, 0xA9, 0xAF, 0xBC, 0x8C, 0x84, 0xE0,
    0xFB, 0x40, 0xD4, 0xAB, 0xD0, 0xFB, 0x88, 0xDD, 0xDF, 0x36, 0x18, 0xE7, 0x60, 0xFE, 0xC2, 0xB8,
    0x7C, 0x3B, 0x92, 0x74, 0xEC, 0xC9, 0x1A, 0xCE, 0xC8, 0x0B, 0xCE, 0x30, 0xB0, 0xA7, 0x84, 0x89,
    0x1D, 0x8C, 0x9C, 0x11, 0x0C, 0x9C, 0x11, 0xF5, 0x9C, 0x91, 0x58, 0x4A, 0xB2, 0x06, 0xD3, 0xD4,
    0x05, 0x99, 0x1B, 0x21, 0xD6, 0x0B, 0x9F, 0x02, 0x0E, 0x25, 0xAB, 0x3C, 0x62, 0x87, 0xAA, 0x2C,
    0x4A, 0xD7, 0x44, 0x6E, 0xA2, 0x76, 0x55, 0xE4, 0x3A, 0xE2, 0x5E, 0xC3, 0x8A, 0x2C, 0x18, 0x75,
    0x8D, 0x63, 0x48, 0x3A, 0xB8, 0x29, 0x0C, 0xA4, 0x1A, 0x38, 0x45, 0x0D, 0x8C, 0xA8, 0xD5, 0x01,
    0xF2, 0x82, 0xA0, 0x17, 0x1C, 0x81, 0x1E, 0x25, 0xB4, 0x5B, 0x43, 0x3B, 0x88, 0x3A, 0x38, 0x83,
    0xB8, 0x95, 0x4A, 0x1A, 0xA9, 0xB4, 0x82, 0x1A, 0x0C, 0x9A, 0xA7, 0x09, 0x30, 0x77, 0x5F, 0x19,
    0x80, 0xD4, 0x69, 0x00, 0xA1, 0x9B, 0x01, 0xB8, 0xC8, 0x2A, 0x49, 0xB5, 0xAD, 0x00, 0x3F, 0x80,
    0xB2, 0x78, 0x66, 0x24, 0x99, 0x28, 0x47, 0xB2, 0x96, 0xCB, 0xA3, 0xFA, 0x33, 0xAA, 0x3B, 0x83,
    0xBA, 0xD1, 0x63, 0xD4, 0x8B, 0x9D, 0xCA, 0x3D, 0xC4, 0x1D, 0x23, 0x24, 0x6D, 0x30, 0x2E, 0x2D,
    0x69, 0x4D, 0x34, 0x49, 0x0F, 0x59, 0xF5, 0x42, 0x7F, 0x85, 0xAC, 0x3A, 0xB5, 0x96, 0xEC, 0xE7,
    0xEF, 0xDD, 0xEF, 0x48, 0x5D, 0xE3, 0x1A, 0x92, 0x99, 0x19, 0x28, 0xB8, 0xC4, 0x26, 0x4F, 0xF3,
    0xBF, 0x58, 0xE5, 0x98, 0x92, 0x55, 0xCC, 0x67, 0x07, 0x36, 0xB8, 0x7F, 0xD6, 0xB1, 0x4A, 0xE2,
    0x2A, 0x56, 0x89, 0x66, 0xD8, 0x64, 0xE0, 0x3F, 0x97, 0x67, 0x9C, 0xEB, 0x84, 0x85, 0xAB, 0xA8,
    0x9D, 0x9B, 0x51, 0xBD, 0xE1, 0x07, 0xC3, 0x91, 0x6B, 0xC8, 0x7E, 0x75, 0x52, 0x57, 0x84, 0x3D,
    0xB9, 0x25, 0x87, 0x5A, 0xC3, 0x8B, 0x07, 0x8E, 0x09, 0x46, 0xD5, 0xC3, 0x91, 0xAB, 0x9A, 0xCE,
    0xD8, 0x12, 0x4C, 0x3C, 0x47, 0xDA, 0xA2, 0x99, 0x9C, 0xB5, 0x80, 0x35, 0x9D, 0xAA, 0xCF, 0x82,
    0x54, 0x3A, 0x1C, 0xB7, 0xBA, 0xB6, 0x89, 0xD0, 0x9C, 0x3C, 0xD6, 0xB9, 0xEA, 0x98, 0x02, 0x15,
    0xC1, 0x88, 0x1E, 0x15, 0xBE, 0x83, 0x96, 0xFF, 0x3A, 0xE3, 0x7A, 0x94, 0x9D, 0x36, 0x4F, 0xDE,
    0xF0, 0xFF, 0x61, 0xCF, 0x52, 0x29, 0xE1, 0x25, 0xB5, 0x51, 0x6B, 0x4B, 0xDE, 0x84, 0x91, 0x68,
    0xD2, 0xA3, 0x23, 0xC1, 0x14, 0x94, 0x96, 0xF4, 0xDE, 0xC9, 0x0F, 0x07, 0x72, 0xE7, 0x5C, 0xA1,
    0xE1, 0xF6, 0xCB, 0xD0, 0x6F, 0xA1, 0xBA, 0xE5, 0x41, 0x52, 0x85, 0xC5, 0x8A, 0x6C, 0x9B, 0x56,
    0x6B, 0xD5, 0x1A, 0xBC, 0x84, 0xFD, 0xB8, 0x62, 0x89, 0xB3, 0x78, 0x28, 0x29, 0x1B, 0x10, 0x92,
    0x1A, 0x8C, 0x07, 0x52, 0x22, 0x1C, 0xB7, 0xAA, 0x20, 0x61, 0x45, 0xD1, 0x74, 0x49, 0xE5, 0x41,
    0x74, 0x2E, 0x6D, 0x3C, 0x86, 0xEA, 0xAD, 0x60, 0x0B, 0x6C, 0x32, 0xE1, 0xAB, 0x6D, 0x30, 0xAC,
    0x00, 0x16, 0x71, 0xB7, 0xE1, 0x97, 0x55, 0x1B, 0x7C, 0xBB, 0x0D, 0x3D, 0xC6, 0x0D, 0xBC, 0xC8,
    0xAE, 0xD8, 0xA9, 0x1D, 0x0F, 0x9D, 0x01, 0x8F, 0x1C, 0x23, 0x4F, 0xAC, 0xC0, 0xDD, 0x25, 0xF3,
    0xB8, 0x25, 0xCE, 0xB9, 0x15, 0xB6, 0xDB, 0x6E, 0x5E, 0x51, 0xFB, 0x6C, 0x3D, 0xB0, 0x4A, 0xB0,
    0xE2, 0x74, 0x81, 0xE7, 0x80, 0x8B, 0x05, 0x57, 0x83, 0x01, 0x02, 0xD7, 0x71, 0x1C, 0x77, 0xB0,
    0x6C, 0xFF, 0x5C, 0x08, 0x26, 0x2D, 0xA9, 0xF3, 0x3B, 0x2D, 0x19, 0x7D, 0x45, 0xFD, 0x62, 0x43,
    0x38, 0x5B, 0x2B, 0x79, 0x21, 0x15, 0xCF, 0x86, 0x78, 0xA6, 0x5F, 0x3A, 0x41, 0xEA, 0xFE, 0x65,
    0xA0, 0xFE, 0xDA, 0x4C, 0xE6, 0x9C, 0x0D, 0x06, 0x26, 0x5E, 0x08, 0xEA, 0x36, 0xB2, 0x9C, 0xF2,
    0x69, 0xF2, 0x22, 0x6D, 0x18, 0xB9, 0xC0, 0x7E, 0x69, 0x6D, 0x80, 0x70, 0x20, 0x27, 0xE8, 0xB5,
    0x35, 0x0D, 0x91, 0x55, 0xE3, 0xC7, 0xC4, 0x56, 0x38, 0xEC, 0x48, 0x3B, 0xE1, 0xB3, 0x27, 0xEF,
    0xF4, 0xBF, 0x67, 0xFC, 0x65, 0x5B, 0xA5, 0x0D, 0x55, 0x1D, 0xFE, 0xFA, 0x9D, 0xD6, 0xDC, 0x0A,
    0xBA, 0xF2, 0xCE, 0x5B, 0x77, 0x1A, 0xE7, 0xEE, 0x58, 0xE3, 0x22, 0x17, 0xDC, 0x73, 0xAE, 0xCB,
    0x86, 0x68, 0xC0, 0x66, 0xAE, 0x0A, 0x0A, 0x0A, 0xE0, 0x12, 0x18, 0xA7, 0xD9, 0x6F, 0x31, 0xAE,
    0x03, 0xE7, 0x2A, 0x8E, 0x26, 0xD0, 0x16, 0x09, 0xBD, 0x1D, 0x26, 0x52, 0xA5, 0xD3, 0x44, 0x68,
    0xB7, 0xE8, 0xDB, 0x75, 0xEB, 0x08, 0x07, 0xFD, 0x41, 0xB6, 0x54, 0xFC, 0xAE, 0xF0, 0x95, 0x42,
    0xDF, 0x6A, 0x72, 0xF5, 0x2D, 0xC6, 0xFF, 0x41, 0xE9, 0xFF, 0xE0, 0xCC, 0xFF, 0xC1, 0x84, 0xC6,
    0xF6, 0x22, 0x23, 0xFA, 0xF6, 0x4D, 0x55, 0x26, 0xE8, 0x83, 0x11, 0x18, 0x09, 0x6D, 0x38, 0x40,
    0x30, 0x7D, 0xF5, 0x87, 0x5D, 0xD4, 0xA3, 0x99, 0x6D, 0x23, 0xF5, 0xDF, 0xB9, 0x26, 0xEE, 0x90,
    0xA8, 0x2B, 0x87, 0x4E, 0x31, 0x6C, 0xF4, 0x3E, 0x88, 0xEE, 0xCD, 0xA0, 0x8A, 0x1B, 0x90, 0x04,
    0xAE, 0xE5, 0x77, 0xA5, 0x40, 0x92, 0x58, 0xDF, 0x8C, 0x45, 0x28, 0x65, 0xDD, 0x02, 0x92, 0x9A,
    0x15, 0x46, 0x08, 0x22, 0x49, 0xB4, 0x6A, 0x2B, 0x25, 0x7C, 0x8E, 0x66, 0x04, 0x4F, 0xE6, 0x50,
    0x97, 0x2E, 0xEE, 0xF4, 0xE8, 0xE6, 0x2D, 0xD8, 0x7B, 0x68, 0x46, 0x21, 0x23, 0xAD, 0x8E, 0x0E,
    0xC2, 0x45, 0x73, 0x5F, 0x22, 0x9F, 0x21, 0x54, 0x22, 0x8B, 0x40, 0x59, 0xF4, 0x82, 0x49, 0xDC,
    0x21, 0x48, 0x92, 0x16, 0x21, 0x92, 0x36, 0x08, 0x90, 0xB4, 0x41, 0x78, 0xF8, 0x25, 0x88, 0xD9,
    0x4C, 0x32, 0x92, 0xBD, 0xCA, 0x80, 0x51, 0x3A, 0x79, 0xDD, 0x4A, 0xA7, 0xAE, 0xF5, 0xBA, 0x90,
    0x0E, 0xDF, 0x00, 0xB8, 0x0C, 0x97, 0x12, 0x57, 0x30, 0xA6, 0xAE, 0x88, 0x26, 0x72, 0xA2, 0x11,
    0x43, 0x24, 0xF7, 0x01, 0xBB, 0xAD, 0xB9, 0x51, 0x45, 0x50, 0x37, 0xC1, 0x10, 0xB9, 0x26, 0xEC,
    0x83, 0xEB, 0x4D, 0x64, 0x49, 0x55, 0x54, 0x51, 0x47, 0x56, 0xC5, 0x2D, 0x79, 0x91, 0x34, 0x18,
    0x52, 0x5F, 0xEC, 0xC8, 0x2A, 0xF6, 0xE4, 0x05, 0x23, 0xE6, 0xE2, 0x52, 0x3C, 0x1B, 0x0C, 0x94,
    0x53, 0xD8, 0x53, 0xF6, 0x91, 0xC5, 0x2C, 0x4F, 0x5F, 0x20, 0x5E, 0x57, 0x98, 0x76, 0x59, 0x91,
    0x03, 0xFD, 0x19, 0x84, 0xCE, 0xEF, 0x52, 0xF8, 0x33, 0x00, 0xD3, 0x13, 0xBA, 0x31, 0x71, 0x13,
    0x66, 0x5C, 0xE6, 0x37, 0x75, 0x32, 0x06, 0x4B, 0xF3, 0x65, 0x45, 0x38, 0x43, 0x2E, 0x28, 0x22,
    0x27, 0x55, 0x2E, 0xB5, 0x8A, 0x63, 0xE4, 0x80, 0xEF, 0x34, 0xDC, 0xD4, 0x48, 0x92, 0xB7, 0x3B,
    0x6E, 0x20, 0x57, 0xF8, 0x53, 0xCB, 0xA9, 0x6A, 0xE9, 0x6B, 0x3D, 0x23, 0x72, 0x8C, 0xDF, 0x1A,
    0x19, 0x08, 0x07, 0xC8, 0x8A, 0x29, 0xE8, 0xD1, 0x1A, 0xE4, 0x2C, 0xB4, 0xFE, 0x64, 0x60, 0x7C,
    0xED, 0x98, 0xFC, 0x35, 0x4B, 0xAC, 0x5A, 0xFA, 0x56, 0xE7, 0x4F, 0x0A, 0xC9, 0xBF, 0xB7, 0x5A,
    0x07, 0xA7, 0xC4, 0xF7, 0x1B, 0x8D, 0x68, 0xE9, 0x68, 0xA3, 0x35, 0x30, 0x10, 0xB8, 0x8A, 0xBC,
    0x22, 0x18, 0x60, 0xA9, 0x15, 0xE4, 0xAE, 0xA2, 0x2C, 0xD4, 0x57, 0xD7, 0x48, 0x21, 0xB9, 0xA4,
    0x2E, 0x7B, 0x19, 0xBD, 0xFE, 0x7F, 0xD1, 0x80, 0x04, 0x73, 0xC7, 0xAE, 0x35, 0xD7, 0x20, 0x21,
    0x9B, 0xF8, 0x60, 0x31, 0x05, 0x5E, 0xEA, 0xCA, 0x23, 0x49, 0x5D, 0x78, 0x24, 0x39, 0x63, 0x45,
    0x12, 0x56, 0x24, 0xD9, 0x90, 0x64, 0x43, 0x92, 0x15, 0xC9, 0xDC, 0xAE, 0x48, 0xBA, 0x7E, 0x45,
    0xF2, 0xCB, 0xBD, 0x47, 0x52, 0x08, 0x09, 0x49, 0xD5, 0x3C, 0x92, 0xDD, 0x8A, 0x64, 0xDC, 0xAD,
    0x48, 0x26, 0xAD, 0x47, 0x52, 0x58, 0x09, 0x49, 0xD5, 0x84, 0x24, 0x59, 0xE5, 0x91, 0x54, 0xBF,
    0x84, 0x24, 0x86, 0x15, 0x49, 0xC3, 0x8A, 0xE4, 0x8E, 0x15, 0xC9, 0xFD, 0x86, 0xE4, 0xB8, 0x21,
    0x39, 0xC0, 0xE1, 0x46, 0x3E, 0xDC, 0xC2, 0xA8, 0x03, 0x92, 0x97, 0xF2, 0x15, 0xC9, 0xD2, 0xB1,
    0xD6, 0x46, 0xBC, 0x7C, 0xF2, 0x16, 0xE7, 0x64, 0xB3, 0x40, 0x79, 0xE7, 0xF1, 0x5D, 0xFF, 0xAE,
    0xF8, 0x10, 0x79, 0x66, 0x08, 0x67, 0x92, 0x91, 0x72, 0xC8, 0x5C, 0x61, 0x26, 0x2E, 0x0F, 0x65,
    0x5D, 0x5D, 0x9E, 0x08, 0xDE, 0xEF, 0xB5, 0x51, 0x82, 0xDF, 0xB4, 0xD2, 0xE1, 0xFD, 0xC2, 0xB0,
    0x40, 0x38, 0x63, 0x08, 0x06, 0xA2, 0x91, 0x1D, 0x61, 0x4F, 0xDC, 0xB3, 0xF7, 0x87, 0x0D, 0x21,
    0x9D, 0xB6, 0x8C, 0xC4, 0x0B, 0x70, 0xC1, 0x40, 0xB2, 0xC0, 0x16, 0xF6, 0x57, 0xD2, 0x05, 0xB4,
    0xE8, 0x3D, 0xBB, 0x68, 0xA2, 0xFB, 0x5D, 0x56, 0x61, 0x96, 0x49, 0xCC, 0x0B, 0x8E, 0x09, 0x27,
    0xE1, 0x08, 0xC5, 0x39, 0x8B, 0x01, 0xE3, 0x21, 0x56, 0xA4, 0x5F, 0xEC, 0xA4, 0x33, 0xD7, 0x20,
    0x3D, 0x23, 0x39, 0x7A, 0x03, 0xC9, 0x2D, 0xBE, 0x01, 0xDE, 0x64, 0xC3, 0x28, 0x4C, 0x38, 0xD3,
    0x52, 0xC3, 0x4C, 0xA8, 0x89, 0x5E, 0x2A, 0x6E, 0x39, 0x94, 0x4B, 0x87, 0xF3, 0x90, 0x4A, 0x91,
    0xF5, 0x52, 0x46, 0x8A, 0xFD, 0x20, 0xD5, 0x8F, 0xE8, 0x0D, 0x52, 0x51, 0x2B, 0x95, 0x56, 0xEA,
    0x6D, 0xC6, 0xD9, 0xC1, 0x31, 0xF4, 0x14, 0x03, 0x30, 0x48, 0x85, 0xF7, 0x4E, 0xEA, 0x02, 0x22,
    0x1D, 0x21, 0x49, 0x7F, 0x7B, 0x62, 0x6C, 0x20, 0x2B, 0xB4, 0x0F, 0x0D, 0x5A, 0x62, 0x7B, 0x4D,
    0xA1, 0x36, 0x7F, 0x47, 0xD8, 0xAB, 0x17, 0xB9, 0x2B, 0x82, 0xDA, 0x21, 0x46, 0xE0, 0x20, 0x28,
    0x8E, 0x0A, 0xA2, 0x26, 0x2B, 0x88, 0xDA, 0x1D, 0x44, 0xEF, 0x0D, 0x10, 0xDC, 0xEF, 0x80, 0x5A,
    0xEE, 0x8E, 0xF3, 0x42, 0x3C, 0x27, 0x15, 0xB9, 0xBB, 0x03, 0xEE, 0x6B, 0x8E, 0x70, 0x60, 0x26,
    0xB6, 0x9C, 0x22, 0xBF, 0x9F, 0x55, 0x78, 0x7F, 0x6F, 0x74, 0x2E, 0x27, 0xB6, 0xF2, 0xF1, 0xF2,
    0xEF, 0xC8, 0xB7, 0xCB, 0xAF, 0xCB, 0xA7, 0x2F, 0xFE, 0x1C, 0xF9, 0x72, 0xF9, 0x71, 0x3E, 0xC6,
    0x51, 0x41, 0x4E, 0xBE, 0x8C, 0x61, 0x82, 0xF4, 0x5F, 0x7B, 0xB4, 0x1F, 0x08, 0x1C, 0xC0, 0x0D,
    0x0E, 0x45, 0xAE, 0xCC, 0xB8, 0x16, 0x39, 0x31, 0xC2, 0x8D, 0x71, 0x09, 0xF0, 0xD8, 0x7B, 0x78,
    0x01, 0x20, 0x30, 0x54, 0x1C, 0x1C, 0x76, 0xFD, 0x51, 0x17, 0xA0, 0xDC, 0x9C, 0x80, 0xC0, 0x9E,
    0x40, 0x98, 0x11, 0x8C, 0x88, 0x78, 0xEA, 0x60, 0xB1, 0x40, 0x15, 0x16, 0x51, 0x93, 0x55, 0x51,
    0xB7, 0x23, 0xB4, 0x03, 0xDC, 0xEF, 0x84, 0xD2, 0x79, 0x90, 0x9E, 0x19, 0xB5, 0x30, 0xB8, 0x2C,
    0x67, 0xAF, 0x1D, 0xAC, 0xEE, 0x45, 0x56, 0x1F, 0x99, 0x86, 0xA4, 0x55, 0x7F, 0xD4, 0x9D, 0xFC,
    0xDB, 0x60, 0xBE, 0x04, 0x66, 0x06, 0x33, 0x68, 0x97, 0x71, 0xC1, 0x33, 0x91, 0xFF, 0x0B, 0xDC,
    0x54, 0xB7, 0x8C, 0xD6, 0x5F, 0x2E, 0xDE, 0x21, 0xE7, 0x26, 0x63, 0x06, 0xF4, 0x9C, 0x13, 0xF5,
    0x38, 0x74, 0x6E, 0x44, 0x44, 0xD9, 0xF3, 0x64, 0xD1, 0xE4, 0x26, 0x12, 0x4B, 0x16, 0x49, 0xB6,
    0xE2, 0xC8, 0x56, 0x14, 0xD9, 0x9A, 0x42, 0xA5, 0x90, 0x13, 0x3F, 0xB6, 0xE2, 0xC5, 0x9D, 0xCA,
    0xB6, 0x16, 0x70, 0xE2, 0xC6, 0x95, 0xA8, 0xB1, 0x67, 0xC6, 0x22, 0xC6, 0x9E, 0x17, 0x8B, 0x16,
    0x8B, 0x15, 0x6F, 0xA4, 0x58, 0x9C, 0x58, 0xB0, 0xB1, 0xE0, 0xC6, 0x02, 0x9C, 0x90, 0x83, 0x0F,
    0x5E, 0x61, 0xAE, 0xD2, 0xFC, 0x6E, 0x84, 0x79, 0x22, 0xE9, 0x98, 0x7E, 0x4F, 0xC2, 0xDC, 0x6D,
    0x84, 0x99, 0xDF, 0x25, 0xCC, 0x5F, 0xE7, 0x8F, 0x58, 0xCF, 0x61, 0x93, 0xD6, 0x47, 0xA9, 0xC5,
    0x90, 0xCF, 0x00, 0xE9, 0x00, 0xA2, 0xB3, 0x87, 0x82, 0x38, 0xF4, 0xA8, 0x0D, 0x33, 0x88, 0x41,
    0x17, 0x72, 0x93, 0xDE, 0x31, 0xCA, 0x29, 0x7A, 0xF6, 0x2C, 0xF2, 0xEC, 0xB9, 0xB3, 0xA8, 0xB3,
    0x67, 0xCE, 0x22, 0xCE, 0x9E, 0x37, 0x97, 0x1B, 0x61, 0xED, 0x3C, 0x69, 0x16, 0x67, 0xF6, 0x94,
    0x59, 0x8C, 0xD9, 0x13, 0x66, 0xF1, 0x65, 0xD1, 0x65, 0xB1, 0xE5, 0x03, 0xB2, 0x5C, 0x08, 0xD1,
    0x74, 0x41, 0xF4, 0xD8, 0x73, 0x20, 0x9C, 0x15, 0xEF, 0x59, 0x17, 0xF6, 0xF9, 0x15, 0x99, 0x34,
    0x0B, 0x89, 0x6E, 0xC4, 0xA1, 0x45, 0xA1, 0xC5, 0xA0, 0xC3, 0x6D, 0x9F, 0x8A, 0x3E, 0x8B, 0x3D,
    0x8B, 0x3C, 0x8B, 0x3B, 0x8B, 0x3A, 0x8B, 0x39, 0x8B, 0x38, 0x8B, 0x37, 0x8B, 0x36, 0x8B, 0x35,
    0x1F, 0x92, 0x66, 0x8C, 0x1B, 0x84, 0x54, 0x0F, 0x5C, 0xBE, 0xA6, 0x79, 0x97, 0x7C, 0x23, 0xA8,
    0x20, 0x18, 0x13, 0x0B, 0xE1, 0x98, 0x76, 0x10, 0xF6, 0xFE, 0x34, 0xFB, 0x88, 0x63, 0x1C, 0x9C,
    0x9C, 0x14, 0x44, 0xCE, 0x35, 0x84, 0xB2, 0xAF, 0x07, 0x44, 0xEB, 0x22, 0xA4, 0x5D, 0x09, 0x59,
    0x57, 0x43, 0xD6, 0x9C, 0xC1, 0x45, 0x2E, 0x3D, 0x7C, 0xC8, 0xE1, 0x45, 0xF0, 0xAC, 0x5E, 0x7E,
    0x45, 0x63, 0x02, 0xDE, 0x10, 0xF0, 0xE1, 0x02, 0xBC, 0x20, 0x8F, 0x36, 0xE0, 0x1F, 0x6D, 0xC8,
    0x21, 0x00, 0x88, 0x2B, 0x59, 0x1B, 0x3F, 0x9C, 0x70, 0xF2, 0x9C, 0x8D, 0x44, 0xE0, 0x3F, 0xE5,
    0xED, 0x51, 0xDE, 0x3A, 0xC8, 0xAB, 0xE9, 0x0F, 0x04, 0xFE, 0x0B, 0x81, 0xAC, 0xF1, 0x17, 0x64,
    0x8D, 0xEF, 0x78, 0x6B, 0xFC, 0x58, 0x83, 0x5F, 0x04, 0x05, 0xD1, 0x42, 0xBA, 0xC2, 0x5E, 0xC6,
    0x5D, 0x31, 0x0B, 0xBB, 0x4E, 0x05, 0x8F, 0x12, 0xF8, 0x5A, 0xF7, 0xD4, 0x08, 0xC8, 0xE6, 0x80,
    0xE2, 0x7E, 0xFD, 0x31, 0x05, 0x5F, 0x12, 0x16, 0xE8, 0x39, 0x3F, 0x9A, 0x68, 0x04, 0x98, 0xC1,
    0xF3, 0x94, 0xF8, 0x91, 0x99, 0x81, 0xC4, 0x15, 0xD4, 0xAE, 0x0D, 0xA7, 0xEB, 0x36, 0x6A, 0x23,
    0x1B, 0x2E, 0xCD, 0xEA, 0xF3, 0x4C, 0x4F, 0xE8, 0x7A, 0xF2, 0xDF, 0xD8, 0x70, 0x8E, 0x6C, 0x62,
    0xE3, 0x2E, 0xAF, 0xD2, 0xC6, 0x90, 0x55, 0x86, 0x12, 0xF3, 0xB9, 0x91, 0xDC, 0x59, 0x3D, 0x4E,
    0x01, 0x87, 0xF3, 0x61, 0x35, 0xA1, 0x52, 0x07, 0xEE, 0x63, 0x9B, 0x4D, 0xF9, 0x0E, 0x61, 0x92,
    0xB5, 0x8B, 0xB2, 0x5B, 0x7C, 0xEA, 0xF1, 0x3B, 0x6F, 0x7B, 0xBF, 0x52, 0x2D, 0x85, 0x50, 0xF8,
    0xF0, 0xDD, 0xF5, 0x70, 0x8E, 0xDF, 0x82, 0x5E, 0xCA, 0x39, 0xBB, 0xA9, 0xF5, 0x4B, 0x89, 0x50,
    0x93, 0x4A, 0x3C, 0x77, 0xF2, 0xAA, 0x93, 0x0A, 0x1E, 0xCF, 0xF9, 0xA8, 0x1E, 0xE8, 0xE7, 0x39,
    0x52, 0x47, 0x1B, 0x1F, 0x4F, 0xA7, 0x2C, 0x80, 0xA7, 0x1F, 0x26, 0x1D, 0x3A, 0x47, 0x77, 0x7A,
    0x24, 0xA5, 0x2A, 0x7E, 0x9F, 0x7C, 0xB0, 0x84, 0xCE, 0x39, 0xC7, 0x61, 0x85, 0x7C, 0x3E, 0xA9,
    0xD7, 0x19, 0x78, 0x41, 0x95, 0xFB, 0x96, 0xE7, 0x85, 0xFB, 0xAF, 0x2D, 0x9F, 0x86, 0x25, 0xCE,
    0xD1, 0x21, 0xC9, 0x3C, 0x31, 0xE6, 0x78, 0x8D, 0x03, 0x8C, 0x6B, 0x24, 0xD2, 0xA6, 0x77, 0x1C,
    0x62, 0xBC, 0x99, 0x53, 0x25, 0x2B, 0xF2, 0x93, 0xBF, 0x57, 0xBB, 0x9A, 0x14, 0x40, 0x6F, 0xF4,
    0xD3, 0x04, 0xAC, 0x86, 0xB1, 0x90, 0x55, 0xDC, 0x13, 0xB4, 0x60, 0x60, 0x24, 0x52, 0x28, 0x89,
    0xC5, 0x64, 0x2D, 0xE8, 0x85, 0xD3, 0xB5, 0xDB, 0x0D, 0x99, 0x2B, 0x14, 0xEE, 0xC6, 0xB8, 0xA2,
    0xF6, 0x2D, 0x5D, 0xBC, 0xF6, 0x27, 0x62, 0xE9, 0x93, 0x28, 0xCE, 0xF8, 0x41, 0xC3, 0xAE, 0xCA,
    0x9E, 0xCC, 0xDD, 0x77, 0x23, 0xF5, 0xF7, 0x5C, 0xB5, 0x0F, 0x47, 0x76, 0xDC, 0x8C, 0x2C, 0xE3,
    0x32, 0x82, 0xA0, 0x0F, 0xC6, 0xAC, 0x5A, 0xEC, 0x53, 0x4E, 0x64, 0xCB, 0xC6, 0x90, 0xBC, 0x3B,
    0xB1, 0x53, 0xE4, 0x70, 0x47, 0xDE, 0x8B, 0x5A, 0x28, 0x87, 0xE5, 0x5A, 0xAE, 0xD4, 0xD1, 0x3F,
    0xDB, 0xA0, 0x2F, 0x6F, 0xBF, 0x36, 0xBD, 0xD2, 0x99, 0x39, 0x74, 0xAE, 0xC8, 0x7A, 0xEA, 0x81,
    0x80, 0x43, 0xDB, 0xFD, 0x8A, 0xFB, 0x05, 0x44, 0xEA, 0x71, 0x76, 0xEF, 0xAB, 0x4E, 0xB1, 0xBA,
    0x1C, 0x51, 0x2E, 0x91, 0xD2, 0x17, 0xE4, 0x55, 0xAE, 0x22, 0xFC, 0x7C, 0xF8, 0xC4, 0x14, 0x2A,
    0x01, 0x28, 0xD7, 0xB2, 0x74, 0x45, 0x0D, 0xB5, 0xCA, 0xA3, 0x49, 0xDF, 0x8F, 0x94, 0x22, 0xA0,
    0xA6, 0xC2, 0xB9, 0xC6, 0xB4, 0x84, 0x3D, 0xA9, 0x82, 0x4E, 0xB1, 0xFB, 0x41, 0x6D, 0x09, 0x9C,
    0xD2, 0x1F, 0xB9, 0xBB, 0xCB, 0xB9, 0xBC, 0x60, 0xE0, 0xDC, 0x28, 0x7F, 0x33, 0x80, 0x29, 0xA6,
    0x5B, 0xB0, 0xE7, 0x14, 0x18, 0xB8, 0x01, 0x41, 0xBF, 0xD4, 0xC3, 0x05, 0x14, 0xC2, 0x3E, 0xEC,
    0x75, 0x4C, 0x6F, 0x01, 0x99, 0x25, 0xF2, 0x01, 0x4D, 0x2B, 0xA0, 0x67, 0x60, 0x52, 0xE9, 0x2A,
    0x21, 0x2C, 0x92, 0xF7, 0xD7, 0x4E, 0x81, 0xBE, 0xDC, 0xF2, 0x89, 0x5F, 0x5E, 0xFB, 0xCA, 0x5D,
    0x85, 0x6B, 0x5D, 0x95, 0xFD, 0xE3, 0xB5, 0x6B, 0x77, 0x89, 0x15, 0xCD, 0x8F, 0xE6, 0x6B, 0x75,
    0x03, 0xB5, 0x9C, 0xDD, 0xD1, 0x89, 0x5A, 0xBB, 0x22, 0x0A, 0x36, 0xAA, 0xBD, 0x33, 0x59, 0x07,
    0x73, 0xBD, 0xD1, 0xCC, 0x02, 0xC4, 0xDE, 0x16, 0x20, 0x39, 0x87, 0x70, 0xAC, 0xA5, 0x90, 0xDF,
    0xFB, 0x9A, 0x43, 0x71, 0x3D, 0xC2, 0x11, 0x9F, 0x4B, 0x78, 0x49, 0x3B, 0xFD, 0x45, 0xB2, 0xE6,
    0xC1, 0xD8, 0x9E, 0xA1, 0x52, 0xD8, 0x9E, 0x81, 0x73, 0xCC, 0xF0, 0xF1, 0x89, 0x1A, 0x18, 0x97,
    0x32, 0x18, 0x14, 0x60, 0xED, 0x45, 0x6A, 0x2D, 0x59, 0xBF, 0x94, 0x89, 0xFB, 0x5E, 0x6D, 0xB5,
    0x7D, 0xDA, 0x0D, 0xE1, 0x65, 0x15, 0x2A, 0x6E, 0x02, 0xC4, 0x8A, 0x4E, 0xC7, 0xED, 0x1E, 0x88,
    0xDE, 0xEB, 0x51, 0xEC, 0x64, 0x83, 0x89, 0x92, 0x07, 0x4A, 0xE6, 0x5C, 0x03, 0x4E, 0x4E, 0xA0,
    0x4F, 0xFF, 0x09, 0x92, 0x36, 0x69, 0x20, 0xAD, 0x62, 0x59, 0xB0, 0xA5, 0x9E, 0x93, 0x2E, 0x65,
    0xA1, 0xBC, 0x43, 0xB3, 0x17, 0xE7, 0xEF, 0xD1, 0xDA, 0x46, 0x73, 0xB7, 0x9E, 0x15, 0x48, 0x5B,
    0x95, 0x13, 0x02, 0xA9, 0x85, 0x78, 0x2E, 0x47, 0xC8, 0xDB, 0xD0, 0xA1, 0x15, 0x55, 0x29, 0x40,
    0x5F, 0x71, 0x86, 0x82, 0xC8, 0x85, 0x8E, 0x24, 0xF3, 0xED, 0x11, 0x12, 0xE7, 0x14, 0x77, 0xFE,
    0x3B, 0x84, 0x79, 0x15, 0xDC, 0xD2, 0x36, 0x15, 0x2D, 0x8E, 0x6C, 0xAE, 0x99, 0x1E, 0xF7, 0x00,
    0xB8, 0xFE, 0x30, 0x00, 0x98, 0x16, 0x9C, 0x17, 0xE3, 0x3A, 0xE3, 0x1A, 0x8C, 0x6B, 0x4B, 0x57,
    0x2C, 0x4B, 0x37, 0xED, 0x11, 0x9A, 0x95, 0xC2, 0x32, 0xB3, 0x9A, 0xF4, 0x19, 0x71, 0x39, 0xF1,
    0xA4, 0x13, 0x3A, 0xE9, 0x3B, 0x83, 0x94, 0xE2, 0x1A, 0x6B, 0xD4, 0x3E, 0x93, 0x22, 0xBF, 0xDD,
    0xA8, 0xE9, 0x2F, 0x75, 0x52, 0x71, 0x2F, 0x4C, 0x45, 0x78, 0xD8, 0xE1, 0xD0, 0x84, 0x8A, 0xF3,
    0x4C, 0x28, 0x44, 0x39, 0x8A, 0xC1, 0x07, 0x23, 0x91, 0x43, 0x67, 0x0D, 0xD7, 0xEA, 0x54, 0x91,
    0x5B, 0x0E, 0x73, 0x64, 0x7F, 0x1E, 0x58, 0xFA, 0xA4, 0xE5, 0x34, 0x2F, 0x78, 0xE9, 0x26, 0xDA,
    0xF3, 0xCA, 0x6C, 0x14, 0x48, 0x2E, 0x43, 0xEC, 0x1A, 0x94, 0xD7, 0xCD, 0x2A, 0xC1, 0x86, 0x01,
    0x7D, 0x76, 0x7E, 0x3F, 0x9C, 0x66, 0x03, 0x43, 0x3D, 0x71, 0xBF, 0xDB, 0x07, 0xAE, 0xB8, 0x19,
    0x4E, 0x9C, 0x46, 0x43, 0x30, 0x44, 0x36, 0xB6, 0x71, 0x5B, 0x56, 0x89, 0x9B, 0x64, 0x50, 0xD2,
    0xB7, 0x1B, 0xD2, 0xD7, 0x3B, 0xB2, 0xCF, 0x0F, 0xE4, 0xC1, 0x8C, 0xA1, 0x6E, 0x0D, 0xB9, 0xBB,
    0x49, 0x3C, 0x01, 0x2F, 0xFF, 0x21, 0x63, 0x36, 0xDD, 0x03, 0x63, 0x36, 0x13, 0xDB, 0xFE, 0x8B,
    0x1B, 0xB4, 0xCC, 0x54, 0xFE, 0xB2, 0x58, 0x23, 0x33, 0xB2, 0x6B, 0x12, 0xFD, 0x6D, 0x9C, 0x5D,
    0xE2, 0x34, 0x51, 0xAF, 0x80, 0xCA, 0xB4, 0x04, 0x69, 0x96, 0x18, 0x8D, 0x81, 0x7D, 0x09, 0xD3,
    0x0E, 0xC6, 0x25, 0x3E, 0xB3, 0x84, 0x67, 0xCE, 0x34, 0xEB, 0x59, 0x63, 0x9A, 0x5A, 0x86, 0x3C,
    0x76, 0x16, 0x3E, 0xD1, 0x40, 0x0A, 0xBC, 0x04, 0x5C, 0xF5, 0x08, 0x1B, 0x5D, 0xB7, 0x38, 0x58,
    0x5C, 0xE3, 0x16, 0x63, 0xB8, 0x78, 0xDE, 0xED, 0x3D, 0xBE, 0x08, 0x06, 0xD7, 0xAE, 0x69, 0x13,
    0xFA, 0x02, 0xFE, 0x7B, 0x43, 0x61, 0x13, 0x02, 0x5C, 0x88, 0x0B, 0x72, 0x61, 0x2E, 0xD0, 0x85,
    0xBA, 0x60, 0x5F, 0x71, 0x7F, 0xEE, 0x77, 0x43, 0x8F, 0x6F, 0xB7, 0x1F, 0x16, 0x7A, 0xCC, 0x94,
    0x7D, 0xCF, 0x65, 0xA5, 0xCD, 0xC9, 0xC9, 0x04, 0xC7, 0x44, 0xBD, 0x1C, 0x5F, 0x0B, 0xDF, 0x14,
    0x7E, 0x57, 0x84, 0x8F, 0xBE, 0xD6, 0xAE, 0x13, 0xBC, 0x00, 0xE5, 0x00, 0xF0, 0x29, 0xB7, 0xE6,
    0x6F, 0x80, 0xFC, 0xE0, 0x2E, 0xC8, 0x56, 0x3E, 0x29, 0x07, 0x6A, 0x50, 0x56, 0xA9, 0x0A, 0x66,
    0x30, 0xBF, 0xB8, 0xFE, 0x60, 0x5E, 0xC5, 0x25, 0xBE, 0x0E, 0x6F, 0x86, 0x16, 0x4E, 0x93, 0x06,
    0x8E, 0x73, 0x20, 0x97, 0x35, 0xF5, 0xA9, 0xE0, 0xF3, 0x52, 0x3B, 0x67, 0x71, 0xCE, 0xD9, 0xE0,
    0xEE, 0xB5, 0xEB, 0x6D, 0xD8, 0x61, 0xAA, 0x68, 0x81, 0x3A, 0x2C, 0x84, 0x41, 0xD2, 0x6D, 0xB1,
    0x09, 0x80, 0xD1, 0xDF, 0xF8, 0x50, 0x76, 0x1D, 0xAE, 0xF7, 0x5B, 0x3C, 0x66, 0x52, 0x71, 0x2E,
    0xAF, 0xC8, 0x67, 0x08, 0x07, 0x4E, 0x89, 0x2D, 0x75, 0x91, 0xB7, 0x18, 0x25, 0xF4, 0xB5, 0xAA,
    0xFF, 0xB4, 0x40, 0xBD, 0x7E, 0x1A, 0x32, 0xD9, 0xEB, 0xCF, 0xF5, 0x90, 0xFE, 0xB4, 0x85, 0xF8,
    0x4E, 0xE5, 0x5F, 0xA2, 0x56, 0xCE, 0xBB, 0x45, 0x0B, 0x68, 0x52, 0xBF, 0x62, 0xB7, 0xD8, 0x77,
    0x27, 0x33, 0xEE, 0x17, 0xDE, 0x61, 0xEC, 0x5B, 0x91, 0xCE, 0x2D, 0xEC, 0xFD, 0xA0, 0xDC, 0xE7,
    0xA0, 0x50, 0xFA, 0x61, 0x4B, 0x97, 0x96, 0x47, 0xFF, 0xE2, 0x95, 0x02, 0x84, 0x6C, 0x3D, 0x00,
    0x9F, 0x2C, 0x1E, 0x7C, 0x9D, 0xC5, 0x68, 0xFE, 0x6B, 0x95, 0xC6, 0x39, 0xB7, 0x5E, 0xC2, 0x28,
    0x4F, 0x4E, 0xE6, 0xF5, 0x16, 0xC6, 0xA9, 0x10, 0xD2, 0x35, 0x0C, 0x06, 0x62, 0xBB, 0xDE, 0xC3,
    0xB0, 0x64, 0xED, 0x7A, 0x11, 0xE3, 0x16, 0xA6, 0x40, 0x60, 0x6F, 0x57, 0x58, 0x5A, 0xE9, 0x68,
    0x38, 0x77, 0x85, 0xC5, 0xD7, 0xF3, 0x75, 0x78, 0x93, 0x9F, 0x99, 0x5C, 0x75, 0x26, 0xB6, 0xEB,
    0x2C, 0x7A, 0x14, 0xA3, 0x36, 0xC4, 0x57, 0x3C, 0x71, 0xD7, 0xA3, 0xEC, 0xD6, 0xBB, 0x60, 0xAF,
    0xFA, 0x3B, 0x19, 0xC1, 0x08, 0xBD, 0x1A, 0xA8, 0x89, 0x7B, 0x79, 0x5C, 0x25, 0x62, 0x53, 0x9D,
    0x6B, 0x74, 0x2D, 0x03, 0xF3, 0xAB, 0x93, 0xDB, 0x1D, 0xFE, 0xA0, 0xAA, 0x33, 0x82, 0x2E, 0x66,
    0xA8, 0xDE, 0x7C, 0xC8, 0xCD, 0x1F, 0x89, 0x90, 0x92, 0x78, 0xA0, 0x80, 0xDF, 0xFB, 0xB6, 0x4A,
    0x7D, 0x2B, 0xF3, 0x18, 0x05, 0x6E, 0x32, 0x1E, 0xA2, 0x48, 0x2D, 0x0A, 0x95, 0xA8, 0xC9, 0x86,
    0xB5, 0x5A, 0x45, 0xD6, 0xE3, 0x13, 0xE8, 0x1B, 0x0F, 0x8F, 0xD9, 0xD0, 0x61, 0xDC, 0xC0, 0x89,
    0xEC, 0x86, 0x4D, 0xDA, 0x6E, 0xD0, 0x68, 0xD9, 0x08, 0x99, 0xA5, 0xF4, 0xC0, 0x84, 0x3D, 0x4F,
    0x79, 0x5C, 0x92, 0x9E, 0xAB, 0x1E, 0x96, 0xCC, 0xCD, 0xD3, 0x8A, 0x4A, 0xE9, 0x46, 0x0F, 0xCA,
    0x0B, 0x47, 0x2B, 0x71, 0xD9, 0xB6, 0xE7, 0xEA, 0x6F, 0x83, 0x15, 0x90, 0x68, 0xAD, 0x90, 0x9C,
    0xBB, 0xFB, 0xE0, 0x2B, 0x1F, 0x7A, 0x49, 0x25, 0xEB, 0x23, 0x5D, 0x1F, 0xC0, 0xB8, 0xD7, 0x3B,
    0x5D, 0x52, 0xA9, 0x9D, 0x6B, 0x74, 0x49, 0xE5, 0xCD, 0x23, 0x87, 0x2E, 0xA9, 0xFC, 0x88, 0x11,
    0xB1, 0xB3, 0x4B, 0x61, 0xEF, 0x2F, 0xA9, 0x24, 0xAD, 0x58, 0x9A, 0x9A, 0x32, 0x42, 0x60, 0x0F,
    0xC7, 0x02, 0x7A, 0x00, 0x31, 0xB6, 0xB8, 0x43, 0xAC, 0x4D, 0xAF, 0x15, 0x73, 0x2B, 0x09, 0x11,
    0x7B, 0x9B, 0x48, 0xAA, 0x85, 0xC1, 0xBD, 0xE5, 0x5C, 0x5D, 0x2D, 0x2C, 0x2E, 0x79, 0xD7, 0xB9,
    0x62, 0x61, 0x72, 0x71, 0x53, 0x4F, 0x2B, 0x9B, 0x2B, 0x0E, 0x48, 0xB1, 0xD5, 0x18, 0x55, 0x96,
    0x76, 0x3B, 0xD6, 0x25, 0x03, 0xC2, 0xE6, 0x51, 0x3F, 0xFB, 0xC2, 0x73, 0x6C, 0xBC, 0x20, 0x18,
    0xCF, 0x9B, 0x73, 0x4D, 0x07, 0x9F, 0x7E, 0x8C, 0xCE, 0xBE, 0x9B, 0xBC, 0x8A, 0x64, 0x62, 0xE3,
    0x3A, 0x80, 0xE9, 0xA4, 0xE2, 0x1E, 0x3F, 0x83, 0xE7, 0xC5, 0xF4, 0x44, 0x6E, 0xC4, 0x0C, 0xBA,
    0x66, 0x10, 0x8F, 0x7A, 0x59, 0x34, 0x6F, 0xF7, 0x34, 0x8E, 0xFD, 0xD5, 0x82, 0xED, 0x86, 0x46,
    0xF2, 0x76, 0xCB, 0xE9, 0x72, 0xE8, 0xB5, 0xEB, 0xC5, 0x8C, 0x61, 0x31, 0xF9, 0x03, 0x3D, 0x64,
    0x8C, 0xC1, 0x76, 0x1F, 0x03, 0x83, 0xD1, 0x4D, 0x0C, 0xCC, 0x6B, 0x0A, 0x4B, 0x66, 0x6F, 0x89,
    0x2E, 0xA7, 0x3F, 0x6F, 0x60, 0x24, 0xBE, 0x2F, 0x15, 0xB9, 0xF5, 0xEA, 0x85, 0xD0, 0x71, 0xBA,
    0x74, 0x81, 0x78, 0x64, 0x85, 0x39, 0xE8, 0x75, 0x01, 0x84, 0x8A, 0xA0, 0x6D, 0x11, 0x46, 0x6F,
    0x22, 0x85, 0xA9, 0xE0, 0xE5, 0x7C, 0x16, 0x5F, 0x29, 0x7C, 0xE5, 0xEF, 0x95, 0xBC, 0x57, 0xE6,
    0x5E, 0x69, 0x7B, 0xE5, 0xEC, 0x95, 0xB0, 0x57, 0xB6, 0x5E, 0xA9, 0x7A, 0xE5, 0xE9, 0x95, 0xA4,
    0x57, 0x86, 0x5E, 0xE9, 0x79, 0xE5, 0xE6, 0x95, 0x98, 0x57, 0x56, 0x5E, 0xFD, 0x38, 0x90, 0xB8,
    0x91, 0x2A, 0xA5, 0x62, 0x57, 0x68, 0x4A, 0x7F, 0xE1, 0xEF, 0xB2, 0x49, 0x82, 0x5B, 0x87, 0xD7,
    0x3F, 0x8E, 0x4B, 0xA9, 0x1B, 0xA9, 0xD4, 0x9B, 0x5E, 0x65, 0x52, 0xFB, 0x9B, 0x52, 0x66, 0x38,
    0x8C, 0x39, 0xE5, 0x52, 0xEC, 0xA4, 0x78, 0xBF, 0x57, 0x93, 0x76, 0x38, 0x08, 0x36, 0x25, 0x8D,
    0x54, 0x5A, 0xEC, 0xF5, 0x02, 0x76, 0x7A, 0x81, 0xD4, 0x1A, 0x6C, 0xBA, 0x7B, 0xAD, 0x64, 0xA5,
    0xF8, 0x24, 0x5A, 0xBF, 0x6C, 0xC1, 0x26, 0xA9, 0x9B, 0x1F, 0x1E, 0x6C, 0x82, 0x8F, 0xAD, 0xFB,
    0x31, 0xD1, 0x81, 0x71, 0x19, 0xE6, 0x37, 0x58, 0xC5, 0xB4, 0x9E, 0x69, 0x85, 0xDD, 0x9B, 0x10,
    0x35, 0x37, 0x96, 0x62, 0xA9, 0xB5, 0xCB, 0x77, 0x5A, 0xAF, 0x75, 0xF5, 0x30, 0x63, 0x4F, 0xDB,
    0x52, 0xFF, 0x11, 0x1C, 0xEE, 0x01, 0x59, 0x2D, 0x49, 0xE8, 0x9D, 0xD6, 0xE6, 0xA6, 0x08, 0xFE,
    0x67, 0x44, 0xA3, 0x7C, 0xB2, 0x21, 0x18, 0xD8, 0xAC, 0x5F, 0xD2, 0xB1, 0x05, 0x77, 0x8E, 0x91,
    0x39, 0x79, 0x44, 0xE2, 0x53, 0xDB, 0xEE, 0x86, 0x52, 0x2A, 0x74, 0xC5, 0xC1, 0x8E, 0x32, 0xB7,
    0x78, 0xB0, 0x61, 0x53, 0xA4, 0x27, 0x6C, 0x74, 0xA4, 0xFF, 0x59, 0x43, 0xE0, 0xBE, 0x5B, 0x3A,
    0x88, 0x65, 0xE3, 0xC8, 0x3A, 0x59, 0x10, 0x53, 0x91, 0xCE, 0xC8, 0xB0, 0xD6, 0x30, 0xC2, 0x58,
    0x12, 0x8E, 0x44, 0x5D, 0x49, 0xB4, 0xB8, 0xD7, 0x92, 0xD8, 0x72, 0xCC, 0xA2, 0x82, 0x81, 0x9A,
    0x25, 0x2D, 0xC0, 0x4C, 0x62, 0xB3, 0x8A, 0x89, 0xC4, 0xDE, 0x24, 0x18, 0x49, 0xDE, 0xEB, 0x89,
    0x06, 0xE2, 0xFB, 0x2D, 0xBA, 0x30, 0x5F, 0x90, 0xB6, 0x22, 0x19, 0x46, 0x77, 0xDE, 0x02, 0x51,
    0xA4, 0xF6, 0xFA, 0x00, 0x79, 0x2E, 0x7F, 0x74, 0x35, 0x16, 0xE3, 0x3A, 0x18, 0xE4, 0xF7, 0x91,
    0x73, 0x38, 0x70, 0x46, 0x07, 0xD3, 0x21, 0xB3, 0xC0, 0x8F, 0x79, 0xA0, 0x64, 0x73, 0x5C, 0x80,
    0x73, 0x77, 0x0A, 0xA2, 0xBB, 0xD9, 0x08, 0x69, 0xAB, 0x1B, 0x71, 0x55, 0xDA, 0x8B, 0xF4, 0x0D,
    0xB0, 0xE7, 0xDE, 0x00, 0x63, 0xFC, 0x4E, 0x4F, 0x30, 0x66, 0x9F, 0xEF, 0x09, 0x86, 0xD3, 0xC8,
    0x12, 0xDE, 0x5B, 0x06, 0x13, 0xBA, 0x2A, 0x6D, 0x97, 0x6E, 0xE6, 0x0D, 0x81, 0xA2, 0x75, 0xF1,
    0x1C, 0x4E, 0x90, 0x2B, 0xA1, 0x71, 0x35, 0x13, 0xD6, 0x9E, 0xEA, 0x3F, 0x45, 0x21, 0xDE, 0x15,
    0xB5, 0x02, 0x5E, 0x3D, 0x25, 0xFF, 0xC9, 0x88, 0x67, 0x9F, 0x1A, 0x43, 0xA6, 0x3E, 0x5F, 0x09,
    0x1F, 0xC3, 0x68, 0x3A, 0x05, 0x3C, 0x1B, 0x57, 0x60, 0xE4, 0xC3, 0xBF, 0xD8, 0x2E, 0xEE, 0xAD,
    0x83, 0xE4, 0x1F, 0x2C, 0x44, 0x8D, 0x85, 0xA0, 0x78, 0xF9, 0x21, 0x87, 0xCF, 0xE3, 0xF9, 0xF0,
    0x1E, 0xE1, 0x7C, 0xBB, 0x05, 0xC2, 0x2E, 0x96, 0x2A, 0xA2, 0xE6, 0x71, 0xCD, 0x24, 0xE9, 0xF8,
    0x2C, 0x3E, 0x16, 0xB9, 0x19, 0x92, 0xB6, 0x86, 0x27, 0xC9, 0xE1, 0x09, 0x9E, 0x7E, 0x98, 0x59,
    0x8A, 0xEA, 0x09, 0x8D, 0xFD, 0x78, 0x29, 0x95, 0x3A, 0x0E, 0x94, 0xA5, 0xA3, 0x8C, 0x2D, 0x90,
    0x7D, 0x6B, 0x10, 0xCE, 0xCF, 0xC1, 0xA1, 0x18, 0x8D, 0x5D, 0x25, 0x47, 0xF3, 0x02, 0x47, 0xD8,
    0x93, 0x16, 0x22, 0x1D, 0x42, 0xFE, 0x49, 0x88, 0xED, 0x66, 0x55, 0x05, 0x06, 0x42, 0x66, 0x01,
    0xAC, 0xAE, 0x20, 0x93, 0x27, 0xCE, 0x7F, 0x75, 0xF2, 0xC0, 0x23, 0xEF, 0x6E, 0xBD, 0x60, 0x6A,
    0x61, 0x22, 0xB0, 0xB2, 0xED, 0xDD, 0x72, 0xC1, 0xF8, 0x76, 0x2B, 0x6E, 0xD2, 0x50, 0xEB, 0xE5,
    0x5C, 0xBA, 0x00, 0x3F, 0x7E, 0x1E, 0x86, 0x63, 0x18, 0x0D, 0xDC, 0xCC, 0x0A, 0x8E, 0xD3, 0x4A,
    0xAB, 0xF8, 0x42, 0x70, 0x80, 0xA0, 0xEC, 0x7F, 0xC3, 0x98, 0xB4, 0x51, 0x17, 0xB7, 0x49, 0x93,
    0xB4, 0x69, 0x95, 0x35, 0x39, 0x35, 0x26, 0x1E, 0x29, 0xEB, 0x8E, 0x72, 0xD2, 0xD1, 0x9C, 0x3D,
    0xCB, 0x27, 0xA4, 0x24, 0x2B, 0xCC, 0xBF, 0xCD, 0xE4, 0x6E, 0x40, 0xC1, 0xC4, 0xC3, 0x95, 0x5F,
    0x8A, 0x65, 0xBB, 0x51, 0x03, 0x9A, 0x81, 0x67, 0xD9, 0xC9, 0x40, 0x5C, 0x45, 0xF2, 0xA8, 0xE2,
    0xC5, 0x65, 0x08, 0x5D, 0x4B, 0xE6, 0x7A, 0x8E, 0x3F, 0x3F, 0xF0, 0x2A, 0x03, 0x2F, 0xCB, 0xFA,
    0x7E, 0xD4, 0x58, 0x29, 0x25, 0x1A, 0xB5, 0x2F, 0x29, 0x44, 0x17, 0x8E, 0x79, 0x43, 0x9D, 0x58,
    0xB2, 0xCF, 0xF6, 0x84, 0x5C, 0x39, 0x40, 0xC6, 0xEA, 0x1A, 0xE0, 0xD1, 0xE4, 0x6F, 0xD9, 0xF5,
    0xC2, 0x43, 0x68, 0x24, 0x9D, 0x90, 0x10, 0x0E, 0xDB, 0x6D, 0xBB, 0x0A, 0x8D, 0xDF, 0xF8, 0xB1,
    0xEF, 0xD0, 0xB8, 0x99, 0x80, 0x11, 0xD1, 0x99, 0x5C, 0x4C, 0xBE, 0x25, 0xA0, 0xC8, 0xE2, 0x26,
    0x4F, 0x9B, 0xFC, 0x8B, 0x6D, 0xFA, 0x5A, 0xF7, 0x5B, 0x1B, 0xB6, 0x58, 0xB0, 0xE2, 0xD2, 0x96,
    0x65, 0x5F, 0x2E, 0xB6, 0x8A, 0x3B, 0x07, 0x03, 0xA1, 0x48, 0x53, 0xA4, 0x9B, 0xBF, 0x49, 0x4B,
    0xAA, 0x0B, 0xD1, 0xF9, 0xB7, 0x31, 0x5F, 0xC2, 0xCC, 0x98, 0x01, 0xD3, 0x72, 0x61, 0x9B, 0xFC,
    0x8E, 0xD8, 0x8D, 0xA4, 0xEF, 0x4E, 0x3C, 0xCF, 0x9E, 0xE7, 0x78, 0x11, 0xE0, 0x61, 0x8C, 0x89,
    0xA0, 0xA0, 0x1C, 0x22, 0x37, 0x27, 0x6D, 0xFD, 0x24, 0xF9, 0x13, 0xFC, 0x6F, 0xE0, 0xBF, 0x34,
    0x20, 0x4D, 0x06, 0x69, 0x35, 0x68, 0xD9, 0x4D, 0x3A, 0x25, 0x96, 0x32, 0x03, 0xE2, 0xA3, 0xBB,
    0xA8, 0xD3, 0xB9, 0xF7, 0xD6, 0x23, 0x7E, 0x4B, 0x91, 0x82, 0x2C, 0x6E, 0xC8, 0xD3, 0x46, 0x6E,
    0xEB, 0xB7, 0xF3, 0x2D, 0xA7, 0x25, 0x9F, 0xA5, 0x29, 0xFF, 0x08, 0x22, 0xDE, 0xA3, 0xEE, 0x22,
    0x1E, 0xE6, 0xE8, 0x82, 0xBA, 0xDD, 0xF8, 0xAD, 0xF9, 0xE1, 0x00, 0x7C, 0x33, 0x18, 0x74, 0xB8,
    0xB4, 0x48, 0x1E, 0x69, 0xD4, 0xB4, 0x9A, 0x28, 0x07, 0x79, 0xA0, 0xA4, 0xAD, 0xE5, 0x7F, 0xFC,
    0x92, 0xFA, 0xC8, 0x11, 0x7B, 0x02, 0x85, 0x2F, 0x43, 0xBB, 0x94, 0xDF, 0x1E, 0x34, 0x84, 0x79,
    0x73, 0x3A, 0x8C, 0x0A, 0x09, 0x3C, 0x1D, 0x54, 0xE7, 0xA3, 0x6D, 0x73, 0xE1, 0xC3, 0xBA, 0xFC,
    0x60, 0x48, 0x06, 0x88, 0x7A, 0xFF, 0x1B, 0xBA, 0xE9, 0xE0, 0x47, 0x83, 0x93, 0x36, 0x96, 0xCE,
    0x7E, 0xA1, 0xA2, 0x66, 0x89, 0x5D, 0xCA, 0xB2, 0x85, 0xCC, 0xCD, 0x02, 0xBE, 0x03, 0xCC, 0xDF,
    0xB4, 0x80, 0x28, 0x39, 0xA5, 0x0E, 0x6F, 0xBB, 0x60, 0x04, 0xF6, 0x38, 0x60, 0xC4, 0x54, 0x4B,
    0x99, 0x75, 0x3A, 0xD3, 0x0E, 0xCB, 0x43, 0xE1, 0x42, 0x19, 0x3A, 0xCF, 0x6E, 0x2F, 0x22, 0x77,
    0x63, 0xAF, 0x12, 0xF4, 0x37, 0x61, 0xD8, 0xB1, 0xB9, 0x9C, 0xE7, 0x93, 0x82, 0x27, 0xC2, 0x03,
    0xE6, 0x9D, 0xB6, 0xE5, 0x68, 0xBA, 0xCB, 0x83, 0x6B, 0x79, 0xFF, 0xFD, 0x2A, 0xF8, 0x4D, 0x43,
    0x70, 0xBF, 0x20, 0x9C, 0xC5, 0xDB, 0x89, 0x86, 0x03, 0x6B, 0xD0, 0xE8, 0x73, 0x3E, 0x55, 0xB5,
    0x49, 0xE8, 0x8A, 0x6D, 0x00, 0xF5, 0x6D, 0x0B, 0x58, 0x0D, 0xA0, 0x09, 0x5A, 0x24, 0x8F, 0x36,
    0x62, 0x3E, 0x1D, 0xA7, 0x7C, 0xDE, 0x2E, 0xB6, 0xD8, 0xC0, 0x52, 0xD1, 0x02, 0x1F, 0x2D, 0x5A,
    0x5A, 0x5F, 0x1C, 0x87, 0xEA, 0xF5, 0x6B, 0x03, 0x90, 0x6D, 0xD6, 0x6C, 0x63, 0x9B, 0xCF, 0x85,
    0xC5, 0x23, 0x7E, 0x6F, 0x55, 0x9C, 0x36, 0x5A, 0x0F, 0xDF, 0xD9, 0xEB, 0x1D, 0xA4, 0x6F, 0x59,
    0x88, 0x7F, 0x62, 0x21, 0x6C, 0x7F, 0x0C, 0x54, 0x57, 0x1E, 0xEA, 0x75, 0xBD, 0x23, 0xBF, 0xFE,
    0x5A, 0x60, 0xD6, 0xFA, 0xEB, 0xB4, 0x1C, 0xAA, 0xB0, 0x7D, 0x1C, 0x6E, 0x02, 0xCB, 0xC6, 0x51,
    0x8E, 0xB2, 0xBB, 0x10, 0x77, 0x25, 0xA4, 0x64, 0xF0, 0x04, 0xFF, 0xE7, 0x61, 0xDF, 0x7D, 0x0C,
    0xDD, 0x5D, 0x91, 0xF1, 0x8A, 0xBA, 0x28, 0x8B, 0x60, 0x24, 0x2B, 0xC2, 0x9E, 0x6C, 0x69, 0xF4,
    0x59, 0xA2, 0x9E, 0xA7, 0xB5, 0xDC, 0xB5, 0xEE, 0x41, 0x80, 0x9B, 0xC1, 0xDF, 0xD8, 0x23, 0xD0,
    0xDF, 0xB9, 0x12, 0x5F, 0x23, 0x4F, 0xA3, 0x9F, 0x10, 0x33, 0x72, 0x63, 0x29, 0xF6, 0x3E, 0x6D,
    0x68, 0x97, 0xB4, 0x42, 0x47, 0xB9, 0xBC, 0x22, 0x76, 0xC3, 0x06, 0xC2, 0x16, 0x58, 0xCE, 0x9B,
    0x95, 0x54, 0xE7, 0x5B, 0xFA, 0xA8, 0x07, 0x36, 0xBB, 0x4B, 0xE2, 0xA0, 0x74, 0x55, 0x70, 0xF7,
    0x7A, 0x15, 0xD9, 0x60, 0x69, 0x92, 0xA8, 0xF7, 0x7D, 0x72, 0x0D, 0x18, 0x0B, 0xC9, 0xE8, 0x73,
    0xA0, 0x67, 0x7C, 0x86, 0x1D, 0xA7, 0xDC, 0xA0, 0xFE, 0xCE, 0x40, 0xE9, 0x3A, 0x44, 0x97, 0x2F,
    0xA1, 0x4F, 0xA8, 0x6C, 0x3E, 0x04, 0x8B, 0xEE, 0x21, 0xEA, 0x34, 0x6D, 0x8A, 0xA2, 0x65, 0xCE,
    0x39, 0x97, 0x2F, 0x85, 0x39, 0xA9, 0x4F, 0xCE, 0x8E, 0x39, 0xE3, 0xA5, 0xAB, 0xEC, 0xB9, 0x7A,
    0x95, 0x89, 0xAB, 0x2F, 0x32, 0xF2, 0xAA, 0x9E, 0x55, 0x23, 0xDB, 0x2F, 0x43, 0x3E, 0xF4, 0xE7,
    0x21, 0x15, 0x87, 0x3F, 0x0F, 0x29, 0x15, 0xEC, 0x1B, 0x0F, 0x2F, 0x1C, 0xA9, 0x6F, 0x6A, 0x58,
    0x05, 0xAA, 0xE9, 0x15, 0x6A, 0xB3, 0x01, 0x75, 0x0F, 0x28, 0x14, 0xDB, 0x54, 0x87, 0xB3, 0x42,
    0x78, 0x1D, 0xD5, 0xAE, 0x59, 0x66, 0xEF, 0xF2, 0xD9, 0x35, 0xD8, 0xFB, 0x87, 0x0F, 0xC6, 0x17,
    0xDA, 0xF3, 0xBF, 0x12, 0x79, 0x92, 0xA4, 0xDD, 0x91, 0xDC, 0x1F, 0x49, 0x9C, 0x25, 0x5A, 0xB1,
    0x29, 0xD8, 0x70, 0x95, 0xB6, 0xE8, 0xCD, 0x19, 0x87, 0x87, 0x8B, 0xA0, 0x9E, 0x7D, 0xBC, 0xDD,
    0xDC, 0x7A, 0xA5, 0x63, 0x47, 0x6A, 0xB9, 0x41, 0x6C, 0xF9, 0xE6, 0x52, 0xBC, 0xEA, 0xC7, 0xBF,
    0x5D, 0x70, 0x73, 0x68, 0x61, 0x40, 0x39, 0xC8, 0x09, 0x40, 0xDD, 0xBB, 0x82, 0x3F, 0xC6, 0x08,
    0x93, 0x66, 0x2B, 0xB6, 0x27, 0x4A, 0x00, 0xB9, 0xE0, 0xD1, 0xAF, 0x2C, 0x25, 0xFB, 0x9C, 0xB2,
    0x7F, 0x1D, 0x7C, 0xF2, 0x0D, 0xBC, 0x84, 0x9A, 0xD8, 0x91, 0xF2, 0x3B, 0x33, 0x13, 0xA5, 0x78,
    0xF0, 0xAB, 0xDB, 0x7D, 0x8A, 0x09, 0xC2, 0x11, 0x12, 0x0B, 0x75, 0xC3, 0x33, 0xAE, 0xC3, 0xDC,
    0x19, 0xB8, 0xB0, 0x7C, 0xC7, 0xC1, 0x47, 0x79, 0x43, 0x51, 0x61, 0x45, 0x8B, 0x63, 0xC7, 0xC7,
    0xDD, 0xB0, 0x2C, 0x35, 0x3E, 0xA5, 0x17, 0xF9, 0x9C, 0x35, 0x9C, 0x0A, 0xDB, 0xD5, 0xDF, 0x80,
    0xF9, 0xAB, 0x56, 0x3A, 0x75, 0x52, 0x1A, 0xA5, 0x00, 0xB2, 0x0F, 0xA6, 0x5A, 0x5D, 0xE8, 0xDC,
    0xA2, 0x5B, 0x11, 0xEB, 0xA3, 0x09, 0xF2, 0x16, 0x42, 0xC5, 0x84, 0x50, 0x17, 0x8C, 0x9F, 0x00,
    0x1D, 0xAA, 0xA4, 0x11, 0x9C, 0x3B, 0xBF, 0xA2, 0xCE, 0x3C, 0xB2, 0x13, 0x32, 0x29, 0x5A, 0x3C,
    0x99, 0xD7, 0xF9, 0x77, 0xAF, 0x7D, 0x79, 0xD0, 0x02, 0x53, 0x93, 0x18, 0x35, 0xE9, 0x53, 0x6E,
    0x42, 0x44, 0x4D, 0xCA, 0x50, 0x75, 0x42, 0x47, 0x4D, 0x32, 0xAA, 0x49, 0xAD, 0xBA, 0xAC, 0x95,
    0x3D, 0x0D, 0x35, 0x49, 0xAE, 0x51, 0x2C, 0x0C, 0x49, 0x1B, 0xB6, 0x04, 0x3A, 0xFD, 0xF5, 0x06,
    0x38, 0x1D, 0xD1, 0x86, 0xD3, 0xAC, 0x1D, 0xEE, 0xE5, 0xCB, 0xAB, 0x55, 0x48, 0xDD, 0x07, 0xE6,
    0x83, 0x55, 0x0C, 0xF1, 0x48, 0xD0, 0x9B, 0x99, 0xD0, 0xCE, 0x8E, 0xE8, 0xD7, 0x9D, 0x21, 0x7A,
    0xB7, 0x3A, 0x26, 0xBE, 0xC3, 0x4D, 0x92, 0x91, 0x53, 0xD2, 0x9E, 0x91, 0xD4, 0x32, 0xB0, 0xC4,
    0x2F, 0xC9, 0x9A, 0xD0, 0x92, 0x2F, 0x86, 0xDB, 0x10, 0x75, 0x95, 0x21, 0x7E, 0x67, 0x59, 0xC5,
    0xAE, 0xD9, 0x93, 0x38, 0x46, 0x1F, 0x2C, 0x2E, 0xF8, 0x0F, 0x6D, 0xD1, 0x81, 0x66, 0x1C, 0x41,
    0x18, 0xC0, 0xF1, 0xFF, 0xDC, 0x5E, 0x6E, 0xCB, 0x60, 0x16, 0x49, 0x15, 0x65, 0x8A, 0xA2, 0xAD,
    0x26, 0x53, 0x14, 0xC1, 0xED, 0xCD, 0x34, 0x45, 0x01, 0x0E, 0x0D, 0x00, 0x79, 0x88, 0xE2, 0xB0,
    0xD7, 0x9D, 0xA6, 0x2F, 0x10, 0x50, 0x00, 0x79, 0x83, 0xBE, 0x40, 0x92, 0x9B, 0x47, 0x58, 0xFA,
    0x02, 0xFB, 0x08, 0x83, 0xA1, 0x43, 0xF7, 0xB2, 0xDD, 0xD0, 0x82, 0xD6, 0xF7, 0xE1, 0x03, 0x7E,
    0x7C, 0xFF, 0x39, 0x4B, 0x5A, 0xAC, 0xD7, 0x5D, 0x11, 0x49, 0x3C, 0xE3, 0x6A, 0x16, 0xCB, 0xA8,
    0x3A, 0xEB, 0x6E, 0x89, 0x00, 0x07, 0x60, 0x3D, 0x63, 0x98, 0xFD, 0xEA, 0xE5, 0x8F, 0xA8, 0xDF,
    0xA5, 0x2D, 0xE9, 0x39, 0x15, 0x0E, 0x99, 0x5E, 0x9B, 0xA1, 0x59, 0xB5, 0x79, 0xA9, 0x23, 0x0B,
    0x77, 0x74, 0xEE, 0xC6, 0x31, 0x8E, 0x63, 0x0F, 0x00, 0x1B, 0xDE, 0xDC, 0x88, 0xB8, 0xFB, 0xDE,
    0xD9, 0xD1, 0xC9, 0x8C, 0xF4, 0x26, 0xD8, 0x60, 0xDD, 0x9C, 0x03, 0x0E, 0x8D, 0x1F, 0xEC, 0xE5,
    0x60, 0x67, 0x79, 0xCE, 0x5A, 0x7C, 0x44, 0xDD, 0x63, 0x5B, 0x1A, 0xCD, 0x5B, 0x03, 0xB7, 0x14,
    0x09, 0x15, 0x50, 0x20, 0x00, 0x64, 0xB6, 0xFB, 0x1B, 0x93, 0x74, 0xD2, 0xB9, 0x6E, 0x07, 0xD3,
    0x03, 0xD5, 0x01, 0x64, 0xE5, 0x66, 0xD9, 0xF8, 0x32, 0xB6, 0xA8, 0x6E, 0x8F, 0x7D, 0x9F, 0x58,
    0x96, 0x81, 0x4A, 0xC0, 0x21, 0x17, 0xCD, 0x2C, 0x6D, 0x65, 0x67, 0xB5, 0xD3, 0x77, 0xA8, 0x4C,
    0x19, 0x01, 0xE6, 0x82, 0x13, 0xE9, 0xAD, 0x0A, 0xD3, 0xEA, 0x0F, 0x9D, 0xFA, 0xDA, 0x17, 0x21,
    0x0A, 0x1C, 0x47, 0xCC, 0xC6, 0x5E, 0x8D, 0xC9, 0x9E, 0xE5, 0x4F, 0xE4, 0x8A, 0x0B, 0x80, 0xEB,
    0xB2, 0x53, 0xDE, 0x50, 0x73, 0xCB, 0x3D, 0x3B, 0x56, 0x88, 0x2B, 0x19, 0x8B, 0x5C, 0xA4, 0x22,
    0x16, 0xBD, 0x0C, 0xDA, 0xD5, 0xC0, 0xC2, 0x99, 0xCE, 0xFA, 0xCF, 0x6C, 0x69, 0xA8, 0x39, 0x41,
    0x01, 0xA0, 0xBC, 0x0A, 0xCA, 0x69, 0x4E, 0x58, 0x72, 0x4A, 0xC5, 0x22, 0xC8, 0x5E, 0xF6, 0x93,
    0xEB, 0x1A, 0xAE, 0x01, 0x98, 0xEE, 0x87, 0x01, 0xA4, 0xDB, 0xD8, 0x2F, 0xFB, 0xF6, 0x6C, 0x58,
    0x89, 0x04, 0xE0, 0x54, 0x5E, 0x35, 0x9B, 0xE3, 0xCD, 0x71, 0xD3, 0x98, 0xB4, 0x70, 0xB8, 0x22,
    0xFE, 0x25, 0x0D, 0x87, 0xE0, 0xCA, 0xBC, 0x18, 0xB8, 0x21, 0x17, 0xD1, 0xF8, 0x27, 0xB0, 0x2E,
    0xBC, 0xE2, 0x98, 0x9A, 0x95, 0xB3, 0x59, 0xF6, 0x30, 0xD1, 0xFE, 0x01, 0x37, 0x58, 0x5E, 0xC2,
    0x63, 0x68, 0x83, 0x18, 0xFB, 0xF2, 0x67, 0xD2, 0x21, 0xDF, 0xD1, 0x54, 0x54, 0xC0, 0x53, 0x1E,
    0xD5, 0x9C, 0xDA, 0x6F, 0xC9, 0x8C, 0x9D, 0x1C, 0x1D, 0x6B, 0xC4, 0x3F, 0x41, 0xCF, 0xCF, 0xD7,
    0x7F, 0x82, 0xFE, 0xF7, 0x41, 0x4C, 0xBA, 0x85, 0x1D, 0x62, 0xA0, 0x88, 0xC8, 0x80, 0x02, 0x58,
    0xF0, 0xC2, 0x86, 0x7D, 0x7B, 0xB9, 0xB7, 0x62, 0x98, 0xF2, 0xBE, 0xA2, 0x66, 0xCB, 0x1D, 0x6D,
    0x67, 0xDC, 0x6F, 0xDC, 0x7A, 0x57, 0x94, 0xDC, 0xCA, 0x71, 0xF6, 0x07, 0xE0, 0x92, 0xD0, 0x11,
    0xCE, 0x11, 0x94, 0xF8, 0xFF, 0xCE, 0xED, 0x6C, 0x65, 0xBC, 0x28, 0x6B, 0xB9, 0xDD, 0xCE, 0x39,
    0x7B, 0xEF, 0x3D, 0xC7, 0x8A, 0xAF, 0x8E, 0x2B, 0xE7, 0xC4, 0x1D, 0xE0, 0xEA, 0xBE, 0x39, 0xE7,
    0x9C, 0xB3, 0xF7, 0x3E, 0x38, 0xE7, 0x9D, 0x41, 0x3B, 0x67, 0x1B, 0xCE, 0xD9, 0x86, 0x72, 0x16,
    0xFB, 0x5A, 0x90, 0x05, 0x92, 0xC0, 0xB4, 0xFB, 0xEB, 0x1A, 0x82, 0x3B, 0xCA, 0x59, 0x94, 0x70,
    0x16, 0x5F, 0xCD, 0xCE, 0xE1, 0x76, 0x55, 0x57, 0xEA, 0xAA, 0x6A, 0x62, 0xF7, 0x64, 0x0D, 0x31,
    0x77, 0x11, 0x27, 0x62, 0xEA, 0x0D, 0x49, 0x65, 0x89, 0x89, 0xC1, 0xDE, 0xA3, 0xBD, 0xF7, 0xCD,
    0x0E, 0x2F, 0x6E, 0x4F, 0x5B, 0x83, 0x74, 0x40, 0x69, 0x90, 0x39, 0x94, 0x20, 0x3E, 0xE0, 0xE6,
    0x62, 0x45, 0x4F, 0x2C, 0xBB, 0x88, 0x36, 0xE2, 0xCB, 0xDA, 0x06, 0x50, 0x9E, 0xEB, 0x57, 0x2F,
    0x3B, 0xE5, 0x6A, 0x06, 0x44, 0x02, 0xEA, 0x88, 0x2B, 0xE0, 0x81, 0xC0, 0x06, 0x70, 0xC0, 0x8C,
    0x24, 0xE0, 0x84, 0xAC, 0x47, 0x32, 0x7F, 0xFE, 0x2F, 0x76, 0xA8, 0xBC, 0xF7, 0x16, 0x2D, 0x99,
    0x2F, 0x02, 0x15, 0x1D, 0xFF, 0x5C, 0xF5, 0x2D, 0x17, 0xED, 0x3C, 0x3F, 0x9B, 0x13, 0xC8, 0x73,
    0x7B, 0x4A, 0xAE, 0x02, 0x7A, 0x54, 0x11, 0xF5, 0xA9, 0x3F, 0xDD, 0xE0, 0x32, 0xE6, 0xF0, 0x1E,
    0x60, 0x0A, 0xEF, 0x41, 0x32, 0xE1, 0x89, 0x78, 0x68, 0x32, 0x72, 0xB5, 0x74, 0x88, 0x26, 0x12,
    0x74, 0x97, 0x68, 0xA2, 0xD7, 0x7A, 0x07, 0x14, 0xDE, 0x4F, 0x01, 0xAF, 0xE5, 0x3E, 0xCA, 0xD9,
    0x52, 0x4E, 0x8A, 0xA4, 0x02, 0x36, 0xA8, 0x1A, 0xA2, 0x36, 0x11, 0xA3, 0xA8, 0x82, 0x2D, 0x05,
    0x56, 0xDE, 0xA1, 0x86, 0x0E, 0xB8, 0x06, 0x9F, 0x89, 0x20, 0x7C, 0x0A, 0x07, 0xA4, 0x5D, 0x6D,
    0x81, 0xCC, 0x7B, 0x10, 0xE3, 0xD7, 0x5F, 0xB8, 0xE7, 0x02, 0x8F, 0x26, 0x24, 0x5B, 0x62, 0x39,
    0x13, 0xEB, 0x81, 0xB8, 0x35, 0x44, 0xF3, 0x96, 0xE8, 0xBC, 0xE2, 0x5E, 0x16, 0xA4, 0xCE, 0x1F,
    0x1D, 0x75, 0xFE, 0xD0, 0x7D, 0x9D, 0x0B, 0x2A, 0x22, 0x77, 0xF4, 0x46, 0x74, 0xCE, 0x67, 0x13,
    0x71, 0xBE, 0xB5, 0x9D, 0x24, 0x62, 0x45, 0x4D, 0xA1, 0xF5, 0x3D, 0x96, 0xA7, 0xF2, 0x3D, 0x52,
    0xEF, 0xB7, 0x50, 0xD7, 0x9F, 0xBA, 0x45, 0xDD, 0xE0, 0x24, 0x99, 0x81, 0x2B, 0xD9, 0x10, 0x80,
    0x56, 0xFF, 0x4A, 0x32, 0x25, 0x37, 0x32, 0x23, 0xFC, 0xA2, 0xB7, 0xA8, 0x3D, 0xE1, 0xF4, 0x14,
    0x54, 0xA0, 0x80, 0xB0, 0x27, 0x18, 0xDD, 0x20, 0xED, 0x74, 0x87, 0xCC, 0xA9, 0x01, 0xAA, 0x2F,
    0xFC, 0xF7, 0x7A, 0x9B, 0xD2, 0xB4, 0x38, 0xF6, 0x2F, 0x00, 0xF0, 0x79, 0xD8, 0x3D, 0xA9, 0xBF,
    0x06, 0x54, 0xD4, 0x44, 0x6B, 0x6A, 0x93, 0x4C, 0x50, 0x26, 0x1D, 0xA0, 0xA8, 0x85, 0x0F, 0xA2,
    0x89, 0xDF, 0x07, 0x19, 0xC5, 0x4E, 0xA3, 0x6A, 0x7D, 0x47, 0xEE, 0x23, 0x68, 0x6A, 0x03, 0x24,
    0xF1, 0xF7, 0x6A, 0x90, 0x18, 0x7D, 0x1F, 0xA4, 0xF4, 0x14, 0x4C, 0xB8, 0x42, 0x58, 0x23, 0x19,
    0xB1, 0xE1, 0x3A, 0xED, 0xB7, 0xAB, 0x1E, 0x35, 0x59, 0xE4, 0x9E, 0x7F, 0x7B, 0x41, 0x6C, 0xE0,
    0xC2, 0xDB, 0xE1, 0xE2, 0x2C, 0x76, 0xCE, 0xF8, 0x3A, 0xEA, 0x9D, 0x5A, 0x17, 0x9D, 0x97, 0x56,
    0x5E, 0x65, 0x65, 0xF7, 0xDA, 0x88, 0x9E, 0xEB, 0x9D, 0x8E, 0x37, 0x3B, 0xFD, 0x4E, 0xA2, 0xDB,
    0xCA, 0x77, 0x68, 0xA3, 0x48, 0x62, 0x28, 0xBD, 0x0B, 0x3D, 0x6D, 0x3D, 0xC3, 0xEF, 0xB7, 0xB0,
    0xFF, 0x88, 0x0C, 0x51, 0x08, 0x4A, 0x21, 0x62, 0x50, 0x0E, 0x11, 0x84, 0x92, 0x88, 0x28, 0x94,
    0x45, 0x04, 0x11, 0x50, 0xAF, 0x63, 0x8D, 0x45, 0xF3, 0xAB, 0xC5, 0xEC, 0x33, 0x61, 0x12, 0x9B,
    0x8B, 0x60, 0x37, 0x25, 0x2B, 0xFD, 0x44, 0x18, 0x81, 0xA4, 0x35, 0x6F, 0xE2, 0x6F, 0xD2, 0xF1,
    0x1D, 0x21, 0xD1, 0x66, 0x59, 0x73, 0x04, 0x1E, 0xC6, 0x45, 0xEA, 0xB6, 0x0B, 0xC0, 0x4C, 0x55,
    0x8D, 0xFB, 0x11, 0xD1, 0xED, 0x28, 0xD7, 0xBA, 0x78, 0xED, 0xA9, 0x03, 0x28, 0x80, 0xCB, 0x9C,
    0xD0, 0xBC, 0x27, 0xCD, 0xFA, 0xA2, 0x23, 0xCD, 0xAD, 0xC4, 0x41, 0xB1, 0xA3, 0x65, 0xB3, 0xA3,
    0x46, 0x7D, 0x37, 0x69, 0x85, 0x2A, 0x9A, 0xFA, 0x90, 0x2B, 0x1A, 0xE0, 0x04, 0x1A, 0x75, 0x07,
    0x9C, 0xA1, 0x46, 0xD9, 0x03, 0x03, 0x36, 0xDC, 0x4D, 0xCA, 0x70, 0xCF, 0x1C, 0x13, 0xD2, 0xC4,
    0xDF, 0x4B, 0x8B, 0x89, 0x1B, 0xAC, 0xE8, 0x88, 0x65, 0xF7, 0xD8, 0x96, 0x6A, 0xA8, 0x9A, 0x7A,
    0x42, 0x76, 0xED, 0x4E, 0x8F, 0xD6, 0xD1, 0x8D, 0x46, 0xD4, 0x16, 0xDE, 0x6F, 0x0D, 0xEE, 0xB8,
    0x25, 0x7E, 0xAF, 0xC4, 0x96, 0x96, 0xB1, 0x44, 0x73, 0xA6, 0x62, 0xD1, 0x45, 0x85, 0xDC, 0x07,
    0x41, 0x14, 0x29, 0x94, 0xAC, 0xF2, 0x9D, 0x3A, 0x0B, 0xD1, 0xE8, 0x4E, 0xB3, 0xDE, 0x7B, 0xC6,
    0x85, 0x22, 0xF5, 0x16, 0xD5, 0xF7, 0x1C, 0x1D, 0x37, 0xC7, 0x8E, 0xDA, 0xAD, 0x4C, 0x3E, 0xC4,
    0xC4, 0xC5, 0x45, 0x6B, 0xD2, 0x20, 0xE2, 0x8A, 0x76, 0xCC, 0xB8, 0x29, 0xF1, 0xF8, 0x19, 0x98,
    0xC9, 0x64, 0xA2, 0xF2, 0x55, 0x97, 0x4C, 0x48, 0xE6, 0xA3, 0xD6, 0x54, 0x14, 0xCF, 0x4F, 0x68,
    0xBD, 0xD5, 0xE7, 0x0F, 0x8B, 0x37, 0x9F, 0x7A, 0x0F, 0x96, 0xD4, 0x3B, 0x9E, 0x4F, 0xBD, 0xC7,
    0xDF, 0x0E, 0xE4, 0x37, 0x62, 0xD2, 0x8D, 0xB1, 0x5D, 0x8C, 0x68, 0xB9, 0x1B, 0x0A, 0xBA, 0xA4,
    0x5E, 0x86, 0xC1, 0xCD, 0x8C, 0xBB, 0x02, 0x3F, 0xAC, 0x89, 0x14, 0xB2, 0x25, 0x06, 0xCD, 0x29,
    0x0A, 0xE4, 0x34, 0x4D, 0xBF, 0xA4, 0xCB, 0x8C, 0xBF, 0x2C, 0xE7, 0xAD, 0x17, 0x73, 0x7B, 0xF9,
    0xAE, 0x27, 0x32, 0x33, 0x2E, 0x8F, 0xFC, 0x4E, 0x43, 0xA4, 0x9E, 0xA4, 0x2B, 0x7D, 0x34, 0x83,
    0xDE, 0x46, 0x2B, 0x6C, 0xEF, 0xA0, 0xD0, 0x62, 0x0B, 0x97, 0x77, 0xD1, 0x04, 0x65, 0x13, 0x2D,
    0x70, 0x28, 0xA7, 0xDA, 0x59, 0x24, 0xD6, 0x45, 0x72, 0x95, 0x0C, 0x28, 0x18, 0x49, 0x75, 0xCF,
    0x40, 0xA2, 0x3F, 0x7A, 0x8A, 0x04, 0x92, 0xDE, 0xC5, 0xB5, 0x57, 0xE2, 0xF0, 0x1B, 0x8A, 0x19,
    0xF7, 0xC2, 0xA5, 0x27, 0x94, 0x2E, 0x46, 0x51, 0x1E, 0x93, 0x82, 0xA3, 0x44, 0xAD, 0x77, 0x68,
    0x45, 0xE3, 0x77, 0xEC, 0x09, 0xFD, 0xC4, 0x1D, 0xAD, 0x6F, 0x52, 0x2B, 0xB4, 0x1A, 0x84, 0xA6,
    0xD3, 0xB2, 0xBB, 0x37, 0xF0, 0xC4, 0xFD, 0xCA, 0x86, 0x33, 0xBF, 0x95, 0x3C, 0x52, 0x75, 0xDC,
    0x32, 0x95, 0x2E, 0x86, 0x6A, 0x0D, 0x37, 0x0D, 0x4A, 0x41, 0x9F, 0x28, 0xBC, 0x38, 0x9E, 0xDE,
    0x88, 0xE3, 0x4D, 0x91, 0xDA, 0xAC, 0x9F, 0x23, 0x2D, 0x1B, 0x32, 0x54, 0xF6, 0x50, 0x32, 0x47,
    0x33, 0x46, 0x8B, 0xEB, 0x4F, 0xEC, 0xD2, 0x81, 0x54, 0x99, 0x8C, 0xB4, 0x3E, 0xE1, 0x92, 0xF1,
    0x94, 0xCB, 0x49, 0x5B, 0x2B, 0x79, 0x81, 0x07, 0xAF, 0xA8, 0x80, 0xF6, 0xA7, 0x0E, 0xA8, 0x12,
    0x26, 0xA0, 0x94, 0xE2, 0xB5, 0xDE, 0xE6, 0x9E, 0x7C, 0x96, 0xE7, 0xD9, 0x60, 0x4D, 0xE0, 0x28,
    0x61, 0xD2, 0x53, 0xDE, 0xC2, 0x82, 0x67, 0x91, 0xE1, 0xA2, 0xE3, 0x1B, 0xD9, 0x72, 0xE1, 0x87,
    0x68, 0x61, 0x97, 0xCF, 0xD4, 0x3D, 0x25, 0x9C, 0xC8, 0x8B, 0x22, 0xB2, 0xBA, 0xA0, 0x25, 0xC8,
    0x7E, 0x03, 0x65, 0xA8, 0x59, 0x9A, 0x58, 0x83, 0x16, 0xAE, 0x3E, 0x9A, 0xD2, 0xAB, 0x7B, 0x62,
    0xD0, 0xFD, 0x89, 0x25, 0xFE, 0x0D, 0x59, 0x15, 0x5B, 0x29, 0xF4, 0xCE, 0x39, 0x77, 0x4F, 0xA4,
    0x34, 0x78, 0x6C, 0x05, 0x4A, 0x33, 0x13, 0xFD, 0xB0, 0x18, 0x89, 0x86, 0x5C, 0x82, 0x7F, 0xA0,
    0x09, 0x94, 0x77, 0xB4, 0x00, 0xCB, 0x00, 0x11, 0x85, 0x6B, 0x25, 0x24, 0x2E, 0x0A, 0xC9, 0xB0,
    0x1F, 0xA8, 0x7C, 0x7E, 0x41, 0x45, 0x45, 0x62, 0x99, 0x03, 0x48, 0xA8, 0x41, 0x25, 0x19, 0xA0,
    0x6A, 0xF8, 0x45, 0x0C, 0x20, 0x12, 0x31, 0x66, 0x1D, 0x88, 0x81, 0xC4, 0x90, 0x04, 0x91, 0x64,
    0xED, 0x5A, 0x14, 0xBE, 0x61, 0x01, 0x72, 0x74, 0xE7, 0x16, 0x12, 0xC9, 0x0E, 0xAD, 0x10, 0xB0,
    0xE0, 0x01, 0x09, 0xCE, 0x93, 0x43, 0x21, 0x07, 0x7B, 0xE4, 0xB1, 0xD8, 0x7F, 0x1E, 0x48, 0xA0,
    0x98, 0x7C, 0x4A, 0x21, 0x6A, 0x90, 0x65, 0x84, 0xAC, 0xC5, 0x48, 0xC3, 0x24, 0x69, 0x5A, 0x34,
    0xD8, 0x45, 0x52, 0x36, 0x6B, 0x12, 0x85, 0x8D, 0xF0, 0xAB, 0x49, 0xCE, 0x84, 0xFF, 0x18, 0x49,
    0x7A, 0xFD, 0x34, 0x7A, 0x27, 0x2B, 0x21, 0x96, 0x93, 0xA7, 0x2D, 0x4F, 0xDB, 0x65, 0xD3, 0x54,
    0xC1, 0x9A, 0x8A, 0x12, 0x87, 0xEA, 0xA9, 0x55, 0x4A, 0x51, 0x79, 0x93, 0xB4, 0x1E, 0xAD, 0x6F,
    0x32, 0x71, 0xFE, 0x05, 0x63, 0x39, 0x15, 0xB5, 0x7F, 0x18, 0xC5, 0xBE, 0x1C, 0xF1, 0x80, 0xAA,
    0xE7, 0x5E, 0xF6, 0x4A, 0xD8, 0x7F, 0x8C, 0xC8, 0x3C, 0xCE, 0x04, 0xD8, 0x53, 0xC7, 0xDC, 0x9A,
    0x36, 0x0C, 0x39, 0x1D, 0x59, 0xD6, 0x11, 0x57, 0xA2, 0xDE, 0x68, 0xC9, 0x99, 0x16, 0xE4, 0x21,
    0xE1, 0x62, 0x4A, 0xB5, 0xD4, 0x75, 0x74, 0x6C, 0xFF, 0xED, 0xD8, 0x7B, 0xDE, 0x3F, 0x96, 0x34,
    0xD4, 0xFF, 0xCF, 0x8E, 0xC5, 0xC4, 0xBF, 0x9A, 0x29, 0xCA, 0x26, 0x02, 0x2D, 0xBE, 0x66, 0xCA,
    0xE7, 0x29, 0x93, 0x0E, 0x01, 0x8A, 0x9E, 0x49, 0xDF, 0x50, 0x92, 0x0E, 0x95, 0x51, 0x03, 0x13,
    0xFB, 0x24, 0x62, 0x50, 0x0A, 0x11, 0x62, 0x4D, 0x19, 0xB8, 0x58, 0x94, 0x20, 0x99, 0x3F, 0xBB,
    0xB6, 0xE4, 0x2F, 0xEC, 0x6F, 0xBB, 0xDA, 0x52, 0x89, 0xFB, 0xD1, 0x1B, 0x7B, 0xFA, 0xE6, 0x9D,
    0xF1, 0xDF, 0x0F, 0xC9, 0x08, 0x06, 0x3D, 0x6D, 0x89, 0x54, 0x48, 0xD6, 0xCB, 0xF1, 0xD8, 0x45,
    0x52, 0x58, 0x39, 0x14, 0x9B, 0x82, 0xB2, 0x29, 0x11, 0xEB, 0x50, 0xC8, 0x89, 0x90, 0x09, 0xAA,
    0x01, 0x92, 0x01, 0x95, 0x24, 0x37, 0x4A, 0x98, 0x77, 0x91, 0x94, 0x0D, 0x65, 0xE4, 0x36, 0xD7,
    0x14, 0x97, 0x24, 0x28, 0xE2, 0x88, 0xCC, 0xA9, 0x15, 0x3F, 0xA0, 0x16, 0xB2, 0x91, 0x7C, 0xB8,
    0x26, 0xE9, 0x71, 0x46, 0xD2, 0x91, 0x30, 0xE8, 0x7F, 0x8B, 0xA4, 0xC1, 0xAF, 0x71, 0x3D, 0x83,
    0x1F, 0x67, 0x45, 0x72, 0x1B, 0xF5, 0x4A, 0x4B, 0xFF, 0xF9, 0x59, 0x28, 0x47, 0x16, 0x53, 0xC5,
    0xC4, 0xAE, 0xA3, 0xF5, 0x46, 0x87, 0x0F, 0x1E, 0xF9, 0x00, 0x3F, 0xE1, 0x0E, 0xD5, 0xE4, 0x7D,
    0x36, 0xD2, 0xED, 0x6D, 0xD1, 0x15, 0x5D, 0x54, 0x70, 0x69, 0x95, 0x89, 0x7A, 0x2F, 0xAD, 0x24,
    0x00, 0x57, 0x36, 0x12, 0xC1, 0xBF, 0xA5, 0x9E, 0xE3, 0x48, 0x71, 0xA5, 0xFA, 0x58, 0x4B, 0x0A,
    0xB2, 0x22, 0x4D, 0x23, 0x67, 0xEA, 0x67, 0x58, 0xED, 0xB6, 0xD4, 0x9D, 0xC8, 0x3E, 0xB5, 0x5D,
    0x4B, 0xBA, 0xF4, 0x98, 0x18, 0x36, 0x2C, 0x7B, 0x26, 0xD0, 0xCE, 0xC5, 0x98, 0xB0, 0x18, 0xE0,
    0x61, 0x9D, 0x0E, 0xA8, 0x0D, 0xCF, 0x88, 0xD4, 0x41, 0x5B, 0x1E, 0x44, 0x54, 0x58, 0xF8, 0x99,
    0x50, 0x7B, 0x53, 0x4C, 0x3C, 0xCF, 0xBD, 0x67, 0x89, 0x9F, 0x9C, 0xCF, 0x3A, 0x8C, 0xA1, 0x9E,
    0x52, 0x4C, 0xC0, 0xF6, 0x4E, 0x0F, 0xB0, 0xDE, 0x49, 0x58, 0x04, 0x25, 0x3D, 0xED, 0xDE, 0x9D,
    0xAB, 0x33, 0xC9, 0x31, 0x1F, 0x19, 0xCE, 0x1D, 0xA1, 0x07, 0x2E, 0x1C, 0x8F, 0x22, 0x0E, 0x80,
    0x2D, 0x61, 0x23, 0x70, 0xC0, 0x7F, 0x7C, 0x46, 0x7F, 0xDD, 0x52, 0x4F, 0xED, 0xDF, 0xD6, 0xBD,
    0xD4, 0x88, 0x85, 0x1F, 0x79, 0xCA, 0xBE, 0x57, 0x9C, 0xAA, 0x4B, 0x26, 0x1F, 0xF0, 0xB5, 0x90,
    0xEA, 0xDB, 0x45, 0x3A, 0xC9, 0xB1, 0x86, 0x9D, 0x65, 0xA1, 0x97, 0x3F, 0x7B, 0x6F, 0xAB, 0x2E,
    0xDE, 0x83, 0x8A, 0x41, 0xE9, 0x7E, 0x84, 0xD8, 0xD8, 0xFB, 0x8C, 0x4B, 0xEB, 0x43, 0x09, 0x23,
    0xE9, 0xA3, 0x06, 0x72, 0x4B, 0x05, 0x48, 0xDB, 0xB3, 0x74, 0x3D, 0xCA, 0xA8, 0x46, 0x7A, 0x1E,
    0x92, 0x43, 0x91, 0x82, 0x1D, 0x4F, 0x64, 0x5F, 0x93, 0x48, 0xB6, 0x63, 0xBB, 0x23, 0xA5, 0x8D,
    0x58, 0x83, 0x8A, 0x94, 0x5E, 0x07, 0x8F, 0xAD, 0x41, 0x53, 0xB0, 0xD3, 0x19, 0x21, 0x8D, 0x8E,
    0x95, 0x3E, 0xC7, 0x2E, 0x05, 0x6B, 0x46, 0x15, 0xB4, 0x73, 0xA4, 0x09, 0xA3, 0x45, 0x0F, 0xE1,
    0x73, 0x13, 0x69, 0xEE, 0x59, 0x99, 0x8C, 0x28, 0x5B, 0x13, 0x6B, 0x02, 0x45, 0xEE, 0xE3, 0x84,
    0x43, 0xCD, 0x34, 0x3D, 0xE1, 0x4C, 0x4B, 0x75, 0x30, 0x68, 0x6E, 0x69, 0x9D, 0x3A, 0xD2, 0x7E,
    0x9D, 0x75, 0x9A, 0x9B, 0x5A, 0x15, 0x76, 0x45, 0x81, 0x74, 0x09, 0xD2, 0x46, 0x1F, 0x92, 0x2A,
    0xA3, 0xAF, 0x60, 0x13, 0x37, 0x36, 0x48, 0xB9, 0x53, 0x39, 0xD2, 0x13, 0xA8, 0x8E, 0xF4, 0x4C,
    0xB6, 0x40, 0x15, 0x13, 0x92, 0x51, 0x32, 0x41, 0x45, 0x25, 0x2A, 0xDF, 0x71, 0x07, 0x34, 0xFE,
    0x5B, 0xE4, 0xC6, 0x5A, 0xDC, 0x58, 0x0E, 0x92, 0x1D, 0xA5, 0xC6, 0x57, 0xBB, 0x34, 0x2E, 0x6E,
    0xCC, 0xE5, 0xA5, 0x3B, 0x8B, 0x6E, 0x2C, 0x94, 0xDD, 0xD9, 0x9D, 0xA3, 0x24, 0x74, 0x71, 0x63,
    0x59, 0x12, 0xB5, 0x2C, 0xC9, 0x35, 0x72, 0xD2, 0x8D, 0x2C, 0x89, 0xF9, 0xAD, 0x0B, 0xE7, 0xCA,
    0x53, 0xD6, 0xC8, 0x4A, 0x5D, 0xBB, 0xCB, 0x03, 0x75, 0x13, 0x7E, 0x12, 0x6E, 0xC2, 0xD2, 0x58,
    0x65, 0x5F, 0x38, 0xA0, 0x70, 0xA5, 0x25, 0x56, 0x96, 0xDC, 0xB4, 0x89, 0x08, 0x62, 0x0D, 0x7E,
    0xDF, 0x52, 0xF0, 0x3E, 0x62, 0x47, 0x54, 0x96, 0xA8, 0x9B, 0x3A, 0x0A, 0xAA, 0x0D, 0xC5, 0xD2,
    0x96, 0xD6, 0x57, 0x3D, 0x94, 0x43, 0x31, 0x5F, 0xF0, 0x0D, 0xD9, 0x52, 0x92, 0xDA, 0x77, 0x72,
    0xDC, 0x60, 0x77, 0x88, 0x8E, 0x42, 0x1C, 0x8F, 0xC1, 0x7B, 0xDF, 0x50, 0xB9, 0x9B, 0x48, 0xB9,
    0x9B, 0x8E, 0x52, 0xEE, 0x0E, 0x7B, 0xE5, 0x2E, 0xC9, 0x52, 0xEE, 0x16, 0x7B, 0xE5, 0x6E, 0x24,
    0x52, 0x83, 0xD4, 0x62, 0x9D, 0x95, 0x18, 0x67, 0xB3, 0x94, 0xBB, 0x24, 0x52, 0x9B, 0x91, 0x17,
    0xFD, 0x43, 0x2A, 0x6F, 0x76, 0xB5, 0x81, 0xEC, 0x97, 0x5F, 0x43, 0x28, 0xBF, 0xF2, 0x29, 0x46,
    0x3D, 0xD9, 0xD7, 0x02, 0x79, 0x00, 0xF2, 0x5F, 0x51, 0x2A, 0xF6, 0x0A, 0xE9, 0x18, 0xA0, 0x70,
    0x50, 0x7F, 0x14, 0x4B, 0x3A, 0x72, 0xF1, 0xDF, 0xFE, 0x96, 0x8D, 0x56, 0x18, 0x13, 0x0B, 0x5B,
    0x19, 0x6F, 0xBD, 0x55, 0xB3, 0x34, 0x61, 0x21, 0xF0, 0x86, 0x66, 0x69, 0x34, 0x12, 0xA1, 0x03,
    0x7A, 0x35, 0xA2, 0xE8, 0x0A, 0x7F, 0xEA, 0x1B, 0x1A, 0x86, 0xCC, 0x3A, 0x31, 0x8B, 0xA2, 0x35,
    0x2A, 0x82, 0x3E, 0x6D, 0x4F, 0x37, 0x87, 0x08, 0x2D, 0xFC, 0x01, 0xD6, 0x38, 0x38, 0xC0, 0x8C,
    0x83, 0x27, 0x62, 0xC2, 0x57, 0x2E, 0x63, 0x9D, 0x65, 0xA2, 0xF3, 0xE6, 0xC7, 0x3A, 0xCD, 0x9E,
    0xA8, 0x75, 0x80, 0xC2, 0x33, 0x8D, 0x11, 0x6E, 0xBB, 0x3E, 0x0C, 0xF7, 0x3F, 0xFD, 0xF9, 0x18,
    0x9D, 0x6E, 0xB1, 0x15, 0xD6, 0x84, 0xF7, 0xDB, 0xFE, 0xB4, 0x0C, 0x28, 0x0C, 0xEA, 0x17, 0xCD,
    0x6D, 0x9F, 0x6C, 0x93, 0xA1, 0x18, 0x72, 0x97, 0xBA, 0x74, 0x2C, 0xBB, 0xCC, 0x25, 0x93, 0xB2,
    0x99, 0xC3, 0x54, 0x99, 0xBC, 0xC7, 0xA4, 0x4D, 0xDE, 0x25, 0x93, 0x46, 0x61, 0xD3, 0x51, 0x9B,
    0xD2, 0x66, 0x83, 0x6E, 0x4A, 0x5B, 0xF4, 0x95, 0x55, 0x4D, 0x65, 0xCB, 0x41, 0x7D, 0x8C, 0x47,
    0xC6, 0x10, 0x60, 0x58, 0x6C, 0xCD, 0x7E, 0x61, 0x9C, 0x6C, 0x8C, 0x9C, 0x15, 0x64, 0x7B, 0xFA,
    0xED, 0x51, 0x9C, 0x31, 0x48, 0xC4, 0xAF, 0x58, 0x96, 0x24, 0xDE, 0x80, 0x5B, 0x6C, 0x77, 0x99,
    0xC2, 0x44, 0xB5, 0x73, 0xE9, 0xA8, 0xF3, 0x43, 0xA9, 0x1D, 0x65, 0xFB, 0xAF, 0x76, 0x52, 0x7C,
    0xED, 0x8A, 0x31, 0x9C, 0x23, 0x99, 0x37, 0x24, 0xE5, 0x7F, 0x4B, 0xA9, 0x2E, 0x45, 0xD9, 0x3A,
    0xDA, 0x31, 0x1D, 0xA2, 0xDE, 0xF2, 0x3E, 0x91, 0x93, 0x16, 0x33, 0xF9, 0x48, 0xB8, 0xD0, 0xAD,
    0x1B, 0x86, 0x0B, 0xF3, 0x4B, 0x4D, 0xCB, 0x4D, 0xB7, 0x5F, 0xFB, 0x6A, 0x50, 0x49, 0x86, 0x69,
    0x85, 0x2C, 0xAE, 0x40, 0x39, 0x84, 0xF4, 0x91, 0xE4, 0x9D, 0x10, 0x2B, 0xA4, 0x89, 0x24, 0xA5,
    0x55, 0x6C, 0xF8, 0x69, 0xBD, 0x69, 0x7D, 0x93, 0x0F, 0x28, 0x06, 0x0A, 0x58, 0xF0, 0x87, 0xB2,
    0xF1, 0xC7, 0xDE, 0xFA, 0x51, 0xF1, 0xA7, 0x6A, 0x88, 0x4C, 0x3F, 0x3D, 0x34, 0xBD, 0xF0, 0x5E,
    0x0F, 0x1A, 0x39, 0x9A, 0xEA, 0xDA, 0x1B, 0x69, 0x76, 0xA8, 0x92, 0xA8, 0xA9, 0x45, 0xB2, 0x7C,
    0x20, 0x06, 0xB6, 0x32, 0xC2, 0xA0, 0x6E, 0xAD, 0x9F, 0xCB, 0xA8, 0xDD, 0xBB, 0xFD, 0x44, 0x07,
    0xB8, 0x38, 0xA1, 0xEA, 0x12, 0x99, 0x39, 0xAB, 0x06, 0xA2, 0xDC, 0xCA, 0x24, 0xA3, 0xB4, 0x31,
    0x71, 0xB9, 0x9C, 0x1F, 0x76, 0x9A, 0xAE, 0x6F, 0xEA, 0x7A, 0x73, 0x33, 0x6D, 0xAE, 0x6F, 0xEA,
    0x7B, 0x62, 0xEA, 0x94, 0x45, 0x4A, 0x4B, 0x15, 0x27, 0xE3, 0x4E, 0xEB, 0xE9, 0x28, 0x7A, 0xE7,
    0x22, 0xA2, 0x79, 0xAE, 0x4D, 0xDD, 0x0B, 0x13, 0xC4, 0x45, 0xF8, 0x41, 0x16, 0x59, 0xF1, 0x83,
    0x30, 0x61, 0x57, 0xFB, 0xCC, 0x7F, 0x3C, 0x92, 0x21, 0xC2, 0x32, 0x46, 0xE0, 0xD3, 0xBF, 0xE7,
    0x6D, 0x67, 0xBD, 0xBF, 0x9D, 0xC5, 0xAD, 0xE4, 0x03, 0xCE, 0xBB, 0x16, 0xE5, 0x15, 0x1A, 0xE5,
    0x59, 0x3C, 0x6B, 0xFF, 0x43, 0x61, 0x84, 0xE2, 0x62, 0x4C, 0xB9, 0x13, 0x57, 0x1D, 0x38, 0x32,
    0x35, 0x38, 0x24, 0x37, 0x0E, 0x4C, 0x05, 0x9E, 0xF8, 0xBA, 0x43, 0xF4, 0xD7, 0xC8, 0x9C, 0xA3,
    0x41, 0xCE, 0x3F, 0x29, 0xFA, 0x3C, 0x4A, 0xB8, 0xE5, 0x16, 0x37, 0x84, 0x9A, 0x5B, 0xDF, 0x30,
    0x42, 0xD6, 0xDC, 0xDB, 0xC4, 0xED, 0x8E, 0xA8, 0x8F, 0x8E, 0xFB, 0x98, 0xB9, 0x02, 0xA3, 0x17,
    0x9C, 0xBB, 0x35, 0x60, 0x1D, 0xC3, 0xD2, 0x26, 0xF7, 0x13, 0x43, 0x96, 0x35, 0xC1, 0x7E, 0xED,
    0xA1, 0xDF, 0x82, 0xDA, 0xE3, 0x1F, 0x80, 0x84, 0xD4, 0xCF, 0x14, 0x94, 0x1B, 0xB2, 0x52, 0x12,
    0x55, 0x4E, 0x4A, 0xA2, 0x7C, 0xE0, 0x1A, 0xD4, 0x3B, 0xD7, 0x60, 0x85, 0x28, 0x25, 0x51, 0x36,
    0x48, 0x49, 0x94, 0x39, 0x29, 0x89, 0x72, 0xD2, 0x38, 0x69, 0x56, 0x76, 0x37, 0x69, 0x6E, 0xA8,
    0x9A, 0x89, 0xE2, 0xB5, 0xDE, 0x37, 0x65, 0xA0, 0x6F, 0xE3, 0xAD, 0xC7, 0x3F, 0xEE, 0x86, 0x34,
    0x14, 0xAF, 0x97, 0x11, 0x8D, 0x36, 0xAF, 0x37, 0x19, 0x91, 0xE9, 0xCC, 0xBC, 0x4C, 0x46, 0x82,
    0x0C, 0xAF, 0x33, 0x19, 0x59, 0xEA, 0x82, 0x11, 0xFC, 0xD2, 0x80, 0x37, 0x52, 0x18, 0xA1, 0x5C,
    0xE2, 0x90, 0x0F, 0x89, 0xA3, 0xBA, 0x3B, 0x19, 0xB7, 0x26, 0xE7, 0xE1, 0xE2, 0xE9, 0xBD, 0x13,
    0x0A, 0x4F, 0x45, 0xFF, 0xCC, 0x5D, 0xCB, 0xE9, 0x19, 0xC5, 0x2C, 0x29, 0xA6, 0xB2, 0x07, 0x4C,
    0xAB, 0x67, 0x80, 0x67, 0x4B, 0x39, 0xB1, 0xA5, 0x74, 0xAF, 0xDB, 0x52, 0xEE, 0xEF, 0xFE, 0xD8,
    0x37, 0x52, 0x8D, 0x32, 0xBC, 0xA8, 0x05, 0x75, 0xED, 0x78, 0x02, 0x62, 0x9F, 0x9C, 0x6E, 0xC9,
    0x81, 0x76, 0xF2, 0xD4, 0x08, 0x99, 0xD5, 0x26, 0xB0, 0xCB, 0x7B, 0x72, 0x41, 0xD1, 0x4B, 0x70,
    0xA0, 0xEC, 0x6E, 0x7E, 0xB0, 0x95, 0x91, 0x0F, 0xDE, 0xC7, 0x0F, 0xD4, 0x54, 0xAC, 0xEB, 0x43,
    0x61, 0x5A, 0xCB, 0x07, 0x6D, 0xB4, 0xF8, 0x84, 0x26, 0x50, 0x63, 0xF5, 0x2E, 0x6E, 0xA4, 0x69,
    0x91, 0xFC, 0xAB, 0x2D, 0x39, 0xB3, 0x82, 0xEE, 0x68, 0x01, 0xC6, 0x10, 0x03, 0x8E, 0x4A, 0x28,
    0xB6, 0x32, 0x57, 0xEC, 0x52, 0x7A, 0x2F, 0xEF, 0x92, 0xE4, 0x0E, 0x47, 0xA6, 0x10, 0x42, 0x8E,
    0xE5, 0x1E, 0x80, 0x58, 0x5F, 0x67, 0x7B, 0xB3, 0x25, 0xEB, 0x6C, 0x14, 0x5F, 0x24, 0xE6, 0xAC,
    0xB8, 0x18, 0xA1, 0x27, 0x32, 0x72, 0x89, 0xDF, 0x73, 0xE3, 0x5B, 0x22, 0x24, 0x28, 0x2B, 0x32,
    0x80, 0xBE, 0x8B, 0x0A, 0x3E, 0xC9, 0x88, 0xB1, 0x69, 0xCD, 0xA2, 0x06, 0x8A, 0x3E, 0x96, 0x8B,
    0x96, 0x7B, 0x6F, 0x11, 0xF0, 0x17, 0x67, 0xE6, 0x86, 0x76, 0x48, 0xFD, 0x84, 0xDA, 0x16, 0x7E,
    0xDA, 0x1B, 0xAF, 0xE7, 0xDB, 0x82, 0x8E, 0x78, 0x15, 0xF0, 0x4F, 0xF5, 0x74, 0xF2, 0x2D, 0x0D,
    0x27, 0x7D, 0x03, 0xE3, 0x6D, 0x44, 0x85, 0x64, 0x80, 0xA6, 0x1C, 0x2B, 0xE4, 0x84, 0x92, 0x93,
    0xB9, 0xAA, 0xC7, 0x06, 0xDF, 0xD0, 0x35, 0x6D, 0xFA, 0xEA, 0xBF, 0xEB, 0xEA, 0xAB, 0x7F, 0x70,
    0xD5, 0x6A, 0x9F, 0x79, 0xA8, 0x31, 0x1B, 0x91, 0x18, 0x98, 0xBD, 0xF9, 0xB5, 0x5C, 0x10, 0xD3,
    0x92, 0xEC, 0x38, 0x52, 0xFF, 0x52, 0xA0, 0x78, 0x81, 0xE8, 0x1D, 0xDC, 0x29, 0x20, 0xED, 0x1C,
    0x5D, 0xE7, 0xB9, 0xDE, 0xA2, 0xF8, 0x6F, 0xEF, 0x50, 0x6E, 0x3F, 0x71, 0x82, 0x1A, 0x12, 0xE6,
    0xCF, 0x58, 0x79, 0x13, 0x62, 0xEC, 0xD3, 0x00, 0x3B, 0xBF, 0x4E, 0x08, 0x19, 0xE5, 0x8B, 0x39,
    0x54, 0x75, 0xA8, 0xBA, 0xD6, 0x30, 0x60, 0xC9, 0xB0, 0x3F, 0xEF, 0x5B, 0xA9, 0xEF, 0x62, 0x2D,
    0x3A, 0xA7, 0x63, 0xE6, 0x92, 0xA1, 0xB0, 0xA9, 0x2B, 0x9B, 0xBC, 0xAF, 0x50, 0x59, 0xFD, 0x54,
    0x4F, 0x77, 0xEC, 0x6A, 0x53, 0x38, 0xDE, 0x76, 0xC9, 0x9B, 0xF7, 0x35, 0x1B, 0xAE, 0xA6, 0x36,
    0x95, 0xA7, 0x7F, 0x77, 0xB7, 0x16, 0xAB, 0xB6, 0x3C, 0xBE, 0x9A, 0xFC, 0x05, 0x95, 0x2D, 0x96,
    0x7B, 0x50, 0x26, 0xDE, 0x78, 0xC3, 0x23, 0xB9, 0x66, 0x16, 0xEF, 0x97, 0x5B, 0xD1, 0xB4, 0xD1,
    0xA6, 0x68, 0xF4, 0xDF, 0xD6, 0x50, 0x7E, 0x46, 0xEE, 0x7B, 0x59, 0x2B, 0xF9, 0x3C, 0x5A, 0xD3,
    0xC0, 0xFB, 0x3E, 0xE9, 0xF2, 0x01, 0x12, 0x5C, 0x7C, 0x65, 0x32, 0xC7, 0x37, 0xDD, 0xD6, 0xCC,
    0x14, 0xD8, 0xDE, 0xE5, 0x79, 0x7F, 0xC5, 0xEC, 0xAD, 0x1A, 0xAC, 0x39, 0xBD, 0x63, 0x84, 0x33,
    0xB6, 0x37, 0x48, 0x06, 0xE6, 0x1A, 0x4E, 0x4D, 0x99, 0x2A, 0x6B, 0x54, 0x46, 0xDB, 0x0D, 0x58,
    0xB5, 0xE4, 0xBE, 0x59, 0xC6, 0x45, 0xEC, 0x41, 0x79, 0x44, 0x61, 0x2A, 0xBA, 0xAC, 0xCF, 0x3B,
    0x4E, 0xBD, 0xCA, 0x46, 0xD9, 0x0A, 0x2D, 0x74, 0x3E, 0xA1, 0x6E, 0x7B, 0xD4, 0x33, 0x10, 0x3B,
    0x54, 0xF0, 0x4D, 0x51, 0xB3, 0xC9, 0x7C, 0xD1, 0x36, 0xDE, 0x16, 0x16, 0xBE, 0x59, 0x7C, 0x59,
    0xF4, 0xD0, 0xA5, 0x1D, 0x5A, 0x93, 0x78, 0x97, 0xD9, 0xCC, 0xDB, 0xEC, 0xE5, 0x63, 0x61, 0xCB,
    0xAB, 0x4D, 0x61, 0xA6, 0xD2, 0x5E, 0x06, 0x2E, 0xE0, 0x4C, 0x37, 0xF1, 0x52, 0xF7, 0x4A, 0xFB,
    0x31, 0x2E, 0xD2, 0xAB, 0x52, 0x93, 0xFC, 0xEE, 0x8F, 0x29, 0x4B, 0xDA, 0x3E, 0x46, 0x37, 0xA4,
    0xF3, 0xE5, 0x1B, 0xA4, 0xC9, 0xA0, 0x63, 0x91, 0x9B, 0xF5, 0xF5, 0x67, 0xF2, 0xF7, 0xC2, 0x6E,
    0xCA, 0xE6, 0x0E, 0x40, 0x21, 0x2C, 0xF8, 0x68, 0xFC, 0xCE, 0x1A, 0x43, 0xF1, 0xA2, 0x09, 0x7E,
    0x48, 0x5C, 0xE6, 0x7B, 0xCE, 0xCB, 0xFA, 0xC4, 0xCB, 0x2D, 0xA3, 0xEC, 0x51, 0x6C, 0x93, 0xF8,
    0x20, 0xCB, 0xA0, 0xBA, 0xDC, 0xE4, 0x7D, 0x82, 0xFC, 0xA6, 0x7D, 0x0C, 0x1E, 0x39, 0x21, 0x8E,
    0x38, 0x2E, 0xD5, 0x0D, 0xD3, 0x12, 0xBF, 0x7F, 0x6C, 0xA0, 0x67, 0xD0, 0xCD, 0x36, 0xE1, 0xB8,
    0x7C, 0x44, 0xE5, 0xBF, 0xFD, 0xD6, 0x1E, 0xDF, 0x7F, 0x42, 0x61, 0xEB, 0x09, 0xCA, 0x5E, 0x9A,
    0xE4, 0xE0, 0xE5, 0xC9, 0x2D, 0xA7, 0xB6, 0x84, 0x04, 0x81, 0xAE, 0x12, 0xCF, 0xD5, 0x84, 0x07,
    0x73, 0x16, 0x1B, 0x25, 0x1E, 0xF6, 0x8F, 0x19, 0x3E, 0x58, 0x35, 0x67, 0xCE, 0xA9, 0x7F, 0xBE,
    0xEF, 0x46, 0x5F, 0x7A, 0xEB, 0x6D, 0xB1, 0x65, 0x6D, 0x6B, 0x44, 0x56, 0x79, 0x1A, 0xA4, 0x36,
    0xB5, 0x28, 0x6C, 0x16, 0xA0, 0x2B, 0x0D, 0x72, 0x56, 0x53, 0x69, 0x0C, 0xF1, 0x4B, 0xD4, 0x05,
    0xDE, 0x35, 0xB2, 0xBC, 0x3F, 0x67, 0x91, 0xF5, 0x98, 0x79, 0x73, 0x69, 0x2C, 0x3D, 0x2D, 0xF1,
    0xD1, 0x48, 0xDC, 0x19, 0x90, 0xDE, 0xE7, 0x80, 0xEC, 0xF9, 0x36, 0xC0, 0x7F, 0x37, 0x40, 0x7E,
    0x95, 0x4D, 0xF4, 0x0D, 0xEA, 0xF4, 0xEF, 0xFB, 0x00, 0xBF, 0xEF, 0x00, 0x75, 0xF7, 0x98, 0xA0,
    0x32, 0xF3, 0x03, 0x50, 0xA1, 0x66, 0x80, 0xEA, 0x11, 0x87, 0x92, 0xFB, 0x93, 0x45, 0xFE, 0x44,
    0x92, 0xDF, 0xC8, 0xA6, 0xC6, 0x01, 0x97, 0xB3, 0x00, 0x67, 0xCC, 0x5B, 0x43, 0xDE, 0x21, 0x71,
    0x45, 0x87, 0x94, 0x99, 0x3B, 0xEB, 0x02, 0xE4, 0x2C, 0xF7, 0x0B, 0xA6, 0xED, 0xD2, 0x54, 0x40,
    0x05, 0x7D, 0xE1, 0xC3, 0x57, 0x38, 0x7C, 0x8C, 0x9E, 0x50, 0x4F, 0x7A, 0x40, 0x3D, 0xE8, 0x0E,
    0xBA, 0xB9, 0x70, 0xFE, 0xAA, 0xF0, 0xD8, 0xC5, 0x98, 0x63, 0xA8, 0x4E, 0x40, 0x3E, 0x43, 0x8D,
    0x81, 0xB4, 0x38, 0x74, 0x81, 0xFC, 0x22, 0xBE, 0x2E, 0x90, 0xE2, 0x99, 0xF8, 0x9F, 0x40, 0xCA,
    0xF2, 0x63, 0xA2, 0xE8, 0xE5, 0x3D, 0x7F, 0xC0, 0x7A, 0xAA, 0xFC, 0xA6, 0x4F, 0xB4, 0xC0, 0x07,
    0x95, 0xDF, 0x96, 0x07, 0xF2, 0xE8, 0xE2, 0x95, 0x45, 0x20, 0x07, 0xC5, 0x44, 0x97, 0xF9, 0xDA,
    0x62, 0x28, 0xEF, 0x36, 0x0F, 0x1C, 0x0A, 0x57, 0x7E, 0x53, 0xD3, 0xBA, 0xDC, 0x96, 0x1E, 0xBE,
    0xCB, 0x9B, 0x72, 0x42, 0x6B, 0x2E, 0x70, 0x87, 0xE4, 0x9F, 0xDC, 0xB2, 0x50, 0xD9, 0xD4, 0x84,
    0x68, 0xA1, 0x64, 0xA4, 0x85, 0x06, 0x5A, 0xC8, 0x89, 0x85, 0x0E, 0x91, 0x5D, 0x3F, 0x65, 0xF8,
    0xFB, 0x19, 0xC5, 0x0B, 0x8F, 0x68, 0x21, 0x10, 0x58, 0xC7, 0x35, 0x69, 0xB0, 0x90, 0x49, 0x9D,
    0xAB, 0x90, 0xDD, 0xE8, 0x35, 0xC7, 0x46, 0x87, 0xDC, 0xD0, 0x72, 0xDB, 0x1B, 0x23, 0x99, 0x67,
    0x63, 0xC8, 0x8B, 0x3C, 0xFE, 0x8A, 0x1E, 0xB3, 0xB2, 0xD8, 0x54, 0x06, 0x1B, 0xDE, 0x18, 0xD7,
    0xC0, 0xBC, 0x4B, 0x06, 0xE3, 0x06, 0xD9, 0xB0, 0x41, 0xD1, 0xD7, 0x50, 0x56, 0xDB, 0x16, 0xCA,
    0x4F, 0xC8, 0x97, 0x04, 0x16, 0xAD, 0x9D, 0x6E, 0x51, 0x8F, 0x8A, 0xD6, 0xAE, 0xDB, 0x26, 0x79,
    0xCD, 0x10, 0x44, 0x7D, 0x6D, 0x57, 0x99, 0xF4, 0x86, 0x09, 0xBC, 0xB7, 0x94, 0x77, 0x62, 0xC2,
    0xE7, 0x58, 0xA9, 0x70, 0x52, 0x2C, 0xEE, 0x44, 0x55, 0x14, 0xB5, 0x32, 0xD9, 0x7D, 0x6F, 0x5C,
    0x54, 0x1C, 0x77, 0xCA, 0x25, 0xBE, 0xF7, 0x13, 0xEE, 0xFA, 0xFB, 0x1B, 0x81, 0xF7, 0xBF, 0x37,
    0x33, 0xF2, 0x57, 0x21, 0xC8, 0x34, 0x05, 0x28, 0x1D, 0xD6, 0x54, 0x1E, 0x4F, 0x26, 0xFA, 0x71,
    0x43, 0x58, 0xFC, 0xF8, 0x50, 0xCE, 0x3F, 0x1E, 0x5A, 0xDF, 0xDE, 0xEE, 0xA6, 0xDB, 0xD7, 0x7D,
    0x87, 0x64, 0x08, 0xD2, 0xEF, 0x66, 0x92, 0x0B, 0xF4, 0xE0, 0xCC, 0xC7, 0xC8, 0x81, 0x8B, 0xA3,
    0x23, 0xF3, 0x3A, 0x99, 0x6E, 0x7B, 0xDC, 0x64, 0x2E, 0x01, 0x6D, 0x5A, 0x36, 0xF4, 0x24, 0xC8,
    0xF9, 0xBE, 0x7B, 0x37, 0xBB, 0xB7, 0x95, 0x4C, 0x07, 0xFD, 0xA2, 0x39, 0x1E, 0x12, 0x85, 0x37,
    0x92, 0x05, 0x16, 0x75, 0xCD, 0xA8, 0x2D, 0x15, 0x96, 0xFA, 0x8E, 0x2A, 0x2B, 0xAF, 0xF6, 0x41,
    0x69, 0xFA, 0x30, 0xEF, 0x83, 0xDA, 0x0E, 0x7F, 0xAB, 0xE8, 0xA8, 0x38, 0x57, 0xD8, 0xA0, 0xBA,
    0xDA, 0x96, 0x36, 0xA3, 0x83, 0x94, 0x6C, 0xAE, 0x3C, 0x94, 0x29, 0x1C, 0x4B, 0x06, 0x94, 0x0C,
    0x4A, 0x8D, 0xD2, 0xC6, 0xCB, 0x37, 0x15, 0x04, 0xC3, 0xC9, 0xFD, 0x2A, 0x13, 0xC8, 0xD9, 0x41,
    0xC5, 0xB8, 0xDD, 0x8E, 0x9A, 0x7B, 0xF7, 0x7D, 0xBC, 0xCA, 0x69, 0xCD, 0xDE, 0xA8, 0xFF, 0xD8,
    0x26, 0x13, 0x68, 0x7E, 0x3C, 0xD5, 0x81, 0x06, 0x96, 0xE3, 0xEF, 0x64, 0xF9, 0xEF, 0x3C, 0x67,
    0x3C, 0x4B, 0x07, 0x60, 0x95, 0x38, 0xE0, 0x90, 0x9A, 0x39, 0xA4, 0x47, 0x6B, 0xEE, 0x5B, 0x2B,
    0x00, 0x8F, 0xB9, 0x4C, 0x60, 0x3E, 0xD6, 0x8E, 0x60, 0x09, 0x46, 0x34, 0x21, 0x47, 0x70, 0xCE,
    0xF1, 0x4B, 0x4D, 0x6D, 0xD2, 0x9A, 0x9E, 0xCA, 0x7D, 0xC4, 0xDE, 0x45, 0x67, 0xE1, 0x89, 0x9A,
    0xDA, 0xC1, 0x59, 0x19, 0x80, 0xBC, 0x68, 0x86, 0x88, 0x1D, 0x31, 0x8F, 0x48, 0x85, 0x23, 0x69,
    0x77, 0x57, 0x87, 0x0E, 0xF0, 0x3F, 0xF6, 0x43, 0x9C, 0x9C, 0x96, 0x66, 0x8B, 0xB2, 0x53, 0x46,
    0x43, 0x35, 0x0A, 0x55, 0xA0, 0x55, 0xC0, 0x15, 0x74, 0xC0, 0x13, 0x1C, 0x06, 0x5C, 0x07, 0xD4,
    0x58, 0xE3, 0x72, 0xC0, 0x0D, 0x4E, 0xC2, 0xA7, 0x1A, 0x67, 0xE9, 0xC8, 0x02, 0x92, 0xE3, 0xA7,
    0x61, 0x6E, 0x6D, 0x8C, 0x20, 0xAA, 0x84, 0xB9, 0x9A, 0xE5, 0xC9, 0x22, 0x48, 0x4A, 0x14, 0x41,
    0x1E, 0x16, 0x45, 0xA8, 0x7F, 0xF1, 0xD6, 0x10, 0xFF, 0xFE, 0xE7, 0xEA, 0xDC, 0xDA, 0x24, 0x73,
    0xE6, 0x6D, 0x31, 0x67, 0x57, 0xFB, 0xEA, 0x15, 0xC8, 0xDD, 0x09, 0x8B, 0xCA, 0x11, 0x48, 0xAE,
    0x73, 0x09, 0xCF, 0xBF, 0x6D, 0x97, 0xD1, 0x05, 0xF7, 0x9B, 0x7A, 0x66, 0xBF, 0xBF, 0xA1, 0x23,
    0x7D, 0x6A, 0x47, 0xDD, 0x3A, 0x3C, 0x79, 0xCA, 0xAE, 0x0F, 0xDA, 0xA5, 0xDE, 0x69, 0x8B, 0xAD,
    0xB9, 0xE3, 0x1D, 0x95, 0xAB, 0xDD, 0xB3, 0x55, 0xB3, 0xBE, 0x8F, 0xB9, 0xDA, 0xF7, 0xA5, 0xFF,
    0xBD, 0x6D, 0x57, 0x6C, 0xF1, 0xBF, 0x1D, 0x0C, 0x37, 0x46, 0x65, 0x2F, 0xC0, 0x5F, 0x95, 0x15,
    0x0B, 0x2E, 0x4F, 0x35, 0x40, 0x99, 0x96, 0xDC, 0x2E, 0x45, 0x1F, 0x19, 0x70, 0x42, 0xBD, 0x9C,
    0x91, 0xE5, 0x14, 0x20, 0x21, 0xE4, 0x23, 0xB2, 0x6D, 0x3B, 0x20, 0xF1, 0x37, 0x5C, 0x30, 0xF2,
    0x3D, 0x4B, 0x30, 0xE5, 0x7D, 0x03, 0x14, 0x7F, 0xCF, 0x6D, 0x5E, 0x25, 0x78, 0x48, 0x49, 0x83,
    0xE4, 0xFC, 0xEE, 0x2A, 0x14, 0xCC, 0x74, 0x1A, 0x15, 0x73, 0xDD, 0x4A, 0xFA, 0x31, 0x66, 0xFE,
    0x64, 0x04, 0x7F, 0x4F, 0x87, 0x40, 0x4E, 0xC8, 0x6C, 0x8C, 0x8C, 0xE3, 0xEF, 0x79, 0xC7, 0xDF,
    0xE3, 0xE5, 0x25, 0x6F, 0x05, 0x6D, 0xD9, 0xE5, 0x0E, 0x71, 0x64, 0x14, 0x88, 0xA9, 0xED, 0x63,
    0xDC, 0x03, 0xAB, 0x8F, 0xBE, 0x61, 0x7F, 0x23, 0x24, 0x96, 0x7F, 0xFF, 0x8B, 0x17, 0x3F, 0xEF,
    0x46, 0xA7, 0x7C, 0xEE, 0x7F, 0xDF, 0x9B, 0x62, 0xCC, 0xB6, 0xC9, 0x2C, 0x67, 0xD5, 0xBB, 0x40,
    0x88, 0x1F, 0x17, 0x21, 0xFA, 0x3D, 0x21, 0x2C, 0x85, 0xC0, 0xAB, 0x6D, 0x14, 0x22, 0xDB, 0x0D,
    0x54, 0xF6, 0x48, 0x21, 0xA4, 0x32, 0xCB, 0x58, 0x6D, 0x79, 0x4A, 0xEF, 0x9D, 0x0E, 0xEF, 0x6F,
    0x1F, 0x1D, 0x37, 0x23, 0x4E, 0x30, 0xA5, 0x0E, 0x4F, 0xE4, 0xBF, 0x57, 0x47, 0x90, 0x94, 0x7E,
    0xEF, 0x84, 0x21, 0x7E, 0xBD, 0x66, 0x36, 0xA0, 0xA1, 0x28, 0x65, 0x3A, 0xE6, 0x0E, 0xDE, 0xDB,
    0xE8, 0xBF, 0x89, 0x59, 0xEC, 0x4B, 0x9E, 0xED, 0xC8, 0xEA, 0xE5, 0xFF, 0x0D, 0x44, 0x7A, 0x7D,
    0xC9, 0x74, 0x02, 0x65, 0xB2, 0x8E, 0x32, 0xE4, 0x7F, 0xFC, 0xF3, 0xD0, 0x6C, 0x35, 0x8C, 0x46,
    0x79, 0xAD, 0xB5, 0x2B, 0x94, 0xA6, 0xEC, 0xD6, 0xCC, 0x45, 0xDD, 0x19, 0x15, 0xD7, 0x51, 0x7D,
    0xA5, 0x9D, 0x3E, 0xB8, 0xE2, 0xE9, 0xFD, 0x6B, 0xAA, 0xA9, 0x13, 0xCE, 0xDF, 0xA6, 0xD4, 0xDB,
    0xCC, 0x77, 0xC9, 0x96, 0x47, 0x05, 0xD5, 0x2D, 0x9A, 0x8E, 0x02, 0x5C, 0x3A, 0xDB, 0xD5, 0xA6,
    0x8C, 0x92, 0x81, 0x85, 0xC1, 0x29, 0xFB, 0xF5, 0x2E, 0xBB, 0xFE, 0x4C, 0x17, 0xB4, 0x3A, 0x14,
    0x36, 0x19, 0xCA, 0xF8, 0xF2, 0xEE, 0x34, 0x73, 0x45, 0xAF, 0x6C, 0xEE, 0xBD, 0x5C, 0x84, 0x5C,
    0x80, 0x3C, 0x6A, 0x0B, 0x48, 0x75, 0xD6, 0xE7, 0x4D, 0xEE, 0x52, 0x3A, 0x25, 0x0D, 0xC5, 0xF7,
    0xFD, 0xEE, 0xE5, 0xDC, 0x64, 0xC0, 0x25, 0x76, 0x36, 0xFC, 0x3E, 0xEF, 0x1F, 0x86, 0xD2, 0x5E,
    0x41, 0xD5, 0xB4, 0xA6, 0x45, 0xED, 0x47, 0x5E, 0x5A, 0x44, 0xB1, 0x96, 0x9A, 0xE5, 0xA2, 0x67,
    0x9C, 0x55, 0xDE, 0x5D, 0x1A, 0xE1, 0x3F, 0x71, 0x4A, 0xD8, 0x7F, 0x4C, 0xE9, 0xC0, 0xC3, 0x91,
    0xBD, 0x37, 0xF5, 0x59, 0x35, 0x01, 0xAF, 0xB7, 0xC0, 0x9A, 0xD2, 0x60, 0x2A, 0x5E, 0xB6, 0x01,
    0xEB, 0xC9, 0x15, 0x92, 0x91, 0x98, 0x39, 0xD5, 0x70, 0xD6, 0xCD, 0xA4, 0xC4, 0x5A, 0x98, 0x07,
    0xA6, 0x8E, 0x47, 0xE6, 0x61, 0x3C, 0x34, 0xF7, 0x1A, 0xD4, 0x63, 0x6F, 0xB9, 0x69, 0xCB, 0xEE,
    0xB2, 0x81, 0x36, 0xCA, 0xD0, 0xFF, 0x40, 0xEF, 0xDB, 0xCD, 0x6F, 0x75, 0x73, 0x82, 0xF8, 0xD7,
    0xC8, 0x22, 0xF4, 0xD1, 0x50, 0x03, 0x27, 0xBA, 0xEE, 0x81, 0xA8, 0x43, 0x39, 0x15, 0xD2, 0xC6,
    0x8D, 0xAE, 0x1E, 0x32, 0x6F, 0xB4, 0x4D, 0x63, 0x3B, 0x66, 0x24, 0xBC, 0x4A, 0xEC, 0xAA, 0xD2,
    0x4E, 0xDA, 0xE7, 0x84, 0xDA, 0x66, 0xD2, 0xBE, 0x1F, 0x80, 0x77, 0x70, 0x09, 0x7F, 0x21, 0x6C,
    0x4A, 0xDF, 0x3D, 0xA1, 0x7E, 0x4E, 0x78, 0xD3, 0x31, 0xFC, 0x46, 0xFF, 0x7A, 0xC7, 0xF3, 0xB9,
    0x84, 0x78, 0x98, 0x96, 0xE1, 0xA5, 0x8A, 0xF8, 0xDE, 0xBF, 0xFD, 0xC5, 0xBE, 0xF2, 0xBE, 0xC3,
    0x7C, 0xDE, 0xA1, 0x2E, 0xF6, 0xA9, 0xAB, 0xA7, 0xEC, 0x3E, 0x3F, 0x65, 0x2F, 0xEE, 0xE7, 0xFC,
    0xAA, 0x59, 0xB3, 0x56, 0x28, 0x07, 0x6C, 0x58, 0x2E, 0xF0, 0x3E, 0x8B, 0xA3, 0xDA, 0xCA, 0x60,
    0xD2, 0xE0, 0x9B, 0x8C, 0x8C, 0x70, 0xB6, 0x6A, 0x13, 0x62, 0xE3, 0x7B, 0xB3, 0xCC, 0x07, 0xAD,
    0x91, 0x7F, 0xF4, 0x84, 0xF2, 0xE5, 0x0E, 0x25, 0xAF, 0x68, 0x38, 0xF4, 0x46, 0xD2, 0xD0, 0x18,
    0xB7, 0x9A, 0xB2, 0xD5, 0x8E, 0x71, 0x8F, 0xBD, 0xA7, 0x9A, 0x77, 0xAD, 0xDD, 0x31, 0x5B, 0x3B,
    0xFB, 0x66, 0x5B, 0x3B, 0xA4, 0x46, 0x5A, 0xBB, 0x76, 0xAF, 0xB5, 0x5B, 0x2A, 0xB6, 0xCA, 0xF7,
    0xD8, 0xFE, 0x50, 0x97, 0x39, 0x34, 0x05, 0x57, 0x33, 0x22, 0x21, 0xFD, 0xBC, 0x0E, 0xEF, 0xEA,
    0xE8, 0xB3, 0x76, 0xFA, 0x8B, 0xF7, 0x03, 0x0D, 0x87, 0x5C, 0xFA, 0x45, 0x7E, 0x5F, 0x87, 0xBB,
    0x93, 0x97, 0x03, 0x85, 0xE4, 0xDA, 0x33, 0x59, 0xD0, 0xC4, 0xF0, 0xC8, 0x18, 0x36, 0x5B, 0x39,
    0xAD, 0x78, 0xA4, 0xC7, 0xC2, 0x37, 0x99, 0xE3, 0x4A, 0x8F, 0xC5, 0x0A, 0x67, 0xB8, 0x82, 0xF6,
    0x3B, 0x46, 0xD4, 0xBE, 0x87, 0xF2, 0x46, 0x02, 0x27, 0x89, 0x3B, 0xAA, 0x3A, 0xE8, 0x80, 0x06,
    0x7B, 0x0D, 0x06, 0xC3, 0xFC, 0xD2, 0x24, 0x37, 0x85, 0x0C, 0xC8, 0xCC, 0xF1, 0x27, 0xEF, 0xA9,
    0xDB, 0x52, 0xC6, 0xC0, 0xCF, 0x81, 0xFE, 0x4C, 0xB6, 0x50, 0x7A, 0x84, 0xEE, 0xE8, 0xBA, 0x89,
    0xB9, 0x80, 0xC2, 0x69, 0x53, 0xBA, 0xDA, 0x94, 0x5D, 0x8D, 0x64, 0xD9, 0x3D, 0xF6, 0xB3, 0x87,
    0x74, 0xB6, 0x5C, 0x99, 0x4B, 0x73, 0x61, 0xBE, 0xE7, 0x4D, 0x47, 0x06, 0xE4, 0x40, 0x16, 0xE4,
    0x41, 0x26, 0xE4, 0x22, 0x45, 0x3E, 0xC9, 0x72, 0x1E, 0x2F, 0xF0, 0xC6, 0x6E, 0xE7, 0x8F, 0xE3,
    0x29, 0x4E, 0x60, 0x32, 0x21, 0x27, 0xB2, 0x22, 0xC8, 0xED, 0xF0, 0x1B, 0xB8, 0xC5, 0x59, 0xEE,
    0x9A, 0x22, 0xAC, 0x96, 0x2C, 0x3E, 0x11, 0x96, 0x31, 0xE5, 0xB2, 0xD2, 0x03, 0xF9, 0xA7, 0x5F,
    0x77, 0x6C, 0x00, 0x19, 0x82, 0x8F, 0xBC, 0xD0, 0xE0, 0x1A, 0xFB, 0x1D, 0x0F, 0x2D, 0x37, 0x90,
    0xEC, 0xFE, 0xF3, 0xC8, 0x65, 0xA9, 0x95, 0xCE, 0xA2, 0x1C, 0x18, 0xA4, 0x4E, 0x72, 0xE5, 0xEF,
    0x01, 0xEC, 0x7F, 0xFC, 0xC8, 0x53, 0x5D, 0x71, 0xC5, 0xDC, 0x56, 0xA8, 0x29, 0xAA, 0xA6, 0x40,
    0x65, 0xAC, 0x94, 0x50, 0xC5, 0xE2, 0x28, 0xF4, 0x42, 0x9A, 0x1F, 0x26, 0x68, 0x13, 0xDE, 0x81,
    0x8D, 0x3E, 0x15, 0x45, 0x7F, 0xBB, 0x20, 0xE9, 0x6A, 0x51, 0xFE, 0x01, 0x50, 0xF3, 0x14, 0xA4,
    0x01, 0xCE, 0x20, 0x47, 0x23, 0xD3, 0x37, 0xCD, 0xE0, 0x02, 0xE5, 0xB9, 0x48, 0x53, 0x5C, 0xBF,
    0x37, 0x30, 0xCD, 0x7D, 0x78, 0x6C, 0xF1, 0xC2, 0xA7, 0xF6, 0x1C, 0x9E, 0xE5, 0x5D, 0x11, 0xB0,
    0x08, 0xB4, 0x6C, 0x8A, 0x40, 0x95, 0xE1, 0xEF, 0xAC, 0x54, 0x59, 0xB7, 0x65, 0x7E, 0x66, 0xBA,
    0x93, 0xCD, 0x5D, 0x90, 0x48, 0x97, 0xBA, 0xB9, 0xF4, 0x7B, 0xAA, 0x64, 0xB8, 0x23, 0xC6, 0x3B,
    0xE6, 0x3D, 0x7D, 0x26, 0x43, 0xFA, 0x82, 0x20, 0x44, 0x35, 0x07, 0x19, 0xFC, 0x36, 0xF4, 0x98,
    0x6E, 0xC5, 0x4E, 0x61, 0x85, 0xE2, 0xBF, 0xD9, 0x1F, 0x4C, 0x32, 0x5E, 0x9B, 0xA0, 0xFA, 0x20,
    0xA7, 0xE2, 0x29, 0x57, 0xF1, 0x90, 0x0B, 0xAC, 0xFB, 0x46, 0x23, 0xFF, 0xBB, 0x6E, 0x85, 0xC2,
    0xDB, 0x75, 0x00, 0x9E, 0xEB, 0xE3, 0xD2, 0x7F, 0x3C, 0xEB, 0x26, 0x97, 0x6C, 0x94, 0xD9, 0x93,
    0x78, 0x16, 0xA5, 0x05, 0x9E, 0x88, 0xBD, 0xE7, 0x9D, 0xDC, 0xF9, 0x1A, 0x7E, 0xE8, 0x21, 0xB1,
    0x2A, 0xD3, 0x1D, 0x6C, 0x97, 0x32, 0x41, 0x8C, 0xFF, 0x2E, 0x6C, 0xF2, 0x21, 0xCE, 0xF1, 0x30,
    0x6A, 0x81, 0x17, 0x9E, 0x98, 0x58, 0x36, 0xB7, 0x3F, 0x16, 0xEF, 0xD6, 0x29, 0x8B, 0x64, 0x9B,
    0xDB, 0xA0, 0xE3, 0x78, 0x27, 0x69, 0xE3, 0x61, 0xD4, 0xC6, 0x63, 0x83, 0x36, 0xB8, 0x79, 0xE0,
    0xD7, 0x08, 0xCB, 0xB0, 0x5A, 0x35, 0xCB, 0x21, 0x20, 0x03, 0xF8, 0x7E, 0x67, 0xB2, 0x44, 0xA2,
    0x5F, 0x6E, 0xF6, 0xBB, 0x08, 0x27, 0xB9, 0x2B, 0xEC, 0x95, 0xBC, 0xCF, 0xED, 0xAF, 0x15, 0xFD,
    0xFF, 0xB5, 0x77, 0x2D, 0x20, 0x72, 0x9B, 0xD7, 0xFA, 0x48, 0x8A, 0x3D, 0xF7, 0x46, 0x38, 0xF2,
    0x85, 0x38, 0x09, 0x37, 0x37, 0x91, 0x81, 0xCB, 0xF3, 0xE6, 0x46, 0x05, 0x02, 0x04, 0xB0, 0x47,
    0x7F, 0x1C, 0xA0, 0x40, 0xA0, 0x35, 0xD0, 0x21, 0x40, 0xA0, 0x1B, 0xDE, 0x04, 0x42, 0x1C, 0xA0,
    0x05, 0x03, 0x9E, 0x95, 0x1A, 0x17, 0xCA, 0xBB, 0x2D, 0xE0, 0xF2, 0x2C, 0x18, 0x08, 0xD0, 0x6C,
    0x81, 0x0D, 0x6F, 0x17, 0x76, 0x77, 0x14, 0x02, 0x04, 0x08, 0xB4, 0x32, 0x90, 0x14, 0x08, 0xB4,
    0xA2, 0xCD, 0x03, 0xEC, 0x82, 0x95, 0xF4, 0x0F, 0x91, 0x63, 0x8D, 0xFE, 0xEA, 0x3B, 0x67, 0xF4,
    0x5B, 0xB3, 0xEB, 0x8D, 0xD7, 0xCE, 0x3E, 0xC6, 0x4E, 0x15, 0xE6, 0x1C, 0x41, 0x76, 0x2C, 0xE9,
    0xD3, 0xFF, 0x38, 0x8F, 0xEF, 0x9C, 0xF1, 0xD5, 0xEB, 0x41, 0x7E, 0x68, 0x6E, 0x45, 0x91, 0x9A,
    0x0D, 0x98, 0x6E, 0x17, 0xC0, 0x4A, 0x97, 0x20, 0x2F, 0xA2, 0x95, 0x10, 0xEB, 0x10, 0x9C, 0x52,
    0xA8, 0xC5, 0x28, 0x0F, 0x0A, 0xB7, 0x8D, 0xC7, 0xA7, 0x91, 0x31, 0xD3, 0xAD, 0xF1, 0xF8, 0xCA,
    0xAD, 0x09, 0xBE, 0x3A, 0xE2, 0x56, 0xD5, 0x72, 0x2B, 0x9D, 0x2F, 0xCB, 0xE5, 0x56, 0x7E, 0x95,
    0x8D, 0xB9, 0xE6, 0x0A, 0x41, 0xE2, 0x86, 0xAA, 0xA3, 0xF0, 0xD8, 0xB1, 0x73, 0x69, 0xC7, 0x98,
    0xC2, 0x2F, 0xDD, 0x72, 0x50, 0x22, 0x77, 0x0B, 0x33, 0x08, 0x73, 0x3C, 0x4C, 0xC1, 0x21, 0x84,
    0xBB, 0xE9, 0x15, 0x11, 0x12, 0x14, 0x59, 0x8C, 0x40, 0x99, 0x1A, 0xE2, 0x1F, 0x97, 0x8A, 0xAD,
    0x1D, 0x10, 0x2A, 0xC2, 0xCC, 0xD3, 0xF3, 0x84, 0x8A, 0x01, 0x0C, 0x2C, 0x4B, 0xA8, 0x68, 0xCB,
    0x5D, 0x56, 0x56, 0x4B, 0xE6, 0x0F, 0x96, 0x93, 0xD1, 0x68, 0xB4, 0x54, 0x08, 0xCD, 0x09, 0x52,
    0x08, 0x15, 0xD1, 0x8C, 0x50, 0x91, 0xDC, 0x82, 0x50, 0xE1, 0xDC, 0x9A, 0x50, 0x81, 0xE3, 0x30,
    0x87, 0x6F, 0x35, 0x35, 0x6E, 0x2D, 0x61, 0x50, 0x1E, 0x66, 0x71, 0x44, 0x14, 0xC7, 0x2B, 0x2B,
    0x93, 0xC4, 0x98, 0x66, 0x79, 0x34, 0x5A, 0x6F, 0xC1, 0xA8, 0xD7, 0xC8, 0xA9, 0x60, 0x17, 0x24,
    0x14, 0xE4, 0x08, 0xDF, 0x6E, 0xD9, 0x97, 0x4F, 0x73, 0x82, 0xA8, 0xC6, 0x0B, 0x0E, 0xA7, 0xC8,
    0xCC, 0xC7, 0x35, 0x96, 0x8A, 0xE6, 0x31, 0xB7, 0xE2, 0x9D, 0x8F, 0xDF, 0x0A, 0x08, 0x49, 0x4C,
    0xAB, 0x9D, 0x65, 0x6E, 0xE4, 0x76, 0x79, 0x53, 0x18, 0xF3, 0x16, 0x5B, 0xF3, 0x38, 0xE6, 0x50,
    0xBC, 0x5B, 0x42, 0x7A, 0x39, 0xA4, 0x9F, 0x41, 0x06, 0x00, 0x33, 0x5A, 0xE2, 0x85, 0x7F, 0xCC,
    0x52, 0x08, 0xBF, 0x9A, 0x65, 0xC9, 0x32, 0xA7, 0xB9, 0xC3, 0x47, 0x66, 0x21, 0xA9, 0x69, 0xD0,
    0x3C, 0xC2, 0x64, 0xC5, 0xBA, 0x73, 0x68, 0x5A, 0xA1, 0x39, 0xC6, 0x8F, 0x6D, 0x23, 0x63, 0xC7,
    0xBB, 0x15, 0x4F, 0x23, 0x9C, 0x7A, 0x0E, 0x82, 0xB3, 0x58, 0x05, 0x27, 0xFB, 0x21, 0xEC, 0xE2,
    0x7B, 0x82, 0xEC, 0xF1, 0x6F, 0xDA, 0x1B, 0xB4, 0xCD, 0x4C, 0xDB, 0xDC, 0x74, 0xC7, 0x46, 0x95,
    0xEF, 0xD9, 0x85, 0x99, 0xCD, 0x6E, 0x39, 0x8E, 0x43, 0xEC, 0x7B, 0xB0, 0xF6, 0x65, 0xAC, 0x5C,
    0x1A, 0x2B, 0x57, 0x89, 0x95, 0xAB, 0xF4, 0x1B, 0x32, 0x08, 0x00, 0x3C, 0x9A, 0x01, 0xC5, 0x14,
    0x50, 0xD9, 0x9B, 0xE4, 0x17, 0x79, 0xF1, 0x76, 0xA9, 0x43, 0x64, 0xA5, 0x1C, 0x88, 0xBD, 0x49,
    0x1D, 0x1E, 0x63, 0x6B, 0x57, 0x4C, 0xD6, 0x70, 0x66, 0xE3, 0x0E, 0x25, 0xBB, 0x13, 0x31, 0x17,
    0xAA, 0x22, 0xD2, 0x12, 0xA5, 0x71, 0x4B, 0x31, 0xC4, 0x07, 0x1F, 0xBE, 0x45, 0x3E, 0x52, 0x9F,
    0xD7, 0xCF, 0xE4, 0x41, 0x3A, 0x28, 0x03, 0xE5, 0x95, 0xA1, 0x7C, 0x8A, 0x50, 0xF9, 0x59, 0x98,
    0x45, 0x2A, 0x30, 0x0D, 0xB9, 0x76, 0xEA, 0xEE, 0x98, 0xB6, 0xA4, 0x96, 0x29, 0xB8, 0x9C, 0x4F,
    0x29, 0x78, 0xE7, 0x0B, 0x20, 0x6B, 0x40, 0x5B, 0x32, 0xA0, 0x2D, 0x35, 0x00, 0x67, 0xB5, 0x15,
    0x14, 0x28, 0xFC, 0x79, 0x8A, 0x30, 0xC1, 0x0E, 0x68, 0x4B, 0xDB, 0x44, 0x34, 0xFF, 0xB2, 0x6D,
    0x44, 0xD3, 0x69, 0x85, 0x77, 0x4A, 0x53, 0xEC, 0xBF, 0x5B, 0xD2, 0xD0, 0x7B, 0x3F, 0xA7, 0xB1,
    0x0B, 0x72, 0xF2, 0xAF, 0x8D, 0x8D, 0x68, 0xD6, 0x88, 0x68, 0x9E, 0xA4, 0xAE, 0x96, 0xEF, 0x3F,
    0x6E, 0x13, 0xD1, 0xE4, 0xC3, 0xC9, 0x7A, 0x81, 0xB6, 0x59, 0x7D, 0x57, 0x8F, 0x74, 0xAD, 0xC0,
    0x36, 0x5B, 0x99, 0xA7, 0x5C, 0x40, 0xF6, 0x49, 0xD7, 0x7B, 0x43, 0x68, 0x87, 0xEC, 0x6C, 0xF4,
    0x21, 0xC9, 0xFB, 0x67, 0x0B, 0x80, 0x26, 0xA6, 0x76, 0x91, 0xDF, 0x5A, 0xFA, 0x80, 0x24, 0x0C,
    0x8B, 0x4F, 0x2A, 0x9F, 0x50, 0xF1, 0x5F, 0xD9, 0xB0, 0xEC, 0x50, 0xC6, 0x34, 0x0C, 0x8B, 0x9F,
    0xD6, 0x4C, 0xB2, 0xA4, 0x04, 0xF6, 0xFF, 0xB7, 0xA4, 0xED, 0x1F, 0x3A, 0xF3, 0xC1, 0x69, 0x89,
    0xC2, 0xC0, 0x1A, 0xBD, 0x72, 0x71, 0x17, 0x4A, 0x42, 0x6F, 0x95, 0x01, 0x54, 0x51, 0xEA, 0x68,
    0x23, 0xDB, 0x69, 0x92, 0xF1, 0xB8, 0x0D, 0x0A, 0x4D, 0xE1, 0xF6, 0x19, 0xC0, 0xBB, 0xAE, 0xCC,
    0xC8, 0x7E, 0xC4, 0xE4, 0x26, 0x8C, 0x90, 0x90, 0x27, 0x75, 0xF4, 0x71, 0x58, 0xF3, 0x65, 0x84,
    0xFE, 0xD7, 0xE0, 0xA9, 0x20, 0x97, 0xF9, 0x91, 0xD6, 0x59, 0x4E, 0x59, 0xD6, 0x38, 0xC1, 0x53,
    0xD5, 0x58, 0x1F, 0x9D, 0x1A, 0xE3, 0x6C, 0x56, 0xB3, 0x66, 0xC7, 0x88, 0x14, 0x95, 0xF9, 0xCF,
    0x99, 0xAE, 0x1C, 0x92, 0x7C, 0x7E, 0x74, 0xE7, 0x2D, 0x92, 0x0B, 0x46, 0x2D, 0x96, 0x87, 0xA7,
    0x2F, 0x22, 0x46, 0x55, 0xB8, 0xDA, 0xC9, 0xD8, 0x9B, 0xEB, 0xE6, 0xF5, 0x67, 0x26, 0xF3, 0x8D,
    0x29, 0x83, 0xE6, 0x4C, 0x1D, 0x64, 0x6E, 0x1D, 0xA4, 0x34, 0x0D, 0x53, 0x76, 0xDD, 0xA7, 0xC8,
    0xDD, 0x0E, 0x05, 0xD9, 0xFA, 0xA6, 0x1F, 0xE8, 0xE7, 0x6E, 0x16, 0xA5, 0xDE, 0xD7, 0x8D, 0x54,
    0x0E, 0xAF, 0xA8, 0xFB, 0x8B, 0xBE, 0xDF, 0x74, 0xF4, 0x7D, 0x93, 0x3A, 0x44, 0x96, 0xAF, 0xC8,
    0x27, 0xB4, 0xF9, 0xC4, 0x96, 0xA0, 0x9F, 0x83, 0xB0, 0xEB, 0x3B, 0x6F, 0x45, 0xFB, 0x9C, 0x78,
    0x3D, 0x32, 0x4B, 0xBC, 0x9E, 0xDC, 0x94, 0x78, 0xAD, 0x24, 0xF1, 0xDA, 0x9C, 0x9D, 0x25, 0x5E,
    0xBB, 0xB2, 0xDD, 0xB5, 0x4D, 0xBA, 0xEA, 0xD3, 0x86, 0xFA, 0xF6, 0xCE, 0xC1, 0x15, 0x2F, 0x3C,
    0x9A, 0xE3, 0x5B, 0x5D, 0x00, 0xDD, 0xC1, 0x42, 0x3A, 0x30, 0x19, 0x04, 0x40, 0x78, 0x93, 0x76,
    0x31, 0x87, 0xBC, 0x84, 0x47, 0x96, 0xCF, 0x91, 0xD7, 0xC4, 0xFE, 0x0B, 0xF4, 0xFE, 0xD7, 0x62,
    0xD6, 0xF3, 0xF4, 0x7B, 0xDA, 0x01, 0xFD, 0x5E, 0x09, 0xFD, 0x7E, 0x56, 0xA2, 0x94, 0xF7, 0xCD,
    0xA3, 0x30, 0x15, 0xA5, 0x04, 0x26, 0x5B, 0xD9, 0x8F, 0xE3, 0xB1, 0xBB, 0xF3, 0xA7, 0xB3, 0xCE,
    0x9F, 0x7E, 0x57, 0xFC, 0x69, 0x4F, 0x45, 0x6A, 0x1A, 0xA4, 0x11, 0x4D, 0x10, 0x86, 0x8D, 0x0D,
    0x52, 0x65, 0x7F, 0xC5, 0xDB, 0x09, 0xF8, 0xCA, 0x56, 0x44, 0xDD, 0x5B, 0x77, 0xFB, 0xA8, 0x3A,
    0x0A, 0xA8, 0x62, 0xC2, 0x21, 0x78, 0x09, 0xBA, 0x66, 0x45, 0xA0, 0x0A, 0x70, 0x09, 0x99, 0x12,
    0xEE, 0x1D, 0x41, 0x8D, 0x81, 0xEA, 0xDF, 0x33, 0x4D, 0xC8, 0x76, 0x08, 0xCB, 0xF6, 0xCF, 0x2F,
    0x64, 0x50, 0xEF, 0xFF, 0x50, 0x50, 0x9D, 0x0A, 0xAA, 0xE2, 0xAE, 0xFF, 0x40, 0xC2, 0x19, 0x4F,
    0x32, 0x00, 0xF1, 0x13, 0x0C, 0x47, 0xF2, 0x14, 0xAF, 0x95, 0xCB, 0xA8, 0xDA, 0xE6, 0x08, 0x68,
    0x45, 0xB2, 0xBC, 0x8A, 0x32, 0x8C, 0xAA, 0xF0, 0x49, 0x4B, 0x8A, 0x0A, 0x6C, 0x1F, 0x76, 0x08,
    0x28, 0x8B, 0xD5, 0xA0, 0x4C, 0x2A, 0x8A, 0xF4, 0xB1, 0x16, 0xB5, 0xD2, 0xD1, 0x8E, 0x3E, 0xEA,
    0x7C, 0xFE, 0x7C, 0x4E, 0xEE, 0x3F, 0x7F, 0xA9, 0xC8, 0xFB, 0xEC, 0xC7, 0x44, 0xDE, 0xD5, 0x16,
    0xBA, 0x01, 0x27, 0xCF, 0xFF, 0x34, 0x26, 0x0A, 0xFE, 0x18, 0xB7, 0xE2, 0xB7, 0x91, 0xA2, 0xF0,
    0xE7, 0x41, 0xD6, 0xE6, 0x61, 0xFD, 0xFC, 0x6D, 0xC9, 0xC3, 0x82, 0x08, 0x8B, 0x80, 0x0C, 0xCF,
    0xC9, 0x9D, 0x8F, 0x31, 0x8C, 0xF4, 0xEF, 0x8B, 0xBB, 0x77, 0x90, 0x25, 0x1E, 0x12, 0x3D, 0xE2,
    0xFD, 0xC6, 0xBE, 0xDD, 0xA1, 0xB5, 0x71, 0xC7, 0xE2, 0x94, 0xA2, 0xFF, 0xC4, 0x3B, 0x46, 0x51,
    0x85, 0xBF, 0xD4, 0x21, 0xC6, 0xD5, 0xB9, 0xDD, 0x62, 0x28, 0x1C, 0xC2, 0xC6, 0x56, 0x11, 0x9B,
    0xB6, 0xDA, 0x33, 0x19, 0x38, 0x8B, 0x01, 0x32, 0xDB, 0xD3, 0xF6, 0x41, 0x99, 0xB2, 0x28, 0xF4,
    0x45, 0x47, 0x83, 0xBB, 0x28, 0xFE, 0x92, 0x5B, 0x31, 0x64, 0x9E, 0x8E, 0x64, 0xA1, 0x3B, 0xC7,
    0xEA, 0x46, 0x05, 0xC5, 0xAF, 0x4C, 0xB8, 0xCA, 0xD6, 0x03, 0x06, 0x9F, 0x48, 0xEC, 0xAD, 0x48,
    0x88, 0xE3, 0x42, 0x75, 0x57, 0x40, 0x87, 0xD9, 0x84, 0x50, 0xD2, 0xCE, 0x61, 0x42, 0x8E, 0x11,
    0x32, 0xF9, 0x04, 0x03, 0x88, 0x4B, 0xC0, 0xC8, 0xDE, 0x2E, 0x2F, 0x85, 0x03, 0x1D, 0x9B, 0x2C,
    0xAC, 0xFE, 0xE0, 0x67, 0x13, 0x5D, 0x05, 0x3F, 0xAB, 0x8E, 0xD6, 0x41, 0xFB, 0x22, 0x9F, 0x0D,
    0x39, 0xC6, 0x0C, 0xD8, 0x86, 0x6B, 0x10, 0x53, 0x22, 0xF1, 0xBA, 0x96, 0x23, 0x2C, 0xCE, 0xA1,
    0xE2, 0xEC, 0xC7, 0xF1, 0x16, 0xC4, 0xE2, 0x6D, 0x47, 0x7B, 0x06, 0x1B, 0xB8, 0xC1, 0x0E, 0x3E,
    0x21, 0x3E, 0xEE, 0xA9, 0x6A, 0x10, 0xA3, 0xD8, 0xBB, 0x83, 0xEE, 0x17, 0x89, 0xDB, 0x84, 0xE8,
    0xFA, 0xAD, 0xF7, 0x24, 0x2A, 0x67, 0xFA, 0xE5, 0x5D, 0xE2, 0x6E, 0x3C, 0x03, 0xEE, 0x86, 0xC6,
    0x44, 0x2C, 0x63, 0x2C, 0x38, 0x43, 0x72, 0xAF, 0xE3, 0xDE, 0x79, 0xF7, 0x75, 0xAD, 0xF0, 0x0A,
    0xC1, 0x45, 0x00, 0xB4, 0x60, 0x5B, 0xB4, 0x71, 0xC2, 0x70, 0x5F, 0x99, 0x74, 0x78, 0x47, 0x1D,
    0xE0, 0xC3, 0x0E, 0xF1, 0x13, 0x1D, 0xE4, 0xCF, 0x0A, 0x40, 0x09, 0x59, 0xD0, 0x2D, 0xEA, 0x16,
    0x76, 0x8B, 0xBB, 0x05, 0xDE, 0x22, 0x6F, 0xA1, 0xB7, 0xD8, 0x5B, 0xF0, 0x2D, 0xFA, 0x16, 0x7E,
    0x8B, 0xBF, 0x7D, 0x01, 0xD6, 0xBF, 0xDE, 0x52, 0x90, 0x03, 0x30, 0x4D, 0x91, 0x40, 0x56, 0x80,
    0xF3, 0xC2, 0x25, 0xC6, 0x53, 0x03, 0x50, 0x84, 0xA2, 0x5A, 0x99, 0x33, 0xA4, 0x82, 0xA9, 0x80,
    0x2A, 0xA8, 0x0A, 0xAC, 0x82, 0xAB, 0x90, 0x62, 0x08, 0xC8, 0x96, 0xC4, 0x6B, 0x1C, 0x01, 0xDB,
    0x94, 0xC0, 0x36, 0xB1, 0xAB, 0xA8, 0x94, 0xD9, 0x74, 0x27, 0x1C, 0xE2, 0x6F, 0x2B, 0x6E, 0xA6,
    0x44, 0x96, 0x9C, 0x6F, 0xE9, 0xF9, 0x38, 0x91, 0xE7, 0xB5, 0xFD, 0x25, 0x84, 0xAB, 0x2F, 0x00,
    0xC2, 0x1B, 0x17, 0x00, 0xFD, 0xFC, 0x98, 0xE2, 0x93, 0xE0, 0x43, 0x26, 0x2C, 0xA5, 0x00, 0xB3,
    0x11, 0xEA, 0xE8, 0xF5, 0xC3, 0x46, 0x01, 0xC0, 0x28, 0x9B, 0xB5, 0xC9, 0x89, 0xF8, 0x3C, 0xE9,
    0xAA, 0x72, 0x96, 0xBB, 0x93, 0x75, 0x46, 0x35, 0xC8, 0xC4, 0xEE, 0x16, 0xC7, 0x90, 0xA6, 0x38,
    0x71, 0xF9, 0x04, 0xEF, 0xD6, 0xE4, 0xC8, 0x0F, 0xC5, 0x8A, 0x2B, 0x73, 0x84, 0xA0, 0xDD, 0x73,
    0x43, 0x18, 0xEA, 0x79, 0x12, 0x76, 0x11, 0xE5, 0xAC, 0x31, 0xF2, 0xFB, 0x49, 0x86, 0xF9, 0x76,
    0x3B, 0x4C, 0xEF, 0x21, 0x21, 0xF8, 0x10, 0x31, 0xC5, 0x87, 0x88, 0x49, 0x3E, 0x88, 0x1B, 0xE6,
    0x50, 0x4C, 0xF4, 0x21, 0xA6, 0xFA, 0x3C, 0xDE, 0x42, 0x00, 0x4B, 0x95, 0x2D, 0xA6, 0xE4, 0x86,
    0x51, 0x7E, 0xC9, 0x5C, 0xD7, 0x20, 0x67, 0xC6, 0xB2, 0x0C, 0xF4, 0x82, 0x27, 0x85, 0x5F, 0x44,
    0xCA, 0xD5, 0x50, 0xE4, 0x96, 0xAD, 0xE2, 0xA9, 0xE1, 0xE7, 0x43, 0x0C, 0x6C, 0x31, 0x11, 0x44,
    0x59, 0x13, 0x21, 0xEE, 0x4D, 0xC3, 0xFF, 0x97, 0x77, 0x10, 0xAF, 0x16, 0xAC, 0xE4, 0x01, 0x0E,
    0xBF, 0xD9, 0x63, 0xC8, 0x9E, 0xA9, 0x21, 0x07, 0x12, 0x55, 0x88, 0x4A, 0x07, 0xB7, 0x6D, 0x94,
    0x6F, 0x4A, 0xAE, 0xF4, 0x7E, 0xA3, 0xC6, 0x0D, 0x4E, 0x51, 0x32, 0x53, 0xA0, 0x73, 0x0D, 0x82,
    0x91, 0x7C, 0xA7, 0xE9, 0x80, 0x95, 0xF2, 0x8B, 0x56, 0x25, 0x5C, 0xB1, 0x24, 0xDC, 0x57, 0x51,
    0x4E, 0xCD, 0xCA, 0xAD, 0x58, 0x61, 0xA1, 0x93, 0x72, 0xF2, 0x44, 0x31, 0x57, 0x38, 0xCE, 0x38,
    0x78, 0x19, 0xE5, 0x9E, 0x6E, 0x60, 0xA3, 0x71, 0xBE, 0x7A, 0xD0, 0x28, 0x53, 0xF0, 0xDE, 0x68,
    0xBE, 0x5E, 0xC5, 0x14, 0xFA, 0x54, 0x98, 0xCA, 0xBC, 0x4F, 0x41, 0x88, 0xC9, 0x98, 0xFC, 0xEA,
    0x35, 0xE5, 0xD4, 0x9E, 0xC9, 0x07, 0x65, 0x70, 0xBE, 0x0C, 0xB2, 0xD8, 0x69, 0x31, 0x1E, 0x3B,
    0x55, 0x4C, 0x6B, 0x4E, 0x35, 0xC4, 0x66, 0xB1, 0x4C, 0x95, 0x5B, 0xAE, 0x53, 0x05, 0x76, 0x66,
    0x35, 0xC8, 0x37, 0xB0, 0xF6, 0x26, 0x54, 0x47, 0x14, 0xAB, 0xE5, 0x75, 0x8A, 0xF2, 0x58, 0x23,
    0x08, 0xF2, 0xE5, 0xAB, 0x8E, 0x69, 0x4C, 0x49, 0x87, 0x6C, 0xA2, 0x1C, 0x89, 0xC3, 0xFD, 0x2C,
    0x93, 0x2A, 0xBA, 0xC5, 0xF1, 0x52, 0x27, 0x94, 0xEE, 0x52, 0x68, 0x1C, 0x8A, 0x7D, 0x85, 0xBE,
    0x0D, 0xB5, 0x2A, 0x9A, 0xA7, 0x56, 0xF5, 0x8D, 0xE3, 0xA7, 0xFB, 0xC6, 0xF1, 0x7E, 0x15, 0x6A,
    0xB5, 0x23, 0xCC, 0xE7, 0x19, 0x0D, 0xD1, 0x4F, 0x4C, 0xB1, 0xD0, 0x42, 0x28, 0xEA, 0xB2, 0xC3,
    0xE9, 0x3E, 0x10, 0xC1, 0x8E, 0x08, 0x11, 0xEC, 0xA4, 0x10, 0xC1, 0x6A, 0x21, 0x82, 0x55, 0x43,
    0xAE, 0x7E, 0x38, 0x4B, 0x7D, 0x3F, 0x6B, 0x6D, 0x4E, 0x55, 0xD6, 0xC7, 0xEA, 0x05, 0x31, 0xA5,
    0xD2, 0x2F, 0x37, 0x26, 0x8D, 0x0D, 0x82, 0x7A, 0x83, 0x8A, 0x7C, 0x24, 0x72, 0x01, 0x57, 0x90,
    0x01, 0xB9, 0x98, 0x38, 0x11, 0x81, 0x47, 0xE7, 0xEC, 0xC6, 0x86, 0x57, 0xDE, 0x0C, 0x5E, 0x2F,
    0x29, 0x20, 0xC6, 0xC0, 0x04, 0x62, 0xC4, 0x74, 0x4B, 0x25, 0xE4, 0xCC, 0x41, 0xDE, 0x26, 0x7A,
    0x04, 0xE9, 0xF3, 0x5E, 0x10, 0xB2, 0x14, 0xD8, 0x90, 0x44, 0x4A, 0x34, 0x4D, 0xE8, 0x51, 0xC9,
    0x83, 0xE0, 0xFA, 0x2C, 0x38, 0x87, 0xB8, 0x81, 0x87, 0x59, 0xC6, 0xA3, 0x0C, 0x81, 0x7A, 0xEC,
    0x15, 0xB3, 0x5B, 0x89, 0x39, 0x94, 0xC8, 0xF1, 0xA4, 0x1A, 0xA2, 0x84, 0xC8, 0xB6, 0x26, 0x6B,
    0x87, 0x10, 0xE3, 0x0E, 0x15, 0x47, 0x58, 0x67, 0x39, 0xD1, 0xB1, 0x91, 0xBA, 0x7B, 0x2C, 0x64,
    0x7E, 0x9D, 0xD9, 0x84, 0xC5, 0xE1, 0xD5, 0xE6, 0x22, 0x93, 0xF8, 0x61, 0xD0, 0x2E, 0x7D, 0xA2,
    0x18, 0x85, 0xBB, 0xC3, 0xE2, 0x91, 0x4D, 0x58, 0xAC, 0x7F, 0x23, 0x16, 0xD1, 0x3C, 0x16, 0x21,
    0xEA, 0x22, 0x26, 0x57, 0x78, 0x9B, 0x27, 0x3A, 0x94, 0x8C, 0x76, 0x80, 0xC5, 0xE2, 0x16, 0xDB,
    0x35, 0x52, 0x6C, 0xC7, 0x30, 0xDB, 0xA4, 0x7E, 0xCD, 0xD2, 0xA9, 0x44, 0x95, 0x7D, 0xE5, 0xE6,
    0xAC, 0x9C, 0x74, 0x3B, 0x3A, 0xDF, 0xF2, 0x1D, 0xD1, 0xF9, 0xCE, 0xD2, 0x70, 0xF0, 0x85, 0x6E,
    0x79, 0x39, 0xA6, 0xEC, 0xE8, 0x7C, 0xD3, 0xF2, 0x01, 0xA2, 0xFF, 0xE2, 0x35, 0xC0, 0x0A, 0x17,
    0xC2, 0xCF, 0x6D, 0x96, 0x80, 0xF3, 0xE5, 0x6F, 0x98, 0xC6, 0x6F, 0xD5, 0x79, 0x53, 0x07, 0x57,
    0x9A, 0x55, 0x95, 0xA4, 0xC1, 0xA9, 0x0A, 0xD9, 0xFA, 0xC0, 0xD5, 0x21, 0xB5, 0xCA, 0x2B, 0x9F,
    0xA4, 0x65, 0x3A, 0xE2, 0x95, 0xFF, 0x43, 0xEB, 0x00, 0x82, 0x1F, 0xCF, 0xCF, 0xAD, 0x39, 0x25,
    0xCA, 0xA9, 0x58, 0xB9, 0x9A, 0x97, 0x2A, 0xAF, 0xE4, 0x4B, 0x88, 0xB9, 0x27, 0x8A, 0xBF, 0x2A,
    0xC5, 0x21, 0x50, 0xD2, 0xF9, 0x45, 0x54, 0x8D, 0xEF, 0xA0, 0x34, 0x70, 0xD4, 0x2E, 0x6B, 0x52,
    0xC5, 0x45, 0x09, 0xAB, 0xAD, 0x70, 0x5A, 0xA5, 0x7B, 0x70, 0x5A, 0x12, 0x0C, 0xAC, 0x84, 0xD1,
    0x88, 0x9F, 0x4B, 0x41, 0x50, 0xFF, 0x38, 0x68, 0x72, 0xE3, 0xAE, 0x57, 0x2D, 0xAE, 0xDF, 0x69,
    0xD5, 0x22, 0x7B, 0xC9, 0x90, 0x72, 0x63, 0x0C, 0xBB, 0x1D, 0x0C, 0x51, 0xAF, 0x67, 0xD0, 0x09,
    0x09, 0x88, 0xEC, 0x12, 0x21, 0x33, 0x47, 0x88, 0xA2, 0xB0, 0x84, 0xCC, 0x56, 0xF8, 0x5F, 0xB5,
    0xC2, 0xE1, 0x04, 0x80, 0x6F, 0x45, 0x60, 0x17, 0xC6, 0xE9, 0x9D, 0x03, 0x76, 0x91, 0x01, 0x2B,
    0x01, 0xD8, 0x3B, 0x05, 0x00, 0xFB, 0x5B, 0x0E, 0xC0, 0xCC, 0xD5, 0xCD, 0x65, 0x9E, 0x83, 0x94,
    0x83, 0x9F, 0xAA, 0x86, 0x7C, 0x8E, 0xE5, 0x0E, 0xCA, 0x3C, 0x6F, 0x03, 0x83, 0x6A, 0x11, 0xF8,
    0xFC, 0x72, 0x2B, 0xBE, 0x78, 0xAF, 0xC2, 0xE5, 0x3A, 0x18, 0x1E, 0x07, 0x0C, 0x83, 0xE7, 0x41,
    0x11, 0x02, 0x2F, 0xF5, 0xC1, 0xED, 0x78, 0xA9, 0xC8, 0x7A, 0x41, 0xE6, 0x24, 0xEE, 0xD3, 0xED,
    0x33, 0x20, 0x23, 0xC8, 0x8F, 0xF0, 0xB5, 0x60, 0x96, 0xE6, 0x1E, 0xB0, 0x45, 0x4E, 0xC8, 0x10,
    0x29, 0x96, 0xC0, 0xF1, 0x96, 0xFD, 0x8D, 0xA4, 0x8A, 0xDB, 0x85, 0x73, 0xC1, 0x05, 0x97, 0xD8,
    0x5F, 0xD4, 0x04, 0x48, 0x6F, 0x4F, 0x82, 0xE9, 0xF3, 0x89, 0xAC, 0x40, 0x02, 0xCB, 0xD1, 0x71,
    0xD3, 0xC2, 0xD0, 0x98, 0x76, 0x85, 0x85, 0x39, 0x7D, 0x35, 0x1D, 0xD2, 0xE0, 0x1A, 0x8D, 0xC9,
    0x07, 0xBF, 0x22, 0xD0, 0x12, 0x3B, 0xC1, 0xF4, 0xB1, 0x24, 0x18, 0xB5, 0x03, 0x12, 0x8C, 0x0D,
    0xB1, 0xA6, 0x92, 0xFB, 0x43, 0x45, 0xC4, 0x4B, 0xE2, 0xB7, 0x35, 0x81, 0x4A, 0x88, 0x26, 0x1C,
    0x1A, 0x9C, 0x8C, 0xDD, 0x0A, 0x12, 0x10, 0x6D, 0x2C, 0x03, 0x9C, 0x69, 0x7C, 0xED, 0x93, 0xD1,
    0xA8, 0xE6, 0xFE, 0x7A, 0xB5, 0x33, 0x69, 0xA5, 0xB6, 0xDB, 0x19, 0x4B, 0xD5, 0x93, 0x29, 0xCB,
    0x0C, 0xA1, 0xE9, 0x28, 0xC7, 0x62, 0x12, 0x68, 0x5C, 0xC1, 0x37, 0xBF, 0x37, 0x4A, 0xF8, 0x03,
    0x4C, 0x5A, 0x9B, 0x27, 0x17, 0xF0, 0xCA, 0x1B, 0x9A, 0x82, 0x98, 0xEC, 0xEA, 0x68, 0xAF, 0x3C,
    0x04, 0x66, 0xC2, 0x49, 0x3F, 0x0B, 0xF2, 0x13, 0x41, 0x1A, 0xA7, 0xE3, 0xE8, 0x54, 0x43, 0x71,
    0x72, 0x06, 0xDB, 0x54, 0xA3, 0xE8, 0x30, 0xDC, 0x01, 0x8B, 0xA4, 0xC2, 0x2E, 0x95, 0x51, 0xF4,
    0xA9, 0x51, 0x92, 0x9A, 0x10, 0x8A, 0xE6, 0x51, 0xBA, 0xF5, 0x43, 0x37, 0xF2, 0xD0, 0x8E, 0x3C,
    0xB4, 0xE9, 0x3D, 0xF4, 0xC6, 0xDE, 0x3F, 0xB4, 0x67, 0xD3, 0x2A, 0x56, 0x16, 0x2C, 0xB3, 0x9E,
    0xB4, 0xC0, 0xEC, 0x0D, 0x3C, 0x1E, 0xC3, 0x13, 0xCF, 0x87, 0xD3, 0x4E, 0x58, 0xF1, 0x2C, 0xC4,
    0xD1, 0xFD, 0xE8, 0xF6, 0x69, 0x8F, 0x23, 0x5D, 0x82, 0xFD, 0x09, 0x39, 0x19, 0x77, 0x44, 0x85,
    0x09, 0x55, 0x36, 0x26, 0x02, 0x25, 0x93, 0x68, 0xEB, 0xF1, 0x5D, 0x69, 0xEE, 0x84, 0xC3, 0x92,
    0x7F, 0x9F, 0x6A, 0xFF, 0x93, 0x85, 0xE3, 0xAC, 0x68, 0xD9, 0xBA, 0x85, 0xBC, 0x45, 0x00, 0x1B,
    0x72, 0x8E, 0xC2, 0xB5, 0xB0, 0x85, 0x7A, 0x3B, 0x0D, 0x4E, 0x57, 0x24, 0x55, 0xAD, 0xFD, 0x04,
    0x48, 0xDC, 0x0F, 0x4E, 0x5F, 0xD6, 0xAC, 0x78, 0x8B, 0x11, 0x0E, 0x03, 0x47, 0x55, 0x24, 0xB8,
    0xE8, 0xD5, 0x50, 0x92, 0x1E, 0xC2, 0x82, 0xD7, 0x95, 0xF5, 0xF2, 0x38, 0x85, 0x9A, 0x42, 0xF5,
    0x3B, 0xA5, 0x4C, 0x24, 0xD1, 0xBB, 0x21, 0xC1, 0xE9, 0x5A, 0xF0, 0x84, 0xB2, 0xF1, 0x17, 0x5F,
    0x2C, 0x93, 0x24, 0x83, 0x32, 0x86, 0x58, 0x69, 0x28, 0x64, 0x2D, 0xAD, 0x93, 0x88, 0x30, 0x44,
    0xE5, 0x1A, 0x3A, 0x86, 0x40, 0xB5, 0xA3, 0x43, 0x45, 0x4E, 0x79, 0x12, 0xC3, 0xEE, 0x1C, 0x20,
    0xD3, 0x28, 0x73, 0x2D, 0x11, 0xA8, 0xE6, 0xBC, 0x94, 0xC1, 0x5E, 0x8C, 0xF1, 0x90, 0x82, 0x09,
    0xC5, 0xCC, 0x01, 0x45, 0xAD, 0x60, 0xAF, 0x00, 0x62, 0xD8, 0xD1, 0x25, 0x19, 0x8E, 0x5E, 0x14,
    0xD1, 0x4B, 0x63, 0x45, 0xFE, 0x0D, 0x8E, 0xA0, 0xC1, 0x1D, 0x59, 0xA1, 0x83, 0xE9, 0x95, 0x54,
    0xDF, 0x59, 0xAF, 0x24, 0x9B, 0xFF, 0x4C, 0xAC, 0x7D, 0x6A, 0x77, 0x6C, 0x79, 0x36, 0xDC, 0x0C,
    0xAB, 0xFF, 0xA4, 0xED, 0xEA, 0x07, 0x87, 0x78, 0x9E, 0x73, 0xDF, 0x58, 0x3F, 0x98, 0xF6, 0xEA,
    0x07, 0x1F, 0xFA, 0xDF, 0x21, 0xC5, 0x11, 0xEA, 0x07, 0x37, 0x50, 0x3F, 0x38, 0x45, 0xFD, 0xE0,
    0x1A, 0xEA, 0x07, 0x79, 0xD4, 0x6B, 0x9B, 0x15, 0x64, 0x20, 0x14, 0x56, 0xA9, 0x5D, 0x08, 0x86,
    0x27, 0xFB, 0x13, 0x0C, 0x87, 0xC6, 0x5A, 0x1B, 0xA6, 0xEC, 0xEC, 0xDE, 0x0C, 0x2D, 0x6F, 0x8A,
    0x85, 0xD7, 0x82, 0xAC, 0xEC, 0x4A, 0xB2, 0xC5, 0xB0, 0x4E, 0x05, 0xFF, 0x37, 0x21, 0xE7, 0x83,
    0xE1, 0xD9, 0x5C, 0x30, 0x3C, 0x9A, 0x0F, 0x86, 0xAF, 0x6F, 0x0D, 0x86, 0x13, 0x82, 0xE1, 0xB0,
    0x53, 0x94, 0xCB, 0x11, 0x5B, 0xB1, 0x53, 0x68, 0x28, 0xC6, 0xBC, 0xB5, 0x57, 0xF9, 0xED, 0x1E,
    0x8D, 0x90, 0xDB, 0xC6, 0xBD, 0x31, 0x0E, 0x93, 0x12, 0xD4, 0x4F, 0xB5, 0xF8, 0xE9, 0x87, 0x9D,
    0x90, 0xCB, 0xBC, 0x9D, 0x93, 0xCB, 0x76, 0x23, 0xFD, 0xE0, 0xE8, 0xD7, 0x67, 0xE9, 0x07, 0x17,
    0xE9, 0x07, 0xD7, 0x94, 0x43, 0x72, 0x6E, 0xD8, 0xF1, 0xEC, 0xB3, 0x37, 0x3F, 0xCF, 0x17, 0x7B,
    0x1B, 0xE2, 0xC0, 0x3B, 0xC1, 0x38, 0x70, 0x11, 0xF0, 0x65, 0xD5, 0x61, 0x35, 0x28, 0x58, 0xF6,
    0x09, 0x4E, 0x29, 0x9F, 0xCB, 0x18, 0xDD, 0xAD, 0x22, 0x37, 0x5E, 0xF6, 0x6C, 0x84, 0x50, 0x3A,
    0xD7, 0x67, 0xB8, 0x29, 0xFB, 0x3F, 0x2D, 0x70, 0xBE, 0x12, 0xF4, 0xEE, 0xC9, 0x16, 0x6F, 0x65,
    0x02, 0x7D, 0xD3, 0x9E, 0xCA, 0x45, 0x47, 0xE9, 0xFC, 0x0A, 0x31, 0x85, 0x90, 0x1D, 0xC6, 0xF2,
    0xCB, 0x18, 0xEE, 0x3D, 0xAF, 0xAE, 0x3E, 0x9F, 0x72, 0x75, 0xF5, 0x2F, 0x32, 0xAE, 0xAE, 0xBE,
    0x96, 0x72, 0x75, 0xB5, 0x51, 0xA8, 0xAE, 0xF6, 0xAF, 0x49, 0x75, 0xF5, 0xD3, 0x73, 0x73, 0xE6,
    0x92, 0xA8, 0xD2, 0xDE, 0x28, 0x94, 0xDA, 0xD2, 0x40, 0x24, 0x32, 0x29, 0x0F, 0x3A, 0x6F, 0x73,
    0xA9, 0x09, 0x3E, 0x7D, 0x53, 0x36, 0x15, 0x34, 0x22, 0x5B, 0x9E, 0x64, 0x4D, 0x59, 0xA0, 0x4B,
    0xFD, 0xAA, 0x95, 0x0A, 0x93, 0x5E, 0x36, 0xB1, 0xFE, 0xF1, 0x3D, 0x08, 0x4D, 0x3F, 0x91, 0x01,
    0x5E, 0x42, 0x55, 0x3C, 0x8C, 0x1D, 0x23, 0xF9, 0xED, 0x44, 0xE0, 0xBD, 0x07, 0x1B, 0x07, 0xCF,
    0x13, 0x5F, 0xD1, 0x49, 0x65, 0x00, 0x11, 0xE2, 0x27, 0x24, 0xB8, 0xC3, 0x46, 0x29, 0xC9, 0x90,
    0x7D, 0x6D, 0x28, 0x42, 0x35, 0x83, 0xE6, 0x4E, 0x19, 0x34, 0xAF, 0x66, 0x85, 0x86, 0x1E, 0xF7,
    0x2A, 0xC8, 0x28, 0xA1, 0xE2, 0x1A, 0x2A, 0x42, 0x11, 0x15, 0xA1, 0x8A, 0xCA, 0x96, 0x51, 0xED,
    0x17, 0xB4, 0x70, 0x72, 0xCC, 0xDC, 0x09, 0x45, 0x4C, 0x47, 0x14, 0xA4, 0x64, 0x0E, 0xDE, 0x00,
    0xBD, 0x52, 0x62, 0xC1, 0xE2, 0x8D, 0xF8, 0xEF, 0x15, 0x24, 0x98, 0xBE, 0x30, 0x3B, 0x19, 0x76,
    0x4B, 0x0C, 0xCF, 0x70, 0x71, 0xB5, 0xAE, 0x19, 0x59, 0xD3, 0xB9, 0xEB, 0x0E, 0xF0, 0x89, 0xB8,
    0x0D, 0x1D, 0xC5, 0x00, 0x0F, 0x87, 0x5C, 0x51, 0xE0, 0x24, 0xF9, 0x5B, 0x60, 0xAE, 0xF0, 0x0A,
    0x50, 0x2C, 0x91, 0x33, 0x9A, 0x35, 0x4F, 0xF7, 0x35, 0x9C, 0xF8, 0x1C, 0xB7, 0x77, 0xA7, 0xA3,
    0xD5, 0x0C, 0x95, 0x6D, 0x11, 0x53, 0x5F, 0x39, 0x08, 0x63, 0x4C, 0xDF, 0x91, 0x4E, 0x50, 0x1A,
    0x75, 0x03, 0x1C, 0x8A, 0xDF, 0x98, 0x74, 0xDD, 0x05, 0x9D, 0x79, 0xCC, 0x1B, 0x44, 0x8D, 0x70,
    0x8A, 0x53, 0x23, 0xF5, 0xE2, 0x97, 0x30, 0x54, 0x92, 0x2C, 0x26, 0xFF, 0xEA, 0x14, 0x90, 0x99,
    0xBC, 0x95, 0x28, 0xB2, 0x5D, 0xE7, 0x8D, 0x61, 0x03, 0xE9, 0xAF, 0xE3, 0x13, 0xEF, 0xA3, 0xD2,
    0xD1, 0xC9, 0xEA, 0xF9, 0xE9, 0x99, 0x22, 0x6E, 0x10, 0xD4, 0x0A, 0x35, 0x6A, 0xBE, 0x1C, 0xB2,
    0x19, 0x3B, 0xBB, 0x14, 0x05, 0x6A, 0xA0, 0xF0, 0x98, 0x81, 0x30, 0xDA, 0x25, 0xEA, 0x4E, 0xEC,
    0x8A, 0x2F, 0xF4, 0xEF, 0xCB, 0x58, 0x7F, 0xF3, 0xBF, 0xE9, 0x08, 0x0D, 0xE9, 0x29, 0x4A, 0xE8,
    0x12, 0xC5, 0x52, 0x44, 0xC9, 0xAD, 0x6A, 0x68, 0x2F, 0xDA, 0xC8, 0xB8, 0xC0, 0x26, 0xC2, 0x13,
    0x98, 0x0B, 0x93, 0x1C, 0x8F, 0x5E, 0xBA, 0x28, 0x0A, 0xB1, 0xF5, 0x52, 0x2C, 0xA6, 0x9B, 0x04,
    0x22, 0xEF, 0x75, 0x00, 0xD1, 0x9A, 0x73, 0x2F, 0xD6, 0x6C, 0xC3, 0xC5, 0xC0, 0x69, 0x19, 0x00,
    0xB5, 0x22, 0xCA, 0xA4, 0x87, 0x13, 0xB6, 0xAD, 0x38, 0x0F, 0xF1, 0x10, 0x26, 0x95, 0x8B, 0xD9,
    0x37, 0x86, 0x48, 0x1D, 0xD3, 0x5F, 0xA7, 0x4B, 0x25, 0x18, 0x09, 0x2E, 0x90, 0xE7, 0xCF, 0xE3,
    0x9A, 0x59, 0xFD, 0xD1, 0x57, 0xA5, 0xDB, 0x60, 0x88, 0x0C, 0x0A, 0x70, 0x75, 0x62, 0x14, 0x67,
    0xE2, 0x1F, 0x3D, 0x55, 0xDF, 0x4C, 0x65, 0xDA, 0x95, 0xC9, 0xC1, 0xAA, 0xCF, 0xCB, 0x91, 0x57,
    0x85, 0x05, 0xBC, 0x11, 0x0B, 0xE9, 0xC1, 0x3E, 0x2B, 0xC4, 0x69, 0x66, 0x6B, 0x4D, 0x9E, 0xAF,
    0x69, 0xC3, 0xD3, 0xB6, 0xD8, 0x77, 0x0F, 0x70, 0xB0, 0x47, 0xA4, 0x6A, 0x39, 0x49, 0xDE, 0x98,
    0xB2, 0xE6, 0xAB, 0xF3, 0x31, 0x76, 0xF4, 0x77, 0x35, 0xAC, 0xF3, 0x30, 0x9D, 0x16, 0x2C, 0xE4,
    0x02, 0x64, 0x06, 0xA2, 0xA7, 0x83, 0x52, 0xFE, 0xC8, 0x06, 0x4A, 0xEF, 0x95, 0x30, 0x0E, 0x97,
    0x83, 0x62, 0xE7, 0x4A, 0xE5, 0xC7, 0xB4, 0x82, 0xF4, 0x24, 0xD9, 0xE3, 0x80, 0xDB, 0x94, 0xF3,
    0xB8, 0x77, 0xEB, 0x16, 0xED, 0xAD, 0xE3, 0x7E, 0x37, 0x7B, 0x45, 0x85, 0x70, 0x7F, 0x22, 0xF9,
    0x71, 0x98, 0x15, 0xA4, 0xB4, 0x3D, 0x4D, 0x27, 0xB0, 0x50, 0x9F, 0xC5, 0x7A, 0x7C, 0x9C, 0x9F,
    0xCA, 0xD3, 0xDD, 0xDA, 0x8D, 0x57, 0x20, 0x35, 0x77, 0xFF, 0x67, 0xF8, 0xA5, 0xA4, 0x5D, 0x5A,
    0x3B, 0xEC, 0x89, 0x87, 0x60, 0x98, 0x22, 0x53, 0xAA, 0xE2, 0xD4, 0x69, 0x28, 0xFE, 0x78, 0xA9,
    0xC2, 0xBC, 0xCE, 0x09, 0x5E, 0xA7, 0xCC, 0x6B, 0xF9, 0xF5, 0x04, 0xD3, 0x0A, 0xE7, 0xFA, 0x68,
    0x29, 0x77, 0x5B, 0x00, 0x52, 0x2F, 0x43, 0x1D, 0xB9, 0x72, 0x2B, 0xDE, 0x2F, 0xBA, 0x7F, 0x2E,
    0xB1, 0x25, 0xB1, 0x0D, 0x04, 0x70, 0xA5, 0x25, 0x5B, 0x92, 0x6A, 0x17, 0x9B, 0xF9, 0x0C, 0xC5,
    0x33, 0xD8, 0x64, 0xD7, 0xB0, 0xF7, 0x4C, 0x54, 0x94, 0x0B, 0xB8, 0xB2, 0x93, 0xBD, 0x32, 0x0F,
    0x23, 0xEE, 0x42, 0x74, 0x01, 0x85, 0xA2, 0x95, 0xFB, 0xB0, 0x67, 0xFA, 0xF6, 0x99, 0xD1, 0x7D,
    0xAC, 0xDE, 0x95, 0xAC, 0x00, 0x27, 0xF6, 0x7D, 0x4D, 0xD6, 0x0C, 0xC6, 0x54, 0x1E, 0xE4, 0xF7,
    0x21, 0xE8, 0x74, 0xFA, 0xD0, 0xAC, 0xC4, 0x34, 0x28, 0xE3, 0x54, 0xE2, 0xBF, 0x0E, 0x3D, 0xB0,
    0xFF, 0xC8, 0x47, 0x6A, 0x4D, 0xF6, 0x32, 0xBB, 0x91, 0xCD, 0xEF, 0x62, 0x8B, 0xDA, 0x8D, 0x7C,
    0xE7, 0xDE, 0x85, 0x49, 0xC5, 0x75, 0x46, 0x83, 0x31, 0x69, 0xB0, 0xE9, 0x4B, 0x41, 0x9B, 0x34,
    0x5D, 0xDD, 0x10, 0x8A, 0x0A, 0xDA, 0x8C, 0xD9, 0xAA, 0xC0, 0x8A, 0xCB, 0xC2, 0x5B, 0x01, 0x36,
    0x1D, 0x87, 0x85, 0x70, 0x97, 0xA1, 0x4D, 0xCB, 0xE1, 0x32, 0xF7, 0x7F, 0x51, 0xF1, 0x4E, 0xC7,
    0xC8, 0x02, 0x63, 0x31, 0x3F, 0xCB, 0x82, 0x7C, 0xEB, 0x2C, 0xB3, 0x78, 0x31, 0x60, 0x40, 0x4C,
    0xDE, 0x3C, 0x30, 0x23, 0x80, 0x46, 0x40, 0x8D, 0x00, 0x1B, 0x01, 0x37, 0x02, 0x70, 0xE2, 0xAD,
    0x01, 0x3A, 0x02, 0x76, 0xC2, 0xCD, 0x04, 0x7A, 0x04, 0xF8, 0x18, 0xBF, 0x3E, 0x80, 0xAE, 0xF6,
    0x73, 0x1A, 0x54, 0x68, 0xAE, 0xAA, 0xA3, 0x8C, 0xBC, 0x42, 0x48, 0xA4, 0x8B, 0xD0, 0x9D, 0x16,
    0x96, 0x04, 0xDA, 0xE4, 0x18, 0xAF, 0x62, 0x7E, 0xD8, 0x51, 0x6B, 0x49, 0xEC, 0x41, 0x5F, 0x23,
    0x36, 0x4A, 0x88, 0x5C, 0x48, 0xD9, 0x4D, 0x17, 0xFF, 0x47, 0xBE, 0x40, 0x30, 0x3B, 0xCD, 0x89,
    0x33, 0x11, 0xF6, 0x58, 0xA4, 0x86, 0x12, 0x18, 0x10, 0xF8, 0x03, 0xF6, 0xD2, 0xC4, 0x4D, 0x13,
    0x3F, 0x6D, 0xF1, 0xF1, 0x15, 0xD7, 0x41, 0xFC, 0x06, 0x76, 0x1A, 0xE0, 0x31, 0xC0, 0x5D, 0x58,
    0x40, 0x90, 0x51, 0x56, 0x91, 0x76, 0x39, 0xC7, 0x40, 0x87, 0xAD, 0x4C, 0x8A, 0x09, 0x7C, 0x24,
    0x98, 0x9F, 0x03, 0x1D, 0x00, 0x76, 0xF5, 0xE0, 0xA2, 0x03, 0x4E, 0x0A, 0x69, 0xE8, 0x62, 0xC8,
    0xDB, 0x31, 0xB2, 0xCD, 0x20, 0x2C, 0xA2, 0xF4, 0x69, 0x1D, 0xA6, 0x8B, 0x0E, 0x14, 0xFE, 0x62,
    0xC1, 0xA0, 0x77, 0x35, 0x00, 0xE2, 0x35, 0x94, 0x7C, 0x1D, 0xE3, 0x3C, 0xDF, 0xBA, 0x8A, 0xD2,
    0x42, 0xFD, 0x06, 0x80, 0x03, 0x14, 0xD9, 0x2E, 0x09, 0x73, 0x83, 0x05, 0x79, 0x8A, 0xF5, 0x56,
    0x56, 0xC3, 0x7D, 0xE8, 0x6B, 0x78, 0x80, 0x3F, 0x09, 0xC7, 0xE7, 0x08, 0x89, 0x01, 0x8F, 0x6A,
    0x0B, 0x63, 0xAD, 0xE8, 0x65, 0xC1, 0x44, 0x4A, 0xC9, 0x04, 0xC4, 0xDD, 0xF5, 0xA1, 0xF6, 0xDB,
    0x4F, 0x48, 0xF1, 0x65, 0xF4, 0x86, 0xFE, 0x07, 0xF9, 0xE6, 0x55, 0xA2, 0xD3, 0x18, 0x72, 0xDD,
    0x67, 0x8C, 0x30, 0x96, 0x5C, 0x79, 0xFE, 0xF0, 0x73, 0xC9, 0x5D, 0x86, 0x45, 0x92, 0xB2, 0xCE,
    0x25, 0x76, 0x1B, 0xA4, 0x63, 0xDA, 0xFE, 0xB8, 0xD7, 0x1B, 0xF1, 0xF3, 0xB6, 0x4F, 0xBC, 0xF1,
    0x13, 0x19, 0xCF, 0x92, 0xC3, 0xB7, 0x6C, 0xFF, 0xFB, 0xDE, 0x99, 0xF1, 0xC0, 0xFB, 0x21, 0x68,
    0x1E, 0xB3, 0x82, 0xD5, 0xC9, 0x1E, 0xE9, 0xF5, 0xDC, 0xCD, 0x52, 0x85, 0x44, 0x26, 0x7A, 0x4E,
    0xBC, 0x46, 0xDD, 0x75, 0xE7, 0x04, 0x07, 0xAF, 0x57, 0xC5, 0x79, 0x92, 0x86, 0xF8, 0x9E, 0xF9,
    0x28, 0xA5, 0x87, 0xFD, 0x54, 0x26, 0x43, 0xD0, 0xA2, 0x31, 0xBE, 0xD9, 0x28, 0x8E, 0x16, 0x88,
    0xE1, 0x3E, 0x99, 0x31, 0xDC, 0xC5, 0xD8, 0x8F, 0x15, 0x1B, 0xDC, 0x32, 0x89, 0xAC, 0xEA, 0x65,
    0x61, 0xBD, 0x6C, 0x5D, 0xBC, 0xB0, 0x4A, 0x94, 0x3C, 0xCD, 0x5B, 0x10, 0xBB, 0xC1, 0x70, 0xB7,
    0x0D, 0x6B, 0x4B, 0x8A, 0x4B, 0xD4, 0x3C, 0x60, 0xAB, 0x7A, 0x80, 0xDF, 0x69, 0x5F, 0x60, 0xEE,
    0x3F, 0x87, 0x31, 0x7B, 0xB5, 0x68, 0x05, 0x2F, 0xD1, 0xBF, 0xDB, 0x35, 0x4C, 0xDD, 0x15, 0x83,
    0x1F, 0xFC, 0x19, 0x08, 0x3F, 0xC9, 0x79, 0xC9, 0x5C, 0x50, 0xBB, 0xF5, 0x13, 0x3D, 0x3B, 0xED,
    0xE9, 0x3B, 0x32, 0x17, 0x24, 0x02, 0x8C, 0xB3, 0x1D, 0xF7, 0xF4, 0xFD, 0x17, 0xE5, 0xD9, 0x01,
    0xA4, 0x25, 0x59, 0x62, 0xF0, 0xF1, 0x5F, 0x55, 0xBD, 0xEE, 0x3B, 0x3B, 0xE5, 0xEB, 0x6A, 0xCC,
    0x30, 0xB3, 0xFB, 0xED, 0xD4, 0x00, 0x56, 0xCC, 0x74, 0x05, 0x30, 0xE8, 0x7E, 0x55, 0x9B, 0x11,
    0x8B, 0x20, 0x8D, 0x25, 0x64, 0xB1, 0x0B, 0x48, 0x20, 0x13, 0x2C, 0x36, 0xD2, 0xDD, 0x55, 0xD9,
    0x20, 0x80, 0x34, 0x00, 0xB0, 0x8D, 0x80, 0x85, 0x2C, 0x82, 0x41, 0xBF, 0x77, 0xCB, 0x0E, 0x00,
    0xD4, 0xCE, 0x22, 0x58, 0x6C, 0x21, 0x36, 0x6C, 0xD0, 0x15, 0xB9, 0x49, 0x6A, 0x77, 0xEB, 0xBE,
    0x93, 0xDC, 0xAA, 0xB2, 0x37, 0xD3, 0x2F, 0xCB, 0x26, 0xC9, 0x74, 0xBF, 0x37, 0xB9, 0xBC, 0x73,
    0xB5, 0xE6, 0xBE, 0xAA, 0xFF, 0xEF, 0xD4, 0x79, 0xE7, 0x3A, 0x70, 0x1B, 0x24, 0x03, 0xC8, 0x06,
    0x90, 0xEF, 0x40, 0xB9, 0x03, 0x67, 0x23, 0xD8, 0x4D, 0x10, 0x0F, 0x13, 0x24, 0xDD, 0x04, 0x59,
    0x73, 0x06, 0xB9, 0x73, 0x38, 0x55, 0xC3, 0x53, 0x25, 0x8C, 0x4A, 0xC4, 0x3F, 0xFF, 0xEE, 0xB6,
    0x22, 0x09, 0x21, 0x34, 0x64, 0x3F, 0xFD, 0xEE, 0xB6, 0x25, 0xAF, 0xE4, 0x2D, 0x25, 0x59, 0xCB,
    0x19, 0x59, 0xC7, 0x44, 0xD6, 0x8B, 0x77, 0x64, 0x83, 0x22, 0x54, 0xD1, 0x36, 0xD8, 0x86, 0x26,
    0x09, 0xC1, 0xAF, 0x78, 0x65, 0x2D, 0x28, 0x3F, 0xF9, 0x56, 0x81, 0x13, 0x00, 0x36, 0x17, 0x69,
    0xA3, 0x08, 0xCF, 0x08, 0x5F, 0x0B, 0xE2, 0xD1, 0x85, 0xCD, 0xE0, 0xA9, 0xAC, 0x35, 0xC9, 0x1B,
    0xA3, 0x42, 0xB4, 0x53, 0x4A, 0x06, 0x8F, 0x6C, 0x0E, 0x43, 0xD6, 0x3B, 0x53, 0xF4, 0xCE, 0xFD,
    0x69, 0xD7, 0x6C, 0xE3, 0x7F, 0xFA, 0xB8, 0xAB, 0x9F, 0x7D, 0xF4, 0xAC, 0x2D, 0x43, 0x12, 0xE4,
    0x63, 0x32, 0x8A, 0x2A, 0x15, 0x00, 0x94, 0x10, 0x20, 0xC0, 0xDE, 0xA5, 0x57, 0x12, 0x40, 0x1E,
    0x1A, 0xB8, 0x93, 0xB5, 0xF0, 0x4E, 0xD6, 0x80, 0x1A, 0xC4, 0x3B, 0xB0, 0x69, 0x41, 0xD2, 0x02,
    0xB8, 0x3E, 0x4E, 0xD1, 0x63, 0x14, 0x13, 0xF6, 0x7B, 0x0C, 0x0F, 0xD1, 0x3F, 0x45, 0xB4, 0x43,
    0xDA, 0xA1, 0x80, 0x77, 0x8F, 0x46, 0x2F, 0x92, 0x89, 0xDE, 0x52, 0x07, 0xA4, 0x3D, 0xC8, 0x1B,
    0xF8, 0xEA, 0x3D, 0x48, 0xF6, 0x6F, 0x43, 0x16, 0x40, 0xB9, 0x30, 0x4D, 0x9B, 0x0E, 0xD1, 0x93,
    0xA8, 0xB9, 0x46, 0x14, 0x9C, 0x80, 0x1C, 0x94, 0xE0, 0x1C, 0xA2, 0x11, 0x92, 0x1E, 0x36, 0x15,
    0x8A, 0x16, 0xB6, 0x03, 0xE2, 0x8B, 0x09, 0xE9, 0x70, 0x86, 0xA2, 0x39, 0xC5, 0x9B, 0x5E, 0xE1,
    0x32, 0xD4, 0x2C, 0xB5, 0x50, 0x2D, 0x56, 0x0B, 0xD6, 0xA2, 0xB5, 0x70, 0x2D, 0x5E, 0x0B, 0xD8,
    0x22, 0xB6, 0x90, 0x2D, 0x66, 0x0B, 0x9A, 0x59, 0xCD, 0xCC, 0x66, 0x76, 0x5B, 0xE0, 0x2E, 0xCB,
    0x25, 0x0D, 0x48, 0x3B, 0x8E, 0xF1, 0xA3, 0x1D, 0xB8, 0xFF, 0x60, 0xA1, 0x3B, 0x71, 0x99, 0x2E,
    0xB9, 0x8E, 0x74, 0xB7, 0x61, 0x60, 0xB5, 0xDA, 0x43, 0x09, 0x59, 0x83, 0xA4, 0xA5, 0x68, 0xAB,
    0x99, 0x6C, 0x16, 0x9B, 0xC1, 0x66, 0xAF, 0x99, 0xEB, 0x85, 0x3D, 0x54, 0x11, 0x50, 0x77, 0xE0,
    0x5F, 0x06, 0xF0, 0x83, 0x1E, 0x6C, 0x5A, 0x70, 0x0A, 0xF1, 0x74, 0x97, 0xA3, 0xCC, 0xD7, 0x8F,
    0x32, 0x5C, 0x33, 0x19, 0x5F, 0x85, 0x4D, 0xA8, 0x90, 0x7D, 0xA7, 0xC5, 0xAD, 0xB4, 0x85, 0xBC,
    0x42, 0x74, 0x06, 0x71, 0x8F, 0xCF, 0xFF, 0x59, 0x87, 0x7A, 0x46, 0x3C, 0x10, 0xD9, 0xAC, 0x0F,
    0xD5, 0x3D, 0xBC, 0xE9, 0x8D, 0x97, 0xFA, 0x50, 0x45, 0x40, 0xDE, 0x7D, 0x0F, 0xCA, 0x9F, 0x0F,
    0xF0, 0xAD, 0xC5, 0xF1, 0xED, 0x57, 0x2B, 0x00, 0x24, 0x3B, 0x90, 0xED, 0x41, 0x5D, 0x42, 0x34,
    0x66, 0x0D, 0xE2, 0x2E, 0x76, 0x8D, 0xE8, 0x5E, 0x8B, 0x88, 0xC2, 0xFB, 0xAD, 0x24, 0xFC, 0x43,
    0x2B, 0xF9, 0x28, 0x54, 0xE2, 0xEA, 0x4F, 0x00, 0x3E, 0xDF, 0xA0, 0xEE, 0x89, 0xC2, 0x48, 0xDA,
    0xEF, 0x57, 0xAA, 0x37, 0xBC, 0xF6, 0xA2, 0xFF, 0x48, 0x4D, 0x20, 0x09, 0x20, 0x0B, 0x2D, 0xD4,
    0x69, 0x8F, 0x68, 0x8A, 0x07, 0xC4, 0xBD, 0xC7, 0x00, 0x9F, 0xFD, 0x2D, 0x5C, 0x54, 0x21, 0xEB,
    0x51, 0xEC, 0x70, 0x3E, 0x11, 0xED, 0x9E, 0xB2, 0xE9, 0x4F, 0xC9, 0x9A, 0x3B, 0xDC, 0x70, 0xC2,
    0x55, 0xDB, 0xEF, 0xD9, 0x00, 0x59, 0xC5, 0xF1, 0x9E, 0xCE, 0xC0, 0xE3, 0xE1, 0x36, 0xA2, 0x21,
    0xEA, 0x10, 0xED, 0x97, 0xF5, 0x70, 0x8D, 0x54, 0x8C, 0xAE, 0xAB, 0xED, 0x3B, 0xF0, 0x08, 0xF6,
    0x48, 0xD6, 0x1D, 0x1F, 0x37, 0x91, 0xDA, 0xAC, 0x5A, 0xD9, 0xCF, 0x27, 0x36, 0x61, 0xC0, 0xB6,
    0x02, 0x2F, 0x1A, 0xAF, 0x03, 0x49, 0x7F, 0x4C, 0x8B, 0x1D, 0x78, 0xFC, 0xCD, 0xCF, 0xA2, 0xCC,
    0xAB, 0x90, 0x43, 0x51, 0x21, 0x6B, 0x91, 0xB4, 0x88, 0x9A, 0x2B, 0x25, 0x13, 0x05, 0xB0, 0xF9,
    0x71, 0x03, 0x9B, 0xAC, 0x02, 0x6F, 0x1D, 0x81, 0xB8, 0xDD, 0x57, 0x30, 0xC4, 0x2D, 0x5C, 0x7C,
    0x50, 0x41, 0xB9, 0x07, 0x37, 0x1F, 0x5F, 0x2B, 0x99, 0xFB, 0xC8, 0x26, 0x94, 0xE7, 0x78, 0x70,
    0x8A, 0xDB, 0x77, 0x11, 0xEF, 0x90, 0x35, 0x48, 0x71, 0xCB, 0x4D, 0xB2, 0xEA, 0x2D, 0xB2, 0x9F,
    0xBC, 0x64, 0x9E, 0xA2, 0x1B, 0x20, 0x2C, 0xDB, 0x85, 0x21, 0x74, 0x70, 0xFF, 0x4D, 0x50, 0xB9,
    0x8D, 0xB8, 0x8B, 0x3A, 0xC4, 0xE3, 0x17, 0x8E, 0x0F, 0x0E, 0xF5, 0x75, 0x7C, 0x70, 0xFE, 0x20,
    0x26, 0x0E, 0x9B, 0xC6, 0x26, 0x3C, 0xAB, 0xA4, 0x5F, 0x09, 0xC4, 0xD1, 0xDF, 0x00, 0x6E, 0x89,
    0xC9, 0x57, 0x14, 0xD2, 0xB0, 0x23, 0xDA, 0x36, 0x2F, 0x03, 0xE5, 0x8F, 0xFD, 0x26, 0x8C, 0x06,
    0xB8, 0xF8, 0x5A, 0x07, 0x75, 0xA8, 0x20, 0xDF, 0x03, 0x95, 0xFF, 0x3B, 0xDB, 0x05, 0x48, 0x9A,
    0xB8, 0x92, 0x76, 0xD9, 0x01, 0xE0, 0x82, 0x24, 0x8C, 0xA8, 0x1F, 0x83, 0x2B, 0xB3, 0x53, 0x28,
    0xE7, 0x40, 0xCB, 0x78, 0xF3, 0xE2, 0xD0, 0x2C, 0xDE, 0xC9, 0x2A, 0xC9, 0x20, 0x73, 0x18, 0x6F,
    0xB1, 0x19, 0x20, 0xED, 0x59, 0x8A, 0x2D, 0x05, 0x0E, 0x55, 0xB7, 0x0D, 0x79, 0x08, 0x15, 0xC5,
    0x4F, 0xBF, 0xBB, 0x46, 0xA0, 0x04, 0x35, 0x78, 0xC4, 0x6D, 0xCE, 0x19, 0xD8, 0x8B, 0x06, 0x26,
    0x49, 0x2F, 0xDA, 0xFF, 0xFE, 0x5F, 0x77, 0x8A, 0x10, 0x42, 0x6B, 0xBB, 0x18, 0x5D, 0x7A, 0xCD,
    0x26, 0x6C, 0x46, 0xC8, 0x76, 0xC7, 0x6B, 0x88, 0x8E, 0xE9, 0x42, 0xA5, 0x0C, 0xAD, 0x29, 0xED,
    0x92, 0x7E, 0xD3, 0xA5, 0x6D, 0xDA, 0x65, 0x4D, 0xDE, 0x16, 0xB6, 0xCA, 0xCD, 0xA4, 0xDE, 0xF6,
    0xEA, 0x3D, 0xDB, 0x8A, 0x33, 0x9C, 0x89, 0xD5, 0xF2, 0xAA, 0xFC, 0xC9, 0x85, 0x22, 0x8C, 0xD2,
    0xD0, 0x70, 0xFF, 0x93, 0xBF, 0x70, 0x33, 0x92, 0x8E, 0x6C, 0x7A, 0x00, 0x40, 0x31, 0x40, 0x98,
    0x10, 0x0F, 0x4F, 0x11, 0xB5, 0xD3, 0x71, 0x0A, 0x17, 0x15, 0xDC, 0x75, 0x1C, 0x5D, 0xC5, 0xC6,
    0x6F, 0x12, 0x85, 0x4E, 0xF2, 0xF7, 0x83, 0xF4, 0xDB, 0x83, 0x4D, 0x32, 0x90, 0xB6, 0x94, 0x18,
    0x31, 0xE0, 0xBE, 0xFF, 0xFD, 0xBE, 0xD1, 0xF8, 0x39, 0x6C, 0x2E, 0x32, 0x64, 0x21, 0x20, 0xCB,
    0x26, 0x7C, 0x6E, 0xA9, 0xE7, 0xCA, 0x16, 0x8B, 0x2A, 0xB2, 0xE1, 0xAE, 0x62, 0x7A, 0xE0, 0x5E,
    0x3D, 0x7A, 0xAF, 0x18, 0xB8, 0x59, 0xC1, 0xA7, 0x35, 0x0B, 0xE1, 0x16, 0x50, 0x00, 0x35, 0x30,
    0xC1, 0x8D, 0xDF, 0xEA, 0xA1, 0xFC, 0x41, 0x05, 0x61, 0x07, 0xC9, 0x30, 0x41, 0xD6, 0xDE, 0x83,
    0x57, 0xBD, 0xF1, 0x7C, 0xC9, 0xF5, 0x6D, 0x6D, 0xB9, 0xC6, 0x5C, 0x6A, 0xAE, 0x39, 0x97, 0x9E,
    0x4B, 0xD0, 0x63, 0x51, 0x59, 0xEB, 0xD8, 0x74, 0x8D, 0xBA, 0x56, 0x5D, 0xB3, 0x2A, 0x81, 0xDA,
    0xB1, 0xEC, 0x9A, 0x76, 0x6D, 0xBB, 0xC6, 0x5D, 0xEB, 0xAE, 0x79, 0xD7, 0xBE, 0xE0, 0x36, 0x7C,
    0x88, 0x68, 0x3A, 0xEE, 0xD8, 0x91, 0x57, 0xB8, 0x8B, 0x73, 0x24, 0xA1, 0x21, 0x7B, 0xD6, 0x53,
    0xFE, 0xF9, 0xAC, 0x36, 0xF0, 0xC4, 0xFD, 0xE7, 0x1D, 0x66, 0x88, 0x83, 0x84, 0x03, 0x85, 0x83,
    0x85, 0x03, 0x86, 0x83, 0xC6, 0xCC, 0x31, 0x7B, 0xCC, 0x20, 0xB3, 0x88, 0x33, 0xAB, 0xC9, 0x8C,
    0xE2, 0xA0, 0x32, 0xB3, 0xCC, 0x2E, 0xCF, 0xC3, 0xBC, 0x03, 0x1E, 0x82, 0x12, 0x64, 0x0D, 0x6E,
    0xBC, 0xDF, 0xA2, 0xEC, 0xAA, 0x85, 0x64, 0x11, 0x59, 0x40, 0x66, 0x8F, 0x2B, 0xBA, 0xDA, 0x6E,
    0x1A, 0xB2, 0x8E, 0xCD, 0x40, 0x34, 0xE2, 0x01, 0xDE, 0xE2, 0xFC, 0x64, 0xCE, 0x7D, 0xA8, 0x7D,
    0x88, 0xBD, 0x37, 0xCC, 0xA9, 0x3F, 0x8D, 0xF9, 0x7E, 0x1B, 0x92, 0x3D, 0x64, 0x1F, 0xC0, 0xAD,
    0x1C, 0xDC, 0x83, 0xB8, 0x47, 0xF1, 0x71, 0x8B, 0xED, 0x80, 0x78, 0x37, 0x57, 0xED, 0x4E, 0xF1,
    0xAA, 0x57, 0xAE, 0x62, 0xD5, 0xE3, 0xD1, 0xC3, 0xC3, 0x73, 0x7C, 0xF3, 0x1E, 0x3C, 0xC5, 0x66,
    0x40, 0x56, 0xF1, 0x47, 0xAF, 0x12, 0x87, 0x86, 0xF4, 0x59, 0x47, 0xF1, 0x32, 0x26, 0xF3, 0x6D,
    0x88, 0x2E, 0x36, 0x48, 0xC2, 0x33, 0x24, 0x7F, 0x71, 0x81, 0xD8, 0x5F, 0x01, 0x58, 0x33, 0x84,
    0x0E, 0xC9, 0xBF, 0xEE, 0x90, 0xB7, 0x23, 0xBE, 0xE8, 0xED, 0x2B, 0xB8, 0x48, 0xDF, 0x3F, 0x91,
    0x4E, 0xB7, 0xE4, 0xE1, 0xDC, 0x9D, 0x7C, 0xF2, 0x4A, 0xDC, 0x03, 0x7F, 0x48, 0x1C, 0xAA, 0xB9,
    0x74, 0xF9, 0x95, 0xC1, 0x3E, 0x1A, 0x3C, 0xF1, 0xF8, 0x53, 0x5B, 0xB8, 0xB3, 0x16, 0xCA, 0xE3,
    0x46, 0x21, 0xD9, 0x9D, 0xE3, 0xF0, 0x89, 0xDC, 0xF1, 0x2A, 0xE0, 0xFA, 0x6F, 0xBD, 0x6E, 0xA0,
    0xAE, 0x08, 0xAD, 0xE4, 0x17, 0x9D, 0xF4, 0xA3, 0x41, 0xF1, 0xE5, 0xC1, 0x43, 0x83, 0xB7, 0xDD,
    0x7F, 0xF1, 0xDB, 0xB3, 0x7A, 0x10, 0x85, 0x51, 0xD2, 0x4F, 0xE2, 0x76, 0xFD, 0xDF, 0xB2, 0xE2,
    0x01, 0xDE, 0xE3, 0x58, 0x7C, 0x50, 0x86, 0xCE, 0xCD, 0xFD, 0xF2, 0x61, 0xC9, 0xE1, 0x67, 0x58,
    0x2A, 0xA7, 0xFD, 0x52, 0x38, 0x6B, 0x97, 0x9F, 0xBC, 0xA5, 0x68, 0x28, 0x2B, 0x4A, 0xD4, 0x78,
    0x84, 0x73, 0xEC, 0x31, 0x11, 0x4D, 0x14, 0xA1, 0xB3, 0x0D, 0x1D, 0xD1, 0x63, 0xC5, 0x64, 0xBF,
    0x37, 0xDC, 0xD3, 0x3F, 0x10, 0x8D, 0xD2, 0x4E, 0xC1, 0xBB, 0x9C, 0x00, 0xBE, 0x30, 0x29, 0xF7,
    0x5E, 0x9F, 0x98, 0x44, 0xA3, 0x78, 0x27, 0x19, 0x24, 0x83, 0x4D, 0x2F, 0xED, 0x64, 0xAD, 0xBC,
    0x55, 0x7C, 0x5B, 0xF9, 0xBB, 0xCA, 0x0B, 0xE5, 0xA8, 0xEC, 0x9C, 0x7C, 0xCA, 0x57, 0x0D, 0x60,
    0x69, 0x96, 0x0D, 0xE4, 0x03, 0x79, 0x4B, 0x04, 0xE6, 0xE9, 0x98, 0xEE, 0x64, 0x83, 0xB4, 0x03,
    0x80, 0x9B, 0x41, 0x16, 0xAA, 0x1B, 0x35, 0x25, 0x8F, 0x38, 0xE3, 0x93, 0x37, 0xB6, 0x19, 0xA4,
    0x7D, 0x93, 0xFD, 0xB0, 0xCD, 0x42, 0x93, 0x5D, 0xC8, 0x76, 0x22, 0x80, 0xBC, 0x51, 0xB6, 0xEA,
    0xC6, 0x29, 0x00, 0x96, 0xAB, 0x12, 0x87, 0x30, 0x91, 0xFF, 0xEC, 0xF7, 0x02, 0x75, 0xA3, 0x6E,
    0xA2, 0x3D, 0x45, 0x9B, 0x8C, 0x64, 0x7D, 0x3A, 0x90, 0x0E, 0x59, 0x7B, 0x18, 0x8B, 0x96, 0xCD,
    0x50, 0x56, 0xF3, 0xE8, 0x30, 0xD6, 0x48, 0x87, 0x2D, 0xB2, 0x7E, 0x1E, 0xBB, 0x2D, 0xF2, 0x76,
    0x8B, 0xB2, 0xA9, 0x51, 0xCF, 0x61, 0xF6, 0xCA, 0x56, 0x32, 0xCA, 0x7B, 0xF9, 0x20, 0xDD, 0xDF,
    0x08, 0x8D, 0x38, 0x84, 0x3D, 0xEA, 0xD0, 0x71, 0x69, 0x37, 0x46, 0xDA, 0x41, 0xD1, 0x43, 0xD9,
    0xB1, 0x54, 0x3E, 0xD2, 0xB2, 0x09, 0xCD, 0x2C, 0x75, 0xF1, 0x95, 0x29, 0xD9, 0xD9, 0xA7, 0xBD,
    0x7D, 0xDE, 0x3A, 0x2F, 0x2A, 0xE7, 0x25, 0x67, 0x35, 0xFB, 0x47, 0x4C, 0xE7, 0xA2, 0xF1, 0x7C,
    0x5E, 0x17, 0xD2, 0xBE, 0x96, 0xB7, 0x65, 0xBB, 0x95, 0x87, 0xC9, 0x26, 0x74, 0xBC, 0xF6, 0xEB,
    0xCC, 0x75, 0x6C, 0x3B, 0x24, 0x61, 0x40, 0xFA, 0xFD, 0x01, 0x9B, 0xF7, 0x07, 0xC8, 0x5A, 0x38,
    0x07, 0xC3, 0x71, 0xBC, 0xCA, 0x8D, 0xA3, 0xC7, 0x14, 0x13, 0xFB, 0x3D, 0xC3, 0x3D, 0xFA, 0x07,
    0x44, 0xE3, 0x12, 0xBC, 0xC0, 0xBB, 0x38, 0xF1, 0x69, 0x55, 0xC6, 0x7B, 0xE0, 0x0C, 0xA2, 0xE3,
    0xF7, 0xB9, 0xD7, 0xD3, 0x06, 0xE1, 0xB7, 0x91, 0x84, 0x0E, 0xD9, 0x0F, 0x07, 0x94, 0x76, 0xF8,
    0x92, 0x6F, 0x5C, 0xD9, 0x9E, 0x9C, 0x80, 0x0C, 0x94, 0x60, 0xFB, 0x5F, 0x3A, 0x6F, 0x6F, 0xEF,
    0x5C, 0x3E, 0x6F, 0x5F, 0xCB, 0x9B, 0xDB, 0x3B, 0xD4, 0xE7, 0xD0, 0x9F, 0x83, 0x00, 0x07, 0x03,
    0x0E, 0x0A, 0x1C, 0x1C, 0xA8, 0xD9, 0x73, 0xB0, 0xE0, 0xA0, 0xC1, 0xC1, 0x83, 0x83, 0x08, 0x07,
    0x13, 0x0E, 0x2A, 0x66, 0x17, 0x8B, 0xCC, 0xF3, 0x36, 0xBE, 0x07, 0xD1, 0x0E, 0x4C, 0xE0, 0x14,
    0x5E, 0xCF, 0x20, 0x7C, 0xF9, 0x7A, 0xE9, 0xFC, 0x77, 0x8F, 0xD4, 0x67, 0x92, 0xA3, 0xC8, 0x91,
    0x63, 0xD6, 0x98, 0x31, 0x66, 0x8B, 0x99, 0x62, 0x96, 0x98, 0x21, 0x66, 0x87, 0x99, 0x61, 0x56,
    0x98, 0x11, 0x66, 0x83, 0x99, 0x60, 0x16, 0x98, 0x01, 0xE6, 0xFE, 0x73, 0xFE, 0x63, 0xFD, 0x0A,
    0xB2, 0x1D, 0xDC, 0x7B, 0x0A, 0xEF, 0x3D, 0x00, 0x3B, 0x48, 0x1B, 0x6C, 0x7F, 0x07, 0x71, 0xE8,
    0x90, 0x2E, 0xF1, 0xAB, 0x71, 0x8E, 0xFF, 0xF6, 0xD5, 0x8D, 0xFF, 0x3F, 0x3F, 0x35, 0x3F, 0xBD,
    0x2A, 0x8F, 0x46, 0x32, 0xFE, 0x7F, 0x64, 0xE1, 0x29, 0x6E, 0xE5, 0x23, 0x4E, 0xE2, 0xC7, 0x00,
    0x5C, 0x40, 0xB2, 0xDC, 0xE8, 0x8F, 0x3A, 0xD4, 0x49, 0x8F, 0x6F, 0x69, 0xAE, 0xAC, 0xCE, 0x6B,
    0x3E, 0x71, 0x30, 0xFE, 0xFD, 0xFF, 0xEC, 0x60, 0x7C, 0x70, 0xF9, 0x60, 0xFC, 0x8D, 0x17, 0xF7,
    0x54, 0x38, 0x7E, 0x2D, 0x6A, 0x91, 0xFC, 0x62, 0x40, 0xF6, 0xF1, 0x88, 0xDA, 0x53, 0x7C, 0xE8,
    0x4B, 0x7C, 0x56, 0xB6, 0x34, 0x15, 0xD9, 0x40, 0xB1, 0xE3, 0xD1, 0x34, 0x1F, 0x76, 0x27, 0xFD,
    0xE9, 0x7C, 0x44, 0x77, 0xE3, 0x25, 0x6D, 0x7B, 0xC4, 0x3D, 0xC8, 0x7B, 0xB0, 0xED, 0x8E, 0x8F,
    0xB3, 0xEC, 0xEF, 0x64, 0x2D, 0x27, 0x64, 0x1D, 0x73, 0x23, 0xE6, 0x48, 0x33, 0xC2, 0x76, 0x56,
    0xB8, 0x18, 0x17, 0x86, 0x6E, 0x75, 0x30, 0x43, 0x74, 0x16, 0x09, 0x0B, 0x85, 0xC5, 0xC2, 0x82,
    0x61, 0xD1, 0xB0, 0x70, 0x58, 0x3C, 0x2C, 0x20, 0x16, 0x11, 0x0B, 0x89, 0xC5, 0xC4, 0x82, 0xB2,
    0xAA, 0xAC, 0x2C, 0xAB, 0xCB, 0x0A, 0x63, 0x95, 0x59, 0x69, 0x8E, 0x36, 0x1D, 0xE2, 0x01, 0x9B,
    0x01, 0x59, 0x8B, 0xB2, 0xC2, 0x53, 0x18, 0xA2, 0x27, 0x48, 0x76, 0xD6, 0x61, 0x33, 0xD8, 0x84,
    0xEF, 0xB4, 0xCA, 0x10, 0x58, 0xA7, 0xFB, 0x24, 0xED, 0x9D, 0xFD, 0x9A, 0xD3, 0x7D, 0xF8, 0xE5,
    0x74, 0xAF, 0x7E, 0xE5, 0x74, 0x7F, 0x0F, 0xA8, 0x81, 0xBA, 0x05, 0xC5, 0x0E, 0xC4, 0x93, 0xAC,
    0xC5, 0x6B, 0xD7, 0x37, 0x79, 0x04, 0x19, 0xE4, 0x2D, 0xB2, 0xDE, 0xDA, 0x3E, 0x9A, 0xE0, 0xDE,
    0x21, 0xF9, 0x2B, 0x2F, 0x38, 0x79, 0xBC, 0x4E, 0xE8, 0xD0, 0x42, 0x91, 0xB6, 0xF0, 0xC5, 0x6C,
    0x6D, 0x0B, 0xE2, 0x11, 0x24, 0xAD, 0xAC, 0x9D, 0xDF, 0xAE, 0x2D, 0x80, 0x37, 0x21, 0xF4, 0xE6,
    0x23, 0x89, 0xF9, 0x4C, 0x62, 0xFD, 0x32, 0x93, 0xB6, 0x28, 0x61, 0x64, 0x9D, 0xFD, 0xF7, 0x5F,
    0x14, 0x45, 0xDE, 0x3C, 0x81, 0xBA, 0x1F, 0x20, 0x84, 0x01, 0x86, 0x45, 0xE4, 0x71, 0x69, 0xC1,
    0xB8, 0xC6, 0xD3, 0xBE, 0x42, 0x3A, 0xDC, 0x35, 0x1F, 0x6B, 0x38, 0xAD, 0x47, 0xEE, 0x16, 0x03,
    0x6E, 0x7E, 0xF9, 0x25, 0x2C, 0x32, 0x5C, 0xFB, 0xA2, 0x5C, 0xFE, 0xD3, 0xAA, 0xE8, 0x41, 0xB9,
    0xFE, 0xAB, 0x01, 0x27, 0x00, 0x2F, 0x63, 0x39, 0x17, 0xEF, 0xB0, 0x19, 0x91, 0x8E, 0xD8, 0xF4,
    0x00, 0x75, 0x68, 0x93, 0x30, 0xCD, 0xE7, 0xDE, 0xE3, 0x66, 0x47, 0x5D, 0x25, 0x03, 0xA5, 0xCD,
    0xC0, 0xA9, 0xB4, 0xE7, 0xA1, 0xAC, 0x9B, 0xC7, 0x96, 0xA7, 0x33, 0xD1, 0x24, 0x6F, 0x18, 0x15,
    0xD5, 0x7C, 0x3E, 0x5D, 0x89, 0xE6, 0xD6, 0xF1, 0xA0, 0xB6, 0x1C, 0x56, 0x4B, 0x7A, 0xE7, 0x6C,
    0x3A, 0xE7, 0xA4, 0xAD, 0x73, 0xB2, 0xC6, 0x96, 0x72, 0x56, 0xDC, 0x53, 0xFE, 0xEC, 0x83, 0x91,
    0x2C, 0x2C, 0xFB, 0xA4, 0x0B, 0xB8, 0xE1, 0xF9, 0x57, 0xDE, 0x30, 0x73, 0x60, 0xDB, 0x40, 0x0D,
    0x00, 0xF8, 0xC2, 0x24, 0x6D, 0xEB, 0x49, 0xDE, 0xBE, 0x3E, 0x5F, 0xD5, 0xA4, 0xA8, 0xA2, 0x51,
    0x29, 0xFE, 0xE5, 0xC1, 0x79, 0x32, 0x38, 0xB3, 0xE9, 0x4D, 0xD2, 0x2E, 0x9A, 0x64, 0x6D, 0x32,
    0xCA, 0xDA, 0x74, 0x27, 0x6F, 0xEE, 0xEC, 0xDE, 0xCE, 0x9B, 0xA7, 0xC3, 0x90, 0xFF, 0xED, 0x3F,
    0xFE, 0xA2, 0xCF, 0x42, 0x1B, 0xDA, 0xF4, 0xC2, 0x05, 0x95, 0xDB, 0x97, 0x26, 0x69, 0x79, 0x1C,
    0xE0, 0xF2, 0xCA, 0xBD, 0x2C, 0xDC, 0xF9, 0xA6, 0xC5, 0xFF, 0x4B, 0x5B, 0x28, 0x1C, 0xBF, 0x80,
    0x77, 0x10, 0xB7, 0xC0, 0xD5, 0xAD, 0x7F, 0x3C, 0xC7, 0x38, 0x3F, 0xC7, 0x70, 0x8A, 0x27, 0x0F,
    0x11, 0x8D, 0x48, 0x7B, 0x14, 0x15, 0xDE, 0x82, 0x93, 0x17, 0x4D, 0x11, 0xF5, 0x20, 0x1B, 0xC0,
    0xB6, 0x5F, 0x77, 0xA2, 0xCB, 0x46, 0x70, 0xEE, 0x72, 0xC3, 0x1C, 0x09, 0xEB, 0x5B, 0x5D, 0xCD,
    0x91, 0xF7, 0xE6, 0xCA, 0xBD, 0x39, 0x33, 0x4B, 0xE7, 0x35, 0xF4, 0x5A, 0x7A, 0x4D, 0xBD, 0xB6,
    0x5E, 0x63, 0xAF, 0xB5, 0xD7, 0xDC, 0x6B, 0xEF, 0x35, 0xF8, 0xFA, 0x41, 0x6B, 0xF2, 0xB5, 0xF9,
    0x1A, 0x7D, 0xAD, 0xBE, 0x66, 0x5F, 0xBB, 0xAF, 0xE1, 0xD7, 0xF2, 0x4B, 0xFA, 0x63, 0x7B, 0xDE,
    0x00, 0xA7, 0x60, 0x0F, 0xF1, 0x08, 0x9B, 0x1E, 0xB2, 0x06, 0xDE, 0x92, 0x36, 0x90, 0xB5, 0xC7,
    0x9B, 0xAC, 0xAB, 0x43, 0xFC, 0xBD, 0x43, 0xFD, 0xCE, 0x92, 0x7F, 0xEE, 0x6F, 0x06, 0x58, 0x04,
    0x16, 0x82, 0xC5, 0x60, 0x41, 0x58, 0x14, 0x16, 0x86, 0xC5, 0x61, 0x81, 0x30, 0x4B, 0x98, 0x29,
    0xCC, 0x16, 0x66, 0x8C, 0xE7, 0x35, 0xDE, 0xF9, 0xE4, 0x26, 0xB1, 0x7B, 0x6E, 0x93, 0x98, 0x37,
    0x38, 0xB9, 0xC6, 0x1C, 0xD5, 0x71, 0xCA, 0x25, 0x3B, 0x88, 0x27, 0x70, 0x01, 0x8A, 0x0A, 0xD2,
    0x36, 0x6D, 0x88, 0xAA, 0x2B, 0xC0, 0x71, 0xDC, 0x40, 0x5A, 0x17, 0xA2, 0xE3, 0x4A, 0xA4, 0x70,
    0x5C, 0x8B, 0x24, 0x9D, 0xBC, 0x21, 0x6E, 0xAF, 0x31, 0x4E, 0xF4, 0x18, 0x8A, 0x89, 0x75, 0xA9,
    0x32, 0x9C, 0x9A, 0x17, 0xAB, 0xE3, 0x8D, 0xA6, 0xFD, 0x11, 0x6A, 0x79, 0x6E, 0x4E, 0xBC, 0x4C,
    0xA8, 0xBC, 0xF9, 0x06, 0xD4, 0xC3, 0x27, 0xB7, 0x97, 0x1D, 0x3C, 0x29, 0xAA, 0xBC, 0x81, 0x6B,
    0x6C, 0xF2, 0xDA, 0x7A, 0xBE, 0x5C, 0x91, 0x84, 0xBF, 0xAC, 0x48, 0x7F, 0x14, 0x90, 0xBE, 0xBF,
    0x47, 0xE4, 0x1B, 0x57, 0x66, 0xE5, 0xC2, 0xB5, 0x8F, 0xCD, 0xE5, 0xBB, 0x29, 0x5B, 0xC7, 0xBD,
    0x92, 0x1A, 0x00, 0xE0, 0xEA, 0xF4, 0x3F, 0x1E, 0x9A, 0xFF, 0xC7, 0x11, 0x5C, 0x3E, 0x08, 0xB0,
    0x07, 0xA1, 0x82, 0xBA, 0x67, 0xA1, 0xE0, 0xF9, 0xCF, 0xDC, 0x86, 0xB6, 0x0C, 0x5D, 0x08, 0x4D,
    0x19, 0x9A, 0x7C, 0x67, 0x33, 0x4A, 0x07, 0x9B, 0x5E, 0xB2, 0x93, 0xB5, 0xE2, 0x51, 0x49, 0x34,
    0x39, 0xC3, 0x3E, 0x1A, 0x71, 0x9E, 0x0C, 0x28, 0xD3, 0x16, 0xE5, 0xD7, 0x2B, 0xE4, 0x17, 0x90,
    0x4D, 0x90, 0x1E, 0x0F, 0xE1, 0xA5, 0x1D, 0x64, 0xDD, 0xF3, 0x01, 0x8B, 0x06, 0xCA, 0x06, 0x69,
    0xD8, 0x23, 0x9F, 0x47, 0x4E, 0xE0, 0x5D, 0x28, 0xA1, 0x6C, 0x90, 0x75, 0xE6, 0x8C, 0xF8, 0xF0,
    0xD2, 0xE5, 0x7F, 0xD0, 0x46, 0x93, 0x30, 0xB8, 0xF0, 0xB5, 0x61, 0xD9, 0xDC, 0x3F, 0x12, 0x4D,
    0x1E, 0x32, 0x79, 0xC0, 0xE4, 0x29, 0x0F, 0xED, 0x78, 0x14, 0x0D, 0x9C, 0x26, 0x3D, 0xA7, 0x9B,
    0x96, 0x32, 0x6B, 0x28, 0x73, 0xDC, 0xB9, 0x87, 0x3B, 0x1F, 0xA2, 0x1C, 0xAC, 0x51, 0xCB, 0x0A,
    0x8F, 0x60, 0xDD, 0xF7, 0xFB, 0x66, 0x5D, 0xB1, 0xDD, 0x23, 0xF4, 0xF8, 0x8D, 0x2B, 0x16, 0xEE,
    0xF2, 0x6B, 0x82, 0x78, 0x0F, 0xC9, 0x32, 0x8E, 0xA0, 0x7A, 0xE1, 0xED, 0xA6, 0x7F, 0x6F, 0x97,
    0x4C, 0xDB, 0xBD, 0x64, 0x0A, 0x87, 0x38, 0x73, 0x3B, 0x80, 0x74, 0x0F, 0x45, 0x80, 0xBB, 0x79,
    0x85, 0xF7, 0x0A, 0x70, 0xF6, 0xFC, 0x16, 0x2E, 0xAD, 0xAE, 0xEE, 0xB4, 0xF5, 0x26, 0x92, 0xD0,
    0x90, 0xFD, 0xB8, 0x25, 0xDF, 0x74, 0xD6, 0x3D, 0x44, 0x5E, 0xE1, 0x0C, 0xC9, 0x80, 0xB8, 0x83,
    0xEA, 0xAA, 0x4C, 0x60, 0xCA, 0xA8, 0x41, 0xF8, 0xA8, 0x23, 0x0E, 0xA1, 0x25, 0xF9, 0x38, 0x34,
    0x44, 0xCD, 0x19, 0x70, 0x75, 0x93, 0x47, 0x50, 0x74, 0xDF, 0xA3, 0xFE, 0xE7, 0x81, 0x9F, 0x85,
    0x81, 0xA1, 0x6E, 0xB9, 0xFD, 0x39, 0x70, 0x55, 0x1A, 0xFF, 0x1B, 0xB5, 0x95, 0x01, 0x84, 0x64,
    0xCB, 0xF5, 0xC6, 0x7F, 0x75, 0x6B, 0x76, 0xEF, 0xDF, 0x5E, 0x33, 0x35, 0xE8, 0x3F, 0x11, 0xFB,
    0xF6, 0x06, 0x41, 0xC2, 0xBE, 0xB9, 0x40, 0x6C, 0x98, 0xEE, 0xAA, 0x40, 0x20, 0x78, 0x43, 0xDE,
    0x04, 0x22, 0x0C, 0x20, 0x0F, 0x64, 0xB0, 0x21, 0xA1, 0x77, 0x6F, 0x79, 0x10, 0x80, 0x01, 0x02,
    0x41, 0x8B, 0x25, 0x4F, 0x60, 0x07, 0x09, 0x8B, 0x7E, 0xD3, 0x45, 0x00, 0xE0, 0x26, 0x01, 0x80,
    0x1B, 0x01, 0xF1, 0xE0, 0xA2, 0x70, 0xB3, 0x6E, 0x77, 0xA5, 0x8E, 0x6D, 0x33, 0x59, 0x49, 0x22,
    0x92, 0xDD, 0xAF, 0xEB, 0x9C, 0x3E, 0x53, 0x75, 0xCE, 0x39, 0x1F, 0x5D, 0xF5, 0x0D, 0xAB, 0x7F,
    0x09, 0xE0, 0xC9, 0xE3, 0x47, 0xBF, 0x29, 0xBB, 0xAA, 0x6B, 0xE2, 0x37, 0x7E, 0x51, 0xF8, 0xFF,
    0xFC, 0x03, 0x3C, 0x84, 0xCA, 0x51, 0x74, 0xF0, 0xD4, 0xA6, 0xE9, 0xC7, 0xE7, 0xAF, 0x2E, 0xE9,
    0x2F, 0xB5, 0xBF, 0x3C, 0xE2, 0x72, 0xC6, 0x25, 0xFF, 0xFD, 0x42, 0x78, 0x41, 0x4F, 0xE9, 0x79,
    0x04, 0xB9, 0xF9, 0xC9, 0xF9, 0x0F, 0x2A, 0x0E, 0x8B, 0x70, 0xC8, 0xF5, 0x21, 0xB3, 0x43, 0xF8,
    0x5F, 0x16, 0x6D, 0xEA, 0x37, 0x69, 0xC8, 0xFE, 0x36, 0xF8, 0xFF, 0xF3, 0xF3, 0xF3, 0x36, 0xA5,
    0x24, 0xF6, 0xEB, 0x0C, 0x97, 0x32, 0xBC, 0x44, 0x4E, 0x9C, 0xC0, 0xA7, 0x3D, 0xC2, 0xED, 0xCE,
    0xBF, 0x39, 0xFA, 0xA1, 0x5A, 0x7D, 0xAE, 0x87, 0xF7, 0xBA, 0x3E, 0x56, 0x67, 0xE7, 0x19, 0xC8,
    0x60, 0x2F, 0xCE, 0x71, 0x8B, 0xDB, 0x3D, 0x0F, 0x82, 0x63, 0x35, 0xE8, 0xCE, 0x84, 0xC6, 0x59,
    0x6E, 0xD8, 0x91, 0xD8, 0x30, 0x43, 0xF5, 0x55, 0x2C, 0x47, 0x1D, 0xF5, 0x50, 0xE6, 0xB3, 0xDA,
    0xCD, 0x79, 0x0A, 0xDC, 0x1F, 0xF2, 0xAE, 0xEC, 0x0D, 0x55, 0x30, 0xBE, 0x61, 0xC9, 0x05, 0xF7,
    0xB0, 0xA1, 0xF5, 0x2D, 0x2D, 0x96, 0x06, 0xE3, 0xAA, 0xA0, 0x3B, 0x5C, 0xEE, 0x8A, 0x1A, 0x2A,
    0xAF, 0xBB, 0xBC, 0x17, 0x9E, 0xD1, 0xB8, 0x09, 0xAB, 0x46, 0x6E, 0x74, 0x64, 0x57, 0x46, 0x52,
    0x39, 0xB2, 0xD1, 0x23, 0x33, 0x1C, 0x38, 0x45, 0x19, 0x6D, 0x28, 0x47, 0x1B, 0x74, 0x6C, 0x82,
    0x1E, 0x1A, 0x5F, 0xF6, 0x4D, 0xEE, 0xB4, 0xC0, 0xF8, 0x35, 0x0D, 0x91, 0xA5, 0xEE, 0xA5, 0x65,
    0x66, 0x50, 0xBB, 0x4A, 0x72, 0xB3, 0xE5, 0xBC, 0x50, 0x0E, 0x36, 0xE7, 0x59, 0x8C, 0xCF, 0x33,
    0x18, 0x59, 0x16, 0x03, 0x17, 0x85, 0xE7, 0x1E, 0xC7, 0xD8, 0xB0, 0xA5, 0xFD, 0x34, 0x9B, 0x1E,
    0xB3, 0x45, 0x6C, 0x31, 0x4A, 0x0E, 0xC6, 0xAD, 0x91, 0xDE, 0xBA, 0xAB, 0x65, 0x36, 0x02, 0x74,
    0x04, 0x3D, 0xEC, 0xAD, 0x27, 0x1F, 0x72, 0x50, 0x86, 0x33, 0x9B, 0xD2, 0x20, 0xF6, 0xCD, 0x8F,
    0xBE, 0x7D, 0x85, 0x01, 0x31, 0x6A, 0xA0, 0x01, 0x16, 0xC0, 0x1C, 0x78, 0x06, 0xAC, 0x81, 0x09,
    0x18, 0xA1, 0xC8, 0xA6, 0x56, 0xEC, 0xB1, 0x95, 0x83, 0xBB, 0x43, 0x22, 0x4A, 0x0D, 0x33, 0x93,
    0xD2, 0x24, 0x76, 0xF4, 0xDD, 0xDF, 0xBF, 0x90, 0x59, 0x54, 0xD9, 0x8C, 0x58, 0x10, 0x83, 0xDA,
    0x71, 0x5C, 0xE3, 0x36, 0x9B, 0x4D, 0x90, 0xCB, 0xF3, 0x97, 0xF9, 0xF7, 0x3D, 0x73, 0x60, 0x79,
    0x37, 0x4B, 0x65, 0xE3, 0x05, 0x14, 0x57, 0xF5, 0x64, 0xDF, 0x7C, 0x62, 0x75, 0xF5, 0x35, 0xB0,
    0x1E, 0x3B, 0x62, 0x93, 0xB7, 0x69, 0xB4, 0x69, 0x67, 0xD3, 0xD6, 0xA6, 0xCE, 0x6E, 0xB1, 0x1D,
    0x1F, 0x22, 0x68, 0xC8, 0x5D, 0xC3, 0xC6, 0xCD, 0x00, 0x19, 0x57, 0x05, 0x1B, 0x9A, 0xCE, 0x66,
    0x6F, 0x9D, 0xF5, 0x07, 0x1C, 0xB0, 0x47, 0x03, 0x6B, 0x8A, 0x61, 0xE3, 0x8A, 0x2D, 0x55, 0x4C,
    0x4E, 0x6F, 0x31, 0x71, 0x87, 0x1E, 0xA9, 0xFA, 0x19, 0x9C, 0xA1, 0x1C, 0xB4, 0x6E, 0x13, 0x36,
    0xA1, 0xE5, 0xED, 0x67, 0xFF, 0xA4, 0x9E, 0x9E, 0xDE, 0x7B, 0x6F, 0xCF, 0x3E, 0x3E, 0x3C, 0x39,
    0x3B, 0x7C, 0x87, 0xCF, 0x9E, 0x33, 0x54, 0xA4, 0x9C, 0x38, 0xFA, 0x15, 0x4F, 0x7E, 0x19, 0xB2,
    0xFE, 0xB9, 0xD5, 0x31, 0x2B, 0xDE, 0xC1, 0x22, 0xFB, 0x0E, 0x4E, 0x7F, 0x02, 0xE6, 0x08, 0xF4,
    0xEF, 0x7C, 0xD6, 0x95, 0xFE, 0xB7, 0xDF, 0xFB, 0x43, 0x58, 0x95, 0xDF, 0x61, 0xF5, 0xC1, 0x63,
    0x56, 0x4F, 0xAF, 0x59, 0x39, 0x27, 0xC9, 0xEF, 0xD4, 0x04, 0x5C, 0xAE, 0x28, 0xFE, 0x18, 0xA8,
    0x3E, 0x82, 0xC7, 0xA7, 0x70, 0x9D, 0x52, 0xFF, 0xE4, 0xA7, 0xE7, 0xFD, 0xD1, 0x07, 0xAC, 0xF4,
    0xCF, 0xDC, 0x8A, 0x3F, 0x75, 0x2B, 0x8E, 0x8F, 0x57, 0xF0, 0x7E, 0xC6, 0x33, 0x03, 0x41, 0x73,
    0x05, 0x73, 0x04, 0x2A, 0x8D, 0x30, 0x21, 0x28, 0x7B, 0xB9, 0x5D, 0x08, 0x8C, 0x9F, 0x53, 0x76,
    0x08, 0x1A, 0xE4, 0xDD, 0x03, 0x52, 0xB1, 0xA0, 0x01, 0xC1, 0x92, 0x45, 0x36, 0x04, 0x6B, 0xE6,
    0x44, 0xF6, 0xA1, 0x28, 0xC3, 0x3E, 0x1C, 0xAB, 0x70, 0xCF, 0xA1, 0xCE, 0x58, 0xAB, 0xA1, 0x66,
    0x33, 0xD0, 0x4C, 0x3C, 0x2F, 0xBB, 0xB9, 0x7E, 0x3D, 0xB1, 0xDB, 0xD0, 0x24, 0xF7, 0x2A, 0x6B,
    0x51, 0x21, 0x12, 0x32, 0x4A, 0xC6, 0xA2, 0x0C, 0x32, 0x47, 0x77, 0x0B, 0x16, 0xC6, 0x4B, 0x28,
    0x2C, 0x16, 0xC6, 0x49, 0x28, 0xEA, 0x36, 0xAF, 0x91, 0x70, 0x29, 0x13, 0x45, 0xDB, 0x20, 0xB2,
    0x66, 0xDD, 0xD0, 0x80, 0x1E, 0x58, 0x13, 0x1B, 0xE6, 0x50, 0x05, 0x96, 0x3A, 0x77, 0x9D, 0xA0,
    0x76, 0xD8, 0x97, 0xC1, 0x7C, 0x31, 0xC0, 0x02, 0xEA, 0x1D, 0x65, 0x92, 0x06, 0x08, 0x2B, 0x3E,
    0xE6, 0x2D, 0x5C, 0x15, 0x51, 0xC7, 0x72, 0x30, 0x7D, 0x1D, 0xAC, 0x5B, 0xB0, 0xE6, 0x12, 0xD9,
    0x7D, 0x40, 0x11, 0x8D, 0xD7, 0x51, 0xC4, 0xCD, 0x7A, 0xD3, 0xB7, 0xD4, 0x61, 0x8B, 0xFD, 0xD6,
    0xC4, 0x42, 0x66, 0xEA, 0x8E, 0xFC, 0xA2, 0x60, 0x9F, 0x7B, 0x21, 0xC9, 0x6B, 0xC9, 0xDE, 0xE6,
    0xF4, 0x4F, 0xA7, 0x9C, 0xAF, 0x63, 0x2D, 0x7F, 0xE4, 0x0A, 0xD3, 0xE5, 0x92, 0xDA, 0xE7, 0x9A,
    0x46, 0x8A, 0x1E, 0x82, 0xE0, 0x4B, 0xAC, 0xD9, 0xD1, 0x62, 0x7D, 0x1D, 0x4C, 0xA7, 0x07, 0x35,
    0x70, 0x2D, 0xBB, 0x17, 0xAC, 0x55, 0x64, 0x57, 0x4C, 0xB4, 0x6A, 0x8B, 0xF5, 0x3B, 0x32, 0x31,
    0x4C, 0xD7, 0x78, 0x3D, 0x98, 0x20, 0xFF, 0x25, 0xB8, 0x56, 0x01, 0x90, 0x5C, 0xE5, 0x25, 0xBB,
    0xEC, 0x25, 0xBF, 0x1C, 0xA4, 0x42, 0x14, 0xD6, 0x4B, 0xB5, 0x54, 0x6D, 0x91, 0xBA, 0x16, 0xA9,
    0x6C, 0x90, 0x5A, 0xE3, 0xA5, 0x5A, 0x3B, 0x40, 0x70, 0x1F, 0xA8, 0x3D, 0xB4, 0x3D, 0x6A, 0x1C,
    0x29, 0xFB, 0x05, 0xB5, 0x37, 0xFE, 0x04, 0xDD, 0xA1, 0xA0, 0x76, 0xDC, 0xA0, 0x47, 0x4C, 0x8F,
    0xF5, 0x6C, 0x90, 0x65, 0x1D, 0x26, 0xA0, 0x7B, 0x88, 0x70, 0x8C, 0x02, 0xC9, 0x8D, 0xF0, 0x39,
    0x72, 0xD6, 0x04, 0xEA, 0x20, 0xD9, 0x5B, 0x74, 0x94, 0xCC, 0x05, 0xCC, 0xD8, 0xE3, 0x12, 0xA8,
    0x38, 0xE5, 0x80, 0x13, 0x0C, 0x0B, 0x5E, 0xA1, 0x43, 0xAB, 0x7A, 0xD4, 0xF0, 0x61, 0x19, 0x60,
    0x49, 0x0D, 0x3C, 0xE2, 0x14, 0x28, 0xFD, 0x00, 0xAA, 0xF8, 0x73, 0x00, 0x13, 0x36, 0x4A, 0x5A,
    0x2D, 0x8A, 0x91, 0xCA, 0x27, 0x37, 0x90, 0xDF, 0x52, 0x07, 0x54, 0x12, 0x72, 0x82, 0xE4, 0xBF,
    0xC2, 0x80, 0xEA, 0xE7, 0x3A, 0x50, 0xFA, 0x56, 0x0D, 0xD4, 0xC8, 0x4D, 0x95, 0xA3, 0x47, 0x5C,
    0x02, 0x25, 0x7B, 0x28, 0xC7, 0x19, 0x26, 0xE8, 0x01, 0xF9, 0x5D, 0xB1, 0x98, 0x0E, 0xF9, 0x75,
    0xB9, 0xA1, 0xF1, 0x4C, 0x58, 0x27, 0x0E, 0x46, 0x16, 0xA8, 0xC8, 0x33, 0x8A, 0x81, 0x35, 0xE2,
    0xD0, 0x3D, 0x23, 0xBA, 0x23, 0xA2, 0x03, 0x03, 0x65, 0x50, 0xD9, 0x79, 0xD5, 0x53, 0xBA, 0xEC,
    0x1E, 0xA0, 0x3C, 0x77, 0xB8, 0xEF, 0xD4, 0x15, 0x4D, 0xA8, 0x06, 0x6C, 0x30, 0xD9, 0x39, 0xD3,
    0x71, 0x80, 0x82, 0x94, 0xE1, 0xC4, 0xF9, 0xF3, 0x0C, 0xDA, 0xBF, 0x6E, 0x76, 0xED, 0x16, 0xE0,
    0xAB, 0x00, 0xCF, 0x00, 0x26, 0x90, 0x89, 0x50, 0x76, 0x80, 0xF1, 0x80, 0x05, 0x58, 0x83, 0x70,
    0x42, 0x98, 0x40, 0x15, 0x80, 0x1A, 0x60, 0x0E, 0x30, 0xDE, 0x16, 0x05, 0xC0, 0xB8, 0x7F, 0x5E,
    0x64, 0x02, 0xD0, 0x38, 0xE0, 0x39, 0xC0, 0x92, 0x5B, 0x7C, 0x02, 0x5F, 0x76, 0x94, 0x29, 0xA8,
    0x14, 0x31, 0x69, 0xD0, 0x69, 0xC2, 0x7C, 0x31, 0xEA, 0xD7, 0x89, 0xFF, 0x63, 0x2A, 0x9C, 0x05,
    0xD6, 0x50, 0xDF, 0x7D, 0x8D, 0xB0, 0x00, 0x3D, 0xC8, 0x06, 0x55, 0x47, 0x11, 0xC1, 0x3A, 0x89,
    0xD8, 0x4A, 0x24, 0x47, 0x12, 0x99, 0x20, 0x47, 0xD4, 0xA0, 0x3B, 0xA8, 0x3F, 0xA3, 0x7C, 0x0D,
    0xF5, 0x88, 0x4E, 0x50, 0xC9, 0xD5, 0xE3, 0x6D, 0xF0, 0xC0, 0xA1, 0xAE, 0xA0, 0x09, 0x54, 0x03,
    0x58, 0x8F, 0x91, 0x2F, 0x87, 0xE9, 0x60, 0x06, 0xEA, 0xEE, 0xA7, 0xFC, 0x44, 0xBA, 0x67, 0xCE,
    0x34, 0x3E, 0x53, 0xC6, 0xBA, 0xCC, 0x98, 0x56, 0x08, 0x73, 0x03, 0xAC, 0xD9, 0x8A, 0x67, 0x02,
    0x46, 0x46, 0x21, 0xAB, 0xA2, 0x70, 0x2D, 0xA4, 0xA1, 0x13, 0xBF, 0x45, 0xF7, 0xE8, 0x41, 0xA8,
    0xC9, 0xC5, 0x0E, 0xD4, 0x88, 0x17, 0x96, 0x9E, 0x7A, 0x14, 0x5F, 0xF5, 0xDC, 0xFF, 0x07, 0x82,
    0xF7, 0xE5, 0xB2, 0xCB, 0xB2, 0x1E, 0x9B, 0xBD, 0x93, 0x35, 0x83, 0x03, 0x84, 0x18, 0x08, 0x31,
    0xF5, 0x02, 0x79, 0xE0, 0x09, 0x2C, 0x36, 0x05, 0x5A, 0xEC, 0xCB, 0x9E, 0x1B, 0xBE, 0xA2, 0x07,
    0x26, 0x28, 0xF6, 0x1E, 0x21, 0xD6, 0xAB, 0x28, 0x25, 0x42, 0xA9, 0xF9, 0x3B, 0x62, 0xF1, 0x8E,
    0x98, 0x85, 0x32, 0xB0, 0x44, 0x28, 0x3D, 0x5F, 0x51, 0x3A, 0x5A, 0xB9, 0x75, 0x34, 0x9E, 0x3B,
    0x20, 0xC4, 0xBE, 0x8E, 0x10, 0xDB, 0x20, 0xC4, 0x76, 0x08, 0xB1, 0x2D, 0x1C, 0xC0, 0x19, 0x02,
    0x50, 0x37, 0x8E, 0x0B, 0x93, 0xA2, 0x1A, 0x9A, 0x9F, 0xA7, 0x97, 0xFD, 0x29, 0x3F, 0x4A, 0x7E,
    0x86, 0xFA, 0x6C, 0x2F, 0x66, 0xAE, 0x10, 0x39, 0x2B, 0x7B, 0x2D, 0x82, 0x56, 0xF5, 0x6F, 0x24,
    0xAD, 0xCB, 0xA2, 0x26, 0x1B, 0x6F, 0x64, 0xCD, 0x59, 0x11, 0xB6, 0xE7, 0x88, 0xB4, 0xF9, 0x09,
    0x11, 0x37, 0x15, 0x11, 0x79, 0xA3, 0x67, 0x8F, 0xBF, 0x01, 0x54, 0x93, 0x21, 0x8C, 0xC4, 0x44,
    0x14, 0x86, 0xBF, 0x99, 0xE6, 0xA8, 0xA8, 0x28, 0xE6, 0x08, 0x01, 0x51, 0x0F, 0xE4, 0x06, 0x9F,
    0x6B, 0x67, 0x82, 0x41, 0x60, 0x30, 0x1B, 0x70, 0xA7, 0x51, 0x67, 0x10, 0x88, 0xF6, 0xDA, 0x04,
    0x9F, 0x9C, 0x57, 0x88, 0x53, 0x67, 0xCE, 0x22, 0x1A, 0x5A, 0xAF, 0xEA, 0x70, 0x50, 0x81, 0x67,
    0x12, 0x46, 0xCC, 0x5E, 0x7A, 0x1D, 0xDE, 0x65, 0xF7, 0xC2, 0xB1, 0xC9, 0x9F, 0x6D, 0xDF, 0xBC,
    0xBF, 0xFF, 0xFB, 0xF3, 0xFE, 0x01, 0xC0, 0x04, 0x48, 0x2F, 0x64, 0xA1, 0xA7, 0x98, 0x0D, 0xA5,
    0xAB, 0x30, 0x54, 0x34, 0x18, 0x6A, 0x41, 0x4B, 0x23, 0xE8, 0x18, 0xD9, 0xE8, 0x54, 0xC0, 0x7E,
    0xB3, 0x62, 0xD2, 0x40, 0xF1, 0xC2, 0xBB, 0x5F, 0x39, 0x80, 0x15, 0x24, 0x47, 0xF6, 0x37, 0x94,
    0x37, 0x50, 0x5F, 0x41, 0xAC, 0xC9, 0xD6, 0x5A, 0x4E, 0x5B, 0xEC, 0xE3, 0x3E, 0xD8, 0x94, 0xE6,
    0x8B, 0xC3, 0x11, 0xF0, 0xA0, 0x5E, 0xF1, 0x0B, 0x58, 0xE1, 0xF4, 0x09, 0x7E, 0x7B, 0x84, 0x70,
    0x2A, 0x6B, 0x29, 0xE9, 0x69, 0x85, 0x2C, 0x00, 0xF1, 0x04, 0xD1, 0x26, 0xF3, 0x70, 0x3B, 0xD3,
    0xEF, 0x60, 0xFF, 0x02, 0x00, 0x00, 0x21, 0x80, 0x79, 0x86, 0xFD, 0x44, 0x29, 0x67, 0xA8, 0x7E,
    0x00, 0x9B, 0x66, 0xBA, 0xEF, 0x3C, 0xA3, 0x70, 0x7F, 0x25, 0x10, 0x05, 0xA3, 0xF6, 0xDC, 0x15,
    0xCB, 0xC9, 0xC3, 0x11, 0x00, 0xAA, 0x14, 0x6D, 0xDA, 0xEA, 0x43, 0xFC, 0x49, 0xFB, 0x2F, 0xF3,
    0x99, 0xD2, 0xD1, 0xC0, 0x88, 0xF2, 0x32, 0x3E, 0x85, 0x14, 0x06, 0x0C, 0x34, 0xF0, 0x05, 0xC0,
    0x99, 0x14, 0x61, 0xDF, 0xA5, 0xC1, 0x90, 0xCD, 0x82, 0xA5, 0x91, 0xF1, 0x36, 0x48, 0x2B, 0x4A,
    0x74, 0x8B, 0x9F, 0x3D, 0x86, 0x48, 0xCD, 0x26, 0x88, 0x34, 0x5A, 0xDE, 0xD3, 0x42, 0xBE, 0xF3,
    0xEE, 0x1B, 0x1B, 0x4C, 0x09, 0x15, 0xAB, 0x21, 0x5B, 0x8B, 0x39, 0x5B, 0x72, 0x81, 0xFC, 0xCB,
    0xB3, 0x3E, 0xDE, 0x0E, 0x72, 0x06, 0x17, 0x77, 0xC0, 0x06, 0xF9, 0xC9, 0xFB, 0xE7, 0x3B, 0x98,
    0x15, 0x00, 0x3E, 0x9D, 0x37, 0xCC, 0xEF, 0xB2, 0xBB, 0x3F, 0x3A, 0xF1, 0x5D, 0x93, 0xAF, 0xAD,
    0x4C, 0x3B, 0xCA, 0xB8, 0x81, 0x12, 0x4F, 0xA5, 0xFE, 0x71, 0x57, 0x2A, 0x51, 0xAB, 0x08, 0x00,
    0x1F, 0xDC, 0x43, 0xBF, 0xA1, 0xF6, 0x5D, 0x7A, 0x2D, 0xE5, 0x6C, 0xA8, 0x5C, 0x85, 0x3D, 0xEF,
    0xBB, 0xC3, 0x22, 0xFB, 0x66, 0xA4, 0x15, 0x44, 0xEE, 0xB4, 0xC7, 0x3E, 0x2D, 0x54, 0xC9, 0xA1,
    0x1F, 0x00, 0xE5, 0x64, 0x84, 0x3C, 0x0D, 0xEA, 0xC9, 0x51, 0x81, 0x01, 0x0B, 0x0D, 0x74, 0x30,
    0xC2, 0x08, 0x11, 0x02, 0xC5, 0x8E, 0x2C, 0xF5, 0xF2, 0x20, 0x7A, 0xDF, 0xC2, 0xB4, 0x91, 0xBD,
    0xEA, 0x2D, 0x96, 0xC2, 0x19, 0x14, 0x0D, 0x30, 0x82, 0x0E, 0x20, 0x7B, 0xC0, 0xBA, 0x93, 0xBD,
    0x15, 0x8C, 0x43, 0x2C, 0x6F, 0x82, 0xC8, 0xE5, 0xC1, 0x09, 0xDF, 0x31, 0x05, 0xFD, 0xBC, 0x65,
    0x73, 0xAB, 0x69, 0x21, 0x22, 0x6D, 0xD3, 0xAC, 0x92, 0x47, 0xE8, 0x2A, 0xA0, 0xBD, 0x54, 0x2E,
    0xA7, 0xB9, 0xDF, 0xF9, 0xEC, 0x1E, 0x50, 0x80, 0x19, 0x60, 0x72, 0xA8, 0x04, 0xF9, 0x9F, 0x50,
    0x19, 0x68, 0x1B, 0x94, 0xAF, 0xC9, 0xE7, 0x6B, 0xF1, 0xDB, 0xF2, 0x9A, 0x43, 0x93, 0xD2, 0x00,
    0xE1, 0xBF, 0x2C, 0xE2, 0x00, 0xA0, 0x4F, 0x22, 0x9A, 0x20, 0x9E, 0x8F, 0x02, 0x68, 0x69, 0xE5,
    0xC6, 0x83, 0x88, 0x42, 0x04, 0x02, 0x88, 0x34, 0xC5, 0xCA, 0x47, 0xD3, 0x40, 0xFF, 0x02, 0x9F,
    0x38, 0x80, 0xEF, 0xA1, 0x48, 0xD0, 0x2F, 0xE8, 0xB3, 0xA7, 0xD2, 0x81, 0x49, 0x0E, 0x9B, 0x56,
    0x5A, 0xE1, 0x8C, 0x6F, 0x39, 0x54, 0xF2, 0x9C, 0x79, 0xAC, 0xEC, 0xB4, 0x4A, 0xA0, 0x1E, 0x00,
    0xA4, 0x75, 0x93, 0x28, 0x5E, 0x13, 0x7E, 0xCC, 0xD6, 0x0F, 0x8B, 0x01, 0x03, 0x1D, 0x44, 0x84,
    0x99, 0x2F, 0x94, 0xD2, 0xEB, 0xB0, 0x50, 0xC3, 0xC7, 0xEF, 0xF6, 0x79, 0xEC, 0xC9, 0x96, 0xB7,
    0x1C, 0x76, 0xE8, 0x63, 0x80, 0x34, 0xCB, 0x55, 0x5C, 0x29, 0xBF, 0x0A, 0x34, 0x6C, 0x5C, 0x9F,
    0x73, 0x68, 0xBF, 0xF6, 0xA2, 0x37, 0x9C, 0xF4, 0x94, 0xF0, 0xCD, 0x0E, 0xFB, 0xE4, 0xB4, 0x2F,
    0xFF, 0x9F, 0x41, 0x79, 0x57, 0xE9, 0x7C, 0x37, 0xE9, 0x40, 0x45, 0xC4, 0x2F, 0x4A, 0xFC, 0xDA,
    0x0D, 0xFE, 0x1D, 0x17, 0xD0, 0x5F, 0x00, 0x55, 0xD0, 0x21, 0x8C, 0xD3, 0x70, 0x14, 0x80, 0xF1,
    0x5F, 0x5B, 0xB8, 0x89, 0x89, 0x5E, 0x48, 0x50, 0x0B, 0x99, 0x06, 0x53, 0x9F, 0x70, 0xD7, 0xFA,
    0x84, 0x04, 0x33, 0x04, 0x06, 0x8B, 0xC3, 0x0B, 0x68, 0xBD, 0x3A, 0x8F, 0xC5, 0xDC, 0x99, 0x79,
    0xB1, 0xAD, 0x5E, 0xCD, 0xE0, 0xA7, 0x4F, 0x55, 0x8C, 0x64, 0x77, 0xE9, 0xFA, 0x38, 0xFE, 0x82,
    0xE4, 0x9E, 0xF8, 0xF2, 0x25, 0x2F, 0x2F, 0x79, 0xF9, 0xBC, 0x5E, 0xAD, 0x56, 0xD4, 0x11, 0xC1,
    0x22, 0x31, 0x1B, 0x5D, 0x93, 0x9F, 0x5C, 0x91, 0x1F, 0xBD, 0xA7, 0x18, 0x5C, 0x26, 0x62, 0x76,
    0x80, 0x79, 0x62, 0x19, 0xD1, 0x27, 0x36, 0x94, 0x3D, 0x2C, 0x3B, 0xA8, 0x1A, 0x64, 0xF5, 0x4A,
    0x5A, 0xE2, 0x62, 0x77, 0x0B, 0x5B, 0xB0, 0x01, 0x67, 0xA8, 0xE2, 0x88, 0x36, 0x11, 0x8B, 0x13,
    0xEC, 0x02, 0xC5, 0xE3, 0xAE, 0xA3, 0xEC, 0x97, 0x3D, 0x55, 0x53, 0xF6, 0xD4, 0xCA, 0x86, 0x8D,
    0x17, 0x18, 0x41, 0xE2, 0xAB, 0x53, 0xD6, 0xB0, 0x8B, 0xE8, 0x13, 0x3B, 0x66, 0x03, 0xB2, 0x9F,
    0x7F, 0x3E, 0x53, 0x44, 0x04, 0xF9, 0xFA, 0xFE, 0xF6, 0xF9, 0x6F, 0x6A, 0xF0, 0x9D, 0x4B, 0xF5,
    0x74, 0xB7, 0x3B, 0xA6, 0x00, 0x83, 0xFA, 0xF7, 0x3A, 0xF6, 0xDE, 0x02, 0x17, 0xEB, 0x07, 0x40,
    0x1B, 0x71, 0x00, 0xE2, 0xE1, 0xCB, 0x09, 0xC8, 0x8F, 0xD9, 0x08, 0xA9, 0xCB, 0xF4, 0xDF, 0xB6,
    0x90, 0x2A, 0x6D, 0x0D, 0xA4, 0x52, 0x9B, 0x3C, 0x59, 0xB9, 0x37, 0x16, 0x87, 0x64, 0x7D, 0x7E,
    0x5A, 0x3C, 0x76, 0xF3, 0xF1, 0xC9, 0xE6, 0x43, 0xC4, 0xBE, 0x9D, 0x2C, 0xBB, 0x5D, 0xBF, 0xBE,
    0x6F, 0x8E, 0x6F, 0x54, 0x31, 0x29, 0xFB, 0x6C, 0xA0, 0x8E, 0x1B, 0x65, 0x97, 0x1F, 0xA9, 0x51,
    0x36, 0xCE, 0xB4, 0x58, 0xD2, 0x76, 0xB6, 0xA8, 0x58, 0x0E, 0x36, 0xA8, 0x29, 0x8E, 0x46, 0x5C,
    0x67, 0x9C, 0x92, 0x5D, 0xCD, 0x3E, 0x38, 0xE5, 0x23, 0x7E, 0x7C, 0xAB, 0x9A, 0xA1, 0x8A, 0x81,
    0xFA, 0xBC, 0x8C, 0xFD, 0xEE, 0x9F, 0x55, 0x87, 0xD9, 0xE4, 0xD9, 0x2C, 0x1E, 0x1B, 0xF2, 0x88,
    0x81, 0x65, 0xAC, 0x07, 0xDA, 0x9B, 0x62, 0x90, 0x9D, 0x15, 0x7B, 0x4F, 0x52, 0xF4, 0xCA, 0xBD,
    0xFC, 0x59, 0xC9, 0x59, 0x2A, 0x3C, 0x4F, 0xB4, 0x81, 0x97, 0xD3, 0xEA, 0x2B, 0x55, 0xC4, 0xC8,
    0xBB, 0xB8, 0xFB, 0x85, 0x33, 0xD8, 0x82, 0x16, 0xD4, 0x1D, 0x54, 0x07, 0x73, 0xCA, 0xE9, 0x53,
    0x50, 0xA4, 0x03, 0x6D, 0xEC, 0xE1, 0x23, 0x7F, 0x01, 0x95, 0x53, 0x2D, 0x8C, 0x14, 0x4D, 0x10,
    0x7D, 0x3B, 0xFB, 0x25, 0x73, 0x49, 0xE7, 0xCB, 0x20, 0xB0, 0x64, 0x56, 0x9C, 0xBD, 0x19, 0x04,
    0x92, 0xEC, 0xB4, 0xC7, 0x20, 0x98, 0xB3, 0x9C, 0xBE, 0x84, 0x9C, 0x41, 0xCE, 0x4F, 0xA3, 0xB0,
    0x98, 0xD3, 0x18, 0x04, 0x34, 0x02, 0xBB, 0x62, 0xFF, 0xBC, 0x1A, 0x8F, 0x19, 0x8D, 0xB8, 0x8C,
    0x28, 0xB1, 0x39, 0x36, 0xD7, 0x54, 0x75, 0x4F, 0x16, 0xB8, 0x10, 0xC2, 0xD6, 0xEE, 0x7B, 0x9B,
    0xAD, 0xAE, 0x54, 0xBF, 0xFA, 0x69, 0x3C, 0x00, 0x5B, 0xC5, 0x98, 0x10, 0x53, 0xDC, 0x31, 0xA5,
    0x9A, 0xA9, 0x29, 0xAD, 0xFD, 0xE8, 0xD8, 0xF6, 0x8D, 0xB5, 0x5F, 0x76, 0xDE, 0xA7, 0xE4, 0x34,
    0x92, 0x38, 0x2C, 0x85, 0x4E, 0x85, 0x1E, 0x31, 0x5A, 0x8D, 0x89, 0xEB, 0x10, 0x3B, 0x42, 0xFA,
    0xAA, 0xC6, 0xEA, 0x2C, 0xD5, 0xAF, 0xB3, 0x58, 0x23, 0x03, 0x8E, 0xC2, 0x7C, 0xFC, 0x45, 0x90,
    0x45, 0x42, 0x35, 0x82, 0x24, 0x11, 0x67, 0xED, 0xA7, 0x73, 0xF2, 0xA2, 0x36, 0xDF, 0xAC, 0xFD,
    0x29, 0xD8, 0x88, 0x60, 0x06, 0x76, 0x42, 0x17, 0xBF, 0x27, 0x3B, 0x02, 0x4F, 0xB2, 0x58, 0xC4,
    0x9B, 0xFC, 0xAC, 0x81, 0xBA, 0xD9, 0x21, 0x72, 0x3D, 0xB0, 0xD1, 0xA1, 0xC8, 0x13, 0xFE, 0x48,
    0xD6, 0xCC, 0x97, 0x9F, 0x18, 0x44, 0x03, 0xA6, 0x3D, 0xD4, 0x56, 0xAE, 0xCD, 0xAF, 0xCB, 0x72,
    0x8D, 0xC2, 0xB1, 0xA1, 0xB0, 0xD6, 0xAE, 0x91, 0xB0, 0x7F, 0x8F, 0xE9, 0x20, 0x5F, 0xEC, 0xFD,
    0xDF, 0x39, 0xF2, 0x43, 0x1E, 0x8C, 0xB7, 0x6E, 0x8C, 0xDC, 0xE2, 0x6F, 0x2B, 0xB2, 0x02, 0xCB,
    0x2C, 0x31, 0x8F, 0xB3, 0xE9, 0x5F, 0x55, 0xCE, 0xB2, 0xC8, 0xC7, 0x49, 0x7C, 0x72, 0xC3, 0x77,
    0xB8, 0x01, 0x70, 0x9C, 0xBF, 0x00, 0xF0, 0x1F, 0x83, 0x3B, 0x8F, 0x5C, 0x94, 0x73, 0x05, 0xDF,
    0xD7, 0x50, 0x5F, 0xDF, 0x9B, 0xFC, 0xD9, 0xDB, 0xFE, 0x7F, 0xF5, 0x66, 0x0B, 0x65, 0x70, 0x1F,
    0xE2, 0x97, 0x73, 0x89, 0x8B, 0xDC, 0x1D, 0xD0, 0x12, 0x90, 0x76, 0xFE, 0xAC, 0x75, 0x8E, 0x04,
    0x10, 0x13, 0x07, 0x17, 0xF2, 0x67, 0xF0, 0xD9, 0x8C, 0xB1, 0x54, 0x26, 0x22, 0x65, 0x54, 0xA7,
    0x4C, 0xAA, 0x95, 0x69, 0xCA, 0x97, 0x86, 0x7B, 0x62, 0x78, 0x89, 0x74, 0xAE, 0xC3, 0x0A, 0x45,
    0x34, 0x2E, 0xD0, 0x0C, 0x58, 0x00, 0xD8, 0xDF, 0xC3, 0xEE, 0x57, 0x44, 0x1C, 0xC3, 0xBD, 0x5E,
    0xC4, 0x3D, 0x16, 0x13, 0xE2, 0x78, 0x5E, 0xAF, 0xF2, 0x4A, 0x6F, 0x9C, 0xDB, 0x5E, 0x5A, 0x19,
    0x4D, 0x0D, 0x4C, 0x38, 0x92, 0xCF, 0xC1, 0x71, 0xE0, 0x78, 0x30, 0x0F, 0x81, 0x4E, 0x84, 0x72,
    0xA1, 0x15, 0x53, 0x44, 0x4C, 0x6A, 0xCB, 0x94, 0x5E, 0x97, 0xE7, 0x83, 0x4C, 0x6B, 0xC8, 0x79,
    0x58, 0xEF, 0xD8, 0xE7, 0xC3, 0x83, 0x80, 0xD0, 0xC8, 0xC3, 0x94, 0xC2, 0xF4, 0x51, 0x1F, 0xDE,
    0xC8, 0x2D, 0xEF, 0x5F, 0x3A, 0xBE, 0x0C, 0xFB, 0x21, 0x2C, 0x69, 0x59, 0x96, 0x2F, 0xBC, 0x4F,
    0x09, 0x85, 0x54, 0xAB, 0x30, 0xE3, 0x30, 0x94, 0x30, 0x15, 0xE9, 0x6A, 0x43, 0x9C, 0xA7, 0x46,
    0x4C, 0xAD, 0x4E, 0xA9, 0xED, 0x6A, 0xAA, 0xE9, 0x94, 0xAA, 0x0B, 0x50, 0x85, 0x7F, 0x46, 0xB0,
    0x49, 0x27, 0x14, 0x04, 0xC0, 0xB9, 0xBB, 0x8D, 0x76, 0x6C, 0xDD, 0x25, 0xCB, 0xF2, 0xCE, 0xAA,
    0x64, 0x23, 0xEF, 0x13, 0x32, 0x7E, 0x7D, 0x43, 0xBB, 0x10, 0xF5, 0x4C, 0xD0, 0x38, 0xE6, 0xDA,
    0x87, 0x54, 0x3D, 0xAF, 0xA8, 0xA2, 0x9C, 0xDA, 0x5E, 0x51, 0xCB, 0x83, 0x6E, 0x80, 0xD5, 0x4E,
    0xCA, 0x0A, 0xE5, 0x05, 0x4B, 0xF0, 0xD4, 0xF7, 0xB0, 0xF0, 0x33, 0xE4, 0xDE, 0x4E, 0x6F, 0xED,
    0xE7, 0x01, 0x89, 0x74, 0x06, 0xB9, 0x7F, 0x1C, 0x95, 0x84, 0xE9, 0x39, 0xCB, 0xBB, 0x1A, 0xFD,
    0x53, 0xE6, 0x21, 0xC4, 0x87, 0x87, 0x12, 0xF2, 0x8C, 0xF6, 0x03, 0xCD, 0x98, 0x01, 0xA4, 0x25,
    0xE7, 0xD9, 0xC7, 0x7F, 0x33, 0xB3, 0x37, 0x13, 0xDF, 0xE0, 0x0D, 0xF6, 0x7E, 0xF9, 0x7C, 0x1F,
    0x99, 0x0F, 0x45, 0x52, 0x9A, 0x01, 0xA0, 0xF6, 0x9E, 0x79, 0x9B, 0x68, 0x01, 0x2C, 0x72, 0x52,
    0x04, 0x09, 0x5A, 0x28, 0x2C, 0xC0, 0xE2, 0xDE, 0x33, 0x43, 0x01, 0x85, 0x45, 0xA3, 0x08, 0x1A,
    0x6C, 0xB5, 0x3D, 0x8B, 0x0B, 0xA0, 0x75, 0xEF, 0x99, 0xD1, 0x00, 0x0A, 0xA3, 0x05, 0x04, 0x26,
    0x24, 0x41, 0x60, 0x47, 0x0C, 0x99, 0xDD, 0xCC, 0x39, 0x6F, 0xDF, 0xE7, 0x99, 0xDC, 0x3B, 0xE7,
    0xDE, 0xCD, 0x26, 0x9A, 0x4A, 0x9B, 0xC7, 0x3B, 0xFF, 0x19, 0xF7, 0x7D, 0x9E, 0xE7, 0xFD, 0x3D,
    0xCF, 0xCC, 0x99, 0x7D, 0x67, 0xF3, 0x12, 0xA2, 0x2E, 0xAB, 0x21, 0x69, 0xD3, 0x06, 0x4C, 0x6D,
    0x3A, 0x48, 0xEB, 0xC4, 0x6B, 0x66, 0xA3, 0x01, 0x72, 0xC2, 0x11, 0x56, 0x04, 0xBB, 0xF5, 0x7A,
    0x04, 0xE7, 0xDC, 0x00, 0xD5, 0x27, 0x0F, 0x7A, 0xC8, 0x6D, 0xD4, 0x79, 0xAD, 0xE3, 0x46, 0x42,
    0x4C, 0x0D, 0xA6, 0x35, 0x25, 0x24, 0x5D, 0x06, 0x44, 0x7D, 0x2E, 0x3A, 0x9C, 0x00, 0xC1, 0x78,
    0x06, 0xB0, 0x1D, 0x44, 0xAB, 0x4E, 0xB4, 0x68, 0x45, 0xF3, 0x06, 0x64, 0x25, 0xD1, 0x1B, 0x22,
    0xC1, 0x6B, 0x40, 0xE6, 0x4A, 0x59, 0xA9, 0x23, 0x68, 0xE3, 0x41, 0xC3, 0x35, 0x5A, 0x64, 0xA5,
    0xB1, 0x1A, 0x0A, 0xE1, 0xA6, 0x10, 0x67, 0x07, 0xEE, 0xA7, 0xCE, 0x2F, 0x48, 0x45, 0xD2, 0x90,
    0xE3, 0x51, 0x56, 0x92, 0xF4, 0x44, 0x9C, 0xCE, 0x45, 0x46, 0x89, 0x19, 0x58, 0x11, 0xF6, 0x5E,
    0x3C, 0x76, 0x41, 0x52, 0x93, 0x93, 0x96, 0x1E, 0x61, 0x03, 0x46, 0xAA, 0x8A, 0x9C, 0xD0, 0xDC,
    0x04, 0x0A, 0xBF, 0xB8, 0x3F, 0x86, 0x62, 0xF7, 0x60, 0x84, 0xF0, 0xA9, 0x47, 0xEE, 0x3E, 0xF7,
    0x87, 0x1B, 0x7F, 0xB8, 0xFE, 0x6A, 0xBF, 0x3F, 0xAF, 0x7F, 0x3F, 0x4A, 0xE7, 0x9C, 0x14, 0xB5,
    0x67, 0xFF, 0xA5, 0x6B, 0xDD, 0xF3, 0xA8, 0x89, 0xCF, 0xB2, 0x82, 0xFC, 0xF1, 0x1B, 0x42, 0xE2,
    0x3C, 0x56, 0x47, 0xB8, 0x85, 0xB4, 0x93, 0xBA, 0x28, 0x06, 0x92, 0x16, 0xB6, 0xA3, 0xD4, 0x16,
    0x75, 0x5B, 0xD2, 0xDA, 0x5F, 0x6D, 0xC8, 0xBC, 0xE3, 0x54, 0xEB, 0xA8, 0xA7, 0xA8, 0xF3, 0xA7,
    0xDC, 0x7E, 0xD1, 0x80, 0xDC, 0x22, 0x2E, 0x5B, 0xF0, 0x01, 0x7F, 0xE9, 0xC1, 0x87, 0xFF, 0xB5,
    0x11, 0xA6, 0xC4, 0x59, 0xC9, 0x1B, 0xED, 0xC0, 0x74, 0x84, 0x3B, 0x28, 0x6A, 0x62, 0xF7, 0xE1,
    0xF3, 0x0E, 0xD2, 0xDF, 0x7A, 0x16, 0x58, 0x85, 0xCE, 0xDD, 0x83, 0x17, 0x39, 0x78, 0x8D, 0xEB,
    0x96, 0x89, 0x54, 0x16, 0x25, 0x25, 0x74, 0x35, 0x44, 0x0F, 0x1B, 0x88, 0xDF, 0xEF, 0xC0, 0xBC,
    0x27, 0xF2, 0xEA, 0x00, 0x99, 0x54, 0xBF, 0xC0, 0xCB, 0x09, 0xBB, 0xCB, 0x9B, 0x90, 0xDB, 0xB0,
    0x23, 0x2F, 0x3D, 0x6A, 0x2A, 0x8F, 0x8E, 0x69, 0x3C, 0xAD, 0xE9, 0xD2, 0x92, 0xB8, 0xCB, 0x3C,
    0xD5, 0x90, 0x4B, 0xC7, 0xAA, 0xB7, 0x97, 0x6F, 0x8C, 0xCE, 0xDB, 0x4E, 0x25, 0x17, 0xA5, 0x10,
    0xB5, 0xC5, 0x27, 0xBF, 0x5B, 0x57, 0xE4, 0x35, 0x14, 0x64, 0x5E, 0xCF, 0x31, 0xAD, 0x24, 0x4F,
    0x3A, 0x82, 0x81, 0xB8, 0x27, 0xEA, 0x7C, 0x16, 0xA2, 0x56, 0x0B, 0x6D, 0x60, 0x2B, 0x4D, 0xC3,
    0x91, 0x5A, 0x0D, 0x01, 0xF2, 0x72, 0x01, 0x3E, 0xF8, 0x0C, 0x30, 0xCD, 0x28, 0xFA, 0x41, 0x0F,
    0xC4, 0x9F, 0x76, 0x40, 0xF4, 0x59, 0x0B, 0x53, 0x55, 0x04, 0x52, 0x20, 0x38, 0x2B, 0x7A, 0x2E,
    0xC2, 0x73, 0xAA, 0x77, 0x9C, 0x9F, 0x49, 0x3D, 0x4F, 0x4D, 0xE5, 0xB5, 0x94, 0x56, 0x42, 0xD2,
    0x8B, 0xA6, 0x35, 0xBA, 0x88, 0xAA, 0x08, 0x2B, 0xD5, 0x8D, 0x6A, 0xB5, 0x5E, 0x9F, 0xBA, 0xD2,
    0x89, 0x95, 0x95, 0xC6, 0x9E, 0xEF, 0xF9, 0xE4, 0x93, 0xDA, 0x39, 0x4F, 0xD2, 0x89, 0x4E, 0xF9,
    0x71, 0x8F, 0xD7, 0xEB, 0x8B, 0x75, 0x83, 0x4A, 0xF4, 0xC2, 0xC2, 0xC9, 0xAD, 0xFD, 0x72, 0x36,
    0x63, 0x85, 0x2D, 0xD3, 0x9C, 0xB9, 0xB2, 0x1D, 0x79, 0x85, 0x33, 0x5D, 0x77, 0x54, 0xB6, 0x41,
    0xD8, 0x1E, 0xEC, 0xAE, 0xB3, 0xC5, 0xB5, 0xF8, 0x18, 0xAF, 0x39, 0xA6, 0x14, 0xB6, 0x54, 0xD9,
    0x72, 0xC0, 0x74, 0x0B, 0x65, 0xD3, 0x0A, 0xDC, 0x6E, 0x66, 0x0B, 0x55, 0xF7, 0x98, 0x88, 0x1B,
    0x51, 0x0E, 0x97, 0x4B, 0x4B, 0x26, 0xB3, 0x81, 0x13, 0x4D, 0x76, 0xCB, 0xE5, 0x92, 0xB4, 0x9D,
    0x3B, 0x56, 0xEC, 0xF7, 0x4A, 0x7C, 0x50, 0x1E, 0xE9, 0xDB, 0x7A, 0xC3, 0x86, 0xD9, 0x67, 0xF2,
    0x9F, 0x62, 0x35, 0x8F, 0x9D, 0x72, 0x92, 0xAA, 0x72, 0xE0, 0x33, 0x57, 0x6E, 0x67, 0x91, 0x0C,
    0xDB, 0x29, 0x9B, 0x86, 0x64, 0x9D, 0x12, 0x0D, 0xA2, 0x6C, 0x55, 0xAB, 0xBD, 0xEE, 0x67, 0x56,
    0xB5, 0xAC, 0x7C, 0x41, 0x55, 0xA9, 0x0C, 0xB5, 0x68, 0x35, 0x05, 0x4F, 0x6A, 0x67, 0xFF, 0x62,
    0xCE, 0x13, 0x0D, 0x4C, 0xF9, 0xD7, 0xEB, 0x07, 0xAE, 0x9E, 0xD6, 0x15, 0xBD, 0x07, 0x30, 0x37,
    0x43, 0x1B, 0xF3, 0x65, 0x6C, 0xC7, 0xCA, 0xB6, 0x50, 0xB6, 0x5C, 0x73, 0xA6, 0xCA, 0x66, 0x4A,
    0x72, 0xAF, 0xB5, 0xAC, 0x9B, 0xD4, 0xC2, 0xF6, 0xF0, 0xF1, 0x13, 0x6C, 0x3D, 0xA9, 0xD7, 0x51,
    0xD9, 0xCE, 0x94, 0xED, 0x48, 0xD9, 0x72, 0x65, 0xCB, 0xA2, 0x11, 0x48, 0x4F, 0x85, 0xED, 0x74,
    0x9F, 0xAD, 0xBD, 0xCE, 0x15, 0xF4, 0x20, 0x77, 0x45, 0x67, 0x77, 0xAA, 0xAE, 0x91, 0x3B, 0x77,
    0x67, 0x50, 0xA7, 0x2B, 0x1D, 0xFB, 0xA2, 0x57, 0xB9, 0x38, 0x4D, 0x5A, 0x67, 0xFE, 0x4E, 0xED,
    0xF5, 0x4A, 0x7D, 0xD4, 0x5F, 0x63, 0x97, 0x9A, 0x67, 0xCA, 0xA9, 0x0C, 0x3E, 0xF3, 0x6B, 0x40,
    0xE1, 0xC4, 0x6C, 0xA5, 0x27, 0x9E, 0x77, 0x3E, 0x87, 0xFE, 0x84, 0x31, 0xCD, 0x77, 0xF5, 0x94,
    0x36, 0x64, 0xAE, 0x0D, 0xE4, 0xE1, 0x74, 0x5D, 0xE4, 0xE1, 0x99, 0xCC, 0x38, 0xE7, 0xC6, 0x54,
    0xC5, 0xFF, 0x5E, 0xC7, 0x64, 0x80, 0xB3, 0x68, 0x0B, 0xC7, 0x38, 0xB8, 0x45, 0x51, 0xF3, 0x3F,
    0x64, 0xAD, 0x38, 0xF6, 0x80, 0xDE, 0x97, 0x60, 0x77, 0xF9, 0x4E, 0xCD, 0x6B, 0x20, 0x15, 0xD1,
    0x07, 0xBC, 0x92, 0xD9, 0x51, 0xFC, 0xC4, 0xD9, 0x48, 0x58, 0x26, 0x93, 0x05, 0xDC, 0x60, 0x0B,
    0x2F, 0x44, 0x03, 0x2C, 0x92, 0xCE, 0x8B, 0x04, 0x9D, 0xE7, 0xB2, 0xAE, 0x4A, 0xE6, 0x65, 0xD0,
    0x57, 0x96, 0xBF, 0x77, 0xB7, 0x7D, 0x63, 0x3B, 0x39, 0x80, 0xB0, 0xBD, 0xF8, 0x41, 0x9A, 0x52,
    0xD2, 0x01, 0x2C, 0x44, 0xCE, 0x80, 0x40, 0x99, 0xC4, 0x2D, 0xA9, 0xAF, 0x78, 0x9C, 0x88, 0x8C,
    0x17, 0x4F, 0x49, 0xD4, 0x5E, 0x78, 0xA4, 0x0A, 0x0D, 0x70, 0x2C, 0x32, 0xA8, 0xC7, 0xE5, 0x02,
    0xEA, 0x71, 0xB9, 0xC0, 0x4D, 0x91, 0xBB, 0xC0, 0xD1, 0xF4, 0x17, 0xCD, 0x6C, 0xEC, 0xE4, 0x17,
    0xD7, 0x9A, 0x56, 0xA3, 0x95, 0x62, 0x50, 0x24, 0x75, 0xD6, 0x05, 0x52, 0xE5, 0x91, 0x65, 0x25,
    0xFB, 0xEC, 0x8C, 0x3A, 0x2B, 0x80, 0x3A, 0x6B, 0xD6, 0x03, 0x48, 0x24, 0xF1, 0x74, 0xFC, 0xBF,
    0xB1, 0xB7, 0x57, 0xC9, 0xAB, 0x5D, 0xFE, 0xFE, 0x9D, 0x36, 0x76, 0xBB, 0x69, 0x03, 0x52, 0xF5,
    0x24, 0xCE, 0xD9, 0xE2, 0x57, 0x6F, 0x76, 0x47, 0xE6, 0x95, 0xF6, 0x39, 0x33, 0xFB, 0x4B, 0x38,
    0x10, 0xB8, 0x26, 0x71, 0x7D, 0x6A, 0xC7, 0x05, 0x47, 0x47, 0x2C, 0xFC, 0xF0, 0x17, 0x99, 0x1D,
    0x8D, 0xEB, 0x43, 0x57, 0xC2, 0xF4, 0x26, 0x6C, 0xF3, 0x36, 0xAB, 0x51, 0xFB, 0x5F, 0xAE, 0xBF,
    0xF5, 0xCF, 0x55, 0xC7, 0x59, 0xB5, 0x34, 0xA2, 0x6E, 0xD6, 0xB8, 0xE5, 0xA2, 0x99, 0x18, 0xD5,
    0xB4, 0xC4, 0x0D, 0x64, 0x16, 0x37, 0x92, 0xC3, 0x7A, 0xD4, 0x66, 0x6D, 0xF5, 0x1E, 0x6C, 0x34,
    0x4D, 0xA1, 0x05, 0xE7, 0x9A, 0x2C, 0x7B, 0xA5, 0x93, 0x98, 0x5F, 0x8A, 0x9A, 0xF7, 0x1A, 0xD1,
    0xF7, 0x6B, 0xC9, 0xFB, 0x50, 0x34, 0x72, 0xA5, 0x2A, 0x40, 0xA8, 0xCA, 0x4E, 0x75, 0xAB, 0x7A,
    0x57, 0x95, 0x20, 0xF8, 0x13, 0x99, 0x71, 0xE5, 0x26, 0x7B, 0xE7, 0x83, 0xFE, 0x28, 0xF8, 0xBC,
    0x3E, 0xA6, 0xB0, 0x67, 0x2C, 0xF4, 0x4D, 0x72, 0xC2, 0xE7, 0x75, 0xFE, 0xCE, 0xDF, 0xFA, 0xD4,
    0xD9, 0x5D, 0x38, 0xF0, 0x32, 0x80, 0xF7, 0x4F, 0x5A, 0x12, 0x57, 0x16, 0x23, 0x3E, 0xE6, 0xD1,
    0x8E, 0x85, 0x8F, 0xCA, 0xB8, 0x45, 0x45, 0xCA, 0x31, 0x0B, 0x0C, 0x92, 0x23, 0x45, 0xB2, 0x65,
    0xE4, 0xEF, 0xFC, 0xFD, 0xD1, 0x39, 0xC6, 0xD9, 0x6A, 0xC0, 0xE7, 0xF8, 0xBF, 0x66, 0xEA, 0xCC,
    0x7F, 0x40, 0xF5, 0x15, 0x73, 0x45, 0xC5, 0x9E, 0x55, 0xCD, 0x55, 0xA7, 0x5E, 0x8D, 0xA2, 0x71,
    0x2F, 0x6A, 0x5A, 0x9D, 0xAC, 0x35, 0x5C, 0x24, 0xD8, 0x7B, 0xDD, 0x9B, 0x4E, 0x34, 0xD3, 0xC9,
    0xC2, 0x5E, 0xFE, 0x98, 0xA3, 0x71, 0x6F, 0xB2, 0xB9, 0x9C, 0x64, 0x6F, 0x32, 0x91, 0xD5, 0x87,
    0x54, 0x35, 0x57, 0x7D, 0x69, 0xF1, 0x35, 0x76, 0xF8, 0x52, 0x78, 0x2F, 0x8F, 0xDB, 0x6F, 0x75,
    0x1C, 0x06, 0xB7, 0x21, 0x47, 0x91, 0x4B, 0xD1, 0xAA, 0x16, 0x75, 0x0D, 0x10, 0x7C, 0xD6, 0x09,
    0xFE, 0xA7, 0xAA, 0x1F, 0x0C, 0xFA, 0xDC, 0x8E, 0xFA, 0xDC, 0x9E, 0x03, 0xE9, 0xB4, 0xB3, 0xD2,
    0xE0, 0x9C, 0xCC, 0xEA, 0xF6, 0xAC, 0x86, 0x51, 0x54, 0xB6, 0x67, 0x2D, 0xE1, 0xB4, 0x43, 0xEB,
    0xE4, 0x22, 0x6E, 0x09, 0x86, 0xD9, 0x81, 0x8D, 0x86, 0xE4, 0x53, 0xB8, 0x5D, 0x69, 0xC2, 0x49,
    0x73, 0xF0, 0x73, 0xD3, 0x6C, 0x7A, 0xB9, 0x23, 0x19, 0x25, 0x83, 0xD7, 0x29, 0x5B, 0xA8, 0x69,
    0xA7, 0x55, 0x98, 0xF6, 0x7E, 0xD3, 0xEA, 0x0B, 0xD2, 0xCB, 0xB4, 0xA9, 0x5D, 0x4C, 0xB4, 0x97,
    0xE4, 0xB1, 0x56, 0xA1, 0x15, 0x69, 0x75, 0x5A, 0xE9, 0x5C, 0x75, 0x31, 0xFF, 0x1B, 0x16, 0x2C,
    0x81, 0xC2, 0xF9, 0x95, 0x9C, 0xDB, 0x61, 0x76, 0xAF, 0xBB, 0x3A, 0x6D, 0x48, 0x1B, 0x3F, 0x19,
    0x77, 0x05, 0x44, 0xDD, 0x0A, 0x0F, 0x72, 0x8E, 0x87, 0xF8, 0x0E, 0x8B, 0x42, 0x0A, 0x6E, 0xAF,
    0xE0, 0x59, 0x8D, 0x69, 0xCD, 0xA3, 0x1F, 0x57, 0x75, 0xE4, 0x9C, 0x9B, 0x0A, 0x24, 0xF8, 0x39,
    0x78, 0xFD, 0x23, 0x60, 0x5C, 0x0D, 0xB9, 0x6B, 0x61, 0x15, 0x37, 0xB0, 0x0D, 0x2C, 0x8C, 0x32,
    0xF9, 0x6F, 0x95, 0x70, 0x80, 0x67, 0xA3, 0x1E, 0xF2, 0xB8, 0x13, 0x9C, 0x06, 0x52, 0x67, 0x21,
    0xB8, 0x8F, 0xD8, 0x01, 0xF3, 0xBD, 0x12, 0x5E, 0xA8, 0xF4, 0x7A, 0xC1, 0x37, 0xB5, 0xB4, 0x84,
    0x15, 0x79, 0x0D, 0xCE, 0x16, 0x8D, 0xA8, 0x5E, 0xEB, 0x4A, 0x37, 0x27, 0x9D, 0x66, 0x99, 0x66,
    0x0B, 0xF5, 0xCC, 0x2C, 0x9C, 0xF0, 0x4D, 0x2D, 0x53, 0xAD, 0xEA, 0xBD, 0x2A, 0x2C, 0xBA, 0x12,
    0x70, 0x3F, 0x1A, 0xE3, 0x31, 0xEE, 0xC3, 0x7B, 0x4F, 0x44, 0x95, 0x45, 0x5D, 0x94, 0x05, 0x7C,
    0x35, 0xD5, 0xB7, 0xD2, 0x07, 0xB5, 0x60, 0x63, 0x79, 0xCB, 0xB8, 0x3E, 0xE8, 0xB2, 0xDF, 0xB8,
    0xD3, 0xF6, 0x16, 0x77, 0x5C, 0x79, 0x93, 0xE0, 0x0F, 0xA8, 0x85, 0x3B, 0xCB, 0xBB, 0xC6, 0x0D,
    0x41, 0x97, 0xFF, 0xC4, 0x3D, 0x6C, 0x6E, 0x91, 0x39, 0xEB, 0x67, 0x7F, 0xC6, 0x35, 0x93, 0x17,
    0x60, 0xA7, 0x72, 0xB8, 0xF4, 0xFB, 0x95, 0xA7, 0xCE, 0x02, 0x7A, 0xDB, 0x6F, 0x24, 0xCE, 0xBE,
    0x9C, 0xB9, 0x7E, 0x95, 0xC7, 0x6E, 0xBC, 0x45, 0xD5, 0xDF, 0xE0, 0xC0, 0x86, 0x03, 0xCF, 0x1A,
    0x57, 0x2E, 0x72, 0xF7, 0x68, 0xB3, 0x08, 0xE5, 0xEF, 0x45, 0x0B, 0x01, 0x6A, 0x8B, 0xDB, 0xFC,
    0xF7, 0x94, 0x23, 0xF1, 0x52, 0x12, 0x2C, 0xD9, 0xB7, 0x5F, 0xAC, 0xEF, 0xEB, 0xA7, 0x49, 0x9B,
    0xFB, 0xBD, 0x75, 0xF7, 0x3D, 0xE0, 0xAD, 0xF9, 0x3B, 0x3D, 0xE5, 0x70, 0xB9, 0x9A, 0x37, 0x51,
    0x51, 0x03, 0x49, 0x09, 0x29, 0x1C, 0xAE, 0xA6, 0xCD, 0x55, 0xE1, 0x0F, 0xF9, 0x73, 0x5C, 0x42,
    0x08, 0x7C, 0xDF, 0x6F, 0x83, 0xDF, 0xD5, 0xD5, 0xF4, 0xEA, 0x9B, 0x57, 0xAB, 0x66, 0xA7, 0x2D,
    0x4F, 0xD1, 0x11, 0xBB, 0x92, 0xA2, 0xF7, 0x27, 0x2B, 0x27, 0x2A, 0x8B, 0xD6, 0x98, 0xEC, 0x80,
    0x6A, 0xFF, 0xC2, 0x74, 0x10, 0x34, 0x4C, 0xC6, 0xB5, 0x3D, 0x20, 0x47, 0xA0, 0xCF, 0x48, 0xBA,
    0x85, 0xC0, 0xD5, 0x90, 0x0D, 0xA0, 0x9B, 0x9A, 0xAC, 0x83, 0xB4, 0xD3, 0x6F, 0xDF, 0x74, 0xD0,
    0x3F, 0xC9, 0x54, 0x5E, 0xC2, 0x8B, 0xC0, 0xD3, 0xF2, 0xA9, 0x85, 0xAD, 0x0C, 0x9F, 0xC1, 0x0F,
    0x89, 0x9C, 0x82, 0x65, 0x84, 0xCE, 0xFA, 0x41, 0xD6, 0xCB, 0xA0, 0x28, 0x65, 0x90, 0xF7, 0x32,
    0xA4, 0x14, 0x3F, 0xA0, 0xE8, 0x65, 0x48, 0x01, 0x89, 0x9B, 0x6A, 0xD0, 0x7A, 0x3A, 0x19, 0xF0,
    0xAE, 0x8E, 0x7D, 0x7B, 0x59, 0x07, 0x79, 0x2B, 0x43, 0xC3, 0x76, 0x73, 0x58, 0xBC, 0x93, 0xA1,
    0xBD, 0xD1, 0xF6, 0xF4, 0x32, 0x28, 0x3A, 0x19, 0xD3, 0x82, 0xBA, 0x9E, 0x36, 0x32, 0x12, 0xB2,
    0xE1, 0xA2, 0x4C, 0xAD, 0x54, 0xC6, 0x35, 0x73, 0xCE, 0x3D, 0x52, 0x75, 0x8D, 0x7C, 0xC5, 0x9C,
    0xF6, 0x4F, 0xFD, 0x1A, 0x12, 0x4D, 0x27, 0xAD, 0x55, 0x9F, 0xFA, 0x35, 0x74, 0x78, 0xF5, 0x6B,
    0x68, 0x87, 0x64, 0x56, 0x0F, 0x02, 0x3D, 0x45, 0xCD, 0xF5, 0xBD, 0xA1, 0xB9, 0xFC, 0x00, 0x4D,
    0xE7, 0xEF, 0xE8, 0x78, 0xF7, 0xF6, 0x66, 0x69, 0xD3, 0x96, 0x51, 0x4B, 0x18, 0xA0, 0xD0, 0x8D,
    0xE6, 0x46, 0x37, 0xC8, 0xE7, 0xBA, 0x55, 0xDE, 0xEA, 0x13, 0x74, 0xAE, 0xC9, 0x36, 0x9A, 0xA6,
    0x20, 0xB5, 0xE2, 0x9F, 0x09, 0x63, 0xBB, 0x40, 0x9A, 0xB8, 0x59, 0x2E, 0x09, 0x35, 0x27, 0x99,
    0x6A, 0xF0, 0x48, 0x88, 0xC2, 0x79, 0xBF, 0x3A, 0x33, 0x89, 0x96, 0xA8, 0xDD, 0x56, 0xED, 0x81,
    0xAB, 0xAE, 0xED, 0xE4, 0x7A, 0xBD, 0x7B, 0x77, 0xB4, 0x7B, 0x79, 0xB4, 0x05, 0x16, 0xDA, 0x8D,
    0x63, 0xED, 0xCC, 0xA8, 0x5D, 0x1A, 0x48, 0x4B, 0xC1, 0x4F, 0x6B, 0x49, 0x96, 0x96, 0x92, 0x26,
    0x2B, 0x05, 0x3F, 0xB7, 0x92, 0x4C, 0xBF, 0x88, 0xA5, 0x7B, 0x6F, 0xBE, 0x7D, 0xBD, 0x7B, 0x1B,
    0xED, 0xDE, 0xD9, 0xF5, 0xED, 0x76, 0xD8, 0xA9, 0x2A, 0x0D, 0xCF, 0xE8, 0xAF, 0xBF, 0xF2, 0x5A,
    0x47, 0x4E, 0xAE, 0x8D, 0xFA, 0x64, 0xF5, 0x7C, 0x7F, 0x8A, 0xBD, 0xFD, 0xE2, 0x76, 0xD6, 0xAB,
    0xFF, 0xFF, 0x60, 0xE7, 0x28, 0x33, 0x88, 0x4E, 0xD9, 0x28, 0xB4, 0x6F, 0xCF, 0x3C, 0x90, 0xEB,
    0xD9, 0xF4, 0x85, 0xB0, 0xFE, 0xE2, 0x1B, 0x79, 0x52, 0x8F, 0xF0, 0x21, 0xB8, 0x4B, 0x1C, 0x85,
    0x8C, 0x15, 0x9B, 0xDD, 0x93, 0x2B, 0x7D, 0xE5, 0x13, 0x55, 0xCC, 0x51, 0xC9, 0x38, 0x65, 0xD3,
    0xCC, 0xD6, 0x5F, 0x3F, 0xBE, 0xCF, 0x15, 0x5B, 0x8B, 0xE1, 0xC4, 0x26, 0xE5, 0xC2, 0x82, 0xCA,
    0xDD, 0x9B, 0x36, 0xA6, 0x83, 0xE4, 0xFC, 0x51, 0x53, 0x58, 0x82, 0x3E, 0x68, 0x92, 0x86, 0xA8,
    0x09, 0x9A, 0xA0, 0xC3, 0xD8, 0xA0, 0xE1, 0x8C, 0x14, 0x7F, 0x3A, 0xE2, 0x07, 0x72, 0x7A, 0x81,
    0x5B, 0x72, 0x32, 0x17, 0xA7, 0x93, 0xE5, 0xEB, 0x1F, 0x2D, 0xDF, 0xB4, 0x85, 0xA6, 0xB6, 0xAB,
    0xF5, 0x83, 0xC7, 0xEB, 0x53, 0x7B, 0xD5, 0xE5, 0x48, 0x4E, 0xA9, 0x8F, 0xD4, 0x2C, 0x9A, 0xF3,
    0x98, 0xB8, 0xF6, 0x27, 0xD9, 0xC7, 0x05, 0x4D, 0xD4, 0xC2, 0x26, 0x68, 0xA4, 0xC0, 0xF4, 0xE3,
    0x8F, 0xB7, 0x20, 0xCF, 0x64, 0x0B, 0x70, 0xF0, 0x6B, 0x78, 0x02, 0x77, 0x77, 0xAA, 0xB8, 0x16,
    0xC1, 0x1D, 0x40, 0x71, 0x41, 0x70, 0x4B, 0x50, 0x5C, 0x50, 0x5C, 0x50, 0x5C, 0x50, 0x16, 0x50,
    0x5C, 0x6F, 0x7B, 0xB8, 0xDE, 0x04, 0x77, 0xDF, 0xE5, 0x08, 0x50, 0x5C, 0xF0, 0x39, 0x8C, 0x05,
    0xC5, 0x05, 0xC5, 0x05, 0xC5, 0x05, 0xC5, 0xFD, 0xE8, 0xF5, 0x7F, 0x0E, 0xB7, 0x9F, 0x70, 0x07,
    0x30, 0x1E, 0x77, 0x03, 0xB9, 0xC7, 0xF5, 0xD8, 0xA3, 0xC7, 0x8D, 0xDA, 0xA8, 0x13, 0xDC, 0xC1,
    0xD4, 0xC2, 0xB2, 0xC8, 0x31, 0xDC, 0xC5, 0x8C, 0x24, 0xF6, 0x2E, 0x71, 0xA7, 0x27, 0x33, 0x90,
    0x78, 0xDC, 0x7C, 0xA5, 0xB8, 0xA3, 0x29, 0x3D, 0x6E, 0xD4, 0x45, 0xAD, 0xC7, 0x35, 0x35, 0x83,
    0xC7, 0x2D, 0x60, 0xE1, 0x71, 0x47, 0x30, 0x1E, 0xB7, 0x87, 0xF8, 0x5F, 0xC7, 0x6D, 0x20, 0xE9,
    0xB4, 0x13, 0xD9, 0xD4, 0xDD, 0x33, 0xED, 0x6E, 0xA8, 0xB8, 0x24, 0x8A, 0x4B, 0xA6, 0xB8, 0x9C,
    0x29, 0x67, 0xA8, 0xB8, 0x7E, 0x4A, 0x71, 0x33, 0x14, 0xF7, 0x4C, 0xBB, 0x1B, 0x76, 0xDA, 0xDD,
    0xA4, 0xD6, 0xEE, 0xDE, 0x01, 0x26, 0x5C, 0x14, 0xF7, 0xEB, 0xBB, 0x3B, 0x7E, 0xEB, 0xE2, 0xBC,
    0x8D, 0xB3, 0xCC, 0x9F, 0xFD, 0x07, 0x30, 0x59, 0x66, 0x19, 0x3D, 0x6D, 0x55, 0x87, 0x8E, 0x64,
    0x94, 0x37, 0x0B, 0x66, 0x2C, 0x6C, 0xB0, 0x25, 0xEE, 0x6F, 0xC0, 0x73, 0x60, 0xFF, 0x01, 0xAD,
    0x94, 0x21, 0x6C, 0x1B, 0x3F, 0x18, 0xC5, 0x9F, 0xE3, 0xA8, 0x91, 0xFE, 0x07, 0x2E, 0xE0, 0xCF,
    0x0A, 0x6E, 0x9C, 0x84, 0x8C, 0xAE, 0x77, 0x6C, 0xB4, 0x60, 0x2D, 0x19, 0x28, 0x47, 0xE5, 0x52,
    0x97, 0x84, 0xA3, 0x8D, 0xD3, 0x71, 0x0E, 0x7A, 0x3D, 0x77, 0x03, 0xA3, 0x47, 0x8A, 0x77, 0x64,
    0x60, 0x68, 0xA9, 0x74, 0xA0, 0xD1, 0x9C, 0xF3, 0xF2, 0xF4, 0x6C, 0x4B, 0x9B, 0x54, 0x32, 0xCD,
    0xE4, 0x7D, 0x52, 0xE2, 0xFB, 0xBE, 0xF7, 0xB3, 0x9F, 0xA1, 0x35, 0x07, 0x57, 0xB1, 0x9F, 0x05,
    0xC7, 0xA2, 0x0B, 0x5F, 0xC3, 0x00, 0xC0, 0xEE, 0xAF, 0xC3, 0x6B, 0x16, 0xA5, 0x9B, 0x1D, 0xD0,
    0x00, 0xA8, 0x1A, 0x78, 0x70, 0xD5, 0x30, 0x4F, 0x54, 0xAC, 0x31, 0x1B, 0xA9, 0x68, 0x61, 0x77,
    0xD4, 0xFF, 0xC2, 0x71, 0xF1, 0xB7, 0x8E, 0x05, 0x7F, 0xBB, 0x3C, 0x5C, 0xBC, 0xFD, 0x76, 0x0E,
    0xC0, 0x8C, 0x28, 0xD8, 0x00, 0xB3, 0x1D, 0x4A, 0x16, 0xDC, 0x92, 0x8B, 0x6A, 0xCB, 0x62, 0x31,
    0x60, 0xD5, 0xB0, 0x28, 0x7A, 0xD4, 0x1A, 0xCB, 0xA9, 0xE0, 0x3F, 0xCF, 0x54, 0x6C, 0xF1, 0x8E,
    0xCA, 0x2D, 0x2D, 0x95, 0x5B, 0xD2, 0x5C, 0xCF, 0x0F, 0xC8, 0xB6, 0x5C, 0x1E, 0x36, 0x15, 0x8B,
    0x9E, 0x6A, 0xBC, 0xA6, 0x78, 0x65, 0x43, 0xC3, 0xE6, 0xD8, 0xFC, 0x08, 0xE1, 0x00, 0x7E, 0x25,
    0x2C, 0xC2, 0x00, 0xBA, 0xFA, 0x88, 0xFF, 0xF1, 0xC7, 0x2A, 0xC2, 0x7B, 0xD1, 0x1A, 0x69, 0x60,
    0x2C, 0x28, 0xA5, 0x33, 0x3B, 0x71, 0x6A, 0x34, 0x8D, 0x46, 0x88, 0x03, 0x24, 0x3E, 0x0E, 0xE8,
    0x24, 0x97, 0xFB, 0x8B, 0x2B, 0x47, 0x32, 0x47, 0x53, 0xE4, 0xC2, 0x9D, 0x1C, 0xAF, 0x86, 0x44,
    0x44, 0xD6, 0xE2, 0xD1, 0x0A, 0x82, 0x4F, 0x42, 0x12, 0x47, 0x97, 0xE4, 0x60, 0xC7, 0x17, 0xA4,
    0x60, 0x1F, 0x77, 0xEC, 0x6A, 0x7F, 0xF6, 0x94, 0x45, 0x68, 0xD8, 0xDC, 0x7A, 0x35, 0x6F, 0x90,
    0xE0, 0x48, 0xD8, 0x95, 0xAE, 0x49, 0x83, 0x9E, 0x9D, 0x1C, 0x23, 0xFA, 0x45, 0x5E, 0x73, 0xB9,
    0xBD, 0x93, 0xDB, 0x09, 0x74, 0x7B, 0x72, 0xC8, 0x53, 0xE8, 0x56, 0x64, 0xE4, 0x6B, 0x7D, 0x97,
    0xB8, 0xE9, 0x76, 0xE2, 0xE7, 0x3B, 0x0A, 0xDD, 0xBE, 0x59, 0x0C, 0xBA, 0x07, 0x7D, 0xBE, 0x05,
    0x36, 0x4B, 0xB5, 0x4D, 0xE7, 0xAF, 0xD3, 0x67, 0x83, 0x24, 0x67, 0xF9, 0xDC, 0xF9, 0xB7, 0xDB,
    0xB9, 0xCE, 0xFC, 0x86, 0x5D, 0x31, 0x8D, 0x14, 0x84, 0x1E, 0x24, 0x45, 0xD3, 0x2D, 0xB0, 0xFC,
    0x4B, 0xB7, 0x79, 0x15, 0xDF, 0x71, 0x3D, 0x41, 0x9E, 0x3F, 0xF3, 0xB0, 0x14, 0x88, 0x7E, 0xD5,
    0x2B, 0x11, 0x13, 0x0A, 0x97, 0xCC, 0x9B, 0x78, 0xF7, 0xE8, 0x3F, 0xDF, 0xB9, 0x9C, 0x8A, 0x1C,
    0x8B, 0x30, 0x29, 0x17, 0x5C, 0x29, 0x18, 0x17, 0xEB, 0x9C, 0x0C, 0x56, 0x82, 0xD2, 0xE6, 0x6C,
    0xF8, 0x14, 0x0E, 0xE3, 0x53, 0x3A, 0xF8, 0x6D, 0x01, 0xE2, 0xB7, 0xB9, 0x51, 0x95, 0x30, 0x11,
    0xB0, 0x48, 0x91, 0xB1, 0x22, 0x52, 0xDE, 0x37, 0xE2, 0x85, 0xF2, 0xCB, 0x36, 0x86, 0xA4, 0x0A,
    0xE9, 0xC8, 0xAA, 0x43, 0x1A, 0xB9, 0x1C, 0xD2, 0xC1, 0x99, 0x1C, 0x94, 0xDF, 0x92, 0x92, 0xA3,
    0x92, 0xB3, 0x92, 0xC3, 0x92, 0xD3, 0xF2, 0x4C, 0x5C, 0x96, 0x99, 0xE9, 0x98, 0x99, 0x8E, 0x89,
    0xE9, 0xE9, 0x2E, 0x31, 0x65, 0x47, 0x31, 0xB5, 0x43, 0x64, 0xAA, 0xDE, 0x1C, 0x50, 0x96, 0x5A,
    0xA1, 0x49, 0x4F, 0x0D, 0x2B, 0xBD, 0x35, 0xD5, 0x36, 0x3D, 0x36, 0x9C, 0x4C, 0x4C, 0xEB, 0xCC,
    0xB4, 0xCE, 0x4C, 0xD7, 0xAA, 0x88, 0x26, 0x31, 0x85, 0x4F, 0x4C, 0x55, 0x39, 0x75, 0x8E, 0x4C,
    0xCD, 0x98, 0x98, 0x92, 0xBD, 0x36, 0xDA, 0xDD, 0x79, 0x64, 0x6A, 0x1F, 0x87, 0xC8, 0x74, 0x11,
    0x5C, 0x64, 0xCA, 0xE8, 0x69, 0x64, 0xFB, 0x94, 0xC3, 0xD0, 0xFC, 0x43, 0xA6, 0x26, 0xEA, 0x46,
    0x17, 0x6D, 0x16, 0x38, 0x36, 0x2D, 0xDC, 0xC6, 0x27, 0x72, 0xB9, 0xA4, 0xAE, 0x80, 0x1D, 0xB5,
    0xE6, 0x00, 0xA4, 0x28, 0xAC, 0x68, 0x69, 0x3B, 0x12, 0x64, 0x3E, 0xA3, 0xF2, 0x39, 0x7A, 0x10,
    0x3B, 0xC2, 0xD4, 0x83, 0x24, 0x5A, 0x2B, 0x48, 0x6B, 0x88, 0x19, 0x95, 0xC4, 0x08, 0x53, 0x57,
    0x56, 0xEA, 0xD5, 0x5E, 0x5A, 0x1D, 0x75, 0xE6, 0xC8, 0xC9, 0xF8, 0x52, 0x6C, 0xA6, 0xAE, 0x51,
    0x5A, 0x75, 0xEB, 0xD0, 0xE9, 0xCE, 0x61, 0x9E, 0x93, 0x9A, 0x55, 0xDC, 0x73, 0x66, 0x15, 0x5A,
    0xA5, 0xF6, 0x99, 0xD8, 0x9E, 0x74, 0x9E, 0xB2, 0x09, 0x84, 0x6E, 0xF6, 0xDC, 0x0F, 0xDB, 0xD3,
    0x3A, 0x16, 0x2E, 0xA6, 0x85, 0x00, 0x8A, 0xE0, 0x56, 0x61, 0xC4, 0x26, 0x7C, 0x3A, 0xDA, 0x36,
    0xFB, 0xD3, 0xFB, 0xAB, 0x87, 0x73, 0xFE, 0x5C, 0x3A, 0x5A, 0xE4, 0xD8, 0x76, 0xE4, 0xD4, 0x98,
    0x4D, 0xA0, 0x73, 0x04, 0xDD, 0x9F, 0x5A, 0xFE, 0x0B, 0x0F, 0xDA, 0x36, 0x07, 0xB9, 0xBE, 0xE3,
    0xBC, 0x2F, 0xB1, 0x86, 0x37, 0xAE, 0xC5, 0x0D, 0x7C, 0xE1, 0xBA, 0x0F, 0x4F, 0x38, 0x3A, 0xDD,
    0x84, 0x81, 0x46, 0xAB, 0xD0, 0x60, 0x33, 0x30, 0x03, 0xB4, 0xF9, 0x0B, 0x45, 0x8A, 0x81, 0x05,
    0xC3, 0x50, 0x14, 0x45, 0x6F, 0x1B, 0x04, 0xC5, 0x1F, 0xE1, 0x8F, 0xD0, 0x05, 0xCA, 0xEB, 0x46,
    0x1D, 0x21, 0x1D, 0x21, 0x03, 0xB5, 0x92, 0x76, 0x82, 0x8C, 0x10, 0xA0, 0x00, 0xC1, 0x47, 0x69,
    0x92, 0xDB, 0xFB, 0xF2, 0x68, 0x2F, 0xCF, 0xE1, 0x9D, 0x83, 0xFF, 0xAA, 0x00, 0x52, 0x1F, 0xB4,
    0x29, 0xC8, 0x39, 0xF4, 0x87, 0xA1, 0x91, 0xB7, 0xE0, 0x84, 0xFD, 0x16, 0xC8, 0xDE, 0x5C, 0xAF,
    0x97, 0xD6, 0x5C, 0x93, 0x6F, 0x0F, 0x8C, 0x5C, 0x92, 0x02, 0x92, 0x6B, 0x9A, 0x51, 0x89, 0x3C,
    0xD0, 0xB5, 0xFE, 0xEC, 0x4D, 0x6C, 0x13, 0xA7, 0x86, 0x1C, 0x70, 0x64, 0xC9, 0xE4, 0x15, 0x1D,
    0x87, 0x5A, 0xD4, 0x9D, 0x77, 0x62, 0xC7, 0x05, 0x68, 0xF8, 0x24, 0x0B, 0x90, 0xF9, 0xF0, 0x14,
    0x35, 0x5F, 0xD2, 0x80, 0x02, 0xD7, 0x0A, 0x4A, 0x23, 0xAD, 0x60, 0x34, 0x69, 0x05, 0xA3, 0x49,
    0x2B, 0x28, 0x77, 0x20, 0x82, 0x60, 0x1E, 0x82, 0xB5, 0xF4, 0x6F, 0x5F,
};

static const EpdGlyph bookerly_16_italicGlyphs[] = {
    { 0, 0, 0, 0, 0, 0, 0 }, // U+0000
    { 0, 0, 0, 0, 0, 0, 0 }, // U+0008
    { 0, 0, 115, 0, 0, 0, 0 }, // U+0009
    { 0, 0, 115, 0, 0, 0, 0 }, // U+000D
    { 0, 0, 0, 0, 0, 0, 0 }, // U+001D
    { 0, 0, 115, 0, 0, 0, 0 }, // U+0020
    { 10, 26, 162, 1, 25, 65, 0 }, // !
    { 12, 11, 201, 1, 24, 33, 65 }, // "
    { 21, 21, 332, 0, 19, 111, 98 }, // #
    { 18, 34, 332, 1, 27, 153, 209 }, // $
    { 28, 26, 517, 2, 24, 182, 362 }, // %
    { 26, 26, 483, 2, 24, 169, 544 }, // &
    { 6, 11, 109, 1, 24, 17, 713 }, // '
    { 15, 34, 210, 1, 27, 128, 730 }, // (
    { 15, 34, 210, -3, 27, 128, 858 }, // )
    { 12, 11, 203, 1, 24, 33, 986 }, // *
    { 15, 15, 332, 3, 19, 57, 1019 }, // +
    { 8, 11, 162, -1, 5, 22, 1076 }, // ,
    { 11, 3, 199, 1, 10, 9, 1098 }, // -
    { 5, 6, 162, 2, 5, 8, 1107 }, // .
    { 19, 26, 266, -1, 24, 124, 1115 }, // /
    { 20, 24, 332, 0, 23, 120, 1239 }, // 0
    { 13, 23, 332, 2, 23, 75, 1359 }, // 1
    { 19, 23, 332, 0, 23, 110, 1434 }, // 2
    { 18, 24, 332, 0, 23, 108, 1544 }, // 3
    { 19, 23, 332, 0, 23, 110, 1652 }, // 4
    { 18, 24, 332, 1, 23, 108, 1762 }, // 5
    { 20, 24, 332, 1, 23, 120, 1870 }, // 6
    { 17, 24, 332, 4, 23, 102, 1990 }, // 7
    { 18, 24, 332, 1, 23, 108, 2092 }, // 8
    { 19, 24, 332, 0, 23, 114, 2200 }, // 9
    { 8, 18, 162, 2, 17, 36, 2314 }, // :
    { 11, 23, 162, -1, 17, 64, 2350 }, // ;
    { 15, 16, 332, 3, 19, 60, 2414 }, // <
    { 15, 9, 332, 3, 16, 34, 2474 }, // =
    { 15, 16, 332, 3, 19, 60, 2508 }, // >
    { 12, 25, 221, 2, 24, 75, 2568 }, // ?
    { 30, 30, 518, 1, 23, 225, 2643 }, // @
    { 25, 24, 390, -2, 24, 150, 2868 }, // A
    { 20, 25, 331, -1, 24, 125, 3018 }, // B
    { 20, 25, 343, 1, 24, 125, 3143 }, // C
    { 24, 25, 387, -1, 24, 150, 3268 }, // D
    { 21, 23, 327, -1, 23, 121, 3418 }, // E
    { 20, 23, 295, -1, 23, 115, 3539 }, // F
    { 21, 25, 379, 1, 24, 132, 3654 }, // G
    { 29, 23, 427, -1, 23, 167, 3786 }, // H
    { 15, 23, 199, -1, 23, 87, 3953 }, // I
    { 20, 30, 189, -6, 23, 150, 4040 }, // J
    { 25, 24, 373, -1, 23, 150, 4190 }, // K
    { 19, 23, 309, -1, 23, 110, 4340 }, // L
    { 32, 23, 484, -2, 23, 184, 4450 }, // M
    { 28, 24, 407, -1, 23, 168, 4634 }, // N
    { 23, 25, 394, 1, 24, 144, 4802 }, // O
    { 20, 24, 316, -1, 24, 120, 4946 }, // P
    { 28, 32, 394, 1, 24, 224, 5066 }, // Q
    { 22, 25, 346, -1, 24, 138, 5290 }, // R
    { 17, 25, 284, 0, 24, 107, 5428 }, // S
    { 20, 23, 340, 2, 23, 115, 5535 }, // T
    { 24, 24, 409, 3, 23, 144, 5650 }, // U
    { 24, 24, 378, 2, 23, 144, 5794 }, // V
    { 34, 24, 556, 2, 23, 204, 5938 }, // W
    { 27, 23, 358, -3, 23, 156, 6142 }, // X
    { 22, 23, 344, 2, 23, 127, 6298 }, // Y
    { 20, 24, 311, -1, 23, 120, 6425 }, // Z
    { 14, 32, 168, -2, 26, 112, 6545 }, // [
    { 13, 26, 266, 2, 24, 85, 6657 }, // <backslash>
    { 14, 32, 168, -2, 26, 112, 6742 }, // ]
    { 16, 15, 332, 2, 21, 60, 6854 }, // ^
    { 17, 3, 267, 0, -1, 13, 6914 }, // _
    { 7, 8, 328, 7, 27, 14, 6927 }, // `
    { 18, 19, 311, 1, 18, 86, 6941 }, // a
    { 17, 27, 295, 0, 26, 115, 7027 }, // b
    { 13, 19, 236, 1, 18, 62, 7142 }, // c
    { 18, 27, 313, 1, 26, 122, 7204 }, // d
    { 14, 19, 251, 1, 18, 67, 7326 }, // e
    { 24, 34, 219, -6, 26, 204, 7393 }, // f
    { 22, 26, 263, -3, 18, 143, 7597 }, // g
    { 18, 27, 318, 1, 26, 122, 7740 }, // h
    { 10, 27, 173, 1, 26, 68, 7862 }, // i
    { 17, 34, 153, -6, 26, 145, 7930 }, // j
    { 16, 27, 283, 1, 26, 108, 8075 }, // k
    { 9, 27, 164, 1, 26, 61, 8183 }, // l
    { 28, 19, 475, 1, 18, 133, 8244 }, // m
    { 19, 19, 328, 1, 18, 91, 8377 }, // n
    { 16, 19, 290, 1, 18, 76, 8468 }, // o
    { 20, 26, 306, -2, 18, 130, 8544 }, // p
    { 17, 26, 295, 1, 18, 111, 8674 }, // q
    { 14, 18, 228, 1, 18, 63, 8785 }, // r
    { 13, 19, 220, 0, 18, 62, 8848 }, // s
    { 12, 23, 209, 1, 22, 69, 8910 }, // t
    { 19, 19, 326, 1, 18, 91, 8979 }, // u
    { 17, 19, 275, 0, 18, 81, 9070 }, // v
    { 25, 19, 412, 0, 18, 119, 9151 }, // w
    { 20, 19, 298, -1, 18, 95, 9270 }, // x
    { 20, 26, 285, -3, 18, 130, 9365 }, // y
    { 16, 19, 252, 0, 18, 76, 9495 }, // z
    { 13, 33, 210, 1, 27, 108, 9571 }, // {
    { 10, 30, 154, 0, 26, 75, 9679 }, // |
    { 13, 33, 210, -1, 27, 108, 9754 }, // }
    { 16, 6, 332, 2, 14, 24, 9862 }, // ~
    { 0, 0, 115, 0, 0, 0, 0 }, // U+00A0
    { 10, 26, 162, -1, 18, 65, 0 }, // U+00A1
    { 17, 33, 332, 2, 26, 141, 65 }, // U+00A2
    { 21, 24, 332, -1, 23, 126, 206 }, // U+00A3
    { 21, 16, 332, 0, 19, 84, 332 }, // U+00A4
    { 22, 23, 332, 1, 23, 127, 416 }, // U+00A5
    { 10, 30, 154, 0, 26, 75, 543 }, // U+00A6
    { 15, 26, 264, 0, 23, 98, 618 }, // U+00A7
    { 12, 5, 328, 4, 25, 15, 716 }, // U+00A8
    { 25, 25, 417, 0, 24, 157, 731 }, // U+00A9
    { 13, 16, 230, 1, 24, 52, 888 }, // U+00AA
    { 16, 13, 275, 1, 15, 52, 940 }, // U+00AB
    { 15, 8, 332, 3, 15, 30, 992 }, // U+00AC
    { 11, 3, 199, 1, 10, 9, 1022 }, // U+00AD
    { 19, 18, 310, 0, 26, 86, 1031 }, // U+00AE
    { 11, 4, 328, 5, 24, 11, 1117 }, // U+00AF
    { 12, 11, 282, 3, 23, 33, 1128 }, // U+00B0
    { 15, 20, 332, 3, 20, 75, 1161 }, // U+00B1
    { 13, 16, 238, 1, 28, 52, 1236 }, // U+00B2
    { 12, 17, 238, 1, 28, 51, 1288 }, // U+00B3
    { 7, 8, 328, 7, 27, 14, 1339 }, // U+00B4
    { 21, 26, 318, -1, 18, 137, 1353 }, // U+00B5
    { 21, 28, 314, -1, 23, 147, 1490 }, // U+00B6
    { 6, 6, 162, 2, 12, 9, 1637 }, // U+00B7
    { 8, 8, 328, 6, -1, 16, 1646 }, // U+00B8
    { 10, 16, 238, 2, 28, 40, 1662 }, // U+00B9
    { 13, 16, 236, 1, 24, 52, 1702 }, // U+00BA
    { 16, 13, 275, 0, 15, 52, 1754 }, // U+00BB
    { 32, 26, 574, 2, 24, 208, 1806 }, // U+00BC
    { 32, 26, 574, 2, 24, 208, 2014 }, // U+00BD
    { 33, 26, 574, 1, 24, 215, 2222 }, // U+00BE
    { 11, 25, 221, 0, 18, 69, 2437 }, // U+00BF
    { 25, 32, 390, -2, 32, 200, 2506 }, // U+00C0
    { 25, 32, 390, -2, 32, 200, 2706 }, // U+00C1
    { 25, 32, 390, -2, 32, 200, 2906 }, // U+00C2
    { 25, 31, 390, -2, 31, 194, 3106 }, // U+00C3
    { 25, 31, 390, -2, 31, 194, 3300 }, // U+00C4
    { 25, 33, 390, -2, 33, 207, 3494 }, // U+00C5
    { 33, 23, 479, -3, 23, 190, 3701 }, // U+00C6
    { 20, 33, 343, 1, 24, 165, 3891 }, // U+00C7
    { 21, 32, 327, -1, 32, 168, 4056 }, // U+00C8
    { 21, 32, 327, -1, 32, 168, 4224 }, // U+00C9
    { 21, 32, 327, -1, 32, 168, 4392 }, // U+00CA
    { 21, 31, 327, -1, 31, 163, 4560 }, // U+00CB
    { 15, 32, 199, -1, 32, 120, 4723 }, // U+00CC
    { 16, 32, 199, -1, 32, 128, 4843 }, // U+00CD
    { 16, 32, 199, -1, 32, 128, 4971 }, // U+00CE
    { 17, 31, 199, -1, 31, 132, 5099 }, // U+00CF
    { 24, 25, 387, -1, 24, 150, 5231 }, // U+00D0
    { 28, 32, 407, -1, 31, 224, 5381 }, // U+00D1
    { 23, 33, 394, 1, 32, 190, 5605 }, // U+00D2
    { 23, 33, 394, 1, 32, 190, 5795 }, // U+00D3
    { 23, 33, 394, 1, 32, 190, 5985 }, // U+00D4
    { 23, 32, 394, 1, 31, 184, 6175 }, // U+00D5
    { 23, 32, 394, 1, 31, 184, 6359 }, // U+00D6
    { 14, 14, 332, 3, 18, 49, 6543 }, // U+00D7
    { 26, 25, 394, -1, 24, 163, 6592 }, // U+00D8
    { 24, 33, 409, 3, 32, 198, 6755 }, // U+00D9
    { 24, 33, 409, 3, 32, 198, 6953 }, // U+00DA
    { 24, 33, 409, 3, 32, 198, 7151 }, // U+00DB
    { 24, 32, 409, 3, 31, 192, 7349 }, // U+00DC
    { 22, 32, 344, 2, 32, 176, 7541 }, // U+00DD
    { 20, 23, 316, -1, 23, 115, 7717 }, // U+00DE
    { 25, 34, 342, -5, 26, 213, 7832 }, // U+00DF
    { 18, 28, 311, 1, 27, 126, 8045 }, // U+00E0
    { 18, 28, 311, 1, 27, 126, 8171 }, // U+00E1
    { 18, 28, 311, 1, 27, 126, 8297 }, // U+00E2
    { 18, 27, 311, 1, 26, 122, 8423 }, // U+00E3
    { 18, 26, 311, 1, 25, 117, 8545 }, // U+00E4
    { 18, 29, 311, 1, 28, 131, 8662 }, // U+00E5
    { 24, 19, 412, 1, 18, 114, 8793 }, // U+00E6
    { 13, 27, 236, 1, 18, 88, 8907 }, // U+00E7
    { 14, 28, 251, 1, 27, 98, 8995 }, // U+00E8
    { 15, 28, 251, 1, 27, 105, 9093 }, // U+00E9
    { 15, 28, 251, 1, 27, 105, 9198 }, // U+00EA
    { 16, 26, 251, 1, 25, 104, 9303 }, // U+00EB
    { 9, 28, 177, 1, 27, 63, 9407 }, // U+00EC
    { 12, 28, 177, 1, 27, 84, 9470 }, // U+00ED
    { 12, 28, 177, 1, 27, 84, 9554 }, // U+00EE
    { 13, 26, 177, 1, 25, 85, 9638 }, // U+00EF
    { 16, 28, 290, 1, 27, 112, 9723 }, // U+00F0
    { 19, 27, 328, 1, 26, 129, 9835 }, // U+00F1
    { 16, 28, 290, 1, 27, 112, 9964 }, // U+00F2
    { 16, 28, 290, 1, 27, 112, 10076 }, // U+00F3
    { 16, 28, 290, 1, 27, 112, 10188 }, // U+00F4
    { 17, 27, 290, 1, 26, 115, 10300 }, // U+00F5
    { 17, 26, 290, 1, 25, 111, 10415 }, // U+00F6
    { 15, 16, 332, 3, 19, 60, 10526 }, // U+00F7
    { 21, 19, 290, -2, 18, 100, 10586 }, // U+00F8
    { 19, 28, 326, 1, 27, 133, 10686 }, // U+00F9
    { 19, 28, 326, 1, 27, 133, 10819 }, // U+00FA
    { 19, 28, 326, 1, 27, 133, 10952 }, // U+00FB
    { 19, 26, 326, 1, 25, 124, 11085 }, // U+00FC
    { 20, 35, 285, -3, 27, 175, 11209 }, // U+00FD
    { 20, 34, 295, -3, 26, 170, 11384 }, // U+00FE
    { 20, 33, 285, -3, 25, 165, 11554 }, // U+00FF
    { 25, 30, 390, -2, 30, 188, 0 }, // U+0100
    { 18, 25, 311, 1, 24, 113, 188 }, // U+0101
    { 25, 32, 390, -2, 32, 200, 301 }, // U+0102
    { 18, 27, 311, 1, 26, 122, 501 }, // U+0103
    { 25, 31, 390, -2, 24, 194, 623 }, // U+0104
    { 18, 25, 311, 1, 18, 113, 817 }, // U+0105
    { 20, 33, 343, 1, 32, 165, 930 }, // U+0106
    { 15, 28, 236, 1, 27, 105, 1095 }, // U+0107
    { 20, 33, 343, 1, 32, 165, 1200 }, // U+0108
    { 15, 28, 236, 1, 27, 105, 1365 }, // U+0109
    { 20, 32, 343, 1, 31, 160, 1470 }, // U+010A
    { 13, 26, 236, 1, 25, 85, 1630 }, // U+010B
    { 21, 33, 343, 1, 32, 174, 1715 }, // U+010C
    { 16, 28, 236, 1, 27, 112, 1889 }, // U+010D
    { 24, 33, 387, -1, 32, 198, 2001 }, // U+010E
    { 24, 30, 326, 1, 29, 180, 2199 }, // U+010F
    { 24, 25, 387, -1, 24, 150, 2379 }, // U+0110
    { 20, 27, 313, 1, 26, 135, 2529 }, // U+0111
    { 21, 30, 327, -1, 30, 158, 2664 }, // U+0112
    { 15, 25, 251, 1, 24, 94, 2822 }, // U+0113
    { 21, 32, 327, -1, 32, 168, 2916 }, // U+0114
    { 16, 27, 251, 1, 26, 108, 3084 }, // U+0115
    { 21, 31, 327, -1, 31, 163, 3192 }, // U+0116
    { 14, 26, 251, 1, 25, 91, 3355 }, // U+0117
    { 21, 30, 327, -1, 23, 158, 3446 }, // U+0118
    { 14, 25, 251, 1, 18, 88, 3604 }, // U+0119
    { 22, 32, 327, -1, 32, 176, 3692 }, // U+011A
    { 16, 28, 251, 1, 27, 112, 3868 }, // U+011B
    { 21, 33, 379, 2, 32, 174, 3980 }, // U+011C
    { 22, 35, 263, -3, 27, 193, 4154 }, // U+011D
    { 21, 33, 379, 2, 32, 174, 4347 }, // U+011E
    { 22, 34, 263, -3, 26, 187, 4521 }, // U+011F
    { 21, 32, 379, 2, 31, 168, 4708 }, // U+0120
    { 22, 33, 263, -3, 25, 182, 4876 }, // U+0121
    { 21, 33, 379, 2, 24, 174, 5058 }, // U+0122
    { 22, 36, 263, -3, 28, 198, 5232 }, // U+0123
    { 29, 32, 427, -1, 32, 232, 5430 }, // U+0124
    { 18, 35, 318, 1, 34, 158, 5662 }, // U+0125
    { 29, 23, 427, -1, 23, 167, 5820 }, // U+0126
    { 18, 27, 318, 1, 26, 122, 5987 }, // U+0127
    { 16, 31, 199, -1, 31, 124, 6109 }, // U+0128
    { 13, 27, 177, 1, 26, 88, 6233 }, // U+0129
    { 16, 30, 199, -1, 30, 120, 6321 }, // U+012A
    { 13, 25, 177, 1, 24, 82, 6441 }, // U+012B
    { 16, 32, 199, -1, 32, 128, 6523 }, // U+012C
    { 13, 27, 177, 1, 26, 88, 6651 }, // U+012D
    { 15, 30, 199, -1, 23, 113, 6739 }, // U+012E
    { 10, 33, 173, 1, 26, 83, 6852 }, // U+012F
    { 15, 31, 199, -1, 31, 117, 6935 }, // U+0130
    { 9, 19, 173, 1, 18, 43, 7052 }, // U+0131
    { 27, 30, 388, -1, 23, 203, 7095 }, // U+0132
    { 20, 34, 326, 1, 26, 170, 7298 }, // U+0133
    { 22, 39, 189, -6, 32, 215, 7468 }, // U+0134
    { 19, 35, 153, -6, 27, 167, 7683 }, // U+0135
    { 25, 32, 373, -1, 23, 200, 7850 }, // U+0136
    { 16, 35, 283, 1, 26, 140, 8050 }, // U+0137
    { 17, 19, 289, 1, 18, 81, 8190 }, // U+0138
    { 19, 32, 309, -1, 32, 152, 8271 }, // U+0139
    { 12, 35, 164, 1, 34, 105, 8423 }, // U+013A
    { 19, 32, 309, -1, 23, 152, 8528 }, // U+013B
    { 11, 35, 164, -1, 26, 97, 8680 }, // U+013C
    { 20, 26, 309, -1, 26, 130, 8777 }, // U+013D
    { 15, 30, 179, 1, 29, 113, 8907 }, // U+013E
    { 20, 23, 312, -1, 23, 115, 9020 }, // U+013F
    { 14, 27, 217, 1, 26, 95, 9135 }, // U+0140
    { 19, 23, 309, -1, 23, 110, 9230 }, // U+0141
    { 13, 27, 164, -1, 26, 88, 9340 }, // U+0142
    { 28, 33, 407, -1, 32, 231, 9428 }, // U+0143
    { 19, 28, 328, 1, 27, 133, 9659 }, // U+0144
    { 28, 32, 407, -1, 23, 224, 9792 }, // U+0145
    { 19, 27, 328, 1, 18, 129, 10016 }, // U+0146
    { 28, 33, 407, -1, 32, 231, 10145 }, // U+0147
    { 19, 28, 328, 1, 27, 133, 10376 }, // U+0148
    { 25, 26, 440, 2, 25, 163, 10509 }, // U+0149
    { 28, 30, 407, -1, 23, 210, 10672 }, // U+014A
    { 17, 26, 309, 1, 18, 111, 10882 }, // U+014B
    { 23, 31, 394, 1, 30, 179, 10993 }, // U+014C
    { 17, 25, 290, 1, 24, 107, 11172 }, // U+014D
    { 23, 33, 394, 1, 32, 190, 11279 }, // U+014E
    { 17, 27, 290, 1, 26, 115, 11469 }, // U+014F
    { 24, 34, 394, 1, 33, 204, 11584 }, // U+0150
    { 19, 28, 290, 1, 27, 133, 11788 }, // U+0151
    { 31, 24, 515, 1, 23, 186, 11921 }, // U+0152
    { 25, 19, 436, 1, 18, 119, 12107 }, // U+0153
    { 22, 33, 346, -1, 32, 182, 12226 }, // U+0154
    { 14, 27, 228, 1, 27, 95, 12408 }, // U+0155
    { 22, 33, 346, -1, 24, 182, 12503 }, // U+0156
    { 16, 27, 228, -1, 18, 108, 12685 }, // U+0157
    { 22, 33, 346, -1, 32, 182, 12793 }, // U+0158
    { 16, 27, 228, 1, 27, 108, 12975 }, // U+0159
    { 17, 33, 284, 0, 32, 141, 13083 }, // U+015A
    { 15, 28, 220, 0, 27, 105, 13224 }, // U+015B
    { 17, 33, 284, 0, 32, 141, 13329 }, // U+015C
    { 15, 28, 220, 0, 27, 105, 13470 }, // U+015D
    { 17, 33, 284, 0, 24, 141, 13575 }, // U+015E
    { 13, 27, 220, 0, 18, 88, 13716 }, // U+015F
    { 18, 33, 284, 0, 32, 149, 13804 }, // U+0160
    { 16, 28, 220, 0, 27, 112, 13953 }, // U+0161
    { 20, 32, 340, 2, 23, 160, 14065 }, // U+0162
    { 13, 31, 209, 0, 22, 101, 14225 }, // U+0163
    { 20, 32, 340, 2, 32, 160, 14326 }, // U+0164
    { 14, 28, 209, 1, 27, 98, 14486 }, // U+0165
    { 20, 23, 340, 2, 23, 115, 14584 }, // U+0166
    { 13, 23, 209, 0, 22, 75, 14699 }, // U+0167
    { 24, 32, 409, 3, 31, 192, 14774 }, // U+0168
    { 19, 27, 326, 1, 26, 129, 14966 }, // U+0169
    { 24, 31, 409, 3, 30, 186, 15095 }, // U+016A
    { 19, 25, 326, 1, 24, 119, 15281 }, // U+016B
    { 24, 33, 409, 3, 32, 198, 15400 }, // U+016C
    { 19, 27, 326, 1, 26, 129, 15598 }, // U+016D
    { 24, 34, 409, 3, 33, 204, 15727 }, // U+016E
    { 19, 29, 326, 1, 28, 138, 15931 }, // U+016F
    { 24, 34, 409, 3, 33, 204, 16069 }, // U+0170
    { 19, 28, 326, 1, 27, 133, 16273 }, // U+0171
    { 24, 30, 409, 3, 23, 180, 16406 }, // U+0172
    { 19, 25, 326, 1, 18, 119, 16586 }, // U+0173
    { 34, 33, 556, 2, 32, 281, 16705 }, // U+0174
    { 25, 28, 412, 0, 27, 175, 16986 }, // U+0175
    { 22, 32, 344, 2, 32, 176, 17161 }, // U+0176
    { 20, 35, 285, -3, 27, 175, 17337 }, // U+0177
    { 22, 31, 344, 2, 31, 171, 17512 }, // U+0178
    { 20, 33, 311, -1, 32, 165, 17683 }, // U+0179
    { 16, 28, 252, 0, 27, 112, 17848 }, // U+017A
    { 20, 32, 311, -1, 31, 160, 17960 }, // U+017B
    { 16, 26, 252, 0, 25, 104, 18120 }, // U+017C
    { 20, 33, 311, -1, 32, 165, 18224 }, // U+017D
    { 16, 28, 252, 0, 27, 112, 18389 }, // U+017E
    { 24, 34, 219, -6, 26, 204, 18501 }, // U+017F
    { 26, 29, 394, 1, 28, 189, 0 }, // U+01A0
    { 19, 22, 290, 1, 21, 105, 189 }, // U+01A1
    { 26, 29, 409, 3, 28, 189, 294 }, // U+01AF
    { 22, 22, 326, 1, 21, 121, 483 }, // U+01B0
    { 46, 33, 723, -1, 32, 380, 604 }, // U+01C4
    { 42, 28, 658, -1, 27, 294, 984 }, // U+01C5
    { 36, 28, 591, 1, 27, 252, 1278 }, // U+01C6
    { 34, 30, 499, -1, 23, 255, 1530 }, // U+01C7
    { 30, 34, 455, -1, 26, 255, 1785 }, // U+01C8
    { 20, 34, 316, 1, 26, 170, 2040 }, // U+01C9
    { 40, 30, 598, -1, 23, 300, 2210 }, // U+01CA
    { 37, 34, 562, -1, 26, 315, 2510 }, // U+01CB
    { 30, 34, 481, 1, 26, 255, 2825 }, // U+01CC
    { 25, 32, 390, -2, 32, 200, 3080 }, // U+01CD
    { 18, 28, 311, 1, 27, 126, 3280 }, // U+01CE
    { 17, 32, 199, -1, 32, 136, 3406 }, // U+01CF
    { 14, 28, 177, 1, 27, 98, 3542 }, // U+01D0
    { 23, 33, 394, 1, 32, 190, 3640 }, // U+01D1
    { 18, 28, 290, 1, 27, 126, 3830 }, // U+01D2
    { 24, 33, 409, 3, 32, 198, 3956 }, // U+01D3
    { 19, 28, 326, 1, 27, 133, 4154 }, // U+01D4
    { 24, 36, 409, 3, 35, 216, 4287 }, // U+01D5
    { 19, 31, 326, 1, 30, 148, 4503 }, // U+01D6
    { 24, 36, 409, 3, 35, 216, 4651 }, // U+01D7
    { 19, 33, 326, 1, 32, 157, 4867 }, // U+01D8
    { 24, 36, 409, 3, 35, 216, 5024 }, // U+01D9
    { 19, 33, 326, 1, 32, 157, 5240 }, // U+01DA
    { 24, 36, 409, 3, 35, 216, 5397 }, // U+01DB
    { 19, 34, 326, 1, 33, 162, 5613 }, // U+01DC
    { 15, 19, 256, 0, 18, 72, 5775 }, // U+01DD
    { 25, 35, 390, -2, 35, 219, 5847 }, // U+01DE
    { 18, 31, 311, 1, 30, 140, 6066 }, // U+01DF
    { 25, 35, 390, -2, 35, 219, 6206 }, // U+01E0
    { 18, 31, 311, 1, 30, 140, 6425 }, // U+01E1
    { 33, 30, 479, -3, 30, 248, 6565 }, // U+01E2
    { 24, 25, 412, 1, 24, 150, 6813 }, // U+01E3
    { 22, 25, 379, 1, 24, 138, 6963 }, // U+01E4
    { 24, 26, 263, -5, 18, 156, 7101 }, // U+01E5
    { 21, 33, 379, 2, 32, 174, 7257 }, // U+01E6
    { 22, 35, 263, -3, 27, 193, 7431 }, // U+01E7
    { 25, 33, 373, -1, 32, 207, 7624 }, // U+01E8
    { 16, 36, 283, 1, 35, 144, 7831 }, // U+01E9
    { 23, 31, 394, 1, 24, 179, 7975 }, // U+01EA
    { 16, 25, 290, 1, 18, 100, 8154 }, // U+01EB
    { 23, 37, 394, 1, 30, 213, 8254 }, // U+01EC
    { 17, 31, 290, 1, 24, 132, 8467 }, // U+01ED
    { 21, 33, 305, -1, 32, 174, 8599 }, // U+01EE
    { 19, 35, 275, -2, 27, 167, 8773 }, // U+01EF
    { 20, 35, 153, -6, 27, 175, 8940 }, // U+01F0
    { 45, 25, 703, -1, 24, 282, 9115 }, // U+01F1
    { 41, 25, 640, -1, 24, 257, 9397 }, // U+01F2
    { 34, 27, 565, 1, 26, 230, 9654 }, // U+01F3
    { 21, 33, 379, 2, 32, 174, 9884 }, // U+01F4
    { 22, 35, 263, -3, 27, 193, 10058 }, // U+01F5
    { 28, 33, 407, -1, 32, 231, 10251 }, // U+01F8
    { 19, 28, 328, 1, 27, 133, 10482 }, // U+01F9
    { 25, 35, 390, -2, 35, 219, 10615 }, // U+01FA
    { 18, 34, 311, 1, 33, 153, 10834 }, // U+01FB
    { 33, 32, 479, -3, 32, 264, 10987 }, // U+01FC
    { 24, 28, 412, 1, 27, 168, 11251 }, // U+01FD
    { 26, 33, 415, -1, 32, 215, 11419 }, // U+01FE
    { 21, 28, 290, -2, 27, 147, 11634 }, // U+01FF
    { 25, 32, 390, -2, 32, 200, 11781 }, // U+0200
    { 18, 28, 311, 1, 27, 126, 11981 }, // U+0201
    { 25, 32, 390, -2, 32, 200, 12107 }, // U+0202
    { 18, 27, 311, 1, 26, 122, 12307 }, // U+0203
    { 21, 32, 327, -1, 32, 168, 12429 }, // U+0204
    { 14, 28, 251, 1, 27, 98, 12597 }, // U+0205
    { 21, 32, 327, -1, 32, 168, 12695 }, // U+0206
    { 15, 27, 251, 1, 26, 102, 12863 }, // U+0207
    { 15, 32, 199, -1, 32, 120, 12965 }, // U+0208
    { 11, 28, 177, 1, 27, 77, 13085 }, // U+0209
    { 16, 32, 199, -1, 32, 128, 13162 }, // U+020A
    { 12, 27, 177, 1, 26, 81, 13290 }, // U+020B
    { 23, 33, 394, 1, 32, 190, 13371 }, // U+020C
    { 16, 28, 290, 1, 27, 112, 13561 }, // U+020D
    { 23, 33, 394, 1, 32, 190, 13673 }, // U+020E
    { 16, 27, 290, 1, 26, 108, 13863 }, // U+020F
    { 22, 33, 346, -1, 32, 182, 13971 }, // U+0210
    { 14, 27, 228, 1, 27, 95, 14153 }, // U+0211
    { 22, 33, 346, -1, 32, 182, 14248 }, // U+0212
    { 15, 26, 228, 1, 26, 98, 14430 }, // U+0213
    { 24, 33, 409, 3, 32, 198, 14528 }, // U+0214
    { 19, 28, 326, 1, 27, 133, 14726 }, // U+0215
    { 24, 33, 409, 3, 32, 198, 14859 }, // U+0216
    { 19, 27, 326, 1, 26, 129, 15057 }, // U+0217
    { 17, 33, 284, 0, 24, 141, 15186 }, // U+0218
    { 13, 27, 220, 0, 18, 88, 15327 }, // U+0219
    { 20, 32, 340, 2, 23, 160, 15415 }, // U+021A
    { 13, 31, 209, 0, 22, 101, 15575 }, // U+021B
    { 18, 28, 304, -1, 24, 126, 15676 }, // U+021C
    { 16, 26, 251, -2, 18, 104, 15802 }, // U+021D
    { 29, 32, 427, -1, 32, 232, 15906 }, // U+021E
    { 18, 36, 318, 1, 35, 162, 16138 }, // U+021F
    { 7, 8, 0, -5, 27, 14, 0 }, // U+0300
    { 7, 8, 0, -2, 27, 14, 14 }, // U+0301
    { 11, 8, 0, -6, 27, 22, 28 }, // U+0302
    { 12, 6, 0, -6, 26, 18, 50 }, // U+0303
    { 10, 4, 0, -5, 24, 10, 68 }, // U+0304
    { 11, 6, 0, -5, 26, 17, 78 }, // U+0306
    { 6, 5, 0, -3, 25, 8, 95 }, // U+0307
    { 12, 5, 0, -6, 25, 15, 103 }, // U+0308
    { 9, 10, 0, -4, 29, 23, 118 }, // U+0309
    { 8, 10, 0, -4, 28, 20, 141 }, // U+030A
    { 13, 8, 0, -6, 27, 26, 161 }, // U+030B
    { 11, 8, 0, -5, 27, 22, 187 }, // U+030C
    { 10, 8, 0, -7, 27, 20, 209 }, // U+030F
    { 11, 7, 0, -6, 26, 20, 229 }, // U+0311
    { 6, 9, 0, -3, 28, 14, 249 }, // U+0312
    { 7, 10, 0, -3, 29, 18, 263 }, // U+0313
    { 6, 10, 0, -4, 29, 15, 281 }, // U+0314
    { 5, 9, 0, -3, 29, 12, 296 }, // U+0315
    { 6, 8, 0, -3, 21, 12, 308 }, // U+031B
    { 6, 6, 0, -3, -2, 9, 320 }, // U+0323
    { 12, 5, 0, -6, -3, 15, 329 }, // U+0324
    { 8, 8, 0, -4, -1, 16, 344 }, // U+0325
    { 7, 8, 0, -4, -1, 14, 360 }, // U+0326
    { 8, 8, 0, -4, -1, 16, 374 }, // U+0327
    { 7, 8, 0, -4, 1, 14, 390 }, // U+0328
    { 5, 8, 144, -1, -1, 10, 404 }, // U+0329
    { 11, 7, 0, -6, -2, 20, 414 }, // U+032D
    { 11, 7, 0, -6, -1, 20, 434 }, // U+032E
    { 12, 6, 0, -6, -2, 18, 454 }, // U+0330
    { 10, 3, 0, -5, -3, 8, 472 }, // U+0331
    { 11, 7, 0, -6, 26, 20, 480 }, // U+0342
    { 12, 13, 0, -7, 33, 39, 500 }, // U+0344
    { 6, 6, 0, -2, -2, 9, 539 }, // U+0345
    { 21, 32, 327, -1, 32, 168, 0 }, // U+0400
    { 21, 31, 327, -1, 31, 163, 168 }, // U+0401
    { 21, 30, 397, 2, 23, 158, 331 }, // U+0402
    { 21, 32, 302, -1, 32, 168, 489 }, // U+0403
    { 20, 25, 343, 1, 24, 125, 657 }, // U+0404
    { 17, 25, 284, 0, 24, 107, 782 }, // U+0405
    { 15, 23, 199, -1, 23, 87, 889 }, // U+0406
    { 17, 31, 199, -1, 31, 132, 976 }, // U+0407
    { 20, 30, 189, -6, 23, 150, 1108 }, // U+0408
    { 31, 24, 473, -2, 23, 186, 1258 }, // U+0409
    { 31, 24, 498, -1, 23, 186, 1444 }, // U+040A
    { 22, 23, 419, 2, 23, 127, 1630 }, // U+040B
    { 25, 33, 360, -1, 32, 207, 1757 }, // U+040C
    { 29, 32, 427, -1, 32, 232, 1964 }, // U+040D
    { 23, 34, 334, 1, 33, 196, 2196 }, // U+040E
    { 27, 31, 402, -1, 23, 210, 2392 }, // U+040F
    { 25, 24, 390, -2, 24, 150, 2602 }, // U+0410
    { 21, 24, 321, -1, 23, 126, 2752 }, // U+0411
    { 20, 25, 331, -1, 24, 125, 2878 }, // U+0412
    { 21, 23, 302, -1, 23, 121, 3003 }, // U+0413
    { 27, 30, 380, -2, 23, 203, 3124 }, // U+0414
    { 21, 23, 327, -1, 23, 121, 3327 }, // U+0415
    { 36, 25, 508, -3, 24, 225, 3448 }, // U+0416
    { 17, 25, 294, 0, 24, 107, 3673 }, // U+0417
    { 29, 23, 427, -1, 23, 167, 3780 }, // U+0418
    { 29, 33, 427, -1, 33, 240, 3947 }, // U+0419
    { 25, 25, 360, -1, 24, 157, 4187 }, // U+041A
    { 26, 24, 369, -2, 23, 156, 4344 }, // U+041B
    { 32, 23, 484, -2, 23, 184, 4500 }, // U+041C
    { 29, 23, 427, -1, 23, 167, 4684 }, // U+041D
    { 23, 25, 394, 1, 24, 144, 4851 }, // U+041E
    { 27, 23, 404, -1, 23, 156, 4995 }, // U+041F
    { 20, 24, 316, -1, 24, 120, 5151 }, // U+0420
    { 20, 25, 343, 1, 24, 125, 5271 }, // U+0421
    { 20, 23, 340, 2, 23, 115, 5396 }, // U+0422
    { 23, 24, 334, 1, 23, 138, 5511 }, // U+0423
    { 24, 25, 389, 0, 24, 150, 5649 }, // U+0424
    { 27, 23, 358, -3, 23, 156, 5799 }, // U+0425
    { 27, 30, 401, -1, 23, 203, 5955 }, // U+0426
    { 22, 23, 363, 2, 23, 127, 6158 }, // U+0427
    { 35, 23, 529, -1, 23, 202, 6285 }, // U+0428
    { 35, 30, 528, -1, 23, 263, 6487 }, // U+0429
    { 20, 24, 373, 2, 23, 120, 6750 }, // U+042A
    { 32, 24, 485, -1, 23, 192, 6870 }, // U+042B
    { 20, 24, 314, -1, 23, 120, 7062 }, // U+042C
    { 20, 25, 330, 0, 24, 125, 7182 }, // U+042D
    { 33, 25, 535, -1, 24, 207, 7307 }, // U+042E
    { 24, 24, 341, -2, 23, 144, 7514 }, // U+042F
    { 18, 19, 311, 1, 18, 86, 7658 }, // U+0430
    { 19, 28, 290, 1, 27, 133, 7744 }, // U+0431
    { 15, 19, 270, 1, 18, 72, 7877 }, // U+0432
    { 14, 19, 232, 0, 18, 67, 7949 }, // U+0433
    { 16, 27, 293, 1, 26, 108, 8016 }, // U+0434
    { 14, 19, 251, 1, 18, 67, 8124 }, // U+0435
    { 29, 19, 474, 0, 18, 138, 8191 }, // U+0436
    { 14, 19, 243, 0, 18, 67, 8329 }, // U+0437
    { 19, 19, 326, 1, 18, 91, 8396 }, // U+0438
    { 19, 28, 326, 1, 27, 133, 8487 }, // U+0439
    { 17, 19, 290, 1, 18, 81, 8620 }, // U+043A
    { 20, 19, 322, -1, 18, 95, 8701 }, // U+043B
    { 25, 19, 411, 0, 18, 119, 8796 }, // U+043C
    { 19, 19, 329, 1, 18, 91, 8915 }, // U+043D
    { 16, 19, 290, 1, 18, 76, 9006 }, // U+043E
    { 19, 19, 328, 1, 18, 91, 9082 }, // U+043F
    { 20, 26, 306, -2, 18, 130, 9173 }, // U+0440
    { 13, 19, 236, 1, 18, 62, 9303 }, // U+0441
    { 28, 19, 475, 1, 18, 133, 9365 }, // U+0442
    { 20, 26, 285, -3, 18, 130, 9498 }, // U+0443
    { 21, 34, 372, 1, 26, 179, 9628 }, // U+0444
    { 20, 19, 298, -1, 18, 95, 9807 }, // U+0445
    { 19, 25, 328, 1, 18, 119, 9902 }, // U+0446
    { 18, 19, 314, 1, 18, 86, 10021 }, // U+0447
    { 26, 19, 449, 1, 18, 124, 10107 }, // U+0448
    { 26, 25, 451, 1, 18, 163, 10231 }, // U+0449
    { 16, 19, 282, 1, 18, 76, 10394 }, // U+044A
    { 23, 19, 400, 1, 18, 110, 10470 }, // U+044B
    { 15, 19, 253, 0, 18, 72, 10580 }, // U+044C
    { 15, 19, 254, 0, 18, 72, 10652 }, // U+044D
    { 24, 19, 418, 1, 18, 114, 10724 }, // U+044E
    { 18, 19, 295, -1, 18, 86, 10838 }, // U+044F
    { 14, 28, 251, 1, 27, 98, 10924 }, // U+0450
    { 16, 26, 251, 1, 25, 104, 11022 }, // U+0451
    { 16, 34, 302, 1, 26, 136, 11126 }, // U+0452
    { 14, 28, 232, 0, 27, 98, 11262 }, // U+0453
    { 14, 19, 251, 1, 18, 67, 11360 }, // U+0454
    { 13, 19, 220, 0, 18, 62, 11427 }, // U+0455
    { 10, 27, 173, 1, 26, 68, 11489 }, // U+0456
    { 13, 26, 173, 1, 25, 85, 11557 }, // U+0457
    { 17, 34, 153, -6, 26, 145, 11642 }, // U+0458
    { 25, 19, 394, -1, 18, 119, 11787 }, // U+0459
    { 22, 19, 381, 1, 18, 105, 11906 }, // U+045A
    { 18, 27, 319, 1, 26, 122, 12011 }, // U+045B
    { 17, 28, 290, 1, 27, 119, 12133 }, // U+045C
    { 19, 28, 326, 1, 27, 133, 12252 }, // U+045D
    { 20, 35, 285, -3, 27, 175, 12385 }, // U+045E
    { 19, 25, 326, 1, 18, 119, 12560 }, // U+045F
    { 19, 27, 358, 2, 26, 129, 12679 }, // U+0462
    { 23, 19, 394, 1, 18, 110, 12808 }, // U+0463
    { 23, 25, 394, 1, 24, 144, 12918 }, // U+0472
    { 16, 19, 295, 1, 18, 76, 13062 }, // U+0473
    { 24, 25, 394, 2, 24, 150, 13138 }, // U+0474
    { 20, 19, 290, 0, 18, 95, 13288 }, // U+0475
    { 29, 40, 427, -1, 33, 290, 13383 }, // U+048A
    { 19, 34, 326, 1, 27, 162, 13673 }, // U+048B
    { 20, 24, 314, -1, 23, 120, 13835 }, // U+048C
    { 14, 25, 260, 1, 24, 88, 13955 }, // U+048D
    { 20, 24, 316, -1, 24, 120, 14043 }, // U+048E
    { 20, 26, 306, -2, 18, 130, 14163 }, // U+048F
    { 22, 28, 299, -1, 28, 154, 14293 }, // U+0490
    { 16, 23, 242, 0, 22, 92, 14447 }, // U+0491
    { 21, 23, 302, -1, 23, 121, 14539 }, // U+0492
    { 14, 19, 232, 0, 18, 67, 14660 }, // U+0493
    { 21, 30, 321, -1, 23, 158, 14727 }, // U+0494
    { 16, 25, 284, 1, 17, 100, 14885 }, // U+0495
    { 36, 31, 508, -3, 24, 279, 14985 }, // U+0496
    { 29, 25, 476, 0, 18, 182, 15264 }, // U+0497
    { 17, 31, 294, 0, 24, 132, 15446 }, // U+0498
    { 14, 25, 243, 0, 18, 88, 15578 }, // U+0499
    { 25, 31, 360, -1, 24, 194, 15666 }, // U+049A
    { 17, 25, 294, 1, 18, 107, 15860 }, // U+049B
    { 26, 25, 390, -1, 24, 163, 15967 }, // U+049C
    { 19, 19, 324, 1, 18, 91, 16130 }, // U+049D
    { 25, 25, 360, -1, 24, 157, 16221 }, // U+049E
    { 17, 25, 290, 1, 24, 107, 16378 }, // U+049F
    { 26, 25, 424, 2, 24, 163, 16485 }, // U+04A0
    { 19, 19, 328, 1, 18, 91, 16648 }, // U+04A1
    { 29, 30, 427, -1, 23, 218, 16739 }, // U+04A2
    { 19, 25, 334, 1, 18, 119, 16957 }, // U+04A3
    { 33, 23, 491, -1, 23, 190, 17076 }, // U+04A4
    { 23, 19, 394, 1, 18, 110, 17266 }, // U+04A5
    { 34, 30, 551, -1, 23, 255, 17376 }, // U+04A6
    { 26, 26, 450, 1, 18, 169, 17631 }, // U+04A7
    { 25, 25, 424, 1, 24, 157, 17800 }, // U+04A8
    { 19, 19, 343, 1, 18, 91, 17957 }, // U+04A9
    { 20, 31, 343, 1, 24, 155, 18048 }, // U+04AA
    { 13, 25, 236, 1, 18, 82, 18203 }, // U+04AB
    { 20, 30, 340, 2, 23, 150, 18285 }, // U+04AC
    { 28, 25, 479, 1, 18, 175, 18435 }, // U+04AD
    { 22, 23, 344, 2, 23, 127, 18610 }, // U+04AE
    { 17, 26, 275, 0, 18, 111, 18737 }, // U+04AF
    { 22, 23, 344, 2, 23, 127, 18848 }, // U+04B0
    { 17, 26, 275, 0, 18, 111, 18975 }, // U+04B1
    { 27, 30, 358, -3, 23, 203, 19086 }, // U+04B2
    { 20, 25, 298, -1, 18, 125, 19289 }, // U+04B3
    { 28, 30, 452, 1, 23, 210, 19414 }, // U+04B4
    { 19, 31, 328, 1, 24, 148, 19624 }, // U+04B5
    { 22, 30, 363, 2, 23, 165, 19772 }, // U+04B6
    { 18, 25, 317, 1, 18, 113, 19937 }, // U+04B7
    { 22, 23, 363, 2, 23, 127, 20050 }, // U+04B8
    { 18, 19, 315, 1, 18, 86, 20177 }, // U+04B9
    { 21, 23, 356, -1, 23, 121, 20263 }, // U+04BA
    { 18, 27, 318, 1, 26, 122, 20384 }, // U+04BB
    { 24, 25, 423, 1, 24, 150, 20506 }, // U+04BC
    { 19, 19, 308, 0, 18, 91, 20656 }, // U+04BD
    { 24, 32, 423, 1, 24, 192, 20747 }, // U+04BE
    { 19, 25, 308, 0, 18, 119, 20939 }, // U+04BF
    { 15, 23, 199, -1, 23, 87, 21058 }, // U+04C0
    { 36, 34, 508, -3, 33, 306, 21145 }, // U+04C1
    { 29, 28, 474, 0, 27, 203, 21451 }, // U+04C2
    { 25, 31, 362, -1, 24, 194, 21654 }, // U+04C3
    { 17, 26, 295, 1, 18, 111, 21848 }, // U+04C4
    { 26, 30, 369, -2, 23, 195, 21959 }, // U+04C5
    { 20, 25, 323, -1, 18, 125, 22154 }, // U+04C6
    { 29, 30, 427, -1, 23, 218, 22279 }, // U+04C7
    { 17, 26, 307, 1, 18, 111, 22497 }, // U+04C8
    { 29, 30, 427, -1, 23, 218, 22608 }, // U+04C9
    { 19, 25, 332, 1, 18, 119, 22826 }, // U+04CA
    { 22, 30, 363, 2, 23, 165, 22945 }, // U+04CB
    { 17, 25, 293, 1, 18, 107, 23110 }, // U+04CC
    { 32, 30, 484, -2, 23, 240, 23217 }, // U+04CD
    { 25, 25, 411, 0, 18, 157, 23457 }, // U+04CE
    { 14, 26, 169, -1, 26, 91, 23614 }, // U+04CF
    { 25, 33, 390, -2, 33, 207, 23705 }, // U+04D0
    { 18, 28, 311, 1, 27, 126, 23912 }, // U+04D1
    { 25, 31, 390, -2, 31, 194, 24038 }, // U+04D2
    { 18, 26, 311, 1, 25, 117, 24232 }, // U+04D3
    { 33, 23, 479, -3, 23, 190, 24349 }, // U+04D4
    { 24, 19, 412, 1, 18, 114, 24539 }, // U+04D5
    { 21, 33, 327, -1, 33, 174, 24653 }, // U+04D6
    { 16, 28, 251, 1, 27, 112, 24827 }, // U+04D7
    { 20, 25, 335, 0, 24, 125, 24939 }, // U+04D8
    { 15, 19, 256, 0, 18, 72, 25064 }, // U+04D9
    { 20, 32, 335, 0, 31, 160, 25136 }, // U+04DA
    { 16, 26, 256, 0, 25, 104, 25296 }, // U+04DB
    { 36, 32, 508, -3, 31, 288, 25400 }, // U+04DC
    { 29, 26, 474, 0, 25, 189, 25688 }, // U+04DD
    { 17, 32, 294, 0, 31, 136, 25877 }, // U+04DE
    { 15, 26, 243, 0, 25, 98, 26013 }, // U+04DF
    { 20, 24, 305, -1, 23, 120, 26111 }, // U+04E0
    { 19, 25, 275, -2, 17, 119, 26231 }, // U+04E1
    { 29, 30, 427, -1, 30, 218, 26350 }, // U+04E2
    { 19, 25, 326, 1, 24, 119, 26568 }, // U+04E3
    { 29, 31, 427, -1, 31, 225, 26687 }, // U+04E4
    { 19, 26, 326, 1, 25, 124, 26912 }, // U+04E5
    { 23, 32, 394, 1, 31, 184, 27036 }, // U+04E6
    { 17, 26, 290, 1, 25, 111, 27220 }, // U+04E7
    { 23, 25, 394, 1, 24, 144, 27331 }, // U+04E8
    { 16, 19, 295, 1, 18, 76, 27475 }, // U+04E9
    { 23, 32, 394, 1, 31, 184, 27551 }, // U+04EA
    { 17, 26, 295, 1, 25, 111, 27735 }, // U+04EB
    { 20, 32, 330, 0, 31, 160, 27846 }, // U+04EC
    { 15, 26, 254, 0, 25, 98, 28006 }, // U+04ED
    { 23, 31, 334, 1, 30, 179, 28104 }, // U+04EE
    { 20, 32, 285, -3, 24, 160, 28283 }, // U+04EF
    { 23, 32, 334, 1, 31, 184, 28443 }, // U+04F0
    { 20, 33, 285, -3, 25, 165, 28627 }, // U+04F1
    { 23, 34, 334, 1, 33, 196, 28792 }, // U+04F2
    { 20, 35, 285, -3, 27, 175, 28988 }, // U+04F3
    { 22, 31, 363, 2, 31, 171, 29163 }, // U+04F4
    { 18, 26, 315, 1, 25, 117, 29334 }, // U+04F5
    { 21, 30, 302, -1, 23, 158, 29451 }, // U+04F6
    { 14, 25, 232, 0, 18, 88, 29609 }, // U+04F7
    { 32, 32, 485, -1, 31, 256, 29697 }, // U+04F8
    { 23, 26, 400, 1, 25, 150, 29953 }, // U+04F9
    { 21, 30, 302, -1, 23, 158, 30103 }, // U+04FA
    { 14, 25, 232, 0, 18, 88, 30261 }, // U+04FB
    { 27, 30, 358, -3, 23, 203, 30349 }, // U+04FC
    { 20, 26, 298, -1, 18, 130, 30552 }, // U+04FD
    { 27, 23, 358, -3, 23, 156, 30682 }, // U+04FE
    { 20, 19, 298, -1, 18, 95, 30838 }, // U+04FF
    { 25, 32, 390, -2, 24, 200, 0 }, // U+1EA0
    { 18, 26, 311, 1, 18, 117, 200 }, // U+1EA1
    { 25, 34, 390, -2, 34, 213, 317 }, // U+1EA2
    { 18, 30, 311, 1, 29, 135, 530 }, // U+1EA3
    { 27, 35, 390, -2, 35, 237, 665 }, // U+1EA4
    { 21, 33, 311, 1, 32, 174, 902 }, // U+1EA5
    { 25, 35, 390, -2, 35, 219, 1076 }, // U+1EA6
    { 18, 33, 311, 1, 32, 149, 1295 }, // U+1EA7
    { 26, 35, 390, -2, 35, 228, 1444 }, // U+1EA8
    { 21, 33, 311, 1, 32, 174, 1672 }, // U+1EA9
    { 25, 35, 390, -2, 35, 219, 1846 }, // U+1EAA
    { 18, 32, 311, 1, 31, 144, 2065 }, // U+1EAB
    { 25, 40, 390, -2, 32, 250, 2209 }, // U+1EAC
    { 18, 35, 311, 1, 27, 158, 2459 }, // U+1EAD
    { 25, 35, 390, -2, 35, 219, 2617 }, // U+1EAE
    { 18, 33, 311, 1, 32, 149, 2836 }, // U+1EAF
    { 25, 35, 390, -2, 35, 219, 2985 }, // U+1EB0
    { 18, 33, 311, 1, 32, 149, 3204 }, // U+1EB1
    { 25, 35, 390, -2, 35, 219, 3353 }, // U+1EB2
    { 18, 34, 311, 1, 33, 153, 3572 }, // U+1EB3
    { 25, 35, 390, -2, 35, 219, 3725 }, // U+1EB4
    { 18, 32, 311, 1, 31, 144, 3944 }, // U+1EB5
    { 25, 40, 390, -2, 32, 250, 4088 }, // U+1EB6
    { 18, 34, 311, 1, 26, 153, 4338 }, // U+1EB7
    { 21, 31, 327, -1, 23, 163, 4491 }, // U+1EB8
    { 14, 26, 251, 1, 18, 91, 4654 }, // U+1EB9
    { 21, 34, 327, -1, 34, 179, 4745 }, // U+1EBA
    { 15, 30, 251, 1, 29, 113, 4924 }, // U+1EBB
    { 21, 31, 327, -1, 31, 163, 5037 }, // U+1EBC
    { 15, 27, 251, 1, 26, 102, 5200 }, // U+1EBD
    { 25, 35, 327, -1, 35, 219, 5302 }, // U+1EBE
    { 19, 33, 251, 1, 32, 157, 5521 }, // U+1EBF
    { 22, 35, 327, -1, 35, 193, 5678 }, // U+1EC0
    { 16, 33, 251, 1, 32, 132, 5871 }, // U+1EC1
    { 24, 35, 327, -1, 35, 210, 6003 }, // U+1EC2
    { 20, 33, 251, 1, 32, 165, 6213 }, // U+1EC3
    { 21, 35, 327, -1, 35, 184, 6378 }, // U+1EC4
    { 16, 32, 251, 1, 31, 128, 6562 }, // U+1EC5
    { 21, 40, 327, -1, 32, 210, 6690 }, // U+1EC6
    { 15, 35, 251, 1, 27, 132, 6900 }, // U+1EC7
    { 15, 34, 199, -1, 34, 128, 7032 }, // U+1EC8
    { 12, 30, 177, 1, 29, 90, 7160 }, // U+1EC9
    { 15, 31, 199, -1, 23, 117, 7250 }, // U+1ECA
    { 11, 34, 173, 0, 26, 94, 7367 }, // U+1ECB
    { 23, 32, 394, 1, 24, 184, 7461 }, // U+1ECC
    { 16, 26, 290, 1, 18, 104, 7645 }, // U+1ECD
    { 23, 35, 394, 1, 34, 202, 7749 }, // U+1ECE
    { 16, 30, 290, 1, 29, 120, 7951 }, // U+1ECF
    { 24, 36, 394, 1, 35, 216, 8071 }, // U+1ED0
    { 21, 33, 290, 1, 32, 174, 8287 }, // U+1ED1
    { 23, 36, 394, 1, 35, 207, 8461 }, // U+1ED2
    { 18, 33, 290, 1, 32, 149, 8668 }, // U+1ED3
    { 24, 36, 394, 1, 35, 216, 8817 }, // U+1ED4
    { 21, 33, 290, 1, 32, 174, 9033 }, // U+1ED5
    { 23, 36, 394, 1, 35, 207, 9207 }, // U+1ED6
    { 18, 32, 290, 1, 31, 144, 9414 }, // U+1ED7
    { 23, 40, 394, 1, 32, 230, 9558 }, // U+1ED8
    { 16, 35, 290, 1, 27, 140, 9788 }, // U+1ED9
    { 26, 33, 394, 1, 32, 215, 9928 }, // U+1EDA
    { 19, 28, 317, 1, 27, 133, 10143 }, // U+1EDB
    { 26, 33, 394, 1, 32, 215, 10276 }, // U+1EDC
    { 19, 28, 317, 1, 27, 133, 10491 }, // U+1EDD
    { 26, 35, 394, 1, 34, 228, 10624 }, // U+1EDE
    { 19, 30, 317, 1, 29, 143, 10852 }, // U+1EDF
    { 26, 32, 394, 1, 31, 208, 10995 }, // U+1EE0
    { 19, 27, 317, 1, 26, 129, 11203 }, // U+1EE1
    { 26, 36, 394, 1, 28, 234, 11332 }, // U+1EE2
    { 19, 29, 290, 1, 21, 138, 11566 }, // U+1EE3
    { 24, 31, 409, 3, 23, 186, 11704 }, // U+1EE4
    { 19, 26, 326, 1, 18, 124, 11890 }, // U+1EE5
    { 24, 35, 409, 3, 34, 210, 12014 }, // U+1EE6
    { 19, 30, 326, 1, 29, 143, 12224 }, // U+1EE7
    { 26, 33, 409, 3, 32, 215, 12367 }, // U+1EE8
    { 22, 28, 347, 1, 27, 154, 12582 }, // U+1EE9
    { 26, 33, 409, 3, 32, 215, 12736 }, // U+1EEA
    { 22, 28, 347, 1, 27, 154, 12951 }, // U+1EEB
    { 26, 35, 409, 3, 34, 228, 13105 }, // U+1EEC
    { 22, 30, 347, 1, 29, 165, 13333 }, // U+1EED
    { 26, 32, 409, 3, 31, 208, 13498 }, // U+1EEE
    { 22, 27, 347, 1, 26, 149, 13706 }, // U+1EEF
    { 26, 36, 409, 3, 28, 234, 13855 }, // U+1EF0
    { 22, 29, 326, 1, 21, 160, 14089 }, // U+1EF1
    { 22, 32, 344, 2, 32, 176, 14249 }, // U+1EF2
    { 20, 35, 285, -3, 27, 175, 14425 }, // U+1EF3
    { 22, 31, 344, 2, 23, 171, 14600 }, // U+1EF4
    { 20, 26, 285, -3, 18, 130, 14771 }, // U+1EF5
    { 22, 34, 344, 2, 34, 187, 14901 }, // U+1EF6
    { 20, 37, 285, -3, 29, 185, 15088 }, // U+1EF7
    { 22, 31, 344, 2, 31, 171, 15273 }, // U+1EF8
    { 20, 34, 285, -3, 26, 170, 15444 }, // U+1EF9
    { 0, 0, 267, 0, 0, 0, 0 }, // U+2000
    { 0, 0, 533, 0, 0, 0, 0 }, // U+2001
    { 0, 0, 267, 0, 0, 0, 0 }, // U+2002
    { 0, 0, 533, 0, 0, 0, 0 }, // U+2003
    { 0, 0, 178, 0, 0, 0, 0 }, // U+2004
    { 0, 0, 133, 0, 0, 0, 0 }, // U+2005
    { 0, 0, 89, 0, 0, 0, 0 }, // U+2006
    { 0, 0, 332, 0, 0, 0, 0 }, // U+2007
    { 0, 0, 146, 0, 0, 0, 0 }, // U+2008
    { 0, 0, 107, 0, 0, 0, 0 }, // U+2009
    { 0, 0, 27, 0, 0, 0, 0 }, // U+200A
    { 0, 0, 0, 0, 0, 0, 0 }, // U+200B
    { 2, 28, 0, -1, 20, 14, 0 }, // U+200C
    { 8, 30, 0, -4, 22, 60, 14 }, // U+200D
    { 12, 31, 0, -6, 23, 93, 74 }, // U+200E
    { 12, 31, 0, -6, 23, 93, 167 }, // U+200F
    { 11, 3, 199, 1, 10, 9, 260 }, // U+2010
    { 11, 3, 199, 1, 10, 9, 269 }, // U+2011
    { 16, 3, 332, 2, 13, 12, 278 }, // U+2012
    { 17, 3, 267, 0, 10, 13, 290 }, // U+2013
    { 33, 3, 533, 0, 10, 25, 303 }, // U+2014
    { 33, 3, 533, 0, 10, 25, 328 }, // U+2015
    { 11, 34, 267, 3, 26, 94, 353 }, // U+2016
    { 17, 8, 267, 0, -1, 34, 447 }, // U+2017
    { 7, 11, 161, 3, 25, 20, 481 }, // U+2018
    { 7, 11, 161, 2, 25, 20, 501 }, // U+2019
    { 7, 10, 161, 1, 4, 18, 521 }, // U+201A
    { 6, 11, 126, 1, 25, 17, 539 }, // U+201B
    { 13, 11, 267, 3, 25, 36, 556 }, // U+201C
    { 14, 11, 267, 2, 25, 39, 592 }, // U+201D
    { 14, 10, 267, 1, 4, 35, 631 }, // U+201E
    { 13, 11, 233, 1, 25, 36, 666 }, // U+201F
    { 15, 22, 249, 1, 24, 83, 702 }, // U+2020
    { 16, 26, 249, 0, 24, 104, 785 }, // U+2021
    { 8, 7, 160, 1, 12, 14, 889 }, // U+2022
    { 12, 12, 332, 4, 17, 36, 903 }, // U+2023
    { 5, 5, 146, 2, 4, 7, 939 }, // U+2024
    { 14, 6, 267, 1, 5, 21, 946 }, // U+2025
    { 27, 6, 533, 3, 5, 41, 967 }, // U+2026
    { 5, 6, 146, 2, 12, 8, 1008 }, // U+2027
    { 0, 0, 0, 0, 0, 0, 1016 }, // U+2028
    { 0, 0, 0, 0, 0, 0, 1016 }, // U+2029
    { 12, 31, 0, -6, 23, 93, 1016 }, // U+202A
    { 12, 31, 0, -6, 23, 93, 1109 }, // U+202B
    { 10, 31, 0, -5, 23, 78, 1202 }, // U+202C
    { 14, 31, 0, -7, 23, 109, 1280 }, // U+202D
    { 14, 31, 0, -7, 23, 109, 1389 }, // U+202E
    { 0, 0, 57, 0, 0, 0, 1498 }, // U+202F
    { 41, 26, 727, 2, 24, 267, 1498 }, // U+2030
    { 7, 11, 140, 1, 23, 20, 1765 }, // U+2032
    { 13, 11, 244, 1, 23, 36, 1785 }, // U+2033
    { 20, 11, 348, 1, 23, 55, 1821 }, // U+2034
    { 7, 11, 140, 1, 23, 20, 1876 }, // U+2035
    { 14, 11, 256, 1, 23, 39, 1896 }, // U+2036
    { 21, 11, 372, 1, 23, 58, 1935 }, // U+2037
    { 14, 7, 266, 1, 0, 25, 1993 }, // U+2038
    { 9, 13, 168, 1, 15, 30, 2018 }, // U+2039
    { 10, 13, 168, 0, 15, 33, 2048 }, // U+203A
    { 21, 23, 332, 0, 22, 121, 2081 }, // U+203B
    { 19, 26, 307, 1, 25, 124, 2202 }, // U+203C
    { 17, 3, 267, 0, 27, 13, 2326 }, // U+203E
    { 8, 3, 160, 1, 10, 6, 2339 }, // U+2043
    { 20, 26, 125, -6, 24, 130, 2345 }, // U+2044
    { 25, 25, 434, 2, 24, 157, 2475 }, // U+2047
    { 22, 26, 372, 2, 25, 143, 2632 }, // U+2048
    { 23, 26, 383, 1, 25, 150, 2775 }, // U+2049
    { 19, 6, 533, 7, 13, 29, 2925 }, // U+2053
    { 26, 11, 452, 1, 23, 72, 2954 }, // U+2057
    { 0, 0, 118, 0, 0, 0, 3026 }, // U+205F
    { 0, 0, 0, 0, 0, 0, 3026 }, // U+2060
    { 0, 0, 0, 0, 0, 0, 3026 }, // U+2061
    { 0, 0, 0, 0, 0, 0, 3026 }, // U+2062
    { 0, 0, 0, 0, 0, 0, 3026 }, // U+2063
    { 0, 0, 0, 0, 0, 0, 3026 }, // U+2064
    { 13, 17, 238, 1, 28, 56, 0 }, // U+2070
    { 14, 16, 238, 0, 28, 56, 56 }, // U+2074
    { 13, 16, 238, 1, 27, 52, 112 }, // U+2075
    { 13, 17, 238, 2, 28, 56, 164 }, // U+2076
    { 12, 16, 238, 3, 27, 48, 220 }, // U+2077
    { 13, 17, 238, 1, 28, 56, 268 }, // U+2078
    { 13, 17, 238, 0, 28, 56, 324 }, // U+2079
    { 13, 12, 302, 3, 23, 39, 380 }, // U+207F
    { 13, 16, 238, 1, 11, 52, 419 }, // U+2080
    { 10, 16, 238, 2, 11, 40, 471 }, // U+2081
    { 13, 16, 238, 1, 11, 52, 511 }, // U+2082
    { 12, 16, 238, 1, 11, 48, 563 }, // U+2083
    { 14, 16, 238, 0, 11, 56, 611 }, // U+2084
    { 13, 16, 238, 1, 11, 52, 667 }, // U+2085
    { 13, 16, 238, 2, 11, 52, 719 }, // U+2086
    { 12, 16, 238, 3, 11, 48, 771 }, // U+2087
    { 13, 16, 238, 1, 11, 52, 819 }, // U+2088
    { 13, 16, 238, 0, 11, 52, 871 }, // U+2089
    { 21, 23, 332, 0, 23, 121, 0 }, // U+20A3
    { 21, 24, 332, -1, 23, 126, 121 }, // U+20A4
    { 40, 24, 667, 0, 23, 240, 247 }, // U+20A7
    { 23, 24, 332, -1, 23, 138, 487 }, // U+20AC
    { 19, 13, 533, 7, 18, 62, 0 }, // U+2190
    { 13, 21, 533, 10, 22, 69, 62 }, // U+2191
    { 19, 13, 533, 7, 18, 62, 131 }, // U+2192
    { 13, 21, 533, 10, 22, 69, 193 }, // U+2193
    { 21, 13, 533, 6, 18, 69, 262 }, // U+2194
    { 13, 23, 533, 10, 23, 75, 331 }, // U+2195
    { 15, 22, 533, 9, 22, 83, 406 }, // U+21A8
    { 13, 21, 533, 10, 22, 69, 489 }, // U+21B2
    { 13, 21, 533, 10, 22, 69, 558 }, // U+21B3
    { 19, 15, 533, 7, 19, 72, 627 }, // U+21B5
    { 19, 15, 533, 7, 19, 72, 699 }, // U+21D0
    { 15, 19, 533, 9, 21, 72, 771 }, // U+21D1
    { 19, 15, 533, 7, 19, 72, 843 }, // U+21D2
    { 15, 19, 533, 9, 21, 72, 915 }, // U+21D3
    { 21, 15, 533, 6, 19, 79, 987 }, // U+21D4
    { 23, 24, 533, 5, 23, 138, 0 }, // U+2200
    { 17, 27, 332, 2, 26, 115, 138 }, // U+2202
    { 15, 23, 533, 9, 23, 87, 253 }, // U+2203
    { 25, 27, 533, 4, 25, 169, 340 }, // U+2205
    { 20, 24, 351, 1, 24, 120, 509 }, // U+2206
    { 21, 24, 533, 6, 23, 126, 629 }, // U+2207
    { 21, 23, 533, 6, 23, 121, 755 }, // U+2208
    { 21, 29, 533, 6, 26, 153, 876 }, // U+2209
    { 21, 19, 533, 6, 21, 100, 1029 }, // U+220A
    { 21, 23, 533, 6, 23, 121, 1129 }, // U+220B
    { 21, 29, 533, 6, 26, 153, 1250 }, // U+220C
    { 21, 19, 533, 6, 21, 100, 1403 }, // U+220D
    { 25, 29, 432, 1, 23, 182, 1503 }, // U+220F
    { 20, 29, 326, 0, 23, 145, 1685 }, // U+2211
    { 15, 3, 332, 3, 13, 12, 1830 }, // U+2212
    { 19, 26, 266, -1, 24, 124, 1842 }, // U+2215
    { 13, 26, 266, 2, 24, 85, 1966 }, // U+2216
    { 15, 16, 332, 3, 19, 60, 2051 }, // U+2217
    { 12, 12, 332, 4, 17, 36, 2111 }, // U+2218
    { 6, 6, 332, 7, 12, 9, 2147 }, // U+2219
    { 21, 31, 332, 0, 27, 163, 2156 }, // U+221A
    { 16, 13, 332, 2, 17, 52, 2319 }, // U+221D
    { 21, 11, 332, 0, 16, 58, 2371 }, // U+221E
    { 21, 23, 533, 6, 23, 121, 2429 }, // U+221F
    { 23, 23, 533, 4, 23, 133, 2550 }, // U+2220
    { 4, 34, 267, 6, 26, 34, 2683 }, // U+2223
    { 10, 34, 267, 3, 26, 85, 2717 }, // U+2225
    { 21, 23, 533, 6, 23, 121, 2802 }, // U+2227
    { 21, 23, 533, 6, 23, 121, 2923 }, // U+2228
    { 19, 24, 533, 7, 24, 114, 3044 }, // U+2229
    { 19, 24, 533, 7, 23, 114, 3158 }, // U+222A
    { 18, 34, 332, 1, 26, 153, 3272 }, // U+222B
    { 21, 19, 533, 6, 18, 100, 3425 }, // U+2234
    { 21, 19, 533, 6, 18, 100, 3525 }, // U+2235
    { 7, 18, 162, 1, 20, 32, 3625 }, // U+2236
    { 21, 19, 533, 6, 18, 100, 3657 }, // U+2237
    { 19, 6, 533, 7, 13, 29, 3757 }, // U+223C
    { 19, 18, 533, 7, 20, 86, 3786 }, // U+2245
    { 16, 12, 332, 2, 17, 48, 3872 }, // U+2248
    { 19, 11, 533, 7, 15, 53, 3920 }, // U+224D
    { 15, 15, 332, 3, 19, 57, 3973 }, // U+2260
    { 19, 15, 533, 7, 17, 72, 4030 }, // U+2261
    { 15, 20, 332, 3, 20, 75, 4102 }, // U+2264
    { 15, 20, 332, 3, 20, 75, 4177 }, // U+2265
    { 27, 16, 533, 3, 19, 108, 4252 }, // U+226A
    { 27, 16, 533, 3, 19, 108, 4360 }, // U+226B
    { 21, 19, 533, 6, 21, 100, 4468 }, // U+2283
    { 21, 29, 533, 6, 26, 153, 4568 }, // U+2284
    { 21, 29, 533, 6, 26, 153, 4721 }, // U+2285
    { 21, 23, 533, 6, 23, 121, 4874 }, // U+2286
    { 21, 23, 533, 6, 23, 121, 4995 }, // U+2287
    { 25, 25, 533, 4, 24, 157, 5116 }, // U+2295
    { 25, 25, 533, 4, 24, 157, 5273 }, // U+2296
    { 25, 25, 533, 4, 24, 157, 5430 }, // U+2297
    { 25, 25, 533, 4, 24, 157, 5587 }, // U+2298
    { 19, 23, 533, 7, 23, 110, 5744 }, // U+22A5
    { 6, 6, 332, 7, 12, 9, 5854 }, // U+22C5
    { 27, 6, 533, 3, 12, 41, 5863 }, // U+22EF
    { 34, 34, 394, -6, 26, 289, 0 }, // U+FB00
    { 27, 34, 348, -6, 26, 230, 289 }, // U+FB01
    { 28, 34, 360, -6, 26, 238, 519 }, // U+FB02
    { 38, 34, 522, -6, 26, 323, 757 }, // U+FB03
    { 39, 34, 534, -6, 26, 332, 1080 }, // U+FB04
    { 31, 34, 392, -6, 26, 264, 1412 }, // U+FB05
    { 27, 25, 427, 0, 24, 169, 1676 }, // U+FB06
    { 31, 32, 533, 1, 28, 248, 0 }, // U+FFFD
};

static const EpdUnicodeInterval bookerly_16_italicIntervals[] = {
    { 0x0, 0x0, 0x0 },
    { 0x8, 0x9, 0x1 },
    { 0xD, 0xD, 0x3 },
    { 0x1D, 0x1D, 0x4 },
    { 0x20, 0x7E, 0x5 },
    { 0xA0, 0xFF, 0x64 },
    { 0x100, 0x17F, 0xC4 },
    { 0x1A0, 0x1A1, 0x144 },
    { 0x1AF, 0x1B0, 0x146 },
    { 0x1C4, 0x1F5, 0x148 },
    { 0x1F8, 0x21F, 0x17A },
    { 0x300, 0x304, 0x1A2 },
    { 0x306, 0x30C, 0x1A7 },
    { 0x30F, 0x30F, 0x1AE },
    { 0x311, 0x315, 0x1AF },
    { 0x31B, 0x31B, 0x1B4 },
    { 0x323, 0x329, 0x1B5 },
    { 0x32D, 0x32E, 0x1BC },
    { 0x330, 0x331, 0x1BE },
    { 0x342, 0x342, 0x1C0 },
    { 0x344, 0x345, 0x1C1 },
    { 0x400, 0x45F, 0x1C3 },
    { 0x462, 0x463, 0x223 },
    { 0x472, 0x475, 0x225 },
    { 0x48A, 0x4FF, 0x229 },
    { 0x1EA0, 0x1EF9, 0x29F },
    { 0x2000, 0x2030, 0x2F9 },
    { 0x2032, 0x203C, 0x32A },
    { 0x203E, 0x203E, 0x335 },
    { 0x2043, 0x2044, 0x336 },
    { 0x2047, 0x2049, 0x338 },
    { 0x2053, 0x2053, 0x33B },
    { 0x2057, 0x2057, 0x33C },
    { 0x205F, 0x2064, 0x33D },
    { 0x2070, 0x2070, 0x343 },
    { 0x2074, 0x2079, 0x344 },
    { 0x207F, 0x2089, 0x34A },
    { 0x20A3, 0x20A4, 0x355 },
    { 0x20A7, 0x20A7, 0x357 },
    { 0x20AC, 0x20AC, 0x358 },
    { 0x2190, 0x2195, 0x359 },
    { 0x21A8, 0x21A8, 0x35F },
    { 0x21B2, 0x21B3, 0x360 },
    { 0x21B5, 0x21B5, 0x362 },
    { 0x21D0, 0x21D4, 0x363 },
    { 0x2200, 0x2200, 0x368 },
    { 0x2202, 0x2203, 0x369 },
    { 0x2205, 0x220D, 0x36B },
    { 0x220F, 0x220F, 0x374 },
    { 0x2211, 0x2212, 0x375 },
    { 0x2215, 0x221A, 0x377 },
    { 0x221D, 0x2220, 0x37D },
    { 0x2223, 0x2223, 0x381 },
    { 0x2225, 0x2225, 0x382 },
    { 0x2227, 0x222B, 0x383 },
    { 0x2234, 0x2237, 0x388 },
    { 0x223C, 0x223C, 0x38C },
    { 0x2245, 0x2245, 0x38D },
    { 0x2248, 0x2248, 0x38E },
    { 0x224D, 0x224D, 0x38F },
    { 0x2260, 0x2261, 0x390 },
    { 0x2264, 0x2265, 0x392 },
    { 0x226A, 0x226B, 0x394 },
    { 0x2283, 0x2287, 0x396 },
    { 0x2295, 0x2298, 0x39B },
    { 0x22A5, 0x22A5, 0x39F },
    { 0x22C5, 0x22C5, 0x3A0 },
    { 0x22EF, 0x22EF, 0x3A1 },
    { 0xFB00, 0xFB06, 0x3A2 },
    { 0xFFFD, 0xFFFD, 0x3A9 },
};

static const EpdFontGroup bookerly_16_italicGroups[] = {
    { 0, 4740, 10602, 100, 0 },
    { 4740, 3975, 12607, 96, 100 },
    { 8715, 5062, 19965, 128, 196 },
    { 13777, 5289, 17402, 94, 324 },
    { 19066, 425, 620, 33, 418 },
    { 19491, 9386, 33011, 220, 451 },
    { 28877, 2878, 16816, 90, 671 },
    { 31755, 1423, 3288, 74, 761 },
    { 33178, 621, 1088, 18, 835 },
    { 33799, 354, 666, 4, 853 },
    { 34153, 546, 1191, 15, 857 },
    { 34699, 2356, 6511, 58, 872 },
    { 37055, 717, 1909, 7, 930 },
    { 37772, 144, 256, 1, 937 },
};

static const EpdKernClassEntry bookerly_16_italicKernLeftClasses[] = {
    { 0x0028, 1 }, // (
    { 0x002A, 2 }, // *
    { 0x002C, 3 }, // ,
    { 0x002D, 4 }, // -
    { 0x002E, 3 }, // .
    { 0x002F, 5 }, // /
    { 0x0041, 6 }, // A
    { 0x0042, 7 }, // B
    { 0x0043, 8 }, // C
    { 0x0044, 9 }, // D
    { 0x0045, 10 }, // E
    { 0x0046, 11 }, // F
    { 0x0047, 12 }, // G
    { 0x0048, 13 }, // H
    { 0x0049, 13 }, // I
    { 0x004A, 14 }, // J
    { 0x004B, 15 }, // K
    { 0x004C, 16 }, // L
    { 0x004D, 17 }, // M
    { 0x004E, 18 }, // N
    { 0x004F, 9 }, // O
    { 0x0050, 19 }, // P
    { 0x0051, 20 }, // Q
    { 0x0052, 21 }, // R
    { 0x0053, 22 }, // S
    { 0x0054, 23 }, // T
    { 0x0055, 24 }, // U
    { 0x0056, 25 }, // V
    { 0x0057, 25 }, // W
    { 0x0058, 26 }, // X
    { 0x0059, 27 }, // Y
    { 0x005A, 28 }, // Z
    { 0x005B, 29 }, // [
    { 0x005C, 30 }, // <backslash>
    { 0x0061, 31 }, // a
    { 0x0062, 32 }, // b
    { 0x0063, 33 }, // c
    { 0x0065, 34 }, // e
    { 0x0066, 35 }, // f
    { 0x0067, 36 }, // g
    { 0x0068, 37 }, // h
    { 0x006A, 38 }, // j
    { 0x006B, 39 }, // k
    { 0x006D, 37 }, // m
    { 0x006E, 37 }, // n
    { 0x006F, 32 }, // o
    { 0x0070, 32 }, // p
    { 0x0071, 40 }, // q
    { 0x0072, 41 }, // r
    { 0x0073, 42 }, // s
    { 0x0074, 43 }, // t
    { 0x0075, 31 }, // u
    { 0x0076, 44 }, // v
    { 0x0077, 44 }, // w
    { 0x0078, 45 }, // x
    { 0x0079, 44 }, // y
    { 0x007A, 46 }, // z
    { 0x007B, 47 }, // {
    { 0x00A1, 48 }, // U+00A1
    { 0x00AB, 49 }, // U+00AB
    { 0x00AD, 4 }, // U+00AD
    { 0x00BB, 50 }, // U+00BB
    { 0x00BF, 51 }, // U+00BF
    { 0x00C0, 6 }, // U+00C0
    { 0x00C1, 6 }, // U+00C1
    { 0x00C2, 6 }, // U+00C2
    { 0x00C3, 6 }, // U+00C3
    { 0x00C4, 6 }, // U+00C4
    { 0x00C5, 6 }, // U+00C5
    { 0x00C6, 10 }, // U+00C6
    { 0x00C7, 8 }, // U+00C7
    { 0x00C8, 10 }, // U+00C8
    { 0x00C9, 10 }, // U+00C9
    { 0x00CA, 10 }, // U+00CA
    { 0x00CB, 10 }, // U+00CB
    { 0x00CC, 13 }, // U+00CC
    { 0x00CD, 13 }, // U+00CD
    { 0x00CE, 13 }, // U+00CE
    { 0x00CF, 13 }, // U+00CF
    { 0x00D0, 9 }, // U+00D0
    { 0x00D1, 18 }, // U+00D1
    { 0x00D2, 9 }, // U+00D2
    { 0x00D3, 9 }, // U+00D3
    { 0x00D4, 9 }, // U+00D4
    { 0x00D5, 9 }, // U+00D5
    { 0x00D6, 9 }, // U+00D6
    { 0x00D8, 9 }, // U+00D8
    { 0x00D9, 24 }, // U+00D9
    { 0x00DA, 24 }, // U+00DA
    { 0x00DB, 24 }, // U+00DB
    { 0x00DC, 24 }, // U+00DC
    { 0x00DD, 27 }, // U+00DD
    { 0x00DE, 52 }, // U+00DE
    { 0x00DF, 53 }, // U+00DF
    { 0x00E0, 31 }, // U+00E0
    { 0x00E1, 31 }, // U+00E1
    { 0x00E2, 31 }, // U+00E2
    { 0x00E3, 31 }, // U+00E3
    { 0x00E4, 31 }, // U+00E4
    { 0x00E5, 31 }, // U+00E5
    { 0x00E6, 34 }, // U+00E6
    { 0x00E7, 54 }, // U+00E7
    { 0x00E8, 34 }, // U+00E8
    { 0x00E9, 34 }, // U+00E9
    { 0x00EA, 34 }, // U+00EA
    { 0x00EB, 34 }, // U+00EB
    { 0x00EE, 55 }, // U+00EE
    { 0x00EF, 55 }, // U+00EF
    { 0x00F0, 32 }, // U+00F0
    { 0x00F1, 37 }, // U+00F1
    { 0x00F2, 32 }, // U+00F2
    { 0x00F3, 32 }, // U+00F3
    { 0x00F4, 32 }, // U+00F4
    { 0x00F5, 32 }, // U+00F5
    { 0x00F6, 32 }, // U+00F6
    { 0x00F8, 56 }, // U+00F8
    { 0x00F9, 31 }, // U+00F9
    { 0x00FA, 31 }, // U+00FA
    { 0x00FB, 31 }, // U+00FB
    { 0x00FC, 31 }, // U+00FC
    { 0x00FD, 44 }, // U+00FD
    { 0x00FE, 32 }, // U+00FE
    { 0x00FF, 44 }, // U+00FF
    { 0x0100, 6 }, // U+0100
    { 0x0101, 31 }, // U+0101
    { 0x0102, 6 }, // U+0102
    { 0x0103, 31 }, // U+0103
    { 0x0104, 57 }, // U+0104
    { 0x0105, 58 }, // U+0105
    { 0x0106, 8 }, // U+0106
    { 0x0107, 33 }, // U+0107
    { 0x0108, 8 }, // U+0108
    { 0x0109, 33 }, // U+0109
    { 0x010A, 8 }, // U+010A
    { 0x010B, 33 }, // U+010B
    { 0x010C, 8 }, // U+010C
    { 0x010D, 33 }, // U+010D
    { 0x010E, 9 }, // U+010E
    { 0x010F, 59 }, // U+010F
    { 0x0110, 9 }, // U+0110
    { 0x0112, 10 }, // U+0112
    { 0x0113, 34 }, // U+0113
    { 0x0114, 10 }, // U+0114
    { 0x0115, 34 }, // U+0115
    { 0x0116, 10 }, // U+0116
    { 0x0117, 34 }, // U+0117
    { 0x0118, 60 }, // U+0118
    { 0x0119, 61 }, // U+0119
    { 0x011A, 10 }, // U+011A
    { 0x011B, 34 }, // U+011B
    { 0x011C, 12 }, // U+011C
    { 0x011D, 36 }, // U+011D
    { 0x011E, 12 }, // U+011E
    { 0x011F, 36 }, // U+011F
    { 0x0120, 12 }, // U+0120
    { 0x0121, 36 }, // U+0121
    { 0x0122, 12 }, // U+0122
    { 0x0123, 36 }, // U+0123
    { 0x0124, 13 }, // U+0124
    { 0x0125, 37 }, // U+0125
    { 0x0126, 13 }, // U+0126
    { 0x0127, 37 }, // U+0127
    { 0x0128, 13 }, // U+0128
    { 0x0129, 62 }, // U+0129
    { 0x012A, 13 }, // U+012A
    { 0x012B, 55 }, // U+012B
    { 0x012C, 13 }, // U+012C
    { 0x012D, 55 }, // U+012D
    { 0x012E, 63 }, // U+012E
    { 0x012F, 64 }, // U+012F
    { 0x0130, 13 }, // U+0130
    { 0x0131, 31 }, // U+0131
    { 0x0132, 14 }, // U+0132
    { 0x0133, 38 }, // U+0133
    { 0x0134, 14 }, // U+0134
    { 0x0135, 65 }, // U+0135
    { 0x0136, 15 }, // U+0136
    { 0x0137, 39 }, // U+0137
    { 0x0138, 66 }, // U+0138
    { 0x0139, 16 }, // U+0139
    { 0x013B, 16 }, // U+013B
    { 0x013C, 67 }, // U+013C
    { 0x013E, 59 }, // U+013E
    { 0x0141, 16 }, // U+0141
    { 0x0142, 68 }, // U+0142
    { 0x0143, 18 }, // U+0143
    { 0x0144, 37 }, // U+0144
    { 0x0145, 18 }, // U+0145
    { 0x0146, 37 }, // U+0146
    { 0x0147, 18 }, // U+0147
    { 0x0148, 37 }, // U+0148
    { 0x0149, 37 }, // U+0149
    { 0x014A, 18 }, // U+014A
    { 0x014B, 69 }, // U+014B
    { 0x014C, 9 }, // U+014C
    { 0x014D, 32 }, // U+014D
    { 0x014E, 9 }, // U+014E
    { 0x014F, 32 }, // U+014F
    { 0x0150, 9 }, // U+0150
    { 0x0151, 32 }, // U+0151
    { 0x0152, 10 }, // U+0152
    { 0x0153, 34 }, // U+0153
    { 0x0154, 21 }, // U+0154
    { 0x0155, 41 }, // U+0155
    { 0x0156, 21 }, // U+0156
    { 0x0157, 41 }, // U+0157
    { 0x0158, 21 }, // U+0158
    { 0x0159, 41 }, // U+0159
    { 0x015A, 22 }, // U+015A
    { 0x015B, 42 }, // U+015B
    { 0x015C, 22 }, // U+015C
    { 0x015D, 42 }, // U+015D
    { 0x015E, 22 }, // U+015E
    { 0x015F, 70 }, // U+015F
    { 0x0160, 22 }, // U+0160
    { 0x0161, 42 }, // U+0161
    { 0x0162, 23 }, // U+0162
    { 0x0163, 71 }, // U+0163
    { 0x0164, 23 }, // U+0164
    { 0x0166, 23 }, // U+0166
    { 0x0167, 43 }, // U+0167
    { 0x0168, 24 }, // U+0168
    { 0x0169, 31 }, // U+0169
    { 0x016A, 24 }, // U+016A
    { 0x016B, 31 }, // U+016B
    { 0x016C, 24 }, // U+016C
    { 0x016D, 31 }, // U+016D
    { 0x016E, 24 }, // U+016E
    { 0x016F, 31 }, // U+016F
    { 0x0170, 24 }, // U+0170
    { 0x0171, 31 }, // U+0171
    { 0x0172, 24 }, // U+0172
    { 0x0173, 72 }, // U+0173
    { 0x0174, 25 }, // U+0174
    { 0x0175, 44 }, // U+0175
    { 0x0176, 27 }, // U+0176
    { 0x0177, 44 }, // U+0177
    { 0x0178, 27 }, // U+0178
    { 0x0179, 28 }, // U+0179
    { 0x017A, 46 }, // U+017A
    { 0x017B, 28 }, // U+017B
    { 0x017C, 46 }, // U+017C
    { 0x017D, 28 }, // U+017D
    { 0x017E, 46 }, // U+017E
    { 0x01A0, 73 }, // U+01A0
    { 0x01A1, 74 }, // U+01A1
    { 0x01AF, 75 }, // U+01AF
    { 0x01B0, 76 }, // U+01B0
    { 0x01C4, 28 }, // U+01C4
    { 0x01C5, 46 }, // U+01C5
    { 0x01C6, 46 }, // U+01C6
    { 0x01C7, 14 }, // U+01C7
    { 0x01C8, 38 }, // U+01C8
    { 0x01C9, 38 }, // U+01C9
    { 0x01CA, 14 }, // U+01CA
    { 0x01CB, 38 }, // U+01CB
    { 0x01CC, 38 }, // U+01CC
    { 0x01CD, 6 }, // U+01CD
    { 0x01CE, 31 }, // U+01CE
    { 0x01CF, 13 }, // U+01CF
    { 0x01D0, 55 }, // U+01D0
    { 0x01D1, 9 }, // U+01D1
    { 0x01D2, 32 }, // U+01D2
    { 0x01D3, 24 }, // U+01D3
    { 0x01D4, 31 }, // U+01D4
    { 0x01D5, 24 }, // U+01D5
    { 0x01D6, 31 }, // U+01D6
    { 0x01D7, 24 }, // U+01D7
    { 0x01D8, 31 }, // U+01D8
    { 0x01D9, 24 }, // U+01D9
    { 0x01DA, 31 }, // U+01DA
    { 0x01DB, 24 }, // U+01DB
    { 0x01DC, 31 }, // U+01DC
    { 0x01DD, 32 }, // U+01DD
    { 0x01DE, 6 }, // U+01DE
    { 0x01DF, 31 }, // U+01DF
    { 0x01E0, 6 }, // U+01E0
    { 0x01E1, 31 }, // U+01E1
    { 0x01E2, 10 }, // U+01E2
    { 0x01E3, 34 }, // U+01E3
    { 0x01E4, 12 }, // U+01E4
    { 0x01E5, 77 }, // U+01E5
    { 0x01E6, 12 }, // U+01E6
    { 0x01E7, 36 }, // U+01E7
    { 0x01E8, 15 }, // U+01E8
    { 0x01E9, 39 }, // U+01E9
    { 0x01EA, 9 }, // U+01EA
    { 0x01EB, 32 }, // U+01EB
    { 0x01EC, 9 }, // U+01EC
    { 0x01ED, 32 }, // U+01ED
    { 0x01EE, 78 }, // U+01EE
    { 0x01EF, 79 }, // U+01EF
    { 0x01F0, 65 }, // U+01F0
    { 0x01F1, 28 }, // U+01F1
    { 0x01F2, 46 }, // U+01F2
    { 0x01F3, 46 }, // U+01F3
    { 0x01F4, 12 }, // U+01F4
    { 0x01F5, 36 }, // U+01F5
    { 0x01F8, 18 }, // U+01F8
    { 0x01F9, 37 }, // U+01F9
    { 0x01FA, 6 }, // U+01FA
    { 0x01FB, 31 }, // U+01FB
    { 0x01FC, 10 }, // U+01FC
    { 0x01FD, 34 }, // U+01FD
    { 0x01FE, 9 }, // U+01FE
    { 0x01FF, 56 }, // U+01FF
    { 0x0200, 6 }, // U+0200
    { 0x0201, 31 }, // U+0201
    { 0x0202, 6 }, // U+0202
    { 0x0203, 31 }, // U+0203
    { 0x0204, 10 }, // U+0204
    { 0x0205, 34 }, // U+0205
    { 0x0206, 10 }, // U+0206
    { 0x0207, 34 }, // U+0207
    { 0x0208, 13 }, // U+0208
    { 0x0209, 55 }, // U+0209
    { 0x020A, 13 }, // U+020A
    { 0x020B, 55 }, // U+020B
    { 0x020C, 9 }, // U+020C
    { 0x020D, 32 }, // U+020D
    { 0x020E, 9 }, // U+020E
    { 0x020F, 32 }, // U+020F
    { 0x0210, 21 }, // U+0210
    { 0x0211, 41 }, // U+0211
    { 0x0212, 21 }, // U+0212
    { 0x0213, 41 }, // U+0213
    { 0x0214, 24 }, // U+0214
    { 0x0215, 31 }, // U+0215
    { 0x0216, 24 }, // U+0216
    { 0x0217, 31 }, // U+0217
    { 0x0218, 22 }, // U+0218
    { 0x0219, 42 }, // U+0219
    { 0x021A, 23 }, // U+021A
    { 0x021B, 43 }, // U+021B
    { 0x021C, 7 }, // U+021C
    { 0x021D, 80 }, // U+021D
    { 0x021E, 13 }, // U+021E
    { 0x021F, 37 }, // U+021F
    { 0x0400, 81 }, // U+0400
    { 0x0401, 81 }, // U+0401
    { 0x0402, 82 }, // U+0402
    { 0x0404, 83 }, // U+0404
    { 0x0405, 84 }, // U+0405
    { 0x0406, 85 }, // U+0406
    { 0x0407, 85 }, // U+0407
    { 0x0408, 86 }, // U+0408
    { 0x0409, 87 }, // U+0409
    { 0x040A, 87 }, // U+040A
    { 0x040B, 88 }, // U+040B
    { 0x040C, 89 }, // U+040C
    { 0x040D, 85 }, // U+040D
    { 0x040E, 90 }, // U+040E
    { 0x040F, 85 }, // U+040F
    { 0x0410, 91 }, // U+0410
    { 0x0411, 92 }, // U+0411
    { 0x0412, 93 }, // U+0412
    { 0x0413, 94 }, // U+0413
    { 0x0414, 95 }, // U+0414
    { 0x0415, 81 }, // U+0415
    { 0x0416, 89 }, // U+0416
    { 0x0417, 93 }, // U+0417
    { 0x0418, 85 }, // U+0418
    { 0x0419, 85 }, // U+0419
    { 0x041A, 89 }, // U+041A
    { 0x041B, 85 }, // U+041B
    { 0x041C, 96 }, // U+041C
    { 0x041D, 85 }, // U+041D
    { 0x041E, 97 }, // U+041E
    { 0x041F, 85 }, // U+041F
    { 0x0420, 98 }, // U+0420
    { 0x0421, 99 }, // U+0421
    { 0x0422, 100 }, // U+0422
    { 0x0423, 90 }, // U+0423
    { 0x0424, 101 }, // U+0424
    { 0x0425, 102 }, // U+0425
    { 0x0426, 95 }, // U+0426
    { 0x0427, 85 }, // U+0427
    { 0x0428, 85 }, // U+0428
    { 0x0429, 95 }, // U+0429
    { 0x042A, 87 }, // U+042A
    { 0x042B, 85 }, // U+042B
    { 0x042C, 87 }, // U+042C
    { 0x042D, 97 }, // U+042D
    { 0x042E, 97 }, // U+042E
    { 0x042F, 85 }, // U+042F
    { 0x0430, 103 }, // U+0430
    { 0x0431, 104 }, // U+0431
    { 0x0432, 105 }, // U+0432
    { 0x0434, 106 }, // U+0434
    { 0x0435, 107 }, // U+0435
    { 0x0436, 108 }, // U+0436
    { 0x0437, 105 }, // U+0437
    { 0x0438, 103 }, // U+0438
    { 0x0439, 103 }, // U+0439
    { 0x043A, 109 }, // U+043A
    { 0x043B, 103 }, // U+043B
    { 0x043C, 103 }, // U+043C
    { 0x043D, 103 }, // U+043D
    { 0x043E, 106 }, // U+043E
    { 0x043F, 110 }, // U+043F
    { 0x0440, 106 }, // U+0440
    { 0x0441, 111 }, // U+0441
    { 0x0442, 110 }, // U+0442
    { 0x0443, 112 }, // U+0443
    { 0x0444, 106 }, // U+0444
    { 0x0445, 113 }, // U+0445
    { 0x0446, 114 }, // U+0446
    { 0x0447, 103 }, // U+0447
    { 0x0448, 103 }, // U+0448
    { 0x0449, 114 }, // U+0449
    { 0x044A, 115 }, // U+044A
    { 0x044B, 103 }, // U+044B
    { 0x044C, 115 }, // U+044C
    { 0x044D, 106 }, // U+044D
    { 0x044E, 106 }, // U+044E
    { 0x044F, 103 }, // U+044F
    { 0x0450, 107 }, // U+0450
    { 0x0451, 107 }, // U+0451
    { 0x0452, 116 }, // U+0452
    { 0x0454, 111 }, // U+0454
    { 0x0455, 117 }, // U+0455
    { 0x0457, 118 }, // U+0457
    { 0x0458, 119 }, // U+0458
    { 0x0459, 115 }, // U+0459
    { 0x045A, 115 }, // U+045A
    { 0x045B, 110 }, // U+045B
    { 0x045C, 109 }, // U+045C
    { 0x045D, 103 }, // U+045D
    { 0x045E, 112 }, // U+045E
    { 0x045F, 103 }, // U+045F
    { 0x0462, 120 }, // U+0462
    { 0x0463, 115 }, // U+0463
    { 0x0472, 97 }, // U+0472
    { 0x0473, 106 }, // U+0473
    { 0x0474, 121 }, // U+0474
    { 0x0475, 122 }, // U+0475
    { 0x048A, 95 }, // U+048A
    { 0x048B, 114 }, // U+048B
    { 0x048C, 87 }, // U+048C
    { 0x048D, 115 }, // U+048D
    { 0x048E, 98 }, // U+048E
    { 0x048F, 106 }, // U+048F
    { 0x0490, 123 }, // U+0490
    { 0x0491, 124 }, // U+0491
    { 0x0492, 125 }, // U+0492
    { 0x0496, 126 }, // U+0496
    { 0x0497, 127 }, // U+0497
    { 0x0498, 93 }, // U+0498
    { 0x0499, 105 }, // U+0499
    { 0x049A, 126 }, // U+049A
    { 0x049B, 127 }, // U+049B
    { 0x049C, 89 }, // U+049C
    { 0x049D, 109 }, // U+049D
    { 0x049E, 89 }, // U+049E
    { 0x049F, 109 }, // U+049F
    { 0x04A0, 89 }, // U+04A0
    { 0x04A1, 109 }, // U+04A1
    { 0x04A2, 95 }, // U+04A2
    { 0x04A3, 114 }, // U+04A3
    { 0x04A8, 128 }, // U+04A8
    { 0x04A9, 129 }, // U+04A9
    { 0x04AA, 99 }, // U+04AA
    { 0x04AB, 111 }, // U+04AB
    { 0x04AC, 94 }, // U+04AC
    { 0x04AD, 114 }, // U+04AD
    { 0x04AE, 130 }, // U+04AE
    { 0x04AF, 112 }, // U+04AF
    { 0x04B0, 130 }, // U+04B0
    { 0x04B1, 112 }, // U+04B1
    { 0x04B2, 131 }, // U+04B2
    { 0x04B3, 132 }, // U+04B3
    { 0x04B4, 95 }, // U+04B4
    { 0x04B5, 114 }, // U+04B5
    { 0x04B6, 95 }, // U+04B6
    { 0x04B7, 114 }, // U+04B7
    { 0x04B8, 85 }, // U+04B8
    { 0x04B9, 103 }, // U+04B9
    { 0x04BA, 133 }, // U+04BA
    { 0x04BB, 110 }, // U+04BB
    { 0x04BC, 134 }, // U+04BC
    { 0x04BD, 107 }, // U+04BD
    { 0x04BE, 134 }, // U+04BE
    { 0x04BF, 107 }, // U+04BF
    { 0x04C0, 85 }, // U+04C0
    { 0x04C1, 89 }, // U+04C1
    { 0x04C2, 108 }, // U+04C2
    { 0x04C3, 135 }, // U+04C3
    { 0x04C4, 136 }, // U+04C4
    { 0x04C5, 95 }, // U+04C5
    { 0x04C6, 114 }, // U+04C6
    { 0x04C7, 137 }, // U+04C7
    { 0x04C8, 119 }, // U+04C8
    { 0x04C9, 95 }, // U+04C9
    { 0x04CA, 114 }, // U+04CA
    { 0x04CB, 85 }, // U+04CB
    { 0x04CD, 95 }, // U+04CD
    { 0x04CE, 114 }, // U+04CE
    { 0x04CF, 138 }, // U+04CF
    { 0x04D0, 91 }, // U+04D0
    { 0x04D1, 103 }, // U+04D1
    { 0x04D2, 91 }, // U+04D2
    { 0x04D3, 103 }, // U+04D3
    { 0x04D4, 81 }, // U+04D4
    { 0x04D5, 107 }, // U+04D5
    { 0x04D6, 81 }, // U+04D6
    { 0x04D7, 107 }, // U+04D7
    { 0x04D8, 97 }, // U+04D8
    { 0x04D9, 106 }, // U+04D9
    { 0x04DA, 97 }, // U+04DA
    { 0x04DB, 106 }, // U+04DB
    { 0x04DC, 89 }, // U+04DC
    { 0x04DD, 108 }, // U+04DD
    { 0x04DE, 93 }, // U+04DE
    { 0x04DF, 105 }, // U+04DF
    { 0x04E0, 139 }, // U+04E0
    { 0x04E1, 140 }, // U+04E1
    { 0x04E2, 85 }, // U+04E2
    { 0x04E3, 103 }, // U+04E3
    { 0x04E4, 85 }, // U+04E4
    { 0x04E5, 103 }, // U+04E5
    { 0x04E6, 97 }, // U+04E6
    { 0x04E7, 106 }, // U+04E7
    { 0x04E8, 97 }, // U+04E8
    { 0x04E9, 106 }, // U+04E9
    { 0x04EA, 97 }, // U+04EA
    { 0x04EB, 106 }, // U+04EB
    { 0x04EC, 97 }, // U+04EC
    { 0x04ED, 106 }, // U+04ED
    { 0x04EE, 90 }, // U+04EE
    { 0x04EF, 112 }, // U+04EF
    { 0x04F0, 90 }, // U+04F0
    { 0x04F1, 112 }, // U+04F1
    { 0x04F2, 90 }, // U+04F2
    { 0x04F3, 112 }, // U+04F3
    { 0x04F4, 85 }, // U+04F4
    { 0x04F5, 103 }, // U+04F5
    { 0x04F6, 94 }, // U+04F6
    { 0x04F8, 85 }, // U+04F8
    { 0x04F9, 103 }, // U+04F9
    { 0x04FA, 125 }, // U+04FA
    { 0x04FC, 141 }, // U+04FC
    { 0x04FD, 142 }, // U+04FD
    { 0x04FE, 102 }, // U+04FE
    { 0x04FF, 113 }, // U+04FF
    { 0x1EA0, 6 }, // U+1EA0
    { 0x1EA1, 31 }, // U+1EA1
    { 0x1EA2, 6 }, // U+1EA2
    { 0x1EA3, 31 }, // U+1EA3
    { 0x1EA4, 6 }, // U+1EA4
    { 0x1EA5, 31 }, // U+1EA5
    { 0x1EA6, 6 }, // U+1EA6
    { 0x1EA7, 31 }, // U+1EA7
    { 0x1EA8, 6 }, // U+1EA8
    { 0x1EA9, 31 }, // U+1EA9
    { 0x1EAA, 6 }, // U+1EAA
    { 0x1EAB, 31 }, // U+1EAB
    { 0x1EAC, 6 }, // U+1EAC
    { 0x1EAD, 31 }, // U+1EAD
    { 0x1EAE, 6 }, // U+1EAE
    { 0x1EAF, 31 }, // U+1EAF
    { 0x1EB0, 6 }, // U+1EB0
    { 0x1EB1, 31 }, // U+1EB1
    { 0x1EB2, 6 }, // U+1EB2
    { 0x1EB3, 31 }, // U+1EB3
    { 0x1EB4, 6 }, // U+1EB4
    { 0x1EB5, 31 }, // U+1EB5
    { 0x1EB6, 6 }, // U+1EB6
    { 0x1EB7, 31 }, // U+1EB7
    { 0x1EB8, 10 }, // U+1EB8
    { 0x1EB9, 34 }, // U+1EB9
    { 0x1EBA, 10 }, // U+1EBA
    { 0x1EBB, 34 }, // U+1EBB
    { 0x1EBC, 10 }, // U+1EBC
    { 0x1EBD, 34 }, // U+1EBD
    { 0x1EBE, 10 }, // U+1EBE
    { 0x1EBF, 34 }, // U+1EBF
    { 0x1EC0, 10 }, // U+1EC0
    { 0x1EC1, 34 }, // U+1EC1
    { 0x1EC2, 10 }, // U+1EC2
    { 0x1EC3, 34 }, // U+1EC3
    { 0x1EC4, 10 }, // U+1EC4
    { 0x1EC5, 34 }, // U+1EC5
    { 0x1EC6, 10 }, // U+1EC6
    { 0x1EC7, 34 }, // U+1EC7
    { 0x1EC8, 13 }, // U+1EC8
    { 0x1EC9, 55 }, // U+1EC9
    { 0x1ECA, 13 }, // U+1ECA
    { 0x1ECC, 9 }, // U+1ECC
    { 0x1ECD, 32 }, // U+1ECD
    { 0x1ECE, 9 }, // U+1ECE
    { 0x1ECF, 32 }, // U+1ECF
    { 0x1ED0, 9 }, // U+1ED0
    { 0x1ED1, 32 }, // U+1ED1
    { 0x1ED2, 9 }, // U+1ED2
    { 0x1ED3, 32 }, // U+1ED3
    { 0x1ED4, 9 }, // U+1ED4
    { 0x1ED5, 32 }, // U+1ED5
    { 0x1ED6, 9 }, // U+1ED6
    { 0x1ED7, 32 }, // U+1ED7
    { 0x1ED8, 9 }, // U+1ED8
    { 0x1ED9, 32 }, // U+1ED9
    { 0x1EDA, 73 }, // U+1EDA
    { 0x1EDB, 74 }, // U+1EDB
    { 0x1EDC, 73 }, // U+1EDC
    { 0x1EDD, 74 }, // U+1EDD
    { 0x1EDE, 73 }, // U+1EDE
    { 0x1EDF, 74 }, // U+1EDF
    { 0x1EE0, 73 }, // U+1EE0
    { 0x1EE1, 74 }, // U+1EE1
    { 0x1EE2, 73 }, // U+1EE2
    { 0x1EE3, 74 }, // U+1EE3
    { 0x1EE4, 24 }, // U+1EE4
    { 0x1EE5, 31 }, // U+1EE5
    { 0x1EE6, 24 }, // U+1EE6
    { 0x1EE7, 31 }, // U+1EE7
    { 0x1EE8, 75 }, // U+1EE8
    { 0x1EE9, 76 }, // U+1EE9
    { 0x1EEA, 75 }, // U+1EEA
    { 0x1EEB, 76 }, // U+1EEB
    { 0x1EEC, 75 }, // U+1EEC
    { 0x1EED, 76 }, // U+1EED
    { 0x1EEE, 75 }, // U+1EEE
    { 0x1EEF, 76 }, // U+1EEF
    { 0x1EF0, 75 }, // U+1EF0
    { 0x1EF1, 76 }, // U+1EF1
    { 0x1EF2, 27 }, // U+1EF2
    { 0x1EF3, 44 }, // U+1EF3
    { 0x1EF4, 27 }, // U+1EF4
    { 0x1EF5, 44 }, // U+1EF5
    { 0x1EF6, 27 }, // U+1EF6
    { 0x1EF7, 44 }, // U+1EF7
    { 0x1EF8, 27 }, // U+1EF8
    { 0x1EF9, 44 }, // U+1EF9
    { 0x2010, 4 }, // U+2010
    { 0x2011, 4 }, // U+2011
    { 0x2013, 4 }, // U+2013
    { 0x2014, 4 }, // U+2014
    { 0x2015, 4 }, // U+2015
    { 0x2018, 143 }, // U+2018
    { 0x2019, 144 }, // U+2019
    { 0x201A, 145 }, // U+201A
    { 0x201B, 143 }, // U+201B
    { 0x201C, 143 }, // U+201C
    { 0x201D, 144 }, // U+201D
    { 0x201E, 3 }, // U+201E
    { 0x2025, 3 }, // U+2025
    { 0x2026, 3 }, // U+2026
    { 0x2039, 49 }, // U+2039
    { 0x203A, 50 }, // U+203A
    { 0xFB00, 35 }, // U+FB00
    { 0xFB05, 43 }, // U+FB05
    { 0xFB06, 43 }, // U+FB06
};

static const EpdKernClassEntry bookerly_16_italicKernRightClasses[] = {
    { 0x0021, 1 }, // !
    { 0x0029, 2 }, // )
    { 0x002A, 3 }, // *
    { 0x002C, 4 }, // ,
    { 0x002D, 5 }, // -
    { 0x002E, 6 }, // .
    { 0x002F, 7 }, // /
    { 0x003A, 8 }, // :
    { 0x003B, 9 }, // ;
    { 0x003F, 10 }, // ?
    { 0x0041, 11 }, // A
    { 0x0042, 12 }, // B
    { 0x0043, 13 }, // C
    { 0x0044, 12 }, // D
    { 0x0045, 14 }, // E
    { 0x0046, 14 }, // F
    { 0x0047, 13 }, // G
    { 0x0048, 14 }, // H
    { 0x0049, 14 }, // I
    { 0x004A, 15 }, // J
    { 0x004B, 14 }, // K
    { 0x004C, 14 }, // L
    { 0x004D, 16 }, // M
    { 0x004E, 14 }, // N
    { 0x004F, 13 }, // O
    { 0x0050, 12 }, // P
    { 0x0051, 13 }, // Q
    { 0x0052, 12 }, // R
    { 0x0053, 17 }, // S
    { 0x0054, 18 }, // T
    { 0x0055, 19 }, // U
    { 0x0056, 20 }, // V
    { 0x0057, 20 }, // W
    { 0x0058, 21 }, // X
    { 0x0059, 22 }, // Y
    { 0x005A, 23 }, // Z
    { 0x005C, 24 }, // <backslash>
    { 0x005D, 25 }, // ]
    { 0x0061, 26 }, // a
    { 0x0062, 27 }, // b
    { 0x0063, 26 }, // c
    { 0x0064, 26 }, // d
    { 0x0065, 26 }, // e
    { 0x0066, 28 }, // f
    { 0x0067, 29 }, // g
    { 0x0068, 27 }, // h
    { 0x0069, 30 }, // i
    { 0x006A, 31 }, // j
    { 0x006B, 27 }, // k
    { 0x006C, 27 }, // l
    { 0x006D, 32 }, // m
    { 0x006E, 32 }, // n
    { 0x006F, 26 }, // o
    { 0x0070, 33 }, // p
    { 0x0071, 26 }, // q
    { 0x0072, 32 }, // r
    { 0x0073, 34 }, // s
    { 0x0074, 35 }, // t
    { 0x0075, 36 }, // u
    { 0x0076, 37 }, // v
    { 0x0077, 37 }, // w
    { 0x0078, 38 }, // x
    { 0x0079, 39 }, // y
    { 0x007A, 40 }, // z
    { 0x007D, 41 }, // }
    { 0x00AB, 42 }, // U+00AB
    { 0x00AD, 5 }, // U+00AD
    { 0x00BB, 43 }, // U+00BB
    { 0x00BF, 44 }, // U+00BF
    { 0x00C0, 11 }, // U+00C0
    { 0x00C1, 11 }, // U+00C1
    { 0x00C2, 11 }, // U+00C2
    { 0x00C3, 11 }, // U+00C3
    { 0x00C4, 11 }, // U+00C4
    { 0x00C5, 11 }, // U+00C5
    { 0x00C6, 45 }, // U+00C6
    { 0x00C7, 13 }, // U+00C7
    { 0x00C8, 14 }, // U+00C8
    { 0x00C9, 14 }, // U+00C9
    { 0x00CA, 14 }, // U+00CA
    { 0x00CB, 14 }, // U+00CB
    { 0x00CC, 14 }, // U+00CC
    { 0x00CD, 14 }, // U+00CD
    { 0x00CE, 14 }, // U+00CE
    { 0x00CF, 14 }, // U+00CF
    { 0x00D0, 12 }, // U+00D0
    { 0x00D1, 14 }, // U+00D1
    { 0x00D2, 13 }, // U+00D2
    { 0x00D3, 13 }, // U+00D3
    { 0x00D4, 13 }, // U+00D4
    { 0x00D5, 13 }, // U+00D5
    { 0x00D6, 13 }, // U+00D6
    { 0x00D8, 13 }, // U+00D8
    { 0x00D9, 19 }, // U+00D9
    { 0x00DA, 19 }, // U+00DA
    { 0x00DB, 19 }, // U+00DB
    { 0x00DC, 19 }, // U+00DC
    { 0x00DD, 22 }, // U+00DD
    { 0x00DE, 14 }, // U+00DE
    { 0x00DF, 46 }, // U+00DF
    { 0x00E0, 26 }, // U+00E0
    { 0x00E1, 26 }, // U+00E1
    { 0x00E2, 26 }, // U+00E2
    { 0x00E3, 26 }, // U+00E3
    { 0x00E4, 47 }, // U+00E4
    { 0x00E5, 26 }, // U+00E5
    { 0x00E6, 26 }, // U+00E6
    { 0x00E7, 26 }, // U+00E7
    { 0x00E8, 26 }, // U+00E8
    { 0x00E9, 26 }, // U+00E9
    { 0x00EA, 26 }, // U+00EA
    { 0x00EB, 26 }, // U+00EB
    { 0x00EC, 48 }, // U+00EC
    { 0x00ED, 30 }, // U+00ED
    { 0x00EE, 49 }, // U+00EE
    { 0x00EF, 49 }, // U+00EF
    { 0x00F0, 26 }, // U+00F0
    { 0x00F1, 32 }, // U+00F1
    { 0x00F2, 26 }, // U+00F2
    { 0x00F3, 26 }, // U+00F3
    { 0x00F4, 26 }, // U+00F4
    { 0x00F5, 26 }, // U+00F5
    { 0x00F6, 26 }, // U+00F6
    { 0x00F8, 50 }, // U+00F8
    { 0x00F9, 36 }, // U+00F9
    { 0x00FA, 36 }, // U+00FA
    { 0x00FB, 36 }, // U+00FB
    { 0x00FC, 36 }, // U+00FC
    { 0x00FD, 37 }, // U+00FD
    { 0x00FE, 51 }, // U+00FE
    { 0x00FF, 37 }, // U+00FF
    { 0x0100, 11 }, // U+0100
    { 0x0101, 26 }, // U+0101
    { 0x0102, 11 }, // U+0102
    { 0x0103, 26 }, // U+0103
    { 0x0104, 11 }, // U+0104
    { 0x0105, 26 }, // U+0105
    { 0x0106, 13 }, // U+0106
    { 0x0107, 26 }, // U+0107
    { 0x0108, 13 }, // U+0108
    { 0x0109, 26 }, // U+0109
    { 0x010A, 13 }, // U+010A
    { 0x010B, 26 }, // U+010B
    { 0x010C, 13 }, // U+010C
    { 0x010D, 52 }, // U+010D
    { 0x010E, 12 }, // U+010E
    { 0x010F, 26 }, // U+010F
    { 0x0110, 12 }, // U+0110
    { 0x0111, 26 }, // U+0111
    { 0x0112, 14 }, // U+0112
    { 0x0113, 26 }, // U+0113
    { 0x0114, 14 }, // U+0114
    { 0x0115, 26 }, // U+0115
    { 0x0116, 14 }, // U+0116
    { 0x0117, 26 }, // U+0117
    { 0x0118, 14 }, // U+0118
    { 0x0119, 26 }, // U+0119
    { 0x011A, 14 }, // U+011A
    { 0x011B, 26 }, // U+011B
    { 0x011C, 13 }, // U+011C
    { 0x011D, 29 }, // U+011D
    { 0x011E, 13 }, // U+011E
    { 0x011F, 29 }, // U+011F
    { 0x0120, 13 }, // U+0120
    { 0x0121, 29 }, // U+0121
    { 0x0122, 13 }, // U+0122
    { 0x0123, 29 }, // U+0123
    { 0x0124, 14 }, // U+0124
    { 0x0125, 27 }, // U+0125
    { 0x0126, 14 }, // U+0126
    { 0x0127, 53 }, // U+0127
    { 0x0128, 14 }, // U+0128
    { 0x0129, 54 }, // U+0129
    { 0x012A, 14 }, // U+012A
    { 0x012B, 49 }, // U+012B
    { 0x012C, 14 }, // U+012C
    { 0x012D, 49 }, // U+012D
    { 0x012E, 14 }, // U+012E
    { 0x012F, 30 }, // U+012F
    { 0x0130, 14 }, // U+0130
    { 0x0131, 32 }, // U+0131
    { 0x0132, 14 }, // U+0132
    { 0x0133, 30 }, // U+0133
    { 0x0134, 15 }, // U+0134
    { 0x0135, 55 }, // U+0135
    { 0x0136, 14 }, // U+0136
    { 0x0137, 27 }, // U+0137
    { 0x0138, 32 }, // U+0138
    { 0x0139, 14 }, // U+0139
    { 0x013A, 27 }, // U+013A
    { 0x013B, 14 }, // U+013B
    { 0x013C, 27 }, // U+013C
    { 0x013D, 14 }, // U+013D
    { 0x013E, 27 }, // U+013E
    { 0x013F, 14 }, // U+013F
    { 0x0140, 27 }, // U+0140
    { 0x0141, 14 }, // U+0141
    { 0x0142, 56 }, // U+0142
    { 0x0143, 14 }, // U+0143
    { 0x0144, 32 }, // U+0144
    { 0x0145, 14 }, // U+0145
    { 0x0146, 32 }, // U+0146
    { 0x0147, 14 }, // U+0147
    { 0x0148, 32 }, // U+0148
    { 0x0149, 32 }, // U+0149
    { 0x014A, 14 }, // U+014A
    { 0x014B, 32 }, // U+014B
    { 0x014C, 13 }, // U+014C
    { 0x014D, 26 }, // U+014D
    { 0x014E, 13 }, // U+014E
    { 0x014F, 26 }, // U+014F
    { 0x0150, 13 }, // U+0150
    { 0x0151, 26 }, // U+0151
    { 0x0152, 13 }, // U+0152
    { 0x0153, 26 }, // U+0153
    { 0x0154, 12 }, // U+0154
    { 0x0155, 32 }, // U+0155
    { 0x0156, 12 }, // U+0156
    { 0x0157, 32 }, // U+0157
    { 0x0158, 12 }, // U+0158
    { 0x0159, 32 }, // U+0159
    { 0x015A, 17 }, // U+015A
    { 0x015B, 34 }, // U+015B
    { 0x015C, 17 }, // U+015C
    { 0x015D, 34 }, // U+015D
    { 0x015E, 17 }, // U+015E
    { 0x015F, 34 }, // U+015F
    { 0x0160, 17 }, // U+0160
    { 0x0161, 57 }, // U+0161
    { 0x0162, 18 }, // U+0162
    { 0x0163, 35 }, // U+0163
    { 0x0164, 18 }, // U+0164
    { 0x0165, 35 }, // U+0165
    { 0x0166, 18 }, // U+0166
    { 0x0167, 35 }, // U+0167
    { 0x0168, 19 }, // U+0168
    { 0x0169, 36 }, // U+0169
    { 0x016A, 19 }, // U+016A
    { 0x016B, 36 }, // U+016B
    { 0x016C, 19 }, // U+016C
    { 0x016D, 36 }, // U+016D
    { 0x016E, 19 }, // U+016E
    { 0x016F, 36 }, // U+016F
    { 0x0170, 19 }, // U+0170
    { 0x0171, 36 }, // U+0171
    { 0x0172, 19 }, // U+0172
    { 0x0173, 36 }, // U+0173
    { 0x0174, 20 }, // U+0174
    { 0x0175, 37 }, // U+0175
    { 0x0176, 22 }, // U+0176
    { 0x0177, 37 }, // U+0177
    { 0x0178, 22 }, // U+0178
    { 0x0179, 23 }, // U+0179
    { 0x017A, 40 }, // U+017A
    { 0x017B, 23 }, // U+017B
    { 0x017C, 40 }, // U+017C
    { 0x017D, 23 }, // U+017D
    { 0x017E, 58 }, // U+017E
    { 0x017F, 46 }, // U+017F
    { 0x01A0, 13 }, // U+01A0
    { 0x01A1, 26 }, // U+01A1
    { 0x01AF, 19 }, // U+01AF
    { 0x01B0, 36 }, // U+01B0
    { 0x01C4, 12 }, // U+01C4
    { 0x01C5, 12 }, // U+01C5
    { 0x01C6, 26 }, // U+01C6
    { 0x01C7, 14 }, // U+01C7
    { 0x01C8, 14 }, // U+01C8
    { 0x01C9, 27 }, // U+01C9
    { 0x01CA, 14 }, // U+01CA
    { 0x01CB, 14 }, // U+01CB
    { 0x01CC, 32 }, // U+01CC
    { 0x01CD, 11 }, // U+01CD
    { 0x01CE, 26 }, // U+01CE
    { 0x01CF, 14 }, // U+01CF
    { 0x01D0, 49 }, // U+01D0
    { 0x01D1, 13 }, // U+01D1
    { 0x01D2, 26 }, // U+01D2
    { 0x01D3, 19 }, // U+01D3
    { 0x01D4, 36 }, // U+01D4
    { 0x01D5, 19 }, // U+01D5
    { 0x01D6, 36 }, // U+01D6
    { 0x01D7, 19 }, // U+01D7
    { 0x01D8, 36 }, // U+01D8
    { 0x01D9, 19 }, // U+01D9
    { 0x01DA, 36 }, // U+01DA
    { 0x01DB, 19 }, // U+01DB
    { 0x01DC, 36 }, // U+01DC
    { 0x01DD, 59 }, // U+01DD
    { 0x01DE, 11 }, // U+01DE
    { 0x01DF, 26 }, // U+01DF
    { 0x01E0, 11 }, // U+01E0
    { 0x01E1, 26 }, // U+01E1
    { 0x01E2, 45 }, // U+01E2
    { 0x01E3, 26 }, // U+01E3
    { 0x01E4, 13 }, // U+01E4
    { 0x01E5, 60 }, // U+01E5
    { 0x01E6, 13 }, // U+01E6
    { 0x01E7, 29 }, // U+01E7
    { 0x01E8, 14 }, // U+01E8
    { 0x01E9, 27 }, // U+01E9
    { 0x01EA, 13 }, // U+01EA
    { 0x01EB, 26 }, // U+01EB
    { 0x01EC, 13 }, // U+01EC
    { 0x01ED, 26 }, // U+01ED
    { 0x01EE, 61 }, // U+01EE
    { 0x01EF, 62 }, // U+01EF
    { 0x01F0, 55 }, // U+01F0
    { 0x01F1, 12 }, // U+01F1
    { 0x01F2, 12 }, // U+01F2
    { 0x01F3, 26 }, // U+01F3
    { 0x01F4, 13 }, // U+01F4
    { 0x01F5, 29 }, // U+01F5
    { 0x01F8, 14 }, // U+01F8
    { 0x01F9, 32 }, // U+01F9
    { 0x01FA, 11 }, // U+01FA
    { 0x01FB, 26 }, // U+01FB
    { 0x01FC, 45 }, // U+01FC
    { 0x01FD, 26 }, // U+01FD
    { 0x01FE, 13 }, // U+01FE
    { 0x01FF, 50 }, // U+01FF
    { 0x0200, 11 }, // U+0200
    { 0x0201, 26 }, // U+0201
    { 0x0202, 11 }, // U+0202
    { 0x0203, 26 }, // U+0203
    { 0x0204, 14 }, // U+0204
    { 0x0205, 26 }, // U+0205
    { 0x0206, 14 }, // U+0206
    { 0x0207, 26 }, // U+0207
    { 0x0208, 14 }, // U+0208
    { 0x0209, 49 }, // U+0209
    { 0x020A, 14 }, // U+020A
    { 0x020B, 49 }, // U+020B
    { 0x020C, 13 }, // U+020C
    { 0x020D, 26 }, // U+020D
    { 0x020E, 13 }, // U+020E
    { 0x020F, 26 }, // U+020F
    { 0x0210, 12 }, // U+0210
    { 0x0211, 32 }, // U+0211
    { 0x0212, 12 }, // U+0212
    { 0x0213, 32 }, // U+0213
    { 0x0214, 19 }, // U+0214
    { 0x0215, 36 }, // U+0215
    { 0x0216, 19 }, // U+0216
    { 0x0217, 36 }, // U+0217
    { 0x0218, 17 }, // U+0218
    { 0x0219, 34 }, // U+0219
    { 0x021A, 18 }, // U+021A
    { 0x021B, 35 }, // U+021B
    { 0x021C, 63 }, // U+021C
    { 0x021D, 64 }, // U+021D
    { 0x021E, 14 }, // U+021E
    { 0x021F, 27 }, // U+021F
    { 0x0400, 65 }, // U+0400
    { 0x0401, 65 }, // U+0401
    { 0x0402, 66 }, // U+0402
    { 0x0403, 65 }, // U+0403
    { 0x0404, 67 }, // U+0404
    { 0x0405, 68 }, // U+0405
    { 0x0406, 65 }, // U+0406
    { 0x0407, 65 }, // U+0407
    { 0x0408, 69 }, // U+0408
    { 0x0409, 70 }, // U+0409
    { 0x040A, 65 }, // U+040A
    { 0x040B, 66 }, // U+040B
    { 0x040C, 65 }, // U+040C
    { 0x040D, 65 }, // U+040D
    { 0x040E, 71 }, // U+040E
    { 0x040F, 65 }, // U+040F
    { 0x0410, 72 }, // U+0410
    { 0x0411, 65 }, // U+0411
    { 0x0412, 73 }, // U+0412
    { 0x0413, 65 }, // U+0413
    { 0x0414, 74 }, // U+0414
    { 0x0415, 65 }, // U+0415
    { 0x0416, 75 }, // U+0416
    { 0x0417, 76 }, // U+0417
    { 0x0418, 65 }, // U+0418
    { 0x0419, 65 }, // U+0419
    { 0x041A, 65 }, // U+041A
    { 0x041B, 70 }, // U+041B
    { 0x041C, 77 }, // U+041C
    { 0x041D, 65 }, // U+041D
    { 0x041E, 67 }, // U+041E
    { 0x041F, 65 }, // U+041F
    { 0x0420, 73 }, // U+0420
    { 0x0421, 67 }, // U+0421
    { 0x0422, 66 }, // U+0422
    { 0x0423, 71 }, // U+0423
    { 0x0424, 78 }, // U+0424
    { 0x0425, 79 }, // U+0425
    { 0x0426, 65 }, // U+0426
    { 0x0427, 80 }, // U+0427
    { 0x0428, 65 }, // U+0428
    { 0x0429, 65 }, // U+0429
    { 0x042A, 66 }, // U+042A
    { 0x042B, 65 }, // U+042B
    { 0x042C, 65 }, // U+042C
    { 0x042D, 81 }, // U+042D
    { 0x042E, 65 }, // U+042E
    { 0x042F, 82 }, // U+042F
    { 0x0430, 83 }, // U+0430
    { 0x0431, 84 }, // U+0431
    { 0x0432, 83 }, // U+0432
    { 0x0433, 85 }, // U+0433
    { 0x0434, 86 }, // U+0434
    { 0x0435, 83 }, // U+0435
    { 0x0436, 87 }, // U+0436
    { 0x0437, 88 }, // U+0437
    { 0x0438, 89 }, // U+0438
    { 0x0439, 89 }, // U+0439
    { 0x043A, 90 }, // U+043A
    { 0x043B, 91 }, // U+043B
    { 0x043C, 92 }, // U+043C
    { 0x043D, 90 }, // U+043D
    { 0x043E, 83 }, // U+043E
    { 0x043F, 90 }, // U+043F
    { 0x0440, 90 }, // U+0440
    { 0x0441, 83 }, // U+0441
    { 0x0442, 90 }, // U+0442
    { 0x0443, 93 }, // U+0443
    { 0x0444, 83 }, // U+0444
    { 0x0445, 94 }, // U+0445
    { 0x0446, 89 }, // U+0446
    { 0x0447, 95 }, // U+0447
    { 0x0448, 89 }, // U+0448
    { 0x0449, 89 }, // U+0449
    { 0x044A, 96 }, // U+044A
    { 0x044B, 89 }, // U+044B
    { 0x044C, 89 }, // U+044C
    { 0x044D, 88 }, // U+044D
    { 0x044E, 90 }, // U+044E
    { 0x044F, 97 }, // U+044F
    { 0x0450, 83 }, // U+0450
    { 0x0451, 83 }, // U+0451
    { 0x0452, 98 }, // U+0452
    { 0x0453, 85 }, // U+0453
    { 0x0454, 83 }, // U+0454
    { 0x0455, 99 }, // U+0455
    { 0x0456, 100 }, // U+0456
    { 0x0457, 101 }, // U+0457
    { 0x0458, 102 }, // U+0458
    { 0x0459, 91 }, // U+0459
    { 0x045A, 90 }, // U+045A
    { 0x045B, 103 }, // U+045B
    { 0x045C, 90 }, // U+045C
    { 0x045D, 89 }, // U+045D
    { 0x045E, 93 }, // U+045E
    { 0x045F, 89 }, // U+045F
    { 0x0462, 66 }, // U+0462
    { 0x0463, 90 }, // U+0463
    { 0x0472, 67 }, // U+0472
    { 0x0473, 83 }, // U+0473
    { 0x0474, 104 }, // U+0474
    { 0x0475, 93 }, // U+0475
    { 0x048A, 65 }, // U+048A
    { 0x048B, 90 }, // U+048B
    { 0x048D, 105 }, // U+048D
    { 0x048E, 73 }, // U+048E
    { 0x048F, 90 }, // U+048F
    { 0x0490, 65 }, // U+0490
    { 0x0491, 106 }, // U+0491
    { 0x0492, 65 }, // U+0492
    { 0x0493, 85 }, // U+0493
    { 0x0494, 65 }, // U+0494
    { 0x0495, 90 }, // U+0495
    { 0x0496, 75 }, // U+0496
    { 0x0497, 87 }, // U+0497
    { 0x0498, 76 }, // U+0498
    { 0x0499, 88 }, // U+0499
    { 0x049A, 65 }, // U+049A
    { 0x049B, 90 }, // U+049B
    { 0x049C, 65 }, // U+049C
    { 0x049D, 90 }, // U+049D
    { 0x04A0, 66 }, // U+04A0
    { 0x04A2, 65 }, // U+04A2
    { 0x04A3, 90 }, // U+04A3
    { 0x04A4, 65 }, // U+04A4
    { 0x04A5, 90 }, // U+04A5
    { 0x04A6, 65 }, // U+04A6
    { 0x04A7, 90 }, // U+04A7
    { 0x04A8, 67 }, // U+04A8
    { 0x04A9, 83 }, // U+04A9
    { 0x04AA, 67 }, // U+04AA
    { 0x04AB, 83 }, // U+04AB
    { 0x04AC, 66 }, // U+04AC
    { 0x04AD, 90 }, // U+04AD
    { 0x04AE, 107 }, // U+04AE
    { 0x04AF, 93 }, // U+04AF
    { 0x04B0, 107 }, // U+04B0
    { 0x04B1, 93 }, // U+04B1
    { 0x04B2, 79 }, // U+04B2
    { 0x04B3, 94 }, // U+04B3
    { 0x04B6, 80 }, // U+04B6
    { 0x04B7, 95 }, // U+04B7
    { 0x04B8, 80 }, // U+04B8
    { 0x04B9, 95 }, // U+04B9
    { 0x04BA, 65 }, // U+04BA
    { 0x04BB, 103 }, // U+04BB
    { 0x04BC, 108 }, // U+04BC
    { 0x04BD, 109 }, // U+04BD
    { 0x04BE, 108 }, // U+04BE
    { 0x04BF, 109 }, // U+04BF
    { 0x04C0, 65 }, // U+04C0
    { 0x04C1, 75 }, // U+04C1
    { 0x04C2, 87 }, // U+04C2
    { 0x04C3, 65 }, // U+04C3
    { 0x04C4, 90 }, // U+04C4
    { 0x04C5, 70 }, // U+04C5
    { 0x04C6, 91 }, // U+04C6
    { 0x04C7, 65 }, // U+04C7
    { 0x04C8, 90 }, // U+04C8
    { 0x04C9, 65 }, // U+04C9
    { 0x04CA, 90 }, // U+04CA
    { 0x04CB, 80 }, // U+04CB
    { 0x04CC, 95 }, // U+04CC
    { 0x04CE, 92 }, // U+04CE
    { 0x04CF, 110 }, // U+04CF
    { 0x04D0, 72 }, // U+04D0
    { 0x04D1, 83 }, // U+04D1
    { 0x04D2, 72 }, // U+04D2
    { 0x04D3, 83 }, // U+04D3
    { 0x04D4, 111 }, // U+04D4
    { 0x04D5, 83 }, // U+04D5
    { 0x04D6, 65 }, // U+04D6
    { 0x04D7, 83 }, // U+04D7
    { 0x04D8, 112 }, // U+04D8
    { 0x04D9, 113 }, // U+04D9
    { 0x04DB, 113 }, // U+04DB
    { 0x04DC, 75 }, // U+04DC
    { 0x04DD, 87 }, // U+04DD
    { 0x04DE, 76 }, // U+04DE
    { 0x04DF, 88 }, // U+04DF
    { 0x04E0, 114 }, // U+04E0
    { 0x04E1, 115 }, // U+04E1
    { 0x04E2, 65 }, // U+04E2
    { 0x04E3, 89 }, // U+04E3
    { 0x04E4, 65 }, // U+04E4
    { 0x04E5, 89 }, // U+04E5
    { 0x04E6, 67 }, // U+04E6
    { 0x04E7, 83 }, // U+04E7
    { 0x04E8, 67 }, // U+04E8
    { 0x04E9, 83 }, // U+04E9
    { 0x04EA, 67 }, // U+04EA
    { 0x04EB, 83 }, // U+04EB
    { 0x04ED, 88 }, // U+04ED
    { 0x04EE, 71 }, // U+04EE
    { 0x04EF, 93 }, // U+04EF
    { 0x04F0, 71 }, // U+04F0
    { 0x04F1, 93 }, // U+04F1
    { 0x04F2, 71 }, // U+04F2
    { 0x04F3, 93 }, // U+04F3
    { 0x04F5, 95 }, // U+04F5
    { 0x04F6, 65 }, // U+04F6
    { 0x04F7, 85 }, // U+04F7
    { 0x04F8, 65 }, // U+04F8
    { 0x04F9, 89 }, // U+04F9
    { 0x04FA, 65 }, // U+04FA
    { 0x04FB, 85 }, // U+04FB
    { 0x04FC, 79 }, // U+04FC
    { 0x04FD, 94 }, // U+04FD
    { 0x04FE, 79 }, // U+04FE
    { 0x04FF, 94 }, // U+04FF
    { 0x1EA0, 11 }, // U+1EA0
    { 0x1EA1, 26 }, // U+1EA1
    { 0x1EA2, 11 }, // U+1EA2
    { 0x1EA3, 26 }, // U+1EA3
    { 0x1EA4, 11 }, // U+1EA4
    { 0x1EA5, 26 }, // U+1EA5
    { 0x1EA6, 11 }, // U+1EA6
    { 0x1EA7, 26 }, // U+1EA7
    { 0x1EA8, 11 }, // U+1EA8
    { 0x1EA9, 26 }, // U+1EA9
    { 0x1EAA, 11 }, // U+1EAA
    { 0x1EAB, 26 }, // U+1EAB
    { 0x1EAC, 11 }, // U+1EAC
    { 0x1EAD, 26 }, // U+1EAD
    { 0x1EAE, 11 }, // U+1EAE
    { 0x1EAF, 26 }, // U+1EAF
    { 0x1EB0, 11 }, // U+1EB0
    { 0x1EB1, 26 }, // U+1EB1
    { 0x1EB2, 11 }, // U+1EB2
    { 0x1EB3, 26 }, // U+1EB3
    { 0x1EB4, 11 }, // U+1EB4
    { 0x1EB5, 26 }, // U+1EB5
    { 0x1EB6, 11 }, // U+1EB6
    { 0x1EB7, 26 }, // U+1EB7
    { 0x1EB8, 14 }, // U+1EB8
    { 0x1EB9, 26 }, // U+1EB9
    { 0x1EBA, 14 }, // U+1EBA
    { 0x1EBB, 26 }, // U+1EBB
    { 0x1EBC, 14 }, // U+1EBC
    { 0x1EBD, 26 }, // U+1EBD
    { 0x1EBE, 14 }, // U+1EBE
    { 0x1EBF, 26 }, // U+1EBF
    { 0x1EC0, 14 }, // U+1EC0
    { 0x1EC1, 26 }, // U+1EC1
    { 0x1EC2, 14 }, // U+1EC2
    { 0x1EC3, 26 }, // U+1EC3
    { 0x1EC4, 14 }, // U+1EC4
    { 0x1EC5, 26 }, // U+1EC5
    { 0x1EC6, 14 }, // U+1EC6
    { 0x1EC7, 26 }, // U+1EC7
    { 0x1EC8, 14 }, // U+1EC8
    { 0x1EC9, 49 }, // U+1EC9
    { 0x1ECA, 14 }, // U+1ECA
    { 0x1ECB, 30 }, // U+1ECB
    { 0x1ECC, 13 }, // U+1ECC
    { 0x1ECD, 26 }, // U+1ECD
    { 0x1ECE, 13 }, // U+1ECE
    { 0x1ECF, 26 }, // U+1ECF
    { 0x1ED0, 13 }, // U+1ED0
    { 0x1ED1, 26 }, // U+1ED1
    { 0x1ED2, 13 }, // U+1ED2
    { 0x1ED3, 26 }, // U+1ED3
    { 0x1ED4, 13 }, // U+1ED4
    { 0x1ED5, 26 }, // U+1ED5
    { 0x1ED6, 13 }, // U+1ED6
    { 0x1ED7, 26 }, // U+1ED7
    { 0x1ED8, 13 }, // U+1ED8
    { 0x1ED9, 26 }, // U+1ED9
    { 0x1EDA, 13 }, // U+1EDA
    { 0x1EDB, 26 }, // U+1EDB
    { 0x1EDC, 13 }, // U+1EDC
    { 0x1EDD, 26 }, // U+1EDD
    { 0x1EDE, 13 }, // U+1EDE
    { 0x1EDF, 26 }, // U+1EDF
    { 0x1EE0, 13 }, // U+1EE0
    { 0x1EE1, 26 }, // U+1EE1
    { 0x1EE2, 13 }, // U+1EE2
    { 0x1EE3, 26 }, // U+1EE3
    { 0x1EE4, 19 }, // U+1EE4
    { 0x1EE5, 36 }, // U+1EE5
    { 0x1EE6, 19 }, // U+1EE6
    { 0x1EE7, 36 }, // U+1EE7
    { 0x1EE8, 19 }, // U+1EE8
    { 0x1EE9, 36 }, // U+1EE9
    { 0x1EEA, 19 }, // U+1EEA
    { 0x1EEB, 36 }, // U+1EEB
    { 0x1EEC, 19 }, // U+1EEC
    { 0x1EED, 36 }, // U+1EED
    { 0x1EEE, 19 }, // U+1EEE
    { 0x1EEF, 36 }, // U+1EEF
    { 0x1EF0, 19 }, // U+1EF0
    { 0x1EF1, 36 }, // U+1EF1
    { 0x1EF2, 22 }, // U+1EF2
    { 0x1EF3, 37 }, // U+1EF3
    { 0x1EF4, 22 }, // U+1EF4
    { 0x1EF5, 37 }, // U+1EF5
    { 0x1EF6, 22 }, // U+1EF6
    { 0x1EF7, 37 }, // U+1EF7
    { 0x1EF8, 22 }, // U+1EF8
    { 0x1EF9, 37 }, // U+1EF9
    { 0x2010, 5 }, // U+2010
    { 0x2011, 5 }, // U+2011
    { 0x2013, 5 }, // U+2013
    { 0x2014, 5 }, // U+2014
    { 0x2015, 5 }, // U+2015
    { 0x2018, 116 }, // U+2018
    { 0x2019, 117 }, // U+2019
    { 0x201A, 6 }, // U+201A
    { 0x201B, 116 }, // U+201B
    { 0x201C, 116 }, // U+201C
    { 0x201D, 117 }, // U+201D
    { 0x201E, 6 }, // U+201E
    { 0x2025, 6 }, // U+2025
    { 0x2026, 6 }, // U+2026
    { 0x2039, 42 }, // U+2039
    { 0x203A, 43 }, // U+203A
    { 0x203C, 1 }, // U+203C
    { 0x2047, 10 }, // U+2047
    { 0x2048, 10 }, // U+2048
    { 0x2049, 1 }, // U+2049
    { 0xFB00, 28 }, // U+FB00
    { 0xFB01, 28 }, // U+FB01
    { 0xFB02, 28 }, // U+FB02
    { 0xFB03, 28 }, // U+FB03
    { 0xFB04, 28 }, // U+FB04
    { 0xFB05, 28 }, // U+FB05
    { 0xFB06, 34 }, // U+FB06
};

static const int8_t bookerly_16_italicKernMatrix[] = {
       0,    0,    0,    0,    0,    0,    0,    0,    0,    0,    0,    0,  -13,    0,   53,    0,    0,    0,    0,    0,    0,   16,    0,    0,    0,  -27,   32,   80,   35,    0,   80,    0,    0,    0,    0,    0,    0,    0,   43,    0,    0,    0,    0,    0,    0,    0,  -27,    0,    0,  -27,   32,  -27,   32,    0,    0,   32,    0,    0,    0,   61,    0,    0,    0,    0,    0,    0,  -13,    0,   53,    0,   27,    0,    0,   16,    0,    0,    0,    0,    0,    0,    0,    0,  -27,    0,    0,  -27,    0,    0,    0,    0,  -16,    0,    0,    0,    0,    0,    0,   32,    0,    0,    0,   80,   32,    0,    0,    0,   16,    0,    0,    0,    0,    0,    0,    0,    0,    0,    0,
       0,    0,    0,    0,    0,    0,    0,    0,    0,    0,  -53,    0,    0,    0,    0,    0,    0,    0,    0,    0,    0,    0,    0,    0,    0,    0,    0,    0,    0,    0,    0,    0,    0,    0,    0,    0,    0,    0,    0,    0,    0,    0,    0,    0,  -48,    0,    0,    0,    0,    0,    0,    0,    0,    0,    0,    0,    0,    0,    0,    0,    0,    0,    0,    0,    0,    0,    0,    0,    0,    0,    0,  -53,    0,    0,    0,    0,    0,    0,    0,    0,    0,    0,    0,    0,    0,    0,    0,    0,    0,    0,    0,    0,    0,    0,    0,    0,    0,    0,    0,    0,    0,    0,    0,    0,    0,    0,    0,    0,    0,    0,  -48,    0,    0,    0,    0,    0,    0,
       0,    0,    0,    0,    0,    0,    0,    0,    0,    0,   21,    0,  -16,    0,   37,    0,    0,  -27,  -32,  -53,   21,  -32,    0,    0,    0,  -11,    0,   16,   11,    0,   45,  -11,  -11,    0,  -11,  -11,  -32,    0,  -32,    0,    0,    0,    0,    0,   16,    0,  -11,    0,    0,  -11,    0,  -11,    0,    0,    0,    0,    0,    0,    0,   11,    0,    0,    0,    0,    0,  -27,  -16,    0,   37,   21,    0,   21,    0,   16,   11,    0,    0,  -11,   21,  -51,    0,   16,  -11,  -11,    0,  -11,    0,    0,  -11,  -11,    0,    0,  -32,    0,  -59,  -40,    0,    0,    0,    0,    0,   45,    0,  -53,  -16,    0,  -32,  -64,  -16,    0,   16,    0,    0,    0,    0,  -53,  -53,
       0,    0,    0,  -16,    0,  -16,    0,    0,    0,    0,    0,    0,    0,    0,    0,    0,    0,    0,    0,    0,    0,  -16,    0,    0,    0,    0,    0,    0,    0,    0,    0,    0,    0,    0,    0,    0,    0,    0,    0,    0,    0,    0,    0,    0,    0,    0,    0,    0,    0,    0,    0,    0,    0,    0,    0,    0,    0,    0,    0,    0,    0,    0,    0,    0,    0,    0,    0,    0,    0,    0,    0,    0,    0,    0,    0,    0,    0,    0,    0,    0,    0,    0,    0,    0,    0,    0,    0,    0,    0,    0,    0,    0,    0,    0,    0,    0,    0,    0,    0,    0,    0,    0,    0,    0,    0,    0,  -16,    0,    0,    0,    0,    0,    0,    0,    0,    0,    0,
       0,    0,    0,    0,    0,    0,    0,    0,    0,    0,  -48,    0,  -21,    0,    0,  -27,    0,    0,    0,    0,    0,    0,    0,    0,    0,  -53,    0,  -27,  -53,    0,    0,  -11,  -11,  -48,  -16,  -21,    0,  -27,    0,  -32,    0,    0,    0,    0,  -69,    0,  -53,    0,    0,  -53,    0,  -53,    0,    0,    0,    0,  -48,  -32,    0,  -53,    0,    0,    0,    0,    0,    0,  -21,    0,    0,  -16,    0,  -48,    0,  -32,    0,    0,  -27,  -11,    0,    0,    0,  -21,  -53,  -16,  -16,  -80,  -32,  -32,  -21,  -11,  -56,  -40,    0,  -27,    0,  -16,  -48,    0,  -48,    0,    0,    0,    0,    0,    0,  -32,    0,    0,  -27,    0,  -69,    0,  -32,    0,    0,    0,    0,
       0,    0,  -48,    0,  -11,    0,    0,    0,    0,  -16,   16,    0,  -21,    0,    0,    0,    0,  -32,  -37,  -64,   20,  -53,    0,  -85,    0,  -11,    0,    0,   11,  -11,    0,  -11,  -11,    0,  -13,  -13,  -32,    0,  -32,    0,    0,  -16,    0,    0,   11,    0,  -11,  -11,  -11,   -5,    0,  -11,    0,  -11,    0,    0,    0,    0,    0,   11,    0,  -11,  -11,  -16,    0,    0,    0,    0,    0,    0,    0,    0,    0,    0,    0,    0,    0,    0,    0,    0,    0,    0,    0,    0,    0,    0,    0,    0,    0,    0,    0,    0,    0,    0,    0,    0,    0,    0,    0,    0,    0,    0,    0,    0,    0,    0,    0,    0,    0,    0,    0,    0,    0,    0,    0,  -53,  -43,
       0,    0,    0,  -21,    0,  -21,    0,  -21,  -21,  -11,  -11,    0,    5,    0,    0,    0,    0,  -21,  -16,  -32,    0,  -24,    0,  -21,    0,    0,   -5,   -8,    0,   -5,    0,    0,    0,    0,    0,    0,    0,    0,    0,    0,    0,    0,    0,    0,  -11,    0,    0,   -5,    0,    0,   -5,    0,   -5,    0,    0,   -5,    0,    0,    0,    0,    0,    0,  -16,    0,    0,    0,    0,    0,    0,    0,    0,    0,    0,    0,    0,    0,    0,    0,    0,    0,    0,    0,    0,    0,    0,    0,    0,    0,    0,    0,    0,    0,    0,    0,    0,    0,    0,    0,    0,    0,    0,    0,    0,    0,    0,    0,    0,    0,    0,    0,    0,    0,    0,    0,    0,    0,    0,
       0,    0,    0,   -5,    0,   -5,    0,  -11,  -11,    0,    0,    0,   -8,    0,    0,    0,    0,    0,   -7,  -11,    0,    0,    0,    0,    0,   -5,    0,    0,    0,    0,    0,    0,    0,    0,    0,    0,    0,    0,    0,    0,    0,    0,    0,    0,    0,    0,   -5,    0,    0,   -5,    0,   -5,    0,    0,    0,    0,    0,    0,    0,    0,    0,    0,    0,    0,    0,    0,    0,    0,    0,    0,    0,    0,    0,    0,    0,    0,    0,    0,    0,    0,    0,    0,    0,    0,    0,    0,    0,    0,    0,    0,    0,    0,    0,    0,    0,    0,    0,    0,    0,    0,    0,    0,    0,    0,    0,    0,    0,    0,    0,    0,    0,    0,    0,    0,    0,    0,    0,
       0,    0,    0,  -32,    0,  -32,  -11,  -21,  -21,    0,  -16,    0,    8,   -5,  -13,   -8,    0,  -11,   -9,  -16,   -5,  -16,    0,  -27,    0,    0,    0,    0,    0,    0,    0,    0,    0,    0,    0,    0,    0,    0,    0,    0,    0,    0,    0,    0,  -16,  -11,    0,    0,    0,    0,    0,    0,    0,    0,    0,    0,    0,    0,    0,    0,    0,    0,    0,    0,    0,    0,    0,    0,    0,    0,    0,    0,    0,    0,    0,    0,    0,    0,    0,    0,    0,    0,    0,    0,    0,    0,    0,    0,    0,    0,    0,    0,    0,    0,    0,    0,    0,    0,    0,    0,    0,    0,    0,    0,    0,    0,    0,    0,    0,    0,    0,    0,    0,    0,    0,    0,    0,
       0,    0,   16,    0,    0,    0,    0,  -16,  -16,    0,    0,    0,   -8,    0,    0,    0,    0,    0,   -5,    0,    0,    0,    0,    0,    0,  -11,    0,    0,    0,    0,    0,    0,    0,    0,    0,    0,    0,    0,    0,    0,    0,    0,    0,    0,    0,    0,  -11,    0,    0,  -11,    0,  -11,    0,    0,    0,    0,    0,    0,    0,    0,    0,    0,   -5,    0,    0,    0,    0,    0,    0,    0,    0,    0,    0,    0,    0,    0,    0,    0,    0,    0,    0,    0,    0,    0,    0,    0,    0,    0,    0,    0,    0,    0,    0,    0,    0,    0,    0,    0,    0,    0,    0,    0,    0,    0,    0,    0,    0,    0,    0,    0,    0,    0,    0,    0,    0,    0,    0,
       0,    0,    0,  -48,    0,  -48,  -37,  -32,  -32,    0,  -48,    0,    0,    0,    0,   -5,    0,    0,    0,    0,    0,    0,    0,    0,    0,  -13,    0,   -7,  -16,    0,    0,    0,    0,  -16,    0,    0,    0,    0,    0,    0,    0,  -11,    0,    0,  -51,    0,  -13,    0,   11,  -13,    0,  -13,    0,   11,    0,    0,  -16,    0,  -11,  -16,    0,    0,    0,    0,    0,    0,    0,    0,    0,    0,    0,    0,    0,    0,    0,    0,    0,    0,    0,    0,    0,    0,    0,    0,    0,    0,    0,    0,    0,    0,    0,    0,    0,    0,    0,    0,    0,    0,    0,    0,    0,    0,    0,    0,    0,    0,    0,    0,    0,    0,    0,    0,    0,    0,    0,    0,   13,
       0,    0,    0,  -27,    0,  -27,    0,    0,    0,    0,  -11,    0,    0,    0,    0,    0,    0,  -16,  -11,  -21,    0,  -16,    0,  -16,    0,    0,    0,    0,    0,    0,    0,    0,    0,    0,    0,    0,    0,    0,    0,    0,    0,    0,    0,    0,    0,    0,    0,    0,    0,    0,    0,    0,    0,    0,    0,    0,    0,    0,    0,    0,    0,    0,  -11,    0,    0,    0,    0,    0,    0,    0,    0,    0,    0,    0,    0,    0,    0,    0,    0,    0,    0,    0,    0,    0,    0,    0,    0,    0,    0,    0,    0,    0,    0,    0,    0,    0,    0,    0,    0,    0,    0,    0,    0,    0,    0,    0,    0,    0,    0,    0,    0,    0,    0,    0,    0,  -21,    0,
       0,    0,    0,  -27,    0,  -27,    0,  -21,  -21,    0,    0,    0,   -8,    0,    0,    0,    0,    0,    0,    0,    0,    0,    0,    0,    0,  -11,    0,    0,    0,    0,    0,   -5,   -5,   -8,  -11,  -11,   -5,   -7,   -5,    0,    0,  -21,  -11,    0,    0,    0,  -11,    0,    0,  -11,    0,  -11,    0,    0,    0,    0,   -8,    0,  -11,    0,    0,  -11,    0,    0,    0,    0,    0,    0,    0,    0,    0,    0,    0,    0,    0,    0,    0,    0,    0,    0,    0,    0,    0,    0,    0,    0,    0,    0,    0,    0,    0,    0,    0,    0,    0,    0,    0,    0,    0,    0,    0,    0,    0,    0,    0,    0,    0,    0,    0,    0,    0,    0,    0,    0,    0,  -11,    0,
       0,    0,   11,  -32,    0,  -32,  -16,  -21,  -21,    0,  -16,    0,   -5,    0,    0,    0,    0,    0,    0,    0,    0,    5,    0,    0,    0,   -8,    0,    0,    0,    0,    0,    0,    0,   -5,    0,    0,    0,    0,    0,    0,    0,    0,    0,    0,  -11,    0,   -8,    0,   11,   -8,    0,   -8,    0,   11,    0,    0,   -5,    0,    0,    0,    0,    0,    0,    0,    0,    0,    0,    0,    0,    0,    0,    0,    0,    0,    0,    0,    0,    0,    0,    0,    0,    0,    0,    0,    0,    0,    0,    0,    0,    0,    0,    0,    0,    0,    0,    0,    0,    0,    0,    0,    0,    0,    0,    0,    0,    0,    0,    0,    0,    0,    0,    0,    0,    0,    0,    0,    0,
       0,    0,   16,   -5,  -16,   -5,    0,  -16,  -16,    0,   11,    0,  -19,    0,    0,    0,    0,    0,    0,    0,   24,    0,    0,    0,    0,  -11,    0,    0,    0,    0,    0,  -11,  -11,  -11,   -5,  -16,  -11,    0,  -11,    0,    0,  -21,    0,    0,   18,    0,  -11,    0,    0,  -11,    0,  -11,    0,    0,    0,    0,  -11,    0,    0,    0,    0,  -16,    0,    0,    0,    0,    0,    0,    0,    0,    0,    0,    0,    0,    0,    0,    0,    0,    0,    0,    0,    0,    0,    0,    0,    0,    0,    0,    0,    0,    0,    0,    0,    0,    0,    0,    0,    0,    0,    0,    0,    0,    0,    0,    0,    0,    0,    0,    0,    0,    0,    0,    0,    0,    0,    0,    0,
       0,    0,  -29,    0,    0,    0,    0,    0,    0,    0,    0,    0,    0,    0,    0,    0,    0,  -24,  -16,  -37,   16,  -32,    0,  -48,    0,    0,    0,    0,    0,    0,    0,    0,    0,    0,    0,    0,  -16,    0,  -16,    0,    0,    0,    0,    0,    0,    0,    0,    0,    0,    0,    0,    0,    0,    0,    0,    0,    0,    0,    0,    0,    0,    0,    0,    0,    0,    0,    0,    0,    0,    0,    0,    0,    0,    0,    0,    0,    0,    0,    0,    0,    0,    0,    0,    0,    0,    0,    0,    0,    0,    0,    0,    0,    0,    0,    0,    0,    0,    0,    0,    0,    0,    0,    0,    0,    0,    0,    0,    0,    0,    0,    0,    0,    0,    0,    0,  -32,  -11,
       0,    0,    0,    0,    0,    0,    0,    0,    0,    0,    0,    0,   -8,    0,    0,    0,    0,  -11,  -11,  -16,   11,    0,    0,  -16,    0,    0,    0,    0,    0,    0,    0,    0,    0,    0,    0,   -5,   -5,    0,   -5,    0,    0,  -11,    0,    0,    0,    0,    0,    0,    0,    0,    0,    0,    0,    0,    0,    0,    0,    0,    0,    0,    0,    0,    0,    0,    0,    0,    0,    0,    0,    0,    0,    0,    0,    0,    0,    0,    0,    0,    0,    0,    0,    0,    0,    0,    0,    0,    0,    0,    0,    0,    0,    0,    0,    0,    0,    0,    0,    0,    0,    0,    0,    0,    0,    0,    0,    0,    0,    0,    0,    0,    0,    0,    0,    0,    0,  -16,    0,
       0,    0,    0,  -37,    0,  -37,  -32,    0,    0,    0,  -21,    0,   -8,    0,    0,    0,    0,    0,    0,    0,    0,    0,    0,    0,    0,  -11,    0,    0,  -11,    0,    0,    0,    0,  -11,    0,   -5,    0,  -11,    0,   -7,    0,  -11,  -11,    0,  -21,    0,  -11,    0,    0,  -11,    0,  -11,    0,    0,    0,    0,  -11,   -7,    0,  -11,    0,    0,    0,    0,    0,    0,    0,    0,    0,    0,    0,    0,    0,    0,    0,    0,    0,    0,    0,    0,    0,    0,    0,    0,    0,    0,    0,    0,    0,    0,    0,    0,    0,    0,    0,    0,    0,    0,    0,    0,    0,    0,    0,    0,    0,    0,    0,    0,    0,    0,    0,    0,    0,    0,    0,    0,    0,
       0,    0,    0,  -64,    0,  -64,  -37,  -37,  -37,    0,  -51,  -11,    0,  -16,  -11,  -19,    0,    0,  -16,  -11,  -16,  -11,    0,  -16,    0,  -21,   -5,    0,  -13,    0,    0,    0,    0,  -11,    0,    0,    0,    0,    0,    0,    0,    0,    0,    0,  -67,    0,  -21,    0,    0,  -21,   -5,  -21,   -5,    0,    0,   -5,  -11,    0,    0,  -13,   -5,    0,  -11,    0,    0,    0,    0,    0,    0,    0,    0,    0,    0,    0,    0,    0,    0,    0,    0,    0,    0,    0,    0,    0,    0,    0,    0,    0,    0,    0,    0,    0,    0,    0,    0,    0,    0,    0,    0,    0,    0,    0,    0,    0,    0,    0,    0,    0,    0,    0,    0,    0,    0,    0,    0,    0,    0,
       0,  123,    0,   68,    0,  -32,  -11,  -21,   79,    0,  -21,    0,    8,   -5,   40,   -8,    0,  -11,   -9,  -16,   -5,  -16,    0,  -27,  117,    0,    0,   25,   44,    0,   35,    0,   12,    0,    0,    0,    0,    0,    0,    0,  117,    0,    0,    0,  -16,  -11,    0,    0,    0,    0,   22,    0,    0,    0,    0,    0,    0,    0,    0,   44,    0,    0,    0,    0,    0,    0,    0,    0,    0,    0,    0,    0,    0,    0,    0,    0,    0,    0,    0,    0,    0,    0,    0,    0,    0,    0,    0,    0,    0,    0,    0,    0,    0,    0,    0,    0,    0,    0,    0,    0,    0,    0,    0,    0,    0,    0,    0,    0,    0,    0,    0,    0,    0,    0,    0,    0,    0,
       0,    0,  -16,    0,  -21,    0,    0,    0,    0,    0,   21,    0,  -21,    5,    0,   16,    0,  -32,  -29,  -43,   32,  -48,    5,  -51,    0,   -5,    0,  -11,    0,    0,    0,    0,    0,    0,    0,  -11,  -11,    0,  -11,    0,    0,  -21,    0,    0,   21,    0,   -5,    0,    0,   -5,    0,   -5,    0,    0,    0,    0,    0,    0,    0,    0,    0,  -16,    0,  -11,    0,    0,    0,    0,    0,    0,    0,    0,    0,    0,    0,    0,    0,    0,    0,    0,    0,    0,    0,    0,    0,    0,    0,    0,    0,    0,    0,    0,    0,    0,    0,    0,    0,    0,    0,    0,    0,    0,    0,    0,    0,    0,    0,    0,    0,    0,    0,    0,    0,    0,    0,  -29,  -27,
       0,    0,    0,  -21,    0,  -21,    0,  -16,  -16,    0,    0,    0,    0,    0,    0,    0,    0,  -11,  -11,   -8,    0,   -8,    0,  -11,    0,    0,    0,    0,    0,    0,    0,    0,    0,    0,    0,    0,    0,    0,    0,    0,    0,    0,    0,    0,    0,    0,    0,    0,    0,    0,    0,    0,    0,    0,    0,    0,    0,    0,    0,    0,    0,  -11,  -11,  -11,    0,    0,    0,    0,    0,    0,    0,    0,    0,    0,    0,    0,    0,    0,    0,    0,    0,    0,    0,    0,    0,    0,    0,    0,    0,    0,    0,    0,    0,    0,    0,    0,    0,    0,    0,    0,    0,    0,    0,    0,    0,    0,    0,    0,    0,    0,    0,    0,    0,    0,    0,    0,    0,
       0,    0,   32,  -53,    0,  -53,  -37,  -32,  -32,    0,  -48,    0,    0,    0,    0,   -5,    0,    0,    0,    0,    0,    0,    0,    0,    0,  -21,    5,    0,  -11,    0,    0,    0,    0,  -16,    0,    0,    0,    0,    0,    0,    0,  -16,    0,    0,  -48,    0,  -21,    0,    0,  -21,    5,  -21,   16,    0,    0,    5,  -16,    0,    0,  -11,    0,  -16,    0,    0,    0,    0,    0,    0,    0,    0,    0,    0,    0,    0,    0,    0,    0,    0,    0,    0,    0,    0,    0,    0,    0,    0,    0,    0,    0,    0,    0,    0,    0,    0,    0,    0,    0,    0,    0,    0,    0,    0,    0,    0,    0,    0,    0,    0,    0,    0,    0,    0,    0,    0,    0,   16,   27,
       0,    0,    0,  -43,  -11,  -43,  -37,  -27,  -27,    0,  -32,    0,  -11,    0,    0,   -5,   -5,    0,    0,    0,    0,    0,    0,    0,    0,  -21,    0,    0,  -16,    0,    0,    0,    0,  -16,    0,    0,    0,  -11,    0,   -5,    0,    0,    0,    0,  -32,  -27,  -21,    0,    0,  -21,    0,  -21,    0,    0,    0,    0,  -16,   -5,    0,  -16,    0,    0,    0,    0,    0,    0,    0,    0,    0,    0,    0,    0,    0,    0,    0,    0,    0,    0,    0,    0,    0,    0,    0,    0,    0,    0,    0,    0,    0,    0,    0,    0,    0,    0,    0,    0,    0,    0,    0,    0,    0,    0,    0,    0,    0,    0,    0,    0,    0,    0,    0,    0,    0,    0,    0,    0,    0,
       0,    0,   16,  -69,  -16,  -69,  -48,  -37,  -37,    0,  -59,    0,  -16,    0,    0,  -11,   -5,    0,    0,    0,    0,    8,    0,   11,    0,  -32,    0,    0,  -32,    0,    0,    0,    0,  -27,    0,   -5,    0,  -11,    0,   -5,    0,  -16,  -16,    0,  -69,    0,  -32,    0,   11,  -32,    0,  -32,    0,   11,    0,    0,  -27,   -5,  -21,  -32,    0,    0,    0,    0,    0,    0,    0,    0,    0,    0,    0,    0,    0,    0,    0,    0,    0,    0,    0,    0,    0,    0,    0,    0,    0,    0,    0,    0,    0,    0,    0,    0,    0,    0,    0,    0,    0,    0,    0,    0,    0,    0,    0,    0,    0,    0,    0,    0,    0,    0,    0,    0,    0,    0,    0,    0,   11,
       0,    0,    0,  -11,  -11,  -11,    0,  -16,  -16,    0,   13,    0,  -16,    0,    0,   11,    0,    0,    0,    0,   27,    0,    0,    0,    0,  -11,    0,    0,    0,    0,    0,    0,    0,    0,    0,  -11,  -11,    0,  -11,    0,    0,  -11,    0,    0,   16,    0,  -11,    0,    0,   -3,    0,  -11,    0,    0,    0,    0,    0,    0,    0,    0,    0,  -11,    0,  -11,    0,    0,    0,    0,    0,    0,    0,    0,    0,    0,    0,    0,    0,    0,    0,    0,    0,    0,    0,    0,    0,    0,    0,    0,    0,    0,    0,    0,    0,    0,    0,    0,    0,    0,    0,    0,    0,    0,    0,    0,    0,    0,    0,    0,    0,    0,    0,    0,    0,    0,    0,    0,    0,
       0,    0,   29,  -53,  -27,  -53,  -53,  -27,  -27,    0,  -56,    0,  -16,    0,    0,    0,   -5,    0,    0,    0,    5,   11,    0,   11,    0,  -32,    0,  -16,  -27,    0,    0,   -5,   -5,  -32,   -5,  -16,    0,  -21,    0,  -11,    0,  -16,  -16,    0,  -53,    0,  -32,    0,   16,  -32,    0,  -32,   21,   16,    0,    0,  -32,  -11,  -16,  -27,    0,  -21,    0,  -16,    0,    0,    0,    0,    0,    0,    0,    0,    0,    0,    0,    0,    0,    0,    0,    0,    0,    0,    0,    0,    0,    0,    0,    0,    0,    0,    0,    0,    0,    0,    0,    0,    0,    0,    0,    0,    0,    0,    0,    0,    0,    0,    0,    0,    0,    0,    0,    0,    0,    0,    0,    0,   11,
       0,    0,    0,    0,    0,    0,    0,  -11,  -11,    0,    0,    0,    0,    0,    0,    0,    0,   -5,   -8,  -13,    0,   -5,    0,  -11,    0,    0,    0,    0,    0,    0,    0,    0,    0,    0,    0,    0,    0,    0,    0,    0,    0,    0,    0,    0,    0,    0,    0,    0,    0,    0,    0,    0,    0,    0,    0,    0,    0,    0,    0,    0,    0,    0,    0,    0,    0,    0,    0,    0,    0,    0,    0,    0,    0,    0,    0,    0,    0,    0,    0,    0,    0,    0,    0,    0,    0,    0,    0,    0,    0,    0,    0,    0,    0,    0,    0,    0,    0,    0,    0,    0,    0,    0,    0,    0,    0,    0,    0,    0,    0,    0,    0,    0,    0,    0,    0,    0,    0,
       0,    0,    0,    0,    0,    0,    0,    0,    0,    0,    0,    0,    0,    0,   27,    0,    0,    0,    0,    0,    0,    0,    0,    0,    0,  -21,    0,   37,    0,    0,   21,    0,    0,    0,    0,    0,    0,    0,    0,    0,    0,    0,    0,    0,    0,    0,  -21,    0,    0,  -21,    0,  -21,    0,    0,    0,    0,    0,    0,    0,    0,    0,    0,    0,    0,    0,    0,    0,    0,   27,    0,    0,    0,    0,    0,    0,    0,    0,    0,    0,    0,    0,    0,  -21,    0,    0,  -21,    0,    0,    0,    0,    0,    0,    0,    0,    0,    0,    0,    0,    0,    0,    0,   21,    0,    0,    0,    0,    0,    0,    0,    0,    0,    0,    0,    0,    0,    0,    0,
       0,    0,    0,    0,    0,    0,    0,    0,    0,    0,   16,    0,  -11,    0,    0,   11,    0,  -29,  -27,  -53,   32,  -46,    0,    0,    0,    0,    0,    0,   43,    0,    0,    0,    0,    0,    0,    0,  -27,   16,  -27,   11,    0,    0,    0,    0,   16,    0,    0,    0,    0,    0,    0,    0,    0,    0,    0,    0,    0,   11,    0,   43,    0,    0,    0,    0,    0,  -29,  -11,    0,    0,   32,    0,   16,    0,   43,   24,    0,   11,  -11,   32,  -43,    0,   35,    0,    0,    0,    0,    0,    0,    0,    0,    0,    0,  -27,   16,  -37,  -16,    0,    0,    0,    0,    0,    0,    0,  -53,    0,    0,  -46,  -37,    0,    0,   16,    0,    0,    0,    0,    0,    0,
       0,    0,  -16,    0,    0,    0,    0,    0,    0,    0,    0,    0,    0,    0,    0,    0,    0,    0,    0,    0,    0,    0,    0,  -32,    0,    0,    0,    0,    0,    0,    0,    0,    0,    0,    0,    0,    0,    0,    0,    0,    0,    0,    0,    0,    0,    0,    0,    0,    0,    0,    0,    0,    0,    0,    0,    0,    0,    0,    0,    0,    0,   -5,    0,    0,    0,    0,    0,    0,    0,    0,    0,    0,    0,    0,    0,    0,    0,    0,    0,    0,    0,    0,    0,    0,    0,    0,    0,    0,    0,    0,    0,    0,    0,    0,    0,    0,    0,    0,    0,    0,    0,    0,    0,    0,    0,    0,    0,    0,    0,    0,    0,    0,    0,    0,    0,  -16,    0,
       0,    0,  -16,  -27,    0,  -27,    0,  -11,  -11,    0,    0,    0,    0,    0,    0,    0,    0,    0,    0,    0,    0,    0,    0,  -43,    0,    0,   -5,    0,    0,    0,    0,    0,    0,    0,    0,    0,    0,   -5,    0,    0,    0,    0,    0,    0,    0,    0,    0,    0,    0,    0,   -5,    0,   -5,    0,    0,    5,    0,    0,    0,    0,    0,   -5,    0,    0,    0,    0,    0,    0,    0,    0,    0,    0,    0,    0,    0,    0,    0,    0,    0,    0,    0,    0,    0,    0,    0,    0,    0,    0,    0,    0,    0,    0,    0,    0,    0,    0,    0,    0,    0,    0,    0,    0,    0,    0,    0,    0,    0,    0,    0,    0,    0,    0,    0,    0,    0,  -16,    0,
       0,    0,    0,    0,    0,    0,    0,    0,    0,    0,    0,    0,    0,    0,    0,    0,    0,    0,    0,    0,    0,    0,    0,  -27,    0,   -5,    0,    0,    0,    0,    0,    0,    0,    0,    0,    0,    0,    0,    0,    0,    0,    0,    0,    0,    0,    0,   -5,    0,    0,   -5,    0,   -5,    0,    0,    0,    0,    0,    0,    0,    0,    0,   -5,    0,    0,    0,    0,    0,    0,    0,    0,    0,    0,    0,    0,    0,    0,    0,    0,    0,    0,    0,    0,    0,    0,    0,    0,    0,    0,    0,    0,    0,    0,    0,    0,    0,    0,    0,    0,    0,    0,    0,    0,    0,    0,    0,    0,    0,    0,    0,    0,    0,    0,    0,    0,    0,    0,    5,
       0,    0,    0,    0,    0,    0,    0,    0,    0,    0,    0,    0,    0,    0,    0,    0,    0,    0,    0,    0,    0,    0,    0,  -32,    0,    0,  -11,    0,    0,    0,    0,    0,    0,    0,    0,    0,    0,    0,    0,    0,    0,    0,    0,    0,    0,    0,    0,    0,    0,    0,  -11,    0,  -11,    0,    0,  -11,    0,    0,    0,    0,    0,    0,    0,    0,    0,    0,    0,    0,    0,    0,    0,    0,    0,    0,    0,    0,    0,    0,    0,    0,    0,    0,    0,    0,    0,    0,    0,    0,    0,    0,    0,    0,    0,    0,    0,    0,    0,    0,    0,    0,    0,    0,    0,    0,    0,    0,    0,    0,    0,    0,    0,    0,    0,    0,    0,    0,    0,
       0,   21,   37,  -32,    0,  -32,  -21,    0,    0,   21,    0,    0,    0,    0,    0,    0,    0,    0,    0,    0,    0,    0,    0,   37,    0,  -11,   27,    0,  -16,    0,    0,  -11,  -11,   -5,    0,    0,   11,    0,   11,    0,    0,    0,    0,    0,    0,    0,  -11,   16,   27,  -11,   27,  -11,   27,   59,   16,   27,   -5,    0,    0,  -16,    0,    0,    0,    0,    0,    0,    0,    0,    0,    0,    0,    0,    0,    0,    0,    0,    0,    0,    0,    0,    0,    0,    0,    0,    0,    0,    0,    0,    0,    0,    0,    0,    0,    0,    0,    0,    0,    0,    0,    0,    0,    0,    0,    0,    0,    0,    0,    0,    0,    0,    0,    0,    0,    0,    0,   16,   32,
       0,    0,   21,  -21,    0,  -16,    0,    0,    0,    0,    0,    0,    0,    0,    0,    0,    0,    0,    0,    0,    0,    0,    0,    0,   16,    0,    0,   43,   16,    0,   53,   16,   16,    0,   21,   16,   27,   11,   27,    0,   11,    0,    0,    0,    0,    0,    0,    0,    0,    0,    0,    0,    0,    0,    0,    0,    0,    0,    0,   16,    0,    0,    0,    0,    0,    0,    0,    0,    0,    0,    0,    0,    0,    0,    0,    0,    0,    0,    0,    0,    0,    0,    0,    0,    0,    0,    0,    0,    0,    0,    0,    0,    0,    0,    0,    0,    0,    0,    0,    0,    0,    0,    0,    0,    0,    0,    0,    0,    0,    0,    0,    0,    0,    0,    0,   27,   32,
       0,    0,  -21,    0,    0,    0,    0,  -11,  -11,    0,    0,    0,    0,    0,    0,    0,    0,    0,    0,    0,    0,    0,    0,  -48,    0,    0,    0,    0,    0,    0,    0,    0,    0,    0,    0,    0,   -8,    0,   -8,    0,    0,    0,    0,    0,    0,    0,    0,    0,    0,    0,    0,    0,    0,    0,    0,    0,    0,    0,    0,    0,    0,  -11,    0,    0,    0,    0,    0,    0,    0,    0,    0,    0,    0,    0,    0,    0,    0,    0,    0,    0,    0,    0,    0,    0,    0,    0,    0,    0,    0,    0,    0,    0,    0,    0,    0,    0,    0,    0,    0,    0,    0,    0,    0,    0,    0,    0,    0,    0,    0,    0,    0,    0,    0,    0,    0,  -16,    0,
       0,    0,    0,    0,    0,    0,    0,  -21,  -21,    0,    0,    0,    0,    0,    0,    0,    0,    0,    0,    0,    0,    0,    0,    0,    0,    0,    0,    0,    0,    0,    0,    0,    0,    0,    0,    0,    0,    0,    0,    0,    0,    0,    0,    0,    0,    0,    0,    0,    0,    0,    0,    0,    0,    0,    0,    0,    0,    0,    0,    0,    0,    0,    0,    0,    0,    0,    0,    0,    0,    0,    0,    0,    0,    0,    0,    0,    0,    0,    0,    0,    0,    0,    0,    0,    0,    0,    0,    0,    0,    0,    0,    0,    0,    0,    0,    0,    0,    0,    0,    0,    0,    0,    0,    0,    0,    0,    0,    0,    0,    0,    0,    0,    0,    0,    0,    0,    0,
       0,    0,    0,    0,    0,    0,    0,    0,    0,    0,    0,    0,    0,    0,    0,    0,    0,    0,    0,    0,    0,    0,    0,  -43,    0,    0,    0,    0,   21,    0,    0,    0,    0,    0,    0,    0,    0,    0,    0,    5,    0,    0,    0,    0,    0,    0,    0,    0,    0,   21,    0,    0,    0,    0,    0,    0,    0,    5,    0,   21,    0,    0,    0,    0,    0,    0,    0,    0,    0,    0,    0,    0,    0,    0,    0,    0,    0,    0,    0,    0,    0,    0,    0,    0,    0,    0,    0,    0,    0,    0,    0,    0,    0,    0,    0,    0,    0,    0,    0,    0,    0,    0,    0,    0,    0,    0,    0,    0,    0,    0,    0,    0,    0,    0,    0,    0,    0,
       0,   27,    0,  -16,    0,  -16,    0,    0,    0,    0,    0,    0,    0,    0,    0,    0,    0,    0,    0,    0,    0,    0,    0,  -27,    0,    0,   -5,   37,   19,    0,   42,    0,    0,    0,    0,    0,    0,    0,    0,    0,    0,    0,    0,    0,    0,    0,    0,    0,    0,    0,   -5,    0,   -5,    0,    0,   -5,    0,    0,    0,   19,    0,    0,    0,    0,    0,    0,    0,    0,    0,    0,    0,    0,    0,    0,    0,    0,    0,    0,    0,    0,    0,    0,    0,    0,    0,    0,    0,    0,    0,    0,    0,    0,    0,    0,    0,    0,    0,    0,    0,    0,    0,    0,    0,    0,    0,    0,    0,    0,    0,    0,    0,    0,    0,    0,    0,    0,    0,
       0,    0,    0,  -43,    0,  -43,  -27,    0,    0,    0,    0,    0,    0,    0,    0,    0,    0,    0,    0,    0,    0,    0,    0,  -16,    0,  -11,    0,    0,  -11,    0,    0,    0,    0,   -5,    0,    0,   21,    0,   21,    0,    0,    0,    0,    0,    0,    0,  -11,    0,    0,  -11,    0,  -11,    0,    0,    0,    0,   -5,    0,    0,  -11,    0,    0,    0,    0,    0,    0,    0,    0,    0,    0,    0,    0,    0,    0,    0,    0,    0,    0,    0,    0,    0,    0,    0,    0,    0,    0,    0,    0,    0,    0,    0,    0,    0,    0,    0,    0,    0,    0,    0,    0,    0,    0,    0,    0,    0,    0,    0,    0,    0,    0,    0,    0,    0,    0,    0,    0,   16,
       0,    0,    0,  -11,    0,  -11,    0,  -11,  -11,    0,    0,    0,    0,    0,    0,    0,    0,    0,    0,    0,    0,    0,    0,  -21,    0,    0,    0,    0,    0,    0,    0,    0,    0,    0,    0,    0,    0,    0,    0,    0,    0,    0,    0,    0,    0,    0,    0,    0,    0,    0,    0,    0,    0,    0,    0,    0,    0,    0,    0,    0,    0,    0,    0,    0,    0,    0,    0,    0,    0,    0,    0,    0,    0,    0,    0,    0,    0,    0,    0,    0,    0,    0,    0,    0,    0,    0,    0,    0,    0,    0,    0,    0,    0,    0,    0,    0,    0,    0,    0,    0,    0,    0,    0,    0,    0,    0,    0,    0,    0,    0,    0,    0,    0,    0,    0,    0,    0,
       0,    0,    0,    0,    0,    0,    0,    0,    0,    0,    0,    0,    0,    0,    0,    0,    0,    0,    0,    0,    0,    0,    0,  -16,    0,    0,    0,    0,    0,    0,    0,    0,    0,    0,    0,    0,    0,    0,    0,    0,    0,    0,    0,    0,    0,    0,    0,    0,    0,    0,    0,    0,    0,    0,    0,    0,    0,    0,    0,    0,    0,    0,    0,    0,    0,    0,    0,    0,    0,    0,    0,    0,    0,    0,    0,    0,    0,    0,    0,    0,    0,    0,    0,    0,    0,    0,    0,    0,    0,    0,    0,    0,    0,    0,    0,    0,    0,    0,    0,    0,    0,    0,    0,    0,    0,    0,    0,    0,    0,    0,    0,    0,    0,    0,    0,    0,   11,
       0,    0,    0,  -37,    0,  -37,    0,  -21,  -21,    0,    0,    0,    0,    0,    0,    0,    0,    0,    0,    0,    0,    0,    0,  -27,    0,    0,    0,    0,   -6,    0,    0,    0,    0,    0,    0,    0,    0,    0,    0,    0,    0,    0,    0,    0,    0,    0,    0,    0,    0,    0,    0,    0,    0,    0,    0,    0,    0,    0,    0,   -6,    0,    0,    0,    0,    0,    0,    0,    0,    0,    0,    0,    0,    0,    0,    0,    0,    0,    0,    0,    0,    0,    0,    0,    0,    0,    0,    0,    0,    0,    0,    0,    0,    0,    0,    0,    0,    0,    0,    0,    0,    0,    0,    0,    0,    0,    0,    0,    0,    0,    0,    0,    0,    0,    0,    0,    0,    0,
       0,    0,    0,    0,    0,    0,    0,    0,    0,    0,    0,    0,    0,    0,    0,    0,    0,    0,    0,    0,    0,    0,    0,  -34,    0,    0,    0,    0,    0,    0,    0,    0,    0,    0,    0,    0,    5,    0,    5,    0,    0,    0,    0,    0,    0,    0,    0,    0,    0,   16,    0,    0,    0,    0,    0,    0,    0,    0,    0,    0,    0,    0,    0,    0,    0,    0,    0,    0,    0,    0,    0,    0,    0,    0,    0,    0,    0,    0,    0,    0,    0,    0,    0,    0,    0,    0,    0,    0,    0,    0,    0,    0,    0,    0,    0,    0,    0,    0,    0,    0,    0,    0,    0,    0,    0,    0,    0,    0,    0,    0,    0,    0,    0,    0,    0,    0,   16,
       0,  -15,    0,    0,    0,    0,    0,    0,    0,    0,    0,    0,    0,    0,    0,    0,    0,    0,    0,    0,    0,    0,    0,  -32,    0,    0,    0,    0,   11,    0,    0,    0,    0,    0,    0,    0,   11,    0,   11,    0,    0,    0,    0,    0,    0,    0,    0,    0,    0,   16,    0,    0,    0,    0,    0,    0,    0,    0,    0,   11,    0,    0,    0,    0,    0,    0,    0,    0,    0,    0,    0,    0,    0,    0,    0,    0,    0,    0,    0,    0,    0,    0,    0,    0,    0,    0,    0,    0,    0,    0,    0,    0,    0,    0,    0,    0,    0,    0,    0,    0,    0,    0,    0,    0,    0,    0,    0,    0,    0,    0,    0,    0,    0,    0,    0,    0,    0,
       0,    0,    0,    0,    0,    0,    0,    0,    0,    0,    0,    0,    0,    0,   21,    0,    0,    0,    0,    0,    0,    0,    0,    0,    0,  -21,    0,   27,    0,    0,   32,  -11,  -11,  -11,    0,    0,    0,    0,    0,    0,    0,    0,    0,    0,  -13,    0,  -21,    0,    0,  -21,    0,  -21,    0,    0,    0,    0,  -11,    0,    0,   16,    0,    0,    0,    0,    0,    0,    0,    0,   21,    0,    0,    0,    0,    0,    0,    0,    0,    0,    0,    0,    0,    0,  -21,    0,    0,  -21,    0,    0,    0,  -11,    0,    0,    0,    0,    0,    0,    0,    0,  -11,    0,    0,   32,    0,    0,    0,    0,    0,    0,    0,    0,  -13,    0,    0,    0,    0,    0,    0,
       0,    0,    0,    0,    0,    0,    0,    0,    0,    0,    0,    0,    0,    0,   43,    0,    0,    0,    0,  -24,    0,  -13,    0,    0,    0,    0,  -16,   27,    0,    0,   37,    0,    0,    0,    0,    0,    0,    0,    0,    0,    0,    0,    0,    0,    0,    0,    0,    0,    0,    0,  -16,    0,  -16,    0,    0,  -16,    0,    0,    0,    0,    0,    0,    0,    0,    0,    0,    0,    0,   43,    0,    0,    0,    0,    0,    0,    0,    0,    0,    0,    0,    0,    0,    0,    0,    0,    0,    0,    0,    0,    0,    0,    0,    0,    0,    0,    0,    0,  -16,    0,    0,    0,   37,  -16,  -24,    0,    0,  -13,    0,    0,    0,    0,    0,    0,    0,    0,    0,    0,
       0,    0,    0,    0,    0,    0,    0,    0,    0,    0,    0,    0,    0,    0,    0,    0,    0,    0,    0,  -11,    0,  -11,    0,    0,    0,    0,    0,    0,    0,    0,    0,    0,    0,    0,    0,    0,    0,    0,    0,    0,    0,    0,    0,    0,    0,    0,    0,    0,    0,    0,    0,    0,    0,    0,    0,    0,    0,    0,    0,    0,    0,    0,    0,    0,    0,    0,    0,    0,    0,    0,    0,    0,    0,    0,    0,    0,    0,    0,    0,    0,    0,    0,    0,    0,    0,    0,    0,    0,    0,    0,    0,    0,    0,    0,    0,    0,    0,    0,    0,    0,    0,    0,    0,  -11,    0,    0,  -11,    0,    0,    0,    0,    0,    0,    0,    0,    0,    0,
       0,    0,    0,  -21,    0,  -21,    0,    0,    0,    0,    0,    0,    0,    0,    0,    0,    0,  -16,    0,  -11,    0,  -11,    0,    0,    0,    0,    0,    0,    0,    0,    0,    0,    0,    0,    0,    0,    0,    0,    0,    0,    0,    0,    0,    0,    0,    0,    0,    0,    0,    0,    0,    0,    0,    0,    0,    0,    0,    0,    0,    0,    0,    0,    0,    0,    0,  -16,    0,    0,    0,    0,    0,    0,    0,    0,    0,    0,    0,   16,    0,  -21,    0,    0,    0,    0,    0,    0,    0,    0,    0,    0,    0,    0,    0,    0,    0,    0,    0,    0,    0,    0,    0,    0,    0,  -11,    0,    0,  -11,    0,    0,    0,    0,   21,    0,    0,    0,    0,    0,
       0,    0,    0,    0,    0,    0,    0,    0,    0,    0,    0,    0,    0,    0,   53,    0,    0,    0,  -16,  -21,    0,  -21,    0,    0,    0,  -16,  -16,   37,   11,    0,   43,    0,    0,    0,    0,    0,    0,    0,    0,    0,    0,    0,    0,    0,    0,    0,  -16,    0,    0,  -16,  -16,  -16,  -16,    0,    0,  -16,    0,    0,    0,   11,    0,    0,    0,    0,    0,    0,    0,    0,   53,    0,    0,    0,    0,    0,    0,    0,    0,    0,    0,    0,    0,    0,  -16,    0,    0,  -16,    0,    0,    0,    0,    0,    0,    0,    0,    0,    0,    0,  -16,    0,    0,    0,   43,  -16,  -21,    0,    0,  -21,    0,    0,    0,    0,    0,    0,    0,    0,    0,    0,
       0,  -29,    0,  -59,    0,  -59,  -32,    0,    0,    0,  -32,  -16,    0,  -16,  -11,  -16,    0,  -21,  -11,  -27,  -27,  -32,    0,  -44,    0,    0,    0,    0,    0,    0,    0,    0,    0,    0,    0,    0,    0,    0,    0,    0,    0,    0,    0,    0,  -32,    0,    0,    0,    0,    0,    0,    0,    0,    0,    0,    0,    0,    0,    0,    0,    0,    0,    0,    0,    0,    0,    0,    0,    0,    0,    0,    0,    0,    0,    0,    0,    0,    0,    0,    0,    0,    0,    0,    0,    0,    0,    0,    0,    0,    0,    0,    0,    0,    0,    0,    0,    0,    0,    0,    0,    0,    0,    0,    0,    0,    0,    0,    0,    0,    0,    0,    0,    0,    0,    0,    0,    0,
       0,    0,    0,    0,    0,    0,    0,    0,    0,    0,    0,    0,    0,    0,    0,    0,    0,    0,    0,    0,    0,    0,    0,    0,    0,    0,    0,    0,    0,    0,    0,    0,    0,    0,    0,    0,    0,    0,    0,    0,    0,    0,    0,    0,    0,    0,    0,    0,    0,    0,    0,    0,    0,    0,    0,    0,    0,    0,    0,    0,    0,    0,    0,    0,    0,    0,    0,    0,    0,    0,    0,    0,    0,    0,    0,    0,    0,    0,    0,    0,    0,    0,    0,    0,    0,    0,    0,    0,    0,    0,    0,    0,    0,    0,    0,    0,    0,    0,    0,    0,    0,    0,    0,    0,    0,    0,    0,    0,    0,    0,    0,    0,    0,    0,    0,  -16,    0,
       0,    0,    0,    0,    0,    0,    0,    0,    0,    0,    0,    0,    0,    0,    0,    0,    0,    0,    0,    0,    0,    0,    0,  -27,    0,   -5,    0,   16,    0,    0,   21,    0,    0,    0,    0,    0,    0,    0,    0,    0,    0,    0,    0,    0,    0,    0,   -5,    0,    0,   -5,    0,   -5,    0,    0,    0,    0,    0,    0,    0,    0,    0,   -5,    0,    0,    0,    0,    0,    0,    0,    0,    0,    0,    0,    0,    0,    0,    0,    0,    0,    0,    0,    0,    0,    0,    0,    0,    0,    0,    0,    0,    0,    0,    0,    0,    0,    0,    0,    0,    0,    0,    0,    0,    0,    0,    0,    0,    0,    0,    0,    0,    0,    0,    0,    0,    0,    0,    5,
       0,   16,   32,    0,    0,    0,    0,    0,    0,    0,    0,    0,    0,    0,    0,    0,    0,    0,    0,    0,    0,    0,    0,   32,    0,    0,   32,    0,    0,    0,    0,    0,    0,    0,    0,    0,    0,    0,    0,    0,    0,    0,    0,    0,    0,    0,    0,    0,   21,    0,   32,    0,   32,   21,    0,   32,    0,    0,    0,    0,    0,    0,    0,    0,    0,    0,    0,    0,    0,    0,    0,    0,    0,    0,    0,    0,    0,    0,    0,    0,    0,    0,    0,    0,    0,    0,    0,    0,    0,    0,    0,    0,    0,    0,    0,    0,    0,    0,    0,    0,    0,    0,    0,    0,    0,    0,    0,    0,    0,    0,    0,    0,    0,    0,    0,    0,   16,
       0,    0,  -16,  -27,    0,  -27,    0,  -11,  -11,    0,    0,    0,    0,    0,    0,    0,    0,    0,    0,    0,    0,    0,    0,  -43,    0,    0,   -5,    0,    0,    0,    0,    0,    0,    0,   16,    0,   21,   -5,   21,    0,    0,    0,    0,    0,    0,    0,    0,    0,    0,    0,   -5,    0,   -5,    0,    0,    5,    0,    0,    0,    0,    0,   -5,    0,    0,    0,    0,    0,    0,    0,    0,    0,    0,    0,    0,    0,    0,    0,    0,    0,    0,    0,    0,    0,    0,    0,    0,    0,    0,    0,    0,    0,    0,    0,    0,    0,    0,    0,    0,    0,    0,    0,    0,    0,    0,    0,    0,    0,    0,    0,    0,    0,    0,    0,    0,    0,  -16,    0,
       0,    0,  -48,    0,  -11,    0,    0,    0,    0,  -16,   16,    0,  -21,    0,   64,    0,    0,  -32,  -37,  -64,   20,  -53,    0,  -85,    0,  -11,    0,   59,   37,  -11,   69,  -11,  -11,    0,  -13,  -13,  -32,    0,  -32,    0,    0,  -16,    0,    0,   11,    0,  -11,  -11,  -11,   -5,    0,  -11,    0,  -11,    0,    0,    0,    0,    0,   37,    0,  -11,  -11,  -16,    0,    0,    0,    0,    0,    0,    0,    0,    0,    0,    0,    0,    0,    0,    0,    0,    0,    0,    0,    0,    0,    0,    0,    0,    0,    0,    0,    0,    0,    0,    0,    0,    0,    0,    0,    0,    0,    0,    0,    0,    0,    0,    0,    0,    0,    0,    0,    0,    0,    0,    0,  -53,  -43,
       0,    0,  -16,    0,    0,    0,    0,    0,    0,    0,    0,    0,    0,    0,    0,    0,    0,    0,    0,    0,    0,    0,    0,  -32,    0,    0,    0,   64,   21,    0,   75,    0,    0,    0,    0,    0,    0,    0,    0,    0,    0,    0,    0,    0,    0,    0,    0,    0,    0,    0,    0,    0,    0,    0,    0,    0,    0,    0,    0,   21,    0,   -5,    0,    0,    0,    0,    0,    0,    0,    0,    0,    0,    0,    0,    0,    0,    0,    0,    0,    0,    0,    0,    0,    0,    0,    0,    0,    0,    0,    0,    0,    0,    0,    0,    0,    0,    0,    0,    0,    0,    0,    0,    0,    0,    0,    0,    0,    0,    0,    0,    0,    0,    0,    0,    0,  -16,    0,
       0,   58,   60,    0,    0,    0,    0,    0,    0,   32,    0,    0,    0,    0,    0,    0,    0,    0,    0,    0,    0,    0,    0,   53,   27,    0,   59,   16,    0,   27,   27,   21,   21,    0,   21,   21,   27,    5,   27,   16,   27,    0,    0,    0,    0,    0,   11,   27,    0,    0,   59,   21,   59,    0,    0,   59,   21,   43,    0,    0,    0,    0,    0,    0,    0,    0,    0,    0,    0,    0,    0,    0,    0,    0,    0,    0,    0,    0,    0,    0,    0,    0,    0,    0,    0,    0,    0,    0,    0,    0,    0,    0,    0,    0,    0,    0,    0,    0,    0,    0,    0,    0,    0,    0,    0,    0,    0,    0,    0,    0,    0,    0,    0,    0,    0,   32,   53,
       0,    0,   16,    0,    0,    0,    0,  -16,  -16,    0,    0,    0,   -8,    0,   37,    0,    0,    0,   -5,    0,    0,    0,    0,    0,    0,  -11,    0,   37,    0,    0,   45,    0,    0,    0,    0,    0,    0,    0,    0,    0,    0,    0,    0,    0,    0,    0,  -11,    0,    0,  -11,    0,  -11,    0,    0,    0,    0,    0,    0,    0,    0,    0,    0,   -5,    0,    0,    0,    0,    0,    0,    0,    0,    0,    0,    0,    0,    0,    0,    0,    0,    0,    0,    0,    0,    0,    0,    0,    0,    0,    0,    0,    0,    0,    0,    0,    0,    0,    0,    0,    0,    0,    0,    0,    0,    0,    0,    0,    0,    0,    0,    0,    0,    0,    0,    0,    0,    0,    0,
       0,    0,    0,    0,    0,    0,    0,    0,    0,    0,    0,    0,    0,    0,    0,    0,    0,    0,    0,    0,    0,    0,    0,  -32,    0,    0,  -11,   32,    0,    0,   40,    0,    0,    0,    0,    0,    0,    0,    0,    0,    0,    0,    0,    0,    0,    0,    0,    0,    0,    0,  -11,    0,  -11,    0,    0,  -11,    0,    0,    0,    0,    0,    0,    0,    0,    0,    0,    0,    0,    0,    0,    0,    0,    0,    0,    0,    0,    0,    0,    0,    0,    0,    0,    0,    0,    0,    0,    0,    0,    0,    0,    0,    0,    0,    0,    0,    0,    0,    0,    0,    0,    0,    0,    0,    0,    0,    0,    0,    0,    0,    0,    0,    0,    0,    0,    0,    0,    0,
       0,   16,   59,    0,    0,    0,    0,    0,    0,    0,    0,    0,    0,    0,    0,    0,    0,    0,    0,    0,    0,    0,    0,   32,    0,    0,   59,    0,    0,    0,    0,    0,    0,    0,    0,    0,    0,    0,    0,    0,    0,    0,    0,    0,    0,    0,    0,    0,   21,    0,   59,    0,   59,   21,    0,   59,    0,    0,    0,    0,    0,    0,    0,    0,    0,    0,    0,    0,    0,    0,    0,    0,    0,    0,    0,    0,    0,    0,    0,    0,    0,    0,    0,    0,    0,    0,    0,    0,    0,    0,    0,    0,    0,    0,    0,    0,    0,    0,    0,    0,    0,    0,    0,    0,    0,    0,    0,    0,    0,    0,    0,    0,    0,    0,    0,    0,   16,
       0,    0,    0,  -27,    0,  -27,    0,  -21,  -21,    0,    0,    0,   -8,    0,   45,    0,    0,    0,    0,    0,    0,    0,    0,    0,    0,  -11,    0,   45,    0,    0,   45,   -5,   -5,   -8,  -11,  -11,   -5,   -7,   -5,    0,    0,  -21,  -11,    0,    0,    0,  -11,    0,    0,  -11,    0,  -11,    0,    0,    0,    0,   -8,    0,  -11,    0,    0,  -11,    0,    0,    0,    0,    0,    0,    0,    0,    0,    0,    0,    0,    0,    0,    0,    0,    0,    0,    0,    0,    0,    0,    0,    0,    0,    0,    0,    0,    0,    0,    0,    0,    0,    0,    0,    0,    0,    0,    0,    0,    0,    0,    0,    0,    0,    0,    0,    0,    0,    0,    0,    0,    0,  -11,    0,
       0,    0,    0,    0,    0,    0,    0,    0,    0,    0,    0,    0,    0,    0,    0,    0,    0,    0,    0,    0,    0,    0,    0,    0,    0,    0,    0,   53,   11,    0,   53,    0,    0,    0,    0,    0,    0,    0,    0,    0,    0,    0,    0,    0,    0,    0,    0,    0,    0,    0,    0,    0,    0,    0,    0,    0,    0,    0,    0,   11,    0,    0,    0,    0,    0,    0,    0,    0,    0,    0,    0,    0,    0,    0,    0,    0,    0,    0,    0,    0,    0,    0,    0,    0,    0,    0,    0,    0,    0,    0,    0,    0,    0,    0,    0,    0,    0,    0,    0,    0,    0,    0,    0,    0,    0,    0,    0,    0,    0,    0,    0,    0,    0,    0,    0,    0,    0,
       0,    0,    0,    0,    0,    0,    0,    0,    0,    0,    0,    0,    0,    0,    0,    0,    0,    0,    0,    0,    0,    0,    0,    0,    0,    0,   27,    0,    0,    0,    0,    0,    0,    0,    0,    0,    0,    0,    0,    0,    0,    0,    0,    0,    0,    0,    0,    0,    0,    0,   27,    0,   27,    0,    0,   27,    0,    0,    0,    0,    0,    0,    0,    0,    0,    0,    0,    0,    0,    0,    0,    0,    0,    0,    0,    0,    0,    0,    0,    0,    0,    0,    0,    0,    0,    0,    0,    0,    0,    0,    0,    0,    0,    0,    0,    0,    0,    0,    0,    0,    0,    0,    0,    0,    0,    0,    0,    0,    0,    0,    0,    0,    0,    0,    0,    0,   27,
       0,    0,    0,    0,    0,    0,    0,    0,    0,    0,    0,    0,    0,    0,    0,    0,    0,    0,    0,    0,    0,    0,    0,  -29,    0,   -5,    0,    0,    0,    0,    0,    0,    0,    0,    0,    0,    0,    0,    0,    0,    0,    0,    0,    0,    0,    0,   -5,    0,    0,   -5,    0,   -5,    0,    0,    0,    0,    0,    0,    0,    0,    0,   -5,    0,    0,    0,    0,    0,    0,    0,    0,    0,    0,    0,    0,    0,    0,    0,    0,    0,    0,    0,    0,    0,    0,    0,    0,    0,    0,    0,    0,    0,    0,    0,    0,    0,    0,    0,    0,    0,    0,    0,    0,    0,    0,    0,    0,    0,    0,    0,    0,    0,    0,    0,    0,    0,    0,    0,
       0,    0,    0,    0,    0,    0,    0,    0,    0,    0,    0,    0,    0,    0,    0,    0,    0,    0,    0,    0,    0,    0,    0,    0,    0,    0,    0,   16,    0,    0,   21,    0,    0,    0,    0,    0,    0,    0,    0,    0,    0,    0,    0,    0,    0,    0,    0,    0,    0,    0,    0,    0,    0,    0,    0,    0,    0,    0,    0,    0,    0,    0,    0,    0,    0,    0,    0,    0,    0,    0,    0,    0,    0,    0,    0,    0,    0,    0,    0,    0,    0,    0,    0,    0,    0,    0,    0,    0,    0,    0,    0,    0,    0,    0,    0,    0,    0,    0,    0,    0,    0,    0,    0,    0,    0,    0,    0,    0,    0,    0,    0,    0,    0,    0,    0,    0,    0,
       0,    0,    0,    0,    0,    0,    0,    0,    0,    0,    0,    0,    0,    0,    0,    0,    0,    0,    0,    0,    0,    0,    0,    0,    0,    0,    0,    0,    0,    0,   11,   11,   11,    0,   16,   11,   27,    0,   27,    0,    0,    0,    0,    0,    0,    0,    0,    0,    0,    0,    0,    0,    0,    0,    0,    0,    0,    0,    0,    0,    0,    0,    0,    0,    0,    0,    0,    0,    0,    0,    0,    0,    0,    0,    0,    0,    0,    0,    0,    0,    0,    0,    0,    0,    0,    0,    0,    0,    0,    0,    0,    0,    0,    0,    0,    0,    0,    0,    0,    0,    0,    0,    0,    0,    0,    0,    0,    0,    0,    0,    0,    0,    0,    0,    0,    0,    0,
       0,    0,    0,    0,    0,    0,    0,  -21,  -21,    0,    0,    0,    0,    0,    0,    0,    0,    0,    0,    0,    0,    0,    0,  -43,    0,    0,    0,    0,    0,    0,    0,    0,    0,    0,    0,    0,    0,    0,    0,    0,    0,    0,    0,    0,    0,    0,    0,    0,    0,    0,    0,    0,    0,    0,    0,    0,    0,    0,    0,    0,    0,    0,    0,    0,    0,    0,    0,    0,    0,    0,    0,    0,    0,    0,    0,    0,    0,    0,    0,    0,    0,    0,    0,    0,    0,    0,    0,    0,    0,    0,    0,    0,    0,    0,    0,    0,    0,    0,    0,    0,    0,    0,    0,    0,    0,    0,    0,    0,    0,    0,    0,    0,    0,    0,    0,    0,    0,
       0,    0,    0,  -11,    0,  -11,    0,  -11,  -11,    0,    0,    0,    0,    0,    0,    0,    0,    0,    0,    0,    0,    0,    0,  -21,    0,    0,    0,   21,    0,    0,   21,    0,    0,    0,    0,    0,    0,    0,    0,    0,    0,    0,    0,    0,    0,    0,    0,    0,    0,    0,    0,    0,    0,    0,    0,    0,    0,    0,    0,    0,    0,    0,    0,    0,    0,    0,    0,    0,    0,    0,    0,    0,    0,    0,    0,    0,    0,    0,    0,    0,    0,    0,    0,    0,    0,    0,    0,    0,    0,    0,    0,    0,    0,    0,    0,    0,    0,    0,    0,    0,    0,    0,    0,    0,    0,    0,    0,    0,    0,    0,    0,    0,    0,    0,    0,    0,    0,
       0,    0,    0,    0,    0,    0,    0,    0,    0,    0,    0,    0,    0,    0,    0,    0,    0,    0,    0,    0,    0,    0,    0,  -16,    0,    0,    0,   21,    0,    0,   21,    0,    0,    0,    0,    0,    0,    0,    0,    0,    0,    0,    0,    0,    0,    0,    0,    0,    0,    0,    0,    0,    0,    0,    0,    0,    0,    0,    0,    0,    0,    0,    0,    0,    0,    0,    0,    0,    0,    0,    0,    0,    0,    0,    0,    0,    0,    0,    0,    0,    0,    0,    0,    0,    0,    0,    0,    0,    0,    0,    0,    0,    0,    0,    0,    0,    0,    0,    0,    0,    0,    0,    0,    0,    0,    0,    0,    0,    0,    0,    0,    0,    0,    0,    0,    0,   11,
       0,    0,  -16,    0,    0,    0,    0,    0,    0,    0,    0,    0,    0,    0,    0,    0,    0,    0,    0,    0,    0,    0,    0,  -32,    0,    0,    0,   61,   21,    0,   69,    0,    0,    0,    0,    0,    0,    0,    0,    0,    0,    0,    0,    0,    0,    0,    0,    0,    0,    0,    0,    0,    0,    0,    0,    0,    0,    0,    0,   21,    0,   -5,    0,    0,    0,    0,    0,    0,    0,    0,    0,    0,    0,    0,    0,    0,    0,    0,    0,    0,    0,    0,    0,    0,    0,    0,    0,    0,    0,    0,    0,    0,    0,    0,    0,    0,    0,    0,    0,    0,    0,    0,    0,    0,    0,    0,    0,    0,    0,    0,    0,    0,    0,    0,    0,  -16,    0,
       0,    0,    0,  -27,    0,  -27,  -21,  -11,  -11,    0,  -16,    0,    8,    0,    0,    0,    0,    0,    0,   13,    0,   11,    0,   11,    0,    0,    5,    0,    0,    0,    0,    0,    0,    0,    0,    0,    0,    0,    0,    0,    0,    0,    0,    0,    0,    0,    0,    0,    0,    0,    5,    0,    5,    0,    0,    5,    0,    0,    0,    0,    0,    0,    0,    0,    0,    0,    0,    0,    0,    0,    0,    0,    0,    0,    0,    0,    0,    0,    0,    0,    0,    0,    0,    0,    0,    0,    0,    0,    0,    0,    0,    0,    0,    0,    0,    0,    0,    0,    0,    0,    0,    0,    0,    0,    0,    0,    0,    0,    0,    0,    0,    0,    0,    0,    0,    0,    0,
       0,    0,   21,  -27,    0,  -27,    0,    0,    0,    0,    0,    0,    0,    0,    0,    0,    0,    0,    0,    0,    0,    0,    0,    0,    0,    0,    0,    0,    0,    0,    0,    0,    0,    0,    0,    0,   16,    0,   16,    0,    0,    0,    0,    0,    0,    0,    0,    0,    0,    0,    0,    0,    0,    0,    0,    0,    0,    0,    0,    0,    0,    0,    0,    0,    0,    0,    0,    0,    0,    0,    0,    0,    0,    0,    0,    0,    0,    0,    0,    0,    0,    0,    0,    0,    0,    0,    0,    0,    0,    0,    0,    0,    0,    0,    0,    0,    0,    0,    0,    0,    0,    0,    0,    0,    0,    0,    0,    0,    0,    0,    0,    0,    0,    0,    0,   11,   16,
       0,   11,    0,  -53,  -11,  -53,  -37,  -32,  -32,    0,  -32,    0,    0,    0,    0,   -5,    0,    0,    0,    0,    0,    0,    0,   16,    0,  -21,   16,    0,  -16,    0,    0,    0,    0,  -16,    0,    0,    0,  -11,    0,   -5,    0,    0,    0,    0,    0,    0,  -21,    0,    0,  -21,   16,  -21,   16,    0,    0,   16,  -16,   -5,    0,  -16,    0,    0,    0,    0,    0,    0,    0,    0,    0,    0,    0,    0,    0,    0,    0,    0,    0,    0,    0,    0,    0,    0,    0,    0,    0,    0,    0,    0,    0,    0,    0,    0,    0,    0,    0,    0,    0,    0,    0,    0,    0,    0,    0,    0,    0,    0,    0,    0,    0,    0,    0,    0,    0,    0,    0,    0,    0,
       0,    0,   21,    0,    0,    0,    0,    0,    0,    0,    0,    0,    0,    0,    0,    0,    0,    0,    0,    0,    0,    0,    0,    0,    0,    0,    0,    0,    0,    0,    0,    0,    0,    0,    0,    0,   16,    0,   16,    0,    0,    0,    0,    0,    0,    0,    0,    0,    0,    0,    0,    0,    0,    0,    0,    0,    0,    0,    0,    0,    0,    0,    0,    0,    0,    0,    0,    0,    0,    0,    0,    0,    0,    0,    0,    0,    0,    0,    0,    0,    0,    0,    0,    0,    0,    0,    0,    0,    0,    0,    0,    0,    0,    0,    0,    0,    0,    0,    0,    0,    0,    0,    0,    0,    0,    0,    0,    0,    0,    0,    0,    0,    0,    0,    0,   16,   16,
       0,    0,   21,  -11,    0,  -16,    0,    0,    0,    0,    0,    0,    0,    0,    0,    0,    0,    0,    0,    0,    0,    0,    0,    0,   16,    0,    0,   43,   16,    0,   53,   16,   16,    0,   21,   16,   27,   11,   27,    0,   11,    0,    0,    0,    0,    0,    0,    0,    0,    0,    0,    0,    0,    0,    0,    0,    0,    0,    0,   16,    0,    0,    0,    0,    0,    0,    0,    0,    0,    0,    0,    0,    0,    0,    0,    0,    0,    0,    0,    0,    0,    0,    0,    0,    0,    0,    0,    0,    0,    0,    0,    0,    0,    0,    0,    0,    0,    0,    0,    0,    0,    0,    0,    0,    0,    0,    0,    0,    0,    0,    0,    0,    0,    0,    0,   27,   32,
       0,    0,    0,  -16,    0,  -16,    0,    0,    0,    0,  -16,    0,    0,    0,    0,    0,    0,    0,    0,    0,    0,    0,    0,    0,    0,    0,    0,    0,    0,    0,    0,    0,    0,    0,    0,    0,    0,    0,    0,    0,    0,    0,    0,    0,  -11,    0,    0,    0,    0,    0,    0,    0,    0,    0,    0,    0,    0,    0,    0,    0,    0,    0,    0,    0,    0,    0,    0,    0,    0,    0,    0,    0,    0,    0,    0,    0,    0,    0,    0,    0,    0,    0,    0,    0,    0,    0,    0,    0,    0,    0,    0,    0,    0,    0,    0,    0,    0,    0,    0,    0,    0,    0,    0,    0,    0,    0,    0,    0,    0,    0,    0,    0,    0,    0,    0,    0,    0,
       0,    0,    0,    0,    0,    0,    0,    0,    0,    0,    0,    0,    0,    0,    0,    0,    0,    0,    0,    0,    0,    0,    0,    0,    0,    0,    0,    0,    0,    0,   27,    0,    0,    0,    0,    0,    0,    0,    0,    0,    0,    0,    0,    0,    0,    0,    0,    0,    0,    0,    0,    0,    0,    0,    0,    0,    0,    0,    0,    0,    0,    0,    0,    0,    0,    0,    0,    0,    0,    0,    0,    0,    0,    0,    0,    0,    0,    0,    0,    0,    0,    0,    0,    0,    0,    0,    0,    0,    0,    0,    0,    0,    0,    0,    0,    0,    0,    0,    0,    0,    0,    0,    0,    0,    0,    0,    0,    0,    0,    0,    0,    0,    0,    0,    0,    0,    0,
       0,    0,    0,    0,    0,    0,    0,    0,    0,    0,    0,    0,    0,    0,    0,    0,    0,    0,    0,    0,    0,    0,    0,    0,    0,    0,    0,    0,    0,    0,   32,    0,    0,    0,    0,    0,    0,    0,    0,    0,    0,    0,    0,    0,    0,    0,    0,    0,    0,    0,    0,    0,    0,    0,    0,    0,    0,    0,    0,    0,    0,    0,    0,    0,    0,    0,    0,    0,    0,    0,    0,    0,    0,    0,    0,    0,    0,    0,    0,    0,    0,    0,    0,    0,    0,    0,    0,    0,    0,    0,    0,    0,    0,    0,    0,    0,    0,    0,    0,    0,    0,    0,    0,    0,    0,    0,    0,    0,    0,    0,    0,    0,    0,    0,    0,    0,    0,
       0,    0,   16,    0,    0,    0,    0,  -16,  -16,    0,    0,    0,    0,    0,    0,    0,    0,    0,    0,    0,    0,    0,    0,    0,    0,    0,    0,    0,    0,    0,    0,    0,    0,    0,    0,    0,    0,    0,    0,    0,    0,    0,    0,    0,    0,    0,    0,    0,    0,    0,    0,    0,    0,    0,    0,    0,    0,    0,    0,    0,    0,    0,    0,    0,    0,    0,   -8,    0,    0,    0,    0,    0,    0,    0,    0,    0,    0,   -5,    0,    0,    0,    0,  -11,   -5,    0,  -11,    0,    0,    0,    0,    0,    0,    0,    0,    0,    0,    0,    0,    0,    0,    0,    0,    0,    0,    0,    0,    0,    0,  -11,    0,    0,    0,    0,    0,    0,    0,    0,
       0,    0,    0,    0,    0,    0,    0,    0,    0,    0,    0,    0,    0,    0,    0,    0,    0,    0,    0,    0,    0,    0,    0,  -32,    0,    0,    0,    0,    0,    0,    0,    0,    0,    0,    0,    0,    0,    0,    0,    0,    0,    0,    0,    0,    0,    0,    0,    0,    0,    0,    0,    0,    0,    0,    0,    0,    0,    0,    0,    0,    0,    0,    0,    0,    0,  -32,    0,    0,   27,   11,    0,   11,    0,   21,    0,    0,    0,    0,   21,  -21,    0,    0,    0,    0,    0,    0,    0,    0,    0,    0,    0,    0,    0,    0,  -16,    0,    0,    0,    0,    0,    0,    0,    0,  -27,    0,    0,  -21,  -21,    0,    0,    0,    0,    0,    0,    0,  -21,    0,
       0,    0,    0,    0,    0,    0,    0,    0,    0,    0,    0,    0,    0,    0,    0,    0,    0,    0,    0,    0,    0,    0,    0,    0,    0,    0,    0,    0,    0,    0,    0,    0,    0,    0,    0,    0,    0,    0,    0,    0,    0,    0,    0,    0,    0,    0,    0,    0,    0,    0,    0,    0,    0,    0,    0,    0,    0,    0,    0,    0,    0,    0,    0,    0,    0,    0,    0,    0,    0,    0,    0,    0,    0,    0,    0,    0,    0,  -11,    0,    0,    0,    0,    0,    0,    0,    0,    0,    0,    0,    0,    0,    0,    0,    0,    0,    0,    0,    0,    0,    0,    0,    0,    0,    0,    0,    0,    0,    0,    0,    0,    0,    0,    0,    0,    0,    0,    0,
       0,    0,    0,  -21,    0,  -21,    0,  -16,  -16,    0,    0,    0,    0,    0,    0,    0,    0,    0,    0,    0,    0,    0,    0,  -11,    0,    0,    0,    0,    0,    0,    0,    0,    0,    0,    0,    0,    0,    0,    0,    0,    0,    0,    0,    0,    0,    0,    0,    0,    0,    0,    0,    0,    0,    0,    0,    0,    0,    0,    0,    0,    0,    0,    0,    0,    0,  -11,    0,    0,    0,    0,   -5,    0,    0,   -5,    0,    0,    0,    0,    0,    0,    0,    0,    0,    0,    0,    0,   -5,   -5,    0,    0,    0,    0,    0,    0,    0,    0,    0,    0,    0,    0,    0,    0,    0,   -8,    0,    0,   -8,    0,    0,    0,    0,    0,    0,    0,  -11,    0,    0,
       0,    0,    0,  -27,    0,  -27,    0,  -21,  -21,    0,    0,    0,    0,    0,    0,    0,    0,    0,    0,    0,    0,    0,    0,    0,    0,    0,    0,    0,    0,    0,    0,    0,    0,    0,    0,    0,    0,    0,    0,    0,    0,  -21,  -11,    0,    0,    0,    0,    0,    0,    0,    0,    0,    0,    0,    0,    0,    0,    0,    0,    0,    0,    0,    0,    0,    0,    0,   -8,    0,    0,    0,    0,    0,    0,    0,    0,    0,    0,  -11,    0,    0,    0,    0,  -11,  -11,   -5,  -11,  -11,   -5,  -11,   -5,  -11,  -11,   -5,   -7,  -16,   -5,    0,    0,   -8,    0,    0,    0,    0,    0,    0,  -11,    0,  -11,  -11,    0,    0,    0,  -11,    0,  -11,  -11,    0,
       0,    0,   11,  -32,    0,  -32,  -16,  -21,  -21,    0,    0,    0,    0,    0,    0,    0,    0,    0,    0,    0,    0,    0,    0,    0,    0,    0,    0,    0,    0,    0,    0,    0,    0,    0,    0,    0,    0,    0,    0,    0,    0,    0,    0,    0,    0,    0,    0,    0,    0,    0,    0,    0,    0,    0,    0,    0,    0,    0,    0,    0,    0,    0,    0,    0,    0,    0,   -5,    0,    0,  -11,   12,  -16,    0,  -11,    0,    0,    0,    0,    0,    0,    0,  -11,   -8,   -5,    0,   -8,  -16,  -16,    0,    0,  -16,   -5,    0,    0,    0,    0,    0,    0,   -5,    0,   11,    0,    0,    0,    0,    0,    0,    0,    0,    0,  -11,    0,    0,    0,    0,    0,    0,
       0,    0,  -32,    0,    0,    0,    0,    0,    0,    0,    0,    0,    0,    0,    0,    0,    0,    0,    0,    0,    0,    0,    0,  -48,    0,    0,    0,    0,    0,    0,    0,    0,    0,    0,    0,    0,    0,    0,    0,    0,    0,    0,    0,    0,    0,    0,    0,    0,    0,    0,    0,    0,    0,    0,    0,    0,    0,    0,    0,    0,    0,    0,    0,    0,    0,  -37,    0,    0,    0,    0,  -21,    0,    0,    0,    0,    0,    0,    0,    0,  -37,    0,    0,    0,    0,    0,    0,    0,    0,    0,    0,    0,    0,   -5,    0,  -16,    0,    0,    0,    0,    0,    0,    0,    0,  -48,    0,    0,  -37,  -21,    0,    0,    0,    0,    0,    0,    0,  -32,    0,
       0,    0,  -32,    0,    0,    0,    0,    0,    0,    0,    0,    0,    0,    0,    0,    0,    0,    0,    0,    0,    0,    0,    0,  -45,    0,    0,    0,    0,    0,    0,    0,    0,    0,    0,    0,    0,    0,    0,    0,    0,    0,    0,    0,    0,    0,    0,    0,    0,    0,    0,    0,    0,    0,    0,    0,    0,    0,    0,    0,    0,    0,    0,    0,    0,    0,  -32,  -13,    0,    0,    0,    0,    0,    0,    0,    0,    0,    0,  -16,   16,  -43,    0,    0,    0,  -16,    0,    0,    0,    0,    0,    0,    0,    0,  -32,    0,  -32,  -21,    0,    0,    0,    0,    0,    0,    0,  -53,    0,    0,  -43,  -37,    0,    0,    0,    0,    0,    0,    0,  -43,  -37,
       0,    0,   16,  -16,  -16,  -16,    0,  -16,  -16,    0,    0,    0,    0,    0,    0,    0,    0,    0,    0,    0,    0,    0,    0,    0,    0,    0,    0,    0,    0,    0,    0,    0,    0,    0,    0,    0,    0,    0,    0,    0,    0,  -21,    0,    0,    0,    0,    0,    0,    0,    0,    0,    0,    0,    0,    0,    0,    0,    0,    0,    0,    0,    0,    0,    0,    0,    0,  -18,    0,    0,    5,    0,    5,    0,   16,    8,    0,    0,  -27,   13,    0,  -11,   16,  -16,  -21,    0,  -16,  -11,  -11,  -16,  -11,    0,    0,  -11,    0,  -37,  -32,    0,    0,  -11,    0,    0,    0,    0,    0,    0,    0,    0,    0,  -45,    0,   18,    0,  -11,    0,  -16,    0,    0,
       0,    0,   45,  -69,    0,  -69,  -48,    0,    0,    0,    0,    0,    0,    0,    0,    0,    0,    0,    0,    0,    0,    0,    0,   29,    0,    0,    0,    0,    0,    0,    0,    0,    0,    0,    0,    0,    0,    0,    0,    0,    0,    0,    0,    0,    0,    0,    0,    0,    0,    0,    0,    0,    0,    0,    0,    0,    0,    0,    0,    0,    0,    0,    0,    0,   11,   21,    0,    0,    0,  -43,   35,  -59,    0,  -43,   21,    0,    0,   -5,   21,   35,    0,  -11,  -32,  -11,   -5,  -19,  -16,  -21,   -5,   -5,  -64,  -27,    0,  -11,    0,   -5,  -27,   27,  -21,    0,   21,    0,   27,   16,    0,  -11,   32,    0,  -21,    0,  -64,    0,  -21,    0,   -5,    8,   27,
       0,    0,  -48,    0,  -11,    0,    0,    0,    0,  -16,    0,    0,    0,    0,    0,    0,    0,    0,    0,    0,    0,    0,    0,  -85,    0,    0,    0,    0,    0,    0,    0,    0,    0,    0,    0,    0,    0,    0,    0,    0,    0,  -16,    0,    0,    0,    0,    0,    0,    0,    0,    0,    0,    0,    0,    0,    0,    0,    0,    0,    0,    0,    0,    0,    0,    0,  -32,  -21,    0,    0,   11,  -27,   16,    0,   11,   14,   -5,    0,  -27,   20,  -69,  -11,    5,  -11,  -16,    0,  -11,    0,    0,  -13,  -11,    0,    0,  -32,    0,  -53,  -37,    0,    0,    0,  -11,  -11,    0,    0,  -64,    0,    0,  -53,  -56,  -32,    0,   11,   -5,    0,    0,  -11,  -53,  -43,
       0,    0,    0,    0,    0,    0,    0,    0,    0,    0,    0,    0,    0,    0,    0,    0,    0,    0,    0,    0,    0,    0,    0,    0,    0,    0,    0,    0,    0,    0,    0,    0,    0,    0,    0,    0,    0,    0,    0,    0,    0,    0,    0,    0,    0,    0,    0,    0,    0,    0,    0,    0,    0,    0,    0,    0,    0,    0,    0,    0,    0,    0,    0,    0,    0,    0,    0,    0,    0,    0,   -5,    0,    0,    0,    0,    0,    0,    0,    0,    0,    0,    0,    0,    0,    0,    0,    0,    0,    0,    0,    0,    0,    0,    0,    0,    0,    0,    0,    0,    0,    0,    0,    0,  -11,    0,    0,    0,    0,    0,    0,    0,    0,    0,    0,    0,    0,    0,
       0,    0,    0,  -21,    0,  -21,    0,  -21,  -21,  -11,    0,    0,    0,    0,    0,    0,    0,    0,    0,    0,    0,    0,    0,  -21,    0,    0,    0,    0,    0,    0,    0,    0,    0,    0,    0,    0,    0,    0,    0,    0,    0,    0,    0,    0,    0,    0,    0,    0,    0,    0,    0,    0,    0,    0,    0,    0,    0,    0,    0,    0,    0,    0,    0,    0,    0,  -21,    5,    0,    0,    0,  -16,  -11,    0,  -11,    0,    0,    0,    0,    0,  -21,    0,    0,    0,    0,    0,    0,    0,    0,    0,    0,    0,    0,    0,    0,    0,    0,    0,   -5,    0,   -5,    0,    0,   -5,  -32,    0,    0,  -24,  -16,    0,    0,  -11,    0,    0,    0,    0,    0,    0,
       0,    0,   32,  -53,    0,  -53,  -37,  -32,  -32,    0,    0,    0,    0,    0,    0,    0,    0,    0,    0,    0,    0,    0,    0,    0,    0,    0,    0,    0,    0,    0,    0,    0,    0,    0,    0,    0,    0,    0,    0,    0,    0,  -16,    0,    0,    0,    0,    0,    0,    0,    0,    0,    0,    0,    0,    0,    0,    0,    0,    0,    0,    0,    0,    0,    0,    0,    0,    0,    0,    0,  -27,   16,  -48,    0,  -32,    0,    0,   -5,    0,    0,   11,    0,  -16,  -21,   -5,  -11,  -21,  -16,  -16,    0,    0,  -64,  -27,    0,    0,    0,    0,  -27,    5,  -16,    0,   11,    0,    5,    0,    0,    0,    0,    0,  -48,    0,  -48,    0,  -21,    0,  -16,   16,   27,
       0,    0,    0,    0,    0,    0,    0,    0,    0,    0,    0,    0,    0,    0,    0,    0,    0,    0,    0,    0,    0,    0,    0,    0,    0,    0,    0,    0,    0,    0,    0,    0,    0,    0,    0,    0,    0,    0,    0,    0,    0,    0,    0,    0,    0,    0,    0,    0,    0,    0,    0,    0,    0,    0,    0,    0,    0,    0,    0,    0,    0,    0,    0,    0,    0,    0,    0,    0,   48,    0,    0,    0,    0,    0,    0,    0,    0,    0,    0,    0,    0,    0,    0,    0,    0,    0,    0,    0,    0,    0,    0,    0,    0,    0,    0,    0,    0,    0,    0,    0,    0,   43,    0,    0,    0,    0,    0,    0,    0,    0,    0,    0,    0,    0,    0,    0,    0,
       0,    0,    0,    0,    0,    0,    0,    0,    0,    0,    0,    0,    0,    0,    0,    0,    0,    0,    0,    0,    0,    0,    0,  -16,    0,    0,    0,    0,    0,    0,    0,    0,    0,    0,    0,    0,    0,    0,    0,    0,    0,  -11,    0,    0,    0,    0,    0,    0,    0,    0,    0,    0,    0,    0,    0,    0,    0,    0,    0,    0,    0,    0,    0,    0,    0,  -11,   -8,    0,    0,    0,   -5,    0,    0,    0,    0,    0,    0,  -11,   11,  -11,    0,    0,    0,    0,    0,    0,    0,    0,   -5,    0,    0,    0,   -5,    0,    0,    0,    0,    0,    0,    0,    0,    0,    0,  -16,    0,    0,    0,  -16,    0,    0,    0,    0,    0,    0,    0,  -16,    0,
       0,    0,    0,  -32,    0,  -32,  -11,  -21,  -21,    0,    0,    0,    0,    0,    0,    0,    0,    0,    0,    0,    0,    0,    0,  -27,    0,    0,    0,    0,    0,    0,    0,    0,    0,    0,    0,    0,    0,    0,    0,    0,    0,    0,    0,    0,    0,    0,    0,    0,    0,    0,    0,    0,    0,    0,    0,    0,    0,    0,    0,    0,    0,    0,    0,    0,   -5,  -11,    8,    0,  -13,    0,    0,  -16,    0,  -11,   -5,    0,   -8,    0,   -5,  -11,    0,    0,    0,    0,    0,    0,   -5,   -5,    0,    0,  -16,   -5,    0,    0,    0,    0,    0,    0,    0,    0,    0,    0,    0,  -16,    0,    0,  -13,    0,    0,    0,  -16,    0,    0,    0,    0,    0,    0,
       0,    0,    0,  -64,    0,  -64,  -37,  -37,  -37,    0,    0,    0,    0,    0,    0,    0,    0,    0,    0,    0,    0,    0,    0,  -16,    0,    0,    0,    0,    0,    0,    0,    0,    0,    0,    0,    0,    0,    0,    0,    0,    0,    0,    0,    0,    0,    0,    0,    0,    0,    0,    0,    0,    0,    0,    0,    0,    0,    0,    0,    0,    0,    0,    0,    0,  -16,    0,    0,    0,  -11,  -43,   -8,  -51,    0,  -48,  -11,  -11,  -19,    0,  -16,    0,  -11,  -21,  -21,  -16,    0,  -21,  -13,  -13,    0,    0,  -61,  -27,    0,    0,    0,    0,  -27,   -5,  -11,    0,    0,    0,   -5,  -11,    0,    0,  -11,    0,    0,   -5,  -67,    0,  -11,   -5,    0,    0,    0,
       0,    0,    0,   -5,    0,   -5,    0,  -11,  -11,    0,    0,    0,    0,    0,    0,    0,    0,    0,    0,    0,    0,    0,    0,    0,    0,    0,    0,    0,    0,    0,    0,    0,    0,    0,    0,    0,    0,    0,    0,    0,    0,    0,    0,    0,    0,    0,    0,    0,    0,    0,    0,    0,    0,    0,    0,    0,    0,    0,    0,    0,    0,    0,    0,    0,    0,    0,   -8,    0,    0,    0,    0,    0,    0,    0,    0,    0,    0,  -11,    0,    0,    0,    0,   -5,   -5,    0,   -5,    0,    0,    0,    0,    0,    0,    0,    0,    0,    0,    0,    0,    0,    0,    0,    0,    0,  -11,    0,    0,    0,    0,  -16,    0,    0,    0,    0,    0,    0,    0,    0,
       0,    0,   32,  -53,    0,  -53,  -37,  -32,  -32,    0,    0,    0,    0,    0,    0,    0,    0,    0,    0,    0,    0,    0,    0,    0,    0,    0,    0,    0,    0,    0,    0,    0,    0,    0,    0,    0,    0,    0,    0,    0,    0,  -16,    0,    0,    0,    0,    0,    0,    0,    0,    0,    0,    0,    0,    0,    0,    0,    0,    0,    0,    0,    0,    0,    0,    0,    0,    0,    0,    0,  -27,   16,  -48,    0,  -32,    0,    0,   -5,    0,    0,   11,    0,  -16,  -21,   -5,  -11,  -21,  -16,  -16,    0,    0,  -64,  -27,    0,    0,    0,    0,  -27,   16,  -16,    0,   11,    0,    5,    0,    0,    0,    0,    0,  -48,    0,  -48,    0,  -21,    0,  -16,   16,   27,
       0,    0,    0,  -37,    0,  -37,  -16,  -21,  -21,    0,    0,    0,    0,    0,    0,    0,    0,    0,    0,    0,    0,    0,    0,  -37,    0,    0,    0,    0,    0,    0,    0,    0,    0,    0,    0,    0,    0,    0,    0,    0,    0,    0,    0,    0,    0,    0,    0,    0,    0,    0,    0,    0,    0,    0,    0,    0,    0,    0,    0,    0,    0,    0,    0,    0,  -11,  -13,    0,    0,  -11,  -11,  -11,  -19,  -11,  -16,  -16,    0,    0,    0,  -11,  -18,  -11,  -11,    0,    0,    0,    0,    0,    0,    0,    0,  -16,  -14,    0,    0,    0,    0,  -11,    0,    0,    0,    0,    0,    0,  -21,    0,   -5,  -21,    0,    0,  -11,  -21,    0,    0,   -5,    0,    0,    0,
       0,    0,    0,  -11,  -11,  -11,    0,  -16,  -16,    0,    0,    0,    0,    0,    0,    0,    0,    0,    0,    0,    0,    0,    0,    0,    0,    0,    0,    0,    0,    0,    0,    0,    0,    0,    0,    0,    0,    0,    0,    0,    0,  -11,    0,    0,    0,    0,    0,    0,    0,    0,    0,    0,    0,    0,    0,    0,    0,    0,    0,    0,    0,    0,    0,    0,    0,    0,  -16,    0,    0,   16,    5,   13,    0,   16,   16,   -5,   11,  -21,   21,    0,   -5,   16,  -11,  -11,    0,  -11,    0,    0,  -11,    0,    0,    0,  -11,    0,  -32,  -21,    0,    0,    0,    0,    0,    0,    0,    0,    0,    0,    0,  -21,  -32,    0,   16,    0,    0,    0,  -11,    0,    0,
       0,    0,  -16,    0,    0,    0,    0,    0,    0,    0,    0,    0,    0,    0,    0,    0,    0,    0,    0,    0,    0,    0,    0,  -32,    0,    0,    0,    0,    0,    0,    0,    0,    0,    0,    0,    0,    0,    0,    0,    0,    0,    0,    0,    0,    0,    0,    0,    0,    0,    0,    0,    0,    0,    0,    0,    0,    0,    0,    0,    0,    0,    0,    0,    0,    0,    0,    0,    0,    0,    0,    0,    0,    0,    0,    0,    0,    0,    0,    0,    0,    0,    0,    0,    0,    0,    0,    0,    0,    0,    0,    0,    0,    0,    0,  -11,  -11,    0,    0,    0,    0,    0,    0,    0,    0,    0,    0,    0,    0,   -5,    0,    0,    0,    0,    0,   -5,  -16,    0,
       0,    0,   -5,  -27,    0,  -27,    0,  -11,  -11,    0,    0,    0,    0,    0,    0,    0,    0,    0,    0,    0,    0,    0,    0,  -29,    0,    0,    0,    0,    0,    0,    0,    0,    0,    0,    0,    0,    0,    0,    0,    0,    0,    0,    0,    0,    0,    0,    0,    0,    0,    0,    0,    0,    0,    0,    0,    0,    0,    0,    0,    0,    0,    0,    0,    0,    0,    0,    0,    0,    0,    0,    0,    0,    0,    0,    0,    0,    0,    0,    0,    0,    0,    0,    0,    0,    0,    0,   -5,    0,    0,    0,  -11,  -11,    0,   -5,   -5,    0,   -5,   -5,    0,    0,    0,    0,   -5,    0,    0,    0,    0,    0,    0,    0,    0,    0,    0,    0,   -5,  -16,    0,
       0,    0,    0,    0,    0,    0,    0,    0,    0,    0,    0,    0,    0,    0,    0,    0,    0,    0,    0,    0,    0,    0,    0,  -61,    0,    0,    0,    0,    0,    0,    0,    0,    0,    0,    0,    0,    0,    0,    0,    0,    0,    0,    0,    0,    0,    0,    0,    0,    0,    0,    0,    0,    0,    0,    0,    0,    0,    0,    0,    0,    0,    0,    0,    0,    0,    0,    0,    0,    0,    0,    0,    0,    0,    0,    0,    0,    0,    0,    0,    0,    0,    0,    0,    0,    0,    0,    0,    0,    0,    0,    0,    0,    0,    0,    0,    0,    0,    0,    0,    0,    0,    0,    0,    0,    0,    0,    0,    0,    0,    0,    0,    0,    0,    0,  -11,  -16,    0,
       0,    0,  -16,  -27,    0,  -27,    0,  -11,  -11,    0,    0,    0,    0,    0,    0,    0,    0,    0,    0,    0,    0,    0,    0,  -43,    0,    0,    0,    0,    0,    0,    0,    0,    0,    0,    0,    0,    0,    0,    0,    0,    0,    0,    0,    0,    0,    0,    0,    0,    0,    0,    0,    0,    0,    0,    0,    0,    0,    0,    0,    0,    0,    0,    0,    0,    0,    0,    0,    0,    0,    0,    0,    0,    0,    0,    0,    0,    0,    0,    0,    0,    0,    0,    0,    0,    0,    0,   -5,    0,    0,    0,  -11,  -11,    0,   -5,   -5,    0,   -5,   -5,    0,    0,    0,    0,   -5,    0,    0,    0,    0,    0,    0,    0,    0,    0,    0,    0,   -5,  -16,    0,
       0,    0,    0,    0,    0,    0,    0,    0,    0,    0,    0,    0,    0,    0,    0,    0,    0,    0,    0,    0,    0,    0,    0,  -32,    0,    0,    0,    0,    0,    0,    0,    0,    0,    0,    0,    0,    0,    0,    0,    0,    0,    0,    0,    0,    0,    0,    0,    0,    0,    0,    0,    0,    0,    0,    0,    0,    0,    0,    0,    0,    0,    0,    0,    0,    0,    0,    0,    0,    0,    0,    0,    0,    0,    0,    0,    0,    0,    0,    0,    0,    0,    0,    0,    0,    0,    0,    0,    0,    0,    0,    0,    0,    0,    0,    0,    0,    0,  -11,    0,    0,    0,    0,  -11,    0,    0,    0,    0,    0,    0,    0,    0,    0,    0,    0,    0,    0,    0,
       0,    0,    0,    0,    0,    0,    0,    0,    0,    0,    0,    0,    0,    0,    0,    0,    0,    0,    0,    0,    0,    0,    0,  -45,    0,    0,    0,    0,    0,    0,    0,    0,    0,    0,    0,    0,    0,    0,    0,    0,    0,    0,    0,    0,    0,    0,    0,    0,    0,    0,    0,    0,    0,    0,    0,    0,    0,    0,    0,    0,    0,    0,    0,    0,    0,    0,    0,    0,    0,    0,    0,    0,    0,    0,    0,    0,    0,    0,    0,    0,    0,    0,   -5,    0,    0,   -5,    0,    0,    0,    0,    0,    0,    0,    0,    0,    0,    0,    0,    0,    0,    0,    0,    0,    0,    0,    0,    0,    0,    0,    0,    0,    0,    0,    0,    0,    0,    0,
       0,    0,    0,    0,    0,    0,    0,    0,    0,    0,    0,    0,    0,    0,    0,    0,    0,    0,    0,    0,    0,    0,    0,  -29,    0,    0,    0,    0,    0,    0,    0,    0,    0,    0,    0,    0,    0,    0,    0,    0,    0,    0,    0,    0,    0,    0,    0,    0,    0,    0,    0,    0,    0,    0,    0,    0,    0,    0,    0,    0,    0,    0,    0,    0,    0,    0,    0,    0,    0,    0,    0,    0,    0,    0,    0,    0,    0,    0,    0,    0,    0,    0,   -5,    0,    0,   -5,    0,    0,    0,    0,    0,    0,    0,    0,    0,    0,    0,    0,    0,    0,    0,    0,    0,    0,    0,    0,    0,    0,   -5,    0,    0,    0,    0,    0,   -5,    0,    0,
       0,    0,  -21,    0,    0,    0,    0,    0,    0,    0,    0,    0,    0,    0,    0,    0,    0,    0,    0,    0,    0,    0,    0,  -48,    0,    0,    0,    0,    0,    0,    0,    0,    0,    0,    0,    0,    0,    0,    0,    0,    0,    0,    0,    0,    0,    0,    0,    0,    0,    0,    0,    0,    0,    0,    0,    0,    0,    0,    0,    0,    0,    0,    0,    0,    0,    0,    0,    0,    0,    0,    0,    0,    0,    0,    0,    0,    0,    0,    0,    0,    0,    0,    0,    0,    0,    0,    0,    0,    0,    0,    0,    0,   -8,    0,  -16,  -11,    0,    0,    0,    0,    0,    0,    0,    0,    0,    0,    0,    0,    0,    0,    0,    0,    0,    0,  -11,  -16,    0,
       0,    0,    0,    0,    0,    0,    0,    0,    0,    0,    0,    0,    0,    0,    0,    0,    0,    0,    0,    0,    0,    0,    0,  -27,    0,    0,    0,    0,    0,    0,    0,    0,    0,    0,    0,    0,    0,    0,    0,    0,    0,    0,    0,    0,    0,    0,    0,    0,    0,    0,    0,    0,    0,    0,    0,    0,    0,    0,    0,    0,    0,    0,    0,    0,    0,    0,    0,    0,    0,    0,    0,    0,    0,    0,    0,    0,    0,    0,    0,    0,    0,    0,   -5,   -5,    0,   -5,    0,    0,    0,    0,    0,    0,    0,    0,    0,    0,    0,    0,    0,    0,    0,    0,    0,    0,    0,    0,    0,    0,    0,    0,    0,    0,    0,    0,   -5,    0,    5,
       0,    0,    0,  -37,    0,  -37,    0,  -21,  -21,    0,    0,    0,    0,    0,    0,    0,    0,    0,    0,    0,    0,    0,    0,  -27,    0,    0,    0,    0,    0,    0,    0,    0,    0,    0,    0,    0,    0,    0,    0,    0,    0,    0,    0,    0,    0,    0,    0,    0,    0,    0,    0,    0,    0,    0,    0,    0,    0,    0,    0,    0,    0,    0,    0,    0,    0,    0,    0,    0,    0,    0,    0,    0,    0,    0,    0,    0,    0,    0,    0,    0,    0,    0,    0,    0,    0,    0,    0,    0,    0,    0,  -21,    0,    0,    0,    0,    0,  -11,    0,    0,    0,    0,    0,    0,    0,    0,  -11,    0,    0,    0,    0,    0,    0,    0,    0,    0,    0,    0,
       0,    0,    0,    0,    0,    0,    0,    0,    0,    0,    0,    0,    0,    0,    0,    0,    0,    0,    0,    0,    0,    0,    0,  -34,    0,    0,    0,    0,    0,    0,    0,    0,    0,    0,    0,    0,    0,    0,    0,    0,    0,    0,    0,    0,    0,    0,    0,    0,    0,    0,    0,    0,    0,    0,    0,    0,    0,    0,    0,    0,    0,    0,    0,    0,    0,    0,    0,    0,    0,    0,    0,    0,    0,    0,    0,    0,    0,    0,    0,    0,    0,    0,    0,    0,    0,    0,    0,    0,    0,    0,    0,    0,    5,    0,    0,    0,    0,    0,    0,    0,    0,    0,    0,    0,    0,    0,    0,    0,    0,    0,    0,    0,    0,    0,    0,    0,   16,
       0,   29,    0,    0,    0,    0,    0,    0,    0,    0,    0,    0,    0,    0,    0,    0,    0,    0,    0,    0,    0,    0,    0,  -43,   16,    0,    0,    0,    0,    0,    0,    0,    0,    0,    0,    0,    0,    0,    0,    0,   16,    0,    0,    0,    0,    0,    0,    0,    0,    0,    0,    0,    0,    0,    0,    0,    0,    0,    0,    0,    0,    0,    0,    0,    0,    0,    0,    0,    0,    0,    0,    0,    0,    0,    0,    0,    0,    0,    0,    0,    0,    0,    0,    0,    0,    0,    0,    0,    0,    0,    0,    0,   27,    0,  -13,   -5,    0,    0,    0,    0,    0,   69,    0,    0,    0,    0,    0,    0,   -5,    0,    0,    0,    0,    0,   16,    0,    0,
       0,    0,  -21,  -11,    0,  -11,    0,    0,    0,    0,    0,    0,    0,    0,    0,    0,    0,    0,    0,    0,    0,    0,    0,  -72,    0,    0,    0,    0,    0,    0,    0,    0,    0,    0,    0,    0,    0,    0,    0,    0,    0,    0,    0,    0,    0,    0,    0,    0,    0,    0,    0,    0,    0,    0,    0,    0,    0,    0,    0,    0,    0,    0,    0,    0,    0,    0,    0,    0,    0,    0,    0,    0,    0,    0,    0,    0,    0,    0,    0,    0,    0,    0,    0,    0,    0,    0,    0,    0,    0,    0,    0,    0,  -11,    0,  -29,  -16,    0,    0,    0,    0,    0,    0,    0,    0,  -11,    0,    0,    0,    0,    0,    0,    0,    0,    0,  -16,  -37,    0,
       0,    0,  -21,    0,    0,    0,    0,    0,    0,    0,    0,    0,    0,    0,    0,    0,    0,    0,    0,    0,    0,    0,    0,  -48,    0,    0,    0,    0,    0,    0,    0,    0,    0,    0,    0,    0,    0,    0,    0,    0,    0,    0,    0,    0,    0,    0,    0,    0,    0,    0,    0,    0,    0,    0,    0,    0,    0,    0,    0,    0,    0,    0,    0,    0,    0,    0,    0,    0,    0,    0,    0,    0,    0,    0,    0,    0,    0,    0,    0,    0,    0,    0,    0,    0,    0,    0,    0,    0,    0,    0,    0,  -11,   -8,    0,  -16,  -11,    0,    0,    0,    0,    0,    0,    0,    0,    0,    0,    0,    0,    0,    0,    0,    0,    0,    0,  -11,  -16,    0,
       0,    0,    0,  -11,    0,  -11,    0,  -11,  -11,    0,    0,    0,    0,    0,    0,    0,    0,    0,    0,    0,    0,    0,    0,  -21,    0,    0,    0,    0,    0,    0,    0,    0,    0,    0,    0,    0,    0,    0,    0,    0,    0,    0,    0,    0,    0,    0,    0,    0,    0,    0,    0,    0,    0,    0,    0,    0,    0,    0,    0,    0,    0,    0,    0,    0,    0,    0,    0,    0,    0,    0,    0,    0,    0,    0,    0,    0,    0,    0,    0,    0,    0,    0,    0,    0,    0,    0,    0,    0,    0,    0,    0,    0,    0,    0,    0,    0,    0,    0,    0,    0,    0,    0,    0,    0,    0,    0,    0,    0,  -11,    0,    0,    0,    0,    0,    0,    0,    0,
       0,   16,   32,    0,    0,    0,    0,    0,    0,    0,    0,    0,    0,    0,    0,    0,    0,    0,    0,    0,    0,    0,    0,   32,    0,    0,    0,    0,    0,    0,    0,    0,    0,    0,    0,    0,    0,    0,    0,    0,    0,    0,    0,    0,    0,    0,    0,    0,    0,    0,    0,    0,    0,    0,    0,    0,    0,    0,    0,    0,    0,    0,    0,    0,    0,    0,    0,    0,    0,    0,    0,    0,    0,    0,    0,    0,    0,    0,    0,    0,    0,    0,    0,    0,    0,    0,    0,    0,    0,    0,    0,    0,    0,    0,    0,    0,    0,   32,    0,    0,   21,    0,   32,    0,    0,    0,    0,    0,    0,    0,    0,    0,    0,    0,    0,    0,   16,
       0,    0,    0,    0,    0,    0,    0,  -21,  -21,    0,    0,    0,    0,    0,    0,    0,    0,    0,    0,    0,    0,    0,    0,    0,    0,    0,    0,    0,    0,    0,    0,    0,    0,    0,    0,    0,    0,    0,    0,    0,    0,    0,    0,    0,    0,    0,    0,    0,    0,    0,    0,    0,    0,    0,    0,    0,    0,    0,    0,    0,    0,    0,    0,    0,    0,    0,    0,    0,    0,    0,    0,    0,    0,    0,    0,    0,    0,    0,    0,    0,    0,    0,    0,    0,    0,    0,    0,    0,    0,    0,  -16,   -5,    0,    0,    0,    0,    0,    0,    0,    0,    0,    0,    0,    0,    0,    0,    0,    0,    0,    0,    0,    0,    0,    0,    0,    0,    0,
       0,    0,    0,    0,    0,    0,    0,    0,    0,    0,    0,    0,    0,    0,    0,    0,    0,    0,    0,    0,    0,    0,    0,    0,    0,    0,    0,    0,    0,    0,    0,    0,    0,    0,    0,    0,    0,    0,    0,    0,    0,    0,    0,    0,    0,    0,    0,    0,    0,    0,    0,    0,    0,    0,    0,    0,    0,    0,    0,    0,    0,    0,    0,    0,    0,  -27,    0,    0,    0,   16,    0,    0,    0,    0,    0,    0,    0,    0,    0,  -21,    0,    0,    0,    0,    0,    0,    0,    0,    0,    0,    0,    0,    0,    0,    0,    0,    0,    0,    0,    0,    0,    0,    0,  -35,    0,    0,    0,    0,    0,    0,    0,    0,    0,    0,    0,    0,    0,
       0,    0,    0,  -51,  -21,  -51,    0,  -27,  -27,    0,    0,    0,    0,    0,    0,    0,    0,    0,    0,    0,    0,    0,    0,    0,    0,    0,    0,    0,    0,    0,    0,    0,    0,    0,    0,    0,    0,    0,    0,    0,    0,    0,    0,    0,    0,    0,    0,    0,    0,    0,    0,    0,    0,    0,    0,    0,    0,    0,    0,    0,    0,    0,    0,    0,  -11,    0,  -16,    0,    0,  -43,   11,  -64,    0,  -48,    0,    0,  -11,  -21,    0,    0,    0,  -21,  -27,    0,  -18,  -27,  -16,  -21,    0,    0,  -75,  -27,    0,    0,    0,    0,  -32,    0,    0,    0,    0,    0,    0,    0,    0,  -16,    0,    0,  -21,    0,  -61,    0,  -21,    0,  -21,    0,    0,
       0,    0,    0,    0,    0,    0,    0,    0,    0,    0,    0,    0,    0,    0,    0,    0,    0,    0,    0,    0,    0,    0,    0,    0,    0,    0,    0,    0,    0,    0,    0,    0,    0,    0,    0,    0,    0,    0,    0,    0,    0,    0,    0,    0,    0,    0,    0,    0,    0,    0,    0,    0,    0,    0,    0,    0,    0,    0,    0,    0,    0,    0,    0,    0,    0,    0,    0,    0,    0,    0,    0,    0,    0,    0,    0,    0,    0,    0,    0,    0,    0,    0,    0,    0,    0,    0,    0,    0,    0,   21,    0,    0,    0,    0,    0,    0,    0,    0,    0,    0,    0,    0,    0,    0,    0,    0,    0,    0,    0,    0,    0,    0,    0,    0,    0,    0,    0,
       0,   27,   21,  -43,    0,  -43,    0,    0,    0,    0,    0,    0,    0,    0,    0,    0,    0,    0,    0,    0,    0,    0,    0,    0,    0,    0,    0,    0,    0,    0,    0,    0,    0,    0,    0,    0,    0,    0,    0,    0,    0,    0,    0,    0,    0,    0,    0,    0,    0,    0,    0,    0,    0,    0,    0,    0,    0,    0,    0,    0,    0,    0,    0,    0,    0,    0,    0,    0,    0,  -32,   21,  -59,    0,  -37,    0,    0,    0,  -27,    0,   16,    0,  -27,  -35,  -21,  -27,   -7,  -44,  -44,  -17,  -17,  -72,  -40,    0,    0,  -22,  -28,  -38,    0,    0,    0,    0,    0,    0,    0,    0,  -39,    0,    0,  -55,    0,  -72,    0,  -33,    0,  -34,    0,   21,
       0,    0,   16,  -40,    0,  -40,    0,    0,    0,    0,    0,    0,    0,    0,    0,    0,    0,    0,    0,    0,    0,    0,    0,    0,    0,    0,    0,    0,    0,    0,    0,    0,    0,    0,    0,    0,    0,    0,    0,    0,    0,  -16,    0,    0,    0,    0,    0,    0,    0,    0,    0,    0,    0,    0,    0,    0,    0,    0,    0,    0,    0,    0,    0,    0,    0,    0,    0,    0,    0,    0,    0,    0,    0,    0,    0,    0,    0,    0,    0,    0,    0,    0,  -21,    0,    0,  -21,  -11,  -11,    0,    0,  -48,  -16,    0,    0,    0,    0,  -21,    0,    0,    0,    0,    0,    0,    0,    0,  -11,    0,    0,  -16,    0,    0,    0,  -11,    0,    0,    0,   19,
       0,    0,    0,  -48,    0,  -48,  -37,  -32,  -32,    0,    0,    0,    0,    0,    0,    0,    0,    0,    0,    0,    0,    0,    0,    0,    0,    0,    0,    0,    0,    0,    0,    0,    0,    0,    0,    0,    0,    0,    0,    0,    0,  -11,    0,    0,    0,    0,    0,    0,    0,    0,    0,    0,    0,    0,    0,    0,    0,    0,    0,    0,    0,    0,    0,    0,    0,    0,   -7,    0,    0,  -21,   11,  -48,    0,  -37,    0,    0,    0,    0,    0,    0,    0,  -21,  -13,    0,    0,  -13,    0,    0,    0,    0,  -45,  -21,    0,    0,    0,    0,  -21,    0,  -16,    0,   11,    0,    0,    0,    0,    0,    0,    0,    0,    0,  -51,    0,    0,    0,    0,    0,   13,
       0,    0,    0,    0,    0,    0,    0,    0,    0,    0,    0,    0,    0,    0,    0,    0,    0,    0,    0,    0,    0,    0,    0,    0,    0,    0,    0,    0,    0,    0,    0,    0,    0,    0,    0,    0,    0,    0,    0,    0,    0,    0,    0,    0,    0,    0,    0,    0,    0,    0,    0,    0,    0,    0,    0,    0,    0,    0,    0,    0,    0,    0,    0,    0,    0,    0,    0,    0,   64,   16,    0,   16,    0,   21,    0,    0,   11,    0,    0,    0,    0,    0,    0,    0,    0,    0,    0,    0,    0,    0,    0,    0,    0,    0,    0,    0,    0,    0,    0,    0,    0,   69,    0,    0,    0,    0,    0,    0,    0,    0,    0,    0,    0,    0,    0,    0,    0,
       0,    0,    0,    0,    0,    0,    0,    0,    0,    0,    0,    0,    0,    0,    0,    0,    0,    0,    0,    0,    0,    0,    0,    0,    0,    0,    0,    0,    0,    0,    0,    0,    0,    0,    0,    0,    0,    0,    0,    0,    0,    0,    0,    0,    0,    0,    0,    0,    0,    0,    0,    0,    0,    0,    0,    0,    0,    0,    0,    0,    0,    0,    0,    0,    0,    0,    0,    0,    0,    0,    0,    0,    0,    0,    0,    0,    0,    0,    0,    0,    0,    0,    0,    0,    0,    0,    0,    0,    0,    0,    0,    0,   21,    0,    0,    0,    0,    0,    0,    0,    0,   64,    0,    0,    0,    0,    0,    0,    0,    0,    0,    0,    0,    0,   16,    0,    0,
       0,    0,    0,    0,    0,    0,    0,    0,    0,    0,    0,    0,    0,    0,    0,    0,    0,    0,    0,    0,    0,    0,    0,  -27,    0,    0,    0,    0,    0,    0,    0,    0,    0,    0,    0,    0,    0,    0,    0,    0,    0,    0,    0,    0,    0,    0,    0,    0,    0,    0,    0,    0,    0,    0,    0,    0,    0,    0,    0,    0,    0,    0,    0,    0,    0,  -16,    0,    0,    0,    0,    0,    0,    0,   27,    0,    0,    0,    0,    0,  -16,    0,    0,    0,    0,    0,    0,    0,    0,    0,    0,    0,    0,    0,    0,    0,    0,    0,    0,    0,    0,    0,    0,    0,  -32,    0,    0,  -32,    0,    0,    0,    0,    0,    0,    0,    0,    0,    0,
       0,    0,    0,    0,    0,    0,    0,    0,    0,    0,    0,    0,    0,    0,    0,    0,    0,    0,    0,    0,    0,    0,    0,  -56,    0,    0,    0,    0,    0,    0,    0,    0,    0,    0,    0,    0,    0,    0,    0,    0,    0,    0,    0,    0,    0,    0,    0,    0,    0,    0,    0,    0,    0,    0,    0,    0,    0,    0,    0,    0,    0,    0,    0,    0,    0,    0,    0,    0,    0,    0,    0,    0,    0,    0,    0,    0,    0,    0,    0,    0,    0,    0,    0,    0,    0,    0,    0,    0,    0,    0,    0,    0,    0,    0,  -11,  -11,    0,    0,    0,    0,    0,    0,    0,    0,   -5,    0,    0,    0,    0,    0,    0,    0,    0,    0,    0,  -16,    0,
       0,    0,   29,  -53,  -27,  -53,  -53,  -27,  -27,    0,    0,    0,    0,    0,    0,    0,    0,    0,    0,    0,    0,    0,    0,   11,    0,    0,    0,    0,    0,    0,    0,    0,    0,    0,    0,    0,    0,    0,    0,    0,    0,  -16,  -16,    0,    0,    0,    0,    0,    0,    0,    0,    0,    0,    0,    0,    0,    0,    0,    0,    0,    0,    0,    0,    0,    0,    0,  -13,   -5,    0,  -32,   21,  -45,    0,  -37,    0,    0,    0,  -16,    0,   16,    0,  -21,  -27,  -21,  -21,  -37,  -24,  -21,  -16,   -5,  -64,  -43,    0,  -21,    0,  -21,  -45,   16,  -32,    0,   16,    0,   16,    0,    0,  -27,   11,    0,  -32,    0,  -53,    0,  -24,    0,  -21,    0,   11,
       0,    0,    0,  -11,  -11,  -11,    0,  -16,  -16,    0,    0,    0,    0,    0,    0,    0,    0,    0,    0,    0,    0,    0,    0,    0,    0,    0,    0,    0,    0,    0,    0,    0,    0,    0,    0,    0,    0,    0,    0,    0,    0,  -11,    0,    0,    0,    0,    0,    0,    0,    0,    0,    0,    0,    0,    0,    0,    0,    0,    0,    0,    0,    0,    0,    0,    0,    0,  -16,    0,   64,   16,    5,   13,    0,   37,   37,   -5,   11,  -21,   21,    0,   -5,   16,  -11,  -11,    0,  -11,    0,    0,  -11,    0,    0,    0,    0,    0,  -32,  -21,    0,    0,    0,    0,    0,   53,    0,    0,    0,    0,    0,  -21,  -32,    0,   43,    0,    0,    0,  -11,    0,    0,
       0,   21,    0,    0,    0,    0,    0,    0,    0,    0,    0,    0,    0,    0,    0,    0,    0,    0,    0,    0,    0,    0,    0,  -34,   21,    0,    0,    0,    0,    0,    0,    0,    0,    0,    0,    0,    0,    0,    0,    0,   16,    0,    0,    0,    0,    0,    0,    0,    0,    0,    0,    0,    0,    0,    0,    0,    0,    0,    0,    0,    0,    0,    0,    0,    0,    0,    0,    0,    0,    0,    0,    0,    0,    0,    0,    0,    0,    0,    0,    0,    0,    0,    0,    0,    0,    0,    0,    0,    0,    0,    0,    0,   32,    0,    0,    0,    0,    0,    0,    0,    0,   85,    0,    0,    0,    0,    0,    0,    0,    0,    0,    0,    0,    0,   29,    0,   16,
       0,    0,  -56,    0,    0,    0,    0,    0,    0,    0,    0,    0,    0,    0,    0,    0,    0,    0,    0,    0,    0,    0,    0,    0,    0,    0,    0,    0,    0,    0,    0,    0,    0,    0,    0,    0,    0,    0,    0,    0,    0,    0,    0,    0,    0,    0,    0,    0,    0,    0,    0,    0,    0,    0,    0,    0,    0,    0,    0,    0,    0,    0,    0,    0,    0,  -48,  -11,    0,    0,    0,  -21,    0,    0,    0,    0,    0,    0,  -13,   11,  -59,    0,    0,    0,    0,    0,    0,    0,    0,  -21,    0,    0,    0,  -27,    0,  -32,  -21,    0,    0,    0,    0,    0,    0,    0,  -72,  -16,    0,  -48,    0,    0,    0,    0,    0,    0,    0,    0,    0,  -35,
       0,    0,    0,    0,    0,    0,    0,    0,    0,    0,    0,    0,    0,    0,    0,    0,    0,    0,    0,    0,    0,    0,    0,    0,    0,    0,    0,    0,    0,    0,    0,    0,    0,    0,    0,    0,    0,    0,    0,    0,    0,    0,    0,    0,    0,    0,    0,    0,    0,    0,    0,    0,    0,    0,    0,    0,    0,    0,    0,    0,    0,    0,    0,    0,    0,    0,    0,    0,    0,    0,    0,  -11,    0,    0,    0,    0,    0,    0,    0,  -11,    0,    0,    0,    0,    0,    0,    0,    0,    0,    0,    0,    0,    0,    0,    0,    0,    0,    0,    0,    0,    0,    0,    0,    0,    0,    0,  -16,    0,    0,    0,    0,    0,    0,    0,    0,    0,    0,
       0,    0,    0,    0,    0,    0,    0,    0,    0,    0,    0,    0,    0,    0,    0,    0,    0,    0,    0,    0,    0,    0,    0,    0,    0,    0,    0,    0,    0,    0,    0,    0,    0,    0,    0,    0,    0,    0,    0,    0,    0,    0,    0,    0,    0,    0,    0,    0,    0,    0,    0,    0,    0,    0,    0,    0,    0,    0,    0,    0,    0,    0,    0,    0,   -5,    0,    0,    0,    0,    0,   16,    0,    0,    0,    0,    0,    0,  -16,    0,    0,    0,    0,    0,    0,    0,    0,    0,    0,    0,    0,    0,    0,    0,    0,    0,    0,    0,    0,    0,    0,    0,    0,    0,    0,    0,    0,    0,    0,    0,    0,    0,    0,    0,    0,    0,    0,    0,
       0,    0,    0,    0,    0,    0,    0,    0,    0,    0,    0,    0,    0,    0,    0,    0,    0,    0,    0,    0,    0,    0,    0,  -40,    0,    0,    0,    0,    0,    0,    0,    0,    0,    0,    0,    0,    0,    0,    0,    0,    0,    0,    0,    0,    0,    0,    0,    0,    0,    0,    0,    0,    0,    0,    0,    0,    0,    0,    0,    0,    0,    0,    0,    0,    0,    0,    0,    0,    0,    0,    0,    0,    0,    0,    0,    0,    0,    0,    0,    0,    0,    0,    0,    0,    0,    0,    0,    0,    0,    0,    0,    0,    0,    0,    0,    0,    0,    0,    0,    0,    0,   35,    0,    0,    0,    0,    0,    0,   -5,    0,    0,    0,    0,    0,    0,    0,    0,
       0,    0,   11,  -32,    0,  -32,  -16,  -21,  -21,    0,    0,    0,    0,    0,    0,    0,    0,    0,    0,    0,    0,    0,    0,    0,    0,    0,    0,    0,    0,    0,    0,    0,    0,    0,    0,    0,    0,    0,    0,    0,    0,    0,    0,    0,    0,    0,    0,    0,    0,    0,    0,    0,    0,    0,    0,    0,    0,    0,    0,    0,    0,    0,    0,    0,    0,    0,   -5,    0,    0,  -11,   12,  -16,    0,  -27,    0,    0,    0,    0,    0,    0,    0,  -11,   -8,   -5,    0,   -8,  -16,  -16,    0,    0,  -16,   -5,    0,    0,    0,    0,    0,    0,   -5,    0,   11,    0,    0,    0,    0,    0,    0,    0,    0,    0,  -11,    0,    0,    0,    0,    0,    0,
       0,    0,    0,    0,    0,    0,    0,    0,    0,    0,    0,    0,    0,    0,    0,    0,    0,    0,    0,    0,    0,    0,    0,    0,    0,    0,    0,    0,    0,    0,    0,    0,    0,    0,    0,    0,    0,    0,    0,    0,    0,    0,    0,    0,    0,    0,    0,    0,    0,    0,    0,    0,    0,    0,    0,    0,    0,    0,    0,    0,    0,    0,    0,    0,    0,    0,    0,    0,    0,    0,    0,    0,    0,    0,    0,    0,    0,    0,    0,    0,    0,    0,    0,    0,    0,    0,    0,    0,    0,    0,    0,    0,    0,    0,   -5,    0,    0,    0,    0,    0,    0,    0,    0,    0,    0,    0,    0,    0,  -11,    0,    0,    0,    0,    0,    0,    0,    0,
       0,    0,    0,  -16,    0,  -16,    0,    0,    0,    0,    0,    0,    0,    0,    0,    0,    0,    0,    0,    0,    0,    0,    0,    0,    0,    0,    0,    0,    0,    0,    0,    0,    0,    0,    0,    0,    0,    0,    0,    0,    0,    0,    0,    0,    0,    0,    0,    0,    0,    0,    0,    0,    0,    0,    0,    0,    0,    0,    0,    0,    0,    0,    0,    0,    0,    0,    0,    0,    0,    0,    0,  -16,    0,    0,    0,    0,    0,    0,    0,    0,    0,    0,    0,    0,    0,    0,  -16,    0,    0,    0,  -13,  -11,    0,    0,    0,    0,    0,    0,    0,    0,    0,    0,    0,    0,    0,    0,    0,    0,    0,    0,  -11,    0,    0,    0,    0,    0,    0,
       0,    0,    0,    0,    0,    0,    0,    0,    0,    0,    0,    0,    0,    0,    0,    0,    0,    0,    0,    0,    0,    0,    0,    0,    0,    0,    0,    0,    0,    0,    0,    0,    0,    0,    0,    0,    0,    0,    0,    0,    0,    0,    0,    0,    0,    0,    0,    0,    0,    0,    0,    0,    0,    0,    0,    0,    0,    0,    0,    0,    0,    0,    0,    0,    0,    0,    0,    0,    0,    0,    0,    0,    0,    0,    0,    0,    0,    0,    0,    0,    0,    0,    0,    0,    0,    0,    0,    0,    0,    0,  -11,  -16,    0,    0,    0,    0,    0,    0,    0,    0,    0,   27,    0,    0,    0,    0,    0,    0,  -21,    0,    0,    0,  -11,    0,    0,    0,    0,
       0,    0,    0,  -11,  -11,  -11,    0,  -16,  -16,    0,    0,    0,    0,    0,    0,    0,    0,    0,    0,    0,    0,    0,    0,    0,    0,    0,    0,    0,    0,    0,    0,    0,    0,    0,    0,    0,    0,    0,    0,    0,    0,  -11,    0,    0,    0,    0,    0,    0,    0,    0,    0,    0,    0,    0,    0,    0,    0,    0,    0,    0,    0,    0,    0,    0,    0,    0,  -16,    0,    0,    5,    5,   -8,    0,   16,   16,   -5,   11,  -21,   21,    0,   -5,    0,  -43,  -11,  -32,  -43,    0,  -27,  -11,  -32,    0,  -27,  -11,    0,  -32,  -21,  -27,    0,    0,    0,    0,    0,    0,    0,    0,    0,    0,  -21,  -32,    0,   11,    0,  -32,    0,  -11,    0,    0,
       0,    0,    0,    0,    0,    0,    0,    0,    0,    0,    0,    0,    0,    0,    0,    0,    0,    0,    0,    0,    0,    0,    0,  -34,    0,    0,    0,    0,    0,    0,    0,    0,    0,    0,    0,    0,    0,    0,    0,    0,    0,    0,    0,    0,    0,    0,    0,    0,    0,    0,    0,    0,    0,    0,    0,    0,    0,    0,    0,    0,    0,    0,    0,    0,    0,    0,    0,    0,    0,    0,    0,    0,    0,    0,    0,    0,    0,    0,    0,    0,    0,    0,  -11,    0,    0,  -11,    0,    0,    0,    0,  -16,  -21,    5,    0,    0,    0,  -11,    0,    0,    0,    0,    0,    0,    0,    0,    0,    0,    0,    0,    0,    0,    0,    0,    0,    0,    0,   16,
     -16,    0,    0,  -53,    0,  -53,    0,    0,    0,    0,  -59,  -16,  -11,  -21,    0,  -21,  -11,    0,  -16,  -16,    0,    0,    0,    0,    0,  -43,    0,  -16,  -45,    0,    0,   -5,   -5,  -37,    0,    0,    0,  -16,    0,  -16,    0,    0,    0,  -53,  -59,    0,  -43,    0,    0,  -43,    0,  -43,    0,    0,    0,    0,  -37,  -16,    0,  -45,    0,  -16,    0,    0,  -21,    0,  -11,  -11,    0,  -51,    0,  -59,  -16,  -43,    0,    0,  -21,    0,    0,    0,    0,  -32,  -43,  -21,    0,  -43,  -32,  -27,    0,   -5,  -83,  -37,    0,  -16,    0,    0,  -39,    0,  -37,    0,    0,    0,    0,  -16,    0,  -29,    0,    0,    0,    0,  -59,    0,  -21,    0,  -16,    0,    0,
     -37,    0,    0,  -75,    0,  -75,    0,    0,    0,  -21,  -80,  -21,  -32,  -27,  -27,  -32,  -21,  -16,  -27,  -16,  -16,  -11,  -11,    0,    0,  -53,  -11,  -32,  -61,  -16,    0,  -11,  -11,  -48,    0,  -16,    0,  -21,    0,  -16,    0,    0,    0,    0,  -80,    0,  -53,  -16,    0,  -53,  -11,  -53,  -11,    0,    0,  -11,  -48,  -16,    0,  -61,  -24,    0,    0,    0,  -27,  -16,  -32,  -21,  -27,  -67,    0,  -80,  -21,  -67,  -21,  -27,  -32,  -27,  -16,    0,  -21,  -43,  -53,  -37,  -32,  -53,  -37,  -32,  -16,  -11,  -93,  -48,    0,  -21,    0,    0,  -59,  -11,  -48,  -16,    0,    0,  -11,  -16,    0,  -45,  -11,    0,  -53,  -21,  -80,    0,    0,  -24,    0,    0,    0,
       0,    0,    0,    0,    0,    0,    0,    0,    0,    0,   21,    0,  -16,    0,   37,    0,    0,  -27,  -32,  -53,   21,  -32,    0,    0,    0,  -11,    0,   53,   11,    0,   45,  -11,  -11,    0,  -11,  -11,  -32,    0,  -27,    0,    0,    0,    0,    0,   16,    0,  -11,    0,    0,  -11,    0,  -11,    0,    0,    0,    0,    0,    0,    0,   48,    0,    0,    0,    0,    0,  -27,  -16,    0,   37,   21,    0,   21,    0,   16,   11,    0,    0,  -11,   21,  -51,    0,   16,  -11,  -11,    0,  -11,    0,    0,  -11,  -11,    0,    0,  -32,    0,  -59,  -40,    0,    0,    0,    0,    0,   45,    0,  -53,  -16,    0,  -32,  -64,  -16,    0,   16,    0,    0,    0,    0,  -53,  -53,
};

static const EpdLigaturePair bookerly_16_italicLigaturePairs[] = {
    { 0x00660066, 0xFB00 }, // f f -> U+FB00
    { 0x00660069, 0xFB01 }, // f i -> U+FB01
    { 0x0066006C, 0xFB02 }, // f l -> U+FB02
    { 0xFB000069, 0xFB03 }, // U+FB00 i -> U+FB03
    { 0xFB00006C, 0xFB04 }, // U+FB00 l -> U+FB04
};

static const EpdFontData bookerly_16_italic = {
    bookerly_16_italicBitmaps,
    bookerly_16_italicGlyphs,
    bookerly_16_italicIntervals,
    70,
    44,
    36,
    -9,
    true,
    bookerly_16_italicGroups,
    14,
    nullptr,
    bookerly_16_italicKernLeftClasses,
    bookerly_16_italicKernRightClasses,
    bookerly_16_italicKernMatrix,
    652,
    680,
    145,
    117,
    bookerly_16_italicLigaturePairs,
    5,
};
