/**
 * generated by fontconvert.py
 * name: bookerly_10_bold
 * size: 10
 * mode: 2-bit  compressed: zopfli
 * Command used: fontconvert.py bookerly_10_bold 10 ../builtinFonts/source/Bookerly/Bookerly-Bold.ttf --2bit --compress --zopfli
 */
#pragma once
#include "EpdFontData.h"

static const uint8_t bookerly_10_boldBitmaps[19564] = {
    0x8D, 0x97, 0x01, 0xA4, 0x27, 0x49, 0x7E, 0xC7, 0x3F, 0xDD, 0xBD, 0xA6, 0x48, 0x47, 0x6A, 0xB1,
    0x47, 0x18, 0x52, 0x70, 0x18, 0x86, 0xAD, 0x60, 0x31, 0x64, 0xDE, 0xAB, 0xDE, 0x0C, 0x0E, 0x8B,
    0x08, 0x27, 0x21, 0x8B, 0x85, 0x00, 0xC8, 0x1C, 0x8E, 0x04, 0x6F, 0xA6, 0x3B, 0xBB, 0x38, 0x1C,
    0x32, 0x10, 0x01, 0x08, 0x02, 0x72, 0xB0, 0x58, 0x0C, 0xDE, 0xBE, 0xAE, 0x9D, 0xC1, 0xE2, 0x30,
    0xBD, 0x27, 0x11, 0x01, 0x53, 0x27, 0xE3, 0x70, 0x4B, 0xB6, 0x76, 0xB7, 0x92, 0xAB, 0xB7, 0x57,
    0xDD, 0xBF, 0x54, 0xFF, 0xDF, 0x9B, 0xC9, 0x4C, 0x76, 0xEC, 0xE4, 0xFF, 0xFB, 0x7D, 0xBE, 0xFF,
    0x7A, 0xF5, 0xAB, 0xEA, 0xFA, 0x76, 0x57, 0x35, 0xEF, 0xEF, 0xB8, 0xCB, 0x19, 0x1F, 0x73, 0xE7,
    0x10, 0x47, 0x35, 0x6E, 0x02, 0xAF, 0xE1, 0x18, 0x39, 0xC6, 0x5A, 0xE7, 0x8E, 0x0F, 0x9F, 0xA3,
    0xA3, 0x6B, 0xD7, 0x38, 0x39, 0x82, 0xFB, 0xB5, 0x9E, 0x4E, 0xB0, 0x22, 0xDE, 0x89, 0x4C, 0x6D,
    0x88, 0x74, 0x9F, 0x55, 0x1E, 0x04, 0x66, 0x11, 0x44, 0x36, 0xF4, 0x2D, 0x8F, 0xEE, 0x3D, 0x46,
    0x4F, 0x70, 0x0D, 0x6E, 0xEE, 0xD9, 0xC8, 0xA4, 0x25, 0xDA, 0x3B, 0xE9, 0xF8, 0xC6, 0x47, 0xC7,
    0x37, 0x5E, 0x37, 0xF7, 0xE9, 0x37, 0x9A, 0x79, 0xE1, 0x8F, 0xD2, 0x8D, 0xB7, 0xF2, 0xC9, 0x8F,
    0xF3, 0xDD, 0xBF, 0x8E, 0x4E, 0x82, 0xDA, 0x06, 0x3E, 0xE2, 0x32, 0x3F, 0xA4, 0xCB, 0x7C, 0x1F,
    0x2D, 0x9C, 0xF0, 0xA6, 0x1E, 0x32, 0x47, 0xFA, 0xED, 0x58, 0xE5, 0x83, 0xA5, 0xCA, 0x0F, 0x26,
    0x8E, 0x8D, 0x36, 0xC1, 0x6C, 0x6F, 0x8E, 0x59, 0xA5, 0x9B, 0xF9, 0x04, 0x52, 0x3A, 0xA2, 0x89,
    0xF1, 0x88, 0x6E, 0xA9, 0xAD, 0x7E, 0xAA, 0x7D, 0x9A, 0x31, 0xEF, 0x77, 0xB2, 0xF0, 0xBB, 0x00,
    0x36, 0x00, 0x92, 0xA1, 0x4D, 0xA7, 0xD0, 0xC5, 0x93, 0x5D, 0x12, 0xB4, 0x5F, 0x2D, 0xD0, 0x65,
    0x5D, 0xD0, 0xC5, 0x14, 0x9C, 0xEB, 0x96, 0x7A, 0xF9, 0x87, 0x0B, 0x77, 0xD5, 0x6F, 0x16, 0x5C,
    0x23, 0x1E, 0x37, 0xCD, 0x4F, 0xD0, 0x22, 0x32, 0xB4, 0xF2, 0xCB, 0x33, 0xAC, 0xDB, 0x1F, 0xCB,
    0x35, 0xAE, 0x51, 0xDA, 0xA4, 0x16, 0xED, 0xCD, 0x60, 0x71, 0x1C, 0x1F, 0xC2, 0x61, 0x31, 0x83,
    0xF6, 0x2A, 0xB4, 0x89, 0x42, 0x7D, 0x76, 0x0E, 0x33, 0xF5, 0x4B, 0x17, 0x9B, 0x44, 0xA6, 0xD4,
    0x38, 0x3D, 0x68, 0x6E, 0x52, 0x17, 0xD5, 0x62, 0x26, 0xC7, 0x35, 0x08, 0x37, 0xE2, 0xF8, 0xAF,
    0xFD, 0x36, 0xFE, 0xFB, 0x8D, 0x40, 0xE0, 0x2F, 0xE1, 0xFE, 0x65, 0x3A, 0x89, 0x35, 0x9F, 0xFD,
    0x59, 0x4B, 0xFD, 0xA4, 0x7D, 0x8D, 0xC9, 0x70, 0xC4, 0x5B, 0xB8, 0xE2, 0xCA, 0xF7, 0x7E, 0xF8,
    0xC6, 0x99, 0xDC, 0xA1, 0x8D, 0x74, 0x01, 0xB5, 0xA0, 0x3D, 0x66, 0xC0, 0xC1, 0x31, 0x9C, 0x42,
    0xA6, 0x5A, 0xE9, 0xE2, 0x65, 0x45, 0x4F, 0xD8, 0x43, 0x85, 0x79, 0x41, 0x49, 0x46, 0xFF, 0x6A,
    0xC3, 0x4E, 0x33, 0x6E, 0x70, 0xB8, 0xAA, 0xE3, 0xFF, 0x72, 0x11, 0xD3, 0x19, 0xE6, 0x57, 0x85,
    0x5E, 0xD2, 0xBE, 0x97, 0xF0, 0x23, 0xAE, 0x66, 0x24, 0x33, 0x66, 0xDA, 0x97, 0x65, 0x57, 0x4B,
    0xE2, 0x67, 0xF1, 0x57, 0xB6, 0xC1, 0x4A, 0x18, 0xDF, 0x8B, 0x1F, 0xAB, 0x78, 0xDA, 0xC5, 0x37,
    0x54, 0x44, 0x2F, 0xB8, 0x81, 0x95, 0x2E, 0x61, 0x3C, 0xE3, 0x3F, 0xFF, 0xD3, 0x2C, 0x65, 0x94,
    0x74, 0x45, 0x06, 0x27, 0x4B, 0x1D, 0x79, 0xD2, 0xC5, 0xD7, 0xFB, 0xC0, 0x38, 0x29, 0xA9, 0x19,
    0xEB, 0xB8, 0x3D, 0xFB, 0xF8, 0xBD, 0x39, 0x8C, 0x32, 0xD9, 0x0C, 0xED, 0x87, 0xA0, 0x23, 0xD8,
    0xCA, 0x58, 0xD9, 0x07, 0x7D, 0x1D, 0xE9, 0x1F, 0x46, 0xCC, 0xAD, 0x88, 0xFB, 0xD9, 0x37, 0xC3,
    0x28, 0x32, 0xB9, 0x0A, 0x5D, 0xE4, 0x29, 0x5A, 0xE2, 0x9E, 0xBF, 0xFE, 0x47, 0x33, 0x61, 0xFE,
    0x05, 0x2B, 0xC3, 0x95, 0x79, 0xA1, 0x8F, 0x7B, 0x6D, 0xF7, 0x55, 0x57, 0xA8, 0x96, 0x07, 0xFB,
    0x04, 0xAE, 0xC6, 0x46, 0xB2, 0xDA, 0xD0, 0x01, 0x37, 0x31, 0x6E, 0xC3, 0x2C, 0xE1, 0xAC, 0x4F,
    0x6B, 0x9B, 0xCF, 0x9A, 0x32, 0x36, 0xD9, 0x7D, 0x90, 0x8C, 0x84, 0x76, 0xAB, 0x96, 0xF3, 0x28,
    0xE5, 0xEE, 0xCF, 0xF2, 0xFD, 0x2E, 0xBE, 0xA5, 0x3D, 0x76, 0xC2, 0xC1, 0x4A, 0x53, 0xE8, 0xD2,
    0xE5, 0x85, 0xFB, 0x40, 0xB7, 0xD0, 0xCA, 0x60, 0x24, 0xBA, 0x5B, 0xC9, 0xB5, 0xC9, 0xDD, 0x8A,
    0x46, 0xBC, 0x92, 0x41, 0x4B, 0x70, 0x2A, 0x7D, 0xDC, 0x96, 0xB5, 0x29, 0x73, 0x97, 0x2E, 0xDE,
    0x81, 0x76, 0xC3, 0xC8, 0xE2, 0xFA, 0x78, 0xD6, 0xED, 0xCB, 0xCD, 0x75, 0xC5, 0xF7, 0x8B, 0x95,
    0x7C, 0x45, 0xD2, 0xEE, 0x76, 0x5C, 0xDE, 0x95, 0x61, 0x5E, 0xB1, 0x0B, 0x87, 0x3D, 0x87, 0xC3,
    0x77, 0x83, 0xF1, 0xD6, 0x9B, 0x89, 0x67, 0x1F, 0x7D, 0x71, 0x4A, 0x06, 0xCB, 0x11, 0x3F, 0x06,
    0x06, 0xD4, 0x3E, 0x5B, 0xAD, 0xB8, 0x69, 0x4F, 0x95, 0x61, 0x9E, 0xE8, 0x23, 0xDC, 0xBB, 0x3C,
    0x63, 0x00, 0x5C, 0xB4, 0x7F, 0x1F, 0x5C, 0x2D, 0x3E, 0x1B, 0x53, 0x73, 0x1E, 0x4C, 0xC2, 0x0E,
    0xBC, 0x06, 0xEE, 0x1E, 0x73, 0x66, 0x5C, 0xC1, 0x82, 0xDE, 0xF3, 0x8A, 0x60, 0x56, 0x4C, 0x40,
    0xC3, 0xEF, 0x41, 0xC3, 0xE1, 0x0C, 0x1E, 0x0E, 0x5B, 0xAD, 0x05, 0x18, 0x65, 0xA3, 0xDD, 0xFE,
    0x74, 0xF4, 0x7D, 0x40, 0x05, 0x33, 0xFD, 0xB0, 0x8D, 0xAE, 0x93, 0x21, 0xDD, 0xD1, 0x7F, 0xE2,
    0xF3, 0xE9, 0xEF, 0x28, 0x7F, 0x5A, 0xB8, 0xEA, 0xEF, 0xE7, 0x4E, 0x7C, 0xCE, 0xFA, 0x27, 0x3E,
    0x15, 0xFD, 0xCE, 0xC3, 0x58, 0xB4, 0x88, 0xBF, 0xA3, 0xBE, 0xDC, 0x70, 0x00, 0xC6, 0x03, 0xFD,
    0x39, 0x7F, 0x45, 0x23, 0x52, 0xE0, 0xAA, 0xDC, 0x83, 0x36, 0x02, 0x6A, 0x17, 0x9D, 0x01, 0x53,
    0x80, 0x37, 0x57, 0xE0, 0xE6, 0x19, 0x70, 0x3A, 0x02, 0xC9, 0x0D, 0x34, 0xD1, 0x7A, 0x3A, 0x11,
    0x8F, 0x12, 0x09, 0xF4, 0xBE, 0x8F, 0xE8, 0x49, 0x25, 0xC6, 0x68, 0x04, 0x89, 0x4E, 0xB8, 0x2E,
    0x01, 0x27, 0x2B, 0x2A, 0xCE, 0x15, 0x77, 0xC9, 0x1D, 0x94, 0x94, 0x8A, 0xD4, 0xF6, 0x38, 0xA9,
    0x7A, 0x19, 0x15, 0x4D, 0xC5, 0xD6, 0xF6, 0x38, 0x58, 0xD9, 0x70, 0x12, 0xAA, 0x97, 0x6D, 0x37,
    0x35, 0xA9, 0xF3, 0xF7, 0x26, 0x1D, 0xF4, 0x64, 0x7C, 0x8F, 0x9B, 0xC0, 0x0D, 0xCF, 0x31, 0x55,
    0x3C, 0x98, 0x00, 0x7A, 0xFB, 0x33, 0x7F, 0x70, 0x73, 0xFB, 0xBC, 0xAE, 0x9B, 0x71, 0xFB, 0xDC,
    0x78, 0x3B, 0xAA, 0xA8, 0xB2, 0x8A, 0x6D, 0x51, 0xB1, 0x59, 0x55, 0xE4, 0x79, 0xCA, 0x45, 0x7F,
    0x57, 0xC7, 0xD8, 0xC5, 0x8A, 0x0C, 0x4E, 0x9E, 0x1C, 0xE6, 0xD9, 0xC3, 0xDC, 0xBE, 0xA2, 0x86,
    0x3A, 0x0F, 0x15, 0xB9, 0xF4, 0x5C, 0x89, 0x5C, 0xD2, 0x56, 0x54, 0x1D, 0xA3, 0x0F, 0xE3, 0xDD,
    0x61, 0xFE, 0x56, 0xED, 0xAB, 0xF8, 0xA6, 0x8A, 0x7F, 0xA0, 0xE2, 0x6B, 0x2A, 0xB2, 0xA7, 0x14,
    0x25, 0xD5, 0x02, 0xCF, 0xD2, 0x0A, 0x4E, 0xE0, 0xAA, 0x4C, 0x88, 0x84, 0x6E, 0xFB, 0xF3, 0xA0,
    0x43, 0x17, 0x8C, 0x6F, 0x97, 0x17, 0x6F, 0x70, 0xCC, 0x6E, 0x1A, 0x93, 0xF3, 0x5D, 0x34, 0xA1,
    0x8B, 0x7A, 0x7B, 0x37, 0x76, 0x22, 0x91, 0xDB, 0xFB, 0x7B, 0xA2, 0x65, 0x71, 0x6B, 0xBF, 0xDB,
    0x64, 0xE5, 0xFF, 0x8A, 0xC8, 0x53, 0x89, 0xBC, 0x5C, 0xEC, 0xA6, 0xC4, 0x3B, 0xD1, 0xBB, 0xE0,
    0xF6, 0xCE, 0x57, 0xA4, 0xDD, 0x70, 0x82, 0x92, 0xA8, 0x64, 0x61, 0xE4, 0xD5, 0x79, 0x06, 0x1B,
    0x4D, 0x41, 0x65, 0x6C, 0xC4, 0x4C, 0xB8, 0xCD, 0xAE, 0x6E, 0x35, 0x45, 0x45, 0xBD, 0xA8, 0xE8,
    0x06, 0x15, 0x6B, 0xF1, 0xEB, 0x48, 0x35, 0x52, 0x59, 0x50, 0xBF, 0x4D, 0xF5, 0xEF, 0xDA, 0x17,
    0xA5, 0xE2, 0xF6, 0x43, 0x91, 0xAA, 0xCD, 0xCD, 0x6D, 0x14, 0x27, 0xEC, 0x2E, 0x6B, 0xFF, 0xAB,
    0xE8, 0xF6, 0x4D, 0xAB, 0x73, 0xB5, 0x7F, 0xBA, 0x29, 0x7A, 0x63, 0x4C, 0xBD, 0x20, 0xB1, 0xAD,
    0xE2, 0x3B, 0xF9, 0xDB, 0x2A, 0x5F, 0x3C, 0xF8, 0xC2, 0x77, 0x8F, 0x1F, 0x3E, 0xF2, 0xDD, 0xCF,
    0xFF, 0xED, 0xD1, 0xD2, 0x3D, 0xFC, 0xFC, 0xA7, 0x8B, 0x7A, 0x28, 0xFD, 0xA2, 0x1E, 0x48, 0x1F,
    0x7A, 0xBF, 0xA9, 0x2A, 0x45, 0x05, 0xED, 0x4F, 0xAA, 0x95, 0x84, 0x5D, 0xE7, 0x8C, 0x5B, 0xC7,
    0x58, 0xCD, 0xBA, 0xAC, 0x64, 0xE8, 0x57, 0x4E, 0xE9, 0xE5, 0x20, 0x53, 0x95, 0x2F, 0x96, 0x2A,
    0x8F, 0x62, 0x95, 0x87, 0xB9, 0xCA, 0x83, 0xB5, 0x8A, 0x97, 0x5D, 0x5C, 0xA9, 0x62, 0x76, 0xE9,
    0x0B, 0x36, 0x77, 0x85, 0xB1, 0x34, 0x05, 0xAE, 0xAE, 0x34, 0x22, 0x8B, 0x3A, 0xBF, 0x1D, 0x75,
    0x50, 0xC5, 0xF8, 0xB6, 0xB8, 0xA9, 0x59, 0xDD, 0xC0, 0x76, 0x60, 0x62, 0xAD, 0x14, 0xE7, 0x9B,
    0x62, 0x42, 0x97, 0xF4, 0x7A, 0x3B, 0x74, 0x22, 0x13, 0xB7, 0x33, 0xD7, 0x0F, 0xC7, 0x74, 0x43,
    0x45, 0x19, 0xAA, 0xBD, 0xFD, 0x15, 0xAA, 0xB8, 0x9D, 0x41, 0x7D, 0x29, 0x97, 0x47, 0xF5, 0xDE,
    0x0B, 0x4F, 0xC6, 0x0A, 0xB8, 0xCA, 0xBE, 0x2E, 0x88, 0x2C, 0xEC, 0x2B, 0xB3, 0x2F, 0xCD, 0xBE,
    0x36, 0xFB, 0xE2, 0xEC, 0x2B, 0x5F, 0x4A, 0x5D, 0x7F, 0x97, 0xC2, 0xEE, 0x00, 0x5B, 0x2D, 0xB0,
    0x7B, 0xE0, 0x60, 0x82, 0xF9, 0x1C, 0xE8, 0x03, 0xD0, 0xAE, 0x00, 0xE3, 0xAF, 0x01, 0x2D, 0x03,
    0x34, 0x67, 0xCF, 0xF9, 0x9B, 0x87, 0x83, 0xB7, 0x03, 0xAE, 0xB6, 0xE7, 0x4B, 0x6F, 0xA1, 0xEE,
    0x74, 0x42, 0x7D, 0xB9, 0x5E, 0x8E, 0x71, 0x8B, 0xDD, 0x74, 0x71, 0x5B, 0x9B, 0x5B, 0xB9, 0x67,
    0x24, 0xBA, 0x7F, 0x88, 0x67, 0x4D, 0xCD, 0x65, 0xBC, 0x87, 0x5B, 0xD1, 0xE2, 0x1B, 0x89, 0xAF,
    0x9B, 0x98, 0xBA, 0x94, 0xBB, 0xB8, 0xBD, 0x17, 0x44, 0xBC, 0x5D, 0x19, 0x45, 0xD2, 0xCE, 0x1D,
    0xF3, 0x49, 0x3A, 0x31, 0x3E, 0x5E, 0x33, 0x3E, 0x60, 0x3C, 0xDF, 0xC9, 0x5C, 0x68, 0xA4, 0x30,
    0x6F, 0xD5, 0xEE, 0x58, 0xF4, 0x86, 0x0E, 0x4D, 0xA6, 0xFF, 0x7F, 0x48, 0x6C, 0x13, 0x2A, 0x76,
    0x91, 0x6E, 0x7B, 0x2F, 0xD2, 0x88, 0x78, 0xA8, 0x2E, 0x0E, 0x97, 0xE2, 0xE2, 0x52, 0xFB, 0x90,
    0x7E, 0x1F, 0xA2, 0x92, 0x0A, 0x74, 0xB9, 0xF7, 0xB4, 0x45, 0x7B, 0x58, 0xCD, 0x00, 0x9B, 0x05,
    0xC6, 0x63, 0xC0, 0xDD, 0x01, 0x6C, 0x01, 0x74, 0xDA, 0x25, 0x02, 0x2A, 0xC0, 0xB8, 0xA9, 0xC5,
    0x95, 0xB1, 0xF4, 0xC1, 0x25, 0x1D, 0x75, 0xEC, 0x7D, 0x5F, 0x55, 0x7B, 0x95, 0x4C, 0xD2, 0x53,
    0x97, 0x6D, 0x36, 0x43, 0x5B, 0x8E, 0x8A, 0xA5, 0x29, 0x37, 0xD7, 0x63, 0x28, 0x7F, 0x73, 0x76,
    0x04, 0xEB, 0x47, 0xEE, 0x04, 0xEE, 0x46, 0x77, 0x1F, 0x5C, 0xB4, 0xA9, 0x6A, 0x30, 0x11, 0x8C,
    0xD7, 0x55, 0xB5, 0xEF, 0x17, 0x9C, 0x98, 0xD5, 0x6E, 0xA6, 0x54, 0x4F, 0x4B, 0x53, 0xCC, 0xC4,
    0xEC, 0xC0, 0x15, 0xD8, 0xC7, 0xE9, 0xCA, 0xEE, 0xE6, 0xEE, 0x06, 0x65, 0x1C, 0xBA, 0x68, 0xEB,
    0x14, 0x1D, 0xC7, 0xEC, 0xB6, 0xB9, 0x8C, 0x32, 0x17, 0x57, 0x6A, 0x3B, 0xE9, 0xD0, 0xEF, 0xAF,
    0xD6, 0x50, 0x7D, 0x40, 0x39, 0x82, 0xB3, 0xC3, 0x7A, 0x60, 0x02, 0xE8, 0xE5, 0x45, 0xE6, 0x02,
    0xB2, 0xE2, 0x64, 0xAB, 0x08, 0x47, 0xCD, 0xCA, 0xCD, 0x2E, 0xF3, 0x5A, 0xBF, 0x8F, 0x5F, 0xC0,
    0x4D, 0x30, 0x43, 0xED, 0xA6, 0x76, 0xA3, 0x63, 0x5F, 0xBB, 0xF5, 0xE0, 0xBC, 0x65, 0x14, 0x39,
    0xCC, 0x9B, 0xFD, 0xEC, 0x4F, 0xF9, 0xAE, 0xD8, 0x47, 0x1C, 0x83, 0x05, 0x3D, 0xA1, 0x3D, 0x6A,
    0xA1, 0x8B, 0xB4, 0x09, 0x32, 0xB5, 0x4C, 0xAD, 0x39, 0x30, 0xC3, 0xD3, 0x5A, 0xA0, 0x8D, 0xAE,
    0x46, 0xF7, 0x9D, 0xE1, 0x6A, 0x50, 0x60, 0xA5, 0xDD, 0xE8, 0x1E, 0xA3, 0x1E, 0x0D, 0xFA, 0x1D,
    0xAF, 0xBB, 0xC5, 0x76, 0xE1, 0xB8, 0x8D, 0x27, 0x24, 0x91, 0x2C, 0x92, 0xDE, 0xE0, 0x08, 0x87,
    0xF6, 0xCD, 0xD4, 0xC8, 0xA0, 0x25, 0xD8, 0x1F, 0x44, 0xB3, 0xEF, 0x7D, 0x54, 0x12, 0xED, 0xE7,
    0xD1, 0x75, 0xD1, 0xBD, 0x13, 0x9D, 0x48, 0x1F, 0x72, 0x1F, 0xC1, 0x55, 0x54, 0xA5, 0x7B, 0xCA,
    0x57, 0x2B, 0x9D, 0xC8, 0xD0, 0x6D, 0xB3, 0xEF, 0xA2, 0xAD, 0xE8, 0xE7, 0x30, 0xBE, 0x4B, 0xE3,
    0xA0, 0x64, 0xA3, 0x95, 0x27, 0x30, 0x4F, 0xBD, 0x44, 0xF3, 0x69, 0x74, 0x7F, 0x1C, 0x1D, 0x83,
    0x03, 0x37, 0xE0, 0x26, 0xEC, 0xF9, 0x87, 0x5A, 0x62, 0x2B, 0x13, 0xED, 0x29, 0xE8, 0x02, 0x4D,
    0x85, 0x0B, 0x9A, 0xB9, 0xD0, 0x4B, 0xC1, 0x7C, 0x56, 0x70, 0x43, 0x85, 0xE7, 0x98, 0x2A, 0x9F,
    0xD7, 0x9A, 0xC8, 0xA4, 0xF2, 0x38, 0x35, 0x17, 0x0B, 0x7C, 0x90, 0x5C, 0x93, 0x9D, 0x1C, 0x12,
    0xF6, 0x5C, 0xDE, 0xD0, 0x92, 0xEA, 0x6B, 0x89, 0x0D, 0x8D, 0x94, 0x2E, 0xDD, 0x57, 0xE1, 0xF0,
    0x0F, 0xA5, 0x4C, 0xB3, 0x4C, 0xB5, 0xF1, 0xED, 0x34, 0xE7, 0x8C, 0x1B, 0x8D, 0xCC, 0x43, 0x2F,
    0x32, 0x98, 0xF7, 0x23, 0xE6, 0xED, 0x74, 0x40, 0x7F, 0x1E, 0x51, 0xB2, 0xA0, 0xFF, 0x1E, 0x0C,
    0x15, 0xC9, 0x68, 0xD9, 0x70, 0x7F, 0x31, 0x73, 0xB7, 0xC6, 0xF8, 0xF6, 0x8A, 0x93, 0x44, 0x2F,
    0x13, 0xD7, 0x3D, 0xC8, 0x02, 0xA6, 0xA2, 0x77, 0x7C, 0xE5, 0xD3, 0x8B, 0xF1, 0xFA, 0x1B, 0xA9,
    0x7D, 0x63, 0xC5, 0x7D, 0x0B, 0x1B, 0xE7, 0x69, 0xFC, 0x2F, 0x09, 0xCD, 0xA0, 0xC3, 0x7E, 0x60,
    0x01, 0xEC, 0x32, 0x07, 0x13, 0xF4, 0x73, 0x61, 0xF2, 0x58, 0x78, 0x9D, 0xB5, 0x59, 0x29, 0x00,
    0x6D, 0xD1, 0xA5, 0x29, 0xBC, 0x18, 0xB5, 0xA7, 0xCB, 0x26, 0xB9, 0x60, 0x87, 0x83, 0x9B, 0x8A,
    0xA9, 0xE8, 0xA7, 0x3C, 0x94, 0x41, 0x3F, 0xD8, 0xEA, 0x77, 0x42, 0x3F, 0xF6, 0x68, 0x99, 0x2E,
    0xBE, 0x7F, 0x1E, 0x6B, 0x5F, 0x46, 0x7F, 0xB2, 0x61, 0x43, 0x75, 0x93, 0xCC, 0x74, 0x7D, 0x91,
    0xC5, 0x2C, 0xFA, 0xA5, 0x61, 0xD3, 0x5C, 0xAE, 0x7E, 0x9A, 0xCD, 0xC2, 0x2C, 0x9B, 0x24, 0xCC,
    0xB9, 0xD4, 0x8D, 0xD1, 0xC1, 0xBD, 0xFD, 0x2A, 0x35, 0x71, 0x7E, 0x7F, 0xC3, 0x25, 0xF9, 0x54,
    0x86, 0x7A, 0x05, 0x66, 0x91, 0x7D, 0xF6, 0x5E, 0x1D, 0x5E, 0x86, 0x49, 0xE3, 0xE2, 0xB2, 0xC4,
    0x66, 0x5E, 0x7A, 0xC9, 0xE6, 0x17, 0xAB, 0x1B, 0x36, 0xC7, 0xEC, 0x18, 0x77, 0x1D, 0xCE, 0xEC,
    0x67, 0xE5, 0xB0, 0xD9, 0xD3, 0xF5, 0x9F, 0x26, 0x44, 0x36, 0xCC, 0xC5, 0x83, 0x1E, 0xB4, 0x77,
    0x4F, 0x41, 0xFB, 0x11, 0xFD, 0xD9, 0x86, 0x96, 0x5C, 0xB9, 0x87, 0xF6, 0x3C, 0xC3, 0x26, 0x18,
    0x0B, 0x34, 0xF3, 0x13, 0x5E, 0x7D, 0xF2, 0x0A, 0x2A, 0x17, 0xE0, 0x39, 0xDA, 0x0D, 0xF4, 0x7E,
    0x33, 0xCB, 0xFC, 0x38, 0x18, 0x59, 0x74, 0x44, 0x87, 0x17, 0xD2, 0x66, 0xC6, 0x95, 0x7E, 0xC3,
    0xC9, 0xF0, 0xB1, 0x1E, 0xCE, 0x14, 0x63, 0xC2, 0x0A, 0xD5, 0x75, 0xB4, 0x53, 0x36, 0x93, 0x08,
    0xB7, 0x33, 0x4D, 0xA4, 0x3B, 0xA4, 0x95, 0xC5, 0x89, 0x57, 0x91, 0xE7, 0x73, 0x2F, 0x9D, 0xDF,
    0xEB, 0x24, 0x20, 0x93, 0xFD, 0x64, 0x66, 0x7E, 0x28, 0x18, 0x3F, 0xEF, 0xF7, 0xF6, 0x6D, 0xFE,
    0x5B, 0xE8, 0x45, 0x42, 0xBB, 0xB9, 0x65, 0x2E, 0x63, 0xB0, 0xD1, 0x79, 0x1D, 0x2C, 0x7D, 0x3C,
    0xA6, 0x8B, 0x27, 0x87, 0x9F, 0xBF, 0x4D, 0x49, 0xB0, 0x45, 0x18, 0x17, 0x70, 0x1E, 0xEC, 0xC4,
    0x98, 0x8E, 0x74, 0x76, 0xE1, 0x6E, 0x1F, 0xB5, 0x9F, 0xBB, 0x45, 0x2F, 0xA2, 0xBC, 0xFA, 0xA5,
    0xBC, 0x33, 0x75, 0x5F, 0x3D, 0xFE, 0xBB, 0xA1, 0xFD, 0xFA, 0xD1, 0x63, 0x9A, 0xDF, 0xFE, 0xE4,
    0x3F, 0x41, 0x6E, 0x15, 0x98, 0xBB, 0x2A, 0xC7, 0x6D, 0x62, 0x4C, 0xD5, 0x52, 0xD8, 0x50, 0x31,
    0xD3, 0x7E, 0x13, 0x60, 0xF6, 0xE0, 0x06, 0x10, 0x4F, 0xFB, 0x9B, 0x48, 0xFF, 0x49, 0xC1, 0xFE,
    0x42, 0x86, 0xF9, 0x3F, 0x64, 0x9A, 0xCB, 0xFC, 0x12, 0x3B, 0xE5, 0x25, 0x76, 0x86, 0x0A, 0x70,
    0x07, 0xDE, 0xDD, 0x17, 0xDB, 0x4B, 0xC3, 0xD3, 0xDF, 0x26, 0x37, 0xF5, 0x72, 0xC3, 0x4D, 0xCC,
    0xB4, 0x05, 0x95, 0xD0, 0xCB, 0x8F, 0xDC, 0x94, 0xC6, 0x43, 0x09, 0x6A, 0x67, 0x5F, 0xCC, 0x64,
    0x30, 0xE8, 0x41, 0x4F, 0x7A, 0x32, 0xD3, 0xC8, 0x88, 0x99, 0xF4, 0x1E, 0xC3, 0xDE, 0x5F, 0xDB,
    0xA5, 0xCD, 0x2F, 0xF9, 0x8C, 0xC3, 0xB8, 0x74, 0xF1, 0x10, 0xA1, 0x5B, 0x6A, 0xA4, 0xA6, 0x74,
    0xE9, 0xD0, 0x0A, 0x17, 0xFD, 0xE3, 0x72, 0x17, 0xED, 0xFF, 0xD0, 0xE5, 0x74, 0x32, 0xC7, 0xEF,
    0xF7, 0xCB, 0xFF, 0x00, 0xB5, 0x98, 0x01, 0x84, 0x27, 0xD7, 0x1D, 0xC7, 0x3F, 0x33, 0x53, 0x37,
    0xDD, 0xCC, 0xF5, 0x1E, 0x24, 0x9C, 0xDE, 0xDD, 0x8D, 0x12, 0x84, 0xEE, 0xEE, 0x3B, 0xA4, 0x6C,
    0x75, 0x77, 0xDF, 0x6B, 0x42, 0x83, 0xA8, 0x1E, 0x22, 0x50, 0xE4, 0x50, 0x84, 0xD2, 0xBB, 0x72,
    0x38, 0x75, 0x77, 0x33, 0x12, 0x1C, 0x5A, 0xBA, 0x0A, 0x50, 0x08, 0xA0, 0xB4, 0x91, 0xC5, 0xE1,
    0xAF, 0xFE, 0xF7, 0x9F, 0xD7, 0x1E, 0x8E, 0x16, 0x99, 0xBB, 0xA8, 0xA0, 0xE8, 0x44, 0xA2, 0x25,
    0x21, 0x79, 0xDA, 0x69, 0x32, 0x9B, 0xBE, 0x99, 0xD7, 0xF7, 0xB2, 0x7F, 0x36, 0x49, 0x9A, 0xDA,
    0xCB, 0x65, 0xFF, 0xF3, 0xFB, 0x7E, 0xE7, 0x37, 0xEF, 0xFD, 0x7E, 0xDF, 0xDF, 0x7B, 0xBF, 0x99,
    0xDD, 0xD9, 0xFF, 0x4A, 0x94, 0x56, 0x7C, 0x05, 0x10, 0xF1, 0xD0, 0xF1, 0x28, 0xEB, 0xB2, 0x96,
    0xF1, 0x80, 0x33, 0xB0, 0x06, 0xAB, 0xD1, 0x12, 0xDF, 0x0A, 0xDF, 0xAB, 0x97, 0x87, 0xEB, 0xAB,
    0x37, 0xE7, 0xAB, 0xCC, 0x37, 0xA2, 0x2D, 0x36, 0x50, 0xB3, 0xE7, 0xA5, 0xEF, 0x73, 0xBF, 0xC3,
    0x06, 0x07, 0x76, 0x19, 0x8A, 0x01, 0x94, 0x87, 0x85, 0xD4, 0x38, 0xA1, 0x93, 0x61, 0x85, 0x74,
    0x38, 0x8F, 0xF2, 0x36, 0x82, 0xCC, 0xB2, 0x8F, 0x0E, 0x4E, 0xFD, 0xE5, 0x59, 0x2A, 0xEF, 0x59,
    0xFF, 0xED, 0xC4, 0x49, 0x56, 0xD8, 0xAE, 0x5E, 0x41, 0x78, 0x47, 0x7E, 0xB7, 0xA7, 0x30, 0xB3,
    0x88, 0xE8, 0xC7, 0x31, 0xB6, 0x9B, 0x8B, 0x31, 0x06, 0xE5, 0x54, 0xAF, 0x06, 0x69, 0x0B, 0x2B,
    0xEA, 0xAC, 0x2F, 0xC1, 0x6D, 0x71, 0x6C, 0x5C, 0xE8, 0xDC, 0xFB, 0x9A, 0xB2, 0x23, 0x7D, 0xE5,
    0x6D, 0x9D, 0x79, 0xAF, 0x11, 0x06, 0x22, 0x2A, 0x07, 0x7E, 0x64, 0xD8, 0xFF, 0x9C, 0x07, 0xCE,
    0x2F, 0x7D, 0x9A, 0x90, 0x65, 0x44, 0xDE, 0xCA, 0xD4, 0x28, 0xCD, 0x77, 0x7A, 0xBE, 0x35, 0xB1,
    0x29, 0x8D, 0xCC, 0x3B, 0xD1, 0xD9, 0xCC, 0xED, 0x52, 0xED, 0x52, 0xD8, 0xCD, 0xAC, 0xDD, 0xCE,
    0x8D, 0xF2, 0x14, 0x03, 0x1B, 0x6B, 0xB7, 0xAA, 0xAB, 0x5B, 0xC8, 0x3D, 0x92, 0xB7, 0x4E, 0x99,
    0x42, 0xB3, 0x7B, 0x26, 0x1F, 0x36, 0x36, 0xD6, 0xAF, 0x1E, 0x3F, 0x77, 0xE5, 0xB1, 0x13, 0x97,
    0x6E, 0xF2, 0xD0, 0xA5, 0x9E, 0x22, 0x9E, 0xCF, 0xCD, 0x39, 0xB1, 0xA1, 0x7E, 0x77, 0xFC, 0x74,
    0xD1, 0x6F, 0xC4, 0xB8, 0x18, 0x1F, 0xF3, 0xA4, 0xF9, 0xBD, 0xBD, 0x60, 0xA5, 0xDD, 0xB3, 0xEF,
    0xF7, 0xD7, 0xAF, 0xC2, 0x23, 0xCF, 0xF8, 0x01, 0xBB, 0x9A, 0x77, 0xAE, 0x7C, 0xD1, 0x56, 0xC2,
    0x04, 0x0B, 0x4E, 0xB8, 0x0C, 0x83, 0xCA, 0xDB, 0x60, 0xB0, 0x34, 0xE5, 0x94, 0x7B, 0xE4, 0x99,
    0xA4, 0xD1, 0x85, 0xDE, 0x5D, 0x7D, 0xE6, 0xB1, 0x73, 0xEF, 0x1C, 0xBF, 0xF4, 0xE6, 0xCA, 0x85,
    0xF1, 0xA1, 0x4B, 0xEF, 0xAE, 0x9C, 0xFB, 0xC7, 0x2F, 0xD6, 0x5E, 0x7A, 0x3E, 0x8C, 0x27, 0x5E,
    0xAB, 0xA9, 0x1A, 0xF3, 0x81, 0x72, 0x62, 0xAB, 0x64, 0x53, 0xE8, 0x60, 0xC1, 0x91, 0x23, 0x45,
    0x0F, 0x3F, 0x82, 0xD9, 0xD2, 0x96, 0xEA, 0xCB, 0x4B, 0xE2, 0x14, 0xCB, 0xC1, 0xB2, 0x6B, 0xDC,
    0x70, 0xF5, 0xC2, 0x3C, 0xE9, 0x43, 0x73, 0xF0, 0x53, 0x33, 0xC6, 0x91, 0xDD, 0xF9, 0x31, 0x5B,
    0xF6, 0xCC, 0x99, 0x37, 0x7D, 0x55, 0x7F, 0x55, 0x6E, 0xCF, 0x2F, 0xC8, 0x64, 0x46, 0x93, 0x0D,
    0x2C, 0xB2, 0xFE, 0x33, 0x68, 0x22, 0x9E, 0x76, 0x34, 0xBE, 0x32, 0x8B, 0x41, 0xEA, 0x39, 0x70,
    0x0B, 0x58, 0x2C, 0x31, 0x00, 0x89, 0xF7, 0xC2, 0xEF, 0x29, 0x67, 0x2B, 0x67, 0x9B, 0xA5, 0x45,
    0x5F, 0x3A, 0x5B, 0xCC, 0x2D, 0x9B, 0x9F, 0xB2, 0x8E, 0x4D, 0x78, 0x9C, 0x87, 0x17, 0xFE, 0xDA,
    0x75, 0x24, 0x67, 0x99, 0x91, 0x9A, 0xCA, 0x48, 0x93, 0x2F, 0x0F, 0x39, 0x54, 0x2E, 0xEE, 0xBD,
    0x62, 0x53, 0xEC, 0xEF, 0x1D, 0xF9, 0x13, 0x8A, 0x1E, 0x40, 0x4C, 0x7C, 0xFD, 0x37, 0x6C, 0x16,
    0x5A, 0x3E, 0xD5, 0x15, 0x77, 0x87, 0xAC, 0x5F, 0x04, 0x0B, 0x4E, 0xF9, 0x64, 0xB7, 0x9A, 0xEB,
    0xD4, 0xF0, 0x35, 0xA8, 0x0C, 0x25, 0x48, 0xC3, 0x16, 0xE4, 0x86, 0x39, 0x91, 0x6D, 0xE4, 0xB4,
    0x8B, 0x9C, 0x99, 0x35, 0xE4, 0x20, 0xF4, 0x48, 0xE5, 0xCE, 0xA6, 0x23, 0x04, 0xBD, 0x97, 0x81,
    0xD9, 0xFA, 0x1A, 0x24, 0x56, 0x79, 0x43, 0xD6, 0x46, 0x0E, 0x69, 0x6B, 0x20, 0x74, 0xE4, 0x63,
    0x00, 0xA9, 0xE1, 0x31, 0xA8, 0xA2, 0x72, 0xD4, 0x9F, 0x1D, 0x28, 0x67, 0x1D, 0xC4, 0xB5, 0x47,
    0x16, 0xDF, 0x1B, 0x91, 0xC3, 0xD9, 0xD2, 0x53, 0xB9, 0x4D, 0x29, 0x34, 0xCC, 0x56, 0xCA, 0xA8,
    0xCC, 0x36, 0x41, 0x39, 0x19, 0x88, 0xA1, 0x6D, 0x54, 0x96, 0xBE, 0x66, 0x9D, 0x32, 0xF0, 0x71,
    0x80, 0xB2, 0x8B, 0xE7, 0xC6, 0x21, 0x61, 0x77, 0xCE, 0x26, 0x1C, 0xB3, 0x0C, 0x50, 0xF6, 0x89,
    0x05, 0xE6, 0x59, 0x1B, 0x39, 0xAF, 0xD7, 0x68, 0x7A, 0xC1, 0x48, 0x55, 0xAF, 0x1F, 0xAC, 0x9F,
    0xFE, 0xD3, 0xEB, 0x2F, 0x6A, 0xD6, 0xA0, 0x24, 0xF2, 0x43, 0x00, 0x49, 0x9F, 0x0D, 0xE9, 0xC0,
    0x79, 0x2E, 0x31, 0xCB, 0x07, 0x35, 0x34, 0x3B, 0x3D, 0x96, 0x39, 0x6A, 0x2A, 0x7D, 0x14, 0x02,
    0xD8, 0x00, 0xA8, 0x00, 0x54, 0x0B, 0xA4, 0x1D, 0x00, 0xD1, 0xB3, 0x40, 0x1E, 0x49, 0x0C, 0x40,
    0xE9, 0x80, 0xF5, 0x8F, 0xAA, 0x2F, 0x80, 0x79, 0x05, 0xF4, 0x4A, 0x93, 0x58, 0x69, 0xC8, 0x7C,
    0x6C, 0x9F, 0xF7, 0x1D, 0x85, 0x29, 0x2C, 0xA2, 0xCE, 0x7B, 0x2A, 0x5B, 0x7A, 0xE2, 0x93, 0x09,
    0x07, 0x95, 0x12, 0x07, 0x14, 0x03, 0x70, 0x42, 0x1F, 0x41, 0xA1, 0xD8, 0x65, 0x44, 0x0F, 0x6C,
    0x5D, 0x03, 0x6E, 0x9E, 0x39, 0xAA, 0xCD, 0xA8, 0xD3, 0x40, 0xE3, 0x80, 0x9F, 0x0E, 0x00, 0x1C,
    0x41, 0xA1, 0xD9, 0x16, 0xE0, 0x16, 0x44, 0xEF, 0xA8, 0x6A, 0x14, 0x1D, 0xB0, 0x76, 0x13, 0xD8,
    0xDC, 0x88, 0x2A, 0xD1, 0x2B, 0xDA, 0x23, 0x28, 0x14, 0xA6, 0x3D, 0xA4, 0x91, 0x21, 0x3E, 0xCD,
    0xF0, 0x41, 0xE4, 0xEC, 0x5F, 0x3D, 0x90, 0xBF, 0x16, 0x59, 0xDC, 0x8E, 0x5C, 0x66, 0xDE, 0x81,
    0xCA, 0xFC, 0x00, 0x8D, 0xEF, 0x01, 0xEF, 0xFB, 0x94, 0xD4, 0x66, 0x7D, 0x5E, 0xE7, 0x5D, 0xD6,
    0x8B, 0x5A, 0x0E, 0xA5, 0xF7, 0xB5, 0x72, 0xCA, 0x7B, 0xCD, 0xA9, 0x89, 0x24, 0x5C, 0xE5, 0x7B,
    0xCF, 0xD5, 0xA2, 0x13, 0x75, 0x69, 0x0A, 0x54, 0x0D, 0x4A, 0x73, 0x80, 0x78, 0x6D, 0xA0, 0xEC,
    0x40, 0x4C, 0xCF, 0x9A, 0xB8, 0x56, 0x2E, 0xEE, 0x01, 0xCB, 0xED, 0xC6, 0x3D, 0x66, 0x71, 0x52,
    0x03, 0x40, 0xB7, 0x7C, 0x52, 0xBD, 0x86, 0xA2, 0x06, 0x40, 0x85, 0x1A, 0x32, 0xD6, 0xB1, 0x45,
    0x40, 0xAE, 0x73, 0x9B, 0x10, 0xD3, 0x72, 0xEF, 0xF6, 0x61, 0x59, 0x22, 0x25, 0xCC, 0x87, 0x18,
    0xF1, 0x51, 0x7C, 0xC8, 0x3B, 0x10, 0x8D, 0x01, 0xB2, 0x83, 0x6F, 0xF3, 0xE0, 0x9A, 0xA5, 0x06,
    0xD5, 0xC1, 0xBF, 0x7B, 0xD2, 0xF6, 0xF2, 0x03, 0xEB, 0xA5, 0x5D, 0x4F, 0xF6, 0xCF, 0x81, 0x78,
    0x06, 0xBE, 0x8C, 0x3D, 0x9F, 0x06, 0x55, 0x53, 0x5A, 0x92, 0xDD, 0x7D, 0x35, 0xD4, 0x18, 0xE3,
    0xFF, 0xBF, 0xC9, 0x29, 0x46, 0xB2, 0x9F, 0xBF, 0x20, 0x0B, 0x65, 0x76, 0xEE, 0x3B, 0x3D, 0xB5,
    0x14, 0x0E, 0x29, 0xD9, 0x2C, 0xEE, 0x3B, 0x77, 0x4B, 0xB2, 0x50, 0x3A, 0x30, 0xDC, 0x77, 0xEE,
    0x37, 0xFD, 0x80, 0xF2, 0xB1, 0x63, 0x17, 0x6D, 0xE8, 0xC8, 0x10, 0x3A, 0xE3, 0x42, 0xD7, 0xC6,
    0x1F, 0x7F, 0x58, 0x8F, 0x8D, 0x37, 0x63, 0x08, 0x8C, 0x70, 0xFB, 0xE3, 0x59, 0x88, 0x29, 0x5B,
    0xE9, 0xBD, 0x56, 0xFE, 0x2D, 0x00, 0x40, 0x7E, 0x1F, 0x50, 0x13, 0xF0, 0xB8, 0x83, 0x83, 0x4F,
    0x65, 0x73, 0x6F, 0xD4, 0x90, 0x7B, 0x5D, 0x8C, 0xCC, 0x29, 0x3C, 0x91, 0xEA, 0x40, 0xEF, 0xB5,
    0x81, 0x5E, 0xB5, 0x81, 0x6E, 0x0F, 0x81, 0xFE, 0x38, 0x06, 0x32, 0x3E, 0x92, 0x72, 0x81, 0xCA,
    0x48, 0xB1, 0x19, 0x43, 0xE6, 0xA8, 0x5C, 0xB2, 0x54, 0x5D, 0x05, 0x94, 0x06, 0xD9, 0xB1, 0xBC,
    0x3F, 0x70, 0x6A, 0x24, 0xF1, 0xBE, 0xCD, 0xF7, 0x2E, 0x5A, 0xD1, 0xE5, 0xAE, 0x34, 0xA9, 0x53,
    0x75, 0x32, 0x2A, 0xCD, 0xA4, 0x22, 0x6A, 0xC6, 0x00, 0xA7, 0x4C, 0xE2, 0xCA, 0xF8, 0x83, 0x38,
    0x5E, 0xEC, 0x32, 0xEF, 0x6B, 0x2E, 0x0E, 0x1C, 0x88, 0x8E, 0x90, 0x3B, 0x28, 0xEA, 0x07, 0xD7,
    0xCC, 0x3A, 0x28, 0x1C, 0xC8, 0x6D, 0xB8, 0x72, 0xE2, 0x41, 0xF5, 0x0E, 0xFA, 0x5B, 0x4D, 0x07,
    0xDD, 0x7D, 0x50, 0xCD, 0xAB, 0xEB, 0xB0, 0x50, 0xE1, 0xBC, 0xFD, 0xA5, 0xE8, 0x3D, 0x9A, 0x32,
    0x17, 0xB5, 0xAA, 0x10, 0x8E, 0xBC, 0x8F, 0x1C, 0xFC, 0x5B, 0xA2, 0x0E, 0xE3, 0x41, 0x76, 0x25,
    0xC8, 0xBE, 0x1B, 0x64, 0x07, 0xD1, 0x46, 0xD9, 0x22, 0xC8, 0xCA, 0x20, 0xDB, 0x4F, 0xEA, 0xC9,
    0x76, 0x52, 0xBF, 0xD4, 0xA3, 0x1A, 0x71, 0xCA, 0x1E, 0xC8, 0x6E, 0x07, 0xD9, 0x73, 0xCB, 0xAD,
    0xC3, 0x19, 0x00, 0x59, 0x03, 0xA5, 0xE5, 0xE0, 0xB6, 0xD3, 0x4C, 0xC2, 0xEB, 0xCA, 0x89, 0x09,
    0xD1, 0x25, 0x03, 0xC5, 0x21, 0xC8, 0xA6, 0x3D, 0xF1, 0x01, 0x26, 0x9B, 0x9E, 0xB3, 0x71, 0xB7,
    0x06, 0xE4, 0x08, 0x1F, 0xAF, 0xB4, 0x00, 0x32, 0x07, 0xE4, 0x3B, 0x47, 0x50, 0x28, 0xB5, 0x40,
    0xE1, 0x80, 0x52, 0x02, 0x9B, 0xC5, 0x11, 0xD4, 0xD8, 0x2A, 0x81, 0x4A, 0xE9, 0xE0, 0x49, 0x00,
    0x8E, 0xAA, 0x61, 0x97, 0x21, 0x1D, 0x40, 0x58, 0x38, 0xAB, 0x01, 0x68, 0x9C, 0x72, 0xD5, 0xA0,
    0x7A, 0xD1, 0x15, 0x26, 0xB7, 0x42, 0x67, 0x83, 0x04, 0xB7, 0x05, 0x8B, 0x19, 0x28, 0xBB, 0x7C,
    0x99, 0xB5, 0x9F, 0x44, 0xE3, 0xC0, 0x8F, 0x28, 0x1F, 0xB5, 0x59, 0xFE, 0xAE, 0x7E, 0x2B, 0xC0,
    0x07, 0xBF, 0xAA, 0x73, 0x2B, 0x83, 0x56, 0x19, 0x20, 0x83, 0x1F, 0xBF, 0x49, 0x8D, 0x61, 0xAE,
    0x8B, 0x71, 0xC8, 0x09, 0x94, 0x07, 0x64, 0x4F, 0xE2, 0x27, 0xB2, 0xBE, 0xA2, 0x68, 0x25, 0xC2,
    0xA8, 0x80, 0x01, 0x71, 0xBB, 0x43, 0xDC, 0x69, 0x03, 0xFA, 0xE0, 0x4F, 0x61, 0xAC, 0xA9, 0x85,
    0x29, 0x8D, 0xF8, 0x53, 0xD1, 0x8A, 0x57, 0x7F, 0x60, 0xE4, 0xAB, 0x5E, 0x37, 0x77, 0xF6, 0x48,
    0x34, 0x59, 0x4B, 0x66, 0xC1, 0xC1, 0x49, 0x80, 0xC4, 0x6B, 0xE1, 0x3B, 0xF9, 0x94, 0x2D, 0x33,
    0x1B, 0x5F, 0x13, 0xDE, 0xCA, 0x77, 0xAC, 0xCA, 0xAC, 0x7A, 0xDA, 0x2A, 0xEF, 0x8B, 0x6E, 0x60,
    0x05, 0x04, 0x28, 0xB8, 0x0A, 0xE7, 0x0E, 0x97, 0x42, 0x0C, 0xC6, 0x93, 0xBC, 0xA7, 0xB3, 0xDB,
    0x26, 0xFF, 0xAE, 0x39, 0x4C, 0x56, 0xF6, 0x46, 0x5D, 0x78, 0x93, 0x97, 0x35, 0x1C, 0xAA, 0x4A,
    0xFE, 0x42, 0x2D, 0xFE, 0xDC, 0x16, 0x37, 0xCC, 0x21, 0xE3, 0xB9, 0x45, 0xFA, 0x37, 0xB2, 0x1B,
    0x3A, 0x7B, 0x51, 0xA7, 0xEF, 0xC1, 0xFC, 0x50, 0x59, 0x49, 0xF3, 0xF4, 0x80, 0xF0, 0xDE, 0x23,
    0x6F, 0x0C, 0x4A, 0xCB, 0xCC, 0x96, 0x35, 0xA7, 0xE2, 0x4B, 0xC4, 0xFB, 0xB7, 0xB5, 0x7C, 0xDD,
    0x82, 0xCA, 0x7A, 0x50, 0x4F, 0x4D, 0xBF, 0xD6, 0x2A, 0xC6, 0x15, 0x43, 0xB9, 0x07, 0x4D, 0xD8,
    0x8C, 0x2D, 0xEF, 0x58, 0xF5, 0x84, 0x55, 0x68, 0x05, 0x4A, 0xA3, 0x6A, 0xE4, 0xDE, 0xAE, 0xF0,
    0x36, 0xF5, 0x35, 0xC0, 0x75, 0x90, 0xB0, 0x0E, 0x33, 0xA8, 0xC9, 0x3A, 0xD2, 0x1E, 0xE6, 0x70,
    0x1A, 0x20, 0xD9, 0x57, 0x78, 0xB1, 0x57, 0xC9, 0xA0, 0x7C, 0x34, 0x05, 0xD1, 0xDA, 0x87, 0x85,
    0xEF, 0x53, 0xBF, 0xC3, 0x31, 0x10, 0x9A, 0x52, 0xB3, 0x05, 0x8F, 0x1E, 0x2E, 0x05, 0x62, 0x70,
    0x03, 0xFF, 0x31, 0xE9, 0x6B, 0x6D, 0x56, 0xB7, 0x87, 0xC9, 0xCA, 0x5F, 0x68, 0x8B, 0xD7, 0x6D,
    0x7E, 0xBB, 0x85, 0x43, 0x55, 0x39, 0xC9, 0x16, 0x8A, 0xC2, 0x24, 0x35, 0xC8, 0xB6, 0xE9, 0xC4,
    0x27, 0x0E, 0xE5, 0x2A, 0xC7, 0x79, 0xFA, 0xD4, 0x66, 0x6D, 0xC6, 0xE7, 0x46, 0x90, 0x19, 0x61,
    0xCF, 0xCE, 0x36, 0x37, 0x2F, 0x9F, 0xFE, 0xBC, 0x98, 0x2B, 0xAB, 0x6E, 0x31, 0xBB, 0xC6, 0xE7,
    0x6B, 0xBC, 0xB4, 0x93, 0x78, 0x43, 0x43, 0xE0, 0xE4, 0x86, 0x25, 0xED, 0x93, 0xC9, 0x15, 0x7E,
    0x2C, 0xEF, 0x4D, 0x4A, 0x4F, 0x8A, 0x26, 0x9A, 0x5E, 0xA8, 0x7A, 0x94, 0x77, 0xDD, 0xF2, 0xAE,
    0x5C, 0x7B, 0x14, 0xFC, 0x00, 0xBF, 0xB2, 0x07, 0xEF, 0x8B, 0x3B, 0x03, 0x8D, 0xF7, 0x94, 0x7B,
    0x9E, 0x20, 0xAC, 0xFF, 0x17, 0xCA, 0xBE, 0x6A, 0xD5, 0xE0, 0x2D, 0x35, 0xA9, 0x25, 0x19, 0xE0,
    0x1A, 0xAC, 0xEC, 0x77, 0xAB, 0x2D, 0xFC, 0x50, 0xDE, 0x1B, 0x97, 0x25, 0xA9, 0xF6, 0xAB, 0xC6,
    0x92, 0xB1, 0x5B, 0x21, 0x01, 0x0A, 0x83, 0xA8, 0x59, 0x87, 0x93, 0x87, 0x4B, 0x81, 0x18, 0xAC,
    0x34, 0x1F, 0x98, 0xE4, 0x8D, 0x2E, 0x35, 0xDD, 0x61, 0xB2, 0x92, 0x7E, 0x27, 0xF3, 0x5D, 0xFA,
    0x73, 0x03, 0x87, 0xAA, 0x92, 0xDE, 0xED, 0xF2, 0x37, 0x6D, 0x76, 0xAF, 0x3B, 0x64, 0x3C, 0x57,
    0xC0, 0xC1, 0xEC, 0xE0, 0x9F, 0x1E, 0x10, 0x2F, 0x71, 0x70, 0x39, 0xA4, 0xFF, 0x9D, 0xC2, 0x4F,
    0x04, 0x01, 0xD4, 0x13, 0x13, 0xAA, 0xF0, 0xA8, 0xB5, 0x0A, 0xD5, 0x07, 0xB4, 0x0B, 0x82, 0x0C,
    0xCA, 0xF7, 0x7C, 0xC3, 0xD7, 0x70, 0x1E, 0xE8, 0x01, 0x07, 0x48, 0xE0, 0x18, 0x00, 0xC8, 0x3F,
    0x34, 0x34, 0xB7, 0x3D, 0xA5, 0x69, 0x10, 0xA6, 0xFA, 0x2C, 0xDE, 0xF7, 0x14, 0x3E, 0xEC, 0x71,
    0x52, 0x2D, 0x89, 0x86, 0xCC, 0x40, 0x11, 0x20, 0x80, 0xE3, 0x5F, 0x40, 0x03, 0x40, 0x00, 0xCA,
    0xC0, 0xCF, 0x3A, 0xB0, 0x96, 0xA4, 0xBD, 0x74, 0xDF, 0x3A, 0x49, 0xB7, 0xBB, 0xFF, 0xD7, 0xFB,
    0x1B, 0x16, 0xF8, 0x02, 0xEB, 0x48, 0x81, 0xDC, 0x80, 0xA8, 0x41, 0xB2, 0x7C, 0x4C, 0xA0, 0x71,
    0x4D, 0x27, 0xAD, 0x32, 0xA2, 0x93, 0x14, 0x76, 0x9B, 0xCC, 0x5E, 0x25, 0xED, 0x1D, 0x89, 0xEB,
    0x61, 0xB2, 0x50, 0xB5, 0xA0, 0x0C, 0x48, 0x1D, 0x00, 0x5C, 0x83, 0x1F, 0x3A, 0x68, 0xE2, 0x94,
    0x86, 0x8B, 0x06, 0x9A, 0x28, 0xFB, 0x71, 0xFC, 0xB5, 0x47, 0xF8, 0x09, 0xF1, 0xA1, 0x47, 0xB4,
    0x95, 0x16, 0x46, 0x2D, 0xA1, 0xF6, 0xD7, 0x75, 0x37, 0xCC, 0xF9, 0x21, 0x60, 0xE7, 0x13, 0x79,
    0xB2, 0x87, 0xCA, 0x41, 0x78, 0x6A, 0xE2, 0xD7, 0x46, 0xB2, 0x7B, 0x16, 0xF8, 0x72, 0xD6, 0xF9,
    0x5F, 0xB5, 0x98, 0x55, 0x7C, 0x25, 0x47, 0x76, 0x87, 0xBF, 0xEE, 0x92, 0xB7, 0xB2, 0xEE, 0xAC,
    0x2B, 0x4C, 0x86, 0x0E, 0x93, 0x27, 0xEA, 0x70, 0x16, 0x24, 0x55, 0x87, 0x99, 0x99, 0xF3, 0x1C,
    0x92, 0xC3, 0x24, 0x4F, 0x57, 0x98, 0x99, 0x1E, 0x77, 0xDF, 0x1F, 0x82, 0x0B, 0x86, 0xB1, 0xBA,
    0xC6, 0x7E, 0x08, 0x27, 0x3D, 0xAB, 0x5F, 0x5E, 0x42, 0x53, 0x61, 0x4E, 0x6A, 0x3C, 0xED, 0x4D,
    0x8F, 0xA7, 0xBA, 0x4F, 0x4A, 0x57, 0xC3, 0x28, 0xAD, 0xB4, 0x73, 0xCF, 0x77, 0x2E, 0xF5, 0x3D,
    0xFF, 0xEF, 0x5C, 0x1A, 0x49, 0x74, 0x09, 0xE8, 0x13, 0x37, 0xFE, 0x2B, 0x23, 0xA0, 0x23, 0x60,
    0x26, 0xA0, 0x4E, 0xC0, 0xFA, 0x0C, 0x6C, 0xEC, 0x02, 0x67, 0x3A, 0x60, 0xB4, 0x2D, 0x45, 0x6C,
    0x3C, 0x4A, 0xC4, 0xA3, 0x45, 0x02, 0x95, 0xAF, 0x22, 0xC6, 0xE9, 0x91, 0x2E, 0xD6, 0x82, 0x44,
    0x2B, 0x54, 0xE2, 0x8D, 0x78, 0x00, 0x28, 0xA4, 0x35, 0x12, 0x9A, 0xCF, 0x8C, 0xB5, 0x8A, 0xE8,
    0xA8, 0x25, 0x36, 0xFF, 0x19, 0xAD, 0x8A, 0xF6, 0x73, 0xA3, 0x15, 0xA9, 0xC2, 0xC4, 0xBB, 0xAC,
    0x01, 0x4F, 0x3D, 0x0A, 0x07, 0x56, 0x75, 0x38, 0x79, 0xA1, 0x82, 0xB6, 0xFA, 0x61, 0x5F, 0x89,
    0x2B, 0xE6, 0x43, 0x39, 0x9D, 0x60, 0x34, 0xA8, 0x00, 0x54, 0x0E, 0x30, 0xAB, 0x96, 0x00, 0x35,
    0xDE, 0x5D, 0xE2, 0x33, 0xA3, 0x95, 0xA5, 0x1A, 0x27, 0x88, 0x94, 0x81, 0xF2, 0x65, 0x98, 0x01,
    0xE0, 0x14, 0x14, 0x09, 0xAA, 0x09, 0x1E, 0x6A, 0x01, 0xE0, 0xE1, 0x85, 0x42, 0xC4, 0xE9, 0x4B,
    0xDF, 0xE8, 0x4C, 0x30, 0xAE, 0xF6, 0x15, 0xD6, 0x81, 0x6D, 0x6F, 0xC0, 0x65, 0x3C, 0xD4, 0x01,
    0xCC, 0xF2, 0x15, 0x7E, 0xE5, 0xBB, 0x7D, 0x09, 0x5E, 0x01, 0xA6, 0xA5, 0x81, 0x4D, 0xF8, 0x78,
    0x00, 0x7A, 0x57, 0x49, 0xAC, 0xFF, 0x20, 0xDA, 0x4F, 0x89, 0x96, 0xD6, 0x82, 0x6D, 0xB1, 0x8E,
    0xE6, 0xD2, 0xEF, 0x18, 0x89, 0xA5, 0x38, 0x54, 0x00, 0x33, 0xC1, 0xD6, 0x69, 0x78, 0xE3, 0xAB,
    0x8E, 0xAF, 0xC0, 0x2A, 0xBC, 0x87, 0xCB, 0x4E, 0xBD, 0xE0, 0x95, 0xF3, 0x87, 0xB2, 0x28, 0x5A,
    0xA8, 0x02, 0x98, 0x8C, 0x1E, 0x4E, 0xC4, 0xE2, 0x49, 0xD8, 0x5D, 0x75, 0x38, 0x94, 0x02, 0x40,
    0x5C, 0x87, 0x33, 0x67, 0xA0, 0x89, 0x50, 0xF9, 0x63, 0x6B, 0x14, 0xB4, 0xFA, 0x47, 0xBD, 0xFA,
    0xEB, 0xB6, 0x10, 0xD8, 0x39, 0xB4, 0x46, 0x31, 0xEC, 0xC0, 0x38, 0x42, 0x37, 0x40, 0xDD, 0x02,
    0xF0, 0xB8, 0x4C, 0xD8, 0x7D, 0x8D, 0xB8, 0x1D, 0x75, 0xD4, 0x93, 0x8E, 0x65, 0xD2, 0xB1, 0x98,
    0x75, 0xE4, 0x46, 0xD2, 0xC1, 0xED, 0x2A, 0x1F, 0xD3, 0x0C, 0x8D, 0x48, 0x6B, 0xE5, 0x9F, 0xA0,
    0x3C, 0xF3, 0x6A, 0x4C, 0xDA, 0xA0, 0x48, 0xAF, 0x86, 0xF4, 0xDD, 0x99, 0x8F, 0x2E, 0xFA, 0x44,
    0x25, 0x89, 0xFA, 0x5C, 0xC2, 0xB6, 0x19, 0x6E, 0xC0, 0x65, 0xFE, 0x33, 0x51, 0xEF, 0xE7, 0x4D,
    0x9D, 0xBB, 0x5B, 0xF6, 0xB7, 0xBC, 0xEC, 0xE6, 0x5E, 0xFC, 0x1D, 0xB2, 0xEB, 0xEB, 0xD9, 0xAF,
    0x48, 0x50, 0x65, 0xC8, 0x58, 0xF1, 0xBC, 0xE7, 0xDC, 0x1E, 0x25, 0xBB, 0x90, 0x48, 0x99, 0x01,
    0x00, 0x56, 0x1E, 0xCD, 0xCA, 0xA5, 0xCA, 0xE8, 0x36, 0x7B, 0xA0, 0x23, 0x68, 0x49, 0x07, 0x44,
    0xAE, 0x50, 0x66, 0x74, 0x3E, 0xC6, 0xAC, 0x8E, 0xB7, 0xD9, 0x47, 0x4B, 0xD0, 0x32, 0x00, 0x40,
    0x71, 0xF0, 0x42, 0xFC, 0xE8, 0x68, 0x8B, 0xC9, 0xCA, 0xAA, 0x60, 0xBF, 0x86, 0xF7, 0x30, 0x32,
    0x96, 0xF2, 0x4B, 0xB4, 0xEF, 0x42, 0x19, 0xBE, 0x9B, 0x2C, 0x00, 0x9D, 0x3B, 0x76, 0x78, 0x01,
    0xFA, 0xEC, 0xA0, 0xC4, 0x17, 0xCB, 0xE1, 0xF2, 0xD7, 0x80, 0xE6, 0xCA, 0x9B, 0xAB, 0x39, 0xFE,
    0xF2, 0x00, 0xA7, 0xAF, 0x7F, 0x24, 0x0E, 0xA3, 0xB0, 0x1F, 0x67, 0xDF, 0xEE, 0xB8, 0x37, 0x42,
    0x19, 0x40, 0x45, 0x28, 0x05, 0x78, 0xEE, 0x2E, 0x81, 0x2D, 0xF6, 0xDF, 0xDF, 0xB8, 0x7A, 0xF3,
    0x7B, 0xAA, 0x16, 0x03, 0xE6, 0x9F, 0xD0, 0x11, 0x40, 0xF9, 0xA7, 0x28, 0x5F, 0x0C, 0x20, 0xFE,
    0x84, 0x9E, 0x83, 0xFC, 0x79, 0x1C, 0xD4, 0x5F, 0xBB, 0xD5, 0xE7, 0xF1, 0x70, 0x2F, 0x43, 0x19,
    0x41, 0x27, 0xA8, 0xB7, 0x61, 0xA3, 0x02, 0x80, 0x87, 0xC5, 0x21, 0x12, 0xD4, 0xF2, 0x95, 0xC1,
    0x04, 0x15, 0x6A, 0x5F, 0x0E, 0x37, 0x7F, 0x25, 0x74, 0x93, 0x75, 0xDD, 0x68, 0xBD, 0x8A, 0x75,
    0x50, 0xD1, 0x2C, 0x5F, 0x1B, 0x95, 0x48, 0x64, 0x7B, 0x69, 0x01, 0xD8, 0x04, 0x7A, 0xE0, 0xB2,
    0x43, 0xED, 0x79, 0x94, 0x1B, 0x00, 0x28, 0xA4, 0x6F, 0xAB, 0xAC, 0x59, 0xFF, 0x48, 0xA4, 0xFE,
    0xE4, 0x71, 0x85, 0xF9, 0xCF, 0x88, 0x96, 0x01, 0xF3, 0xEB, 0x50, 0x93, 0x91, 0x09, 0x23, 0x0B,
    0xF6, 0x6B, 0x7A, 0x4E, 0xE7, 0x53, 0xF7, 0xC9, 0x33, 0x56, 0x46, 0x2A, 0x71, 0xB0, 0x56, 0xC0,
    0x66, 0x05, 0xCD, 0x02, 0xD5, 0x78, 0x6C, 0xD7, 0x82, 0xD5, 0x7B, 0x16, 0x25, 0x9E, 0x62, 0xE1,
    0x64, 0x1C, 0x69, 0x41, 0xC5, 0x2B, 0x84, 0x93, 0x79, 0x3E, 0x9F, 0x04, 0x76, 0xAF, 0x9C, 0x73,
    0x22, 0x9E, 0xC7, 0x77, 0x2A, 0x62, 0x66, 0x02, 0x46, 0x28, 0x23, 0x14, 0x2D, 0xBC, 0x12, 0xD8,
    0x00, 0x76, 0x80, 0xA7, 0x80, 0x04, 0xEC, 0x9C, 0x90, 0x2F, 0x13, 0xA0, 0x16, 0xC0, 0xBC, 0xDE,
    0xC1, 0x63, 0xCA, 0x01, 0x80, 0x15, 0x23, 0x83, 0x9D, 0xF3, 0x31, 0x3A, 0x32, 0x73, 0x6B, 0x13,
    0xB9, 0xDA, 0x22, 0x77, 0x6E, 0xCD, 0xA2, 0xC5, 0xEF, 0x4F, 0xF1, 0x77, 0xFA, 0x28, 0x3C, 0x18,
    0xC1, 0x8E, 0xA0, 0x33, 0x6A, 0x9F, 0x98, 0xB9, 0xB0, 0xA0, 0x44, 0x9C, 0x5A, 0x7A, 0xAF, 0xC6,
    0x3A, 0x63, 0x6E, 0xA3, 0x4A, 0x4D, 0xA8, 0xE7, 0x6E, 0xBA, 0x45, 0xEF, 0xE1, 0x97, 0xBE, 0x7C,
    0x69, 0x7B, 0x11, 0x09, 0x47, 0xD7, 0xDB, 0xF6, 0xD0, 0x0F, 0x60, 0x32, 0x22, 0x50, 0xFF, 0x25,
    0x98, 0x3F, 0x18, 0x31, 0x32, 0x63, 0x5E, 0x16, 0xCC, 0xD0, 0x65, 0xEC, 0x6D, 0x34, 0xB1, 0x77,
    0xDD, 0x4B, 0x12, 0x80, 0xFA, 0x67, 0xB0, 0xC2, 0x87, 0x3F, 0x07, 0x00, 0x58, 0xC1, 0xAE, 0x62,
    0xEE, 0x5D, 0xCD, 0x82, 0x15, 0xD6, 0xDF, 0xA7, 0x4F, 0xDF, 0x31, 0x01, 0x34, 0x43, 0x1F, 0xCC,
    0x4D, 0x27, 0x9B, 0xBA, 0x64, 0x17, 0x72, 0x71, 0xF4, 0xC1, 0xDD, 0xDC, 0xA7, 0xBB, 0x8F, 0x7D,
    0x97, 0x82, 0x8D, 0x0A, 0x3B, 0x53, 0x8D, 0x47, 0x9E, 0xFC, 0xFE, 0x6B, 0x4F, 0x3D, 0xDA, 0xA5,
    0x3A, 0xDC, 0x55, 0xF9, 0x28, 0xC3, 0xB4, 0xA3, 0x86, 0xA6, 0xA5, 0x1E, 0xA9, 0x02, 0x45, 0xBB,
    0x3F, 0xA5, 0xF2, 0x07, 0xE6, 0xDD, 0x2D, 0xD3, 0xEB, 0xB1, 0x4B, 0x3C, 0x55, 0x06, 0x35, 0xA8,
    0x4B, 0xCC, 0xB4, 0xA8, 0xD5, 0x24, 0x15, 0x8E, 0xBC, 0xC3, 0xDD, 0xCC, 0x1B, 0x71, 0x76, 0xAE,
    0xA5, 0xD5, 0xB1, 0x9C, 0x38, 0x7A, 0x6B, 0x96, 0xDC, 0xAC, 0xA8, 0x09, 0x50, 0x23, 0xA0, 0x23,
    0x50, 0x07, 0x40, 0x1C, 0xF0, 0x1C, 0x14, 0xED, 0x03, 0x98, 0xD0, 0xB8, 0x9C, 0xE8, 0x2B, 0x5F,
    0xB7, 0x00, 0x07, 0xDB, 0x6E, 0xBB, 0xFE, 0xEF, 0xC5, 0xD5, 0xA1, 0x73, 0xF9, 0xFE, 0x3B, 0x52,
    0x4F, 0x8D, 0xEB, 0x52, 0xE3, 0xC0, 0xB6, 0xD0, 0x41, 0x29, 0x50, 0x25, 0x50, 0x01, 0xD6, 0xA1,
    0xF7, 0xE5, 0xC5, 0xA8, 0xDD, 0x1B, 0x00, 0x2D, 0x51, 0xCB, 0x40, 0xC7, 0xFD, 0x6B, 0x17, 0x16,
    0x8A, 0x84, 0x9E, 0x68, 0x22, 0xB5, 0x03, 0x60, 0x07, 0x16, 0xCA, 0xF3, 0xAD, 0xFA, 0x03, 0x5F,
    0x95, 0x0E, 0x78, 0x45, 0x5A, 0x25, 0xDD, 0xB3, 0xCA, 0x09, 0x3D, 0x62, 0x03, 0x4D, 0x8B, 0x5D,
    0x9A, 0xD9, 0xCE, 0x75, 0xD2, 0xD1, 0x0C, 0x3A, 0xDA, 0x56, 0xC7, 0x84, 0xBE, 0x18, 0xD1, 0xE2,
    0x33, 0x03, 0xFA, 0xF2, 0x98, 0xAF, 0x27, 0x74, 0x94, 0x8C, 0xF5, 0x3A, 0xD6, 0x63, 0xB3, 0xE8,
    0xC5, 0x2E, 0x24, 0x00, 0xCA, 0x90, 0x19, 0xA1, 0x88, 0xA0, 0x06, 0x28, 0xE0, 0x71, 0x0F, 0x92,
    0xA9, 0x33, 0xE6, 0x2A, 0x2F, 0x48, 0x6B, 0x9E, 0x5F, 0xF2, 0xF9, 0x88, 0x39, 0xEF, 0x31, 0xE2,
    0x0E, 0xCE, 0xFF, 0x24, 0xE6, 0xDB, 0x26, 0xCC, 0xD9, 0x85, 0x26, 0xF4, 0xAE, 0x1B, 0xAF, 0x6C,
    0x66, 0xDA, 0x2B, 0x0F, 0x74, 0x50, 0x03, 0x6B, 0xD0, 0xEC, 0x89, 0xEB, 0xFE, 0x7E, 0xA1, 0xFA,
    0xFB, 0x89, 0xEA, 0x1F, 0x03, 0xD5, 0xFF, 0xFA, 0x03, 0xFE, 0x3A, 0x52, 0xED, 0x25, 0xAA, 0x41,
    0xA8, 0xC7, 0xCE, 0xDB, 0xE9, 0xCA, 0x8C, 0x47, 0x80, 0x5D, 0x50, 0x09, 0xF4, 0x2F, 0x01, 0x80,
    0x95, 0xCC, 0x0C, 0x3A, 0xDE, 0x0F, 0xE5, 0x74, 0xD4, 0x79, 0x5F, 0xE3, 0xAF, 0xFD, 0x84, 0xF1,
    0xFE, 0xE5, 0x58, 0x8F, 0x5B, 0x2D, 0x3C, 0x3E, 0xC8, 0x50, 0x0F, 0xE6, 0x8E, 0xA7, 0x66, 0xEC,
    0xD3, 0xB1, 0x52, 0x00, 0xD6, 0x01, 0x0B, 0x34, 0xC0, 0x26, 0xF0, 0x2E, 0xF7, 0xCF, 0x84, 0xCA,
    0xE9, 0x41, 0x7B, 0xD3, 0xAE, 0x01, 0x8F, 0x62, 0x65, 0x1D, 0x3B, 0x7F, 0x14, 0x3A, 0x9E, 0xCA,
    0x7C, 0xF0, 0x91, 0x1C, 0x1E, 0xDF, 0xF3, 0xB2, 0xE7, 0xEB, 0x3D, 0x6F, 0xF6, 0x5A, 0xB3, 0x87,
    0x19, 0xEE, 0x5A, 0xCD, 0x48, 0x8E, 0xBE, 0xF3, 0xBE, 0x6B, 0x99, 0xA6, 0xD5, 0xD1, 0xE6, 0xF9,
    0xF5, 0xDD, 0xB3, 0x06, 0x64, 0xA0, 0xBE, 0x75, 0x72, 0x32, 0xE7, 0x92, 0x19, 0xA6, 0xDB, 0xB3,
    0x8C, 0xF8, 0x4C, 0x4B, 0x91, 0xB8, 0xCE, 0x3C, 0x52, 0xC8, 0x40, 0x39, 0x43, 0x93, 0xE0, 0x23,
    0x0E, 0x6E, 0x0F, 0x45, 0x2A, 0x62, 0x91, 0x54, 0xAC, 0x44, 0x82, 0x11, 0x19, 0x1E, 0x1E, 0x69,
    0x46, 0xD4, 0xB5, 0x7A, 0x1B, 0x4A, 0x50, 0x09, 0xBD, 0xBA, 0xFD, 0xBD, 0x6F, 0xB8, 0xAB, 0x9A,
    0x69, 0x04, 0x00, 0xE0, 0x14, 0xC0, 0x0C, 0xE8, 0x04, 0x54, 0x0E, 0x00, 0xE8, 0xA2, 0x16, 0x6F,
    0x27, 0x2D, 0x6D, 0x35, 0x73, 0x86, 0x4A, 0x56, 0xCD, 0xE5, 0xF6, 0xBF, 0x43, 0x6E, 0x7F, 0x11,
    0x73, 0x7B, 0x61, 0xCA, 0xED, 0xF9, 0x39, 0x37, 0x2F, 0xFB, 0xCD, 0xA6, 0xDC, 0xEA, 0xFD, 0x56,
    0x25, 0x9A, 0x49, 0x25, 0xBA, 0x54, 0x24, 0xC0, 0x41, 0x19, 0x40, 0x0D, 0x60, 0x1C, 0x3C, 0x08,
    0x00, 0x0F, 0xFF, 0xC1, 0x44, 0x2F, 0x42, 0x7D, 0x49, 0x30, 0xC1, 0xB6, 0x77, 0xA2, 0x1E, 0xBB,
    0xC1, 0x4E, 0x12, 0x4F, 0x54, 0x07, 0xA0, 0x8C, 0x40, 0x39, 0x02, 0x45, 0x04, 0x54, 0x00, 0x8A,
    0xF6, 0x68, 0x52, 0x37, 0x7D, 0x96, 0xAB, 0x8C, 0x01, 0xD6, 0x00, 0x00, 0xBE, 0xBB, 0x06, 0x9E,
    0xDC, 0x01, 0xEA, 0x08, 0xE8, 0xE1, 0x1D, 0xF1, 0xCC, 0xBE, 0x0B, 0xC4, 0xA7, 0xE0, 0x52, 0x04,
    0xEB, 0x0F, 0x64, 0x38, 0xDA, 0x12, 0xEB, 0x00, 0xB6, 0x05, 0xEA, 0x55, 0x03, 0x58, 0x7F, 0xF0,
    0xC2, 0xC2, 0x46, 0x23, 0xE2, 0xDE, 0x45, 0x2F, 0x9D, 0x47, 0x8D, 0xE6, 0x1E, 0xAD, 0x4A, 0xCD,
    0x48, 0x3D, 0xDB, 0xE9, 0x86, 0xCD, 0xD2, 0x2D, 0x9B, 0xF9, 0x6B, 0x9B, 0x8D, 0xB9, 0x9D, 0x4D,
    0xB9, 0xF9, 0xE5, 0x9E, 0x9B, 0xB1, 0x5A, 0x6F, 0x02, 0xFE, 0x2F, 0x02, 0x32, 0x00, 0x5D, 0x4B,
    0x93, 0x57, 0xEB, 0x44, 0x30, 0xB1, 0xBB, 0xC7, 0x6A, 0xB6, 0xB5, 0x93, 0x6D, 0xC1, 0x02, 0x1D,
    0x14, 0x33, 0x98, 0x09, 0xAA, 0x01, 0xEC, 0x92, 0x99, 0x01, 0x00, 0xE0, 0xE1, 0x99, 0x42, 0x64,
    0xD0, 0x97, 0xB6, 0xA3, 0x09, 0x3A, 0xD5, 0xBE, 0x4C, 0xD6, 0x15, 0xB3, 0x6D, 0x59, 0x56, 0x38,
    0xE6, 0x4C, 0xB2, 0xBE, 0x48, 0x75, 0xC8, 0xFB, 0xCE, 0xDB, 0x41, 0x89, 0x38, 0xB6, 0x27, 0x94,
    0x44, 0x25, 0x01, 0x00, 0x8A, 0x7E, 0xA8, 0x64, 0xAA, 0xDF, 0x9A, 0x1F, 0xB8, 0x58, 0x7A, 0x4B,
    0xB7, 0xDF, 0xDB, 0xDD, 0xE6, 0x5C, 0x5A, 0xFD, 0x3E, 0xE6, 0x78, 0x17, 0x60, 0xE3, 0xA1, 0x83,
    0xF0, 0xEA, 0x9F, 0x8E, 0x1D, 0x5E, 0xB4, 0xEF, 0xA2, 0x86, 0xDF, 0x51, 0x32, 0xD0, 0xB7, 0x87,
    0xCA, 0xC7, 0x7D, 0x11, 0xEA, 0x5C, 0xC4, 0xFC, 0x41, 0xA4, 0x31, 0x8E, 0x0F, 0x7E, 0xE7, 0x63,
    0x3B, 0x00, 0xBC, 0xFA, 0x09, 0x76, 0x9E, 0xE2, 0xA9, 0xC8, 0x85, 0xC0, 0x59, 0x77, 0x28, 0x93,
    0x87, 0x45, 0x84, 0x22, 0x37, 0x41, 0x5F, 0xAA, 0x42, 0x83, 0x09, 0x55, 0x78, 0x88, 0xC6, 0x57,
    0x01, 0x6C, 0x7B, 0x53, 0x97, 0x69, 0xD5, 0x47, 0xAC, 0xAB, 0x02, 0xAB, 0x63, 0x1E, 0xA0, 0xCE,
    0xC7, 0x9B, 0xB6, 0x5A, 0xBE, 0x31, 0xD4, 0x6D, 0xB9, 0x9A, 0x43, 0xB3, 0x9A, 0xD9, 0xFF, 0xB0,
    0xE4, 0x83, 0x2F, 0x4B, 0xA8, 0xDF, 0x2A, 0x9F, 0x19, 0xB3, 0x40, 0x39, 0x5A, 0x7A, 0xC9, 0xAD,
    0x93, 0x98, 0x1D, 0xC0, 0xBA, 0x1E, 0x9A, 0x73, 0xF2, 0xCF, 0xBF, 0x63, 0xE4, 0x7F, 0x25, 0x96,
    0xF2, 0x29, 0xE2, 0x00, 0x28, 0x06, 0xA8, 0x22, 0xD8, 0x01, 0x5E, 0x03, 0x00, 0x8F, 0xCB, 0x3F,
    0x61, 0x65, 0x41, 0xC7, 0xBE, 0xD5, 0xB1, 0x71, 0x07, 0xD8, 0x36, 0x5F, 0x47, 0x4B, 0xCA, 0x04,
    0xF4, 0xC5, 0x11, 0x7D, 0x61, 0xBE, 0x72, 0x8C, 0x1D, 0x9A, 0xC5, 0x24, 0xBB, 0x94, 0x13, 0xAF,
    0x84, 0x1A, 0x2C, 0xEC, 0xC0, 0x47, 0x1F, 0x7C, 0x28, 0x87, 0xFE, 0x7C, 0xA8, 0x65, 0x30, 0x11,
    0x13, 0x6E, 0xAA, 0x66, 0xA2, 0x9B, 0x8F, 0x17, 0x07, 0xA0, 0x86, 0xEB, 0xBF, 0x9D, 0x6A, 0x0F,
    0x0F, 0x1C, 0x22, 0x14, 0xD0, 0x1E, 0x3D, 0xA0, 0x06, 0x2A, 0xC7, 0x03, 0x00, 0xA0, 0xDC, 0x88,
    0xFA, 0xC7, 0x00, 0xE2, 0x60, 0x0B, 0x80, 0xE3, 0xEA, 0x19, 0xED, 0xF5, 0x5F, 0x50, 0xCE, 0x70,
    0x06, 0x0E, 0x27, 0x86, 0x06, 0xDB, 0x16, 0x42, 0xF1, 0x4F, 0x00, 0xA5, 0xFC, 0x52, 0x2D, 0xD1,
    0xFE, 0x66, 0xDC, 0x2D, 0x72, 0x0D, 0xDD, 0x2F, 0x61, 0x67, 0x8C, 0xF8, 0x42, 0xE2, 0xBB, 0xD4,
    0x71, 0x54, 0xE3, 0xA4, 0x62, 0x7E, 0x4B, 0x88, 0xF8, 0x66, 0x86, 0xF7, 0x5F, 0x05, 0x4D, 0x94,
    0x81, 0xC2, 0x01, 0x54, 0x0B, 0x56, 0xDA, 0xE7, 0x4C, 0xBB, 0xAB, 0xE9, 0x46, 0x1A, 0xA1, 0x14,
    0x97, 0x77, 0x98, 0x6A, 0x27, 0xC2, 0xF6, 0x04, 0x67, 0x28, 0x85, 0xEA, 0x2F, 0xFC, 0x43, 0xA5,
    0x3B, 0x72, 0x1C, 0x94, 0x01, 0x35, 0x62, 0x76, 0x78, 0xEC, 0x31, 0x4E, 0x3D, 0x78, 0x98, 0xC4,
    0x23, 0x47, 0x14, 0x13, 0xEC, 0xE4, 0xA2, 0x08, 0x87, 0x58, 0x07, 0x54, 0xA0, 0x18, 0x29, 0x22,
    0xDA, 0x01, 0x3C, 0xAA, 0xBD, 0xF9, 0xC2, 0x56, 0xCF, 0x14, 0x23, 0x47, 0x5E, 0x70, 0x8D, 0x8D,
    0x75, 0xD6, 0x77, 0x30, 0x11, 0x15, 0x0E, 0xB5, 0x5D, 0x27, 0x32, 0xEE, 0xF3, 0x64, 0x7D, 0x76,
    0xDC, 0xA9, 0x7D, 0xFC, 0xF0, 0xDA, 0x07, 0x6A, 0xCF, 0x3D, 0xE9, 0x13, 0x85, 0x24, 0x00, 0x30,
    0x1E, 0xF4, 0x00, 0xCA, 0x43, 0x0D, 0x45, 0x44, 0xAD, 0xAA, 0x91, 0xC1, 0x8A, 0xD7, 0x91, 0x1B,
    0x4B, 0xE5, 0xBA, 0xF4, 0x4B, 0x4A, 0x02, 0xE2, 0x00, 0x4E, 0x43, 0xBD, 0xAA, 0xEF, 0x07, 0x80,
    0xB0, 0x01, 0xD3, 0x08, 0x76, 0x00, 0xE3, 0x00, 0x8E, 0x27, 0x58, 0x38, 0xCA, 0x80, 0x1A, 0x8A,
    0x8B, 0x5E, 0xBD, 0xD8, 0x1E, 0xC6, 0xEA, 0x5E, 0x71, 0xA5, 0xCC, 0x14, 0xBF, 0xFD, 0x6F, 0x77,
    0x8B, 0xBB, 0xF3, 0xEE, 0x0F, 0xBF, 0xD4, 0x5A, 0x71, 0x77, 0xD8, 0x1D, 0xEA, 0x9F, 0x01, 0xAC,
    0xC0, 0xF5, 0xBF, 0x09, 0x00, 0xD0, 0x2F, 0x46, 0xDA, 0x2E, 0x99, 0x05, 0x13, 0x8A, 0x89, 0xEA,
    0x10, 0x2D, 0x96, 0x23, 0x3A, 0xEE, 0x47, 0x2C, 0xDF, 0x18, 0x29, 0x44, 0x3C, 0x34, 0x33, 0x30,
    0x7D, 0x13, 0xA5, 0x44, 0x8A, 0x3F, 0x08, 0x00, 0x00, 0x34, 0x67, 0x7B, 0xFA, 0x17, 0x84, 0xDA,
    0xF7, 0x18, 0xDF, 0xDD, 0xCE, 0xDB, 0x84, 0x4A, 0x24, 0x94, 0x8B, 0x1D, 0x0E, 0xF4, 0xEC, 0xF2,
    0x0E, 0xD2, 0x2B, 0x65, 0xCC, 0xC4, 0xB7, 0x4F, 0x6D, 0xAD, 0x00, 0x36, 0xAB, 0xAB, 0x7E, 0xD5,
    0x78, 0xF2, 0x7E, 0xB8, 0x77, 0xA1, 0x0C, 0x4F, 0x5C, 0xFF, 0x33, 0xFD, 0x51, 0x1D, 0xD5, 0x08,
    0x98, 0x1D, 0xE0, 0xD1, 0x53, 0x57, 0x2F, 0xE9, 0xC0, 0xC9, 0x8B, 0x36, 0x2D, 0xBC, 0xC5, 0x43,
    0x08, 0x10, 0x07, 0x78, 0xC6, 0x43, 0xD3, 0x1E, 0x5D, 0x18, 0xF7, 0xFE, 0x50, 0x86, 0x11, 0xAA,
    0xBD, 0x08, 0xF5, 0x17, 0x3A, 0xF8, 0xF0, 0x57, 0x71, 0xF2, 0xC2, 0x00, 0x8F, 0xBC, 0x1A, 0xB6,
    0x76, 0x60, 0xE7, 0x29, 0x78, 0x63, 0x84, 0x6F, 0x1A, 0x8E, 0x2C, 0x7C, 0x4C, 0xA5, 0x81, 0xAC,
    0xD4, 0x42, 0x93, 0x00, 0x7E, 0x07, 0x28, 0x46, 0xA0, 0x90, 0x16, 0xD8, 0x85, 0xED, 0xB3, 0x42,
    0xFF, 0xBC, 0xAC, 0x62, 0xEF, 0xA1, 0xF2, 0x4B, 0xE5, 0xD2, 0x04, 0x30, 0x2D, 0xAC, 0x03, 0x5B,
    0x40, 0x13, 0xA0, 0x1A, 0x32, 0x1E, 0xA0, 0x8E, 0x00, 0x3B, 0x67, 0x00, 0xE2, 0x29, 0x00, 0x80,
    0x6E, 0xD1, 0x83, 0x4D, 0x5D, 0xAA, 0x82, 0x1D, 0x4D, 0x34, 0xB1, 0xF2, 0x55, 0xEE, 0xC6, 0xEB,
    0xB1, 0x1E, 0x8D, 0x53, 0x53, 0x33, 0xD5, 0x6D, 0x99, 0x36, 0x53, 0x43, 0x91, 0x36, 0xE6, 0x2D,
    0x48, 0xDF, 0xBF, 0xBB, 0x09, 0xF3, 0x1B, 0xED, 0x0E, 0x9C, 0x8E, 0xF6, 0x29, 0xB0, 0xB1, 0x19,
    0xC1, 0x86, 0x3A, 0x42, 0xED, 0x4D, 0x04, 0xE3, 0xAB, 0x01, 0x00, 0xE0, 0x29, 0x80, 0x19, 0x50,
    0xE7, 0x01, 0xFD, 0x93, 0x0E, 0xAA, 0xD2, 0x01, 0x40, 0x37, 0x6E, 0x9A, 0xC9, 0x86, 0xD3, 0x39,
    0xD2, 0xF7, 0x6A, 0x30, 0x83, 0x68, 0xAF, 0xFF, 0x5E, 0x3E, 0xD7, 0xA9, 0x17, 0xCF, 0xFF, 0x62,
    0x5B, 0x5E, 0xFC, 0x8B, 0xF3, 0x14, 0x97, 0x7F, 0xF2, 0x7F, 0x40, 0x3E, 0x35, 0x41, 0xAF, 0x12,
    0x6C, 0x95, 0xE3, 0xC1, 0x42, 0x4D, 0x3C, 0x58, 0xE6, 0xCA, 0x2A, 0x7D, 0xCA, 0x5B, 0x4C, 0x79,
    0x87, 0x50, 0x79, 0x1D, 0x4D, 0x9B, 0xCD, 0x21, 0x6D, 0xC2, 0xEE, 0xCA, 0x10, 0xEA, 0x00, 0x66,
    0xB8, 0x99, 0x3E, 0x81, 0xCC, 0x00, 0x50, 0x03, 0xD6, 0xC1, 0x5B, 0x06, 0x8A, 0x0B, 0x91, 0xD2,
    0xBF, 0xE1, 0xCA, 0xDC, 0x3E, 0x34, 0xD1, 0x7A, 0x13, 0x1A, 0xAA, 0xB8, 0x85, 0x8A, 0x3B, 0x94,
    0x63, 0xA2, 0x48, 0x23, 0x2C, 0x11, 0xBA, 0x01, 0xAC, 0x87, 0xA6, 0xCD, 0x00, 0x4F, 0xC2, 0xD7,
    0x26, 0xE8, 0x23, 0x74, 0x2D, 0x30, 0xEE, 0x50, 0xA4, 0x19, 0xC6, 0x33, 0x00, 0x27, 0xE3, 0x5A,
    0x78, 0xA8, 0xC2, 0x41, 0xEE, 0x0F, 0x00, 0x80, 0x95, 0x25, 0x23, 0x6C, 0x16, 0x33, 0x1B, 0x6A,
    0x62, 0xAD, 0x8A, 0x50, 0x0F, 0x07, 0x3B, 0xF5, 0x50, 0xCC, 0xA0, 0x26, 0x30, 0xB1, 0xA2, 0x1E,
    0x4C, 0x6B, 0x7D, 0x43, 0x27, 0xB2, 0x7A, 0x1C, 0xEF, 0x04, 0x0D, 0x6C, 0xC1, 0x53, 0xF0, 0x4D,
    0x00, 0x56, 0x62, 0xAE, 0x0D, 0x33, 0xBC, 0xDA, 0x3A, 0x7A, 0xCA, 0x84, 0x1E, 0x31, 0xC3, 0x13,
    0xD6, 0x8D, 0xDD, 0xEA, 0x2E, 0x80, 0x35, 0xC0, 0x02, 0x1D, 0xB0, 0x75, 0x02, 0x16, 0x40, 0xA2,
    0x48, 0x30, 0x01, 0x87, 0xB6, 0x00, 0xF4, 0x27, 0x47, 0xD4, 0xDE, 0x40, 0x21, 0xED, 0xC9, 0x98,
    0x14, 0x98, 0xCA, 0x99, 0xD7, 0xA3, 0x12, 0x8C, 0x87, 0x36, 0xE9, 0x86, 0x52, 0x46, 0x7D, 0x61,
    0x34, 0xC3, 0xBB, 0x18, 0xCF, 0x3D, 0xAA, 0x99, 0xE8, 0x67, 0xFE, 0x1F, 0xBD, 0x98, 0x01, 0xC4,
    0x1E, 0x49, 0x9A, 0xC7, 0x7F, 0xDD, 0x35, 0x9B, 0x4A, 0xD2, 0x97, 0xAD, 0x60, 0xB1, 0x64, 0x66,
    0x7A, 0x8E, 0xC3, 0x32, 0x93, 0xF4, 0x22, 0xC8, 0xF2, 0x7D, 0xA9, 0x9E, 0x0B, 0x06, 0x8B, 0x3D,
    0x60, 0xB9, 0x43, 0x0E, 0x00, 0x5C, 0x16, 0x87, 0xC5, 0x97, 0x74, 0xDF, 0x06, 0x01, 0xE4, 0x83,
    0xB5, 0x38, 0x1C, 0x00, 0xC0, 0x22, 0x08, 0x32, 0xDF, 0x5B, 0x49, 0x30, 0x58, 0xA4, 0xE7, 0x16,
    0x83, 0xC3, 0xF6, 0xDD, 0xAD, 0x3B, 0x6E, 0xB8, 0xD4, 0xCE, 0x94, 0x9B, 0x8E, 0xEB, 0xEE, 0x67,
    0xBB, 0xAA, 0xBF, 0x57, 0x92, 0xCD, 0x4C, 0x7C, 0x99, 0x7C, 0xD9, 0x67, 0xEA, 0xF9, 0x3F, 0x93,
    0xA4, 0xF4, 0xF3, 0xAF, 0xEA, 0x7E, 0x9F, 0xA7, 0xFE, 0x05, 0x54, 0xF5, 0x0A, 0xE7, 0x26, 0x4B,
    0x26, 0x32, 0xA1, 0x9F, 0x5C, 0x0B, 0x98, 0x5E, 0x8F, 0x94, 0x2E, 0x1F, 0xB1, 0x6D, 0x36, 0x61,
    0x6B, 0xE6, 0x43, 0x68, 0x99, 0x22, 0x8C, 0x58, 0x97, 0x8D, 0x94, 0xBD, 0x0A, 0x98, 0xE9, 0x5A,
    0x8F, 0x12, 0x69, 0xE1, 0xDA, 0x00, 0x50, 0xD6, 0x60, 0xDA, 0x6C, 0xF3, 0xB8, 0x2E, 0x64, 0xA2,
    0xFC, 0xD7, 0xF8, 0x80, 0x19, 0xCB, 0x06, 0x4B, 0xB3, 0xC6, 0xFA, 0x80, 0xEA, 0xD3, 0x11, 0x23,
    0x81, 0x5C, 0x5A, 0x80, 0xC2, 0x45, 0xE8, 0x00, 0xE3, 0x36, 0xB3, 0x91, 0xB6, 0x19, 0xCD, 0x8C,
    0xE9, 0xB3, 0x81, 0xE2, 0x08, 0xE0, 0xF3, 0x80, 0xF6, 0x2A, 0xA0, 0xE6, 0xAB, 0x3E, 0xAE, 0xC4,
    0x41, 0x35, 0x01, 0x64, 0x35, 0x28, 0x1F, 0xBD, 0xBA, 0xBF, 0x71, 0x9B, 0x87, 0x42, 0xE9, 0x36,
    0x18, 0xD7, 0xBC, 0xE8, 0xFF, 0x27, 0x14, 0x22, 0x7D, 0x3E, 0xDB, 0x8E, 0x67, 0xAC, 0xC8, 0x7C,
    0x8A, 0xFA, 0x33, 0x97, 0x62, 0x2E, 0xAC, 0x76, 0x9D, 0xAD, 0xF1, 0xBE, 0x0C, 0x58, 0x99, 0x16,
    0x97, 0xD6, 0xCA, 0x8C, 0xF6, 0xD7, 0xFC, 0x6E, 0x3E, 0x2E, 0x51, 0x0F, 0x3B, 0x3A, 0x72, 0xCB,
    0xC7, 0xB3, 0xC6, 0x2F, 0x31, 0x9B, 0xA8, 0xDC, 0x12, 0x99, 0x68, 0xEA, 0x35, 0x0A, 0x29, 0xE6,
    0x63, 0x8A, 0xA3, 0x0E, 0xA4, 0xF9, 0xC6, 0x7F, 0x37, 0xAE, 0xC9, 0x57, 0xAE, 0x5C, 0x62, 0xD5,
    0x35, 0x6D, 0x45, 0x25, 0x52, 0x6F, 0x64, 0xC6, 0xCA, 0xEF, 0x69, 0x64, 0x22, 0x59, 0x96, 0xF0,
    0x5D, 0x53, 0x47, 0x16, 0xE6, 0x1F, 0x12, 0x09, 0x3D, 0x26, 0x0E, 0x99, 0x4F, 0x14, 0x58, 0x9F,
    0x68, 0xA5, 0x8F, 0x04, 0xAC, 0xF8, 0x98, 0xEF, 0xE7, 0xA5, 0x8B, 0xE1, 0xA2, 0xAD, 0x63, 0x60,
    0x4E, 0xC9, 0xD5, 0x98, 0x66, 0x16, 0x3E, 0xA5, 0x2E, 0xDD, 0xAF, 0x63, 0x66, 0x5B, 0xFB, 0x35,
    0xB1, 0x5F, 0xF3, 0xF6, 0x3C, 0x63, 0x35, 0xF9, 0x3D, 0x75, 0xBF, 0xC7, 0x8C, 0xF9, 0x57, 0x8E,
    0x6C, 0x44, 0x80, 0x91, 0xCB, 0x09, 0x21, 0xDB, 0x8C, 0x85, 0xC4, 0x61, 0x64, 0x2C, 0x3F, 0x1D,
    0x8D, 0x0A, 0xB6, 0x1E, 0xBF, 0x6B, 0x7A, 0xCB, 0x48, 0xE5, 0x22, 0x36, 0x44, 0x8C, 0xDF, 0xD5,
    0xA8, 0x86, 0x77, 0xEC, 0xE7, 0xA3, 0xF1, 0xBB, 0xA5, 0xC8, 0xBF, 0xC8, 0xA8, 0x87, 0xE6, 0xB6,
    0x8C, 0x24, 0xB3, 0x42, 0x29, 0xCE, 0x4E, 0x0B, 0xB6, 0xDA, 0xC7, 0x3C, 0xAF, 0x82, 0xEA, 0x9F,
    0x22, 0xEA, 0xFB, 0x11, 0xCD, 0x82, 0x95, 0xC8, 0xF2, 0x37, 0x56, 0xE4, 0xC3, 0x11, 0x20, 0x1F,
    0x22, 0xAA, 0x10, 0xB1, 0xF4, 0x11, 0x37, 0x2E, 0xE2, 0x8D, 0xED, 0x12, 0x61, 0xE1, 0x2D, 0xE8,
    0x60, 0x27, 0x54, 0xDC, 0x3D, 0xD8, 0x42, 0x11, 0x16, 0xB0, 0x11, 0x74, 0x04, 0xF5, 0x1C, 0xA8,
    0x9B, 0x0B, 0xE8, 0x87, 0x0B, 0x98, 0x87, 0xA1, 0x12, 0xB9, 0x19, 0xAC, 0xC8, 0x15, 0x0F, 0xA8,
    0x08, 0x26, 0x42, 0xD3, 0x01, 0xD2, 0x1E, 0x7E, 0x50, 0xDF, 0xE1, 0xFD, 0xCE, 0xB6, 0xD2, 0x59,
    0x57, 0x76, 0x55, 0x6D, 0x3A, 0x58, 0x7D, 0xD3, 0x9A, 0x4F, 0xA5, 0x35, 0x5D, 0xB3, 0x78, 0xF5,
    0xB5, 0x5E, 0x85, 0xAA, 0xDD, 0x8C, 0xB6, 0x86, 0xE8, 0x1B, 0xD0, 0x33, 0x14, 0x23, 0xE8, 0x9E,
    0xC6, 0x6B, 0x79, 0x2C, 0xCE, 0x0E, 0x5A, 0xAE, 0x4A, 0x5D, 0x4C, 0xDC, 0xCB, 0x47, 0x0A, 0x39,
    0x0C, 0x6D, 0x0A, 0x8F, 0xBB, 0x14, 0x1E, 0xF9, 0x14, 0x1E, 0x0E, 0x29, 0x3C, 0x98, 0x52, 0x70,
    0xB2, 0x06, 0x3B, 0xA6, 0x50, 0xAE, 0xA1, 0x88, 0xA1, 0x1A, 0xD4, 0x98, 0x0F, 0x34, 0x63, 0x16,
    0xC3, 0x76, 0x1F, 0xB7, 0x1B, 0x04, 0x65, 0x9F, 0x82, 0x38, 0x9E, 0xD9, 0x51, 0xEA, 0x75, 0x46,
    0xE4, 0xF5, 0x49, 0x88, 0xB4, 0xAE, 0xF4, 0x91, 0x15, 0x89, 0x14, 0x89, 0xD3, 0x39, 0x1F, 0x29,
    0x59, 0x1F, 0x19, 0x69, 0x1F, 0x09, 0x29, 0xBF, 0xF0, 0x89, 0xE8, 0x24, 0xA1, 0x1D, 0x23, 0x96,
    0x09, 0x8B, 0x05, 0x23, 0x15, 0xE5, 0x23, 0x13, 0xE5, 0x9F, 0x32, 0x30, 0x7D, 0xC4, 0xC6, 0x45,
    0x94, 0x3A, 0xE2, 0xC7, 0x11, 0x38, 0x1B, 0x61, 0x8A, 0x30, 0x03, 0x31, 0xEB, 0xD6, 0xCE, 0x7D,
    0x32, 0xE4, 0xD3, 0x46, 0xA4, 0x98, 0xCA, 0x27, 0x92, 0x4D, 0xA6, 0xB7, 0xF5, 0x37, 0x43, 0x19,
    0x9A, 0x6E, 0xB2, 0x83, 0xF8, 0x09, 0x60, 0x04, 0xF2, 0x08, 0x65, 0x00, 0x6C, 0x0F, 0x94, 0x35,
    0xC9, 0xFC, 0x85, 0x98, 0xE5, 0x2E, 0x60, 0xFD, 0xB6, 0xE2, 0x25, 0xCB, 0xFD, 0x96, 0xAB, 0x19,
    0x80, 0x72, 0x04, 0x2E, 0x4C, 0xC0, 0xCE, 0x01, 0x70, 0xAF, 0x01, 0x82, 0xAD, 0xC9, 0x7C, 0xE5,
    0x50, 0x22, 0x0E, 0x2D, 0xD2, 0xC7, 0xED, 0xF7, 0x98, 0x56, 0x07, 0x1A, 0x5F, 0x0A, 0xE2, 0xAD,
    0x00, 0x14, 0x57, 0x9C, 0x7E, 0x44, 0x3E, 0x1F, 0x2E, 0x28, 0x93, 0xDA, 0x48, 0x5F, 0x7D, 0xE4,
    0x4B, 0x95, 0x4A, 0x81, 0xF8, 0xEA, 0x73, 0x6F, 0x95, 0xB7, 0x3F, 0xF6, 0x56, 0xA4, 0xE8, 0x07,
    0xE0, 0x1F, 0x0D, 0x97, 0x77, 0x23, 0x61, 0xD5, 0x03, 0x58, 0xC1, 0x4E, 0x91, 0xCF, 0xCB, 0x47,
    0x35, 0x63, 0x85, 0xB3, 0x6F, 0xDD, 0xD9, 0xB9, 0x1E, 0xAA, 0xBE, 0x70, 0x50, 0x75, 0x9B, 0xDE,
    0x3C, 0xF7, 0x9F, 0x1D, 0x9B, 0x91, 0x68, 0x77, 0x4A, 0xB8, 0xBE, 0x07, 0xA5, 0x07, 0xDD, 0x91,
    0xEC, 0xDC, 0x44, 0x26, 0xD2, 0x2D, 0x1D, 0xC7, 0xC7, 0x86, 0x13, 0xFB, 0x4D, 0x6C, 0x37, 0xB1,
    0xD1, 0x24, 0x6F, 0x99, 0x16, 0x1F, 0x63, 0xA7, 0x89, 0x8D, 0x26, 0xF6, 0x99, 0xD4, 0x66, 0x52,
    0x97, 0xA9, 0xD5, 0x83, 0x5E, 0xFD, 0xB7, 0x43, 0x60, 0x97, 0x54, 0x66, 0xBA, 0x42, 0x86, 0xA5,
    0xD9, 0xD8, 0x7A, 0xB6, 0x6C, 0x2C, 0x4D, 0xC4, 0xFA, 0x60, 0x69, 0x33, 0x46, 0xC2, 0x61, 0x93,
    0x81, 0x9F, 0x1B, 0x88, 0x8B, 0x05, 0x13, 0x20, 0x2D, 0x38, 0x59, 0x6C, 0x39, 0xF5, 0xB7, 0x6A,
    0x39, 0xFE, 0x85, 0x96, 0x53, 0x9F, 0x25, 0xEF, 0x3C, 0xD9, 0x97, 0x1D, 0x6C, 0x5A, 0xA8, 0x48,
    0xB6, 0xB4, 0x1F, 0x8E, 0xDC, 0x7E, 0xAC, 0xC0, 0x0A, 0xC9, 0x76, 0x4B, 0xA0, 0xB1, 0x35, 0xEC,
    0x56, 0xC7, 0xCF, 0x38, 0x97, 0x80, 0x5A, 0x3C, 0x5A, 0xEE, 0x03, 0xEA, 0x8B, 0x81, 0xFC, 0xDF,
    0x3D, 0xF0, 0x2D, 0x98, 0xAF, 0x56, 0x46, 0x98, 0x81, 0xAC, 0xDB, 0xD2, 0x3F, 0xA8, 0x6A, 0xD8,
    0x2B, 0x8F, 0x9F, 0x3E, 0xD4, 0x40, 0x6A, 0xF1, 0x50, 0x38, 0x38, 0x7D, 0x0C, 0xCB, 0x78, 0xFB,
    0x5D, 0xA0, 0xBC, 0x0B, 0xA8, 0xFE, 0x8D, 0xAF, 0x20, 0x77, 0x77, 0xC8, 0xBF, 0xF0, 0x6B, 0xD7,
    0xA9, 0x38, 0x9E, 0x17, 0x71, 0x96, 0xC8, 0x3B, 0x82, 0x75, 0x40, 0xFE, 0x67, 0x78, 0x11, 0x35,
    0x64, 0xFD, 0xE2, 0x01, 0xD8, 0x03, 0xCE, 0xBC, 0xFE, 0x32, 0x4E, 0xCC, 0x75, 0x25, 0xDD, 0x8F,
    0x0A, 0x8F, 0x1A, 0xC8, 0x07, 0x2B, 0x69, 0xE4, 0xC1, 0x2E, 0x15, 0x4D, 0x9C, 0x9E, 0x61, 0x33,
    0x01, 0x12, 0x21, 0xD9, 0xDD, 0x5D, 0x60, 0x3C, 0x48, 0xFF, 0x77, 0xFC, 0x05, 0xB6, 0x90, 0xCE,
    0x48, 0x07, 0x14, 0xB7, 0x9C, 0xF9, 0x4D, 0xB7, 0x20, 0x1C, 0xAD, 0xCC, 0x36, 0x23, 0xAC, 0x90,
    0x4C, 0xB7, 0xDB, 0xCE, 0x54, 0xB8, 0x37, 0x41, 0xD3, 0x2D, 0x23, 0x15, 0x3C, 0x98, 0x8E, 0xDE,
    0x0A, 0x72, 0xF1, 0x80, 0x4A, 0xF8, 0xD4, 0x62, 0x32, 0x81, 0x3C, 0x21, 0x9B, 0x60, 0x80, 0xAF,
    0x22, 0xAA, 0x2F, 0x03, 0xA0, 0x7F, 0x1B, 0xD1, 0x3C, 0x8C, 0x58, 0x2A, 0x19, 0xC1, 0x2A, 0x19,
    0x60, 0x23, 0x01, 0x10, 0x09, 0x39, 0xB9, 0x57, 0x41, 0xB7, 0x3A, 0x56, 0xF1, 0xB6, 0x1A, 0x4A,
    0x91, 0xD6, 0x8E, 0x56, 0xA4, 0xA6, 0x94, 0x96, 0x05, 0x6A, 0x9E, 0x5A, 0xB6, 0xF9, 0xF1, 0x80,
    0x89, 0xB9, 0xAA, 0x5B, 0x83, 0xAD, 0x2B, 0xE5, 0xCB, 0x96, 0x73, 0x22, 0xAD, 0x16, 0xF9, 0x9F,
    0xBA, 0xFA, 0xCC, 0x83, 0x55, 0x01, 0xEC, 0x47, 0xF3, 0x3F, 0xD7, 0x36, 0xCE, 0x2B, 0x86, 0xF2,
    0x09, 0x9C, 0x93, 0x16, 0x91, 0x5E, 0xCD, 0x3F, 0xED, 0x4D, 0xAF, 0xFA, 0xD2, 0xE5, 0x9D, 0x6D,
    0xC1, 0xD6, 0x5B, 0x6F, 0x06, 0xDB, 0x36, 0xC1, 0xBA, 0x73, 0xA1, 0xEC, 0xAD, 0x98, 0xF9, 0xA7,
    0x5E, 0x89, 0x78, 0xAE, 0xCD, 0x35, 0xCD, 0xE3, 0x2E, 0x17, 0xE9, 0x94, 0x1F, 0xD1, 0xDD, 0x75,
    0x8A, 0xEE, 0x06, 0xDA, 0x4F, 0xC4, 0x65, 0xE4, 0xD2, 0xA1, 0x1D, 0x68, 0x99, 0x93, 0xCA, 0x29,
    0x7F, 0x79, 0xB5, 0xDB, 0x88, 0x2C, 0xA4, 0x1A, 0x8C, 0x4C, 0xE4, 0xB2, 0x4F, 0xB2, 0x4B, 0x66,
    0xED, 0x2C, 0x26, 0x6C, 0xFB, 0xCA, 0x2B, 0x70, 0x52, 0xBE, 0xEC, 0x95, 0x37, 0xF3, 0xDF, 0xF9,
    0x2D, 0xA7, 0x8C, 0x1A, 0x7D, 0xD3, 0xA1, 0xFE, 0xAD, 0x26, 0x13, 0x60, 0x6F, 0xFB, 0xA5, 0x6D,
    0xEA, 0x42, 0xA4, 0x2E, 0x7F, 0xE1, 0x29, 0x3F, 0x0C, 0xC9, 0xCD, 0xE7, 0x1E, 0x2D, 0x1D, 0xE6,
    0x97, 0x50, 0x02, 0xA5, 0xC4, 0x1D, 0x9C, 0xB1, 0x7F, 0xBB, 0xE1, 0x06, 0x37, 0x68, 0x3E, 0x9C,
    0xB0, 0x12, 0x28, 0xA4, 0x05, 0xD6, 0x8E, 0xCF, 0xEE, 0x2E, 0x94, 0x4F, 0xB9, 0xDA, 0xB9, 0x9A,
    0xEC, 0x54, 0x8E, 0xDA, 0x9B, 0x4E, 0xFB, 0xA8, 0x09, 0x46, 0xF4, 0x97, 0xF1, 0xB9, 0x2E, 0x3D,
    0x5B, 0xFF, 0x7F, 0x58, 0xFE, 0x3C, 0xA2, 0xBD, 0x2C, 0x6E, 0x9D, 0xF6, 0x65, 0xA8, 0x66, 0x3D,
    0xDB, 0x99, 0x11, 0x60, 0xA7, 0x04, 0x7B, 0xFD, 0xF9, 0xE5, 0x9F, 0xF6, 0x60, 0x3D, 0xE8, 0x54,
    0x9C, 0xB7, 0x1E, 0xF7, 0x79, 0xD3, 0xAA, 0xB8, 0xBF, 0x5F, 0x79, 0x94, 0xF4, 0x6B, 0xFC, 0x62,
    0x44, 0xF9, 0x79, 0xF1, 0xA6, 0x2D, 0x86, 0xAA, 0x2F, 0x27, 0xDD, 0x73, 0x6E, 0xDE, 0x1E, 0x11,
    0x82, 0xE9, 0x5E, 0x76, 0x44, 0xC8, 0xC7, 0xB4, 0x7F, 0xD3, 0xB5, 0x4E, 0x89, 0xC0, 0xB5, 0x00,
    0x59, 0x7F, 0x98, 0x50, 0x20, 0x9B, 0xBE, 0xE9, 0x80, 0xF0, 0x71, 0x3A, 0x20, 0xF8, 0x5C, 0x5A,
    0x76, 0xE0, 0x6E, 0xEA, 0xD8, 0x55, 0x8D, 0x9D, 0xC1, 0x4E, 0x6C, 0xED, 0x38, 0x89, 0x28, 0xF1,
    0x71, 0xCD, 0xD1, 0x5E, 0x91, 0x54, 0x92, 0xA2, 0x8B, 0x0A, 0xCD, 0xE5, 0x50, 0x7B, 0x5A, 0x19,
    0xAD, 0x4C, 0xBB, 0xD9, 0xB0, 0xA3, 0xFA, 0xB7, 0x8C, 0xC3, 0xA6, 0x99, 0x12, 0x38, 0x37, 0xC2,
    0x04, 0xD3, 0x0E, 0x63, 0xF3, 0xAB, 0x31, 0xEA, 0x3D, 0xA9, 0x5F, 0x3C, 0x1B, 0x5A, 0x09, 0xCB,
    0xD8, 0x29, 0xFA, 0x8B, 0x65, 0x8B, 0x85, 0x91, 0x7C, 0x4A, 0xDF, 0xFB, 0xB5, 0x28, 0x5E, 0xC8,
    0x07, 0xF2, 0x70, 0x51, 0xF9, 0x8F, 0x8B, 0xDE, 0x8A, 0x2B, 0x26, 0xC8, 0x30, 0xDA, 0x15, 0x8F,
    0x50, 0x13, 0x0C, 0x00, 0x27, 0x46, 0x8A, 0x11, 0x5E, 0x3A, 0xF2, 0x01, 0x1D, 0xB0, 0x3D, 0x55,
    0x9D, 0x64, 0x72, 0x29, 0x92, 0x14, 0x6A, 0x25, 0x92, 0x24, 0xEA, 0x05, 0xE6, 0xA4, 0x51, 0xCF,
    0x1F, 0x4A, 0xCF, 0xB7, 0x74, 0x58, 0x65, 0xB2, 0xE9, 0x57, 0x79, 0x6C, 0xFF, 0x44, 0x2E, 0xCF,
    0x6C, 0x95, 0x6A, 0x9A, 0xAF, 0x83, 0xAE, 0x63, 0x37, 0x32, 0x7D, 0xD1, 0x26, 0xB1, 0xEA, 0xCA,
    0x3A, 0xAA, 0x55, 0x2B, 0x92, 0x64, 0x72, 0xCC, 0x13, 0xF3, 0x42, 0x4A, 0x0B, 0x29, 0x2B, 0x3C,
    0x2B, 0x8C, 0x2B, 0xF1, 0x31, 0x65, 0x25, 0x21, 0x66, 0x38, 0x6F, 0xFA, 0x18, 0x3E, 0xA8, 0xDC,
    0x9A, 0x37, 0xA5, 0x63, 0x4A, 0x33, 0xD5, 0x40, 0x4A, 0xE6, 0x2F, 0xC5, 0x5C, 0x95, 0xBB, 0xBB,
    0xA6, 0x0A, 0x31, 0x93, 0x7D, 0x5A, 0x37, 0xF3, 0x7B, 0x11, 0xCD, 0x18, 0x31, 0x4B, 0x48, 0xC4,
    0x17, 0x24, 0xF1, 0x94, 0x24, 0xF1, 0x60, 0xEB, 0xF1, 0x74, 0xE1, 0x9F, 0x91, 0xC4, 0xF5, 0x33,
    0x92, 0xF8, 0xCC, 0x22, 0x89, 0x0B, 0x7F, 0xBE, 0x14, 0xB9, 0x2D, 0xD3, 0x53, 0x49, 0xBC, 0xB5,
    0x77, 0x80, 0x03, 0x50, 0x13, 0xE8, 0xFD, 0xD7, 0x2E, 0x3B, 0x9C, 0x00, 0x4C, 0x0D, 0x15, 0xB0,
    0x0B, 0xFC, 0xD5, 0x31, 0x96, 0x1D, 0x3E, 0x80, 0x95, 0x02, 0x55, 0x0F, 0x64, 0xBF, 0x26, 0x59,
    0x92, 0xA7, 0x49, 0x9C, 0x26, 0x69, 0x4A, 0x21, 0x09, 0xDA, 0x7B, 0x49, 0x94, 0x26, 0x49, 0x9A,
    0x04, 0x69, 0x92, 0xA3, 0x14, 0x4E, 0x22, 0xD8, 0x24, 0x44, 0x23, 0x14, 0xAB, 0x08, 0x4D, 0x12,
    0x14, 0xDE, 0x3B, 0xD4, 0x72, 0x37, 0x0E, 0xA5, 0x97, 0xAA, 0xB7, 0x9A, 0x8E, 0x8D, 0x08, 0xE5,
    0x13, 0x21, 0xEA, 0xB6, 0xAF, 0xF3, 0x28, 0xE5, 0xA2, 0x92, 0x5B, 0x1F, 0x92, 0xFB, 0xAD, 0x7A,
    0x7D, 0x87, 0xAD, 0xE9, 0x1E, 0x78, 0xF7, 0x6E, 0x5C, 0xCA, 0x0E, 0x70, 0xFE, 0x12, 0x60, 0xC2,
    0x73, 0x1D, 0xFB, 0xF2, 0xB7, 0x53, 0x6E, 0xA7, 0x41, 0xC8, 0x7F, 0xCF, 0xAA, 0x4F, 0xF3, 0xDF,
    0xA1, 0x6E, 0xD5, 0xEA, 0x66, 0x9D, 0x3F, 0x3E, 0x7A, 0xF7, 0xDE, 0x5A, 0x17, 0xA1, 0xF0, 0x11,
    0x6D, 0x17, 0xF1, 0x47, 0x7F, 0x86, 0x4E, 0xCE, 0xF7, 0x89, 0x8B, 0x8F, 0x70, 0x3D, 0x42, 0x88,
    0xB0, 0xFF, 0x7A, 0x3D, 0xFD, 0xE9, 0x47, 0x33, 0x81, 0x1E, 0xA1, 0x68, 0xB7, 0xD2, 0xF1, 0x54,
    0x26, 0xF2, 0xBF, 0x4B, 0x39, 0x1E, 0xD6, 0x72, 0x5C, 0x8C, 0xB6, 0xAD, 0x26, 0x5B, 0x87, 0xD9,
    0x5E, 0xE9, 0x66, 0x7B, 0xBB, 0x9E, 0xEC, 0xC4, 0x68, 0xFD, 0x53, 0xE9, 0x78, 0x59, 0xA4, 0xFD,
    0x61, 0x94, 0x8E, 0x39, 0x50, 0x38, 0x30, 0x2D, 0x5C, 0x60, 0xE5, 0x9D, 0x28, 0xFE, 0x17, 0x85,
    0xCC, 0xEB, 0x7D, 0xE5, 0x5F, 0xCF, 0xD8, 0x42, 0xB0, 0xE7, 0x1B, 0x6C, 0x58, 0xBC, 0x5B, 0xEF,
    0x2B, 0xAD, 0x04, 0xFE, 0x52, 0x5A, 0xF2, 0xBC, 0x06, 0xF3, 0x91, 0x83, 0xE2, 0xB7, 0x1E, 0x32,
    0x7F, 0x0F, 0xB8, 0xF8, 0xF6, 0x1B, 0xD1, 0xF3, 0x67, 0xDE, 0xA6, 0xDA, 0xC5, 0x54, 0xE8, 0xDB,
    0xE4, 0x57, 0x8E, 0xF6, 0x25, 0x14, 0x3D, 0x60, 0x47, 0xE0, 0xCE, 0x2E, 0xF0, 0x37, 0x7F, 0xF1,
    0x06, 0x98, 0x1D, 0xA0, 0xC4, 0x15, 0xDA, 0x9D, 0xCC, 0x5A, 0x38, 0x12, 0xAD, 0x93, 0xA7, 0xE0,
    0xB2, 0x81, 0xEA, 0x27, 0x0E, 0xFD, 0xC0, 0xC3, 0xFE, 0xCF, 0x00, 0xB6, 0xCD, 0xA0, 0xD5, 0xBE,
    0x58, 0x3C, 0x16, 0xF3, 0x2C, 0x71, 0xD4, 0x32, 0xAE, 0xEE, 0x39, 0xF4, 0x7C, 0x71, 0xBD, 0xCC,
    0x31, 0x69, 0xFE, 0xFA, 0xD9, 0x71, 0xFA, 0x1D, 0xCA, 0x0B, 0x98, 0xDB, 0xA8, 0xDF, 0xD4, 0xD9,
    0xCD, 0x3A, 0xBD, 0xCA, 0xB6, 0x10, 0x5F, 0xDE, 0x0C, 0x36, 0xDB, 0x0A, 0x06, 0x88, 0xA3, 0xFB,
    0x5E, 0xBA, 0x0B, 0xD8, 0xA7, 0x6A, 0x41, 0x3C, 0x79, 0x17, 0xC8, 0xEA, 0x1F, 0xBE, 0x3E, 0x8B,
    0x83, 0x5A, 0x89, 0xD3, 0x57, 0xBA, 0xEF, 0xE0, 0x80, 0xA3, 0x50, 0x78, 0xEF, 0x24, 0x7B, 0x17,
    0xB0, 0x65, 0x6B, 0x3E, 0xE9, 0x32, 0xB7, 0x0F, 0xEB, 0xB9, 0xA0, 0xA3, 0xE1, 0xE5, 0x23, 0x97,
    0x5E, 0x89, 0x07, 0x2E, 0xFE, 0x8C, 0xBD, 0xC0, 0xEE, 0x1E, 0xEF, 0xEE, 0x70, 0x2A, 0xBD, 0xE1,
    0x22, 0x50, 0x0D, 0xA8, 0xAF, 0x1B, 0x46, 0x28, 0x05, 0x1D, 0xA8, 0x66, 0x2E, 0x55, 0xBC, 0x77,
    0xEA, 0x95, 0x2F, 0x7A, 0x8A, 0xDE, 0x8E, 0x77, 0xF6, 0xEA, 0xEF, 0xC3, 0x37, 0x5D, 0xF4, 0xE4,
    0xB4, 0x14, 0x0F, 0x7B, 0xF4, 0x7F, 0x04, 0xB2, 0x61, 0x0F, 0x7E, 0x70, 0xEA, 0x18, 0x2E, 0x7A,
    0xD0, 0xA7, 0x31, 0x57, 0x29, 0x1E, 0xD5, 0xEA, 0x13, 0xC7, 0x83, 0xF6, 0x48, 0x77, 0x3D, 0x45,
    0x00, 0x3B, 0xC1, 0xA5, 0x0B, 0xF0, 0xDE, 0x99, 0xD7, 0x67, 0xD1, 0xD4, 0xB9, 0x74, 0xEA, 0x17,
    0x3E, 0x67, 0x1F, 0x38, 0x0A, 0x85, 0xEF, 0x9D, 0x5C, 0xD5, 0xB6, 0x2D, 0x5D, 0xDA, 0x94, 0xCC,
    0xFD, 0x3D, 0xD1, 0xDE, 0x4F, 0xE7, 0x84, 0x19, 0xED, 0x37, 0xB5, 0xF6, 0x55, 0x9B, 0x3C, 0x1D,
    0xB7, 0x37, 0x87, 0x9F, 0x5A, 0x8F, 0xFE, 0x32, 0xA0, 0xFF, 0x30, 0x1D, 0xCE, 0xB1, 0x5D, 0x35,
    0x9B, 0xD1, 0xCE, 0xF9, 0x00, 0x9C, 0xF9, 0x80, 0x0B, 0xBB, 0x98, 0x0B, 0x14, 0x3F, 0x89, 0xD5,
    0x20, 0xF5, 0xB5, 0x6E, 0xF3, 0xBB, 0xBE, 0x94, 0xCE, 0x78, 0x4C, 0xFF, 0xDC, 0xA8, 0x06, 0x9A,
    0x09, 0xAE, 0xB5, 0x64, 0xD2, 0xA3, 0xEE, 0x7B, 0x72, 0x8E, 0x81, 0x45, 0xFA, 0xE5, 0x1B, 0xED,
    0x4E, 0xE6, 0x2D, 0x1C, 0x89, 0x42, 0x4E, 0x0B, 0xFA, 0x41, 0x0F, 0xEA, 0x0F, 0x03, 0x70, 0xEF,
    0x3A, 0xF0, 0xF6, 0xE9, 0x37, 0x71, 0x15, 0x04, 0xEA, 0x23, 0xD0, 0x8F, 0x6A, 0xD4, 0x67, 0x8E,
    0xEC, 0x3F, 0x1D, 0xEC, 0xBB, 0x57, 0xBF, 0x3C, 0xD1, 0x01, 0xA8, 0xE6, 0x43, 0x5D, 0x13, 0x7F,
    0x2F, 0xC7, 0xCF, 0x75, 0x5B, 0x84, 0x3E, 0xF5, 0x64, 0xEB, 0x7B, 0x79, 0x65, 0x9E, 0xB9, 0xEC,
    0x97, 0xE2, 0xED, 0xAF, 0xFC, 0x41, 0xB6, 0x8C, 0xAE, 0xD9, 0xC7, 0x4E, 0x18, 0x71, 0x99, 0xF8,
    0xB3, 0xA5, 0x0F, 0x2A, 0x0C, 0xCA, 0xCF, 0x57, 0x7B, 0x11, 0x97, 0x32, 0xC2, 0x00, 0x23, 0xDC,
    0x23, 0xF3, 0x50, 0x53, 0xCC, 0x58, 0xA9, 0x3F, 0x36, 0xF5, 0x81, 0xA6, 0x09, 0x54, 0x42, 0x2E,
    0xAD, 0xAF, 0xDA, 0xA1, 0x6C, 0x45, 0x0E, 0x7F, 0x7E, 0x79, 0x4F, 0xEE, 0xE3, 0x50, 0x1D, 0x19,
    0x34, 0x22, 0x21, 0xFA, 0xF5, 0xF2, 0x7E, 0xD8, 0x2B, 0x9D, 0xFF, 0x41, 0xE9, 0x7A, 0x4A, 0xC7,
    0x4B, 0x7D, 0x33, 0x92, 0xC9, 0x48, 0xB2, 0xA2, 0x5D, 0xDB, 0xAF, 0x76, 0x60, 0x6A, 0x78, 0x8B,
    0x48, 0x46, 0xA5, 0x51, 0x49, 0x67, 0xC5, 0x3D, 0x5F, 0x7E, 0xD2, 0x3F, 0x3D, 0xD9, 0x57, 0xD2,
    0x23, 0x2D, 0xC0, 0x2E, 0x58, 0xA8, 0x60, 0x07, 0xCE, 0xC6, 0x25, 0x6C, 0xC4, 0x4D, 0x57, 0xFB,
    0x50, 0x78, 0x5F, 0xF4, 0x98, 0x0E, 0xEB, 0x4E, 0xC4, 0x52, 0xEE, 0xCB, 0x5B, 0x01, 0x95, 0x86,
    0xF6, 0x94, 0xFD, 0x09, 0x71, 0x32, 0xD3, 0xF4, 0x9C, 0x98, 0xA9, 0xC4, 0x35, 0xA6, 0xDB, 0x2D,
    0xBA, 0xA8, 0x9A, 0xAA, 0x76, 0x99, 0x5F, 0x4A, 0x6F, 0x6E, 0x6D, 0x79, 0x14, 0x3D, 0x95, 0xCB,
    0xA4, 0xDE, 0x8C, 0x34, 0xFB, 0xDB, 0x53, 0x48, 0x24, 0x5E, 0x96, 0x40, 0x31, 0x92, 0x38, 0xAF,
    0x66, 0xC5, 0x48, 0x67, 0xA7, 0x22, 0x76, 0x0E, 0x26, 0xFE, 0x14, 0x44, 0xB6, 0xE0, 0xF9, 0x7A,
    0xA8, 0x66, 0x2D, 0x2E, 0x3E, 0xC5, 0xBD, 0x54, 0x46, 0x07, 0xD0, 0x01, 0x54, 0x74, 0x1F, 0x7F,
    0x48, 0xEB, 0x75, 0x84, 0x9A, 0x37, 0x4E, 0x85, 0x72, 0x71, 0xF3, 0x82, 0x17, 0x63, 0x94, 0xD1,
    0xCD, 0xF0, 0x47, 0x35, 0x8F, 0x81, 0x66, 0xC3, 0x50, 0x14, 0x86, 0xFF, 0x2D, 0x5B, 0x6B, 0xD2,
    0xB8, 0x05, 0x60, 0xB6, 0x3B, 0x0C, 0xC5, 0x92, 0x9B, 0x01, 0x31, 0x39, 0xCD, 0x79, 0x80, 0xA1,
    0x8F, 0x12, 0x0C, 0x11, 0x27, 0x4B, 0x1E, 0xA1, 0x8F, 0x12, 0x0C, 0x31, 0x5A, 0x79, 0x84, 0xFB,
    0x08, 0xF7, 0x11, 0x82, 0xA2, 0xC8, 0x65, 0x3A, 0xFA, 0x3F, 0xC0, 0xFF, 0x7D, 0xDF, 0x0B, 0xCE,
    0x38, 0xC0, 0x60, 0x89, 0x05, 0x14, 0x1B, 0x10, 0x5E, 0x01, 0x04, 0x36, 0x9C, 0xD4, 0x40, 0x94,
    0x45, 0x66, 0xD5, 0xFA, 0xF7, 0x73, 0xEB, 0x5B, 0xBF, 0x86, 0x3C, 0x15, 0xB3, 0x76, 0x68, 0x8E,
    0x4D, 0x15, 0xFB, 0x56, 0xC8, 0x74, 0xBF, 0xAE, 0x9F, 0x6E, 0xAD, 0xE2, 0x08, 0xBA, 0xAB, 0x6D,
    0xEF, 0x7A, 0x57, 0x5B, 0xC3, 0x40, 0xB4, 0x49, 0x88, 0xA4, 0x9A, 0xCA, 0xFD, 0xFA, 0xAE, 0xCA,
    0x69, 0xD0, 0xD3, 0x72, 0x04, 0x36, 0xA5, 0x0C, 0x24, 0x2A, 0x5E, 0x44, 0xA1, 0x2B, 0xE6, 0x2F,
    0xDA, 0xAD, 0x1E, 0x48, 0x86, 0x59, 0x12, 0x18, 0xD6, 0xAC, 0x41, 0xC8, 0x90, 0xE0, 0x1B, 0x0D,
    0x08, 0x1A, 0x21, 0xDE, 0x28, 0xCF, 0xD2, 0x9C, 0xE4, 0x87, 0x9B, 0xE3, 0x01, 0x42, 0xBE, 0xAD,
    0x62, 0xCD, 0x1F, 0x63, 0x69, 0xEB, 0xD1, 0xB0, 0x6C, 0x49, 0x76, 0x86, 0x1F, 0xC7, 0xB0, 0x4B,
    0x00, 0x28, 0x10, 0x04, 0x45, 0xA7, 0xC7, 0xFC, 0xB2, 0xC0, 0xAA, 0x53, 0xD2, 0x54, 0xCF, 0x40,
    0x7A, 0x7F, 0xF1, 0x0E, 0xF7, 0xE6, 0xF3, 0x5A, 0x72, 0xA5, 0x23, 0xC5, 0x80, 0x53, 0xE0, 0x6E,
    0x3A, 0xFC, 0xBF, 0x0B, 0xE5, 0x10, 0x6C, 0xD9, 0xE0, 0x0F, 0xB5, 0x7B, 0x0B, 0x88, 0x1E, 0xC7,
    0x95, 0xEE, 0xD7, 0xDD, 0x49, 0x3A, 0xB9, 0x4D, 0x52, 0xE2, 0x5E, 0xC3, 0xBD, 0x60, 0xC7, 0x1D,
    0x20, 0x80, 0xC1, 0x8F, 0xBA, 0x80, 0x01, 0x07, 0x66, 0xA6, 0x3A, 0x36, 0x60, 0xC0, 0x80, 0xC3,
    0x02, 0xCB, 0x23, 0x80, 0xC3, 0x7B, 0x79, 0xAD, 0x02, 0x04, 0x10, 0x30, 0x33, 0xDD, 0x96, 0x01,
    0x03, 0x06, 0x3C, 0x3C, 0x03, 0xBB, 0x40, 0xC2, 0x1B, 0x12, 0xC0, 0x06, 0xBC, 0x8B, 0x58, 0x66,
    0xA6, 0x4B, 0x12, 0xE0, 0x05, 0x07, 0xDC, 0x52, 0xB2, 0x31, 0x6C, 0x58, 0x5C, 0xD9, 0x38, 0x71,
    0xB0, 0x01, 0x95, 0xED, 0x72, 0xDC, 0x63, 0x75, 0xF7, 0xD9, 0x73, 0xEA, 0xEF, 0x7F, 0xF4, 0x8F,
    0x34, 0xD6, 0x48, 0x1A, 0xA9, 0xA6, 0xBF, 0xEF, 0xEF, 0x77, 0x9D, 0xAE, 0xEE, 0x3A, 0xE7, 0xD4,
    0x39, 0x35, 0x90, 0xE2, 0x80, 0x64, 0x00, 0x40, 0x15, 0x50, 0x34, 0x90, 0x62, 0x88, 0x1A, 0xCD,
    0xC8, 0x7D, 0xC1, 0xC8, 0xAB, 0xDC, 0x27, 0xC8, 0x3D, 0x90, 0xD3, 0xB0, 0x80, 0xC7, 0x8C, 0x94,
    0x91, 0xF3, 0x39, 0x2A, 0x9E, 0x6F, 0x88, 0xAA, 0xD4, 0x05, 0x64, 0x9F, 0xF6, 0x90, 0x5F, 0x00,
    0xA7, 0xBE, 0x5F, 0x4D, 0xE4, 0x11, 0x69, 0x53, 0x5F, 0x64, 0x2A, 0x99, 0x1E, 0x2A, 0xED, 0x0E,
    0x50, 0x5A, 0x30, 0x7D, 0xFC, 0x4B, 0x26, 0x1A, 0x99, 0x3E, 0xA2, 0x8A, 0xF7, 0x19, 0xCB, 0xA4,
    0x85, 0x4A, 0x21, 0x65, 0xD1, 0x86, 0xD2, 0xA6, 0x14, 0x74, 0x03, 0xC0, 0x30, 0x30, 0x31, 0xCE,
    0xF6, 0xB2, 0xB5, 0x83, 0x45, 0xE9, 0x80, 0xC2, 0x03, 0x86, 0x7F, 0x7F, 0x70, 0x28, 0x72, 0x25,
    0xC8, 0xBD, 0x06, 0x8B, 0x33, 0x03, 0xB7, 0x85, 0x26, 0xC0, 0x30, 0x50, 0x8E, 0x00, 0x91, 0xCD,
    0x0E, 0xCE, 0x5A, 0xD5, 0xE5, 0x2C, 0x48, 0x66, 0x4D, 0x93, 0xC0, 0xFC, 0x6A, 0x07, 0x86, 0x1C,
    0xFF, 0x36, 0x30, 0x0D, 0x60, 0x6C, 0x6A, 0xB5, 0xCB, 0x9C, 0x1A, 0xCF, 0x76, 0x19, 0x51, 0x83,
    0xB3, 0x07, 0x48, 0x69, 0xA7, 0x24, 0x6F, 0x7E, 0xEE, 0xF7, 0x13, 0x5E, 0xBA, 0x9A, 0xAF, 0x18,
    0xA1, 0xC8, 0x26, 0xE4, 0xCF, 0x94, 0x3E, 0x64, 0xA1, 0xCF, 0xFC, 0xF4, 0x92, 0x23, 0xB2, 0x7A,
    0x84, 0x21, 0x39, 0x9A, 0xFB, 0x13, 0x16, 0x3D, 0xC9, 0x99, 0xEB, 0x1A, 0xFB, 0xA6, 0x62, 0x8E,
    0xE5, 0xEE, 0xAE, 0xCD, 0xC9, 0xE7, 0xD4, 0xA1, 0xC6, 0xC9, 0xCB, 0x3E, 0x30, 0xC9, 0x07, 0x95,
    0xF7, 0xD0, 0x1E, 0x65, 0x83, 0x8C, 0x68, 0x84, 0x70, 0x0F, 0x60, 0x43, 0x75, 0xCC, 0xEB, 0x2B,
    0xBC, 0x36, 0x33, 0xF1, 0xCF, 0xA6, 0xA2, 0x01, 0xD8, 0x55, 0x57, 0x08, 0xE8, 0x55, 0x57, 0x03,
    0x41, 0x75, 0x06, 0xFF, 0xDB, 0xCB, 0x7A, 0xEB, 0xD4, 0x95, 0x09, 0xAD, 0x6D, 0x69, 0xC0, 0x06,
    0x88, 0xA4, 0x2D, 0x4B, 0x6A, 0x60, 0x46, 0x45, 0x95, 0x7C, 0x3A, 0x03, 0x98, 0x93, 0x9B, 0x99,
    0xA4, 0x62, 0x61, 0x6A, 0xE4, 0x1C, 0x6D, 0x65, 0xBF, 0x72, 0xC2, 0x45, 0x64, 0xD5, 0x09, 0x6B,
    0xAB, 0xA7, 0x22, 0xBE, 0xF3, 0x92, 0x7A, 0x9C, 0xF4, 0xD1, 0xFD, 0xE7, 0x07, 0x4C, 0x44, 0x4C,
    0x5F, 0x1E, 0xF7, 0xD1, 0x31, 0xB5, 0xA1, 0xED, 0x53, 0x0A, 0x34, 0x20, 0x96, 0x6F, 0x33, 0x5A,
    0x20, 0x1B, 0x19, 0x3B, 0x73, 0xFB, 0xA7, 0xDE, 0x8C, 0x45, 0xC8, 0x7D, 0xC9, 0x30, 0xC8, 0xFD,
    0x26, 0x23, 0x48, 0x53, 0x33, 0xF8, 0xF7, 0x13, 0xE9, 0x17, 0x13, 0xA3, 0xAE, 0xF8, 0x38, 0x8B,
    0xAD, 0x3C, 0x8B, 0x38, 0x98, 0x29, 0x19, 0x11, 0xCB, 0x77, 0x84, 0xCA, 0x8E, 0x49, 0x05, 0x26,
    0xFC, 0xC3, 0xE1, 0x9B, 0x55, 0x64, 0xF9, 0xD6, 0xF2, 0xC0, 0x90, 0x9B, 0xA4, 0x42, 0x85, 0x90,
    0x16, 0xDA, 0x67, 0xFA, 0x34, 0x30, 0x5D, 0xEF, 0x98, 0xA8, 0x62, 0x1A, 0xC1, 0x14, 0x84, 0x3C,
    0x93, 0x9E, 0x72, 0xB2, 0xF1, 0x2E, 0xF0, 0x4F, 0x00, 0x61, 0x1D, 0x98, 0x06, 0x40, 0x3B, 0x48,
    0x69, 0x07, 0x33, 0xD4, 0xBD, 0xEE, 0x95, 0x2B, 0x6C, 0xE1, 0x55, 0x93, 0x85, 0x12, 0x69, 0xBF,
    0x01, 0x0C, 0x9B, 0xC0, 0x76, 0x00, 0x8C, 0x5F, 0x88, 0xA5, 0x2C, 0xBE, 0xAE, 0x2A, 0xA8, 0x7D,
    0x40, 0x0D, 0x40, 0xE1, 0x44, 0x34, 0x4D, 0x95, 0x19, 0x4B, 0x42, 0xEE, 0xB3, 0xFE, 0x1E, 0x48,
    0x93, 0xBC, 0x23, 0x21, 0x64, 0x1E, 0x58, 0x50, 0x2A, 0x94, 0x44, 0xE9, 0xBA, 0xE5, 0x66, 0x2E,
    0xA4, 0x7A, 0xA6, 0x72, 0x60, 0x7A, 0x6A, 0x64, 0x5A, 0xDB, 0x67, 0xDA, 0xAD, 0x99, 0x82, 0xA9,
    0x90, 0x78, 0x6D, 0x91, 0x11, 0x59, 0xE4, 0x44, 0x0E, 0xF2, 0x30, 0x50, 0x4D, 0x1E, 0x50, 0xFB,
    0x92, 0x40, 0xDE, 0xD0, 0x8A, 0x12, 0x28, 0x67, 0x05, 0xF0, 0xAD, 0x59, 0x6F, 0x7D, 0xC0, 0x20,
    0x79, 0x37, 0x0D, 0x1F, 0xB3, 0x37, 0x50, 0x57, 0x9A, 0x26, 0x18, 0x3E, 0xFE, 0xB8, 0x74, 0x74,
    0x92, 0x1E, 0xD6, 0x32, 0xCC, 0x8C, 0x2D, 0xD1, 0x77, 0x2B, 0xD7, 0xEA, 0xF9, 0x3A, 0xDD, 0xDC,
    0xB8, 0xD6, 0x9D, 0x4A, 0xF9, 0x64, 0x44, 0x13, 0xD2, 0xD8, 0xE7, 0x36, 0x0A, 0x3F, 0xD3, 0xFA,
    0x21, 0xAD, 0x09, 0x6D, 0x0A, 0xED, 0x0A, 0xF5, 0x42, 0x81, 0x29, 0xF5, 0x4C, 0xC5, 0x9F, 0x7F,
    0xEC, 0xD1, 0x12, 0xD1, 0x82, 0xB6, 0x00, 0x83, 0x4D, 0x40, 0x63, 0x0D, 0x78, 0x14, 0xCF, 0x00,
    0xDF, 0x3E, 0x95, 0x2A, 0x57, 0x4D, 0x3B, 0xB0, 0x36, 0x74, 0x6D, 0x28, 0x5D, 0x19, 0x94, 0x35,
    0x0E, 0x83, 0xB2, 0xBB, 0xA2, 0x15, 0x2E, 0x06, 0xA0, 0x7C, 0xF1, 0xB7, 0x0E, 0x50, 0xF2, 0x46,
    0xC0, 0x97, 0x78, 0xC0, 0xBC, 0x78, 0x39, 0x00, 0xA4, 0x2E, 0x0D, 0x48, 0x46, 0x65, 0x27, 0x64,
    0x7C, 0x7E, 0x5B, 0x29, 0xCF, 0xD7, 0x76, 0xC6, 0xD5, 0x43, 0x19, 0xEA, 0x8A, 0x86, 0xBC, 0x4F,
    0x5A, 0x07, 0xD1, 0x1D, 0xE5, 0xCB, 0x13, 0x4A, 0xEC, 0x73, 0xD7, 0xD8, 0x5B, 0x58, 0x35, 0xB9,
    0x4B, 0x3B, 0xF0, 0x3A, 0x01, 0xA8, 0xAB, 0x6F, 0xC1, 0x54, 0x06, 0x35, 0xCC, 0xC5, 0x09, 0x9A,
    0x7A, 0x7C, 0x83, 0x76, 0xEE, 0x6B, 0x77, 0x79, 0x32, 0xAF, 0xA4, 0xC5, 0x1B, 0x40, 0xBF, 0x51,
    0x81, 0x4F, 0xBC, 0xFF, 0x5D, 0xF2, 0x34, 0x7A, 0x23, 0x23, 0x12, 0x0C, 0xDC, 0xE0, 0x0E, 0xEB,
    0x33, 0xD6, 0x66, 0x6C, 0x32, 0x76, 0x19, 0x3D, 0x23, 0x28, 0xC7, 0x4A, 0xD7, 0xB5, 0x8E, 0x61,
    0xEB, 0x71, 0x03, 0x34, 0xAA, 0x09, 0x75, 0x28, 0x08, 0xE4, 0x53, 0x26, 0x9B, 0xD1, 0xCB, 0x4C,
    0xD7, 0x2E, 0x5D, 0xB3, 0xD9, 0xFB, 0x97, 0xDF, 0xB5, 0xD9, 0x3B, 0xEF, 0xBD, 0xDB, 0x65, 0x97,
    0x3F, 0x7E, 0xAD, 0xCB, 0x2F, 0x53, 0xD1, 0xE5, 0x97, 0xA8, 0x70, 0x85, 0x9D, 0x72, 0xA6, 0x21,
    0x77, 0xCA, 0x6E, 0xB2, 0x28, 0x01, 0x7A, 0x6C, 0x7B, 0x98, 0x51, 0x9E, 0xA3, 0x5B, 0xB6, 0xC6,
    0x88, 0x9B, 0x89, 0x68, 0x49, 0x1E, 0xC7, 0xD2, 0x6A, 0x8B, 0x3F, 0x3C, 0x22, 0x21, 0xEA, 0xF2,
    0x83, 0xB3, 0x2C, 0x6F, 0x3E, 0xB0, 0xA5, 0x1F, 0x4C, 0x93, 0x8C, 0xA6, 0xC2, 0x14, 0xD1, 0x60,
    0x64, 0x0C, 0xC6, 0x26, 0x43, 0xE9, 0xB2, 0xC0, 0xA6, 0xD6, 0x2D, 0x4C, 0x6D, 0x0F, 0x51, 0x23,
    0x56, 0xA8, 0x9A, 0xDF, 0x47, 0x72, 0x97, 0x24, 0x16, 0xA3, 0x11, 0x83, 0x61, 0x1F, 0xE7, 0x0E,
    0x6F, 0x48, 0x1A, 0x5D, 0x6E, 0x66, 0xA4, 0x63, 0x33, 0x8C, 0xA0, 0xCA, 0x3F, 0xA1, 0xB9, 0x77,
    0xEC, 0x1C, 0xEF, 0x2D, 0x3C, 0x3C, 0x21, 0x91, 0x1E, 0x75, 0xF0, 0x52, 0xA3, 0x9C, 0x6A, 0x4A,
    0x5B, 0x2C, 0xBC, 0x83, 0x6A, 0x05, 0xB2, 0x6D, 0x81, 0xD2, 0x01, 0x6A, 0xFA, 0x7B, 0x2B, 0x6A,
    0x4B, 0xBC, 0x85, 0x9A, 0x28, 0x08, 0xB6, 0xCA, 0x8B, 0x61, 0xB3, 0xB4, 0xFE, 0xB1, 0xD2, 0x3A,
    0x94, 0x16, 0xB7, 0x45, 0x3B, 0x20, 0xA1, 0xE1, 0x34, 0x7A, 0x7C, 0x16, 0x3C, 0x0F, 0x4C, 0xFF,
    0xF7, 0x73, 0x88, 0xBA, 0xF1, 0x50, 0x1F, 0xFE, 0x6D, 0x80, 0x79, 0xC5, 0xB7, 0x30, 0x99, 0x37,
    0x2B, 0xC4, 0xFB, 0xF6, 0x51, 0xCA, 0xD1, 0x8C, 0xC8, 0xC9, 0x15, 0xCB, 0x6B, 0x0D, 0x09, 0xCA,
    0x51, 0x4F, 0xE5, 0x90, 0xF5, 0x45, 0xC7, 0xEF, 0xA8, 0x41, 0x6B, 0x00, 0x33, 0x00, 0xA5, 0x07,
    0x14, 0x43, 0x0F, 0x2C, 0xCE, 0x04, 0x0C, 0x75, 0x95, 0x79, 0x6D, 0x8B, 0x4E, 0xF9, 0xBA, 0x37,
    0x53, 0x3B, 0xD4, 0x74, 0x5F, 0xCC, 0x89, 0x35, 0x42, 0x00, 0x54, 0xA4, 0x86, 0xA9, 0x10, 0xCA,
    0xAB, 0x76, 0xAC, 0xC7, 0xBA, 0xAF, 0x87, 0xC2, 0x29, 0x77, 0x04, 0xF2, 0xA9, 0x8D, 0x2F, 0xB9,
    0xF8, 0x38, 0xED, 0x35, 0x07, 0xA8, 0x15, 0xD4, 0x23, 0xD0, 0x8E, 0x22, 0x20, 0xF5, 0xD2, 0xC2,
    0xE4, 0x73, 0xAF, 0x3A, 0xDD, 0x08, 0x97, 0xF7, 0xC4, 0xBA, 0x11, 0x39, 0x29, 0x18, 0xE1, 0xFE,
    0x01, 0xDC, 0x79, 0x30, 0x91, 0x21, 0x65, 0x95, 0x2F, 0x44, 0xFE, 0x59, 0x64, 0xD4, 0x34, 0x30,
    0x02, 0xB6, 0x4A, 0x8B, 0x4D, 0xC6, 0x63, 0x0C, 0x44, 0xD0, 0x0E, 0xA3, 0x47, 0x79, 0x69, 0xE4,
    0xED, 0x7D, 0x46, 0x1D, 0x7F, 0x65, 0xBB, 0xA5, 0x80, 0xA8, 0xFD, 0xA1, 0x99, 0xF9, 0xB8, 0xF4,
    0x0F, 0xA4, 0x3D, 0x8E, 0x61, 0xFA, 0x20, 0xF2, 0x24, 0xEC, 0xDB, 0x67, 0x85, 0xF5, 0xF9, 0x9B,
    0xB9, 0x4D, 0xE5, 0xAD, 0x89, 0xCB, 0x67, 0xC8, 0xE9, 0x78, 0x67, 0x98, 0xF1, 0x18, 0x93, 0x78,
    0xB2, 0x89, 0x16, 0x5F, 0x5B, 0xEE, 0x05, 0xFD, 0x7B, 0x82, 0x86, 0xB1, 0x4F, 0xA1, 0xB4, 0x5F,
    0x87, 0xEA, 0xA2, 0x0D, 0x16, 0xF0, 0xBA, 0xE0, 0x11, 0x68, 0x6B, 0x50, 0x37, 0x46, 0xCE, 0x3B,
    0xB4, 0x1A, 0x51, 0x85, 0x8C, 0x59, 0x54, 0x1F, 0xEA, 0xF3, 0x56, 0x8C, 0xB8, 0x2D, 0x9D, 0xF4,
    0xF8, 0xC2, 0x73, 0x2D, 0xC8, 0x03, 0xD7, 0x3F, 0x73, 0x16, 0x64, 0x4F, 0x64, 0x3E, 0x5B, 0x34,
    0x83, 0x9C, 0xA3, 0x65, 0x74, 0xE0, 0xD5, 0x41, 0xDB, 0x88, 0x42, 0x13, 0x99, 0xD0, 0x3A, 0xE0,
    0x2C, 0x85, 0x94, 0xC8, 0xE5, 0xC1, 0x54, 0xCA, 0x31, 0xBA, 0x05, 0x64, 0x9B, 0xF7, 0x57, 0xA8,
    0x19, 0x7B, 0xA6, 0x4A, 0x06, 0x53, 0x65, 0xF3, 0x39, 0xE6, 0x22, 0xF9, 0xED, 0x8C, 0x7C, 0x42,
    0x95, 0x22, 0xA7, 0x9F, 0xF7, 0x65, 0xE6, 0xC1, 0x15, 0x91, 0xD7, 0x1F, 0x7B, 0xE9, 0x84, 0x2F,
    0x78, 0x43, 0x54, 0xB8, 0x1E, 0xF8, 0x16, 0xCE, 0x8E, 0x29, 0x8D, 0xF9, 0x5F, 0xDE, 0x52, 0x16,
    0xBA, 0x81, 0x69, 0x3B, 0x43, 0xBD, 0x39, 0x3F, 0x1A, 0x4C, 0x46, 0x46, 0x08, 0xFB, 0xA6, 0x19,
    0xCB, 0xAB, 0x43, 0x41, 0x21, 0x91, 0xE6, 0x95, 0xA3, 0xCA, 0x0E, 0xB2, 0x7C, 0x14, 0x14, 0xAF,
    0x5F, 0xE4, 0xF5, 0x3D, 0x65, 0xC7, 0x92, 0xFA, 0xC5, 0x51, 0x4D, 0x41, 0x75, 0x8B, 0xE5, 0x27,
    0xAA, 0xC3, 0xE1, 0x52, 0xF6, 0x30, 0x13, 0x0A, 0x22, 0x9B, 0x8B, 0xD8, 0x7E, 0x1B, 0x4B, 0x24,
    0x8C, 0xD4, 0x6D, 0x23, 0xEB, 0xB6, 0x91, 0xDB, 0x6D, 0xD4, 0x1F, 0xD1, 0x4E, 0x4B, 0xE4, 0xB7,
    0x90, 0xB9, 0x35, 0xDE, 0xBB, 0x86, 0xB4, 0xFB, 0x3E, 0x12, 0x9B, 0xB4, 0x4D, 0x41, 0xBE, 0x7C,
    0x25, 0x98, 0x84, 0xEB, 0x8A, 0x0B, 0x20, 0x4B, 0xF7, 0x90, 0x92, 0x46, 0xDA, 0xD1, 0x19, 0x65,
    0x9D, 0xB9, 0x34, 0x2A, 0xFF, 0xB8, 0x1B, 0xF4, 0x2F, 0xE1, 0x45, 0x77, 0xED, 0x8D, 0x01, 0x20,
    0xEA, 0x91, 0xF4, 0xC3, 0x88, 0xCC, 0x0F, 0x35, 0x94, 0x1B, 0x8C, 0xD5, 0x97, 0x26, 0xE5, 0xEA,
    0x8C, 0x72, 0xFF, 0x0D, 0xAA, 0x34, 0xB9, 0xF5, 0xC2, 0x9D, 0x29, 0xBA, 0x94, 0x9A, 0x84, 0x3A,
    0xE4, 0xFE, 0xB1, 0xCC, 0x6F, 0x17, 0xDE, 0x90, 0x2D, 0x26, 0x98, 0xD0, 0x7A, 0xED, 0xEA, 0x6E,
    0xD1, 0xF6, 0x6D, 0xA5, 0x7E, 0x4B, 0x95, 0x7A, 0xFF, 0x6C, 0xA5, 0x46, 0x5D, 0xA9, 0xC0, 0xE8,
    0x74, 0x55, 0xFA, 0xBA, 0x33, 0x81, 0x3C, 0xDC, 0x33, 0x48, 0xFC, 0x26, 0x70, 0xD0, 0x2F, 0x7D,
    0xE4, 0xBB, 0xBA, 0xDE, 0x04, 0xCD, 0x97, 0xB5, 0xBC, 0x6F, 0x82, 0x62, 0x0F, 0x48, 0x7D, 0x6C,
    0xA1, 0xA8, 0xE3, 0x75, 0x0F, 0x75, 0xB5, 0x87, 0xEA, 0x46, 0x94, 0xBE, 0xAD, 0xF8, 0xBC, 0x46,
    0xC5, 0xC6, 0x9C, 0x00, 0x3F, 0x46, 0x24, 0x02, 0x37, 0x22, 0xE5, 0x73, 0x32, 0x3B, 0xA2, 0x15,
    0x3C, 0x4B, 0xD5, 0x96, 0x18, 0x26, 0x9F, 0x4F, 0x65, 0x50, 0xBD, 0x1A, 0x94, 0x57, 0x83, 0xF6,
    0x6A, 0x7F, 0xC3, 0xAB, 0x5F, 0xFC, 0xAB, 0x57, 0xAF, 0x7F, 0xEA, 0xD5, 0x6B, 0x57, 0xBD, 0x7A,
    0xE5, 0x92, 0x2F, 0xAF, 0xE4, 0xA3, 0xF1, 0x6A, 0x8A, 0xF2, 0xB2, 0x3C, 0x22, 0x57, 0x04, 0x51,
    0xC4, 0xBC, 0xBD, 0x22, 0x6F, 0xEB, 0x93, 0xB6, 0x2B, 0xA8, 0x2F, 0xAF, 0x8E, 0xA6, 0x9A, 0x0C,
    0x5A, 0x83, 0x5A, 0xB8, 0xDA, 0xD7, 0x57, 0x86, 0xF8, 0x52, 0xC4, 0xD5, 0xF3, 0x9A, 0x68, 0x7E,
    0xF8, 0xE3, 0x51, 0x06, 0xBE, 0x59, 0x4F, 0xFE, 0xF1, 0xD7, 0x02, 0x88, 0x26, 0x19, 0x47, 0x41,
    0x75, 0x75, 0xA5, 0xAC, 0x59, 0x02, 0xCA, 0xD6, 0x90, 0x21, 0x9F, 0xA2, 0x9E, 0xB1, 0xC3, 0xDB,
    0x38, 0x84, 0x0E, 0x40, 0x3D, 0x00, 0x58, 0x7C, 0x21, 0x6F, 0x7B, 0xF3, 0xAC, 0x37, 0xA8, 0x4C,
    0x34, 0x97, 0xA6, 0x81, 0x3E, 0x78, 0x53, 0x91, 0x67, 0x61, 0x6A, 0xA2, 0x8A, 0x81, 0x4D, 0xA3,
    0x22, 0x1E, 0x32, 0x5F, 0x03, 0x0C, 0x8E, 0x20, 0x69, 0x77, 0x90, 0x91, 0x47, 0x3B, 0xB4, 0xCE,
    0x78, 0x63, 0x95, 0xD3, 0x28, 0xFC, 0x06, 0x32, 0xBF, 0x89, 0x34, 0x0C, 0x48, 0x86, 0x00, 0x4C,
    0x1E, 0xA8, 0xBB, 0xD9, 0x0C, 0x37, 0x80, 0x06, 0xCE, 0x6C, 0x01, 0xFF, 0xD6, 0x03, 0x24, 0x5A,
    0xBF, 0x12, 0x4B, 0xEE, 0x00, 0xC3, 0xC8, 0x57, 0xD0, 0x4E, 0x55, 0x4E, 0x2C, 0xE2, 0x87, 0x1F,
    0x0E, 0xE6, 0x79, 0x37, 0x9A, 0xDC, 0xED, 0x2F, 0x21, 0xDB, 0xFA, 0xC3, 0x0F, 0xFB, 0x82, 0xC8,
    0xC9, 0x79, 0x47, 0xAE, 0x2B, 0x0F, 0x00, 0x23, 0x3E, 0x17, 0x35, 0xDA, 0x89, 0x67, 0xD1, 0x23,
    0xFD, 0x52, 0xEE, 0x67, 0xE3, 0x33, 0x82, 0x2C, 0xD2, 0x2F, 0x3C, 0x8A, 0x8B, 0x03, 0xF4, 0x55,
    0xAA, 0xDA, 0x3F, 0x51, 0x63, 0x7A, 0x72, 0xDA, 0xB7, 0x8D, 0xEA, 0x0C, 0xBE, 0x0A, 0xDC, 0xD0,
    0xCE, 0x10, 0x85, 0xC5, 0x30, 0x29, 0x61, 0x40, 0xE0, 0xE8, 0x33, 0x6A, 0xEA, 0xAB, 0x13, 0x4A,
    0x3B, 0x44, 0x28, 0x01, 0x0D, 0x48, 0x19, 0xC0, 0x0C, 0xEE, 0x37, 0x50, 0x5C, 0xCF, 0x67, 0x64,
    0x82, 0xFE, 0xEF, 0x49, 0xBB, 0xA8, 0x18, 0x6E, 0x4F, 0x25, 0x51, 0xAC, 0x91, 0xC2, 0xDD, 0x5E,
    0xD6, 0xFE, 0xD5, 0x2C, 0xAD, 0x52, 0xA4, 0x5D, 0xA1, 0x73, 0x42, 0x4F, 0xD7, 0xE4, 0x50, 0x53,
    0x83, 0x4D, 0xC3, 0x7B, 0x18, 0x67, 0xCC, 0x04, 0x98, 0xD6, 0xC2, 0x14, 0xDD, 0x02, 0x8A, 0x95,
    0x07, 0x35, 0x19, 0x8D, 0x30, 0x43, 0x4A, 0x4E, 0x07, 0x48, 0xBB, 0xC0, 0x60, 0x41, 0xD4, 0x31,
    0x5D, 0x0F, 0x4C, 0x57, 0x7A, 0xD9, 0x37, 0xCC, 0x6B, 0x9A, 0x7C, 0xBB, 0x63, 0xE8, 0x3C, 0x8B,
    0x3C, 0x40, 0x87, 0xA5, 0x32, 0x23, 0xC7, 0x27, 0xF3, 0x59, 0xB2, 0x5C, 0x19, 0xB4, 0x98, 0xE2,
    0x26, 0x9F, 0x16, 0x4A, 0xC4, 0x9F, 0xC9, 0xFA, 0xE4, 0xD7, 0x7D, 0x4A, 0x3D, 0xFE, 0xAE, 0x7F,
    0x22, 0x0B, 0x2B, 0x4A, 0xA4, 0x18, 0xA1, 0x9D, 0x21, 0xAE, 0x78, 0xD4, 0x1D, 0x5F, 0xA8, 0x9C,
    0xFA, 0xB8, 0x2F, 0xBC, 0xA2, 0x3E, 0xF7, 0xEA, 0xF7, 0x7D, 0xEE, 0x78, 0x5F, 0xD1, 0x71, 0xC7,
    0x2F, 0x6D, 0xE9, 0x5B, 0xAA, 0x4C, 0x28, 0x7B, 0xB0, 0xDC, 0x28, 0x68, 0x84, 0xBA, 0xD8, 0xA3,
    0x64, 0xA8, 0x3F, 0x8A, 0x55, 0xE4, 0xFD, 0x8C, 0xEC, 0x93, 0x5E, 0xE4, 0x84, 0xB9, 0x3C, 0x61,
    0xBB, 0x20, 0xA0, 0x41, 0xE6, 0x90, 0x86, 0xD8, 0x38, 0x8F, 0x00, 0xC0, 0x89, 0x2A, 0x33, 0x3F,
    0xDF, 0x15, 0xEF, 0xF9, 0xFC, 0x72, 0x07, 0xDC, 0xD1, 0xF9, 0x67, 0x2D, 0xD0, 0x76, 0x80, 0x62,
    0x10, 0x35, 0x28, 0xFF, 0x63, 0xEE, 0x85, 0xEF, 0x04, 0x28, 0x11, 0x73, 0xD1, 0x73, 0x71, 0x73,
    0x0F, 0xD7, 0xDE, 0xA0, 0x0E, 0x06, 0xC0, 0x36, 0x63, 0x04, 0xD2, 0x01, 0x30, 0x1E, 0xD0, 0x8D,
    0x18, 0x21, 0xA8, 0x58, 0xCD, 0x26, 0xF0, 0xFF, 0x01, 0xE0, 0x44, 0x33, 0xC2, 0x7D, 0xB4, 0xA0,
    0x50, 0xBE, 0xDC, 0x1B, 0xBC, 0x69, 0x08, 0xB2, 0x00, 0xA6, 0x81, 0x39, 0xB8, 0xB0, 0x90, 0x53,
    0x1A, 0x9C, 0xAA, 0x3D, 0x55, 0xED, 0xE7, 0x5C, 0x2F, 0x34, 0x21, 0xA5, 0xC6, 0xEB, 0xA6, 0x2F,
    0x1B, 0x8A, 0xB6, 0x3A, 0xA9, 0x94, 0xF8, 0x6E, 0x16, 0x00, 0x74, 0xD7, 0xBA, 0xD2, 0xA9, 0x95,
    0xBF, 0xB2, 0xAF, 0x87, 0x73, 0x4F, 0x0C, 0xFB, 0x17, 0xB6, 0x96, 0xC7, 0xD5, 0x91, 0x3F, 0x33,
    0xD4, 0x03, 0xCE, 0x60, 0x4C, 0x46, 0x0C, 0x80, 0x3C, 0x8D, 0x1A, 0x92, 0x01, 0x47, 0xFF, 0x78,
    0x4F, 0xD6, 0x97, 0xC1, 0xB8, 0x85, 0x06, 0x45, 0x54, 0xD5, 0xF0, 0xC3, 0x4C, 0x89, 0x97, 0xD7,
    0xE8, 0x88, 0x90, 0xCA, 0x07, 0x97, 0xD9, 0x41, 0x57, 0xAD, 0x1D, 0x8C, 0xA8, 0xEC, 0x09, 0x5B,
    0x39, 0x05, 0x98, 0x40, 0x0E, 0xD2, 0x87, 0x63, 0x7B, 0xCE, 0x44, 0x44, 0x95, 0x90, 0x68, 0xD4,
    0xE7, 0x1D, 0xD3, 0x73, 0x2E, 0xAE, 0x95, 0xBE, 0x26, 0xCB, 0x57, 0x4C, 0xF8, 0xCA, 0x97, 0xF4,
    0xB6, 0xA8, 0xCE, 0x69, 0xF5, 0x25, 0x1D, 0x81, 0xD4, 0x54, 0x7F, 0x4E, 0x0E, 0x68, 0x80, 0x4C,
    0x34, 0x8F, 0xDC, 0x24, 0xBE, 0xA0, 0x58, 0xEE, 0xC6, 0x36, 0xE1, 0x7B, 0x73, 0x1F, 0xDD, 0x66,
    0x94, 0x15, 0x90, 0x55, 0x77, 0x6D, 0x0B, 0x33, 0xEB, 0x91, 0x5D, 0x61, 0xB0, 0x66, 0x43, 0xDB,
    0x00, 0xC0, 0xA9, 0xB5, 0xF2, 0x1D, 0x69, 0x45, 0x12, 0x4F, 0x86, 0x5C, 0x7C, 0x76, 0x55, 0x31,
    0x00, 0x14, 0x73, 0x0F, 0xA1, 0x00, 0x50, 0x87, 0xE8, 0x2C, 0x11, 0xF9, 0x9A, 0xB1, 0xA9, 0x5F,
    0xF6, 0xCF, 0xE8, 0x97, 0x1D, 0xEF, 0xAB, 0xA0, 0xA9, 0x61, 0x04, 0xE8, 0xF3, 0x03, 0x6F, 0xCF,
    0xE0, 0xF5, 0x56, 0xFC, 0x31, 0xAA, 0x92, 0xBD, 0x39, 0x10, 0xC0, 0xBF, 0xD8, 0x02, 0xF8, 0x7A,
    0xC6, 0x84, 0x73, 0x5B, 0xDF, 0xC1, 0xF7, 0xB7, 0xBE, 0x19, 0xF7, 0xA1, 0x1E, 0x19, 0xD4, 0x60,
    0x4B, 0x59, 0x81, 0x5C, 0x97, 0xD1, 0x01, 0x8E, 0x0C, 0x6F, 0xBB, 0x6C, 0x28, 0x9B, 0x64, 0x88,
    0x43, 0x5A, 0xA2, 0x29, 0xA2, 0xBA, 0x69, 0x78, 0xDB, 0xAB, 0xC3, 0xE1, 0xED, 0x6C, 0xA7, 0x5F,
    0x1E, 0x0D, 0xB6, 0xCD, 0xAF, 0x5A, 0x43, 0x64, 0x60, 0x78, 0xFD, 0xD0, 0x4E, 0xB7, 0xAC, 0x43,
    0x50, 0xF7, 0x09, 0x41, 0xF9, 0xEC, 0x6F, 0x28, 0x7C, 0xDE, 0x21, 0x0F, 0x85, 0x45, 0xD6, 0xAB,
    0x46, 0x3E, 0xF0, 0x0A, 0x18, 0x4B, 0x00, 0xD3, 0x06, 0x53, 0xBD, 0xCE, 0x64, 0x76, 0x99, 0x74,
    0xCF, 0xA4, 0x82, 0x90, 0xC7, 0x6C, 0xE4, 0x86, 0xBC, 0x33, 0x5E, 0x79, 0xE5, 0xB4, 0x2F, 0xBC,
    0xF9, 0x51, 0x26, 0xAE, 0xDC, 0x71, 0xEF, 0x48, 0x3A, 0xFF, 0x5A, 0x11, 0x83, 0xBF, 0x95, 0x04,
    0x49, 0x00, 0x14, 0x07, 0x77, 0x18, 0x24, 0xD9, 0x5B, 0x06, 0x49, 0xBE, 0x38, 0x29, 0x48, 0xD2,
    0x2D, 0x47, 0x73, 0x25, 0x03, 0x4F, 0x09, 0xAD, 0x01, 0xEE, 0x1C, 0x12, 0xBF, 0x0B, 0x1C, 0x04,
    0xE0, 0x6C, 0x07, 0x29, 0x75, 0x20, 0xA7, 0x5D, 0xDD, 0x2C, 0x5C, 0x0E, 0xAA, 0xD4, 0x65, 0xC6,
    0xFB, 0x75, 0xA5, 0x46, 0xDE, 0x0E, 0xB3, 0xAB, 0xE2, 0x6A, 0x57, 0x7B, 0xF2, 0x73, 0x07, 0xB1,
    0x8C, 0x86, 0x81, 0xD5, 0x91, 0x87, 0xBC, 0xBA, 0x87, 0x3F, 0xBF, 0xF3, 0x91, 0x07, 0xF7, 0xD7,
    0xD6, 0x42, 0xC5, 0xA5, 0x25, 0xEE, 0xAE, 0xF3, 0x3A, 0x8B, 0xAE, 0x28, 0xA8, 0x8B, 0xD1, 0xE3,
    0xBE, 0xD4, 0x8B, 0x35, 0xA2, 0xE6, 0x46, 0x70, 0xA1, 0xBD, 0x11, 0x5C, 0xF8, 0x84, 0x7F, 0x3F,
    0x23, 0xD1, 0x30, 0x8C, 0x1E, 0xF9, 0x97, 0xE7, 0xF8, 0xF8, 0x43, 0xB7, 0x04, 0x17, 0xF4, 0xED,
    0xFC, 0xAB, 0x77, 0x6A, 0xEE, 0xC8, 0xE3, 0xEC, 0x5F, 0x79, 0x28, 0xFB, 0xCC, 0xAD, 0xFE, 0x15,
    0xFE, 0x1F, 0xF0, 0x24, 0xB0, 0x6E, 0x68, 0xE4, 0xE5, 0xE4, 0x74, 0x01, 0xC5, 0x6A, 0xB1, 0x03,
    0x78, 0x5E, 0x8C, 0x78, 0x82, 0x7E, 0x55, 0x9B, 0x1F, 0x55, 0xEB, 0x5F, 0x19, 0xE9, 0x7C, 0xFC,
    0x4B, 0x19, 0xE7, 0xD8, 0xDB, 0x46, 0x3A, 0xA3, 0xCD, 0xE8, 0x55, 0xC7, 0xCB, 0x5B, 0xAA, 0x7B,
    0xB3, 0x9E, 0x50, 0x7E, 0xB0, 0xBC, 0xF9, 0xC1, 0x7C, 0xF3, 0x88, 0xC5, 0xCD, 0x1F, 0x65, 0x7C,
    0x73, 0x71, 0x93, 0xEB, 0x31, 0xC0, 0xD4, 0xE4, 0x9F, 0xD7, 0x32, 0xFE, 0xF2, 0x79, 0xFC, 0xCB,
    0x22, 0xF4, 0x98, 0x79, 0x33, 0x65, 0x1E, 0x28, 0xE6, 0xF1, 0x9F, 0x69, 0x50, 0x4C, 0x80, 0x92,
    0x97, 0xD0, 0xC7, 0x8E, 0xAE, 0xEC, 0x5B, 0x8C, 0x33, 0x0C, 0x40, 0x91, 0x63, 0x0C, 0x90, 0x9C,
    0x85, 0x92, 0x81, 0xAF, 0x37, 0x30, 0xD1, 0xEC, 0x2D, 0x4D, 0xDF, 0x00, 0x3C, 0x1C, 0xA2, 0x76,
    0x3A, 0x8C, 0x7F, 0xF6, 0xAB, 0xF1, 0xCF, 0x3D, 0xE9, 0x0C, 0x36, 0x00, 0x5A, 0x5D, 0xF2, 0x80,
    0xBA, 0x76, 0x3D, 0x8E, 0xA9, 0xC9, 0x49, 0xFC, 0x93, 0xF5, 0x2C, 0xDA, 0x5B, 0xE2, 0x9F, 0x72,
    0xAD, 0x9D, 0xE3, 0x9F, 0x0D, 0x0D, 0xF9, 0xEA, 0x98, 0x7D, 0x37, 0xF2, 0xB9, 0xC8, 0x4F, 0xEB,
    0x8C, 0xF2, 0xC3, 0xF1, 0x91, 0xF9, 0x25, 0x42, 0x8C, 0xED, 0x4C, 0x01, 0x20, 0xF1, 0xED, 0xFA,
    0x61, 0x42, 0x7E, 0x38, 0x3E, 0x32, 0xCB, 0xF1, 0x51, 0x0F, 0x00, 0xE1, 0x90, 0xBC, 0xD0, 0x4F,
    0x0F, 0x43, 0xAC, 0xBF, 0x5F, 0x84, 0x58, 0x1F, 0xFD, 0x8A, 0x10, 0xEB, 0x77, 0x97, 0x21, 0xD6,
    0xBF, 0xDC, 0x08, 0xB1, 0xA2, 0xA8, 0x80, 0x5F, 0x54, 0x8B, 0x53, 0x46, 0xE0, 0xC6, 0xF8, 0x2B,
    0x77, 0xC9, 0x1B, 0xF6, 0xE8, 0xF8, 0xAB, 0x2B, 0x26, 0x91, 0xFF, 0x6B, 0x17, 0xA0, 0x3C, 0x8A,
    0xEE, 0x98, 0x44, 0xC9, 0xEE, 0xD1, 0x80, 0xA7, 0x1F, 0x18, 0xED, 0x1C, 0xF0, 0xD4, 0x73, 0xC0,
    0x33, 0x1F, 0xCC, 0x14, 0xAB, 0xDB, 0x98, 0xF1, 0x24, 0xE3, 0x91, 0x1B, 0xF6, 0xEC, 0xCB, 0x15,
    0x7B, 0xC6, 0x78, 0xCF, 0xF3, 0x76, 0x10, 0x47, 0x50, 0xEC, 0x19, 0xF8, 0x3C, 0x0B, 0x14, 0x8C,
    0x9C, 0x91, 0x35, 0x8C, 0xCA, 0x10, 0x2E, 0xC8, 0x80, 0x7F, 0x94, 0x81, 0xF5, 0xC0, 0xC4, 0x87,
    0xF3, 0xCF, 0x5E, 0x04, 0xD3, 0x3F, 0x32, 0x5D, 0xDF, 0x63, 0xA2, 0x89, 0xE9, 0x8B, 0x56, 0xF6,
    0x9D, 0x8D, 0x47, 0x3B, 0x39, 0xCF, 0x33, 0x65, 0x03, 0xB4, 0x08, 0x24, 0x2E, 0x7D, 0x65, 0xBC,
    0xAA, 0xB4, 0x33, 0x8D, 0xB2, 0xDB, 0x95, 0xFA, 0x8D, 0x87, 0xFA, 0x2F, 0xB7, 0xE8, 0x81, 0xBF,
    0xE9, 0x19, 0xBB, 0x90, 0xDE, 0x59, 0x3A, 0xDD, 0x18, 0x5F, 0x74, 0xAB, 0x8F, 0x5F, 0x4F, 0x86,
    0xBF, 0xA5, 0x3B, 0x8F, 0xF7, 0x46, 0xB7, 0x80, 0xA1, 0x66, 0xB4, 0xFD, 0x53, 0x28, 0xBB, 0x16,
    0xEA, 0x22, 0x3F, 0xFE, 0xE5, 0x0E, 0xEA, 0x0F, 0xF3, 0xE3, 0xBF, 0xED, 0x79, 0x3B, 0xF0, 0xFE,
    0x51, 0x9A, 0x07, 0xAD, 0xD7, 0x4D, 0x4D, 0xA1, 0xAC, 0x6A, 0x62, 0xE5, 0xB8, 0x65, 0x2A, 0x6A,
    0x36, 0xCD, 0xB3, 0x01, 0x6B, 0xE6, 0x39, 0xE9, 0x10, 0x2F, 0x58, 0xA6, 0x6B, 0x15, 0x13, 0x35,
    0x4C, 0xAF, 0xC7, 0x7D, 0x9E, 0xE9, 0xB9, 0x9E, 0xE9, 0xD9, 0x91, 0xA9, 0xA2, 0x2A, 0x21, 0x6F,
    0xBA, 0x94, 0x3C, 0xEB, 0x4F, 0xB2, 0xA1, 0xA6, 0xE7, 0x86, 0x4D, 0x53, 0xFC, 0xF5, 0x9C, 0x51,
    0x38, 0x63, 0xB6, 0xE6, 0x1E, 0xAC, 0x2B, 0x18, 0x25, 0x5E, 0xBB, 0x4F, 0xDA, 0x57, 0xFA, 0x8C,
    0xEC, 0xFD, 0x89, 0x0D, 0x3B, 0xB9, 0xCB, 0xD2, 0x36, 0x21, 0xEB, 0x96, 0x94, 0xD8, 0x3B, 0x1C,
    0xE8, 0x3A, 0x3E, 0xAF, 0x07, 0x92, 0x00, 0x40, 0xE0, 0x19, 0x3F, 0x91, 0x9B, 0x12, 0x44, 0x36,
    0x8A, 0x55, 0xE9, 0xC8, 0x65, 0xE4, 0x47, 0x23, 0x43, 0x64, 0xBB, 0xC1, 0x1E, 0xB7, 0xE1, 0x68,
    0xAC, 0x60, 0x48, 0x09, 0x87, 0x96, 0x1A, 0x16, 0x8B, 0x1A, 0xAE, 0xFF, 0x85, 0x4A, 0x08, 0x22,
    0xD5, 0x4C, 0x9D, 0x5E, 0x25, 0xF1, 0x95, 0xE4, 0x0A, 0x0F, 0x43, 0x44, 0x10, 0x96, 0xAF, 0x2E,
    0x64, 0x81, 0xD9, 0x1F, 0xC3, 0x34, 0x46, 0x26, 0xCB, 0x7C, 0x50, 0x3B, 0xD9, 0x5F, 0x78, 0xE1,
    0x2C, 0xAC, 0xB2, 0x1E, 0xCB, 0x29, 0x0B, 0x66, 0xD2, 0x94, 0x79, 0x00, 0xC8, 0x23, 0x17, 0x9D,
    0xB0, 0xB6, 0xB2, 0x4A, 0x10, 0x0E, 0x52, 0x63, 0x07, 0x4D, 0x14, 0x9D, 0x54, 0x1C, 0x52, 0xDB,
    0x30, 0x91, 0x67, 0x7A, 0x3E, 0x30, 0x25, 0x03, 0x13, 0x86, 0xD2, 0xB7, 0xCD, 0x60, 0x02, 0xD9,
    0x01, 0x40, 0xD2, 0x33, 0xA5, 0x61, 0x99, 0xB8, 0x7B, 0xC3, 0x32, 0xED, 0x03, 0x85, 0x6C, 0xB4,
    0x3B, 0x40, 0xD6, 0xB3, 0x0A, 0x2F, 0x5C, 0x3B, 0xA2, 0xBC, 0x38, 0xB4, 0xD0, 0xE7, 0x83, 0xA9,
    0xCC, 0x73, 0x7E, 0x85, 0x60, 0x78, 0xA8, 0x02, 0x7D, 0xB1, 0xDF, 0x42, 0xE9, 0xC6, 0x1E, 0xC5,
    0x58, 0xFB, 0x1F, 0x25, 0x14, 0x25, 0xFA, 0x92, 0x1A, 0x48, 0xDF, 0xFB, 0xDB, 0x04, 0xF5, 0x2A,
    0x59, 0xA3, 0xDE, 0xED, 0x4C, 0xF9, 0x2A, 0xE3, 0x79, 0xC6, 0x6B, 0xD6, 0xBC, 0xF8, 0x6E, 0xA3,
    0xDF, 0xBB, 0x86, 0x82, 0xC8, 0x27, 0xED, 0xB5, 0xEE, 0x6E, 0x02, 0xEF, 0xFA, 0x48, 0xE0, 0x7D,
    0x5C, 0x7C, 0x4F, 0xFF, 0x87, 0x51, 0xCF, 0xC3, 0xF1, 0xB6, 0xC9, 0x6F, 0x1B, 0x87, 0xC0, 0x77,
    0x91, 0x3C, 0x89, 0x6C, 0x40, 0x16, 0xEE, 0x31, 0x6A, 0x2F, 0x9E, 0xE0, 0x34, 0xBB, 0x91, 0x9B,
    0x8C, 0xB5, 0x19, 0xC0, 0xDD, 0xC4, 0x38, 0x90, 0x31, 0x52, 0x37, 0xE7, 0x4B, 0xBB, 0x39, 0x0B,
    0x60, 0x82, 0x72, 0x85, 0xA8, 0x8E, 0x2A, 0xEB, 0x35, 0x30, 0xAC, 0x03, 0xFB, 0x17, 0xE6, 0x0C,
    0x40, 0x34, 0x83, 0x47, 0x21, 0xEA, 0x9E, 0x46, 0xFE, 0xA9, 0x6F, 0xF2, 0xCC, 0xC5, 0xEB, 0xDB,
    0x45, 0xD2, 0x07, 0x60, 0xF4, 0x40, 0xEB, 0x6E, 0x78, 0x7D, 0xBA, 0xBA, 0x81, 0xBA, 0x03, 0xC8,
    0xDF, 0x52, 0x77, 0x1A, 0xEB, 0x5E, 0x03, 0xB6, 0x17, 0x75, 0x67, 0xE2, 0x3D, 0xBF, 0xF1, 0xD1,
    0x1D, 0xD6, 0x2D, 0xA3, 0x82, 0x0B, 0x87, 0x75, 0x4B, 0x1D, 0x49, 0xFD, 0x3B, 0x64, 0x34, 0x1C,
    0x5B, 0xB7, 0xA4, 0x1D, 0x20, 0x79, 0x07, 0x48, 0xE2, 0x01, 0x31, 0xF3, 0x80, 0x36, 0x36, 0xD6,
    0xC0, 0x54, 0x7A, 0x26, 0x25, 0xA4, 0x07, 0x88, 0xC9, 0x44, 0x4C, 0x40, 0x40, 0x32, 0x10, 0x90,
    0x14, 0x04, 0x58, 0x70, 0x12, 0x29, 0x08, 0x00, 0x8C, 0xD0, 0xC6, 0xA1, 0xB3, 0xF9, 0xDD, 0xA3,
    0x61, 0x9B, 0xEB, 0x5F, 0x19, 0xB6, 0x69, 0x38, 0x6C, 0xB3, 0xD4, 0xCF, 0xCD, 0xC2, 0x4C, 0xE6,
    0x55, 0x4D, 0x03, 0x79, 0x21, 0xB7, 0x39, 0xAD, 0x99, 0xE6, 0xDC, 0x1E, 0xD3, 0xF7, 0xF6, 0xBE,
    0x6F, 0x1A, 0xEC, 0xE1, 0x44, 0xDA, 0x67, 0x8A, 0x73, 0x1E, 0xD4, 0x91, 0xD8, 0x49, 0x2F, 0xF4,
    0x56, 0x34, 0xE4, 0x35, 0x7D, 0x48, 0xA8, 0xE9, 0x4F, 0x23, 0xCE, 0x0D, 0x57, 0x03, 0x9E, 0x16,
    0xC2, 0x90, 0x1E, 0x4F, 0xE9, 0xF4, 0xEB, 0x18, 0xC2, 0xA5, 0x66, 0x1E, 0xD4, 0x41, 0x61, 0x49,
    0x05, 0x24, 0x41, 0x02, 0xC9, 0x90, 0x40, 0xD2, 0x22, 0xB7, 0x90, 0x67, 0x92, 0x3C, 0xC9, 0x9C,
    0xF7, 0x89, 0x99, 0x12, 0xA8, 0xA3, 0x54, 0x4F, 0x4C, 0xED, 0xF1, 0x8D, 0x18, 0xCB, 0x2D, 0x81,
    0xA9, 0xEE, 0xD8, 0xC0, 0x54, 0x03, 0x45, 0xDD, 0x8A, 0xC9, 0x66, 0xA4, 0xCD, 0x57, 0x26, 0x70,
    0x3E, 0x7D, 0xD7, 0xE5, 0xF4, 0xFE, 0x8D, 0x04, 0x4E, 0xFA, 0xAE, 0x43, 0xF2, 0xFA, 0x91, 0x04,
    0x0E, 0x7D, 0x4A, 0xB6, 0xBE, 0x42, 0x55, 0x69, 0xF7, 0x50, 0xFE, 0xFB, 0x1E, 0xDB, 0xE8, 0x11,
    0x8A, 0x46, 0xA4, 0x0C, 0x7C, 0x5B, 0x3A, 0x21, 0x23, 0xA5, 0x0A, 0x05, 0xD9, 0xE8, 0x69, 0xDF,
    0x9C, 0x84, 0xB8, 0x3E, 0x21, 0x17, 0xA5, 0x1B, 0x24, 0x29, 0x20, 0x0A, 0xF7, 0xE8, 0x9F, 0xA8,
    0x5B, 0x33, 0x19, 0x7A, 0xDC, 0x02, 0xD4, 0xCD, 0x99, 0xB6, 0xEE, 0xE4, 0x61, 0xFB, 0xAD, 0x43,
    0xF7, 0x9A, 0x91, 0x8B, 0x54, 0xE5, 0x9F, 0xDB, 0xEA, 0x09, 0x53, 0xE9, 0x66, 0xB3, 0x45, 0x69,
    0x77, 0x27, 0xA6, 0x9A, 0x88, 0xAC, 0x66, 0x6A, 0x30, 0x01, 0x58, 0x50, 0x2B, 0x54, 0x5B, 0x26,
    0x7D, 0xF0, 0xE3, 0x66, 0x61, 0x64, 0x92, 0xB6, 0x07, 0x8A, 0x31, 0xDA, 0xF4, 0xA7, 0xC7, 0xD2,
    0xFE, 0x4B, 0xAF, 0x6C, 0x2B, 0xD7, 0x32, 0xD2, 0x7E, 0x39, 0x45, 0xEC, 0x9F, 0x2C, 0x5A, 0xB2,
    0xA2, 0x38, 0x4F, 0x55, 0xAD, 0xB9, 0x51, 0x2D, 0xF5, 0xC7, 0x7D, 0x58, 0xB7, 0x15, 0x25, 0x1D,
    0xE4, 0x8E, 0x3F, 0x6C, 0xA2, 0x28, 0xE5, 0x74, 0x73, 0x24, 0xF3, 0xEE, 0x66, 0x36, 0x01, 0xFE,
    0x09, 0x26, 0x84, 0x75, 0xE1, 0x69, 0x10, 0xD6, 0x0E, 0x73, 0x79, 0x70, 0x33, 0x16, 0xA0, 0x32,
    0x0B, 0xA8, 0x5C, 0xE8, 0xFD, 0x06, 0x48, 0x27, 0x2C, 0xCA, 0x3D, 0xA6, 0x34, 0x0C, 0xA5, 0xC1,
    0x8C, 0x45, 0x9F, 0xFB, 0x92, 0xB1, 0x31, 0x7B, 0xC9, 0x1E, 0x39, 0x2D, 0xC7, 0x3A, 0xAD, 0x9B,
    0xC7, 0x3A, 0x62, 0xEF, 0x23, 0x74, 0xB4, 0xF7, 0xD9, 0xFC, 0xC1, 0xAA, 0x0E, 0x10, 0xE5, 0x46,
    0xD1, 0xC6, 0x1F, 0x7A, 0xCA, 0x57, 0xC4, 0x53, 0xEE, 0x56, 0xC6, 0x39, 0xD3, 0x61, 0xB8, 0xAF,
    0xF4, 0xA6, 0xBA, 0x31, 0xD6, 0xD9, 0x58, 0x19, 0xEB, 0xEC, 0xE0, 0x1E, 0xA7, 0x1A, 0x4C, 0x1B,
    0xA0, 0x69, 0xEE, 0xD7, 0xBD, 0xBC, 0x55, 0x46, 0x07, 0x00, 0x77, 0x98, 0xF9, 0x68, 0xB6, 0x0A,
    0x9A, 0x95, 0xA9, 0x02, 0xF0, 0x28, 0xE3, 0x11, 0xDC, 0x07, 0x9F, 0x92, 0xC9, 0x10, 0xD3, 0x2C,
    0x5A, 0x22, 0x94, 0x07, 0x2C, 0x4C, 0x1C, 0xA8, 0x82, 0x24, 0x33, 0xB4, 0x6F, 0x3B, 0xC9, 0xC6,
    0x45, 0x10, 0x09, 0x64, 0xFD, 0x10, 0xA5, 0x78, 0x33, 0xFD, 0xA1, 0x6B, 0x31, 0xFB, 0x3E, 0x43,
    0xD4, 0x3A, 0xF7, 0xC5, 0xEF, 0xED, 0x8E, 0x06, 0x3F, 0x2A, 0x26, 0xCD, 0xC0, 0x13, 0x42, 0xC0,
    0x5D, 0x38, 0xBF, 0x01, 0xC8, 0x3C, 0xA3, 0x63, 0x58, 0xC6, 0x29, 0x72, 0xE1, 0x34, 0xCE, 0xAF,
    0x73, 0xB6, 0x40, 0x3F, 0xBB, 0x53, 0x95, 0x1E, 0x73, 0x0D, 0x50, 0xCD, 0x8A, 0x6D, 0x04, 0x96,
    0xD3, 0x50, 0xDA, 0xE5, 0x34, 0x94, 0x1F, 0x32, 0x5D, 0x3B, 0x1F, 0xA7, 0xA1, 0xBC, 0xCF, 0xD3,
    0x50, 0x2E, 0xF3, 0x34, 0x94, 0xB7, 0x3F, 0x94, 0x69, 0x28, 0xD7, 0x5F, 0x98, 0xA7, 0xA1, 0x5C,
    0x24, 0x99, 0x86, 0x32, 0xE6, 0x8E, 0x7B, 0xAE, 0x4C, 0x43, 0xD9, 0xD4, 0x53, 0xDB, 0xC3, 0x4C,
    0x47, 0x8C, 0x63, 0xE2, 0x85, 0x3A, 0x48, 0x91, 0xCC, 0x19, 0x24, 0x75, 0x06, 0xC9, 0x9D, 0x31,
    0x69, 0x26, 0xCE, 0x9E, 0x41, 0xD2, 0x67, 0x90, 0xFC, 0x19, 0x24, 0x81, 0x06, 0xC9, 0xA0, 0x41,
    0x52, 0x68, 0x30, 0x5E, 0xD1, 0xA1, 0xF5, 0xDA, 0x3C, 0x1C, 0x80, 0xFF, 0x14, 0xD4, 0xD7, 0x41,
    0xD9, 0xE3, 0xFF, 0xCE, 0x7E, 0x40, 0x3D, 0xDE, 0x94, 0x71, 0x69, 0x90, 0xEB, 0xF6, 0xF7, 0x98,
    0x74, 0x80, 0x94, 0xFB, 0x3A, 0x8B, 0xAD, 0x48, 0xAD, 0x7A, 0xAE, 0x2B, 0xFE, 0x60, 0x17, 0x3A,
    0xE6, 0xE4, 0x1C, 0xF1, 0x85, 0x75, 0x00, 0x83, 0x54, 0x13, 0xD7, 0x80, 0xFB, 0x2F, 0x53, 0x7E,
    0xBE, 0x51, 0xEF, 0x74, 0xC5, 0xAB, 0x16, 0xB8, 0x33, 0x99, 0x32, 0x22, 0x02, 0xD2, 0xC8, 0x68,
    0x83, 0x62, 0xFE, 0x42, 0x38, 0xFB, 0x2C, 0x88, 0x4C, 0xBF, 0x15, 0x56, 0x97, 0x85, 0xCB, 0xE8,
    0xF2, 0x99, 0x8C, 0x7A, 0xA0, 0x25, 0xD9, 0x43, 0x14, 0x52, 0xA4, 0xA2, 0xF4, 0x9A, 0x5C, 0x82,
    0xA4, 0x8D, 0xEE, 0x4B, 0xA2, 0xC6, 0x0C, 0x46, 0x1C, 0xCC, 0xF6, 0x85, 0x1E, 0x4A, 0xEE, 0xAB,
    0x5F, 0xED, 0x4D, 0xA5, 0x33, 0x5F, 0x36, 0x78, 0x58, 0x34, 0x26, 0xD1, 0x47, 0x95, 0x7E, 0xCF,
    0xCB, 0xBD, 0x02, 0xD3, 0xF3, 0xD3, 0x3F, 0x57, 0x46, 0xCE, 0x2B, 0xFA, 0xF2, 0x00, 0xA9, 0x7D,
    0x0B, 0x59, 0x27, 0x39, 0xB9, 0x00, 0xB4, 0xDD, 0xA9, 0xA7, 0x39, 0xE7, 0x3F, 0xEC, 0x8A, 0x4B,
    0x2E, 0xFF, 0xB8, 0xE3, 0xA6, 0xB8, 0x93, 0xB4, 0xCC, 0x22, 0x1C, 0x33, 0x42, 0xFF, 0x85, 0xAA,
    0x75, 0x18, 0x3B, 0x3B, 0x10, 0x4E, 0x60, 0x88, 0x3C, 0xC3, 0x19, 0x28, 0x81, 0x35, 0x8D, 0x69,
    0xCA, 0x8F, 0x08, 0x05, 0x0D, 0x71, 0x1C, 0xF0, 0x0D, 0xC9, 0x5C, 0x75, 0x3F, 0x28, 0x3C, 0xB2,
    0x1E, 0xE9, 0xF2, 0xFE, 0x69, 0x30, 0xDC, 0xFE, 0x64, 0xF3, 0x09, 0x89, 0xEF, 0x91, 0x7D, 0x3E,
    0x20, 0xE5, 0xDF, 0x65, 0x39, 0x4D, 0x85, 0xC5, 0xF3, 0x4D, 0xF9, 0xBA, 0x55, 0x2F, 0x34, 0x90,
    0x72, 0x72, 0xFD, 0x40, 0xBF, 0x19, 0xB5, 0xEC, 0x3E, 0xE6, 0x75, 0x29, 0x0F, 0xDE, 0x28, 0x8B,
    0xA0, 0x40, 0xF9, 0xAE, 0x05, 0x66, 0x61, 0x4F, 0x67, 0x94, 0xF3, 0x4B, 0x2E, 0xA6, 0x4A, 0xF2,
    0xCB, 0x0E, 0xCB, 0x72, 0x8A, 0xA9, 0x8A, 0x37, 0xB7, 0xE3, 0xC9, 0xD3, 0x18, 0x68, 0x30, 0x34,
    0xAE, 0x27, 0xFD, 0x5A, 0xE6, 0xBE, 0xA6, 0x2C, 0x0C, 0xD0, 0x36, 0xA0, 0x80, 0x87, 0x07, 0x60,
    0xE4, 0x65, 0x0D, 0x43, 0xFD, 0x73, 0x3E, 0xC7, 0xE7, 0x54, 0x19, 0x0A, 0xBC, 0xAC, 0x15, 0xEE,
    0xE9, 0xB2, 0x91, 0x33, 0x07, 0xA4, 0xE2, 0xED, 0x76, 0x38, 0xEB, 0x91, 0x05, 0xA4, 0x3D, 0xD2,
    0xF0, 0x74, 0xE6, 0xF7, 0x0A, 0x27, 0x37, 0x1F, 0x81, 0x92, 0x2A, 0x21, 0x48, 0x79, 0x00, 0x53,
    0x8F, 0xA9, 0x47, 0x04, 0x70, 0xD7, 0x69, 0x24, 0x68, 0x55, 0x01, 0xE6, 0x25, 0x0B, 0x59, 0x7B,
    0x40, 0xF2, 0xBD, 0x79, 0x4E, 0x5E, 0x3C, 0x10, 0x2E, 0xDC, 0x9B, 0x8C, 0x9B, 0x4F, 0x01, 0xFB,
    0x06, 0xD8, 0xDC, 0xC0, 0xB2, 0x9C, 0x66, 0x36, 0x63, 0x7A, 0xC5, 0xE5, 0x7F, 0xF2, 0xD9, 0x55,
    0x87, 0x58, 0x4E, 0x9C, 0xA5, 0xF1, 0x40, 0x53, 0x4B, 0xC7, 0x3D, 0xDC, 0x69, 0x2A, 0x3C, 0xFA,
    0x70, 0x27, 0xD7, 0x7F, 0x5C, 0xC7, 0x3B, 0xCD, 0x6C, 0xAF, 0xFF, 0x55, 0x54, 0xFA, 0x75, 0x5B,
    0xAA, 0xB9, 0xE3, 0x9D, 0x98, 0xFA, 0x47, 0x3B, 0x2C, 0x00, 0x9C, 0x7A, 0xCE, 0x7C, 0x46, 0x3E,
    0x62, 0x2E, 0xA7, 0x9F, 0xA5, 0x22, 0x29, 0x6E, 0xD1, 0xAC, 0xFD, 0xD6, 0x7D, 0x91, 0x8F, 0xDF,
    0x4D, 0xB4, 0xC2, 0xD9, 0xD5, 0xFB, 0x28, 0x63, 0x8A, 0x06, 0x05, 0xBF, 0xBC, 0xF2, 0xB5, 0x0E,
    0xEB, 0xBA, 0xC2, 0x4F, 0x1E, 0x3B, 0xB5, 0x9C, 0xB1, 0x3C, 0xF6, 0x34, 0xB0, 0xB6, 0x0B, 0xEC,
    0x06, 0xE0, 0x13, 0x07, 0xEC, 0xD8, 0xFB, 0x23, 0xEF, 0xEE, 0x3A, 0x30, 0xD6, 0xF1, 0x77, 0x59,
    0x4E, 0x33, 0x7B, 0x54, 0xDA, 0x34, 0xFF, 0xCC, 0x63, 0xF9, 0xC5, 0x4B, 0xB9, 0x9B, 0x19, 0x3A,
    0xF7, 0xF6, 0x0F, 0x04, 0x15, 0x0C, 0x03, 0x9A, 0x51, 0x62, 0x01, 0x05, 0xDC, 0x3A, 0x3D, 0xE3,
    0xCD, 0x5B, 0xF3, 0x78, 0xD8, 0x02, 0xD6, 0x81, 0xB5, 0x38, 0xD6, 0x48, 0xFF, 0x18, 0x00, 0x64,
    0x9F, 0xF6, 0xC2, 0xB2, 0xBE, 0x5A, 0x1E, 0xDC, 0x54, 0x50, 0x14, 0x45, 0x05, 0x70, 0x3F, 0x05,
    0x0E, 0x7B, 0xAA, 0x94, 0x7B, 0x9E, 0x01, 0x74, 0x4F, 0xB9, 0x49, 0x69, 0xC4, 0x39, 0x00, 0xF5,
    0x1C, 0x83, 0x1A, 0x60, 0xFB, 0x30, 0x57, 0x29, 0xAD, 0xF7, 0x56, 0xF9, 0xC1, 0x99, 0x7A, 0x5A,
    0x69, 0xC0, 0x03, 0x18, 0x02, 0x14, 0xF0, 0x22, 0x92, 0x09, 0xE8, 0xEF, 0x72, 0x4A, 0xB4, 0x91,
    0x29, 0xD1, 0xAE, 0xEE, 0x0B, 0xDF, 0xF2, 0x15, 0x40, 0x3A, 0x23, 0x0B, 0x40, 0x1B, 0xBF, 0xCF,
    0x13, 0x83, 0x91, 0x97, 0x7A, 0xE8, 0x6E, 0xE4, 0xB3, 0x0D, 0xE6, 0xD7, 0xCF, 0xE0, 0xDF, 0x74,
    0x92, 0xDB, 0x7C, 0xA5, 0x3C, 0xE9, 0x1B, 0x5F, 0x36, 0xE2, 0xE6, 0xDF, 0x6E, 0x8A, 0xF6, 0x6A,
    0xDD, 0x09, 0xD7, 0xFD, 0xF5, 0xF6, 0x77, 0x50, 0x34, 0x48, 0xDD, 0xAC, 0x35, 0xBC, 0xC4, 0xF9,
    0xD1, 0xCE, 0xF3, 0xD7, 0xFE, 0x07, 0xBD, 0xD8, 0x01, 0x84, 0x26, 0xE7, 0xFD, 0x07, 0xF0, 0xCF,
    0xCC, 0xDC, 0x3F, 0x93, 0x64, 0x2E, 0x99, 0xFC, 0x35, 0x48, 0xDB, 0xBB, 0x0C, 0x14, 0x57, 0x92,
    0x7D, 0x0F, 0x87, 0xE2, 0x76, 0x67, 0x52, 0xA5, 0x88, 0x6A, 0x01, 0x28, 0x9A, 0x02, 0x85, 0xC8,
    0x95, 0xD0, 0xC3, 0x5D, 0xDE, 0x89, 0x00, 0x3D, 0xB8, 0x16, 0x0A, 0x10, 0x05, 0xA0, 0x1C, 0x0E,
    0xAB, 0x36, 0xFB, 0x4E, 0xA5, 0x84, 0x16, 0x26, 0x09, 0xA0, 0xB4, 0x13, 0x10, 0x04, 0x37, 0xDA,
    0x37, 0xCD, 0x1B, 0x37, 0xBB, 0xD3, 0xE7, 0x7D, 0xBD, 0x9C, 0x93, 0xD2, 0x77, 0xDF, 0xDD, 0x8D,
    0x9B, 0x67, 0xCE, 0xAE, 0x79, 0x9F, 0xF9, 0xFC, 0xBE, 0x9E, 0xDF, 0x6F, 0xED, 0x8A, 0x7B, 0xA4,
    0x3D, 0xF2, 0x05, 0x8A, 0x01, 0x3B, 0x47, 0xB8, 0x7E, 0x88, 0x83, 0x29, 0xE6, 0x65, 0x25, 0xEA,
    0x27, 0x8D, 0x64, 0x1C, 0x1B, 0xE9, 0x38, 0x76, 0xB2, 0x26, 0xEB, 0xE5, 0x75, 0x3A, 0x37, 0xED,
    0x8B, 0xD1, 0xD8, 0x97, 0x23, 0x00, 0xA4, 0x0D, 0xF2, 0x0E, 0x79, 0x8B, 0x08, 0xD1, 0x58, 0xE5,
    0x63, 0x37, 0xF9, 0x61, 0x5F, 0x24, 0xBD, 0xB4, 0x4F, 0xC7, 0x7E, 0xF2, 0x59, 0x5F, 0x26, 0x7D,
    0xF9, 0x6A, 0xF8, 0xEC, 0x98, 0x75, 0x0B, 0xC0, 0x6D, 0x0E, 0xB9, 0xCD, 0x7A, 0x07, 0x7B, 0x0B,
    0x7C, 0xEF, 0x26, 0xCC, 0x91, 0xB6, 0x48, 0x00, 0xCE, 0x90, 0x1F, 0x1D, 0x4B, 0x1E, 0x54, 0xC9,
    0x9D, 0x5A, 0xCE, 0x3E, 0x57, 0x9D, 0x40, 0xED, 0x1E, 0xF4, 0x48, 0x5A, 0xE2, 0x77, 0x90, 0xF7,
    0xD8, 0x39, 0xC0, 0xCD, 0x2B, 0x67, 0xAF, 0xE5, 0x79, 0x76, 0xB9, 0xC5, 0x7D, 0x07, 0x77, 0xA3,
    0x51, 0xF2, 0xB7, 0x26, 0xFB, 0x7E, 0x7D, 0x02, 0xF3, 0x25, 0x98, 0x20, 0xBE, 0x53, 0x91, 0xFF,
    0xB3, 0x3E, 0x4F, 0x6E, 0x54, 0x49, 0x1A, 0x49, 0x47, 0xEF, 0xE0, 0xEA, 0x09, 0xB9, 0x79, 0x8B,
    0x97, 0x3B, 0xC4, 0x5F, 0x53, 0xBA, 0xD1, 0x20, 0x79, 0x20, 0xF9, 0x31, 0x2F, 0xAF, 0x02, 0xBE,
    0x71, 0x32, 0xF1, 0x85, 0x0B, 0x98, 0xFE, 0x01, 0xBF, 0x5C, 0x00, 0x44, 0xB5, 0x35, 0x7B, 0xEF,
    0x00, 0xFB, 0x97, 0xCE, 0x9E, 0x9D, 0x7C, 0x52, 0x67, 0x63, 0xF3, 0x44, 0x51, 0xC1, 0x2F, 0x18,
    0xAB, 0xA5, 0xF9, 0x95, 0x66, 0x23, 0x73, 0xDA, 0x22, 0x9F, 0x63, 0xF7, 0x36, 0xEE, 0x5F, 0x06,
    0x7C, 0x6D, 0x13, 0x02, 0x6E, 0x31, 0x8A, 0x42, 0x1B, 0xBE, 0xDF, 0xA4, 0xC1, 0xBD, 0xDD, 0xD8,
    0xF0, 0x13, 0xE8, 0x11, 0xB7, 0xF8, 0xC6, 0x0F, 0x70, 0xFF, 0x12, 0xA6, 0x03, 0x8A, 0xEE, 0x7C,
    0x0A, 0xCB, 0xC8, 0xD9, 0xE5, 0x9A, 0x48, 0x15, 0x52, 0x4F, 0xC7, 0x3A, 0x3A, 0xB2, 0x51, 0x0D,
    0x11, 0xE4, 0x90, 0xD6, 0xF8, 0xFF, 0x3F, 0x7F, 0x2D, 0xE2, 0x56, 0xD4, 0xB3, 0xCF, 0x0B, 0x27,
    0x17, 0x67, 0x1D, 0x9E, 0xBD, 0x87, 0xA8, 0x43, 0x5C, 0xE3, 0xC6, 0x45, 0xEC, 0x1D, 0x9C, 0x97,
    0xF8, 0x50, 0xFC, 0xA0, 0x8A, 0x3E, 0xA8, 0xE4, 0x5C, 0xE7, 0x9A, 0x4C, 0x93, 0x7D, 0xD6, 0xC4,
    0xC7, 0x9B, 0x89, 0xBF, 0xFB, 0x3C, 0x66, 0x03, 0x7E, 0x3E, 0x07, 0x78, 0xED, 0x22, 0x0E, 0x0F,
    0x30, 0x39, 0x07, 0x71, 0xFC, 0x9B, 0x65, 0x3B, 0xA6, 0x45, 0x8D, 0x48, 0x95, 0xBF, 0xD2, 0x86,
    0x2F, 0xA3, 0x0D, 0xB9, 0xCF, 0x5D, 0xC0, 0xFE, 0xE5, 0xD3, 0x9F, 0x81, 0xAD, 0x7F, 0x60, 0xAB,
    0xB2, 0xB7, 0x9B, 0x6C, 0x7D, 0x24, 0xB6, 0x69, 0xC4, 0xF0, 0xFD, 0x7A, 0x12, 0x56, 0xDA, 0x67,
    0x61, 0xA5, 0x55, 0xDA, 0x47, 0x2B, 0x78, 0x3A, 0x0E, 0x56, 0xAB, 0xB7, 0x5E, 0x71, 0x58, 0x69,
    0x78, 0x26, 0x5F, 0x3D, 0x1F, 0x3E, 0x57, 0x01, 0x28, 0x2A, 0xCA, 0x9A, 0x49, 0xC5, 0x05, 0xA2,
    0x59, 0xC8, 0xB4, 0x2F, 0xDE, 0x99, 0x97, 0xD1, 0xA2, 0x1C, 0x57, 0x17, 0xCB, 0xAB, 0x7D, 0x3E,
    0x1F, 0xE7, 0xF1, 0x78, 0xF7, 0xAB, 0x0C, 0x65, 0xCD, 0xC3, 0x8E, 0x4F, 0x3A, 0x92, 0x96, 0xA2,
    0xE2, 0x22, 0xA7, 0x26, 0x1E, 0x8A, 0xC3, 0xF1, 0x7B, 0xBF, 0x91, 0x55, 0x56, 0x7D, 0x6F, 0x53,
    0xDF, 0x70, 0x43, 0x3C, 0xCE, 0x45, 0x1F, 0x74, 0x38, 0xBD, 0x24, 0x9E, 0x37, 0xE9, 0xD8, 0x26,
    0x45, 0xCD, 0xE6, 0x06, 0x71, 0x43, 0xD2, 0x90, 0x57, 0x9E, 0xBE, 0x48, 0xD9, 0xF0, 0xC7, 0x5E,
    0xD4, 0xBD, 0x7B, 0x6A, 0x0F, 0x4F, 0xF2, 0x22, 0xBB, 0xDC, 0xF4, 0xFA, 0x6B, 0xC6, 0x2A, 0xF9,
    0xB4, 0x49, 0xDF, 0x6E, 0x36, 0xB7, 0xDD, 0xC0, 0x01, 0x4F, 0xBF, 0x4C, 0xF9, 0x97, 0x33, 0x74,
    0xD5, 0x92, 0x56, 0xDC, 0x33, 0xF7, 0xFA, 0xB5, 0x13, 0xBA, 0xCA, 0x8A, 0x5F, 0xD5, 0x64, 0xE7,
    0x90, 0xD7, 0x7B, 0xC4, 0xFF, 0x20, 0xFE, 0x2B, 0x0A, 0xDC, 0xE4, 0xF5, 0xAB, 0x02, 0x50, 0x10,
    0x5A, 0x11, 0xAD, 0x90, 0x82, 0x52, 0x60, 0x0A, 0x4E, 0xE5, 0xB8, 0x5E, 0x28, 0xAD, 0xB0, 0x82,
    0xD6, 0x8A, 0xFB, 0xDC, 0x73, 0xA2, 0xE3, 0xFB, 0x8F, 0xCE, 0xD8, 0x13, 0x56, 0x66, 0x5F, 0xF6,
    0xE2, 0xEE, 0xC6, 0xE9, 0xCF, 0x5C, 0xF7, 0xE8, 0xCC, 0xF9, 0x26, 0x63, 0x1D, 0x7F, 0xDA, 0xA6,
    0x75, 0xBB, 0x51, 0x96, 0xAB, 0xA6, 0xEE, 0xF8, 0x3C, 0x58, 0xDB, 0x37, 0x9D, 0xD7, 0xB0, 0x80,
    0x5D, 0x66, 0x3C, 0x6C, 0xE2, 0x8F, 0xDB, 0x24, 0xE8, 0xB6, 0x9A, 0x20, 0xE9, 0x5C, 0x71, 0xE0,
    0xF2, 0x2E, 0xB7, 0x24, 0x9D, 0xB8, 0xB1, 0x02, 0x2B, 0x8F, 0x02, 0xE5, 0x7F, 0x5C, 0x93, 0x63,
    0xE5, 0x28, 0xEB, 0xF6, 0x16, 0x2F, 0xDD, 0x14, 0xDC, 0x09, 0x26, 0xED, 0xAC, 0xCB, 0x1F, 0xFB,
    0x57, 0x0E, 0xD3, 0xE1, 0x44, 0x1B, 0x82, 0x80, 0x91, 0xF6, 0x92, 0x9E, 0x4A, 0x54, 0x2D, 0x37,
    0xCA, 0x1A, 0xEB, 0x17, 0x14, 0x8F, 0xBD, 0xA0, 0x58, 0x4C, 0x07, 0x48, 0x9B, 0xF0, 0x4C, 0x8B,
    0x6F, 0x1F, 0x89, 0xC6, 0xB1, 0x4D, 0xBF, 0x7C, 0xA3, 0xCF, 0xBB, 0x74, 0x28, 0x9A, 0x78, 0x28,
    0xC3, 0xA8, 0x2F, 0x2B, 0xC7, 0xAB, 0x55, 0x3B, 0x0A, 0x6B, 0x28, 0x9B, 0x68, 0x28, 0xBA, 0x64,
    0x9E, 0x1F, 0xBD, 0xD1, 0x25, 0x21, 0x6E, 0x6F, 0x2C, 0xF0, 0xE8, 0xF5, 0xB2, 0x9E, 0xB4, 0xB3,
    0x12, 0xCC, 0xDA, 0x6C, 0x5C, 0x14, 0x1F, 0x85, 0x4D, 0x8E, 0x4B, 0xB3, 0xD2, 0x74, 0x79, 0xAF,
    0x0E, 0x27, 0x1F, 0x0E, 0xAB, 0x64, 0x6B, 0xC0, 0x1E, 0x53, 0x4A, 0x90, 0xF5, 0xEC, 0x1C, 0x70,
    0xE9, 0x3A, 0xF6, 0x49, 0x5A, 0x92, 0x1A, 0xA7, 0x24, 0xCE, 0xAA, 0xE8, 0x61, 0x13, 0x7D, 0xDC,
    0x48, 0x6B, 0x7B, 0x5C, 0xC1, 0xC6, 0xBE, 0x6B, 0x98, 0x13, 0x75, 0xE2, 0xDF, 0x56, 0xB2, 0x39,
    0xC5, 0x2D, 0xAE, 0x5F, 0x3C, 0xBD, 0xCA, 0x93, 0xC8, 0x31, 0xC1, 0x75, 0x76, 0xAE, 0x32, 0xAB,
    0x45, 0x5F, 0x74, 0x92, 0xA6, 0xB5, 0x46, 0x0A, 0x4A, 0x81, 0x29, 0x38, 0x05, 0xA2, 0x20, 0x5D,
    0xFD, 0x1F, 0xAC, 0x02, 0x56, 0xD0, 0x7A, 0xC4, 0x7D, 0x06, 0x39, 0xF1, 0xEF, 0x1A, 0xD9, 0xE7,
    0xCD, 0xD9, 0x59, 0x2B, 0x51, 0x27, 0xEA, 0xD9, 0xB7, 0x73, 0x25, 0x30, 0x83, 0x32, 0x20, 0x37,
    0xCB, 0x31, 0xEB, 0x78, 0xB6, 0x5F, 0x67, 0x58, 0x9F, 0x6D, 0x86, 0x87, 0x44, 0x9F, 0x05, 0xDC,
    0x07, 0x15, 0xC5, 0x3A, 0xC7, 0xEF, 0x9C, 0x2E, 0xC7, 0xFF, 0xBB, 0x40, 0xF9, 0x77, 0xAE, 0x1D,
    0x00, 0xD1, 0x5D, 0xB2, 0x05, 0x93, 0xDB, 0x5C, 0x7F, 0xE6, 0xD4, 0xE6, 0x68, 0xDE, 0x26, 0x63,
    0x17, 0xBF, 0xDA, 0xC0, 0xB7, 0x98, 0x35, 0xD1, 0xBF, 0xFA, 0xA4, 0xE9, 0x36, 0xCA, 0x72, 0xD5,
    0x64, 0x03, 0x93, 0x3D, 0x6E, 0x3E, 0x8B, 0xF3, 0x69, 0x5E, 0xD8, 0xA1, 0xAC, 0x7C, 0xD1, 0x44,
    0x9F, 0x74, 0x71, 0xD0, 0xD9, 0xAA, 0xA3, 0x81, 0x97, 0xE0, 0x08, 0xE9, 0x80, 0xAC, 0x9E, 0x54,
    0x98, 0x54, 0x41, 0x5E, 0x0A, 0xF4, 0x23, 0xC1, 0x3E, 0xB7, 0xC4, 0x5B, 0xEA, 0x2D, 0xF9, 0x96,
    0xF6, 0xF5, 0xAD, 0x76, 0x64, 0x59, 0x82, 0x65, 0x0D, 0x96, 0x45, 0x58, 0x56, 0x61, 0x55, 0xC6,
    0xAA, 0x0E, 0x31, 0xB2, 0x86, 0xBC, 0x66, 0x07, 0x2F, 0x14, 0x15, 0x79, 0x1D, 0xCD, 0x1E, 0x54,
    0xD9, 0x78, 0xB4, 0x71, 0x03, 0xAD, 0xAD, 0xE5, 0x0A, 0xD8, 0x21, 0xBA, 0x77, 0x0E, 0xD8, 0x9A,
    0xB8, 0x27, 0x5A, 0xE0, 0x36, 0x9E, 0xDA, 0x02, 0x9B, 0xAD, 0xFF, 0xE6, 0xB1, 0x9E, 0x96, 0xF6,
    0x91, 0xB4, 0x48, 0xCE, 0x23, 0xDE, 0x59, 0x25, 0x8C, 0x50, 0x61, 0x86, 0x92, 0xD6, 0xEC, 0xE1,
    0xCA, 0xB6, 0x11, 0x4F, 0x7E, 0x84, 0xE9, 0x31, 0xAE, 0x0D, 0xE0, 0xEC, 0xC1, 0xD1, 0xFC, 0xAE,
    0xD0, 0x65, 0xE2, 0x3B, 0x0D, 0xB6, 0x82, 0x9E, 0x3D, 0xCA, 0xE3, 0xFD, 0x26, 0xEB, 0x91, 0x76,
    0x50, 0xD9, 0x96, 0x09, 0xEC, 0x61, 0x8A, 0x12, 0x98, 0x1D, 0xE7, 0x63, 0x35, 0x1D, 0xF2, 0xE3,
    0xE0, 0x8D, 0x16, 0xB2, 0x0D, 0x6E, 0x7D, 0x3C, 0x97, 0xF6, 0x49, 0x2F, 0x39, 0xFE, 0x59, 0x2F,
    0x14, 0xDC, 0x30, 0x39, 0x02, 0x00, 0x71, 0x87, 0xB4, 0x47, 0xD2, 0x43, 0xC5, 0xE4, 0x4F, 0x33,
    0xB3, 0xF7, 0x47, 0x45, 0x33, 0x93, 0x37, 0xD3, 0xAF, 0xAE, 0x7F, 0x8F, 0xB2, 0x71, 0xEC, 0xE2,
    0xE3, 0xB2, 0x05, 0x50, 0xA0, 0xAC, 0x98, 0x00, 0xD2, 0x39, 0x8A, 0x5B, 0xB8, 0xBC, 0x0B, 0xB7,
    0xD6, 0x01, 0x89, 0x1B, 0x67, 0x5E, 0xCF, 0xE3, 0xBF, 0x00, 0x36, 0xBC, 0x88, 0x8B, 0xB0, 0x55,
    0x35, 0x97, 0xE1, 0x10, 0xC9, 0x90, 0x35, 0xD2, 0xBB, 0x59, 0x8B, 0xBC, 0x59, 0x82, 0xEB, 0xAD,
    0xC0, 0xF3, 0xAF, 0x80, 0x63, 0xA4, 0xEB, 0xD1, 0x36, 0x89, 0x2A, 0x2F, 0x24, 0x3D, 0x49, 0x1F,
    0xB0, 0xCD, 0xC9, 0xB0, 0x97, 0x61, 0x52, 0xA3, 0xE8, 0x03, 0x36, 0xBA, 0x77, 0x0E, 0xD8, 0x9A,
    0xA8, 0xC7, 0x80, 0xB7, 0x02, 0xF6, 0xA9, 0x2D, 0xB0, 0xFF, 0xFD, 0x3C, 0x04, 0x71, 0xDC, 0x9C,
    0x83, 0x78, 0x5A, 0xF1, 0xB0, 0xE1, 0xE3, 0x96, 0xB4, 0x61, 0x2F, 0xA8, 0x2F, 0x6D, 0x1B, 0x71,
    0xF1, 0x6B, 0x94, 0x23, 0xAE, 0xBC, 0x17, 0xC0, 0x9C, 0x3D, 0x38, 0x5A, 0xBC, 0x2B, 0x19, 0x7B,
    0xF1, 0x9D, 0x0F, 0x2B, 0xB6, 0x82, 0x9E, 0xBD, 0x6C, 0x83, 0x51, 0x41, 0xF4, 0x98, 0xF7, 0xD4,
    0x63, 0x03, 0xDE, 0xC4, 0x21, 0xA6, 0x0D, 0x4F, 0x34, 0x60, 0x36, 0x94, 0xC3, 0x74, 0x51, 0xCE,
    0xF3, 0x2E, 0x6B, 0xD2, 0x3E, 0xAF, 0x92, 0xC5, 0x84, 0x61, 0x97, 0xC3, 0x7D, 0xCA, 0x9E, 0xA2,
    0x23, 0x6F, 0x1F, 0x5F, 0xB3, 0x81, 0xF1, 0x88, 0xBB, 0x8F, 0x8E, 0xAF, 0x3D, 0x3C, 0x65, 0xBD,
    0xE7, 0xAC, 0x9B, 0xF4, 0x65, 0x93, 0x77, 0x13, 0x59, 0xBF, 0x27, 0xE9, 0x6F, 0x89, 0xE7, 0x83,
    0x68, 0x98, 0x73, 0xDC, 0x33, 0x6D, 0x29, 0x1B, 0x26, 0x6B, 0xDF, 0x6D, 0x7E, 0x3A, 0x30, 0xEB,
    0x99, 0x56, 0xA7, 0x34, 0x01, 0x64, 0x35, 0x45, 0x43, 0xDE, 0x10, 0x6D, 0x63, 0xDA, 0x09, 0xA6,
    0x69, 0x30, 0x95, 0x2B, 0x93, 0xA2, 0xE5, 0x76, 0xCF, 0x9B, 0x73, 0xA2, 0x9E, 0xBC, 0x26, 0x73,
    0xFA, 0x0C, 0xD7, 0x0D, 0xE5, 0xA3, 0x75, 0x43, 0xED, 0xE0, 0xD2, 0xD9, 0xE4, 0x08, 0xDE, 0xBA,
    0xC2, 0x38, 0xF0, 0xFB, 0x39, 0x4E, 0xEF, 0x7D, 0xD4, 0x4F, 0x2D, 0xCE, 0xC6, 0xF9, 0x1F, 0x8D,
    0x93, 0x07, 0xAE, 0xE4, 0x44, 0x10, 0x86, 0x3F, 0xDB, 0x33, 0xAF, 0xE1, 0x19, 0x6D, 0x0F, 0x39,
    0xD3, 0x43, 0xCE, 0x63, 0x92, 0x12, 0x1A, 0xBB, 0x9B, 0x8C, 0xD2, 0xE6, 0x03, 0x70, 0x02, 0x72,
    0x66, 0xDE, 0xBA, 0x49, 0x8A, 0xA4, 0x23, 0xBC, 0x83, 0x6C, 0x30, 0x39, 0x43, 0x23, 0x2E, 0x60,
    0xE0, 0x00, 0xF4, 0x4A, 0x46, 0x6B, 0xA4, 0x99, 0xF1, 0xB6, 0x67, 0x73, 0xDE, 0xAE, 0x5C, 0xF5,
    0x57, 0x29, 0x54, 0x35, 0xDB, 0x4F, 0x7B, 0x8C, 0xCC, 0x7D, 0x56, 0x92, 0xD9, 0xAB, 0xCD, 0x90,
    0x73, 0x11, 0x60, 0xD8, 0xE4, 0x9E, 0x72, 0xBE, 0xFD, 0x8E, 0xED, 0x5F, 0x6C, 0xE7, 0x5C, 0x34,
    0x22, 0x62, 0x9D, 0x7B, 0xD0, 0x8B, 0xEB, 0x86, 0x6B, 0x43, 0xCE, 0x4D, 0x03, 0x3D, 0xD7, 0xF3,
    0xAB, 0x77, 0x1F, 0xD1, 0x65, 0xD7, 0x06, 0x06, 0xBA, 0xAE, 0xED, 0xBA, 0xA6, 0xEB, 0x5F, 0x75,
    0x44, 0x03, 0xC0, 0x99, 0x99, 0x3C, 0xBB, 0x58, 0x3A, 0x32, 0xF3, 0xF8, 0xF0, 0x08, 0xC9, 0x84,
    0x9C, 0x02, 0xCD, 0x24, 0x90, 0x36, 0xCA, 0xA8, 0x60, 0xA7, 0x8C, 0x4E, 0x8B, 0x06, 0x68, 0x0A,
    0x72, 0x26, 0x48, 0x84, 0x89, 0x42, 0x63, 0x6A, 0x26, 0x8A, 0x7C, 0x42, 0x11, 0x9A, 0x43, 0xF7,
    0x2D, 0x84, 0x50, 0xBF, 0x64, 0xD4, 0x36, 0xAB, 0x64, 0x5F, 0x9A, 0xE6, 0x8C, 0xAE, 0x3A, 0x7B,
    0x72, 0x10, 0xA6, 0x69, 0x53, 0x68, 0xF2, 0x82, 0x49, 0x86, 0x94, 0x88, 0xE7, 0x4C, 0xD4, 0x42,
    0xE0, 0x86, 0x3B, 0xFE, 0xFB, 0xA2, 0xEC, 0xEA, 0xC0, 0x77, 0x1C, 0xDC, 0x8E, 0xA7, 0xE7, 0xE6,
    0x18, 0x1F, 0xC1, 0x9C, 0x82, 0xF4, 0x81, 0x83, 0x43, 0x73, 0x5A, 0x66, 0xFB, 0x71, 0xFC, 0x90,
    0xAC, 0xD2, 0x4E, 0x3B, 0x65, 0x37, 0x59, 0xD2, 0xD5, 0xDD, 0xBC, 0xAB, 0x97, 0x6C, 0x32, 0xD8,
    0xDF, 0x6D, 0x0C, 0x22, 0xA3, 0xB7, 0xD5, 0x81, 0xB3, 0xD4, 0x0D, 0x18, 0x61, 0x34, 0xF3, 0xC4,
    0x97, 0x4F, 0x2C, 0x44, 0xB3, 0xF2, 0x7A, 0xCC, 0x91, 0x6D, 0xBF, 0x7C, 0xB1, 0xDB, 0xBE, 0xF4,
    0x42, 0xDB, 0x06, 0xC9, 0xE3, 0xD5, 0xC7, 0x0F, 0x0D, 0x39, 0x1F, 0x41, 0x74, 0x15, 0xFC, 0x08,
    0x8F, 0x58, 0x3D, 0xAF, 0xC6, 0x8F, 0x9A, 0x5B, 0x3F, 0xE5, 0x56, 0x18, 0x5F, 0x04, 0x8F, 0x20,
    0x7A, 0x9A, 0xB5, 0x87, 0xB8, 0xAE, 0xE2, 0x91, 0xAE, 0xBA, 0xC9, 0xD9, 0xE4, 0x0E, 0xCB, 0xC0,
    0xC2, 0xC5, 0xB0, 0x49, 0x5A, 0xEE, 0x00, 0x90, 0x1D, 0x33, 0x80, 0x89, 0x34, 0x2D, 0x40, 0x2E,
    0x9F, 0xF0, 0x47, 0xEC, 0x87, 0xEE, 0x88, 0x7D, 0xCE, 0x02, 0x14, 0x4A, 0xAA, 0x5A, 0xB4, 0xA8,
    0xE5, 0xA4, 0x6C, 0xD5, 0x12, 0xD1, 0x4C, 0xDB, 0x59, 0xAE, 0x80, 0xA6, 0xC9, 0x67, 0x12, 0x22,
    0xEF, 0x57, 0x36, 0x71, 0x47, 0xE2, 0xD4, 0x86, 0x7A, 0x06, 0x92, 0xB2, 0xCD, 0x16, 0x50, 0x90,
    0xB9, 0xB4, 0x81, 0xCB, 0x00, 0x20, 0x31, 0x69, 0x25, 0xAB, 0xCC, 0x14, 0xCC, 0x18, 0x93, 0x3C,
    0x69, 0xD3, 0xAF, 0x6B, 0xF9, 0xB3, 0xCB, 0xB6, 0x55, 0x85, 0x32, 0xB3, 0x09, 0xE3, 0x4B, 0xFA,
    0x64, 0x9D, 0x7E, 0xFD, 0x57, 0x23, 0x7F, 0xFE, 0xD3, 0x67, 0xDB, 0xBE, 0xAF, 0x0B, 0xB5, 0xAD,
    0x9A, 0x4D, 0x64, 0x28, 0x0D, 0x79, 0x80, 0x0D, 0x34, 0x99, 0x91, 0x56, 0x54, 0x91, 0xB9, 0x69,
    0x9D, 0x22, 0x43, 0x2B, 0x1B, 0x10, 0xF2, 0xEB, 0x3A, 0xF9, 0xD2, 0x47, 0xC6, 0xDE, 0xB4, 0x2E,
    0x4C, 0x91, 0x49, 0xAB, 0xD5, 0xE7, 0x95, 0x0A, 0xED, 0xF2, 0xEB, 0xBF, 0x7D, 0xA8, 0x34, 0xA1,
    0x34, 0xE6, 0x05, 0xA2, 0x39, 0xE2, 0x5F, 0x32, 0x51, 0xE1, 0x45, 0xAD, 0x6C, 0x49, 0x89, 0xB2,
    0xA2, 0xC6, 0x4F, 0xC9, 0x4C, 0xEA, 0x92, 0x26, 0x69, 0x52, 0xA7, 0xCC, 0x03, 0x01, 0x1A, 0x9B,
    0xB7, 0x6F, 0x4E, 0xED, 0x83, 0xD9, 0x2D, 0xA4, 0xCF, 0xBF, 0x4D, 0xFC, 0x87, 0x87, 0x43, 0x15,
    0x53, 0x2D, 0xC9, 0xB5, 0x34, 0x57, 0x1D, 0xFA, 0x96, 0xD8, 0xF9, 0x55, 0xAD, 0xC7, 0xF4, 0xD8,
    0xBE, 0x47, 0xC7, 0x7E, 0x8F, 0xF0, 0xFB, 0x45, 0xBD, 0x4F, 0xD4, 0x1B, 0xC2, 0xF5, 0x9C, 0xB8,
    0x7C, 0xC5, 0xD3, 0xC4, 0x01, 0x03, 0x8C, 0x0E, 0x67, 0x28, 0x9A, 0x22, 0xA9, 0x8F, 0x7C, 0xD5,
    0xFE, 0x80, 0xAF, 0x36, 0xF0, 0x18, 0xCC, 0xA0, 0x21, 0xAE, 0x49, 0x2A, 0x52, 0x8B, 0x82, 0x1C,
    0xDE, 0x06, 0xDF, 0xE7, 0x44, 0x85, 0x34, 0x64, 0xAB, 0xDC, 0x75, 0xA0, 0xBF, 0x48, 0x1B, 0x0E,
    0xB4, 0xB2, 0xA3, 0x5C, 0xC8, 0xCE, 0x92, 0x21, 0x1C, 0xB2, 0x07, 0xF6, 0x6A, 0x2D, 0xA4, 0x9D,
    0x5A, 0x24, 0x9D, 0x55, 0x75, 0xF2, 0x3F, 0x92, 0xC4, 0xB1, 0x85, 0xB8, 0x22, 0x02, 0x83, 0xAC,
    0x92, 0x06, 0xD5, 0x2B, 0x69, 0x63, 0x1F, 0x46, 0xC5, 0xFE, 0x40, 0x2B, 0x7C, 0xB9, 0x10, 0x35,
    0x59, 0x10, 0x29, 0x5C, 0x2F, 0x6B, 0x5D, 0xD2, 0xCF, 0x70, 0x61, 0x84, 0xEB, 0x27, 0x6C, 0x81,
    0x55, 0x7F, 0x68, 0xF7, 0xAA, 0x12, 0x8D, 0xB4, 0x49, 0xAD, 0x93, 0x96, 0x3D, 0x69, 0x67, 0xF6,
    0xA7, 0x9D, 0xDB, 0x47, 0xEC, 0x37, 0x20, 0x48, 0x14, 0xE4, 0x25, 0x9F, 0xC7, 0x9D, 0xCB, 0xE3,
    0x05, 0xD3, 0xC8, 0x03, 0x35, 0x03, 0x46, 0xE8, 0x68, 0x4E, 0x19, 0xCF, 0x29, 0x68, 0x01, 0x48,
    0xEB, 0x04, 0xBD, 0x94, 0x66, 0x96, 0x75, 0x8C, 0xE3, 0x76, 0xB5, 0xFE, 0xD7, 0xFB, 0xFD, 0xCF,
    0xC3, 0x01, 0x1C, 0x6C, 0xC3, 0x05, 0xFC, 0xE3, 0x8B, 0xB0, 0x48, 0x17, 0x6E, 0x20, 0xB5, 0xE1,
    0x08, 0x62, 0x0E, 0x03, 0xC5, 0xCF, 0xB1, 0x55, 0xC4, 0x30, 0x0C, 0xC6, 0xF1, 0x2F, 0xDC, 0x7B,
    0xB8, 0x48, 0x21, 0x36, 0xF0, 0x04, 0x9C, 0x26, 0xF0, 0x25, 0xA3, 0xB0, 0x01, 0x2D, 0x45, 0x82,
    0x33, 0x02, 0x9B, 0x70, 0x03, 0x98, 0x67, 0x8D, 0x90, 0x11, 0x52, 0x52, 0x5E, 0xE1, 0x42, 0x85,
    0x85, 0xB9, 0x00, 0xB4, 0xB4, 0x3C, 0xFD, 0x2B, 0x35, 0xFA, 0xC9, 0x19, 0xB8, 0xE1, 0x44, 0xCB,
    0xD4, 0x4B, 0xEA, 0x65, 0x22, 0x99, 0x69, 0x1C, 0x1A, 0x7A, 0x05, 0xEE, 0x01, 0xC3, 0xC1, 0x40,
    0x33, 0x42, 0x40, 0x6C, 0x32, 0x34, 0x41, 0xC0, 0x35, 0xAE, 0xAC, 0x01, 0xC3, 0xCB, 0xA0, 0x48,
    0x48, 0xB1, 0xC4, 0xA5, 0xAB, 0xF4, 0x7E, 0x42, 0x2E, 0xAD, 0x96, 0xA0, 0x21, 0x56, 0xBF, 0x65,
    0xCB, 0x76, 0x7E, 0xBA, 0xBB, 0x1C, 0x56, 0x27, 0xB4, 0x10, 0x08, 0x4E, 0xE1, 0x1B, 0x98, 0x40,
    0x86, 0xDE, 0x70, 0x64, 0x84, 0xDF, 0x5B, 0x7E, 0x8B, 0x55, 0x67, 0x0D, 0xD9, 0xB8, 0x76, 0xFA,
    0xB8, 0x3D, 0x8F, 0xC7, 0xB7, 0x1D, 0x46, 0x34, 0x7E, 0xE7, 0x69, 0x8C, 0xAF, 0xEB, 0x1F, 0xDA,
    0x1B, 0x89, 0xC2, 0xE2, 0x7E, 0x86, 0xF5, 0x8B, 0x50, 0x75, 0x7A, 0x48, 0x5D, 0x71, 0x2B, 0xA3,
    0x7D, 0x64, 0xDB, 0x37, 0xE7, 0x74, 0x7B, 0xF1, 0x65, 0x67, 0xE7, 0x2B, 0xFB, 0x7F, 0x7F, 0xFC,
    0x04, 0x1D, 0xCE, 0x21, 0x4C, 0x03, 0x31, 0x18, 0x86, 0xE1, 0x37, 0x5C, 0xA0, 0x81, 0x86, 0x54,
    0x22, 0x10, 0xF3, 0x81, 0x50, 0x9F, 0x00, 0x77, 0x1E, 0x3F, 0x3B, 0x1F, 0xBC, 0x5D, 0xCF, 0xAB,
    0x79, 0x85, 0x40, 0xE3, 0x0D, 0x50, 0xAF, 0xCE, 0xAB, 0x22, 0x66, 0xA6, 0x26, 0x26, 0x2E, 0xA4,
    0xED, 0xB7, 0x75, 0xC9, 0x9B, 0x3C, 0xC9, 0x9F, 0x5F, 0x7C, 0x52, 0xFE, 0x55, 0x76, 0xD3, 0x8B,
    0x8B, 0x8F, 0x2E, 0xD2, 0xD2, 0xBE, 0x15, 0x59, 0x6D, 0x51, 0x6D, 0x97, 0x50, 0x50, 0x01, 0x3B,
    0x43, 0x2F, 0x58, 0xFB, 0x91, 0xEC, 0x06, 0xF2, 0x35, 0x37, 0xF5, 0xB3, 0xFD, 0x73, 0xF7, 0xFF,
    0x81, 0x3F, 0xD9, 0xED, 0xA1, 0x4B, 0x70, 0xBF, 0x5D, 0xD2, 0x4B, 0x3C, 0xBD, 0x57, 0x1E, 0x94,
    0x00, 0x82, 0x72, 0xC3, 0xA6, 0xDA, 0x30, 0xA9, 0xEF, 0x22, 0x0D, 0x7B, 0x26, 0x04, 0x99, 0xD9,
    0xFC, 0x95, 0x20, 0xFF, 0x65, 0x34, 0xBB, 0xF8, 0x7A, 0x6B, 0xB4, 0x71, 0xB1, 0x9F, 0x4C, 0xC2,
    0x45, 0x97, 0xCF, 0x5C, 0xFE, 0x9C, 0xB0, 0xD3, 0xB3, 0xF7, 0x15, 0xAB, 0xF5, 0x77, 0x10, 0x17,
    0xC5, 0x1F, 0x30, 0x75, 0xA0, 0x57, 0xA4, 0xBE, 0x8D, 0xDD, 0xC1, 0x0E, 0x26, 0x5D, 0xB1, 0xD8,
    0x6D, 0x08, 0x8A, 0xAC, 0x76, 0x03, 0xD2, 0x88, 0x9B, 0xC0, 0xB6, 0x75, 0x75, 0x39, 0x22, 0x0D,
    0x2C, 0x0A, 0x47, 0x75, 0x51, 0xB1, 0x4E, 0xEB, 0x40, 0x10, 0x1C, 0x3B, 0x7A, 0xF2, 0x93, 0x5C,
    0x9C, 0x44, 0x95, 0x06, 0x25, 0x5F, 0x40, 0x24, 0x6A, 0x12, 0xDF, 0x27, 0x50, 0x90, 0x9E, 0x8F,
    0xA0, 0x44, 0xE4, 0xBA, 0xB4, 0x7C, 0x4E, 0x20, 0x11, 0x5C, 0x4B, 0xE7, 0x8E, 0x92, 0x20, 0x4A,
    0x0A, 0x4E, 0xB2, 0x25, 0x28, 0x9C, 0x2C, 0x33, 0x42, 0x4A, 0x81, 0x8C, 0xB5, 0xAB, 0xF5, 0xEE,
    0xCC, 0xED, 0xEC, 0xDE, 0x65, 0x01, 0x18, 0xD4, 0x80, 0x63, 0x9C, 0x01, 0x78, 0x34, 0x8B, 0x46,
    0x9F, 0xE1, 0x9F, 0x57, 0xAD, 0x20, 0x26, 0x0E, 0xAE, 0x90, 0xED, 0x50, 0x98, 0x1F, 0xAD, 0xEB,
    0xE9, 0x5D, 0xFA, 0xBF, 0x0A, 0x58, 0xA1, 0xC7, 0x70, 0x4B, 0x7E, 0x62, 0xDC, 0xD0, 0x27, 0x60,
    0xAB, 0x40, 0x8F, 0x17, 0xFC, 0x57, 0x4D, 0x98, 0x38, 0xBD, 0x87, 0xD9, 0x94, 0xAD, 0x29, 0x40,
    0x19, 0x8A, 0x51, 0x12, 0x61, 0x88, 0x41, 0xAA, 0x38, 0x5D, 0x19, 0x2B, 0xB3, 0x24, 0xD7, 0xBF,
    0x6A, 0xC2, 0xF8, 0xE5, 0x5B, 0x94, 0x5F, 0x98, 0xEC, 0xF1, 0xF0, 0x11, 0x4E, 0xDF, 0x94, 0xFE,
    0xD8, 0xD1, 0x2B, 0xEE, 0xDF, 0x43, 0x65, 0x70, 0x1D, 0x5B, 0x90, 0x2D, 0x85, 0x7C, 0x8F, 0xD2,
    0xC2, 0x64, 0xBD, 0xA5, 0xD4, 0x41, 0x93, 0x29, 0x8B, 0x84, 0x98, 0x2E, 0x2C, 0xD1, 0x50, 0xC4,
    0x83, 0x65, 0xCB, 0x58, 0x3C, 0x47, 0xB7, 0x8C, 0xD3, 0x82, 0x17, 0x23, 0xBB, 0x99, 0xFB, 0x91,
    0xD7, 0xC5, 0xF0, 0x5E, 0xCE, 0x81, 0xF6, 0x97, 0x25, 0xB4, 0x1D, 0x5A, 0xAD, 0x1E, 0x48, 0xD6,
    0xDE, 0x1B, 0x6D, 0x2D, 0x2A, 0x1C, 0x77, 0x77, 0xC8, 0x93, 0xE3, 0x71, 0x87, 0x11, 0x73, 0x6E,
    0x24, 0x07, 0x3B, 0xA2, 0x8C, 0x20, 0x06, 0x72, 0xE8, 0x97, 0xD0, 0x29, 0x0E, 0x40, 0x35, 0xF6,
    0x59, 0xD0, 0x05, 0x29, 0x2A, 0xE7, 0x60, 0x5E, 0xB8, 0x78, 0x38, 0x16, 0xE0, 0x91, 0x7D, 0xD6,
    0x18, 0x34, 0x09, 0xAE, 0xE9, 0x30, 0x6D, 0x5E, 0x30, 0x6C, 0x9E, 0x80, 0x26, 0xF6, 0x7B, 0xEE,
    0xF5, 0xF0, 0x98, 0xFB, 0x16, 0x66, 0x3B, 0xBA, 0xA9, 0x10, 0x15, 0x95, 0xAB, 0x4E, 0x5C, 0xBC,
    0x3F, 0x7B, 0xA8, 0xBF, 0x74, 0xA4, 0x27, 0x5D, 0xE9, 0x6B, 0x0E, 0x68, 0x9E, 0xF1, 0x18, 0x68,
    0xAF, 0xF9, 0x12, 0x27, 0x28, 0x79, 0x15, 0x9C, 0xB9, 0x3E, 0x03, 0x92, 0xA2, 0x72, 0xD5, 0x85,
    0x8B, 0xF7, 0x0D, 0xAD, 0x96, 0x01, 0xA4, 0x24, 0xC9, 0x19, 0xC7, 0x7F, 0xDD, 0xFD, 0x92, 0x46,
    0x93, 0x0A, 0xB2, 0x49, 0x78, 0x56, 0x1F, 0x16, 0xB1, 0xDC, 0x76, 0x10, 0x5C, 0x98, 0x99, 0xEA,
    0x0B, 0x2C, 0xC0, 0xC2, 0x03, 0x87, 0x04, 0x00, 0x64, 0x41, 0x38, 0xBC, 0x9D, 0xEE, 0x08, 0x02,
    0x70, 0x10, 0x01, 0x91, 0xE0, 0xC0, 0x2C, 0x1E, 0x84, 0x0C, 0xE6, 0xB6, 0x2B, 0x01, 0x80, 0xEB,
    0x43, 0x00, 0x68, 0x6C, 0x42, 0x40, 0xCA, 0xA5, 0x42, 0xBF, 0x67, 0xA6, 0x2B, 0xDF, 0xA7, 0xF5,
    0x38, 0xCF, 0xDE, 0x25, 0x2B, 0xD7, 0x5B, 0xFF, 0xEA, 0xEF, 0xFB, 0xFE, 0xFF, 0xFA, 0x57, 0x75,
    0xF7, 0xBE, 0xAA, 0x69, 0x48, 0x82, 0x6D, 0x53, 0x5F, 0xB9, 0x6C, 0x28, 0x5D, 0xEE, 0x4C, 0x8C,
    0xAE, 0x88, 0xB1, 0xCE, 0x43, 0x45, 0x16, 0xD6, 0xA4, 0xC7, 0x6B, 0x38, 0xEE, 0x61, 0xF2, 0xD0,
    0x08, 0x6C, 0x0F, 0x95, 0x83, 0x12, 0x92, 0xAE, 0xCE, 0xE3, 0xF0, 0xAD, 0xDC, 0x93, 0x06, 0x92,
    0x91, 0x6E, 0xCC, 0xE3, 0x58, 0xFE, 0x65, 0xB4, 0x49, 0xD8, 0xA6, 0xE1, 0x93, 0xCC, 0x1F, 0xB2,
    0xE1, 0x50, 0xB8, 0x57, 0x65, 0x6B, 0x27, 0xCC, 0x6B, 0x9A, 0x18, 0x9A, 0x38, 0x7E, 0x27, 0x1B,
    0x59, 0xDA, 0xE6, 0xE5, 0x68, 0xE3, 0xF8, 0xF8, 0xB7, 0xE7, 0x8A, 0xB2, 0x5D, 0x94, 0x16, 0x80,
    0x14, 0x2E, 0x27, 0x03, 0x31, 0x9E, 0xC8, 0xA6, 0x0F, 0x46, 0x8A, 0x21, 0x3D, 0x62, 0x5C, 0x71,
    0xA2, 0xAC, 0x9F, 0x6C, 0xA9, 0xD8, 0x5B, 0x6C, 0x3A, 0x48, 0x57, 0xB4, 0x1B, 0xAA, 0x9F, 0xF3,
    0x82, 0x72, 0x44, 0x24, 0x3E, 0x15, 0xF1, 0xED, 0x73, 0x4F, 0x19, 0xA3, 0x63, 0x55, 0xDD, 0xC2,
    0x3B, 0x00, 0xE4, 0xBA, 0xF2, 0x1E, 0xEC, 0x30, 0x3F, 0xCD, 0x9F, 0x02, 0x7C, 0x7E, 0x24, 0x1D,
    0x8E, 0x64, 0xFD, 0x24, 0x74, 0x83, 0x69, 0x6D, 0x5D, 0x62, 0xDB, 0x8A, 0xD2, 0x6D, 0x44, 0xDC,
    0xC4, 0x38, 0x74, 0x31, 0x7A, 0xAB, 0x10, 0x54, 0x2E, 0x9F, 0xDF, 0xD4, 0x20, 0x2B, 0xF1, 0xA6,
    0xCE, 0x7D, 0xA5, 0x4F, 0xF2, 0x85, 0x37, 0x15, 0xB8, 0xFF, 0xA6, 0x78, 0x1E, 0x43, 0x1A, 0x63,
    0x30, 0xB7, 0x57, 0xCF, 0xB4, 0x64, 0x99, 0xD1, 0xEC, 0x76, 0xA1, 0x91, 0xBA, 0xDC, 0xFF, 0xB0,
    0xD4, 0x94, 0x57, 0x9D, 0xEA, 0x75, 0xDC, 0xBC, 0xE8, 0xC2, 0x71, 0xF6, 0x68, 0xC4, 0x63, 0x8D,
    0xE5, 0x20, 0x18, 0xC5, 0x63, 0xFA, 0xB8, 0x51, 0x8F, 0x97, 0x77, 0x1F, 0x6F, 0xF3, 0x1E, 0x2B,
    0xD2, 0xEA, 0xD3, 0x16, 0x13, 0x7F, 0xF3, 0x2C, 0x53, 0x8F, 0x46, 0x70, 0x0D, 0x22, 0x07, 0x79,
    0xB1, 0xB9, 0xD4, 0x4A, 0xF1, 0xB7, 0x35, 0x34, 0x08, 0x74, 0xAC, 0x02, 0xD0, 0x5A, 0xF9, 0x8F,
    0xAB, 0x67, 0xAA, 0xA1, 0xD3, 0xFA, 0x20, 0xFC, 0xC4, 0x83, 0xAB, 0x4E, 0x57, 0xD5, 0x43, 0xE6,
    0x15, 0xDB, 0xDD, 0xCB, 0xA0, 0x63, 0x1E, 0xCB, 0x7D, 0xA9, 0x29, 0xAF, 0x3A, 0xD5, 0x37, 0xF1,
    0x35, 0xA6, 0x06, 0xE3, 0x60, 0xF1, 0xF8, 0x9E, 0x7F, 0xEE, 0x12, 0x5F, 0xF4, 0x8C, 0xA2, 0x3D,
    0x64, 0x7E, 0x99, 0xF7, 0x71, 0x27, 0x1E, 0xE5, 0x4F, 0x02, 0xE6, 0x57, 0x9E, 0xE2, 0xD3, 0xE1,
    0xC1, 0x07, 0xD1, 0x49, 0x5D, 0x97, 0x0D, 0x28, 0x46, 0x89, 0x15, 0xB1, 0x16, 0xFF, 0x1E, 0x72,
    0x9D, 0x2F, 0x2C, 0xE3, 0x35, 0xD6, 0xDA, 0x83, 0xAB, 0x9B, 0x5E, 0x35, 0xAA, 0xB5, 0x31, 0x46,
    0xA7, 0x5D, 0x9D, 0xFB, 0xF4, 0x28, 0x64, 0xF2, 0xFF, 0x75, 0xD5, 0x54, 0xC4, 0xD6, 0xC6, 0x32,
    0xBA, 0x2A, 0x6A, 0x20, 0xF7, 0xBE, 0x70, 0xC6, 0x67, 0x2E, 0x0B, 0x09, 0x32, 0x03, 0x4C, 0xCB,
    0xEB, 0x73, 0x82, 0x16, 0x2C, 0x20, 0xF5, 0x54, 0xD7, 0x36, 0x24, 0xCE, 0xB8, 0xAC, 0xAF, 0xEA,
    0x42, 0x17, 0xA5, 0x68, 0x51, 0x79, 0xF4, 0xD2, 0x48, 0x3D, 0xD9, 0x40, 0xDE, 0x63, 0x1C, 0x65,
    0x8D, 0x85, 0x0D, 0x1C, 0x60, 0xD4, 0xC1, 0x99, 0x9F, 0x19, 0x4C, 0x4B, 0xA5, 0x8C, 0xB6, 0x0A,
    0x4D, 0x8D, 0x53, 0x2A, 0xF3, 0x2A, 0x63, 0xD4, 0x21, 0xCA, 0x59, 0xC4, 0x64, 0xE1, 0x06, 0x35,
    0xDF, 0xC3, 0x87, 0xBC, 0xFB, 0x8B, 0x41, 0xE6, 0xCA, 0x63, 0x2D, 0x4D, 0x02, 0x49, 0xA5, 0x28,
    0x54, 0x3E, 0x52, 0x4E, 0xAC, 0x4B, 0x56, 0xA6, 0x96, 0x26, 0x41, 0x75, 0xA2, 0x08, 0x5C, 0x60,
    0x69, 0x6A, 0x0B, 0xEA, 0x20, 0x46, 0x02, 0x07, 0xB9, 0xA0, 0x68, 0xC1, 0xE8, 0x83, 0x02, 0x4F,
    0x68, 0xDC, 0x9A, 0xA6, 0x5F, 0x91, 0x0F, 0x7B, 0x32, 0x1F, 0x44, 0xED, 0x49, 0xFE, 0x3D, 0xC0,
    0x5D, 0x0F, 0x9D, 0x43, 0x04, 0xF3, 0x7B, 0xA9, 0xA0, 0xE8, 0x1F, 0xD9, 0x10, 0xAE, 0xAD, 0xFB,
    0xD0, 0xD4, 0xD7, 0x95, 0xB3, 0x3E, 0x18, 0xF7, 0x83, 0xD2, 0xBD, 0xC2, 0x7E, 0x1E, 0xEB, 0x7D,
    0xF3, 0xB4, 0xFD, 0x63, 0x95, 0xBB, 0x7D, 0xF3, 0xEB, 0xB6, 0xF9, 0x57, 0xAC, 0xCB, 0xF6, 0x13,
    0x46, 0x78, 0x2B, 0x4C, 0xBB, 0x5D, 0xAD, 0x5F, 0x5E, 0x01, 0x28, 0x74, 0xF5, 0x14, 0x03, 0x50,
    0x6A, 0x6A, 0x01, 0x4E, 0x5A, 0x57, 0x7D, 0xAE, 0xA4, 0x71, 0xCC, 0x2B, 0xE4, 0xD5, 0xB9, 0x7E,
    0xB7, 0xDB, 0x61, 0xC4, 0x05, 0xAB, 0xDD, 0xE6, 0x4D, 0xD7, 0xFA, 0x7F, 0xFE, 0x47, 0x31, 0xFF,
    0xED, 0x50, 0x0D, 0x60, 0x3D, 0xBC, 0xD0, 0x8F, 0x75, 0x84, 0xF1, 0x05, 0xA9, 0xDF, 0x90, 0xF9,
    0x8A, 0xBC, 0x2F, 0xDB, 0xC2, 0x19, 0x67, 0xDA, 0xA2, 0xAF, 0xEA, 0x6C, 0xB0, 0x52, 0xDD, 0x92,
    0x04, 0x85, 0xC6, 0x5A, 0x53, 0x4E, 0x35, 0xAA, 0xD5, 0x31, 0x3A, 0x56, 0x3D, 0xD4, 0x4B, 0x3D,
    0xD5, 0x5B, 0xE7, 0xD0, 0xB9, 0x74, 0xCE, 0xA4, 0xFB, 0x08, 0x13, 0x47, 0xAA, 0xBF, 0x4F, 0x58,
    0x2C, 0x6B, 0x4A, 0xDD, 0x20, 0xEB, 0xAF, 0x13, 0xEA, 0xA9, 0xDE, 0x3A, 0x87, 0xCE, 0x95, 0xC4,
    0x1E, 0xD2, 0x13, 0x92, 0x40, 0xF5, 0x7B, 0xB0, 0x17, 0x02, 0xDE, 0x1A, 0x17, 0x82, 0xF5, 0x16,
    0xEC, 0x11, 0xCA, 0x01, 0x48, 0x00, 0x33, 0x6F, 0xDE, 0x7A, 0xBF, 0x7F, 0x5D, 0x40, 0x6D, 0xEB,
    0xDC, 0xDB, 0xB6, 0xD0, 0xED, 0x78, 0xB8, 0x9F, 0xDF, 0xD7, 0xDF, 0xF7, 0xBB, 0xA0, 0xA1, 0x63,
    0x73, 0xA6, 0x97, 0xFC, 0xBF, 0xF9, 0xBC, 0x89, 0x2F, 0x86, 0x0C, 0x3B, 0xE9, 0x7F, 0xF1, 0xC8,
    0x3B, 0xE9, 0xC8, 0x97, 0xD5, 0x74, 0x93, 0x53, 0x2C, 0xD7, 0x92, 0x1B, 0xF7, 0x43, 0x3B, 0x86,
    0xEB, 0xCE, 0x3F, 0x2A, 0xFA, 0x2F, 0xC6, 0x3F, 0xE6, 0x12, 0x2B, 0xFC, 0x65, 0xBC, 0x65, 0xB9,
    0x34, 0xD6, 0x9A, 0x72, 0x00, 0x69, 0x4D, 0xDE, 0xCE, 0xFB, 0x0A, 0x2B, 0x08, 0xCC, 0x71, 0x51,
    0xF3, 0xCD, 0xFB, 0x13, 0x7E, 0x55, 0x2E, 0x2E, 0x9E, 0xA6, 0xCF, 0x4F, 0xD8, 0x56, 0x5B, 0x3E,
    0x42, 0xD7, 0x52, 0x78, 0xF8, 0x08, 0x98, 0x4D, 0xBF, 0x8F, 0x52, 0xC5, 0x42, 0x69, 0xEB, 0xEA,
    0x32, 0x50, 0xD5, 0x5C, 0xC0, 0x22, 0xD3, 0x21, 0x89, 0x13, 0xB2, 0x1C, 0x92, 0xEE, 0x97, 0xB1,
    0x2D, 0x43, 0xF9, 0x1A, 0x5B, 0x37, 0x35, 0x65, 0xA8, 0x5E, 0x93, 0x44, 0xA9, 0x71, 0x29, 0x2C,
    0xAA, 0x7B, 0xC4, 0xCF, 0x10, 0x97, 0x09, 0xAA, 0x50, 0x0D, 0x24, 0xDD, 0xFB, 0x51, 0x84, 0x7D,
    0xE9, 0x74, 0x6C, 0x2D, 0xB5, 0xA0, 0x6C, 0xCD, 0x8F, 0x54, 0xF7, 0xA6, 0x53, 0x01, 0x52, 0xC5,
    0xF9, 0x54, 0x50, 0x6E, 0x39, 0x15, 0x20, 0x77, 0x60, 0xE6, 0xFD, 0xEB, 0x7C, 0x12, 0xBE, 0x92,
    0x93, 0xF0, 0x40, 0xC3, 0xC8, 0x36, 0xF1, 0x6C, 0x53, 0x4F, 0x93, 0xF5, 0xD8, 0xA7, 0x8E, 0x2A,
    0xFE, 0xF5, 0x59, 0x21, 0x9A, 0x44, 0xC0, 0x06, 0x78, 0x01, 0x1C, 0x00, 0x46, 0x10, 0x2D, 0xAA,
    0x8D, 0x27, 0x41, 0x6C, 0x1F, 0xFC, 0x34, 0x0E, 0x98, 0xA7, 0x9E, 0x32, 0x13, 0xAD, 0xCC, 0xBF,
    0x16, 0x1C, 0x24, 0x1E, 0x73, 0xFF, 0xDD, 0xDB, 0xF3, 0x1A, 0x96, 0xB3, 0x5C, 0x57, 0x00, 0x9D,
    0xEE, 0xC8, 0xD1, 0x97, 0x7F, 0x9B, 0x4F, 0x63, 0x0B, 0x67, 0x68, 0xAE, 0x75, 0xE5, 0x55, 0x07,
    0xF0, 0x8D, 0x2B, 0xF9, 0xF5, 0x20, 0xB9, 0xC2, 0xCE, 0xA7, 0x9C, 0x3C, 0xFB, 0xF3, 0xE5, 0xD9,
    0xCF, 0xD0, 0x5C, 0xEB, 0xCA, 0xAB, 0x0E, 0x90, 0x13, 0xFC, 0x4A, 0xE2, 0x38, 0x28, 0xB8, 0xBC,
    0x05, 0x62, 0x74, 0xE4, 0x9F, 0x7D, 0x16, 0x30, 0x49, 0xBF, 0xE2, 0x61, 0xD2, 0xBF, 0xCB, 0x2A,
    0xE9, 0xCD, 0xDC, 0xCD, 0xFB, 0xDE, 0xCB, 0xBB, 0x1B, 0x34, 0x55, 0xF6, 0xE1, 0xAC, 0xCB, 0xFF,
    0xDC, 0x07, 0x92, 0xE9, 0x9F, 0x0E, 0xD4, 0x65, 0xEE, 0xA6, 0x1B, 0x3D, 0x6E, 0x12, 0xB1, 0x02,
    0xB1, 0x42, 0xDA, 0x0A, 0x8C, 0x76, 0x8B, 0xD5, 0x6E, 0x77, 0x33, 0xA7, 0xCA, 0xCE, 0xBA, 0xDC,
    0xA1, 0x56, 0x37, 0x5F, 0x62, 0xA5, 0xBF, 0xF5, 0x1E, 0xEE, 0x8B, 0xDF, 0xB1, 0x7A, 0xF2, 0xC4,
    0xF0, 0x5E, 0x31, 0x16, 0xBC, 0x97, 0xF9, 0x62, 0x8E, 0xB4, 0x36, 0xB3, 0xAA, 0xD3, 0x11, 0x5F,
    0x65, 0x85, 0x5A, 0xA1, 0x56, 0xA8, 0x15, 0x7B, 0x71, 0x49, 0x07, 0xB5, 0x6A, 0xD5, 0x0A, 0xB5,
    0xD2, 0x55, 0x0D, 0x22, 0xB8, 0x6F, 0x65, 0xDF, 0x0E, 0x8F, 0xBB, 0x1D, 0xFA, 0xAD, 0x15, 0xCB,
    0x19, 0x7A, 0xC1, 0xB7, 0x91, 0xDB, 0x31, 0xF3, 0xCD, 0xFB, 0xA7, 0x3C, 0x58, 0x8D, 0xFE, 0x03,
    0x9C, 0x91, 0x81, 0x46, 0x44, 0x41, 0x14, 0x86, 0xFF, 0xEE, 0x62, 0x30, 0x58, 0x40, 0x58, 0x99,
    0x17, 0x48, 0xF3, 0x02, 0xD1, 0x0A, 0x02, 0xF4, 0x28, 0xFB, 0x08, 0xE7, 0xD8, 0x27, 0xE9, 0x45,
    0x6A, 0xEE, 0x23, 0xAC, 0x9E, 0x60, 0x90, 0x00, 0x4C, 0xB9, 0x38, 0xB1, 0xDD, 0xBF, 0x33, 0x6C,
    0x12, 0xDA, 0xD2, 0xE5, 0x7C, 0x70, 0xEE, 0xF9, 0xCC, 0xEF, 0x47, 0x7A, 0x2B, 0x0A, 0x92, 0x6D,
    0x61, 0xF9, 0xB1, 0x85, 0xB6, 0x1C, 0xD7, 0xB1, 0x26, 0x85, 0x90, 0x44, 0x21, 0x67, 0xC4, 0x9A,
    0xF5, 0x17, 0xA4, 0x49, 0x9E, 0x20, 0x56, 0xF6, 0xC0, 0xEA, 0x1D, 0x20, 0x75, 0xB0, 0x3C, 0x86,
    0x16, 0xDD, 0x85, 0xAE, 0xD2, 0xE2, 0xE3, 0xBF, 0xFE, 0x38, 0x79, 0x92, 0xEA, 0x82, 0x09, 0x2B,
    0xEA, 0xE1, 0x5E, 0x17, 0x2D, 0x6B, 0xF0, 0x9D, 0xCC, 0x59, 0x8B, 0xCF, 0xB1, 0xFB, 0xF4, 0x79,
    0x9F, 0x6C, 0x63, 0x00, 0xFD, 0x83, 0x27, 0xAA, 0x82, 0x1E, 0xE9, 0x0C, 0x9E, 0x69, 0x04, 0x84,
    0x87, 0x54, 0xCE, 0x7E, 0x25, 0x7F, 0x62, 0x77, 0x53, 0xC5, 0xF8, 0xCA, 0x5D, 0xF7, 0xF3, 0xCB,
    0xDF, 0x0A, 0xBA, 0x5F, 0xBA, 0xDF, 0x29, 0xE4, 0x5E, 0xBA, 0xDF, 0xE4, 0xBF, 0xFE, 0xBC, 0x03,
    0x4E, 0xD8, 0x80, 0xC5, 0x4B, 0x05, 0x42, 0x8D, 0x8A, 0x6F, 0x7D, 0xF0, 0x68, 0x15, 0xA3, 0x23,
    0x3D, 0x7B, 0xA9, 0x4B, 0x42, 0xE6, 0xE0, 0x5D, 0x0C, 0x5C, 0x03, 0x4B, 0x56, 0xE0, 0x22, 0x4C,
    0xC0, 0xE5, 0xE0, 0x38, 0x1F, 0x0C, 0x91, 0x91, 0xED, 0x8A, 0xB7, 0xAC, 0xF7, 0xE9, 0xDA, 0xF0,
    0x70, 0xE3, 0x10, 0xF3, 0x45, 0xA6, 0xE3, 0x94, 0x5B, 0x43, 0xCB, 0x8E, 0x7D, 0xDA, 0xCE, 0x77,
    0xA4, 0x3F, 0x69, 0x33, 0xA1, 0x7C, 0x6C, 0x02, 0x00, 0x45, 0x8D, 0x01, 0x06, 0x80, 0x40, 0x14,
    0x05, 0x87, 0x05, 0x14, 0xFF, 0x08, 0x5D, 0xA0, 0x3B, 0xAC, 0x2E, 0xD4, 0x19, 0xD2, 0xC9, 0x96,
    0xB0, 0x00, 0xEA, 0x24, 0x0B, 0x88, 0x96, 0x57, 0x0F, 0xF4, 0xF1, 0x30, 0xCC, 0x7C, 0x18, 0xF1,
    0x65, 0x0F, 0x2A, 0x40, 0x5A, 0x1A, 0x10, 0xCC, 0xC6, 0x6B, 0x18, 0xAB, 0x16, 0x92, 0x74, 0x34,
    0xE2, 0xDB, 0x4E, 0xD6, 0x3D, 0x88, 0xD0, 0x36, 0x75, 0x92, 0x76, 0x35, 0x50, 0xB5, 0x9C, 0x25,
    0xBB, 0x4F, 0x77, 0xE7, 0x74, 0x87, 0xAB, 0xFC, 0x7D, 0xFF, 0x7A, 0x01,
};

static const EpdGlyph bookerly_10_boldGlyphs[] = {
    { 0, 0, 0, 0, 0, 0, 0 }, // U+0000
    { 0, 0, 0, 0, 0, 0, 0 }, // U+0008
    { 0, 0, 72, 0, 0, 0, 0 }, // U+0009
    { 0, 0, 72, 0, 0, 0, 0 }, // U+000D
    { 0, 0, 0, 0, 0, 0, 0 }, // U+001D
    { 0, 0, 72, 0, 0, 0, 0 }, // U+0020
    { 5, 15, 97, 1, 15, 19, 0 }, // !
    { 8, 7, 140, 0, 15, 14, 19 }, // "
    { 13, 13, 208, 0, 12, 43, 33 }, // #
    { 11, 21, 208, 1, 17, 58, 76 }, // $
    { 20, 16, 323, 0, 15, 80, 134 }, // %
    { 17, 15, 266, 0, 15, 64, 214 }, // &
    { 4, 7, 77, 0, 15, 7, 278 }, // '
    { 8, 19, 126, 0, 16, 38, 285 }, // (
    { 8, 19, 126, 0, 16, 38, 323 }, // )
    { 8, 7, 130, 0, 15, 14, 361 }, // *
    { 11, 10, 208, 1, 12, 28, 375 }, // +
    { 6, 7, 97, 0, 3, 11, 403 }, // ,
    { 8, 3, 127, 0, 7, 6, 414 }, // -
    { 4, 4, 97, 1, 4, 4, 420 }, // .
    { 11, 16, 176, 0, 15, 44, 424 }, // /
    { 13, 14, 208, 0, 14, 46, 468 }, // 0
    { 9, 14, 208, 2, 14, 32, 514 }, // 1
    { 11, 14, 208, 1, 14, 39, 546 }, // 2
    { 11, 14, 208, 1, 14, 39, 585 }, // 3
    { 13, 14, 208, 0, 14, 46, 624 }, // 4
    { 11, 14, 208, 1, 14, 39, 670 }, // 5
    { 11, 14, 208, 1, 14, 39, 709 }, // 6
    { 11, 14, 208, 1, 14, 39, 748 }, // 7
    { 11, 14, 208, 1, 14, 39, 787 }, // 8
    { 11, 14, 208, 1, 14, 39, 826 }, // 9
    { 4, 12, 97, 1, 12, 12, 865 }, // :
    { 6, 16, 97, 0, 12, 24, 877 }, // ;
    { 11, 10, 208, 1, 12, 28, 901 }, // <
    { 11, 6, 208, 1, 10, 17, 929 }, // =
    { 11, 10, 208, 1, 12, 28, 946 }, // >
    { 9, 15, 164, 1, 15, 34, 974 }, // ?
    { 19, 19, 330, 1, 15, 91, 1008 }, // @
    { 17, 15, 257, 0, 15, 64, 1099 }, // A
    { 13, 15, 216, 0, 15, 49, 1163 }, // B
    { 13, 15, 219, 0, 15, 49, 1212 }, // C
    { 16, 15, 259, 0, 15, 60, 1261 }, // D
    { 13, 15, 217, 0, 15, 49, 1321 }, // E
    { 12, 15, 197, 0, 15, 45, 1370 }, // F
    { 15, 15, 247, 0, 15, 57, 1415 }, // G
    { 18, 15, 287, 0, 15, 68, 1472 }, // H
    { 9, 15, 139, 0, 15, 34, 1540 }, // I
    { 10, 20, 131, -2, 15, 50, 1574 }, // J
    { 16, 15, 253, 0, 15, 60, 1624 }, // K
    { 13, 15, 207, 0, 15, 49, 1684 }, // L
    { 20, 15, 317, 0, 15, 75, 1733 }, // M
    { 17, 15, 268, 0, 15, 64, 1808 }, // N
    { 16, 15, 260, 0, 15, 60, 1872 }, // O
    { 13, 15, 209, 0, 15, 49, 1932 }, // P
    { 17, 20, 260, 0, 15, 85, 1981 }, // Q
    { 16, 15, 237, 0, 15, 60, 2066 }, // R
    { 11, 15, 195, 1, 15, 42, 2126 }, // S
    { 15, 15, 239, 0, 15, 57, 2168 }, // T
    { 17, 15, 268, 0, 15, 64, 2225 }, // U
    { 17, 15, 260, 0, 15, 64, 2289 }, // V
    { 23, 15, 371, 0, 15, 87, 2353 }, // W
    { 16, 15, 256, 0, 15, 60, 2440 }, // X
    { 15, 15, 241, 0, 15, 57, 2500 }, // Y
    { 13, 15, 203, 0, 15, 49, 2557 }, // Z
    { 6, 19, 113, 1, 16, 29, 2606 }, // [
    { 11, 16, 176, 0, 15, 44, 2635 }, // <backslash>
    { 6, 19, 113, 0, 16, 29, 2679 }, // ]
    { 11, 10, 208, 1, 13, 28, 2708 }, // ^
    { 11, 2, 167, 0, -1, 6, 2736 }, // _
    { 6, 5, 225, 4, 17, 8, 2742 }, // `
    { 12, 11, 189, 0, 11, 33, 2750 }, // a
    { 14, 16, 206, -1, 16, 56, 2783 }, // b
    { 11, 11, 173, 0, 11, 31, 2839 }, // c
    { 14, 16, 209, 0, 16, 56, 2870 }, // d
    { 11, 11, 182, 0, 11, 31, 2926 }, // e
    { 11, 16, 144, 0, 16, 44, 2957 }, // f
    { 13, 16, 201, 0, 11, 52, 3001 }, // g
    { 14, 16, 221, 0, 16, 56, 3053 }, // h
    { 8, 17, 118, 0, 17, 34, 3109 }, // i
    { 8, 22, 106, -2, 17, 44, 3143 }, // j
    { 14, 16, 211, 0, 16, 56, 3187 }, // k
    { 7, 16, 116, 0, 16, 28, 3243 }, // l
    { 21, 11, 330, 0, 11, 58, 3271 }, // m
    { 14, 11, 225, 0, 11, 39, 3329 }, // n
    { 12, 11, 201, 0, 11, 33, 3368 }, // o
    { 13, 16, 208, 0, 11, 52, 3401 }, // p
    { 13, 16, 200, 0, 11, 52, 3453 }, // q
    { 10, 11, 159, 0, 11, 28, 3505 }, // r
    { 9, 11, 167, 1, 11, 25, 3533 }, // s
    { 10, 14, 142, -1, 14, 35, 3558 }, // t
    { 14, 11, 218, 0, 11, 39, 3593 }, // u
    { 14, 11, 217, 0, 11, 39, 3632 }, // v
    { 19, 11, 302, 0, 11, 53, 3671 }, // w
    { 13, 11, 207, 0, 11, 36, 3724 }, // x
    { 14, 16, 217, 0, 11, 56, 3760 }, // y
    { 11, 12, 172, 0, 11, 33, 3816 }, // z
    { 7, 20, 134, 1, 17, 35, 3849 }, // {
    { 3, 19, 105, 2, 16, 15, 3884 }, // |
    { 8, 19, 134, 0, 16, 38, 3899 }, // }
    { 11, 4, 208, 1, 9, 11, 3937 }, // ~
    { 0, 0, 72, 0, 0, 0, 0 }, // U+00A0
    { 5, 15, 97, 0, 11, 19, 0 }, // U+00A1
    { 11, 20, 208, 1, 16, 55, 19 }, // U+00A2
    { 13, 14, 208, 0, 14, 46, 74 }, // U+00A3
    { 13, 10, 208, 0, 12, 33, 120 }, // U+00A4
    { 15, 14, 208, -1, 14, 53, 153 }, // U+00A5
    { 3, 19, 105, 2, 16, 15, 206 }, // U+00A6
    { 11, 17, 173, 0, 15, 47, 221 }, // U+00A7
    { 8, 3, 225, 3, 16, 6, 268 }, // U+00A8
    { 16, 15, 261, 0, 15, 60, 274 }, // U+00A9
    { 8, 10, 147, 1, 15, 20, 334 }, // U+00AA
    { 12, 8, 195, 0, 9, 24, 354 }, // U+00AB
    { 11, 5, 208, 1, 10, 14, 378 }, // U+00AC
    { 8, 3, 127, 0, 7, 6, 392 }, // U+00AD
    { 12, 11, 194, 0, 16, 33, 398 }, // U+00AE
    { 8, 2, 225, 3, 15, 4, 431 }, // U+00AF
    { 9, 8, 176, 1, 15, 18, 435 }, // U+00B0
    { 11, 13, 208, 1, 13, 36, 453 }, // U+00B1
    { 8, 9, 149, 1, 17, 18, 489 }, // U+00B2
    { 8, 9, 149, 1, 17, 18, 507 }, // U+00B3
    { 4, 5, 225, 5, 17, 5, 525 }, // U+00B4
    { 14, 16, 219, 1, 11, 56, 530 }, // U+00B5
    { 12, 18, 198, 0, 15, 54, 586 }, // U+00B6
    { 4, 4, 97, 1, 9, 4, 640 }, // U+00B7
    { 5, 4, 225, 5, -1, 5, 644 }, // U+00B8
    { 7, 9, 149, 1, 17, 16, 649 }, // U+00B9
    { 9, 10, 147, 0, 15, 23, 665 }, // U+00BA
    { 12, 8, 195, 0, 9, 24, 688 }, // U+00BB
    { 22, 16, 359, 1, 15, 88, 712 }, // U+00BC
    { 21, 16, 359, 1, 15, 84, 800 }, // U+00BD
    { 22, 16, 359, 1, 15, 88, 884 }, // U+00BE
    { 8, 15, 164, 1, 11, 30, 972 }, // U+00BF
    { 17, 21, 257, 0, 21, 90, 1002 }, // U+00C0
    { 17, 21, 257, 0, 21, 90, 1092 }, // U+00C1
    { 17, 20, 257, 0, 20, 85, 1182 }, // U+00C2
    { 17, 21, 257, 0, 21, 90, 1267 }, // U+00C3
    { 17, 20, 257, 0, 20, 85, 1357 }, // U+00C4
    { 17, 21, 257, 0, 21, 90, 1442 }, // U+00C5
    { 21, 15, 327, -1, 15, 79, 1532 }, // U+00C6
    { 13, 20, 219, 0, 15, 65, 1611 }, // U+00C7
    { 13, 21, 217, 0, 21, 69, 1676 }, // U+00C8
    { 13, 21, 217, 0, 21, 69, 1745 }, // U+00C9
    { 13, 20, 217, 0, 20, 65, 1814 }, // U+00CA
    { 13, 20, 217, 0, 20, 65, 1879 }, // U+00CB
    { 9, 21, 139, 0, 21, 48, 1944 }, // U+00CC
    { 9, 21, 139, 0, 21, 48, 1992 }, // U+00CD
    { 9, 20, 139, 0, 20, 45, 2040 }, // U+00CE
    { 9, 20, 139, 0, 20, 45, 2085 }, // U+00CF
    { 16, 15, 259, 0, 15, 60, 2130 }, // U+00D0
    { 17, 21, 268, 0, 21, 90, 2190 }, // U+00D1
    { 16, 21, 260, 0, 21, 84, 2280 }, // U+00D2
    { 16, 21, 260, 0, 21, 84, 2364 }, // U+00D3
    { 16, 20, 260, 0, 20, 80, 2448 }, // U+00D4
    { 16, 21, 260, 0, 21, 84, 2528 }, // U+00D5
    { 16, 20, 260, 0, 20, 80, 2612 }, // U+00D6
    { 9, 9, 208, 2, 12, 21, 2692 }, // U+00D7
    { 16, 15, 260, 0, 15, 60, 2713 }, // U+00D8
    { 17, 21, 268, 0, 21, 90, 2773 }, // U+00D9
    { 17, 21, 268, 0, 21, 90, 2863 }, // U+00DA
    { 17, 20, 268, 0, 20, 85, 2953 }, // U+00DB
    { 17, 20, 268, 0, 20, 85, 3038 }, // U+00DC
    { 15, 21, 241, 0, 21, 79, 3123 }, // U+00DD
    { 13, 15, 216, 0, 15, 49, 3202 }, // U+00DE
    { 14, 16, 223, 0, 16, 56, 3251 }, // U+00DF
    { 12, 17, 189, 0, 17, 51, 3307 }, // U+00E0
    { 12, 17, 189, 0, 17, 51, 3358 }, // U+00E1
    { 12, 18, 189, 0, 18, 54, 3409 }, // U+00E2
    { 12, 16, 189, 0, 16, 48, 3463 }, // U+00E3
    { 12, 16, 189, 0, 16, 48, 3511 }, // U+00E4
    { 12, 18, 189, 0, 18, 54, 3559 }, // U+00E5
    { 17, 11, 276, 0, 11, 47, 3613 }, // U+00E6
    { 11, 16, 173, 0, 11, 44, 3660 }, // U+00E7
    { 11, 17, 182, 0, 17, 47, 3704 }, // U+00E8
    { 11, 17, 182, 0, 17, 47, 3751 }, // U+00E9
    { 11, 18, 182, 0, 18, 50, 3798 }, // U+00EA
    { 11, 16, 182, 0, 16, 44, 3848 }, // U+00EB
    { 8, 17, 118, 0, 17, 34, 3892 }, // U+00EC
    { 8, 17, 118, 0, 17, 34, 3926 }, // U+00ED
    { 8, 18, 118, 0, 18, 36, 3960 }, // U+00EE
    { 8, 16, 118, 0, 16, 32, 3996 }, // U+00EF
    { 12, 17, 201, 0, 17, 51, 4028 }, // U+00F0
    { 14, 16, 225, 0, 16, 56, 4079 }, // U+00F1
    { 12, 17, 201, 0, 17, 51, 4135 }, // U+00F2
    { 12, 17, 201, 0, 17, 51, 4186 }, // U+00F3
    { 12, 18, 201, 0, 18, 54, 4237 }, // U+00F4
    { 12, 16, 201, 0, 16, 48, 4291 }, // U+00F5
    { 12, 16, 201, 0, 16, 48, 4339 }, // U+00F6
    { 11, 10, 208, 1, 12, 28, 4387 }, // U+00F7
    { 13, 11, 202, 0, 11, 36, 4415 }, // U+00F8
    { 14, 17, 218, 0, 17, 60, 4451 }, // U+00F9
    { 14, 17, 218, 0, 17, 60, 4511 }, // U+00FA
    { 14, 18, 218, 0, 18, 63, 4571 }, // U+00FB
    { 14, 16, 218, 0, 16, 56, 4634 }, // U+00FC
    { 14, 22, 217, 0, 17, 77, 4690 }, // U+00FD
    { 13, 21, 208, 0, 16, 69, 4767 }, // U+00FE
    { 14, 21, 217, 0, 16, 74, 4836 }, // U+00FF
    { 17, 19, 257, 0, 19, 81, 0 }, // U+0100
    { 12, 15, 189, 0, 15, 45, 81 }, // U+0101
    { 17, 20, 257, 0, 20, 85, 126 }, // U+0102
    { 12, 16, 189, 0, 16, 48, 211 }, // U+0103
    { 17, 20, 257, 0, 15, 85, 259 }, // U+0104
    { 12, 15, 189, 0, 11, 45, 344 }, // U+0105
    { 13, 21, 219, 0, 21, 69, 389 }, // U+0106
    { 11, 17, 173, 0, 17, 47, 458 }, // U+0107
    { 13, 20, 219, 0, 20, 65, 505 }, // U+0108
    { 11, 18, 173, 0, 18, 50, 570 }, // U+0109
    { 13, 20, 219, 0, 20, 65, 620 }, // U+010A
    { 11, 17, 173, 0, 17, 47, 685 }, // U+010B
    { 13, 21, 219, 0, 21, 69, 732 }, // U+010C
    { 11, 17, 173, 0, 17, 47, 801 }, // U+010D
    { 16, 21, 259, 0, 21, 84, 848 }, // U+010E
    { 16, 16, 216, 0, 16, 64, 932 }, // U+010F
    { 16, 15, 259, 0, 15, 60, 996 }, // U+0110
    { 14, 16, 209, 0, 16, 56, 1056 }, // U+0111
    { 13, 19, 217, 0, 19, 62, 1112 }, // U+0112
    { 11, 15, 182, 0, 15, 42, 1174 }, // U+0113
    { 13, 20, 217, 0, 20, 65, 1216 }, // U+0114
    { 11, 16, 182, 0, 16, 44, 1281 }, // U+0115
    { 13, 20, 217, 0, 20, 65, 1325 }, // U+0116
    { 11, 17, 182, 0, 17, 47, 1390 }, // U+0117
    { 13, 20, 217, 0, 15, 65, 1437 }, // U+0118
    { 11, 15, 182, 0, 11, 42, 1502 }, // U+0119
    { 13, 21, 217, 0, 21, 69, 1544 }, // U+011A
    { 11, 17, 182, 0, 17, 47, 1613 }, // U+011B
    { 15, 20, 247, 0, 20, 75, 1660 }, // U+011C
    { 13, 23, 201, 0, 18, 75, 1735 }, // U+011D
    { 15, 20, 247, 0, 20, 75, 1810 }, // U+011E
    { 13, 21, 201, 0, 16, 69, 1885 }, // U+011F
    { 15, 20, 247, 0, 20, 75, 1954 }, // U+0120
    { 13, 22, 201, 0, 17, 72, 2029 }, // U+0121
    { 15, 21, 247, 0, 15, 79, 2101 }, // U+0122
    { 13, 23, 201, 0, 18, 75, 2180 }, // U+0123
    { 18, 20, 287, 0, 20, 90, 2255 }, // U+0124
    { 15, 21, 221, -1, 21, 79, 2345 }, // U+0125
    { 18, 15, 287, 0, 15, 68, 2424 }, // U+0126
    { 14, 16, 221, 0, 16, 56, 2492 }, // U+0127
    { 9, 21, 139, 0, 21, 48, 2548 }, // U+0128
    { 8, 16, 118, 0, 16, 32, 2596 }, // U+0129
    { 9, 19, 139, 0, 19, 43, 2628 }, // U+012A
    { 8, 15, 118, 0, 15, 30, 2671 }, // U+012B
    { 9, 20, 139, 0, 20, 45, 2701 }, // U+012C
    { 8, 16, 118, 0, 16, 32, 2746 }, // U+012D
    { 9, 20, 139, 0, 15, 45, 2778 }, // U+012E
    { 8, 22, 118, 0, 17, 44, 2823 }, // U+012F
    { 9, 20, 139, 0, 20, 45, 2867 }, // U+0130
    { 8, 11, 118, 0, 11, 22, 2912 }, // U+0131
    { 17, 20, 270, 0, 15, 85, 2934 }, // U+0132
    { 13, 22, 224, 0, 17, 72, 3019 }, // U+0133
    { 11, 25, 131, -2, 20, 69, 3091 }, // U+0134
    { 10, 23, 106, -2, 18, 58, 3160 }, // U+0135
    { 16, 21, 253, 0, 15, 84, 3218 }, // U+0136
    { 14, 22, 211, 0, 16, 77, 3302 }, // U+0137
    { 14, 11, 216, 0, 11, 39, 3379 }, // U+0138
    { 13, 21, 207, 0, 21, 69, 3418 }, // U+0139
    { 7, 21, 116, 0, 21, 37, 3487 }, // U+013A
    { 13, 21, 207, 0, 15, 69, 3524 }, // U+013B
    { 7, 22, 116, 0, 16, 39, 3593 }, // U+013C
    { 13, 16, 207, 0, 16, 52, 3632 }, // U+013D
    { 10, 16, 123, 0, 16, 40, 3684 }, // U+013E
    { 13, 15, 207, 0, 15, 49, 3724 }, // U+013F
    { 12, 16, 178, 0, 16, 48, 3773 }, // U+0140
    { 14, 15, 207, -1, 15, 53, 3821 }, // U+0141
    { 9, 16, 116, -1, 16, 36, 3874 }, // U+0142
    { 17, 21, 268, 0, 21, 90, 3910 }, // U+0143
    { 14, 17, 225, 0, 17, 60, 4000 }, // U+0144
    { 17, 21, 268, 0, 15, 90, 4060 }, // U+0145
    { 14, 17, 225, 0, 11, 60, 4150 }, // U+0146
    { 17, 21, 268, 0, 21, 90, 4210 }, // U+0147
    { 14, 17, 225, 0, 17, 60, 4300 }, // U+0148
    { 19, 15, 303, 0, 15, 72, 4360 }, // U+0149
    { 17, 20, 268, 0, 15, 85, 4432 }, // U+014A
    { 13, 16, 218, 0, 11, 52, 4517 }, // U+014B
    { 16, 19, 260, 0, 19, 76, 4569 }, // U+014C
    { 12, 15, 201, 0, 15, 45, 4645 }, // U+014D
    { 16, 20, 260, 0, 20, 80, 4690 }, // U+014E
    { 12, 16, 201, 0, 16, 48, 4770 }, // U+014F
    { 16, 21, 260, 0, 21, 84, 4818 }, // U+0150
    { 12, 18, 201, 0, 18, 54, 4902 }, // U+0151
    { 21, 15, 337, 0, 15, 79, 4956 }, // U+0152
    { 19, 11, 304, 0, 11, 53, 5035 }, // U+0153
    { 16, 21, 237, 0, 21, 84, 5088 }, // U+0154
    { 10, 17, 159, 0, 17, 43, 5172 }, // U+0155
    { 16, 21, 237, 0, 15, 84, 5215 }, // U+0156
    { 10, 17, 159, 0, 11, 43, 5299 }, // U+0157
    { 16, 21, 237, 0, 21, 84, 5342 }, // U+0158
    { 10, 17, 159, 0, 17, 43, 5426 }, // U+0159
    { 11, 21, 195, 1, 21, 58, 5469 }, // U+015A
    { 9, 17, 167, 1, 17, 39, 5527 }, // U+015B
    { 11, 20, 195, 1, 20, 55, 5566 }, // U+015C
    { 9, 18, 167, 1, 18, 41, 5621 }, // U+015D
    { 11, 20, 195, 1, 15, 55, 5662 }, // U+015E
    { 9, 16, 167, 1, 11, 36, 5717 }, // U+015F
    { 11, 21, 195, 1, 21, 58, 5753 }, // U+0160
    { 9, 17, 167, 1, 17, 39, 5811 }, // U+0161
    { 15, 20, 239, 0, 15, 75, 5850 }, // U+0162
    { 10, 19, 142, -1, 14, 48, 5925 }, // U+0163
    { 15, 21, 239, 0, 21, 79, 5973 }, // U+0164
    { 10, 17, 142, -1, 17, 43, 6052 }, // U+0165
    { 15, 15, 239, 0, 15, 57, 6095 }, // U+0166
    { 10, 14, 142, -1, 14, 35, 6152 }, // U+0167
    { 17, 21, 268, 0, 21, 90, 6187 }, // U+0168
    { 14, 16, 218, 0, 16, 56, 6277 }, // U+0169
    { 17, 19, 268, 0, 19, 81, 6333 }, // U+016A
    { 14, 15, 218, 0, 15, 53, 6414 }, // U+016B
    { 17, 20, 268, 0, 20, 85, 6467 }, // U+016C
    { 14, 16, 218, 0, 16, 56, 6552 }, // U+016D
    { 17, 21, 268, 0, 21, 90, 6608 }, // U+016E
    { 14, 18, 218, 0, 18, 63, 6698 }, // U+016F
    { 17, 21, 268, 0, 21, 90, 6761 }, // U+0170
    { 14, 18, 218, 0, 18, 63, 6851 }, // U+0171
    { 17, 19, 268, 0, 15, 81, 6914 }, // U+0172
    { 14, 16, 218, 0, 11, 56, 6995 }, // U+0173
    { 23, 20, 371, 0, 20, 115, 7051 }, // U+0174
    { 19, 18, 302, 0, 18, 86, 7166 }, // U+0175
    { 15, 20, 241, 0, 20, 75, 7252 }, // U+0176
    { 14, 23, 217, 0, 18, 81, 7327 }, // U+0177
    { 15, 20, 241, 0, 20, 75, 7408 }, // U+0178
    { 13, 21, 203, 0, 21, 69, 7483 }, // U+0179
    { 11, 18, 172, 0, 17, 50, 7552 }, // U+017A
    { 13, 20, 203, 0, 20, 65, 7602 }, // U+017B
    { 11, 18, 172, 0, 17, 50, 7667 }, // U+017C
    { 13, 21, 203, 0, 21, 69, 7717 }, // U+017D
    { 11, 18, 172, 0, 17, 50, 7786 }, // U+017E
    { 11, 16, 138, 0, 16, 44, 7836 }, // U+017F
    { 17, 17, 260, 0, 17, 73, 0 }, // U+01A0
    { 13, 13, 201, 0, 13, 43, 73 }, // U+01A1
    { 18, 18, 268, 0, 18, 81, 116 }, // U+01AF
    { 14, 14, 218, 0, 14, 49, 197 }, // U+01B0
    { 29, 21, 453, 0, 21, 153, 246 }, // U+01C4
    { 27, 18, 422, 0, 17, 122, 399 }, // U+01C5
    { 24, 18, 380, 0, 17, 108, 521 }, // U+01C6
    { 22, 20, 338, 0, 15, 110, 629 }, // U+01C7
    { 19, 22, 313, 0, 17, 105, 739 }, // U+01C8
    { 13, 22, 222, 0, 17, 72, 844 }, // U+01C9
    { 25, 20, 399, 0, 15, 125, 916 }, // U+01CA
    { 23, 22, 373, 0, 17, 127, 1041 }, // U+01CB
    { 20, 22, 331, 0, 17, 110, 1168 }, // U+01CC
    { 17, 21, 257, 0, 21, 90, 1278 }, // U+01CD
    { 12, 17, 189, 0, 17, 51, 1368 }, // U+01CE
    { 9, 21, 139, 0, 21, 48, 1419 }, // U+01CF
    { 8, 17, 118, 0, 17, 34, 1467 }, // U+01D0
    { 16, 21, 260, 0, 21, 84, 1501 }, // U+01D1
    { 12, 17, 201, 0, 17, 51, 1585 }, // U+01D2
    { 17, 21, 268, 0, 21, 90, 1636 }, // U+01D3
    { 14, 17, 218, 0, 17, 60, 1726 }, // U+01D4
    { 17, 22, 268, 0, 22, 94, 1786 }, // U+01D5
    { 14, 19, 218, 0, 19, 67, 1880 }, // U+01D6
    { 17, 23, 268, 0, 23, 98, 1947 }, // U+01D7
    { 14, 21, 218, 0, 21, 74, 2045 }, // U+01D8
    { 17, 22, 268, 0, 22, 94, 2119 }, // U+01D9
    { 14, 21, 218, 0, 21, 74, 2213 }, // U+01DA
    { 17, 23, 268, 0, 23, 98, 2287 }, // U+01DB
    { 14, 21, 218, 0, 21, 74, 2385 }, // U+01DC
    { 11, 11, 182, 0, 11, 31, 2459 }, // U+01DD
    { 17, 22, 257, 0, 22, 94, 2490 }, // U+01DE
    { 12, 19, 189, 0, 19, 57, 2584 }, // U+01DF
    { 17, 22, 257, 0, 22, 94, 2641 }, // U+01E0
    { 12, 18, 189, 0, 18, 54, 2735 }, // U+01E1
    { 21, 19, 327, -1, 19, 100, 2789 }, // U+01E2
    { 17, 15, 276, 0, 15, 64, 2889 }, // U+01E3
    { 16, 15, 247, 0, 15, 60, 2953 }, // U+01E4
    { 15, 16, 201, -1, 11, 60, 3013 }, // U+01E5
    { 15, 21, 247, 0, 21, 79, 3073 }, // U+01E6
    { 13, 22, 201, 0, 17, 72, 3152 }, // U+01E7
    { 16, 21, 253, 0, 21, 84, 3224 }, // U+01E8
    { 15, 22, 211, -1, 22, 83, 3308 }, // U+01E9
    { 16, 19, 260, 0, 15, 76, 3391 }, // U+01EA
    { 12, 15, 201, 0, 11, 45, 3467 }, // U+01EB
    { 16, 23, 260, 0, 19, 92, 3512 }, // U+01EC
    { 12, 19, 201, 0, 15, 57, 3604 }, // U+01ED
    { 12, 21, 194, 0, 21, 63, 3661 }, // U+01EE
    { 11, 22, 180, 0, 17, 61, 3724 }, // U+01EF
    { 10, 22, 106, -2, 17, 55, 3785 }, // U+01F0
    { 29, 15, 462, 0, 15, 109, 3840 }, // U+01F1
    { 27, 16, 431, 0, 15, 108, 3949 }, // U+01F2
    { 24, 17, 381, 0, 16, 102, 4057 }, // U+01F3
    { 15, 21, 247, 0, 21, 79, 4159 }, // U+01F4
    { 13, 22, 201, 0, 17, 72, 4238 }, // U+01F5
    { 17, 21, 268, 0, 21, 90, 4310 }, // U+01F8
    { 14, 17, 225, 0, 17, 60, 4400 }, // U+01F9
    { 17, 23, 257, 0, 23, 98, 4460 }, // U+01FA
    { 12, 22, 189, 0, 22, 66, 4558 }, // U+01FB
    { 21, 21, 327, -1, 21, 111, 4624 }, // U+01FC
    { 17, 17, 276, 0, 17, 73, 4735 }, // U+01FD
    { 16, 21, 260, 0, 21, 84, 4808 }, // U+01FE
    { 13, 17, 202, 0, 17, 56, 4892 }, // U+01FF
    { 17, 21, 257, 0, 21, 90, 4948 }, // U+0200
    { 12, 18, 189, 0, 18, 54, 5038 }, // U+0201
    { 17, 20, 257, 0, 20, 85, 5092 }, // U+0202
    { 12, 17, 189, 0, 17, 51, 5177 }, // U+0203
    { 13, 21, 217, 0, 21, 69, 5228 }, // U+0204
    { 11, 18, 182, 0, 18, 50, 5297 }, // U+0205
    { 13, 20, 217, 0, 20, 65, 5347 }, // U+0206
    { 11, 17, 182, 0, 17, 47, 5412 }, // U+0207
    { 11, 21, 139, -2, 21, 58, 5459 }, // U+0208
    { 9, 18, 118, -1, 18, 41, 5517 }, // U+0209
    { 9, 20, 139, 0, 20, 45, 5558 }, // U+020A
    { 8, 17, 118, 0, 17, 34, 5603 }, // U+020B
    { 16, 21, 260, 0, 21, 84, 5637 }, // U+020C
    { 12, 18, 201, 0, 18, 54, 5721 }, // U+020D
    { 16, 20, 260, 0, 20, 80, 5775 }, // U+020E
    { 12, 17, 201, 0, 17, 51, 5855 }, // U+020F
    { 16, 21, 237, 0, 21, 84, 5906 }, // U+0210
    { 10, 18, 159, 0, 18, 45, 5990 }, // U+0211
    { 16, 20, 237, 0, 20, 80, 6035 }, // U+0212
    { 10, 17, 159, 0, 17, 43, 6115 }, // U+0213
    { 17, 21, 268, 0, 21, 90, 6158 }, // U+0214
    { 14, 18, 218, 0, 18, 63, 6248 }, // U+0215
    { 17, 20, 268, 0, 20, 85, 6311 }, // U+0216
    { 14, 17, 218, 0, 17, 60, 6396 }, // U+0217
    { 11, 21, 195, 1, 15, 58, 6456 }, // U+0218
    { 9, 17, 167, 1, 11, 39, 6514 }, // U+0219
    { 15, 21, 239, 0, 15, 79, 6553 }, // U+021A
    { 10, 20, 142, -1, 14, 50, 6632 }, // U+021B
    { 11, 17, 199, 1, 15, 47, 6682 }, // U+021C
    { 11, 16, 173, 0, 11, 44, 6729 }, // U+021D
    { 18, 21, 287, 0, 21, 95, 6773 }, // U+021E
    { 15, 22, 221, -1, 22, 83, 6868 }, // U+021F
    { 5, 5, 0, -3, 17, 7, 0 }, // U+0300
    { 5, 5, 0, -2, 17, 7, 7 }, // U+0301
    { 8, 6, 0, -4, 18, 12, 14 }, // U+0302
    { 8, 3, 0, -4, 16, 6, 26 }, // U+0303
    { 8, 2, 0, -4, 15, 4, 32 }, // U+0304
    { 8, 4, 0, -4, 16, 8, 36 }, // U+0306
    { 4, 4, 0, -2, 17, 4, 44 }, // U+0307
    { 8, 3, 0, -4, 16, 6, 48 }, // U+0308
    { 6, 6, 0, -3, 18, 9, 54 }, // U+0309
    { 6, 6, 0, -3, 18, 9, 63 }, // U+030A
    { 8, 6, 0, -3, 18, 12, 72 }, // U+030B
    { 8, 5, 0, -4, 17, 10, 84 }, // U+030C
    { 8, 6, 0, -5, 18, 12, 94 }, // U+030F
    { 8, 4, 0, -4, 17, 8, 106 }, // U+0311
    { 4, 6, 0, -2, 18, 6, 114 }, // U+0312
    { 5, 6, 0, -2, 18, 8, 120 }, // U+0313
    { 5, 6, 0, -3, 18, 8, 128 }, // U+0314
    { 4, 5, 0, -2, 18, 5, 136 }, // U+0315
    { 4, 5, 0, -2, 13, 5, 141 }, // U+031B
    { 4, 4, 0, -2, -2, 4, 146 }, // U+0323
    { 8, 3, 0, -4, -2, 6, 150 }, // U+0324
    { 6, 5, 0, -3, -1, 8, 156 }, // U+0325
    { 4, 5, 0, -2, -1, 5, 164 }, // U+0326
    { 5, 4, 0, -3, -1, 5, 169 }, // U+0327
    { 6, 6, 0, -3, 1, 9, 174 }, // U+0328
    { 4, 5, 93, 1, -1, 5, 183 }, // U+0329
    { 8, 5, 0, -4, -1, 10, 188 }, // U+032D
    { 8, 4, 0, -4, -2, 8, 198 }, // U+032E
    { 8, 3, 0, -4, -2, 6, 206 }, // U+0330
    { 8, 2, 0, -4, -2, 4, 212 }, // U+0331
    { 8, 4, 0, -4, 17, 8, 216 }, // U+0342
    { 8, 9, 0, -4, 22, 18, 224 }, // U+0344
    { 5, 4, 0, -2, -1, 5, 242 }, // U+0345
    { 13, 21, 217, 0, 21, 69, 0 }, // U+0400
    { 13, 20, 217, 0, 20, 65, 69 }, // U+0401
    { 18, 19, 287, 0, 15, 86, 134 }, // U+0402
    { 13, 21, 208, 0, 21, 69, 220 }, // U+0403
    { 14, 15, 228, 0, 15, 53, 289 }, // U+0404
    { 11, 15, 195, 1, 15, 42, 342 }, // U+0405
    { 9, 15, 139, 0, 15, 34, 384 }, // U+0406
    { 9, 20, 139, 0, 20, 45, 418 }, // U+0407
    { 10, 20, 131, -2, 15, 50, 463 }, // U+0408
    { 21, 15, 331, 0, 15, 79, 513 }, // U+0409
    { 22, 15, 354, 0, 15, 83, 592 }, // U+040A
    { 19, 15, 305, 0, 15, 72, 675 }, // U+040B
    { 16, 21, 254, 0, 21, 84, 747 }, // U+040C
    { 18, 21, 284, 0, 21, 95, 831 }, // U+040D
    { 16, 20, 241, 0, 20, 80, 926 }, // U+040E
    { 17, 20, 274, 0, 15, 85, 1006 }, // U+040F
    { 17, 15, 257, 0, 15, 64, 1091 }, // U+0410
    { 13, 15, 217, 0, 15, 49, 1155 }, // U+0411
    { 13, 15, 216, 0, 15, 49, 1204 }, // U+0412
    { 13, 15, 208, 0, 15, 49, 1253 }, // U+0413
    { 17, 19, 264, 0, 15, 81, 1302 }, // U+0414
    { 13, 15, 217, 0, 15, 49, 1383 }, // U+0415
    { 24, 15, 370, 0, 15, 90, 1432 }, // U+0416
    { 13, 15, 208, 0, 15, 49, 1522 }, // U+0417
    { 18, 15, 284, 0, 15, 68, 1571 }, // U+0418
    { 18, 20, 284, 0, 20, 90, 1639 }, // U+0419
    { 16, 15, 254, 0, 15, 60, 1729 }, // U+041A
    { 16, 15, 258, 0, 15, 60, 1789 }, // U+041B
    { 20, 15, 317, 0, 15, 75, 1849 }, // U+041C
    { 18, 15, 287, 0, 15, 68, 1924 }, // U+041D
    { 16, 15, 260, 0, 15, 60, 1992 }, // U+041E
    { 17, 15, 279, 0, 15, 64, 2052 }, // U+041F
    { 13, 15, 209, 0, 15, 49, 2116 }, // U+0420
    { 13, 15, 219, 0, 15, 49, 2165 }, // U+0421
    { 15, 15, 239, 0, 15, 57, 2214 }, // U+0422
    { 16, 15, 241, 0, 15, 60, 2271 }, // U+0423
    { 17, 15, 269, 0, 15, 64, 2331 }, // U+0424
    { 16, 15, 256, 0, 15, 60, 2395 }, // U+0425
    { 18, 19, 278, 0, 15, 86, 2455 }, // U+0426
    { 16, 15, 258, 0, 15, 60, 2541 }, // U+0427
    { 23, 15, 371, 0, 15, 87, 2601 }, // U+0428
    { 24, 20, 375, 0, 15, 120, 2688 }, // U+0429
    { 16, 15, 262, 0, 15, 60, 2808 }, // U+042A
    { 21, 15, 340, 0, 15, 79, 2868 }, // U+042B
    { 13, 15, 217, 0, 15, 49, 2947 }, // U+042C
    { 14, 15, 229, 0, 15, 53, 2996 }, // U+042D
    { 23, 15, 369, 0, 15, 87, 3049 }, // U+042E
    { 15, 15, 239, 0, 15, 57, 3136 }, // U+042F
    { 12, 11, 189, 0, 11, 33, 3193 }, // U+0430
    { 12, 16, 199, 0, 16, 48, 3226 }, // U+0431
    { 12, 11, 193, 0, 11, 33, 3274 }, // U+0432
    { 11, 11, 177, 0, 11, 31, 3307 }, // U+0433
    { 14, 15, 225, 0, 11, 53, 3338 }, // U+0434
    { 11, 11, 182, 0, 11, 31, 3391 }, // U+0435
    { 19, 11, 300, 0, 11, 53, 3422 }, // U+0436
    { 11, 11, 172, 0, 11, 31, 3475 }, // U+0437
    { 14, 11, 232, 0, 11, 39, 3506 }, // U+0438
    { 14, 16, 232, 0, 16, 56, 3545 }, // U+0439
    { 14, 11, 213, 0, 11, 39, 3601 }, // U+043A
    { 13, 11, 215, 0, 11, 36, 3640 }, // U+043B
    { 16, 11, 262, 0, 11, 44, 3676 }, // U+043C
    { 14, 11, 234, 0, 11, 39, 3720 }, // U+043D
    { 12, 11, 201, 0, 11, 33, 3759 }, // U+043E
    { 14, 11, 232, 0, 11, 39, 3792 }, // U+043F
    { 13, 16, 208, 0, 11, 52, 3831 }, // U+0440
    { 11, 11, 173, 0, 11, 31, 3883 }, // U+0441
    { 13, 11, 205, 0, 11, 36, 3914 }, // U+0442
    { 14, 16, 217, 0, 11, 56, 3950 }, // U+0443
    { 16, 21, 261, 0, 16, 84, 4006 }, // U+0444
    { 13, 11, 207, 0, 11, 36, 4090 }, // U+0445
    { 15, 15, 234, 0, 11, 57, 4126 }, // U+0446
    { 13, 11, 214, 0, 11, 36, 4183 }, // U+0447
    { 19, 11, 306, 0, 11, 53, 4219 }, // U+0448
    { 20, 15, 310, 0, 11, 75, 4272 }, // U+0449
    { 14, 11, 222, 0, 11, 39, 4347 }, // U+044A
    { 18, 11, 292, 0, 11, 50, 4386 }, // U+044B
    { 11, 11, 183, 0, 11, 31, 4436 }, // U+044C
    { 11, 11, 182, 0, 11, 31, 4467 }, // U+044D
    { 18, 11, 296, 0, 11, 50, 4498 }, // U+044E
    { 13, 11, 203, 0, 11, 36, 4548 }, // U+044F
    { 11, 17, 182, 0, 17, 47, 4584 }, // U+0450
    { 11, 16, 182, 0, 16, 44, 4631 }, // U+0451
    { 13, 21, 214, 0, 16, 69, 4675 }, // U+0452
    { 11, 17, 177, 0, 17, 47, 4744 }, // U+0453
    { 11, 11, 178, 0, 11, 31, 4791 }, // U+0454
    { 9, 11, 167, 1, 11, 25, 4822 }, // U+0455
    { 8, 17, 118, 0, 17, 34, 4847 }, // U+0456
    { 8, 16, 118, 0, 16, 32, 4881 }, // U+0457
    { 8, 22, 106, -2, 17, 44, 4913 }, // U+0458
    { 17, 11, 268, 0, 11, 47, 4957 }, // U+0459
    { 18, 11, 291, 0, 11, 50, 5004 }, // U+045A
    { 14, 16, 221, 0, 16, 56, 5054 }, // U+045B
    { 14, 17, 213, 0, 17, 60, 5110 }, // U+045C
    { 14, 17, 232, 0, 17, 60, 5170 }, // U+045D
    { 14, 21, 217, 0, 16, 74, 5230 }, // U+045E
    { 14, 16, 230, 0, 11, 56, 5304 }, // U+045F
    { 16, 16, 252, 0, 16, 64, 5360 }, // U+0462
    { 14, 15, 216, 0, 15, 53, 5424 }, // U+0463
    { 16, 15, 260, 0, 15, 60, 5477 }, // U+0472
    { 12, 11, 201, 0, 11, 33, 5537 }, // U+0473
    { 17, 15, 262, 0, 15, 64, 5570 }, // U+0474
    { 14, 11, 222, 0, 11, 39, 5634 }, // U+0475
    { 18, 24, 283, 0, 20, 108, 5673 }, // U+048A
    { 15, 20, 228, 0, 16, 75, 5781 }, // U+048B
    { 13, 15, 217, 0, 15, 49, 5856 }, // U+048C
    { 11, 15, 181, 0, 15, 42, 5905 }, // U+048D
    { 13, 15, 209, 0, 15, 49, 5947 }, // U+048E
    { 13, 16, 208, 0, 11, 52, 5996 }, // U+048F
    { 12, 18, 192, 0, 18, 54, 6048 }, // U+0490
    { 11, 14, 170, 0, 14, 39, 6102 }, // U+0491
    { 13, 15, 206, 0, 15, 49, 6141 }, // U+0492
    { 11, 11, 179, 0, 11, 31, 6190 }, // U+0493
    { 15, 20, 241, 0, 15, 75, 6221 }, // U+0494
    { 13, 16, 206, 0, 11, 52, 6296 }, // U+0495
    { 24, 19, 370, 0, 15, 114, 6348 }, // U+0496
    { 19, 15, 300, 0, 11, 72, 6462 }, // U+0497
    { 13, 19, 208, 0, 15, 62, 6534 }, // U+0498
    { 11, 15, 172, 0, 11, 42, 6596 }, // U+0499
    { 16, 19, 255, 0, 15, 76, 6638 }, // U+049A
    { 14, 15, 213, 0, 11, 53, 6714 }, // U+049B
    { 17, 15, 268, 0, 15, 64, 6767 }, // U+049C
    { 14, 11, 221, 0, 11, 39, 6831 }, // U+049D
    { 16, 15, 254, 0, 15, 60, 6870 }, // U+049E
    { 14, 15, 212, 0, 15, 53, 6930 }, // U+049F
    { 19, 15, 291, 0, 15, 72, 6983 }, // U+04A0
    { 16, 11, 254, 0, 11, 44, 7055 }, // U+04A1
    { 18, 19, 290, 0, 15, 86, 7099 }, // U+04A2
    { 15, 15, 238, 0, 11, 57, 7185 }, // U+04A3
    { 21, 15, 330, 0, 15, 79, 7242 }, // U+04A4
    { 17, 11, 273, 0, 11, 47, 7321 }, // U+04A5
    { 23, 20, 372, 0, 15, 115, 7368 }, // U+04A6
    { 19, 16, 314, 0, 11, 76, 7483 }, // U+04A7
    { 18, 15, 284, 0, 15, 68, 7559 }, // U+04A8
    { 15, 11, 233, 0, 11, 42, 7627 }, // U+04A9
    { 13, 19, 219, 0, 15, 62, 7669 }, // U+04AA
    { 11, 15, 173, 0, 11, 42, 7731 }, // U+04AB
    { 15, 20, 239, 0, 15, 75, 7773 }, // U+04AC
    { 13, 15, 205, 0, 11, 49, 7848 }, // U+04AD
    { 15, 15, 241, 0, 15, 57, 7897 }, // U+04AE
    { 14, 16, 217, 0, 11, 56, 7954 }, // U+04AF
    { 15, 15, 241, 0, 15, 57, 8010 }, // U+04B0
    { 14, 16, 217, 0, 11, 56, 8067 }, // U+04B1
    { 17, 19, 261, 0, 15, 81, 8123 }, // U+04B2
    { 13, 15, 210, 0, 11, 49, 8204 }, // U+04B3
    { 19, 19, 308, 0, 15, 91, 8253 }, // U+04B4
    { 17, 15, 269, 0, 11, 64, 8344 }, // U+04B5
    { 17, 20, 262, 0, 15, 85, 8408 }, // U+04B6
    { 14, 15, 218, 0, 11, 53, 8493 }, // U+04B7
    { 16, 15, 258, 0, 15, 60, 8546 }, // U+04B8
    { 13, 11, 218, 0, 11, 36, 8606 }, // U+04B9
    { 16, 15, 259, 0, 15, 60, 8642 }, // U+04BA
    { 14, 16, 221, 0, 16, 56, 8702 }, // U+04BB
    { 17, 15, 283, 0, 15, 64, 8758 }, // U+04BC
    { 14, 11, 223, 0, 11, 39, 8822 }, // U+04BD
    { 17, 19, 283, 0, 15, 81, 8861 }, // U+04BE
    { 14, 15, 223, 0, 11, 53, 8942 }, // U+04BF
    { 9, 15, 139, 0, 15, 34, 8995 }, // U+04C0
    { 24, 20, 370, 0, 20, 120, 9029 }, // U+04C1
    { 19, 16, 300, 0, 16, 76, 9149 }, // U+04C2
    { 15, 20, 247, 0, 15, 75, 9225 }, // U+04C3
    { 13, 16, 209, 0, 11, 52, 9300 }, // U+04C4
    { 16, 20, 258, 0, 15, 80, 9352 }, // U+04C5
    { 14, 15, 216, 0, 11, 53, 9432 }, // U+04C6
    { 18, 20, 281, 0, 15, 90, 9485 }, // U+04C7
    { 14, 16, 232, 0, 11, 56, 9575 }, // U+04C8
    { 18, 20, 286, 0, 15, 90, 9631 }, // U+04C9
    { 15, 15, 234, 0, 11, 57, 9721 }, // U+04CA
    { 16, 19, 258, 0, 15, 76, 9778 }, // U+04CB
    { 13, 15, 214, 0, 11, 49, 9854 }, // U+04CC
    { 20, 20, 322, 0, 15, 100, 9903 }, // U+04CD
    { 17, 15, 262, 0, 11, 64, 10003 }, // U+04CE
    { 7, 16, 139, 1, 16, 28, 10067 }, // U+04CF
    { 17, 20, 257, 0, 20, 85, 10095 }, // U+04D0
    { 12, 16, 189, 0, 16, 48, 10180 }, // U+04D1
    { 17, 20, 257, 0, 20, 85, 10228 }, // U+04D2
    { 12, 16, 189, 0, 16, 48, 10313 }, // U+04D3
    { 21, 15, 327, -1, 15, 79, 10361 }, // U+04D4
    { 17, 11, 276, 0, 11, 47, 10440 }, // U+04D5
    { 13, 20, 217, 0, 20, 65, 10487 }, // U+04D6
    { 11, 16, 182, 0, 16, 44, 10552 }, // U+04D7
    { 14, 15, 233, 0, 15, 53, 10596 }, // U+04D8
    { 11, 11, 182, 0, 11, 31, 10649 }, // U+04D9
    { 14, 20, 233, 0, 20, 70, 10680 }, // U+04DA
    { 11, 16, 182, 0, 16, 44, 10750 }, // U+04DB
    { 24, 20, 370, 0, 20, 120, 10794 }, // U+04DC
    { 19, 16, 300, 0, 16, 76, 10914 }, // U+04DD
    { 13, 20, 208, 0, 20, 65, 10990 }, // U+04DE
    { 11, 16, 172, 0, 16, 44, 11055 }, // U+04DF
    { 12, 15, 194, 0, 15, 45, 11099 }, // U+04E0
    { 11, 16, 180, 0, 11, 44, 11144 }, // U+04E1
    { 18, 19, 284, 0, 19, 86, 11188 }, // U+04E2
    { 14, 15, 232, 0, 15, 53, 11274 }, // U+04E3
    { 18, 20, 284, 0, 20, 90, 11327 }, // U+04E4
    { 14, 16, 232, 0, 16, 56, 11417 }, // U+04E5
    { 16, 20, 260, 0, 20, 80, 11473 }, // U+04E6
    { 12, 16, 201, 0, 16, 48, 11553 }, // U+04E7
    { 16, 15, 260, 0, 15, 60, 11601 }, // U+04E8
    { 12, 11, 201, 0, 11, 33, 11661 }, // U+04E9
    { 16, 20, 260, 0, 20, 80, 11694 }, // U+04EA
    { 12, 16, 201, 0, 16, 48, 11774 }, // U+04EB
    { 14, 20, 229, 0, 20, 70, 11822 }, // U+04EC
    { 11, 16, 182, 0, 16, 44, 11892 }, // U+04ED
    { 16, 19, 241, 0, 19, 76, 11936 }, // U+04EE
    { 14, 20, 217, 0, 15, 70, 12012 }, // U+04EF
    { 16, 20, 241, 0, 20, 80, 12082 }, // U+04F0
    { 14, 21, 217, 0, 16, 74, 12162 }, // U+04F1
    { 16, 21, 241, 0, 21, 84, 12236 }, // U+04F2
    { 14, 23, 217, 0, 18, 81, 12320 }, // U+04F3
    { 16, 20, 258, 0, 20, 80, 12401 }, // U+04F4
    { 13, 16, 214, 0, 16, 52, 12481 }, // U+04F5
    { 13, 20, 208, 0, 15, 65, 12533 }, // U+04F6
    { 11, 15, 177, 0, 11, 42, 12598 }, // U+04F7
    { 21, 20, 340, 0, 20, 105, 12640 }, // U+04F8
    { 18, 16, 292, 0, 16, 72, 12745 }, // U+04F9
    { 13, 19, 206, 0, 15, 62, 12817 }, // U+04FA
    { 11, 15, 177, 0, 11, 42, 12879 }, // U+04FB
    { 16, 20, 250, 0, 15, 80, 12921 }, // U+04FC
    { 13, 16, 204, 0, 11, 52, 13001 }, // U+04FD
    { 16, 15, 256, 0, 15, 60, 13053 }, // U+04FE
    { 13, 11, 207, 0, 11, 36, 13113 }, // U+04FF
    { 17, 21, 257, 0, 15, 90, 0 }, // U+1EA0
    { 12, 17, 189, 0, 11, 51, 90 }, // U+1EA1
    { 17, 22, 257, 0, 22, 94, 141 }, // U+1EA2
    { 12, 18, 189, 0, 18, 54, 235 }, // U+1EA3
    { 17, 24, 257, 0, 24, 102, 289 }, // U+1EA4
    { 12, 20, 189, 0, 20, 60, 391 }, // U+1EA5
    { 17, 23, 257, 0, 23, 98, 451 }, // U+1EA6
    { 12, 20, 189, 0, 20, 60, 549 }, // U+1EA7
    { 17, 23, 257, 0, 23, 98, 609 }, // U+1EA8
    { 12, 21, 189, 0, 21, 63, 707 }, // U+1EA9
    { 17, 24, 257, 0, 24, 102, 770 }, // U+1EAA
    { 12, 20, 189, 0, 20, 60, 872 }, // U+1EAB
    { 17, 26, 257, 0, 20, 111, 932 }, // U+1EAC
    { 12, 24, 189, 0, 18, 72, 1043 }, // U+1EAD
    { 17, 23, 257, 0, 23, 98, 1115 }, // U+1EAE
    { 12, 21, 189, 0, 21, 63, 1213 }, // U+1EAF
    { 17, 23, 257, 0, 23, 98, 1276 }, // U+1EB0
    { 12, 21, 189, 0, 21, 63, 1374 }, // U+1EB1
    { 17, 23, 257, 0, 23, 98, 1437 }, // U+1EB2
    { 12, 21, 189, 0, 21, 63, 1535 }, // U+1EB3
    { 17, 23, 257, 0, 23, 98, 1598 }, // U+1EB4
    { 12, 20, 189, 0, 20, 60, 1696 }, // U+1EB5
    { 17, 26, 257, 0, 20, 111, 1756 }, // U+1EB6
    { 12, 22, 189, 0, 16, 66, 1867 }, // U+1EB7
    { 13, 21, 217, 0, 15, 69, 1933 }, // U+1EB8
    { 11, 17, 182, 0, 11, 47, 2002 }, // U+1EB9
    { 13, 22, 217, 0, 22, 72, 2049 }, // U+1EBA
    { 11, 18, 182, 0, 18, 50, 2121 }, // U+1EBB
    { 13, 21, 217, 0, 21, 69, 2171 }, // U+1EBC
    { 11, 16, 182, 0, 16, 44, 2240 }, // U+1EBD
    { 14, 24, 217, 0, 24, 84, 2284 }, // U+1EBE
    { 12, 20, 182, 0, 20, 60, 2368 }, // U+1EBF
    { 13, 23, 217, 0, 23, 75, 2428 }, // U+1EC0
    { 11, 20, 182, 0, 20, 55, 2503 }, // U+1EC1
    { 13, 23, 217, 0, 23, 75, 2558 }, // U+1EC2
    { 13, 21, 182, 0, 21, 69, 2633 }, // U+1EC3
    { 13, 24, 217, 0, 24, 78, 2702 }, // U+1EC4
    { 11, 20, 182, 0, 20, 55, 2780 }, // U+1EC5
    { 13, 26, 217, 0, 20, 85, 2835 }, // U+1EC6
    { 11, 24, 182, 0, 18, 66, 2920 }, // U+1EC7
    { 9, 22, 139, 0, 22, 50, 2986 }, // U+1EC8
    { 8, 18, 118, 0, 18, 36, 3036 }, // U+1EC9
    { 9, 21, 139, 0, 15, 48, 3072 }, // U+1ECA
    { 8, 23, 118, 0, 17, 46, 3120 }, // U+1ECB
    { 16, 21, 260, 0, 15, 84, 3166 }, // U+1ECC
    { 12, 17, 201, 0, 11, 51, 3250 }, // U+1ECD
    { 16, 22, 260, 0, 22, 88, 3301 }, // U+1ECE
    { 12, 18, 201, 0, 18, 54, 3389 }, // U+1ECF
    { 16, 24, 260, 0, 24, 96, 3443 }, // U+1ED0
    { 13, 20, 201, 0, 20, 65, 3539 }, // U+1ED1
    { 16, 23, 260, 0, 23, 92, 3604 }, // U+1ED2
    { 12, 20, 201, 0, 20, 60, 3696 }, // U+1ED3
    { 16, 23, 260, 0, 23, 92, 3756 }, // U+1ED4
    { 13, 21, 201, 0, 21, 69, 3848 }, // U+1ED5
    { 16, 24, 260, 0, 24, 96, 3917 }, // U+1ED6
    { 12, 20, 201, 0, 20, 60, 4013 }, // U+1ED7
    { 16, 26, 260, 0, 20, 104, 4073 }, // U+1ED8
    { 12, 24, 201, 0, 18, 72, 4177 }, // U+1ED9
    { 17, 21, 260, 0, 21, 90, 4249 }, // U+1EDA
    { 13, 17, 201, 0, 17, 56, 4339 }, // U+1EDB
    { 17, 21, 260, 0, 21, 90, 4395 }, // U+1EDC
    { 13, 17, 201, 0, 17, 56, 4485 }, // U+1EDD
    { 17, 22, 260, 0, 22, 94, 4541 }, // U+1EDE
    { 13, 18, 201, 0, 18, 59, 4635 }, // U+1EDF
    { 17, 21, 260, 0, 21, 90, 4694 }, // U+1EE0
    { 13, 16, 201, 0, 16, 52, 4784 }, // U+1EE1
    { 17, 23, 260, 0, 17, 98, 4836 }, // U+1EE2
    { 13, 19, 201, 0, 13, 62, 4934 }, // U+1EE3
    { 17, 21, 268, 0, 15, 90, 4996 }, // U+1EE4
    { 14, 17, 218, 0, 11, 60, 5086 }, // U+1EE5
    { 17, 22, 268, 0, 22, 94, 5146 }, // U+1EE6
    { 14, 18, 218, 0, 18, 63, 5240 }, // U+1EE7
    { 18, 21, 268, 0, 21, 95, 5303 }, // U+1EE8
    { 14, 17, 218, 0, 17, 60, 5398 }, // U+1EE9
    { 18, 21, 268, 0, 21, 95, 5458 }, // U+1EEA
    { 14, 17, 218, 0, 17, 60, 5553 }, // U+1EEB
    { 18, 22, 268, 0, 22, 99, 5613 }, // U+1EEC
    { 14, 18, 218, 0, 18, 63, 5712 }, // U+1EED
    { 18, 21, 268, 0, 21, 95, 5775 }, // U+1EEE
    { 14, 16, 218, 0, 16, 56, 5870 }, // U+1EEF
    { 18, 24, 268, 0, 18, 108, 5926 }, // U+1EF0
    { 14, 20, 218, 0, 14, 70, 6034 }, // U+1EF1
    { 15, 21, 241, 0, 21, 79, 6104 }, // U+1EF2
    { 14, 22, 217, 0, 17, 77, 6183 }, // U+1EF3
    { 15, 21, 241, 0, 15, 79, 6260 }, // U+1EF4
    { 14, 16, 217, 0, 11, 56, 6339 }, // U+1EF5
    { 15, 22, 241, 0, 22, 83, 6395 }, // U+1EF6
    { 14, 23, 217, 0, 18, 81, 6478 }, // U+1EF7
    { 15, 21, 241, 0, 21, 79, 6559 }, // U+1EF8
    { 14, 21, 217, 0, 16, 74, 6638 }, // U+1EF9
    { 0, 0, 167, 0, 0, 0, 0 }, // U+2000
    { 0, 0, 333, 0, 0, 0, 0 }, // U+2001
    { 0, 0, 167, 0, 0, 0, 0 }, // U+2002
    { 0, 0, 333, 0, 0, 0, 0 }, // U+2003
    { 0, 0, 111, 0, 0, 0, 0 }, // U+2004
    { 0, 0, 83, 0, 0, 0, 0 }, // U+2005
    { 0, 0, 55, 0, 0, 0, 0 }, // U+2006
    { 0, 0, 208, 0, 0, 0, 0 }, // U+2007
    { 0, 0, 97, 0, 0, 0, 0 }, // U+2008
    { 0, 0, 67, 0, 0, 0, 0 }, // U+2009
    { 0, 0, 17, 0, 0, 0, 0 }, // U+200A
    { 0, 0, 0, 0, 0, 0, 0 }, // U+200B
    { 2, 18, 0, -1, 13, 9, 0 }, // U+200C
    { 6, 19, 0, -3, 14, 29, 9 }, // U+200D
    { 8, 20, 0, -4, 15, 40, 38 }, // U+200E
    { 8, 20, 0, -4, 15, 40, 78 }, // U+200F
    { 8, 3, 127, 0, 7, 6, 118 }, // U+2010
    { 8, 3, 127, 0, 7, 6, 124 }, // U+2011
    { 11, 3, 208, 1, 8, 9, 130 }, // U+2012
    { 11, 2, 167, 0, 6, 6, 139 }, // U+2013
    { 21, 3, 333, 0, 7, 16, 145 }, // U+2014
    { 21, 3, 333, 0, 7, 16, 161 }, // U+2015
    { 8, 21, 167, 1, 16, 42, 177 }, // U+2016
    { 11, 5, 167, 0, -1, 14, 219 }, // U+2017
    { 5, 7, 82, 0, 16, 9, 233 }, // U+2018
    { 5, 7, 82, 0, 16, 9, 242 }, // U+2019
    { 5, 7, 82, 0, 3, 9, 251 }, // U+201A
    { 5, 7, 82, 0, 16, 9, 260 }, // U+201B
    { 9, 7, 149, 0, 16, 16, 269 }, // U+201C
    { 9, 7, 149, 0, 16, 16, 285 }, // U+201D
    { 9, 7, 149, 0, 3, 16, 301 }, // U+201E
    { 9, 7, 149, 0, 16, 16, 317 }, // U+201F
    { 10, 14, 165, 0, 15, 35, 333 }, // U+2020
    { 10, 16, 166, 0, 15, 40, 368 }, // U+2021
    { 6, 5, 100, 0, 8, 8, 408 }, // U+2022
    { 8, 7, 208, 3, 11, 14, 416 }, // U+2023
    { 4, 4, 97, 1, 4, 4, 430 }, // U+2024
    { 10, 4, 167, 0, 4, 10, 434 }, // U+2025
    { 19, 4, 333, 1, 4, 19, 444 }, // U+2026
    { 4, 4, 97, 1, 8, 4, 463 }, // U+2027
    { 0, 0, 0, 0, 0, 0, 467 }, // U+2028
    { 0, 0, 0, 0, 0, 0, 467 }, // U+2029
    { 8, 20, 0, -4, 15, 40, 467 }, // U+202A
    { 8, 20, 0, -4, 15, 40, 507 }, // U+202B
    { 6, 20, 0, -3, 15, 30, 547 }, // U+202C
    { 10, 20, 0, -5, 15, 50, 577 }, // U+202D
    { 10, 20, 0, -5, 15, 50, 627 }, // U+202E
    { 0, 0, 36, 0, 0, 0, 677 }, // U+202F
    { 29, 16, 463, 0, 15, 116, 677 }, // U+2030
    { 6, 7, 91, 0, 15, 11, 793 }, // U+2032
    { 10, 7, 164, 0, 15, 18, 804 }, // U+2033
    { 15, 7, 236, 0, 15, 27, 822 }, // U+2034
    { 6, 7, 91, 0, 15, 11, 849 }, // U+2035
    { 10, 7, 170, 0, 15, 18, 860 }, // U+2036
    { 15, 7, 243, 0, 15, 27, 878 }, // U+2037
    { 10, 4, 166, 0, 0, 10, 905 }, // U+2038
    { 7, 8, 111, 0, 9, 14, 915 }, // U+2039
    { 7, 8, 111, 0, 9, 14, 929 }, // U+203A
    { 13, 14, 208, 0, 14, 46, 943 }, // U+203B
    { 11, 15, 193, 1, 15, 42, 989 }, // U+203C
    { 11, 2, 167, 0, 18, 6, 1031 }, // U+203E
    { 6, 3, 100, 0, 7, 5, 1037 }, // U+2043
    { 12, 16, 61, -4, 15, 48, 1042 }, // U+2044
    { 18, 15, 312, 1, 15, 68, 1090 }, // U+2047
    { 15, 15, 257, 1, 15, 57, 1158 }, // U+2048
    { 15, 15, 257, 1, 15, 57, 1215 }, // U+2049
    { 13, 5, 333, 4, 9, 17, 1272 }, // U+2053
    { 19, 7, 309, 0, 15, 34, 1289 }, // U+2057
    { 0, 0, 74, 0, 0, 0, 1323 }, // U+205F
    { 0, 0, 0, 0, 0, 0, 1323 }, // U+2060
    { 0, 0, 0, 0, 0, 0, 1323 }, // U+2061
    { 0, 0, 0, 0, 0, 0, 1323 }, // U+2062
    { 0, 0, 0, 0, 0, 0, 1323 }, // U+2063
    { 0, 0, 0, 0, 0, 0, 1323 }, // U+2064
    { 9, 9, 149, 0, 17, 21, 0 }, // U+2070
    { 9, 9, 149, 0, 17, 21, 21 }, // U+2074
    { 8, 9, 149, 1, 17, 18, 42 }, // U+2075
    { 8, 9, 149, 1, 17, 18, 60 }, // U+2076
    { 8, 9, 149, 1, 17, 18, 78 }, // U+2077
    { 9, 9, 149, 0, 17, 21, 96 }, // U+2078
    { 8, 9, 149, 1, 17, 18, 117 }, // U+2079
    { 10, 7, 188, 1, 15, 18, 135 }, // U+207F
    { 9, 9, 149, 0, 6, 21, 153 }, // U+2080
    { 7, 9, 149, 1, 6, 16, 174 }, // U+2081
    { 8, 9, 149, 1, 6, 18, 190 }, // U+2082
    { 8, 9, 149, 1, 6, 18, 208 }, // U+2083
    { 9, 9, 149, 0, 6, 21, 226 }, // U+2084
    { 8, 9, 149, 1, 6, 18, 247 }, // U+2085
    { 8, 9, 149, 1, 6, 18, 265 }, // U+2086
    { 8, 9, 149, 1, 6, 18, 283 }, // U+2087
    { 9, 9, 149, 0, 6, 21, 301 }, // U+2088
    { 8, 9, 149, 1, 6, 18, 322 }, // U+2089
    { 12, 14, 208, 1, 14, 42, 0 }, // U+20A3
    { 13, 14, 208, 0, 14, 46, 42 }, // U+20A4
    { 28, 14, 453, 0, 14, 98, 88 }, // U+20A7
    { 13, 14, 208, 0, 14, 46, 186 }, // U+20AC
    { 13, 10, 333, 4, 12, 33, 0 }, // U+2190
    { 11, 13, 333, 5, 14, 36, 33 }, // U+2191
    { 13, 10, 333, 4, 12, 33, 69 }, // U+2192
    { 11, 13, 333, 5, 14, 36, 102 }, // U+2193
    { 15, 8, 333, 3, 11, 30, 138 }, // U+2194
    { 9, 15, 333, 6, 15, 34, 168 }, // U+2195
    { 11, 14, 333, 5, 15, 39, 202 }, // U+21A8
    { 9, 14, 333, 6, 15, 32, 241 }, // U+21B2
    { 9, 15, 333, 6, 15, 34, 273 }, // U+21B3
    { 13, 11, 333, 4, 13, 36, 307 }, // U+21B5
    { 13, 11, 333, 4, 13, 36, 343 }, // U+21D0
    { 13, 13, 333, 4, 14, 43, 379 }, // U+21D1
    { 13, 11, 333, 4, 13, 36, 422 }, // U+21D2
    { 13, 13, 333, 4, 14, 43, 458 }, // U+21D3
    { 15, 11, 333, 3, 13, 42, 501 }, // U+21D4
    { 15, 15, 333, 3, 15, 57, 0 }, // U+2200
    { 11, 16, 208, 1, 16, 44, 57 }, // U+2202
    { 11, 15, 333, 5, 15, 42, 101 }, // U+2203
    { 17, 17, 333, 2, 16, 73, 143 }, // U+2205
    { 14, 15, 228, 0, 15, 53, 216 }, // U+2206
    { 15, 15, 333, 3, 15, 57, 269 }, // U+2207
    { 15, 15, 333, 3, 15, 57, 326 }, // U+2208
    { 15, 19, 333, 3, 17, 72, 383 }, // U+2209
    { 15, 12, 333, 3, 13, 45, 455 }, // U+220A
    { 15, 15, 333, 3, 15, 57, 500 }, // U+220B
    { 15, 19, 333, 3, 17, 72, 557 }, // U+220C
    { 15, 12, 333, 3, 13, 45, 629 }, // U+220D
    { 17, 18, 279, 0, 15, 77, 674 }, // U+220F
    { 14, 19, 222, 0, 15, 67, 751 }, // U+2211
    { 11, 2, 208, 1, 8, 6, 818 }, // U+2212
    { 11, 16, 176, 0, 15, 44, 824 }, // U+2215
    { 11, 16, 176, 0, 15, 44, 868 }, // U+2216
    { 11, 10, 208, 1, 12, 28, 912 }, // U+2217
    { 9, 8, 208, 2, 11, 18, 940 }, // U+2218
    { 5, 4, 208, 4, 8, 5, 958 }, // U+2219
    { 14, 19, 208, -1, 17, 67, 963 }, // U+221A
    { 11, 7, 208, 1, 10, 20, 1030 }, // U+221D
    { 13, 7, 208, 0, 10, 23, 1050 }, // U+221E
    { 13, 15, 333, 4, 15, 49, 1073 }, // U+221F
    { 17, 15, 333, 2, 15, 64, 1122 }, // U+2220
    { 4, 21, 167, 3, 16, 21, 1186 }, // U+2223
    { 8, 21, 167, 1, 16, 42, 1207 }, // U+2225
    { 15, 15, 333, 3, 15, 57, 1249 }, // U+2227
    { 15, 15, 333, 3, 15, 57, 1306 }, // U+2228
    { 13, 15, 333, 4, 15, 49, 1363 }, // U+2229
    { 13, 15, 333, 4, 15, 49, 1412 }, // U+222A
    { 13, 21, 208, 0, 16, 69, 1461 }, // U+222B
    { 15, 12, 333, 3, 12, 45, 1530 }, // U+2234
    { 15, 12, 333, 3, 12, 45, 1575 }, // U+2235
    { 5, 12, 104, 1, 14, 15, 1620 }, // U+2236
    { 15, 12, 333, 3, 12, 45, 1635 }, // U+2237
    { 13, 5, 333, 4, 9, 17, 1680 }, // U+223C
    { 13, 12, 333, 4, 13, 39, 1697 }, // U+2245
    { 11, 8, 208, 1, 11, 22, 1736 }, // U+2248
    { 13, 8, 333, 4, 10, 26, 1758 }, // U+224D
    { 11, 11, 208, 1, 13, 31, 1784 }, // U+2260
    { 13, 10, 333, 4, 11, 33, 1815 }, // U+2261
    { 11, 13, 208, 1, 13, 36, 1848 }, // U+2264
    { 11, 13, 208, 1, 13, 36, 1884 }, // U+2265
    { 18, 9, 333, 1, 12, 41, 1920 }, // U+226A
    { 17, 9, 333, 2, 12, 39, 1961 }, // U+226B
    { 15, 12, 333, 3, 13, 45, 2000 }, // U+2283
    { 15, 18, 333, 3, 16, 68, 2045 }, // U+2284
    { 15, 18, 333, 3, 16, 68, 2113 }, // U+2285
    { 15, 15, 333, 3, 15, 57, 2181 }, // U+2286
    { 15, 15, 333, 3, 15, 57, 2238 }, // U+2287
    { 17, 15, 333, 2, 15, 64, 2295 }, // U+2295
    { 17, 15, 333, 2, 15, 64, 2359 }, // U+2296
    { 17, 15, 333, 2, 15, 64, 2423 }, // U+2297
    { 17, 15, 333, 2, 15, 64, 2487 }, // U+2298
    { 13, 15, 333, 4, 15, 49, 2551 }, // U+22A5
    { 5, 4, 208, 4, 8, 5, 2600 }, // U+22C5
    { 19, 4, 333, 1, 8, 19, 2605 }, // U+22EF
    { 19, 16, 258, 0, 16, 76, 0 }, // U+FB00
    { 15, 16, 233, 0, 16, 60, 76 }, // U+FB01
    { 15, 16, 234, 0, 16, 60, 136 }, // U+FB02
    { 22, 16, 347, 0, 16, 88, 196 }, // U+FB03
    { 22, 16, 348, 0, 16, 88, 284 }, // U+FB04
    { 17, 16, 264, 0, 16, 68, 372 }, // U+FB05
    { 19, 16, 309, 1, 16, 76, 440 }, // U+FB06
    { 21, 19, 333, 0, 17, 100, 0 }, // U+FFFD
};

static const EpdUnicodeInterval bookerly_10_boldIntervals[] = {
    { 0x0, 0x0, 0x0 },
    { 0x8, 0x9, 0x1 },
    { 0xD, 0xD, 0x3 },
    { 0x1D, 0x1D, 0x4 },
    { 0x20, 0x7E, 0x5 },
    { 0xA0, 0xFF, 0x64 },
    { 0x100, 0x17F, 0xC4 },
    { 0x1A0, 0x1A1, 0x144 },
    { 0x1AF, 0x1B0, 0x146 },
    { 0x1C4, 0x1F5, 0x148 },
    { 0x1F8, 0x21F, 0x17A },
    { 0x300, 0x304, 0x1A2 },
    { 0x306, 0x30C, 0x1A7 },
    { 0x30F, 0x30F, 0x1AE },
    { 0x311, 0x315, 0x1AF },
    { 0x31B, 0x31B, 0x1B4 },
    { 0x323, 0x329, 0x1B5 },
    { 0x32D, 0x32E, 0x1BC },
    { 0x330, 0x331, 0x1BE },
    { 0x342, 0x342, 0x1C0 },
    { 0x344, 0x345, 0x1C1 },
    { 0x400, 0x45F, 0x1C3 },
    { 0x462, 0x463, 0x223 },
    { 0x472, 0x475, 0x225 },
    { 0x48A, 0x4FF, 0x229 },
    { 0x1EA0, 0x1EF9, 0x29F },
    { 0x2000, 0x2030, 0x2F9 },
    { 0x2032, 0x203C, 0x32A },
    { 0x203E, 0x203E, 0x335 },
    { 0x2043, 0x2044, 0x336 },
    { 0x2047, 0x2049, 0x338 },
    { 0x2053, 0x2053, 0x33B },
    { 0x2057, 0x2057, 0x33C },
    { 0x205F, 0x2064, 0x33D },
    { 0x2070, 0x2070, 0x343 },
    { 0x2074, 0x2079, 0x344 },
    { 0x207F, 0x2089, 0x34A },
    { 0x20A3, 0x20A4, 0x355 },
    { 0x20A7, 0x20A7, 0x357 },
    { 0x20AC, 0x20AC, 0x358 },
    { 0x2190, 0x2195, 0x359 },
    { 0x21A8, 0x21A8, 0x35F },
    { 0x21B2, 0x21B3, 0x360 },
    { 0x21B5, 0x21B5, 0x362 },
    { 0x21D0, 0x21D4, 0x363 },
    { 0x2200, 0x2200, 0x368 },
    { 0x2202, 0x2203, 0x369 },
    { 0x2205, 0x220D, 0x36B },
    { 0x220F, 0x220F, 0x374 },
    { 0x2211, 0x2212, 0x375 },
    { 0x2215, 0x221A, 0x377 },
    { 0x221D, 0x2220, 0x37D },
    { 0x2223, 0x2223, 0x381 },
    { 0x2225, 0x2225, 0x382 },
    { 0x2227, 0x222B, 0x383 },
    { 0x2234, 0x2237, 0x388 },
    { 0x223C, 0x223C, 0x38C },
    { 0x2245, 0x2245, 0x38D },
    { 0x2248, 0x2248, 0x38E },
    { 0x224D, 0x224D, 0x38F },
    { 0x2260, 0x2261, 0x390 },
    { 0x2264, 0x2265, 0x392 },
    { 0x226A, 0x226B, 0x394 },
    { 0x2283, 0x2287, 0x396 },
    { 0x2295, 0x2298, 0x39B },
    { 0x22A5, 0x22A5, 0x39F },
    { 0x22C5, 0x22C5, 0x3A0 },
    { 0x22EF, 0x22EF, 0x3A1 },
    { 0xFB00, 0xFB06, 0x3A2 },
    { 0xFFFD, 0xFFFD, 0x3A9 },
};

static const EpdFontGroup bookerly_10_boldGroups[] = {
    { 0, 2308, 4420, 100, 0 },
    { 2308, 2013, 5468, 96, 100 },
    { 4321, 2667, 8913, 128, 196 },
    { 6988, 2663, 7656, 94, 324 },
    { 9651, 231, 278, 33, 418 },
    { 9882, 5004, 14479, 220, 451 },
    { 14886, 1561, 7497, 90, 671 },
    { 16447, 773, 1499, 74, 761 },
    { 17220, 189, 381, 18, 835 },
    { 17409, 194, 252, 4, 853 },
    { 17603, 336, 644, 15, 857 },
    { 17939, 1293, 2936, 58, 872 },
    { 19232, 249, 560, 7, 930 },
    { 19481, 83, 114, 1, 937 },
};

static const EpdKernClassEntry bookerly_10_boldKernLeftClasses[] = {
    { 0x0022, 1 }, // "
    { 0x0027, 1 }, // '
    { 0x0028, 2 }, // (
    { 0x002A, 3 }, // *
    { 0x002C, 4 }, // ,
    { 0x002D, 5 }, // -
    { 0x002E, 4 }, // .
    { 0x002F, 6 }, // /
    { 0x003A, 7 }, // :
    { 0x003B, 7 }, // ;
    { 0x0040, 8 }, // @
    { 0x0041, 9 }, // A
    { 0x0042, 10 }, // B
    { 0x0043, 11 }, // C
    { 0x0044, 12 }, // D
    { 0x0045, 13 }, // E
    { 0x0046, 14 }, // F
    { 0x0047, 15 }, // G
    { 0x0048, 16 }, // H
    { 0x0049, 16 }, // I
    { 0x004A, 17 }, // J
    { 0x004B, 18 }, // K
    { 0x004C, 19 }, // L
    { 0x004D, 20 }, // M
    { 0x004E, 21 }, // N
    { 0x004F, 12 }, // O
    { 0x0050, 22 }, // P
    { 0x0051, 23 }, // Q
    { 0x0052, 24 }, // R
    { 0x0053, 25 }, // S
    { 0x0054, 26 }, // T
    { 0x0055, 27 }, // U
    { 0x0056, 28 }, // V
    { 0x0057, 28 }, // W
    { 0x0058, 29 }, // X
    { 0x0059, 30 }, // Y
    { 0x005A, 31 }, // Z
    { 0x005B, 32 }, // [
    { 0x005C, 33 }, // <backslash>
    { 0x0061, 34 }, // a
    { 0x0062, 35 }, // b
    { 0x0063, 36 }, // c
    { 0x0064, 37 }, // d
    { 0x0065, 38 }, // e
    { 0x0066, 39 }, // f
    { 0x0067, 40 }, // g
    { 0x0068, 41 }, // h
    { 0x0069, 42 }, // i
    { 0x006A, 43 }, // j
    { 0x006B, 44 }, // k
    { 0x006C, 45 }, // l
    { 0x006D, 41 }, // m
    { 0x006E, 41 }, // n
    { 0x006F, 35 }, // o
    { 0x0070, 35 }, // p
    { 0x0071, 46 }, // q
    { 0x0072, 47 }, // r
    { 0x0073, 48 }, // s
    { 0x0074, 49 }, // t
    { 0x0075, 50 }, // u
    { 0x0076, 51 }, // v
    { 0x0077, 51 }, // w
    { 0x0078, 52 }, // x
    { 0x0079, 51 }, // y
    { 0x007A, 53 }, // z
    { 0x007B, 54 }, // {
    { 0x00A1, 55 }, // U+00A1
    { 0x00AB, 56 }, // U+00AB
    { 0x00AD, 5 }, // U+00AD
    { 0x00BB, 57 }, // U+00BB
    { 0x00BF, 58 }, // U+00BF
    { 0x00C0, 9 }, // U+00C0
    { 0x00C1, 9 }, // U+00C1
    { 0x00C2, 9 }, // U+00C2
    { 0x00C3, 9 }, // U+00C3
    { 0x00C4, 9 }, // U+00C4
    { 0x00C5, 9 }, // U+00C5
    { 0x00C6, 13 }, // U+00C6
    { 0x00C7, 11 }, // U+00C7
    { 0x00C8, 13 }, // U+00C8
    { 0x00C9, 13 }, // U+00C9
    { 0x00CA, 13 }, // U+00CA
    { 0x00CB, 13 }, // U+00CB
    { 0x00CC, 16 }, // U+00CC
    { 0x00CD, 16 }, // U+00CD
    { 0x00CE, 16 }, // U+00CE
    { 0x00CF, 16 }, // U+00CF
    { 0x00D0, 12 }, // U+00D0
    { 0x00D1, 21 }, // U+00D1
    { 0x00D2, 12 }, // U+00D2
    { 0x00D3, 12 }, // U+00D3
    { 0x00D4, 12 }, // U+00D4
    { 0x00D5, 12 }, // U+00D5
    { 0x00D6, 12 }, // U+00D6
    { 0x00D8, 59 }, // U+00D8
    { 0x00D9, 27 }, // U+00D9
    { 0x00DA, 27 }, // U+00DA
    { 0x00DB, 27 }, // U+00DB
    { 0x00DC, 27 }, // U+00DC
    { 0x00DD, 30 }, // U+00DD
    { 0x00DE, 60 }, // U+00DE
    { 0x00DF, 61 }, // U+00DF
    { 0x00E0, 34 }, // U+00E0
    { 0x00E1, 34 }, // U+00E1
    { 0x00E2, 34 }, // U+00E2
    { 0x00E3, 34 }, // U+00E3
    { 0x00E4, 34 }, // U+00E4
    { 0x00E5, 34 }, // U+00E5
    { 0x00E6, 38 }, // U+00E6
    { 0x00E7, 36 }, // U+00E7
    { 0x00E8, 38 }, // U+00E8
    { 0x00E9, 38 }, // U+00E9
    { 0x00EA, 38 }, // U+00EA
    { 0x00EB, 38 }, // U+00EB
    { 0x00EC, 42 }, // U+00EC
    { 0x00ED, 42 }, // U+00ED
    { 0x00EE, 62 }, // U+00EE
    { 0x00EF, 62 }, // U+00EF
    { 0x00F0, 35 }, // U+00F0
    { 0x00F1, 41 }, // U+00F1
    { 0x00F2, 35 }, // U+00F2
    { 0x00F3, 35 }, // U+00F3
    { 0x00F4, 35 }, // U+00F4
    { 0x00F5, 35 }, // U+00F5
    { 0x00F6, 35 }, // U+00F6
    { 0x00F8, 35 }, // U+00F8
    { 0x00F9, 50 }, // U+00F9
    { 0x00FA, 50 }, // U+00FA
    { 0x00FB, 50 }, // U+00FB
    { 0x00FC, 50 }, // U+00FC
    { 0x00FD, 51 }, // U+00FD
    { 0x00FE, 35 }, // U+00FE
    { 0x00FF, 51 }, // U+00FF
    { 0x0100, 9 }, // U+0100
    { 0x0101, 34 }, // U+0101
    { 0x0102, 9 }, // U+0102
    { 0x0103, 34 }, // U+0103
    { 0x0104, 63 }, // U+0104
    { 0x0105, 64 }, // U+0105
    { 0x0106, 11 }, // U+0106
    { 0x0107, 36 }, // U+0107
    { 0x0108, 11 }, // U+0108
    { 0x0109, 36 }, // U+0109
    { 0x010A, 11 }, // U+010A
    { 0x010B, 36 }, // U+010B
    { 0x010C, 11 }, // U+010C
    { 0x010D, 36 }, // U+010D
    { 0x010E, 12 }, // U+010E
    { 0x010F, 65 }, // U+010F
    { 0x0110, 12 }, // U+0110
    { 0x0111, 66 }, // U+0111
    { 0x0112, 13 }, // U+0112
    { 0x0113, 38 }, // U+0113
    { 0x0114, 13 }, // U+0114
    { 0x0115, 38 }, // U+0115
    { 0x0116, 13 }, // U+0116
    { 0x0117, 38 }, // U+0117
    { 0x0118, 67 }, // U+0118
    { 0x0119, 68 }, // U+0119
    { 0x011A, 13 }, // U+011A
    { 0x011B, 38 }, // U+011B
    { 0x011C, 15 }, // U+011C
    { 0x011D, 40 }, // U+011D
    { 0x011E, 15 }, // U+011E
    { 0x011F, 40 }, // U+011F
    { 0x0120, 15 }, // U+0120
    { 0x0121, 40 }, // U+0121
    { 0x0122, 15 }, // U+0122
    { 0x0123, 40 }, // U+0123
    { 0x0124, 16 }, // U+0124
    { 0x0125, 41 }, // U+0125
    { 0x0126, 16 }, // U+0126
    { 0x0127, 41 }, // U+0127
    { 0x0128, 16 }, // U+0128
    { 0x0129, 62 }, // U+0129
    { 0x012A, 16 }, // U+012A
    { 0x012B, 62 }, // U+012B
    { 0x012C, 16 }, // U+012C
    { 0x012D, 62 }, // U+012D
    { 0x012E, 16 }, // U+012E
    { 0x012F, 69 }, // U+012F
    { 0x0130, 16 }, // U+0130
    { 0x0131, 42 }, // U+0131
    { 0x0132, 17 }, // U+0132
    { 0x0133, 43 }, // U+0133
    { 0x0134, 17 }, // U+0134
    { 0x0135, 70 }, // U+0135
    { 0x0136, 18 }, // U+0136
    { 0x0137, 44 }, // U+0137
    { 0x0138, 44 }, // U+0138
    { 0x0139, 19 }, // U+0139
    { 0x013A, 45 }, // U+013A
    { 0x013B, 19 }, // U+013B
    { 0x013C, 45 }, // U+013C
    { 0x013E, 65 }, // U+013E
    { 0x0141, 19 }, // U+0141
    { 0x0142, 71 }, // U+0142
    { 0x0143, 21 }, // U+0143
    { 0x0144, 41 }, // U+0144
    { 0x0145, 21 }, // U+0145
    { 0x0146, 41 }, // U+0146
    { 0x0147, 21 }, // U+0147
    { 0x0148, 41 }, // U+0148
    { 0x0149, 41 }, // U+0149
    { 0x014A, 21 }, // U+014A
    { 0x014B, 41 }, // U+014B
    { 0x014C, 12 }, // U+014C
    { 0x014D, 35 }, // U+014D
    { 0x014E, 12 }, // U+014E
    { 0x014F, 35 }, // U+014F
    { 0x0150, 12 }, // U+0150
    { 0x0151, 35 }, // U+0151
    { 0x0152, 13 }, // U+0152
    { 0x0153, 38 }, // U+0153
    { 0x0154, 24 }, // U+0154
    { 0x0155, 47 }, // U+0155
    { 0x0156, 24 }, // U+0156
    { 0x0157, 47 }, // U+0157
    { 0x0158, 24 }, // U+0158
    { 0x0159, 47 }, // U+0159
    { 0x015A, 25 }, // U+015A
    { 0x015B, 48 }, // U+015B
    { 0x015C, 25 }, // U+015C
    { 0x015D, 48 }, // U+015D
    { 0x015E, 25 }, // U+015E
    { 0x015F, 48 }, // U+015F
    { 0x0160, 25 }, // U+0160
    { 0x0161, 48 }, // U+0161
    { 0x0162, 26 }, // U+0162
    { 0x0163, 72 }, // U+0163
    { 0x0164, 26 }, // U+0164
    { 0x0165, 73 }, // U+0165
    { 0x0166, 26 }, // U+0166
    { 0x0167, 49 }, // U+0167
    { 0x0168, 27 }, // U+0168
    { 0x0169, 50 }, // U+0169
    { 0x016A, 27 }, // U+016A
    { 0x016B, 50 }, // U+016B
    { 0x016C, 27 }, // U+016C
    { 0x016D, 50 }, // U+016D
    { 0x016E, 27 }, // U+016E
    { 0x016F, 50 }, // U+016F
    { 0x0170, 27 }, // U+0170
    { 0x0171, 50 }, // U+0171
    { 0x0172, 27 }, // U+0172
    { 0x0173, 74 }, // U+0173
    { 0x0174, 28 }, // U+0174
    { 0x0175, 51 }, // U+0175
    { 0x0176, 30 }, // U+0176
    { 0x0177, 51 }, // U+0177
    { 0x0178, 30 }, // U+0178
    { 0x0179, 31 }, // U+0179
    { 0x017A, 53 }, // U+017A
    { 0x017B, 31 }, // U+017B
    { 0x017C, 53 }, // U+017C
    { 0x017D, 31 }, // U+017D
    { 0x017E, 53 }, // U+017E
    { 0x01A0, 75 }, // U+01A0
    { 0x01A1, 76 }, // U+01A1
    { 0x01AF, 77 }, // U+01AF
    { 0x01B0, 78 }, // U+01B0
    { 0x01C4, 31 }, // U+01C4
    { 0x01C5, 53 }, // U+01C5
    { 0x01C6, 53 }, // U+01C6
    { 0x01C7, 17 }, // U+01C7
    { 0x01C8, 43 }, // U+01C8
    { 0x01C9, 43 }, // U+01C9
    { 0x01CA, 17 }, // U+01CA
    { 0x01CB, 43 }, // U+01CB
    { 0x01CC, 43 }, // U+01CC
    { 0x01CD, 9 }, // U+01CD
    { 0x01CE, 34 }, // U+01CE
    { 0x01CF, 16 }, // U+01CF
    { 0x01D0, 62 }, // U+01D0
    { 0x01D1, 12 }, // U+01D1
    { 0x01D2, 35 }, // U+01D2
    { 0x01D3, 27 }, // U+01D3
    { 0x01D4, 50 }, // U+01D4
    { 0x01D5, 27 }, // U+01D5
    { 0x01D6, 50 }, // U+01D6
    { 0x01D7, 27 }, // U+01D7
    { 0x01D8, 50 }, // U+01D8
    { 0x01D9, 27 }, // U+01D9
    { 0x01DA, 50 }, // U+01DA
    { 0x01DB, 27 }, // U+01DB
    { 0x01DC, 50 }, // U+01DC
    { 0x01DD, 35 }, // U+01DD
    { 0x01DE, 9 }, // U+01DE
    { 0x01DF, 34 }, // U+01DF
    { 0x01E0, 9 }, // U+01E0
    { 0x01E1, 34 }, // U+01E1
    { 0x01E2, 13 }, // U+01E2
    { 0x01E3, 38 }, // U+01E3
    { 0x01E4, 15 }, // U+01E4
    { 0x01E5, 79 }, // U+01E5
    { 0x01E6, 15 }, // U+01E6
    { 0x01E7, 40 }, // U+01E7
    { 0x01E8, 18 }, // U+01E8
    { 0x01E9, 44 }, // U+01E9
    { 0x01EA, 12 }, // U+01EA
    { 0x01EB, 35 }, // U+01EB
    { 0x01EC, 12 }, // U+01EC
    { 0x01ED, 35 }, // U+01ED
    { 0x01EF, 80 }, // U+01EF
    { 0x01F0, 70 }, // U+01F0
    { 0x01F1, 31 }, // U+01F1
    { 0x01F2, 53 }, // U+01F2
    { 0x01F3, 53 }, // U+01F3
    { 0x01F4, 15 }, // U+01F4
    { 0x01F5, 40 }, // U+01F5
    { 0x01F8, 21 }, // U+01F8
    { 0x01F9, 41 }, // U+01F9
    { 0x01FA, 9 }, // U+01FA
    { 0x01FB, 34 }, // U+01FB
    { 0x01FC, 13 }, // U+01FC
    { 0x01FD, 38 }, // U+01FD
    { 0x01FE, 59 }, // U+01FE
    { 0x01FF, 35 }, // U+01FF
    { 0x0200, 9 }, // U+0200
    { 0x0201, 34 }, // U+0201
    { 0x0202, 9 }, // U+0202
    { 0x0203, 34 }, // U+0203
    { 0x0204, 13 }, // U+0204
    { 0x0205, 38 }, // U+0205
    { 0x0206, 13 }, // U+0206
    { 0x0207, 38 }, // U+0207
    { 0x0208, 16 }, // U+0208
    { 0x0209, 62 }, // U+0209
    { 0x020A, 16 }, // U+020A
    { 0x020B, 62 }, // U+020B
    { 0x020C, 12 }, // U+020C
    { 0x020D, 35 }, // U+020D
    { 0x020E, 12 }, // U+020E
    { 0x020F, 35 }, // U+020F
    { 0x0210, 24 }, // U+0210
    { 0x0211, 47 }, // U+0211
    { 0x0212, 24 }, // U+0212
    { 0x0213, 47 }, // U+0213
    { 0x0214, 27 }, // U+0214
    { 0x0215, 50 }, // U+0215
    { 0x0216, 27 }, // U+0216
    { 0x0217, 50 }, // U+0217
    { 0x0218, 25 }, // U+0218
    { 0x0219, 48 }, // U+0219
    { 0x021A, 26 }, // U+021A
    { 0x021B, 49 }, // U+021B
    { 0x021C, 10 }, // U+021C
    { 0x021D, 81 }, // U+021D
    { 0x021E, 16 }, // U+021E
    { 0x021F, 41 }, // U+021F
    { 0x0400, 82 }, // U+0400
    { 0x0401, 82 }, // U+0401
    { 0x0402, 83 }, // U+0402
    { 0x0404, 84 }, // U+0404
    { 0x0405, 85 }, // U+0405
    { 0x0406, 86 }, // U+0406
    { 0x0407, 86 }, // U+0407
    { 0x0408, 87 }, // U+0408
    { 0x0409, 88 }, // U+0409
    { 0x040A, 88 }, // U+040A
    { 0x040B, 89 }, // U+040B
    { 0x040C, 90 }, // U+040C
    { 0x040D, 86 }, // U+040D
    { 0x040E, 91 }, // U+040E
    { 0x040F, 86 }, // U+040F
    { 0x0410, 92 }, // U+0410
    { 0x0411, 93 }, // U+0411
    { 0x0412, 94 }, // U+0412
    { 0x0413, 95 }, // U+0413
    { 0x0414, 96 }, // U+0414
    { 0x0415, 82 }, // U+0415
    { 0x0416, 90 }, // U+0416
    { 0x0417, 94 }, // U+0417
    { 0x0418, 86 }, // U+0418
    { 0x0419, 86 }, // U+0419
    { 0x041A, 90 }, // U+041A
    { 0x041B, 86 }, // U+041B
    { 0x041C, 97 }, // U+041C
    { 0x041D, 86 }, // U+041D
    { 0x041E, 98 }, // U+041E
    { 0x041F, 86 }, // U+041F
    { 0x0420, 99 }, // U+0420
    { 0x0421, 100 }, // U+0421
    { 0x0422, 95 }, // U+0422
    { 0x0423, 91 }, // U+0423
    { 0x0424, 101 }, // U+0424
    { 0x0425, 102 }, // U+0425
    { 0x0426, 96 }, // U+0426
    { 0x0427, 86 }, // U+0427
    { 0x0428, 86 }, // U+0428
    { 0x0429, 96 }, // U+0429
    { 0x042A, 88 }, // U+042A
    { 0x042B, 86 }, // U+042B
    { 0x042C, 88 }, // U+042C
    { 0x042D, 98 }, // U+042D
    { 0x042E, 98 }, // U+042E
    { 0x042F, 86 }, // U+042F
    { 0x0430, 103 }, // U+0430
    { 0x0431, 104 }, // U+0431
    { 0x0432, 105 }, // U+0432
    { 0x0433, 106 }, // U+0433
    { 0x0434, 107 }, // U+0434
    { 0x0435, 108 }, // U+0435
    { 0x0436, 109 }, // U+0436
    { 0x0437, 110 }, // U+0437
    { 0x0438, 111 }, // U+0438
    { 0x0439, 111 }, // U+0439
    { 0x043A, 109 }, // U+043A
    { 0x043B, 111 }, // U+043B
    { 0x043C, 111 }, // U+043C
    { 0x043D, 111 }, // U+043D
    { 0x043E, 104 }, // U+043E
    { 0x043F, 111 }, // U+043F
    { 0x0440, 104 }, // U+0440
    { 0x0441, 112 }, // U+0441
    { 0x0442, 106 }, // U+0442
    { 0x0443, 113 }, // U+0443
    { 0x0444, 104 }, // U+0444
    { 0x0445, 114 }, // U+0445
    { 0x0446, 107 }, // U+0446
    { 0x0447, 111 }, // U+0447
    { 0x0448, 111 }, // U+0448
    { 0x0449, 107 }, // U+0449
    { 0x044A, 115 }, // U+044A
    { 0x044B, 111 }, // U+044B
    { 0x044C, 115 }, // U+044C
    { 0x044D, 104 }, // U+044D
    { 0x044E, 104 }, // U+044E
    { 0x044F, 111 }, // U+044F
    { 0x0450, 108 }, // U+0450
    { 0x0451, 108 }, // U+0451
    { 0x0452, 116 }, // U+0452
    { 0x0453, 106 }, // U+0453
    { 0x0454, 13 }, // U+0454
    { 0x0455, 117 }, // U+0455
    { 0x0456, 118 }, // U+0456
    { 0x0457, 119 }, // U+0457
    { 0x0459, 115 }, // U+0459
    { 0x045A, 115 }, // U+045A
    { 0x045B, 120 }, // U+045B
    { 0x045C, 109 }, // U+045C
    { 0x045D, 111 }, // U+045D
    { 0x045E, 113 }, // U+045E
    { 0x045F, 111 }, // U+045F
    { 0x0462, 121 }, // U+0462
    { 0x0463, 122 }, // U+0463
    { 0x0472, 98 }, // U+0472
    { 0x0473, 104 }, // U+0473
    { 0x0474, 123 }, // U+0474
    { 0x0475, 124 }, // U+0475
    { 0x048A, 96 }, // U+048A
    { 0x048B, 107 }, // U+048B
    { 0x048C, 88 }, // U+048C
    { 0x048D, 115 }, // U+048D
    { 0x048E, 99 }, // U+048E
    { 0x048F, 104 }, // U+048F
    { 0x0490, 125 }, // U+0490
    { 0x0491, 126 }, // U+0491
    { 0x0492, 127 }, // U+0492
    { 0x0493, 106 }, // U+0493
    { 0x0496, 128 }, // U+0496
    { 0x0497, 129 }, // U+0497
    { 0x0498, 94 }, // U+0498
    { 0x0499, 110 }, // U+0499
    { 0x049A, 128 }, // U+049A
    { 0x049B, 129 }, // U+049B
    { 0x049C, 90 }, // U+049C
    { 0x049D, 109 }, // U+049D
    { 0x049E, 90 }, // U+049E
    { 0x049F, 109 }, // U+049F
    { 0x04A0, 90 }, // U+04A0
    { 0x04A1, 109 }, // U+04A1
    { 0x04A2, 96 }, // U+04A2
    { 0x04A3, 107 }, // U+04A3
    { 0x04A8, 130 }, // U+04A8
    { 0x04A9, 131 }, // U+04A9
    { 0x04AA, 100 }, // U+04AA
    { 0x04AB, 112 }, // U+04AB
    { 0x04AC, 95 }, // U+04AC
    { 0x04AD, 106 }, // U+04AD
    { 0x04AE, 132 }, // U+04AE
    { 0x04AF, 113 }, // U+04AF
    { 0x04B0, 132 }, // U+04B0
    { 0x04B1, 113 }, // U+04B1
    { 0x04B2, 133 }, // U+04B2
    { 0x04B3, 134 }, // U+04B3
    { 0x04B4, 96 }, // U+04B4
    { 0x04B5, 107 }, // U+04B5
    { 0x04B6, 96 }, // U+04B6
    { 0x04B7, 107 }, // U+04B7
    { 0x04B8, 86 }, // U+04B8
    { 0x04B9, 111 }, // U+04B9
    { 0x04BA, 135 }, // U+04BA
    { 0x04BB, 120 }, // U+04BB
    { 0x04BC, 136 }, // U+04BC
    { 0x04BD, 108 }, // U+04BD
    { 0x04BE, 136 }, // U+04BE
    { 0x04BF, 108 }, // U+04BF
    { 0x04C0, 86 }, // U+04C0
    { 0x04C1, 90 }, // U+04C1
    { 0x04C2, 109 }, // U+04C2
    { 0x04C3, 137 }, // U+04C3
    { 0x04C4, 138 }, // U+04C4
    { 0x04C5, 96 }, // U+04C5
    { 0x04C6, 107 }, // U+04C6
    { 0x04C7, 87 }, // U+04C7
    { 0x04C8, 139 }, // U+04C8
    { 0x04C9, 96 }, // U+04C9
    { 0x04CA, 107 }, // U+04CA
    { 0x04CB, 86 }, // U+04CB
    { 0x04CC, 111 }, // U+04CC
    { 0x04CD, 96 }, // U+04CD
    { 0x04CE, 107 }, // U+04CE
    { 0x04CF, 140 }, // U+04CF
    { 0x04D0, 92 }, // U+04D0
    { 0x04D1, 103 }, // U+04D1
    { 0x04D2, 92 }, // U+04D2
    { 0x04D3, 103 }, // U+04D3
    { 0x04D4, 82 }, // U+04D4
    { 0x04D5, 108 }, // U+04D5
    { 0x04D6, 82 }, // U+04D6
    { 0x04D7, 108 }, // U+04D7
    { 0x04D8, 98 }, // U+04D8
    { 0x04D9, 104 }, // U+04D9
    { 0x04DA, 98 }, // U+04DA
    { 0x04DB, 104 }, // U+04DB
    { 0x04DC, 90 }, // U+04DC
    { 0x04DD, 109 }, // U+04DD
    { 0x04DE, 94 }, // U+04DE
    { 0x04DF, 110 }, // U+04DF
    { 0x04E0, 141 }, // U+04E0
    { 0x04E1, 142 }, // U+04E1
    { 0x04E2, 86 }, // U+04E2
    { 0x04E3, 111 }, // U+04E3
    { 0x04E4, 86 }, // U+04E4
    { 0x04E5, 111 }, // U+04E5
    { 0x04E6, 98 }, // U+04E6
    { 0x04E7, 104 }, // U+04E7
    { 0x04E8, 98 }, // U+04E8
    { 0x04E9, 104 }, // U+04E9
    { 0x04EA, 98 }, // U+04EA
    { 0x04EB, 104 }, // U+04EB
    { 0x04EC, 98 }, // U+04EC
    { 0x04ED, 104 }, // U+04ED
    { 0x04EE, 91 }, // U+04EE
    { 0x04EF, 113 }, // U+04EF
    { 0x04F0, 91 }, // U+04F0
    { 0x04F1, 113 }, // U+04F1
    { 0x04F2, 91 }, // U+04F2
    { 0x04F3, 113 }, // U+04F3
    { 0x04F4, 86 }, // U+04F4
    { 0x04F5, 111 }, // U+04F5
    { 0x04F6, 95 }, // U+04F6
    { 0x04F7, 106 }, // U+04F7
    { 0x04F8, 86 }, // U+04F8
    { 0x04F9, 111 }, // U+04F9
    { 0x04FA, 127 }, // U+04FA
    { 0x04FB, 106 }, // U+04FB
    { 0x04FC, 143 }, // U+04FC
    { 0x04FD, 144 }, // U+04FD
    { 0x04FE, 102 }, // U+04FE
    { 0x04FF, 114 }, // U+04FF
    { 0x1EA0, 9 }, // U+1EA0
    { 0x1EA1, 34 }, // U+1EA1
    { 0x1EA2, 9 }, // U+1EA2
    { 0x1EA3, 34 }, // U+1EA3
    { 0x1EA4, 9 }, // U+1EA4
    { 0x1EA5, 34 }, // U+1EA5
    { 0x1EA6, 9 }, // U+1EA6
    { 0x1EA7, 34 }, // U+1EA7
    { 0x1EA8, 9 }, // U+1EA8
    { 0x1EA9, 34 }, // U+1EA9
    { 0x1EAA, 9 }, // U+1EAA
    { 0x1EAB, 34 }, // U+1EAB
    { 0x1EAC, 9 }, // U+1EAC
    { 0x1EAD, 34 }, // U+1EAD
    { 0x1EAE, 9 }, // U+1EAE
    { 0x1EAF, 34 }, // U+1EAF
    { 0x1EB0, 9 }, // U+1EB0
    { 0x1EB1, 34 }, // U+1EB1
    { 0x1EB2, 9 }, // U+1EB2
    { 0x1EB3, 34 }, // U+1EB3
    { 0x1EB4, 9 }, // U+1EB4
    { 0x1EB5, 34 }, // U+1EB5
    { 0x1EB6, 9 }, // U+1EB6
    { 0x1EB7, 34 }, // U+1EB7
    { 0x1EB8, 13 }, // U+1EB8
    { 0x1EB9, 38 }, // U+1EB9
    { 0x1EBA, 13 }, // U+1EBA
    { 0x1EBB, 38 }, // U+1EBB
    { 0x1EBC, 13 }, // U+1EBC
    { 0x1EBD, 38 }, // U+1EBD
    { 0x1EBE, 13 }, // U+1EBE
    { 0x1EBF, 38 }, // U+1EBF
    { 0x1EC0, 13 }, // U+1EC0
    { 0x1EC1, 38 }, // U+1EC1
    { 0x1EC2, 13 }, // U+1EC2
    { 0x1EC3, 38 }, // U+1EC3
    { 0x1EC4, 13 }, // U+1EC4
    { 0x1EC5, 38 }, // U+1EC5
    { 0x1EC6, 13 }, // U+1EC6
    { 0x1EC7, 38 }, // U+1EC7
    { 0x1EC8, 16 }, // U+1EC8
    { 0x1EC9, 62 }, // U+1EC9
    { 0x1ECA, 16 }, // U+1ECA
    { 0x1ECB, 42 }, // U+1ECB
    { 0x1ECC, 12 }, // U+1ECC
    { 0x1ECD, 35 }, // U+1ECD
    { 0x1ECE, 12 }, // U+1ECE
    { 0x1ECF, 35 }, // U+1ECF
    { 0x1ED0, 12 }, // U+1ED0
    { 0x1ED1, 35 }, // U+1ED1
    { 0x1ED2, 12 }, // U+1ED2
    { 0x1ED3, 35 }, // U+1ED3
    { 0x1ED4, 12 }, // U+1ED4
    { 0x1ED5, 35 }, // U+1ED5
    { 0x1ED6, 12 }, // U+1ED6
    { 0x1ED7, 35 }, // U+1ED7
    { 0x1ED8, 12 }, // U+1ED8
    { 0x1ED9, 35 }, // U+1ED9
    { 0x1EDA, 75 }, // U+1EDA
    { 0x1EDB, 76 }, // U+1EDB
    { 0x1EDC, 75 }, // U+1EDC
    { 0x1EDD, 76 }, // U+1EDD
    { 0x1EDE, 75 }, // U+1EDE
    { 0x1EDF, 76 }, // U+1EDF
    { 0x1EE0, 75 }, // U+1EE0
    { 0x1EE1, 76 }, // U+1EE1
    { 0x1EE2, 75 }, // U+1EE2
    { 0x1EE3, 76 }, // U+1EE3
    { 0x1EE4, 27 }, // U+1EE4
    { 0x1EE5, 50 }, // U+1EE5
    { 0x1EE6, 27 }, // U+1EE6
    { 0x1EE7, 50 }, // U+1EE7
    { 0x1EE8, 77 }, // U+1EE8
    { 0x1EE9, 78 }, // U+1EE9
    { 0x1EEA, 77 }, // U+1EEA
    { 0x1EEB, 78 }, // U+1EEB
    { 0x1EEC, 77 }, // U+1EEC
    { 0x1EED, 78 }, // U+1EED
    { 0x1EEE, 77 }, // U+1EEE
    { 0x1EEF, 78 }, // U+1EEF
    { 0x1EF0, 77 }, // U+1EF0
    { 0x1EF1, 78 }, // U+1EF1
    { 0x1EF2, 30 }, // U+1EF2
    { 0x1EF3, 51 }, // U+1EF3
    { 0x1EF4, 30 }, // U+1EF4
    { 0x1EF5, 51 }, // U+1EF5
    { 0x1EF6, 30 }, // U+1EF6
    { 0x1EF7, 51 }, // U+1EF7
    { 0x1EF8, 30 }, // U+1EF8
    { 0x1EF9, 51 }, // U+1EF9
    { 0x2010, 5 }, // U+2010
    { 0x2011, 5 }, // U+2011
    { 0x2013, 5 }, // U+2013
    { 0x2014, 5 }, // U+2014
    { 0x2015, 5 }, // U+2015
    { 0x2018, 145 }, // U+2018
    { 0x2019, 146 }, // U+2019
    { 0x201A, 147 }, // U+201A
    { 0x201B, 145 }, // U+201B
    { 0x201C, 145 }, // U+201C
    { 0x201D, 146 }, // U+201D
    { 0x201E, 4 }, // U+201E
    { 0x201F, 145 }, // U+201F
    { 0x2025, 4 }, // U+2025
    { 0x2026, 4 }, // U+2026
    { 0x2039, 56 }, // U+2039
    { 0x203A, 57 }, // U+203A
    { 0xFB00, 39 }, // U+FB00
    { 0xFB01, 42 }, // U+FB01
    { 0xFB02, 45 }, // U+FB02
    { 0xFB03, 42 }, // U+FB03
    { 0xFB04, 45 }, // U+FB04
    { 0xFB05, 49 }, // U+FB05
    { 0xFB06, 49 }, // U+FB06
};

static const EpdKernClassEntry bookerly_10_boldKernRightClasses[] = {
    { 0x0022, 1 }, // "
    { 0x0027, 1 }, // '
    { 0x0029, 2 }, // )
    { 0x002A, 3 }, // *
    { 0x002C, 4 }, // ,
    { 0x002D, 5 }, // -
    { 0x002E, 6 }, // .
    { 0x002F, 7 }, // /
    { 0x003A, 8 }, // :
    { 0x003B, 9 }, // ;
    { 0x003F, 10 }, // ?
    { 0x0041, 11 }, // A
    { 0x0042, 12 }, // B
    { 0x0043, 13 }, // C
    { 0x0044, 12 }, // D
    { 0x0045, 12 }, // E
    { 0x0046, 12 }, // F
    { 0x0047, 13 }, // G
    { 0x0048, 12 }, // H
    { 0x0049, 12 }, // I
    { 0x004A, 14 }, // J
    { 0x004B, 12 }, // K
    { 0x004C, 12 }, // L
    { 0x004D, 15 }, // M
    { 0x004E, 12 }, // N
    { 0x004F, 13 }, // O
    { 0x0050, 12 }, // P
    { 0x0051, 13 }, // Q
    { 0x0052, 12 }, // R
    { 0x0053, 16 }, // S
    { 0x0054, 17 }, // T
    { 0x0055, 18 }, // U
    { 0x0056, 19 }, // V
    { 0x0057, 19 }, // W
    { 0x0058, 20 }, // X
    { 0x0059, 21 }, // Y
    { 0x005A, 22 }, // Z
    { 0x005C, 23 }, // <backslash>
    { 0x005D, 24 }, // ]
    { 0x0061, 25 }, // a
    { 0x0062, 26 }, // b
    { 0x0063, 27 }, // c
    { 0x0064, 27 }, // d
    { 0x0065, 27 }, // e
    { 0x0066, 28 }, // f
    { 0x0067, 29 }, // g
    { 0x0068, 30 }, // h
    { 0x0069, 31 }, // i
    { 0x006A, 32 }, // j
    { 0x006B, 30 }, // k
    { 0x006C, 30 }, // l
    { 0x006D, 33 }, // m
    { 0x006E, 33 }, // n
    { 0x006F, 27 }, // o
    { 0x0070, 34 }, // p
    { 0x0071, 27 }, // q
    { 0x0072, 33 }, // r
    { 0x0073, 35 }, // s
    { 0x0074, 36 }, // t
    { 0x0075, 37 }, // u
    { 0x0076, 38 }, // v
    { 0x0077, 38 }, // w
    { 0x0078, 39 }, // x
    { 0x0079, 40 }, // y
    { 0x007A, 41 }, // z
    { 0x007D, 42 }, // }
    { 0x00AB, 43 }, // U+00AB
    { 0x00AD, 5 }, // U+00AD
    { 0x00BB, 44 }, // U+00BB
    { 0x00BF, 45 }, // U+00BF
    { 0x00C0, 11 }, // U+00C0
    { 0x00C1, 11 }, // U+00C1
    { 0x00C2, 11 }, // U+00C2
    { 0x00C3, 11 }, // U+00C3
    { 0x00C4, 11 }, // U+00C4
    { 0x00C5, 11 }, // U+00C5
    { 0x00C6, 46 }, // U+00C6
    { 0x00C7, 13 }, // U+00C7
    { 0x00C8, 12 }, // U+00C8
    { 0x00C9, 12 }, // U+00C9
    { 0x00CA, 12 }, // U+00CA
    { 0x00CB, 12 }, // U+00CB
    { 0x00CC, 12 }, // U+00CC
    { 0x00CD, 12 }, // U+00CD
    { 0x00CE, 12 }, // U+00CE
    { 0x00CF, 12 }, // U+00CF
    { 0x00D0, 12 }, // U+00D0
    { 0x00D1, 12 }, // U+00D1
    { 0x00D2, 13 }, // U+00D2
    { 0x00D3, 13 }, // U+00D3
    { 0x00D4, 13 }, // U+00D4
    { 0x00D5, 13 }, // U+00D5
    { 0x00D6, 13 }, // U+00D6
    { 0x00D8, 47 }, // U+00D8
    { 0x00D9, 18 }, // U+00D9
    { 0x00DA, 18 }, // U+00DA
    { 0x00DB, 18 }, // U+00DB
    { 0x00DC, 18 }, // U+00DC
    { 0x00DD, 21 }, // U+00DD
    { 0x00DE, 12 }, // U+00DE
    { 0x00DF, 48 }, // U+00DF
    { 0x00E0, 25 }, // U+00E0
    { 0x00E1, 25 }, // U+00E1
    { 0x00E2, 25 }, // U+00E2
    { 0x00E3, 49 }, // U+00E3
    { 0x00E4, 50 }, // U+00E4
    { 0x00E5, 25 }, // U+00E5
    { 0x00E6, 25 }, // U+00E6
    { 0x00E7, 27 }, // U+00E7
    { 0x00E8, 27 }, // U+00E8
    { 0x00E9, 27 }, // U+00E9
    { 0x00EA, 27 }, // U+00EA
    { 0x00EB, 51 }, // U+00EB
    { 0x00EC, 52 }, // U+00EC
    { 0x00ED, 31 }, // U+00ED
    { 0x00EE, 53 }, // U+00EE
    { 0x00EF, 54 }, // U+00EF
    { 0x00F0, 27 }, // U+00F0
    { 0x00F1, 33 }, // U+00F1
    { 0x00F2, 27 }, // U+00F2
    { 0x00F3, 27 }, // U+00F3
    { 0x00F4, 27 }, // U+00F4
    { 0x00F5, 27 }, // U+00F5
    { 0x00F6, 55 }, // U+00F6
    { 0x00F8, 56 }, // U+00F8
    { 0x00F9, 37 }, // U+00F9
    { 0x00FA, 37 }, // U+00FA
    { 0x00FB, 37 }, // U+00FB
    { 0x00FC, 37 }, // U+00FC
    { 0x00FD, 40 }, // U+00FD
    { 0x00FE, 57 }, // U+00FE
    { 0x00FF, 40 }, // U+00FF
    { 0x0100, 11 }, // U+0100
    { 0x0101, 58 }, // U+0101
    { 0x0102, 11 }, // U+0102
    { 0x0103, 59 }, // U+0103
    { 0x0104, 11 }, // U+0104
    { 0x0105, 25 }, // U+0105
    { 0x0106, 13 }, // U+0106
    { 0x0107, 27 }, // U+0107
    { 0x0108, 13 }, // U+0108
    { 0x0109, 60 }, // U+0109
    { 0x010A, 13 }, // U+010A
    { 0x010B, 27 }, // U+010B
    { 0x010C, 13 }, // U+010C
    { 0x010D, 61 }, // U+010D
    { 0x010E, 12 }, // U+010E
    { 0x010F, 27 }, // U+010F
    { 0x0110, 12 }, // U+0110
    { 0x0111, 27 }, // U+0111
    { 0x0112, 12 }, // U+0112
    { 0x0113, 62 }, // U+0113
    { 0x0114, 12 }, // U+0114
    { 0x0115, 60 }, // U+0115
    { 0x0116, 12 }, // U+0116
    { 0x0117, 27 }, // U+0117
    { 0x0118, 12 }, // U+0118
    { 0x0119, 27 }, // U+0119
    { 0x011A, 12 }, // U+011A
    { 0x011B, 60 }, // U+011B
    { 0x011C, 13 }, // U+011C
    { 0x011D, 29 }, // U+011D
    { 0x011E, 13 }, // U+011E
    { 0x011F, 63 }, // U+011F
    { 0x0120, 13 }, // U+0120
    { 0x0121, 29 }, // U+0121
    { 0x0122, 13 }, // U+0122
    { 0x0123, 29 }, // U+0123
    { 0x0124, 12 }, // U+0124
    { 0x0125, 30 }, // U+0125
    { 0x0126, 12 }, // U+0126
    { 0x0127, 64 }, // U+0127
    { 0x0128, 12 }, // U+0128
    { 0x0129, 54 }, // U+0129
    { 0x012A, 12 }, // U+012A
    { 0x012B, 54 }, // U+012B
    { 0x012C, 12 }, // U+012C
    { 0x012D, 54 }, // U+012D
    { 0x012E, 12 }, // U+012E
    { 0x012F, 31 }, // U+012F
    { 0x0130, 12 }, // U+0130
    { 0x0131, 31 }, // U+0131
    { 0x0132, 12 }, // U+0132
    { 0x0133, 31 }, // U+0133
    { 0x0134, 14 }, // U+0134
    { 0x0135, 65 }, // U+0135
    { 0x0136, 12 }, // U+0136
    { 0x0137, 30 }, // U+0137
    { 0x0138, 33 }, // U+0138
    { 0x0139, 12 }, // U+0139
    { 0x013A, 30 }, // U+013A
    { 0x013B, 12 }, // U+013B
    { 0x013C, 30 }, // U+013C
    { 0x013D, 12 }, // U+013D
    { 0x013E, 30 }, // U+013E
    { 0x013F, 12 }, // U+013F
    { 0x0140, 30 }, // U+0140
    { 0x0141, 12 }, // U+0141
    { 0x0142, 66 }, // U+0142
    { 0x0143, 12 }, // U+0143
    { 0x0144, 33 }, // U+0144
    { 0x0145, 12 }, // U+0145
    { 0x0146, 33 }, // U+0146
    { 0x0147, 12 }, // U+0147
    { 0x0148, 33 }, // U+0148
    { 0x0149, 33 }, // U+0149
    { 0x014A, 12 }, // U+014A
    { 0x014B, 33 }, // U+014B
    { 0x014C, 13 }, // U+014C
    { 0x014D, 27 }, // U+014D
    { 0x014E, 13 }, // U+014E
    { 0x014F, 61 }, // U+014F
    { 0x0150, 13 }, // U+0150
    { 0x0151, 27 }, // U+0151
    { 0x0152, 13 }, // U+0152
    { 0x0153, 27 }, // U+0153
    { 0x0154, 12 }, // U+0154
    { 0x0155, 33 }, // U+0155
    { 0x0156, 12 }, // U+0156
    { 0x0157, 33 }, // U+0157
    { 0x0158, 12 }, // U+0158
    { 0x0159, 67 }, // U+0159
    { 0x015A, 16 }, // U+015A
    { 0x015B, 35 }, // U+015B
    { 0x015C, 16 }, // U+015C
    { 0x015D, 68 }, // U+015D
    { 0x015E, 16 }, // U+015E
    { 0x015F, 35 }, // U+015F
    { 0x0160, 16 }, // U+0160
    { 0x0161, 69 }, // U+0161
    { 0x0162, 17 }, // U+0162
    { 0x0163, 36 }, // U+0163
    { 0x0164, 17 }, // U+0164
    { 0x0165, 36 }, // U+0165
    { 0x0166, 17 }, // U+0166
    { 0x0167, 36 }, // U+0167
    { 0x0168, 18 }, // U+0168
    { 0x0169, 37 }, // U+0169
    { 0x016A, 18 }, // U+016A
    { 0x016B, 37 }, // U+016B
    { 0x016C, 18 }, // U+016C
    { 0x016D, 37 }, // U+016D
    { 0x016E, 18 }, // U+016E
    { 0x016F, 37 }, // U+016F
    { 0x0170, 18 }, // U+0170
    { 0x0171, 37 }, // U+0171
    { 0x0172, 18 }, // U+0172
    { 0x0173, 37 }, // U+0173
    { 0x0174, 19 }, // U+0174
    { 0x0175, 38 }, // U+0175
    { 0x0176, 21 }, // U+0176
    { 0x0177, 40 }, // U+0177
    { 0x0178, 21 }, // U+0178
    { 0x0179, 22 }, // U+0179
    { 0x017A, 41 }, // U+017A
    { 0x017B, 22 }, // U+017B
    { 0x017C, 41 }, // U+017C
    { 0x017D, 22 }, // U+017D
    { 0x017E, 70 }, // U+017E
    { 0x017F, 48 }, // U+017F
    { 0x01A0, 13 }, // U+01A0
    { 0x01A1, 27 }, // U+01A1
    { 0x01AF, 18 }, // U+01AF
    { 0x01B0, 37 }, // U+01B0
    { 0x01C4, 12 }, // U+01C4
    { 0x01C5, 12 }, // U+01C5
    { 0x01C6, 27 }, // U+01C6
    { 0x01C7, 12 }, // U+01C7
    { 0x01C8, 12 }, // U+01C8
    { 0x01C9, 30 }, // U+01C9
    { 0x01CA, 12 }, // U+01CA
    { 0x01CB, 12 }, // U+01CB
    { 0x01CC, 33 }, // U+01CC
    { 0x01CD, 11 }, // U+01CD
    { 0x01CE, 25 }, // U+01CE
    { 0x01CF, 12 }, // U+01CF
    { 0x01D0, 54 }, // U+01D0
    { 0x01D1, 13 }, // U+01D1
    { 0x01D2, 27 }, // U+01D2
    { 0x01D3, 18 }, // U+01D3
    { 0x01D4, 37 }, // U+01D4
    { 0x01D5, 18 }, // U+01D5
    { 0x01D6, 37 }, // U+01D6
    { 0x01D7, 18 }, // U+01D7
    { 0x01D8, 37 }, // U+01D8
    { 0x01D9, 18 }, // U+01D9
    { 0x01DA, 37 }, // U+01DA
    { 0x01DB, 18 }, // U+01DB
    { 0x01DC, 37 }, // U+01DC
    { 0x01DD, 71 }, // U+01DD
    { 0x01DE, 11 }, // U+01DE
    { 0x01DF, 25 }, // U+01DF
    { 0x01E0, 11 }, // U+01E0
    { 0x01E1, 25 }, // U+01E1
    { 0x01E2, 46 }, // U+01E2
    { 0x01E3, 25 }, // U+01E3
    { 0x01E4, 13 }, // U+01E4
    { 0x01E5, 72 }, // U+01E5
    { 0x01E6, 13 }, // U+01E6
    { 0x01E7, 29 }, // U+01E7
    { 0x01E8, 12 }, // U+01E8
    { 0x01E9, 30 }, // U+01E9
    { 0x01EA, 13 }, // U+01EA
    { 0x01EB, 27 }, // U+01EB
    { 0x01EC, 13 }, // U+01EC
    { 0x01ED, 27 }, // U+01ED
    { 0x01EE, 73 }, // U+01EE
    { 0x01EF, 74 }, // U+01EF
    { 0x01F0, 65 }, // U+01F0
    { 0x01F1, 12 }, // U+01F1
    { 0x01F2, 12 }, // U+01F2
    { 0x01F3, 27 }, // U+01F3
    { 0x01F4, 13 }, // U+01F4
    { 0x01F5, 29 }, // U+01F5
    { 0x01F8, 12 }, // U+01F8
    { 0x01F9, 33 }, // U+01F9
    { 0x01FA, 11 }, // U+01FA
    { 0x01FB, 25 }, // U+01FB
    { 0x01FC, 46 }, // U+01FC
    { 0x01FD, 25 }, // U+01FD
    { 0x01FE, 47 }, // U+01FE
    { 0x01FF, 27 }, // U+01FF
    { 0x0200, 11 }, // U+0200
    { 0x0201, 25 }, // U+0201
    { 0x0202, 11 }, // U+0202
    { 0x0203, 25 }, // U+0203
    { 0x0204, 12 }, // U+0204
    { 0x0205, 27 }, // U+0205
    { 0x0206, 12 }, // U+0206
    { 0x0207, 27 }, // U+0207
    { 0x0208, 12 }, // U+0208
    { 0x0209, 54 }, // U+0209
    { 0x020A, 12 }, // U+020A
    { 0x020B, 54 }, // U+020B
    { 0x020C, 13 }, // U+020C
    { 0x020D, 27 }, // U+020D
    { 0x020E, 13 }, // U+020E
    { 0x020F, 27 }, // U+020F
    { 0x0210, 12 }, // U+0210
    { 0x0211, 33 }, // U+0211
    { 0x0212, 12 }, // U+0212
    { 0x0213, 33 }, // U+0213
    { 0x0214, 18 }, // U+0214
    { 0x0215, 37 }, // U+0215
    { 0x0216, 18 }, // U+0216
    { 0x0217, 37 }, // U+0217
    { 0x0218, 16 }, // U+0218
    { 0x0219, 35 }, // U+0219
    { 0x021A, 17 }, // U+021A
    { 0x021B, 36 }, // U+021B
    { 0x021C, 75 }, // U+021C
    { 0x021D, 76 }, // U+021D
    { 0x021E, 12 }, // U+021E
    { 0x021F, 30 }, // U+021F
    { 0x0400, 77 }, // U+0400
    { 0x0401, 77 }, // U+0401
    { 0x0402, 78 }, // U+0402
    { 0x0403, 77 }, // U+0403
    { 0x0404, 79 }, // U+0404
    { 0x0405, 80 }, // U+0405
    { 0x0406, 77 }, // U+0406
    { 0x0407, 77 }, // U+0407
    { 0x0408, 81 }, // U+0408
    { 0x0409, 82 }, // U+0409
    { 0x040A, 77 }, // U+040A
    { 0x040B, 78 }, // U+040B
    { 0x040C, 77 }, // U+040C
    { 0x040D, 77 }, // U+040D
    { 0x040E, 83 }, // U+040E
    { 0x040F, 77 }, // U+040F
    { 0x0410, 84 }, // U+0410
    { 0x0411, 77 }, // U+0411
    { 0x0412, 77 }, // U+0412
    { 0x0413, 77 }, // U+0413
    { 0x0414, 85 }, // U+0414
    { 0x0415, 77 }, // U+0415
    { 0x0416, 86 }, // U+0416
    { 0x0417, 87 }, // U+0417
    { 0x0418, 77 }, // U+0418
    { 0x0419, 77 }, // U+0419
    { 0x041A, 77 }, // U+041A
    { 0x041B, 82 }, // U+041B
    { 0x041C, 88 }, // U+041C
    { 0x041D, 77 }, // U+041D
    { 0x041E, 79 }, // U+041E
    { 0x041F, 77 }, // U+041F
    { 0x0420, 77 }, // U+0420
    { 0x0421, 79 }, // U+0421
    { 0x0422, 78 }, // U+0422
    { 0x0423, 83 }, // U+0423
    { 0x0424, 89 }, // U+0424
    { 0x0425, 90 }, // U+0425
    { 0x0426, 77 }, // U+0426
    { 0x0427, 91 }, // U+0427
    { 0x0428, 77 }, // U+0428
    { 0x0429, 77 }, // U+0429
    { 0x042A, 78 }, // U+042A
    { 0x042B, 77 }, // U+042B
    { 0x042C, 77 }, // U+042C
    { 0x042D, 92 }, // U+042D
    { 0x042E, 77 }, // U+042E
    { 0x042F, 93 }, // U+042F
    { 0x0430, 94 }, // U+0430
    { 0x0431, 95 }, // U+0431
    { 0x0432, 96 }, // U+0432
    { 0x0433, 96 }, // U+0433
    { 0x0434, 97 }, // U+0434
    { 0x0435, 98 }, // U+0435
    { 0x0436, 99 }, // U+0436
    { 0x0437, 100 }, // U+0437
    { 0x0438, 96 }, // U+0438
    { 0x0439, 96 }, // U+0439
    { 0x043A, 96 }, // U+043A
    { 0x043B, 101 }, // U+043B
    { 0x043C, 96 }, // U+043C
    { 0x043D, 96 }, // U+043D
    { 0x043E, 98 }, // U+043E
    { 0x043F, 96 }, // U+043F
    { 0x0440, 102 }, // U+0440
    { 0x0441, 98 }, // U+0441
    { 0x0442, 103 }, // U+0442
    { 0x0443, 104 }, // U+0443
    { 0x0444, 98 }, // U+0444
    { 0x0445, 105 }, // U+0445
    { 0x0446, 96 }, // U+0446
    { 0x0447, 106 }, // U+0447
    { 0x0448, 96 }, // U+0448
    { 0x0449, 96 }, // U+0449
    { 0x044A, 103 }, // U+044A
    { 0x044B, 96 }, // U+044B
    { 0x044C, 96 }, // U+044C
    { 0x044D, 107 }, // U+044D
    { 0x044E, 96 }, // U+044E
    { 0x044F, 108 }, // U+044F
    { 0x0450, 98 }, // U+0450
    { 0x0451, 98 }, // U+0451
    { 0x0452, 109 }, // U+0452
    { 0x0453, 96 }, // U+0453
    { 0x0454, 98 }, // U+0454
    { 0x0455, 110 }, // U+0455
    { 0x0456, 111 }, // U+0456
    { 0x0457, 112 }, // U+0457
    { 0x0458, 113 }, // U+0458
    { 0x0459, 101 }, // U+0459
    { 0x045A, 96 }, // U+045A
    { 0x045B, 109 }, // U+045B
    { 0x045C, 96 }, // U+045C
    { 0x045D, 96 }, // U+045D
    { 0x045E, 114 }, // U+045E
    { 0x045F, 96 }, // U+045F
    { 0x0462, 78 }, // U+0462
    { 0x0463, 103 }, // U+0463
    { 0x0472, 79 }, // U+0472
    { 0x0473, 98 }, // U+0473
    { 0x0474, 115 }, // U+0474
    { 0x0475, 104 }, // U+0475
    { 0x048A, 77 }, // U+048A
    { 0x048B, 96 }, // U+048B
    { 0x048C, 116 }, // U+048C
    { 0x048D, 117 }, // U+048D
    { 0x048E, 77 }, // U+048E
    { 0x048F, 102 }, // U+048F
    { 0x0490, 77 }, // U+0490
    { 0x0491, 96 }, // U+0491
    { 0x0492, 77 }, // U+0492
    { 0x0493, 96 }, // U+0493
    { 0x0494, 77 }, // U+0494
    { 0x0495, 96 }, // U+0495
    { 0x0496, 86 }, // U+0496
    { 0x0497, 99 }, // U+0497
    { 0x0498, 87 }, // U+0498
    { 0x0499, 100 }, // U+0499
    { 0x049A, 77 }, // U+049A
    { 0x049B, 96 }, // U+049B
    { 0x049C, 77 }, // U+049C
    { 0x049D, 96 }, // U+049D
    { 0x04A0, 78 }, // U+04A0
    { 0x04A1, 103 }, // U+04A1
    { 0x04A2, 77 }, // U+04A2
    { 0x04A3, 96 }, // U+04A3
    { 0x04A4, 77 }, // U+04A4
    { 0x04A5, 96 }, // U+04A5
    { 0x04A6, 77 }, // U+04A6
    { 0x04A7, 96 }, // U+04A7
    { 0x04A8, 79 }, // U+04A8
    { 0x04A9, 98 }, // U+04A9
    { 0x04AA, 79 }, // U+04AA
    { 0x04AB, 98 }, // U+04AB
    { 0x04AC, 78 }, // U+04AC
    { 0x04AD, 103 }, // U+04AD
    { 0x04AE, 118 }, // U+04AE
    { 0x04AF, 104 }, // U+04AF
    { 0x04B0, 118 }, // U+04B0
    { 0x04B1, 104 }, // U+04B1
    { 0x04B2, 90 }, // U+04B2
    { 0x04B3, 105 }, // U+04B3
    { 0x04B5, 103 }, // U+04B5
    { 0x04B6, 91 }, // U+04B6
    { 0x04B7, 106 }, // U+04B7
    { 0x04B8, 91 }, // U+04B8
    { 0x04B9, 106 }, // U+04B9
    { 0x04BA, 77 }, // U+04BA
    { 0x04BB, 109 }, // U+04BB
    { 0x04BC, 119 }, // U+04BC
    { 0x04BD, 120 }, // U+04BD
    { 0x04BE, 119 }, // U+04BE
    { 0x04BF, 120 }, // U+04BF
    { 0x04C0, 77 }, // U+04C0
    { 0x04C1, 86 }, // U+04C1
    { 0x04C2, 99 }, // U+04C2
    { 0x04C3, 77 }, // U+04C3
    { 0x04C4, 96 }, // U+04C4
    { 0x04C5, 82 }, // U+04C5
    { 0x04C6, 101 }, // U+04C6
    { 0x04C7, 77 }, // U+04C7
    { 0x04C8, 96 }, // U+04C8
    { 0x04C9, 77 }, // U+04C9
    { 0x04CA, 96 }, // U+04CA
    { 0x04CB, 91 }, // U+04CB
    { 0x04CC, 106 }, // U+04CC
    { 0x04CE, 96 }, // U+04CE
    { 0x04CF, 109 }, // U+04CF
    { 0x04D0, 84 }, // U+04D0
    { 0x04D1, 94 }, // U+04D1
    { 0x04D2, 84 }, // U+04D2
    { 0x04D3, 94 }, // U+04D3
    { 0x04D4, 121 }, // U+04D4
    { 0x04D5, 94 }, // U+04D5
    { 0x04D6, 77 }, // U+04D6
    { 0x04D7, 98 }, // U+04D7
    { 0x04D8, 122 }, // U+04D8
    { 0x04D9, 123 }, // U+04D9
    { 0x04DB, 123 }, // U+04DB
    { 0x04DC, 86 }, // U+04DC
    { 0x04DD, 99 }, // U+04DD
    { 0x04DE, 87 }, // U+04DE
    { 0x04DF, 100 }, // U+04DF
    { 0x04E1, 124 }, // U+04E1
    { 0x04E2, 77 }, // U+04E2
    { 0x04E3, 96 }, // U+04E3
    { 0x04E4, 77 }, // U+04E4
    { 0x04E5, 96 }, // U+04E5
    { 0x04E6, 79 }, // U+04E6
    { 0x04E7, 98 }, // U+04E7
    { 0x04E8, 79 }, // U+04E8
    { 0x04E9, 98 }, // U+04E9
    { 0x04EA, 79 }, // U+04EA
    { 0x04EB, 98 }, // U+04EB
    { 0x04ED, 100 }, // U+04ED
    { 0x04EE, 83 }, // U+04EE
    { 0x04EF, 114 }, // U+04EF
    { 0x04F0, 83 }, // U+04F0
    { 0x04F1, 125 }, // U+04F1
    { 0x04F2, 83 }, // U+04F2
    { 0x04F3, 114 }, // U+04F3
    { 0x04F5, 106 }, // U+04F5
    { 0x04F6, 77 }, // U+04F6
    { 0x04F7, 96 }, // U+04F7
    { 0x04F8, 77 }, // U+04F8
    { 0x04F9, 96 }, // U+04F9
    { 0x04FA, 77 }, // U+04FA
    { 0x04FB, 96 }, // U+04FB
    { 0x04FC, 90 }, // U+04FC
    { 0x04FD, 105 }, // U+04FD
    { 0x04FE, 90 }, // U+04FE
    { 0x04FF, 105 }, // U+04FF
    { 0x1EA0, 11 }, // U+1EA0
    { 0x1EA1, 25 }, // U+1EA1
    { 0x1EA2, 11 }, // U+1EA2
    { 0x1EA3, 25 }, // U+1EA3
    { 0x1EA4, 11 }, // U+1EA4
    { 0x1EA5, 25 }, // U+1EA5
    { 0x1EA6, 11 }, // U+1EA6
    { 0x1EA7, 25 }, // U+1EA7
    { 0x1EA8, 11 }, // U+1EA8
    { 0x1EA9, 25 }, // U+1EA9
    { 0x1EAA, 11 }, // U+1EAA
    { 0x1EAB, 25 }, // U+1EAB
    { 0x1EAC, 11 }, // U+1EAC
    { 0x1EAD, 25 }, // U+1EAD
    { 0x1EAE, 11 }, // U+1EAE
    { 0x1EAF, 25 }, // U+1EAF
    { 0x1EB0, 11 }, // U+1EB0
    { 0x1EB1, 25 }, // U+1EB1
    { 0x1EB2, 11 }, // U+1EB2
    { 0x1EB3, 25 }, // U+1EB3
    { 0x1EB4, 11 }, // U+1EB4
    { 0x1EB5, 25 }, // U+1EB5
    { 0x1EB6, 11 }, // U+1EB6
    { 0x1EB7, 25 }, // U+1EB7
    { 0x1EB8, 12 }, // U+1EB8
    { 0x1EB9, 27 }, // U+1EB9
    { 0x1EBA, 12 }, // U+1EBA
    { 0x1EBB, 27 }, // U+1EBB
    { 0x1EBC, 12 }, // U+1EBC
    { 0x1EBD, 27 }, // U+1EBD
    { 0x1EBE, 12 }, // U+1EBE
    { 0x1EBF, 27 }, // U+1EBF
    { 0x1EC0, 12 }, // U+1EC0
    { 0x1EC1, 27 }, // U+1EC1
    { 0x1EC2, 12 }, // U+1EC2
    { 0x1EC3, 27 }, // U+1EC3
    { 0x1EC4, 12 }, // U+1EC4
    { 0x1EC5, 27 }, // U+1EC5
    { 0x1EC6, 12 }, // U+1EC6
    { 0x1EC7, 27 }, // U+1EC7
    { 0x1EC8, 12 }, // U+1EC8
    { 0x1EC9, 54 }, // U+1EC9
    { 0x1ECA, 12 }, // U+1ECA
    { 0x1ECB, 31 }, // U+1ECB
    { 0x1ECC, 13 }, // U+1ECC
    { 0x1ECD, 27 }, // U+1ECD
    { 0x1ECE, 13 }, // U+1ECE
    { 0x1ECF, 27 }, // U+1ECF
    { 0x1ED0, 13 }, // U+1ED0
    { 0x1ED1, 27 }, // U+1ED1
    { 0x1ED2, 13 }, // U+1ED2
    { 0x1ED3, 27 }, // U+1ED3
    { 0x1ED4, 13 }, // U+1ED4
    { 0x1ED5, 27 }, // U+1ED5
    { 0x1ED6, 13 }, // U+1ED6
    { 0x1ED7, 27 }, // U+1ED7
    { 0x1ED8, 13 }, // U+1ED8
    { 0x1ED9, 27 }, // U+1ED9
    { 0x1EDA, 13 }, // U+1EDA
    { 0x1EDB, 27 }, // U+1EDB
    { 0x1EDC, 13 }, // U+1EDC
    { 0x1EDD, 27 }, // U+1EDD
    { 0x1EDE, 13 }, // U+1EDE
    { 0x1EDF, 27 }, // U+1EDF
    { 0x1EE0, 13 }, // U+1EE0
    { 0x1EE1, 27 }, // U+1EE1
    { 0x1EE2, 13 }, // U+1EE2
    { 0x1EE3, 27 }, // U+1EE3
    { 0x1EE4, 18 }, // U+1EE4
    { 0x1EE5, 37 }, // U+1EE5
    { 0x1EE6, 18 }, // U+1EE6
    { 0x1EE7, 37 }, // U+1EE7
    { 0x1EE8, 18 }, // U+1EE8
    { 0x1EE9, 37 }, // U+1EE9
    { 0x1EEA, 18 }, // U+1EEA
    { 0x1EEB, 37 }, // U+1EEB
    { 0x1EEC, 18 }, // U+1EEC
    { 0x1EED, 37 }, // U+1EED
    { 0x1EEE, 18 }, // U+1EEE
    { 0x1EEF, 37 }, // U+1EEF
    { 0x1EF0, 18 }, // U+1EF0
    { 0x1EF1, 37 }, // U+1EF1
    { 0x1EF2, 21 }, // U+1EF2
    { 0x1EF3, 40 }, // U+1EF3
    { 0x1EF4, 21 }, // U+1EF4
    { 0x1EF5, 38 }, // U+1EF5
    { 0x1EF6, 21 }, // U+1EF6
    { 0x1EF7, 40 }, // U+1EF7
    { 0x1EF8, 21 }, // U+1EF8
    { 0x1EF9, 40 }, // U+1EF9
    { 0x2010, 5 }, // U+2010
    { 0x2011, 5 }, // U+2011
    { 0x2013, 5 }, // U+2013
    { 0x2014, 5 }, // U+2014
    { 0x2015, 5 }, // U+2015
    { 0x2018, 126 }, // U+2018
    { 0x2019, 127 }, // U+2019
    { 0x201A, 6 }, // U+201A
    { 0x201B, 126 }, // U+201B
    { 0x201C, 126 }, // U+201C
    { 0x201D, 127 }, // U+201D
    { 0x201E, 6 }, // U+201E
    { 0x201F, 126 }, // U+201F
    { 0x2025, 6 }, // U+2025
    { 0x2026, 6 }, // U+2026
    { 0x2039, 43 }, // U+2039
    { 0x203A, 44 }, // U+203A
    { 0x2047, 10 }, // U+2047
    { 0x2048, 10 }, // U+2048
    { 0xFB00, 28 }, // U+FB00
    { 0xFB01, 28 }, // U+FB01
    { 0xFB02, 28 }, // U+FB02
    { 0xFB03, 28 }, // U+FB03
    { 0xFB04, 28 }, // U+FB04
    { 0xFB05, 28 }, // U+FB05
    { 0xFB06, 35 }, // U+FB06
};

static const int8_t bookerly_10_boldKernMatrix[] = {
       0,    0,    0,    0,    0,    0,    0,    0,    0,    0,  -17,    0,    0,    0,    0,    0,    0,    0,    0,    0,    0,    0,    0,    0,    0,    0,    0,    0,  -13,    0,    0,    0,    0,    0,    0,   13,    0,    0,    0,    0,    0,    0,    0,    0,    0,    0,    0,    0,    0,    0,    0,    0,    0,    0,    0,    0,    0,    0,    0,    0,    0,    0,  -13,    0,    0,    0,    0,    0,    0,    0,    0,  -13,    0,    0,    0,    0,    0,    0,    0,    0,    0,    0,    0,  -17,    0,    0,    0,    0,    0,    0,    0,    0,    0,    0,    0,    0,    0,    0,    0,    0,    0,    0,    0,    0,    0,    0,    0,    0,    0,    0,    0,    0,    0,    0,    0,    0,    0,    0,    0,    0,    0,    0,    0,    0,    0,    0,    0,
       0,    0,    0,    0,    0,    0,    0,    0,    0,    0,    0,    0,  -10,   20,    0,    0,    0,    0,    0,    0,    0,    0,    0,    0,   -7,    0,   -7,    0,    0,    0,    0,   17,    0,    0,    0,    0,    0,   10,    0,   10,    0,    0,    0,    0,    0,    0,  -10,    0,   -7,   -7,   -7,    0,   10,   10,   -7,   -7,    0,   -7,   -7,   -7,   -7,   -7,    0,    0,   17,    0,    0,    0,    0,    0,    0,    0,    0,    0,    0,    0,    0,    0,  -10,    0,   20,    0,    0,    0,    0,    0,    0,    0,    0,    0,    0,    0,    0,   -7,    0,    0,    0,   -7,    0,    0,    0,    0,    0,   10,    0,    0,    0,    0,    0,    0,    0,   10,   17,   10,    0,    0,    0,    0,    0,    0,    0,    0,    0,    0,   10,    0,    0,
       0,    0,    0,    0,    0,    0,    0,    0,    0,    0,  -27,    0,    0,    0,    0,    0,    0,    0,    7,   10,    7,    0,    0,    0,    0,    0,   -7,    0,  -10,    0,    0,    0,    0,    0,    0,    0,    0,    0,    0,    0,    0,    0,    0,    0,    0,  -45,    0,    0,    0,    0,   -7,    0,    0,    0,   -7,   -7,    0,    0,    0,   -7,   -7,   -7,  -10,    0,    0,    0,    0,    0,    0,    0,    0,  -10,    0,    0,    0,    0,    0,    0,    0,    0,    0,  -23,    0,  -27,    0,    0,    0,    0,    0,   10,    0,    0,    0,    0,    0,    0,    0,   -7,    0,    0,    0,    0,    0,    0,    0,    0,    0,    0,    0,    0,    0,    0,    0,    0,    7,    0,    0,    7,    0,    0,  -45,    0,    0,    0,    0,    0,    0,
       0,    0,    0,    0,    0,    0,    0,    0,    0,    0,   10,    0,  -13,   10,    0,    0,  -27,  -13,  -43,    0,  -30,    0,    0,    0,    0,    0,   -5,    0,    0,    0,    0,    0,   -3,   -5,    0,  -10,  -13,  -30,    0,  -30,    0,    0,    0,    0,    0,    0,  -13,    0,    0,    0,   -5,    0,    0,    0,   -5,   -5,    0,    0,    0,   -5,   -5,   -5,    0,    0,   -7,    0,   -3,    0,    0,    0,    0,    0,    0,    0,    0,    0,    0,  -27,  -13,    0,   10,    0,  -13,   10,    0,    0,    0,    0,   -7,    0,  -33,    0,    0,    0,    0,    0,    0,   -5,    0,    0,    0,   -5,  -17,  -23,    7,  -23,    0,    0,    0,    0,    0,    0,    0,  -23,  -43,    0,    0,  -30,  -23,  -13,    0,    0,    0,    0,  -23,  -27,  -13,
       0,    0,    0,    0,    0,    0,    0,    0,    0,    0,  -10,    0,    0,   -7,    0,    0,   -7,    0,  -17,   -7,  -17,    0,    0,    0,    0,    0,    0,    0,    0,    0,    0,    0,    0,    0,    0,    0,    0,   -5,    0,   -5,    0,    0,    0,    0,    0,  -10,    0,    0,    0,    0,    0,    0,    0,    0,    0,    0,    0,    0,    0,    0,    0,    0,    0,    0,    0,    0,    0,    0,    0,    0,    0,    0,    0,    0,  -10,    0,    0,   -7,    0,    0,   -7,    0,    0,  -10,   -7,   -7,    0,    0,    7,   -7,   -7,    0,    0,    0,    0,    0,    0,    0,    0,    0,    0,    0,    0,   -5,    0,    0,    0,    0,    0,    0,    0,    0,    0,   -5,  -17,    0,    0,  -17,    0,    0,  -10,    0,    0,    0,   -5,    0,    0,
       0,    0,    0,    0,    0,    0,    0,    0,    0,    0,  -33,    0,  -13,    0,    0,  -10,    0,    0,    0,    0,    0,   -7,    0,    0,  -33,    0,  -30,  -13,  -30,    0,    0,    0,  -17,  -17,  -30,    0,  -10,   -7,  -13,   -7,  -13,    0,    0,    0,    0,  -47,  -13,    0,  -33,  -33,  -30,    0,    7,    7,  -30,  -30,    0,  -33,  -33,  -30,  -30,  -30,  -30,    0,    0,    0,  -17,  -30,  -30,  -13,    0,  -30,    0,  -10,    0,  -23,    0,    0,  -13,  -10,    0,  -13,    0,  -33,  -13,    0,    0,    0,  -13,    0,    0,    0,    0,  -33,    0,   -7,  -35,  -30,  -17,  -10,  -22,  -17,  -10,   -7,  -13,    0,  -10,  -30,    0,  -30,    0,    7,    0,   -7,    0,    0,    0,    0,    0,   -7,  -47,    0,    0,  -10,   -7,    0,    0,
       0,    0,    0,    0,    0,    0,    0,    0,    0,    0,    0,    0,    0,    0,    0,    0,    0,    0,   -5,    0,   -5,    0,    0,    0,    0,    0,    0,    0,    0,    0,    0,    0,    0,    0,    0,    0,    0,    0,    0,    0,    0,    0,    0,    0,    0,    0,    0,    0,    0,    0,    0,    0,    0,    0,    0,    0,    0,    0,    0,    0,    0,    0,    0,    0,    0,    0,    0,    0,    0,    0,    0,    0,    0,    0,    0,    0,    0,    0,    0,    0,    0,    0,    0,    0,    0,    0,    0,    0,    0,    0,    0,    0,    0,    0,    0,    0,    0,    0,    0,    0,    0,    0,    0,    0,    0,    0,    0,    0,    0,    0,    0,    0,    0,    0,   -5,    0,    0,   -5,    0,    0,    0,    0,    0,    0,    0,    0,    0,
       0,    0,    0,    0,    0,    0,    0,    0,    0,    0,    0,    0,    0,    0,    0,    0,    0,    0,    0,    0,   -7,    0,    0,    0,    0,    0,    0,    0,    0,    0,    0,    0,    0,    0,    0,    0,    0,    0,    0,    0,    0,    0,    0,    0,    0,    0,    0,    0,    0,    0,    0,    0,    0,    0,    0,    0,    0,    0,    0,    0,    0,    0,    0,    0,    0,    0,    0,    0,    0,    0,    0,    0,    0,    0,    0,    0,    0,    0,    0,    0,    0,    0,    0,    0,    0,    0,    0,    0,    0,    0,    0,    0,    0,    0,    0,    0,    0,    0,    0,    0,    0,    0,    0,    0,    0,    0,    0,    0,    0,    0,    0,    0,    0,    0,    0,    0,    0,   -7,    0,    0,    0,    0,    0,    0,    0,    0,    0,
     -17,    0,  -30,    0,  -10,    0,    7,    0,    0,  -18,    8,    0,   -5,    0,    0,    0,  -35,  -20,  -38,    3,  -34,    3,  -33,    0,    0,   -5,    0,    0,    0,    0,    0,    0,    0,    0,    0,   -5,   -7,  -28,    7,  -28,    0,    0,  -10,    0,    0,   10,    0,    0,    0,    0,    0,    0,    0,    0,    0,    0,    0,    0,    0,    0,    0,    0,    0,    0,    0,    0,    0,    0,    0,    0,    0,    0,    0,    0,    0,    0,    0,    0,    0,    0,    0,    0,    0,    0,    0,    0,    0,    0,    0,    0,    0,    0,    0,    0,    0,    0,    0,    0,    0,    0,    0,    0,    0,    0,    0,    0,    0,    0,    0,    0,    0,    0,    0,    0,    0,    0,    0,    0,    0,    0,    0,    0,    0,    0,    0,  -37,  -27,
       0,    0,    0,   -7,    0,   -7,    0,    0,    0,    0,  -10,    0,    0,    0,    0,    0,   -5,    0,   -8,   -5,  -10,    0,  -13,    0,    0,    0,    5,    0,    0,    0,    0,    3,    0,    0,    0,    0,    0,    0,    0,    0,    0,    0,    0,    0,    0,   -8,    0,    0,    0,    0,    5,    0,    0,    0,    5,    5,    0,    0,    0,    5,    5,    5,    0,    0,    0,    0,    0,    0,    0,    0,    0,    0,    0,    0,   -7,    0,    0,    0,    0,    0,    0,    0,    0,    0,    0,    0,    0,    0,    0,    0,    0,    0,    0,    0,    0,    0,    0,    0,    0,    0,    0,    0,    0,    0,    0,    0,    0,    0,    0,    0,    0,    0,    0,    0,    0,    0,    0,    0,    0,    0,    0,    0,    0,    0,    0,    0,    0,
       0,    0,    0,    0,   -7,    0,    0,    0,    0,    0,    0,    0,   -8,    0,    0,    0,    0,    0,    0,    0,    0,    0,    0,    0,   -5,    0,   -5,    0,   -5,    0,    0,    0,    0,    0,   -5,    0,   -4,   -4,    0,   -4,    0,    0,    0,    0,    0,    0,   -8,    0,   -5,   -5,   -5,    0,    0,    0,   -5,   -5,    0,   -5,   -5,   -5,   -5,   -5,   -5,    0,    0,    0,    0,   -5,   -5,    0,    0,   -5,    0,    0,    0,    0,    0,    0,    0,    0,    0,    0,    0,    0,    0,    0,    0,    0,    0,    0,    0,    0,    0,    0,    0,    0,    0,    0,    0,    0,    0,    0,    0,    0,    0,    0,    0,    0,    0,    0,    0,    0,    0,    0,    0,    0,    0,    0,    0,    0,    0,    0,    0,    0,    0,    0,    0,
       0,  -10,    0,  -17,    0,  -17,  -13,    0,    0,    0,   -9,   -5,    0,   -7,   -3,    0,    0,   -5,   -7,  -12,   -8,   -4,  -10,    0,    0,    0,    0,    0,   -3,    0,    0,    0,    0,    0,    0,   10,    0,    0,    0,    0,    0,    0,    0,    0,    0,  -23,    0,   -7,    0,    0,    0,    0,    0,    0,    0,    0,    0,    0,    0,    0,    0,    0,   -3,    0,    0,    0,    0,    0,    0,    0,    0,   -3,    0,    0,    0,    0,    0,    0,    0,    0,    0,    0,    0,    0,    0,    0,    0,    0,    0,    0,    0,    0,    0,    0,    0,    0,    0,    0,    0,    0,    0,    0,    0,    0,    0,    0,    0,    0,    0,    0,    0,    0,    0,    0,    0,    0,    0,    0,    0,    0,    0,    0,    0,    0,    0,    0,    0,
       0,    0,    0,    0,    0,    0,    0,    0,    0,    0,    0,    0,    0,    0,    0,    0,    0,    0,    0,    0,    0,    0,    0,    0,    0,    0,    0,    0,    0,    0,    0,    0,    0,    0,    0,    0,    0,    0,    0,    0,    0,    0,    0,    0,    0,    0,    0,    0,    0,    0,    0,    0,    0,    0,    0,    0,    0,    0,    0,    0,    0,    0,    0,    0,    0,    0,    0,    0,    0,    0,    0,    0,    0,    0,    0,    0,    0,    0,    0,    0,    0,    0,    0,    0,    0,    0,    0,    0,    0,    0,    0,    0,    0,    0,    0,    0,    0,    0,    0,    0,    0,    0,    0,    0,    0,    0,    0,    0,    0,    0,    0,    0,    0,    0,    0,    0,    0,    0,    0,    0,    0,    0,    0,    0,    0,    0,    7,
       0,    0,   13,  -23,    0,  -23,  -28,    0,    0,    0,  -29,    0,    0,    0,   -7,    0,    0,    0,    0,    0,    0,    0,    0,    0,  -10,    3,   -7,    0,  -13,    3,    0,    0,    0,    0,  -10,    0,    0,    0,    0,    0,   -7,    0,    0,    0,    0,  -38,    0,    0,  -10,  -10,   -7,    0,   13,   13,   -7,   -7,    3,  -10,  -10,   -7,   -7,   -7,  -13,    3,   13,    3,    0,  -10,  -10,   -7,    0,  -13,    0,    0,    0,    0,    0,    0,    0,    0,    0,    0,    0,    0,    0,    0,    0,    0,    0,    0,    0,    0,    0,    0,    0,    0,    0,    0,    0,    0,    0,    0,    0,    0,    0,    0,    0,    0,    0,    0,    0,    0,    0,    0,    0,    0,    0,    0,    0,    0,    0,    0,    0,    0,    0,    7,    7,
       0,    0,    0,    0,    0,    0,    0,    0,    0,    0,    0,    0,    0,    0,    0,    0,   -7,    0,   -7,    0,   -7,    0,    0,    0,    0,    0,    0,    0,   -4,    0,    0,    0,    0,    0,    0,    0,    0,   -3,    0,   -3,    0,    0,    0,    0,    0,   -7,    0,    0,    0,    0,    0,    0,    0,    0,    0,    0,    0,    0,    0,    0,    0,    0,   -4,    0,    0,    0,    0,    0,    0,    0,    0,   -4,    0,    0,    0,    0,    0,    0,    0,    0,    0,    0,    0,    0,    0,    0,    0,    0,    0,    0,    0,    0,    0,    0,    0,    0,    0,    0,    0,    0,    0,    0,    0,    0,    0,    0,    0,    0,    0,    0,    0,    0,    0,    0,    0,    0,    0,    0,    0,    0,    0,    0,    0,    0,    0,    0,    0,
       0,    0,    0,    0,    0,    0,    0,    0,    0,    0,    0,    0,   -5,    0,    0,    0,    0,    0,    0,    0,    0,    0,    0,    0,    0,    0,   -5,    0,    0,    0,    0,    0,    0,    0,    0,    0,   -4,   -3,    0,   -3,    0,    0,   -7,    0,    0,    0,   -5,    0,    0,    0,   -5,    0,    7,    7,   -5,   -5,    0,    0,    0,   -5,   -5,   -5,    0,    0,    0,    0,    0,    0,    0,    0,    0,    0,    0,    0,    0,    0,    0,    0,    0,    0,    0,    0,    0,    0,    0,    0,    0,    0,    0,    0,    0,    0,    0,    0,    0,    0,    0,    0,    0,    0,    0,    0,    0,    0,    0,    0,    0,    0,    0,    0,    0,    0,    0,    0,    0,    0,    0,    0,    0,    0,    0,    0,    0,    0,    0,    0,    0,
       0,    0,    0,  -13,   -7,  -13,  -13,  -10,  -10,    0,  -13,    0,   -5,    0,    0,    0,    0,    0,    0,    0,    0,    0,    0,    0,  -10,    3,   -7,    0,   -7,    3,    0,    5,    0,    0,   -6,    0,   -3,   -5,   -7,   -5,   -5,    0,    0,    0,    0,  -17,   -5,    0,  -10,  -10,   -7,    0,   10,   10,   -7,   -7,    3,  -10,  -10,   -7,   -7,   -7,   -7,    3,    0,    3,    0,   -6,   -6,   -5,    0,   -7,    0,    0,    0,    0,    0,    0,    0,    0,    0,    0,    0,    0,    0,    0,    0,    0,    0,    0,    0,    0,    0,    0,    0,    0,    0,    0,    0,    0,    0,    0,    0,    0,    0,    0,    0,    0,    0,    0,    0,    0,    0,    0,    0,    0,    0,    0,    0,    0,    0,    0,    0,    0,    0,    0,    0,
       0,    0,    0,    0,  -10,    0,    0,    0,    0,    0,    6,    0,  -13,    0,    7,    0,    0,    0,    0,    3,    0,    0,    0,    0,   -5,    3,   -8,    0,    0,    3,    0,    0,    0,   -3,   -4,  -10,  -12,  -20,    3,  -20,    0,    0,    0,    0,    0,    3,  -13,    0,   -5,   -5,   -8,    0,   10,   10,   -8,   -8,    3,   -5,   -5,   -8,   -8,   -8,    0,    3,   10,    3,    0,   -4,   -4,    0,    0,    0,    0,    0,    0,   -7,    0,    0,    0,    0,    0,    0,    0,    0,    0,    0,    0,    0,    0,    0,    0,    0,    0,    0,    0,    0,    0,    0,    0,    0,    0,    0,    0,    0,    0,    0,    0,    0,    0,    0,    0,    0,    0,    0,    0,    0,    0,    0,    0,    0,    0,    0,    0,    0,    0,    0,    0,
       0,    0,  -13,    0,    0,    0,    0,    0,    0,    0,   10,    0,    0,    0,    0,    0,  -18,   -8,  -27,    7,  -27,    0,  -37,    0,    0,    0,    0,    0,    0,    0,    0,    0,    0,    0,    0,    0,    0,  -17,    0,  -17,    0,    0,    0,    0,    0,    0,    0,    0,    0,    0,    0,    0,    0,    0,    0,    0,    0,    0,    0,    0,    0,    0,    0,    0,    0,    0,    0,    0,    0,    0,    0,    0,    0,    0,    0,    0,    0,    0,    0,    0,    0,    0,    0,    0,    0,    0,    0,    0,    0,    0,    0,    0,    0,    0,    0,    0,    0,    0,    0,    0,    0,    0,    0,    0,    0,    0,    0,    0,    0,    0,    0,    0,    0,    0,    0,    0,    0,    0,    0,    0,    0,    0,    0,    0,    0,  -17,  -10,
       0,    0,    0,    0,    0,    0,    0,    0,    0,    0,    0,    0,   -3,    0,    0,    0,   -8,   -5,  -10,   10,   -7,    0,    0,    0,    0,    0,    0,    0,    0,    0,    0,    0,    0,    0,    0,    0,   -3,   -5,    0,   -5,    0,    0,    0,    0,    0,    0,   -3,    0,    0,    0,    0,    0,    7,    7,    0,    0,    0,    0,    0,    0,    0,    0,    0,    0,    7,    0,    0,    0,    0,    0,    0,    0,    0,    0,    0,    0,    0,    0,    0,    0,    0,    0,    0,    0,    0,    0,    0,    0,    0,    0,    0,    0,    0,    0,    0,    0,    0,    0,    0,    0,    0,    0,    0,    0,    0,    0,    0,    0,    0,    0,    0,    0,    0,    0,    0,    0,    0,    0,    0,    0,    0,    0,    0,    0,    0,   -7,    0,
       0,    0,   13,  -12,   -7,  -12,    0,    0,    0,    0,  -10,    0,   -5,    0,    0,    0,    0,    0,    7,    0,    5,    0,    0,    0,   -7,    7,   -5,    0,  -10,    7,    0,    0,    0,    0,   -8,    0,    0,   -5,   -3,   -5,   -3,    0,    0,    0,    0,  -13,   -5,    0,   -7,   -7,   -5,    0,   20,   20,   -5,   -5,    7,   -7,   -7,   -5,   -5,   -5,  -10,    7,   20,    7,    0,   -8,   -8,   -3,    0,  -10,    0,    0,    0,  -10,    0,    0,    0,    0,    0,    0,    0,    0,    0,    0,    0,    0,    0,    0,    0,    0,    0,    0,    0,    0,    0,    0,    0,    0,    0,    0,    0,    0,    0,    0,    0,    0,    0,    0,    0,    0,    0,    0,    0,    0,    0,    0,    0,    0,    0,    0,    0,    0,    0,    0,    0,
       7,    0,   19,  -33,    0,  -33,  -33,    0,    0,    0,  -37,   -3,    0,    0,   -5,    0,    3,    0,    0,   -3,    0,    0,    0,    0,   -5,    0,   -5,    0,   -9,    0,    0,   10,    0,    0,   -6,    7,    7,    8,    0,    8,    0,    0,    0,    0,    0,  -45,    0,    0,   -5,   -5,   -5,    0,    7,    7,   -5,   -5,    0,   -5,   -5,   -5,   -5,   -5,   -9,    0,    7,    0,    0,   -6,   -6,    0,    0,   -9,    0,    0,    0,    0,    0,    0,    0,    0,    0,    0,    0,    0,    0,    0,    0,    0,    0,    0,    0,    0,    0,    0,    0,    0,    0,    0,    0,    0,    0,    0,    0,    0,    0,    0,    0,    0,    0,    0,    0,    0,    0,    0,    0,    0,    0,    0,    0,    0,    0,    0,    0,    0,    0,    7,   10,
       0,    3,    0,   -7,    0,  -17,  -13,    0,   10,    0,   -9,   -5,    0,   23,   -3,    0,    0,   -5,   -7,  -12,   -8,   -4,  -10,   17,    0,    0,    0,    0,    2,    0,    0,   30,    0,    0,    0,   10,    0,    0,    0,   10,    0,   20,    0,    0,    0,  -23,    0,   -7,    0,    0,    0,    0,    0,    0,    0,    0,    0,    0,    0,    0,    0,    0,    2,    0,   30,    0,    0,    0,    0,    0,    0,   13,    0,    7,    0,    0,    0,    0,    0,    0,    0,    0,    0,    0,    0,    0,    0,    0,    0,    0,    0,    0,    0,    0,    0,    0,    0,    0,    0,    0,    0,    0,    0,    0,    0,    0,    0,    0,    0,    0,    0,    0,    0,    0,    0,    0,    0,    0,    0,    0,    0,    0,    0,    0,    0,    0,    0,
       0,    0,  -10,    0,  -10,    0,    0,    0,    0,  -10,   10,    0,  -10,    0,    7,    0,  -20,  -13,  -22,   10,  -25,    0,    0,    0,    0,   -5,    0,    0,    0,    0,    0,    0,    0,    0,    0,   -7,   -7,  -10,    7,  -10,    0,    0,    0,    0,    0,   10,  -10,    0,    0,    0,    0,    0,    0,    0,    0,    0,    0,    0,    0,    0,    0,    0,    0,    0,    0,    0,    0,    0,    0,    0,    0,    0,    0,    0,   -7,    0,    0,    0,    0,    0,    0,    0,    0,    0,    0,    0,    0,    0,    0,    0,    0,    0,    0,    0,    0,    0,    0,    0,    0,    0,    0,    0,    0,    0,    0,    0,    0,    0,    0,    0,    0,    0,    0,    0,    0,    0,    0,    0,    0,    0,    0,    0,    0,    0,    0,  -20,  -13,
       0,    0,    0,   -7,    0,   -7,   -7,    0,    0,    0,   -8,    0,    0,    0,    0,    0,    0,    0,   -5,   -4,   -5,    0,    0,    0,    0,    0,    0,    0,  -13,    0,    0,    0,    0,    0,    0,    0,    0,   -7,   -3,   -7,    0,    0,    0,    0,    0,  -10,    0,    0,    0,    0,    0,    0,    0,    0,    0,    0,    0,    0,    0,    0,    0,    0,  -13,    0,    0,    0,    0,    0,    0,    0,    0,  -13,    0,    0,    0,   -7,    0,    0,    0,    0,    0,    0,    0,    0,    0,    0,    0,    0,    0,    0,    0,    0,    0,    0,    0,    0,    0,    0,    0,    0,    0,    0,    0,    0,    0,    0,    0,    0,    0,    0,    0,    0,    0,    0,    0,    0,    0,    0,    0,    0,    0,    0,    0,    0,    0,    0,    0,
       0,    0,    0,  -33,   -7,  -33,  -42,   -7,   -7,    0,  -40,    0,  -10,    0,   -8,   -5,    0,    0,    0,    0,    0,   -3,    0,    0,  -18,    0,  -20,    0,  -21,    0,    0,    0,    0,    0,  -23,    0,    0,    0,    0,    0,   -7,    0,  -10,   -7,    0,  -33,  -10,    0,  -18,  -18,  -20,    0,   10,   10,  -20,  -20,    0,  -18,  -18,  -20,  -20,  -20,  -21,    0,    0,    0,    0,  -23,  -23,   -7,   -7,  -21,    0,    0,    0,   -7,    0,    0,    0,    0,    0,    0,    0,    0,    0,    0,    0,    0,    0,    0,    0,    0,    0,    0,    0,    0,    0,    0,    0,    0,    0,    0,    0,    0,    0,    0,    0,    0,    0,    0,    0,    0,    0,    0,    0,    0,    0,    0,    0,    0,    0,    0,    0,    0,    0,    7,    7,
       0,    0,    0,  -13,    0,  -13,  -19,    0,    0,    0,  -22,    0,   -5,    0,   -5,   -5,    0,    0,    0,    0,    0,   -5,    0,    0,   -7,    3,   -5,    0,  -13,    3,    0,    0,    0,    0,   -8,    0,    0,   -7,   -8,   -7,   -7,    0,    0,   -7,    0,  -23,   -5,  -10,   -7,   -7,   -5,    0,   12,   12,   -5,   -5,    3,   -7,   -7,   -5,   -5,   -5,  -13,    3,    7,    3,    0,   -8,   -8,   -7,    0,  -13,    0,    0,    0,    0,    0,    0,    0,    0,    0,    0,    0,    0,    0,    0,    0,    0,    0,    0,    0,    0,    0,    0,    0,    0,    0,    0,    0,    0,    0,    0,    0,    0,    0,    0,    0,    0,    0,    0,    0,    0,    0,    0,    0,    0,    0,    0,    0,    0,    0,    0,    0,    0,    0,    0,    0,
       0,    0,   10,  -43,  -17,  -43,  -45,   -7,   -7,    0,  -47,    0,  -17,    0,  -12,  -12,    0,    0,    3,    0,    7,    0,    0,    0,  -25,   10,  -25,   -7,  -28,   10,    0,    0,  -10,   -7,  -23,    0,   -9,  -10,   -8,  -10,  -10,   10,  -13,  -10,    0,  -47,  -17,    0,  -43,  -38,  -25,    0,   20,   20,  -25,  -25,   10,  -38,  -43,  -25,  -25,  -25,  -46,   10,   20,   10,  -10,  -23,  -23,  -10,    0,  -28,    0,    0,    0,  -20,    0,    0,    0,    0,    0,    0,    0,    0,    0,    0,    0,    0,    0,    0,    0,    0,    0,    0,    0,    0,    0,    0,    0,    0,    0,    0,    0,    0,    0,    0,    0,    0,    0,    0,    0,    0,    0,    0,    0,    0,    0,    0,    0,    0,    0,    0,    0,    0,    0,    0,    7,
       0,    0,   10,    0,   -7,    0,    0,    0,    0,    0,    3,    0,  -12,    0,    5,    0,    0,    0,    0,    3,    0,    0,    0,    0,    0,    7,   -3,    0,    0,    7,    0,    0,    0,    0,    0,    0,   -7,  -12,    7,  -12,    0,    0,    0,    0,    0,   10,   -5,    0,    0,    0,   -3,    0,   13,   13,   -3,   -3,    7,    0,    0,   -3,   -3,   -3,    0,    7,   17,    7,    0,    0,    0,    0,    0,    0,    0,    0,    0,    0,    0,    0,    0,    0,    0,    0,    0,    0,    0,    0,    0,    0,    0,    0,    0,    0,    0,    0,    0,    0,    0,    0,    0,    0,    0,    0,    0,    0,    0,    0,    0,    0,    0,    0,    0,    0,    0,    0,    0,    0,    0,    0,    0,    0,    0,    0,    0,    0,    0,    0,    0,
       0,    0,    7,  -30,  -17,  -30,  -35,  -10,  -10,    0,  -37,    0,  -20,    0,   -5,  -15,    0,    0,    3,    0,    7,    0,    0,    0,  -27,    7,  -27,   -5,  -32,    7,    0,    0,  -17,  -13,  -25,   -3,  -11,  -10,  -17,  -10,  -17,    7,  -17,  -13,    0,  -33,  -20,    0,  -27,  -40,  -27,    0,   20,   20,  -27,  -27,    7,  -37,  -37,  -27,  -27,  -27,  -32,    7,   13,    7,  -17,  -25,  -25,  -17,  -13,  -32,    0,   -7,    0,  -13,    0,    0,    0,    0,    0,    0,    0,    0,    0,    0,    0,    0,    0,    0,    0,    0,    0,    0,    0,    0,    0,    0,    0,    0,    0,    0,    0,    0,    0,    0,    0,    0,    0,    0,    0,    0,    0,    0,    0,    0,    0,    0,    0,    0,    0,    0,    0,    0,    0,    0,    7,
       0,    0,    0,    0,    0,    0,    0,    0,    0,    0,    0,    0,    0,    0,    0,    0,    0,    0,    0,    0,    0,    0,    0,    0,    0,    0,    0,    0,    0,    0,    0,    0,    0,    0,    0,    0,    0,   -3,    0,   -3,    0,    0,    0,    0,    0,    0,    0,    0,    0,    0,    0,    0,    7,    7,    0,    0,    0,    0,    0,    0,    0,    0,    0,    0,   10,    0,    0,    0,    0,    0,    0,    0,    0,    0,    0,    0,    0,    0,    0,    0,    0,    0,    0,    0,    0,    0,    0,    0,    0,    0,    0,    0,    0,    0,    0,    0,    0,    0,    0,    0,    0,    0,    0,    0,    0,    0,    0,    0,    0,    0,    0,    0,    0,    0,    0,    0,    0,    0,    0,    0,    0,    0,    0,    0,    0,    0,    0,
       0,    0,    0,    0,    0,    0,    0,    0,    0,    0,    0,    0,    0,   13,    0,    0,    0,    0,    0,    0,    0,    0,    0,    0,    0,    0,    0,    0,    0,    0,    0,   15,    0,    0,    0,    0,    0,    0,    0,   17,    0,    0,    0,    0,    0,    0,    0,    0,    0,    0,    0,    0,   10,   10,    0,    0,    0,    0,    0,    0,    0,    0,    0,    0,   15,    0,    0,    0,    0,    0,    0,    0,    0,    0,    0,    0,    0,    0,    0,    0,   13,    0,    0,    0,    0,    0,    0,    0,    0,    0,    0,    0,    0,    0,    0,    0,    0,    0,    0,    0,    0,    0,    0,   17,    0,    0,    0,    0,    0,    0,    0,   10,   15,   17,    0,    0,    0,    0,    0,    0,    0,    0,    0,    0,   17,    0,    0,
       0,    0,    0,    0,    0,    0,    0,    0,    0,    0,    0,    0,  -10,    0,    0,    0,  -27,  -17,  -33,    0,  -27,    0,    0,    0,    0,    0,   -7,    0,    7,    0,    0,    0,    0,    0,    0,   -7,  -10,  -10,    0,  -10,    0,    0,    0,    0,    0,    0,  -10,    0,    0,    0,   -7,    0,    0,    0,   -7,   -7,    0,    0,    0,   -7,   -7,   -7,    7,    0,    0,    0,    0,    0,    0,    0,    0,    7,    0,    0,    0,    0,    0,  -27,  -10,    0,    0,    0,  -13,    0,    0,    0,    0,    0,    0,    0,  -33,    0,    0,    0,    0,    0,    0,   -7,    0,    0,    0,    0,  -10,  -10,    0,  -10,    0,    0,    0,    0,    0,    0,    0,  -10,  -33,    0,    0,  -27,  -22,    0,    0,    0,    0,    0,  -10,    0,    0,
       0,    0,  -13,    0,    0,    0,    0,    0,    0,   -8,    0,    0,    0,    0,    0,    0,    0,    0,    0,    0,    0,    0,  -33,    0,    0,   -3,    0,    0,    0,    0,    0,    0,    0,    0,    0,    0,   -5,  -13,    0,  -13,    0,    0,    0,    0,    0,    0,    0,    0,    0,    0,    0,    0,    0,    0,    0,    0,   -4,    0,    0,    0,    0,    0,    0,    0,    0,    0,    0,    0,    0,    0,    0,    0,    0,    0,    0,    0,    0,    0,    0,    0,    0,    0,    0,    0,    0,    0,    0,    0,    0,    0,    0,    0,    0,    0,    0,    0,    0,    0,    0,    0,    0,    0,    0,    0,    0,    0,    0,    0,    0,    0,    0,    0,    0,    0,    0,    0,    0,    0,    0,    0,    0,    0,    0,    0,    0,  -13,  -10,
       0,  -10,   -7,  -10,    0,  -10,  -13,    0,    0,   -5,    0,    0,    0,    0,    0,    0,    0,    0,    0,    0,    0,    0,  -20,    0,    0,   -3,    0,    0,    0,   -3,    0,    0,    0,    0,    0,    3,    0,   -7,   -8,   -7,    0,    0,    0,    0,    0,    0,    0,    0,    0,    0,    0,    0,    0,    0,    0,    0,   -3,    0,    0,    0,    0,    0,    0,   -3,    0,    8,    0,    0,    0,    0,    0,    0,    0,    0,    0,    0,    0,    0,    0,    0,    0,    0,    0,    0,    0,    0,    0,    0,    0,    0,    0,    0,    0,    0,    0,    0,    0,    0,    0,    0,    0,    0,    0,    0,    0,    0,    0,    0,    0,    0,    0,    0,    0,    0,    0,    0,    0,    0,    0,    0,    0,    0,    0,    0,    0,  -13,   -7,
       0,    0,    0,    0,    0,    0,    0,    0,    0,    0,    0,    0,    0,    0,    0,    0,    0,    0,    0,    0,    0,    0,  -20,    0,   -3,    0,    0,    0,   -5,    0,    0,    0,    0,    0,    0,    0,    0,   -3,   -3,   -3,    0,    0,    0,    0,    0,    0,    0,    0,   -3,   -3,    0,    0,    0,    0,    0,    0,    0,   -3,   -3,    0,    0,    0,   -5,    0,    0,    0,    0,    0,    0,    0,    0,   -5,    0,    0,    0,    0,    0,    0,    0,    0,    0,    0,    0,    0,    0,    0,    0,    0,    0,    0,    0,    0,    0,    0,    0,    0,    0,    0,    0,    0,    0,    0,    0,    0,    0,    0,    0,    0,    0,    0,    0,    0,    0,    0,    0,    0,    0,    0,    0,    0,    0,    0,    0,    0,    0,    0,    7,
       0,    0,    0,    0,    0,    0,    0,    0,    0,    0,    0,    0,    0,    0,    0,    0,    0,    0,    0,    0,    0,    0,    0,    0,    0,    0,    0,    0,    0,    0,    0,    0,    0,    0,    0,    0,    0,   -7,    3,   -7,    0,    0,    0,    0,    0,    0,    0,    0,    0,    0,    0,    0,    0,    0,    0,    0,    0,    0,    0,    0,    0,    0,    0,    0,    0,    0,    0,    0,    0,    0,    0,    0,    0,    0,    0,    0,    0,    0,    0,    0,    0,    0,    0,    0,    0,    0,    0,    0,    0,    0,    0,    0,    0,    0,    0,    0,    0,    0,    0,    0,    0,    0,    0,    0,    0,    0,    0,    0,    0,    0,    0,    0,    0,    0,    0,    0,    0,    0,    0,    0,    0,    0,    0,    0,    0,   -7,    0,
       0,    0,    0,    0,    0,    0,    0,    0,    0,   -7,    0,    0,    0,    0,    0,    0,    0,    0,    0,    0,    0,    0,  -13,    0,   -3,    0,    0,    0,    0,    0,    0,    0,    0,    0,    0,    0,    0,   -7,    0,   -7,    0,    0,    0,    0,    0,    0,    0,    0,   -3,   -3,    0,    0,    0,    0,    0,    0,    0,   -3,   -3,    0,    0,    0,    0,    0,    0,   10,    0,    0,    0,    0,    0,    0,    0,    0,    0,    0,    0,    0,    0,    0,    0,    0,    0,    0,    0,    0,    0,    0,    0,    0,    0,    0,    0,    0,    0,    0,    0,    0,    0,    0,    0,    0,    0,    0,    0,    0,    0,    0,    0,    0,    0,    0,    0,    0,    0,    0,    0,    0,    0,    0,    0,    0,    0,    0,    0,   -7,    0,
      34,   33,   33,  -10,    0,  -10,  -10,    0,    0,   20,    0,    0,    0,    0,    0,    0,    0,    0,    0,    0,    0,    0,   33,   28,   -4,    0,   -5,    0,   -6,    0,    7,   17,    0,    0,   -6,    0,    0,    3,    0,    3,    0,   33,    0,    0,    0,    0,    0,    0,    7,   12,    8,   37,   72,   42,   -3,   -5,    0,    6,    2,   -2,   -7,    0,   -1,   35,   33,    0,   10,    1,    3,   15,    0,   -6,    0,    0,    0,    0,    0,    0,    0,    0,    0,    0,    0,    0,    0,    0,    0,    0,    0,    0,    0,    0,    0,    0,    0,    0,    0,    0,    0,    0,    0,    0,    0,    0,    0,    0,    0,    0,    0,    0,    0,    0,    0,    0,    0,    0,    0,    0,    0,    0,    0,    0,    0,    0,    0,   27,   30,
      10,    0,    7,    0,    0,    0,    0,    0,    0,    0,    0,    0,    0,    0,    0,    0,    0,    0,    0,    0,    0,    0,  -10,    0,   -7,    0,   -8,    0,   -3,    0,    0,    6,    0,    5,    0,    8,    0,    3,    0,    3,    0,    0,    0,    0,    0,    0,    0,    0,   -7,   -7,   -8,    0,    0,    0,   -8,   -8,    0,   -7,   -7,   -8,   -8,   -8,   -3,    0,    6,    0,    0,    0,    0,    0,    0,   13,    0,    0,    0,    0,    0,    0,    0,    0,    0,    0,    0,    0,    0,    0,    0,    0,    0,    0,    0,    0,    0,    0,    0,    0,    0,    0,    0,    0,    0,    0,    0,    0,    0,    0,    0,    0,    0,    0,    0,    0,    0,    0,    0,    0,    0,    0,    0,    0,    0,    0,    0,    0,    0,   13,   13,
       0,    0,  -13,    0,    0,    0,    0,    0,    0,   -5,    0,    0,    0,    0,    0,    0,    0,    0,    0,    0,    0,    0,  -30,    0,    0,    0,    0,    0,    0,    0,    0,    0,    0,    0,    0,   -3,   -3,  -19,    0,  -19,    0,    0,    0,    0,    0,    0,    0,    0,    0,    0,    0,    0,    0,    0,    0,    0,    0,    0,    0,    0,    0,    0,    0,    0,    0,    0,    0,    0,    0,    0,    0,    0,    0,   -7,    0,    0,    0,    0,    0,    0,    0,    0,    0,    0,    0,    0,    0,    0,    0,    0,    0,    0,    0,    0,    0,    0,    0,    0,    0,    0,    0,    0,    0,    0,    0,    0,    0,    0,    0,    0,    0,    0,    0,    0,    0,    0,    0,    0,    0,    0,    0,    0,    0,    0,    0,  -17,  -10,
       0,    0,    0,    0,    0,    0,    0,    0,    0,    0,    0,    0,    0,    0,    0,    0,    0,    0,    0,    0,    0,    0,    0,    0,    0,    0,    0,    0,    5,    0,    0,    0,    0,    0,    0,    0,    0,   -7,    0,   -7,    0,    0,    0,    0,    0,    0,    0,    0,    0,    0,    0,    0,    0,    0,    0,    0,    0,    0,    0,    0,    0,    0,    5,    0,    0,    0,    0,    0,    0,    0,    0,    5,    0,    0,    0,    0,    0,    0,    0,    0,    0,    0,    0,    0,    0,    0,    0,    0,    0,    0,    0,    0,    0,    0,    0,    0,    0,    0,    0,    0,    0,    0,    0,    0,    0,    0,    0,    0,    0,    0,    0,    0,    0,    0,    0,    0,    0,    0,    0,    0,    0,    0,    0,    0,    0,   -7,    0,
       0,    0,    0,    0,    0,    0,    0,    0,    0,    0,    0,    0,    0,    0,    0,    0,    0,    0,    0,    0,    0,    0,    0,    0,    0,    0,    0,    0,   -7,    0,    0,    0,    0,    0,    0,    0,    0,   -7,   -3,   -7,    0,    0,    0,    0,    0,    0,    0,    0,    0,    0,    0,    0,    0,    0,    0,    0,    0,    0,    0,    0,    0,    0,   -7,    0,    0,    0,    0,    0,    0,    0,    0,   -7,    0,    0,    0,    0,    0,    0,    0,    0,    0,    0,    0,    0,    0,    0,    0,    0,    0,    0,    0,    0,    0,    0,    0,    0,    0,    0,    0,    0,    0,    0,    0,    0,    0,    0,    0,    0,    0,    0,    0,    0,    0,    0,    0,    0,    0,    0,    0,    0,    0,    0,    0,    0,    0,    0,    0,
       0,    0,    0,    0,    0,    0,    0,    0,    0,   -5,    0,    0,    0,    0,    0,    0,    0,    0,    0,    0,    0,    0,   -7,    0,   -7,   -7,   -8,    0,   -7,    0,    0,    0,    0,    0,   -5,    0,    0,  -10,    3,  -10,    0,    0,    0,    0,    0,    0,    0,    0,   -7,   -7,   -8,    0,    0,    0,   -8,   -5,    0,   -7,   -7,   -8,   -8,   -8,   -7,    0,    0,    0,    0,   -5,   -5,    0,    0,   -7,    0,    0,    0,    0,    0,    0,    0,    0,    0,    0,    0,    0,    0,    0,    0,    0,    0,    0,    0,    0,    0,    0,    0,    0,    0,    0,    0,    0,    0,    0,    0,    0,    0,    0,    0,    0,    0,    0,    0,    0,    0,    0,    0,    0,    0,    0,    0,    0,    0,    0,    0,    0,    0,    0,    0,
       0,    0,    0,    0,    0,    0,    0,    0,    0,  -10,    0,    0,    0,    0,    0,    0,    0,    0,    0,    0,    0,    0,    0,    0,    0,    0,    0,    0,    0,    0,    0,    0,    0,    0,    0,    0,    0,   -6,    0,   -6,    0,    0,    0,    0,    0,    0,    0,    0,    0,    0,    0,    0,    0,    0,    0,    0,    0,    0,    0,    0,    0,    0,    0,    0,    0,    0,    0,    0,    0,    0,    0,    0,    0,    0,    0,    0,    0,    0,    0,    0,    0,    0,    0,    0,    0,    0,    0,    0,    0,    0,    0,    0,    0,    0,    0,    0,    0,    0,    0,    0,    0,    0,    0,    0,    0,    0,    0,    0,    0,    0,    0,    0,    0,    0,    0,    0,    0,    0,    0,    0,    0,    0,    0,    0,    0,  -10,   -7,
       0,    0,    0,    0,    0,    0,    0,    0,    0,   -5,    0,    0,    0,    0,    0,    0,    0,    0,    0,    0,    0,    0,  -17,    0,    0,    0,    0,    0,    0,    0,    0,   23,    0,    4,    0,    0,    0,   -5,    0,   10,    0,    0,    0,    0,    0,    0,    0,    0,    0,    0,    0,    0,    0,    0,    0,    0,    0,    0,    0,    0,    0,    0,    0,    0,   23,    0,    0,    0,    0,    0,    0,    0,    0,    0,    0,    0,    0,    0,    0,    0,    0,    0,    0,    0,    0,    0,    0,    0,    0,    0,    0,    0,    0,    0,    0,    0,    0,    0,    0,    0,    0,    0,    0,    0,    0,    0,    0,    0,    0,    0,    0,    0,    0,    0,    0,    0,    0,    0,    0,    0,    0,    0,    0,    0,    0,  -10,    0,
       0,    0,    7,  -23,   -7,  -23,  -20,    0,    0,   -7,    0,    0,    0,    0,    0,    0,    0,    0,    0,    0,    0,    0,    0,    0,  -12,   -7,   -7,    0,  -10,   -7,    0,    0,    0,    0,   -8,    5,    0,    0,    0,    0,    0,    0,    0,    0,    0,    0,    0,    0,  -12,  -12,   -7,    0,    0,    0,   -7,   -7,   -7,  -12,  -12,   -7,   -7,   -7,  -10,   -7,    0,   -7,    0,   -8,   -8,    0,    0,  -10,    0,    0,    0,    0,    0,    0,    0,    0,    0,    0,    0,    0,    0,    0,    0,    0,    0,    0,    0,    0,    0,    0,    0,    0,    0,    0,    0,    0,    0,    0,    0,    0,    0,    0,    0,    0,    0,    0,    0,    0,    0,    0,    0,    0,    0,    0,    0,    0,    0,    0,    0,    0,    0,   10,   10,
       0,    0,    0,   -5,    0,   -5,   -7,    0,    0,   -5,    0,    0,    0,    0,    0,    0,    0,    0,    0,    0,    0,    0,  -10,    0,   -5,    0,    0,    0,   -5,    0,    0,    0,    0,    0,    0,    0,    0,   -5,   -5,   -5,    0,    0,    0,    0,    0,    0,    0,    0,   -5,   -5,    0,    0,    0,    0,    0,    0,    0,   -5,   -5,    0,    0,    0,   -5,    0,    0,    0,    0,    0,    0,    0,    0,   -5,    0,    0,    0,    0,    0,    0,    0,    0,    0,    0,    0,    0,    0,    0,    0,    0,    0,    0,    0,    0,    0,    0,    0,    0,    0,    0,    0,    0,    0,    0,    0,    0,    0,    0,    0,    0,    0,    0,    0,    0,    0,    0,    0,    0,    0,    0,    0,    0,    0,    0,    0,    0,    0,   -7,    0,
       0,    0,    0,    0,    0,    0,    0,    0,    0,    0,    0,    0,    0,    0,    0,    0,    0,    0,    0,    0,    0,    0,  -10,    0,    0,    0,    0,    0,    0,    0,    0,    7,    0,    0,    0,    0,    0,   -3,    0,   -3,    0,    0,    0,    0,    0,    0,    0,    0,    0,    0,    0,    0,    0,    0,    0,    0,    0,    0,    0,    0,    0,    0,    0,    0,    0,    0,    0,    0,    0,    0,    0,    0,    0,    0,    0,    0,    0,    0,    0,    0,    0,    0,    0,    0,    0,    0,    0,    0,    0,    0,    0,    0,    0,    0,    0,    0,    0,    0,    0,    0,    0,    0,    0,    0,    0,    0,    0,    0,    0,    0,    0,    0,    0,    0,    0,    0,    0,    0,    0,    0,    0,    0,    0,    0,    0,    5,    7,
       0,    0,    0,    0,    0,    0,    0,    0,    0,   -5,    0,    0,    0,    0,    0,    0,    0,    0,    0,    0,    0,    0,  -13,    0,    0,    0,    0,    0,    3,    0,    0,    0,    0,    0,    0,    0,    0,  -12,    7,  -12,    0,    0,    0,    0,    0,    0,    0,    0,    0,    0,    0,    0,    0,    0,    0,    0,    0,    0,    0,    0,    0,    0,    3,    0,    0,    0,    0,    0,    0,    0,    0,    3,    0,    0,    0,    0,    0,    0,    0,    0,    0,    0,    0,    0,    0,    0,    0,    0,    0,    0,    0,    0,    0,    0,    0,    0,    0,    0,    0,    0,    0,    0,    0,    0,    0,    0,    0,    0,    0,    0,    0,    0,    0,    0,    0,    0,    0,    0,    0,    0,    0,    0,    0,    0,    0,   -7,   -5,
       0,    0,   10,  -30,   -5,  -30,  -18,    0,    0,    0,    0,    0,    0,    0,    0,    0,    0,    0,    0,    0,    0,    0,    0,    0,  -10,   -8,  -10,    5,  -15,   -8,    3,    7,    3,    7,  -11,    7,    4,    0,    0,    0,    0,    0,    0,    0,    0,    0,    0,    0,  -10,  -10,  -10,    3,    0,    0,  -10,  -10,   -8,  -10,  -10,  -10,  -10,  -10,  -15,   -8,   13,   -8,    3,  -11,  -11,    0,    0,  -15,    0,    0,    0,    0,    0,    0,    0,    0,    0,    0,    0,    0,    0,    0,    0,    0,    0,    0,    0,    0,    0,    0,    0,    0,    0,    0,    0,    0,    0,    0,    0,    0,    0,    0,    0,    0,    0,    0,    0,    0,    0,    0,    0,    0,    0,    0,    0,    0,    0,    0,    0,    0,    0,   13,   13,
       0,    0,    7,    0,    0,    0,    0,    0,    0,    0,    0,    0,    0,    0,    0,    0,    0,    0,    0,    0,    0,    0,    0,    0,    0,    0,   -8,    0,   -3,    0,    0,    0,    0,    5,   -3,    7,    0,    0,    3,    0,    0,    0,    0,    0,    0,    0,    0,    0,    0,    0,   -8,    0,    0,    0,   -8,   -8,    0,    0,    0,   -8,   -8,   -8,   -3,    0,    0,    0,    0,   -3,   -3,    0,    0,   -3,    0,    0,    0,    0,    0,    0,    0,    0,    0,    0,    0,    0,    0,    0,    0,    0,    0,    0,    0,    0,    0,    0,    0,    0,    0,    0,    0,    0,    0,    0,    0,    0,    0,    0,    0,    0,    0,    0,    0,    0,    0,    0,    0,    0,    0,    0,    0,    0,    0,    0,    0,    0,    0,   10,   13,
       0,    0,    0,    0,    0,    0,    0,    0,    0,    0,    0,    0,    0,    0,    0,    0,    0,    0,    0,    0,    0,    0,  -10,    0,    0,    0,    0,    0,   -3,    0,    0,    0,    0,    0,    0,    0,    0,    0,    0,    0,    0,    0,    0,    0,    0,    0,    0,    0,    0,    0,    0,    0,    0,    0,    0,    0,    0,    0,    0,    0,    0,    0,   -3,    0,    0,    0,    0,    0,    0,    0,    0,   -3,    0,    0,    0,    0,    0,    0,    0,    0,    0,    0,    0,    0,    0,    0,    0,    0,    0,    0,    0,    0,    0,    0,    0,    0,    0,    0,    0,    0,    0,    0,    0,    0,    0,    0,    0,    0,    0,    0,    0,    0,    0,    0,    0,    0,    0,    0,    0,    0,    0,    0,    0,    0,    0,    0,    0,
       0,    0,    0,    0,    0,    0,    0,    0,    0,    0,    0,    0,    0,   23,    0,    0,    0,    0,   10,    0,    7,    0,    0,    0,    0,    0,    0,    0,    0,    0,    0,   18,    0,    0,    0,    0,    0,    7,    0,    7,    0,    0,    0,    0,    0,    0,    0,    0,    0,    0,    0,    0,   10,   10,    0,    0,    0,    0,    0,    0,    0,    0,    0,    0,   18,    0,    0,    0,    0,    0,    0,    7,    0,    0,    0,    0,    0,    0,    0,    0,   23,    0,    0,    0,    0,    0,    0,    0,    0,    0,    0,    0,    0,    0,    0,    0,    0,    0,    0,    0,    0,    0,    0,    7,    0,    0,    0,    0,    0,    0,    0,   10,   18,    7,   10,    0,    0,    7,    0,    0,    0,    0,    0,    0,    7,    0,    0,
       0,    0,    0,    0,    0,    0,    0,    0,    0,    0,    0,    0,    0,   13,    0,    0,    0,    0,  -10,    0,   -7,    0,    0,    0,    0,    0,    0,    0,    0,    0,    0,   13,    0,    0,    0,    0,    0,    0,    0,    0,    0,    0,    0,    0,    0,    0,    0,    0,    0,    0,    0,    0,    0,    0,    0,    0,    0,    0,    0,    0,    0,    0,    0,    0,    0,    0,    0,    0,    0,    0,    0,    0,    0,    0,    0,    0,    0,    0,    0,    0,   13,    0,    0,    0,    0,    0,    0,    0,    0,    0,    0,    0,    0,    0,    0,    0,    0,    0,    0,    0,    0,    0,    0,    0,    0,    0,    0,    0,    0,    0,    0,    0,   13,    0,  -10,    0,    0,   -7,    0,    0,    0,    0,    0,    0,    0,    0,    0,
       0,    0,    0,    0,    0,    0,    0,    0,    0,    0,    0,    0,    0,    0,    0,    0,   -7,   -7,  -10,    0,  -13,    0,    0,    0,    0,    0,    0,    0,    0,    0,    0,    0,    0,    0,    0,    0,    0,    0,    0,    0,    0,    0,    0,    0,    0,    0,    0,    0,    0,    0,    0,    0,    0,    0,    0,    0,  -10,    0,    0,    0,    0,    0,    0,    0,    0,    0,    0,    0,    0,    0,    0,    0,    0,    0,    0,    0,    0,   -7,    0,    0,    0,    0,   -3,    0,    0,    0,    0,    0,    0,    0,   -7,    0,    0,    0,    0,    0,    0,    0,    0,    0,    0,    0,    0,    0,    0,    0,    0,    0,    0,    0,    0,    0,    0,    0,  -10,    0,    0,  -13,    0,    0,    0,    0,    0,    0,    0,    0,    0,
       0,    0,    0,   -7,    0,   -7,    0,    0,    0,    0,  -10,   -7,    0,    0,    0,    0,  -10,    0,  -13,    0,  -17,    0,    0,    0,    0,    0,    0,    0,    0,    0,    0,    0,    0,    0,    0,    0,    0,    0,    0,    0,    0,    0,    0,    0,    0,  -17,    0,    0,    0,    0,    0,    0,    0,    0,    0,    0,    0,    0,    0,    0,    0,    0,    0,    0,    0,    0,    0,    0,    0,    0,    0,    0,    0,    0,    0,    0,   -7,  -10,    0,    0,    0,    0,   -7,  -10,    0,  -10,    0,    0,    0,    0,  -10,    0,    0,    0,    0,    0,    0,    0,  -10,    0,    0,    0,    0,    0,    0,    0,    0,    0,    0,    0,    0,    0,    0,    0,  -13,    0,    0,  -17,    0,    0,  -17,    0,    0,    0,    0,    0,    0,
       0,    0,    0,    0,    0,    0,    0,    0,    0,    0,    0,   -7,   -8,   10,    0,    0,  -13,  -10,  -23,    0,  -20,    0,    0,    0,  -10,  -10,  -10,   -7,    0,  -10,    0,   10,   -7,    0,  -13,   -7,   -7,  -10,  -10,  -13,  -10,    0,    0,    0,    0,    0,   -8,  -10,  -10,  -10,  -10,    0,    0,    0,  -10,  -10,  -10,  -10,  -10,  -10,  -10,  -10,    0,  -10,    0,  -10,   -7,  -13,  -13,  -10,    0,    0,    0,    0,    0,    0,   -7,  -13,   -8,    0,   10,    0,    0,    0,    0,    0,    0,    0,    0,    0,    0,    0,    0,  -10,    0,    0,    0,  -10,    0,    0,    0,    0,    0,  -10,  -10,    0,    0,    0,  -10,  -13,    0,    0,   10,  -13,  -20,    0,    0,  -13,    0,    0,    0,    0,    0,    0,  -10,    0,    0,
       0,  -10,    0,  -17,    0,  -17,  -13,    0,    0,    0,   -9,   -5,    0,   -7,   -3,    0,    0,   -5,   -7,   -8,   -8,   -4,  -10,    0,    0,    0,    0,    0,   -3,    0,    0,    0,    0,    0,    0,   10,    0,    0,    0,    0,    0,    0,    0,    0,    0,  -23,    0,   -7,    0,    0,    0,    0,    0,    0,    0,    0,    0,    0,    0,    0,    0,    0,   -3,    0,    0,    0,    0,    0,    0,    0,    0,   -3,    0,    0,    0,    0,    0,    0,    0,    0,    0,    0,    0,    0,    0,    0,    0,    0,    0,    0,    0,    0,    0,    0,    0,    0,    0,    0,    0,    0,    0,    0,    0,    0,    0,    0,    0,    0,    0,    0,    0,    0,    0,    0,    0,    0,    0,    0,    0,    0,    0,    0,    0,    0,    0,    0,    0,
       0,  -10,    0,  -27,    0,  -27,  -37,    0,    0,   -7,  -27,  -15,    0,  -13,  -17,   -8,  -10,  -12,  -23,  -23,  -25,    0,  -20,  -10,   -5,   -6,    0,    0,  -10,   -6,    0,    0,    0,    0,   -5,    0,    0,    0,   -4,    0,    0,    0,    0,    0,    0,  -37,    0,    0,   -5,   -5,    0,    0,    0,    0,    0,    0,   -6,   -5,   -5,    0,    0,    0,  -10,   -6,    0,   -6,    0,   -5,   -5,    0,    0,  -10,  -13,    0,    0,    0,    0,    0,    0,    0,    0,    0,    0,    0,    0,    0,    0,    0,    0,    0,    0,    0,    0,    0,    0,    0,    0,    0,    0,    0,    0,    0,    0,    0,    0,    0,    0,    0,    0,    0,    0,    0,    0,    0,    0,    0,    0,    0,    0,    0,    0,    0,    0,    0,    0,    0,    0,
       0,    0,   -7,    0,    0,    0,   -7,    0,    0,   -7,    0,    0,    0,    0,    0,    0,    0,    0,    0,    0,    0,    0,  -10,    0,    0,    0,    0,    0,    0,    0,    0,    0,   -7,   -7,    0,    0,   -7,  -13,    0,  -13,    0,    0,    0,    0,    0,    0,    0,    0,    0,    0,    0,    0,    0,    0,    0,    0,    0,    0,    0,    0,    0,    0,    0,    0,    0,    0,   -7,    0,    0,    0,    0,    0,    0,    0,    0,    0,    0,    0,    0,    0,    0,    0,    0,    0,    0,    0,    0,    0,    0,    0,    0,    0,    0,    0,    0,    0,    0,    0,    0,    0,    0,    0,    0,    0,    0,    0,    0,    0,    0,    0,    0,    0,    0,    0,    0,    0,    0,    0,    0,    0,    0,    0,    0,    0,    0,  -13,  -10,
       0,   10,   10,    0,    0,    0,    0,    0,    0,    0,    0,    0,    0,    0,    0,    0,    0,    0,    0,    0,    0,    0,    7,   10,    0,   18,    0,    0,    0,   18,    0,    0,    0,    0,    0,    0,    0,    0,    0,    0,    0,   10,    0,    0,    0,    0,    0,    0,    0,    0,    0,    0,   17,   17,    0,    0,   18,    0,    0,    0,    0,    0,    0,   18,    0,   18,    0,    0,    0,    0,    0,    0,    0,    0,    0,    0,    0,    0,    0,    0,    0,    0,    0,    0,    0,    0,    0,    0,    0,    0,    0,    0,    0,    0,    0,    0,    0,    0,    0,    0,    0,    0,    0,    0,    0,    0,    0,    0,    0,    0,    0,    0,    0,    0,    0,    0,    0,    0,    0,    0,    0,    0,    0,    0,    0,    7,   10,
     -17,    0,  -30,    0,  -10,    0,    7,    0,    0,  -18,    8,    0,   -5,    7,    0,    0,  -35,  -20,  -38,    3,  -34,    3,  -33,    0,    0,   -5,    0,    0,    0,    0,    0,   13,    0,    0,    0,   -5,   -7,  -28,    7,  -28,    0,    0,  -10,    0,    0,   10,    0,    0,    0,    0,    0,    0,    0,    0,    0,    0,    0,    0,    0,    0,    0,    0,    0,    0,   13,    0,    0,    0,    0,    0,    0,    0,    0,    0,    0,    0,    0,    0,    0,    0,    0,    0,    0,    0,    0,    0,    0,    0,    0,    0,    0,    0,    0,    0,    0,    0,    0,    0,    0,    0,    0,    0,    0,    0,    0,    0,    0,    0,    0,    0,    0,    0,    0,    0,    0,    0,    0,    0,    0,    0,    0,    0,    0,    0,    0,  -37,  -27,
       0,    0,  -13,    0,    0,    0,    0,    0,    0,   -8,    0,    0,    0,    0,    0,    0,    0,    0,    0,    0,    0,    0,  -33,    0,    0,   -3,    0,    0,    0,    0,    0,   30,    0,    0,    0,    0,   -5,  -13,    0,  -13,    0,    0,    0,    0,    0,    0,    0,    0,    0,    0,    0,    0,    0,    0,    0,    0,   -4,    0,    0,    0,    0,    0,    0,    0,   30,    0,    0,    0,    0,    0,    0,    0,    0,    0,    0,    0,    0,    0,    0,    0,    0,    0,    0,    0,    0,    0,    0,    0,    0,    0,    0,    0,    0,    0,    0,    0,    0,    0,    0,    0,    0,    0,    0,    0,    0,    0,    0,    0,    0,    0,    0,    0,    0,    0,    0,    0,    0,    0,    0,    0,    0,    0,    0,    0,    0,  -13,  -10,
       0,   30,   23,    0,    0,    0,    0,    0,    0,   17,    0,    0,    0,    0,    0,    0,    0,    0,    0,    0,    0,    0,   20,   20,    0,   37,    0,   13,    0,   37,   17,   17,    3,    0,    0,    7,    3,   10,    7,   10,    0,   27,    0,    0,    0,    0,    0,    0,    0,   13,    0,   17,    0,    0,    0,    0,   37,    0,    0,    0,    0,    0,    0,   37,   30,   37,   13,    0,   10,   12,    0,    0,    0,    0,    0,    0,    0,    0,    0,    0,    0,    0,    0,    0,    0,    0,    0,    0,    0,    0,    0,    0,    0,    0,    0,    0,    0,    0,    0,    0,    0,    0,    0,    0,    0,    0,    0,    0,    0,    0,    0,    0,    0,    0,    0,    0,    0,    0,    0,    0,    0,    0,    0,    0,    0,   20,   27,
       0,    0,    0,    0,    0,    0,    0,    0,    0,    0,    0,    0,    0,    0,    0,    0,    0,    0,    0,    0,    0,    0,    0,    0,    0,    0,    0,    0,    0,    0,    0,    0,    0,    0,    0,    0,    0,   -7,    3,   -7,    0,    0,    0,    0,    0,    0,    0,    0,    0,    0,    0,    0,    0,    0,    0,    0,    0,    0,    0,    0,    0,    0,    0,    0,    0,    0,    0,    0,    0,    0,    0,    0,    0,    0,    0,    0,    0,    0,    0,    0,    0,    0,    0,    0,    0,    0,    0,    0,    0,    0,    0,    0,    0,    0,    0,    0,    0,    0,    0,    0,    0,    0,    0,    0,    0,    0,    0,    0,    0,    0,    0,    0,    0,    0,    0,    0,    0,    0,    0,    0,    0,    0,    0,    0,    0,   -3,    0,
       0,    0,    0,    0,    0,    0,    0,    0,    0,    0,    0,    0,    0,    0,    0,    0,    0,    0,    0,    0,    0,    0,    0,    0,    0,    0,    0,    0,    0,    0,    0,    7,    0,    0,    0,    0,    0,    0,    0,    0,    0,    0,    0,    0,    0,    0,    0,    0,    0,    0,    0,    0,    0,    0,    0,    0,    0,    0,    0,    0,    0,    0,    0,    0,    0,    0,    0,    0,    0,    0,    0,    0,    0,    0,    0,    0,    0,    0,    0,    0,    0,    0,    0,    0,    0,    0,    0,    0,    0,    0,    0,    0,    0,    0,    0,    0,    0,    0,    0,    0,    0,    0,    0,    0,    0,    0,    0,    0,    0,    0,    0,    0,    0,    0,    0,    0,    0,    0,    0,    0,    0,    0,    0,    0,    0,    0,    7,
       0,    0,    0,    0,    0,    0,    0,    0,    0,   -7,    0,    0,    0,    0,    0,    0,    0,    0,    0,    0,    0,    0,  -13,    0,   -3,    0,    0,    0,    0,    0,    0,   13,    0,    0,    0,    0,    0,   -7,    0,   -7,    0,    0,    0,    0,    0,    0,    0,    0,   -3,   -3,    0,    0,    0,    0,    0,    0,    0,   -3,   -3,    0,    0,    0,    0,    0,   13,   10,    0,    0,    0,    0,    0,    0,    0,    0,    0,    0,    0,    0,    0,    0,    0,    0,    0,    0,    0,    0,    0,    0,    0,    0,    0,    0,    0,    0,    0,    0,    0,    0,    0,    0,    0,    0,    0,    0,    0,    0,    0,    0,    0,    0,    0,    0,    0,    0,    0,    0,    0,    0,    0,    0,    0,    0,    0,    0,    0,   -7,    0,
       0,    0,    0,    0,    0,    0,    0,    0,    0,    0,    0,    0,    0,    0,    0,    0,    0,    0,    0,    0,    0,    0,    0,    0,    0,    0,    0,    0,    5,    0,    0,   32,    0,    0,    0,    0,    0,   -7,    0,   -7,    0,    0,    0,    0,    0,    0,    0,    0,    0,    0,    0,    0,    0,    0,    0,    0,    0,    0,    0,    0,    0,    0,    5,    0,   32,    0,    0,    0,    0,    0,    0,    5,    0,    0,    0,    0,    0,    0,    0,    0,    0,    0,    0,    0,    0,    0,    0,    0,    0,    0,    0,    0,    0,    0,    0,    0,    0,    0,    0,    0,    0,    0,    0,    0,    0,    0,    0,    0,    0,    0,    0,    0,    0,    0,    0,    0,    0,    0,    0,    0,    0,    0,    0,    0,    0,   -7,    0,
       0,    0,    0,    0,    0,    0,    0,    0,    0,    0,    0,    0,    0,    0,    0,    0,    0,    0,    0,    0,    0,    0,    0,    0,    0,   17,    0,    0,   -7,   17,    0,    0,    0,    0,    0,    0,    0,    0,    0,    0,    0,    0,    0,    0,    0,    0,    0,    0,    0,    0,    0,    0,    0,    0,    0,    0,   17,    0,    0,    0,    0,    0,   -7,   17,    0,   17,    0,    0,    0,    0,    0,   -7,    0,    0,    0,    0,    0,    0,    0,    0,    0,    0,    0,    0,    0,    0,    0,    0,    0,    0,    0,    0,    0,    0,    0,    0,    0,    0,    0,    0,    0,    0,    0,    0,    0,    0,    0,    0,    0,    0,    0,    0,    0,    0,    0,    0,    0,    0,    0,    0,    0,    0,    0,    0,    0,    0,    0,
       0,    0,    0,    0,    0,    0,    0,    0,    0,  -10,    0,    0,    0,    0,    0,    0,    0,    0,    0,    0,    0,    0,    0,    0,    0,    0,    0,    7,    0,    0,   10,   10,   10,   13,    0,   13,    7,    7,    7,    7,    0,    0,    0,    0,    0,    0,    0,    0,    0,    0,    0,   10,    0,    0,    0,    0,    0,    0,    0,    0,    0,    0,    0,    0,    0,    0,   10,    0,    0,    0,    0,    0,    0,    0,    0,    0,    0,    0,    0,    0,    0,    0,    0,    0,    0,    0,    0,    0,    0,    0,    0,    0,    0,    0,    0,    0,    0,    0,    0,    0,    0,    0,    0,    0,    0,    0,    0,    0,    0,    0,    0,    0,    0,    0,    0,    0,    0,    0,    0,    0,    0,    0,    0,    0,    0,  -10,   -7,
       0,    0,    0,    0,    0,    0,    0,    0,    0,    0,    0,    0,    0,    0,    0,    0,    0,    0,    0,    0,    0,    0,  -10,    0,    0,    0,    0,    0,    0,    0,    0,   20,    0,    0,    0,    0,    0,   -3,    0,   -3,    0,    0,    0,    0,    0,    0,    0,    0,    0,    0,    0,    0,    0,    0,    0,    0,    0,    0,    0,    0,    0,    0,    0,    0,    0,    0,    0,    0,    0,    0,    0,    0,    0,    0,    0,    0,    0,    0,    0,    0,    0,    0,    0,    0,    0,    0,    0,    0,    0,    0,    0,    0,    0,    0,    0,    0,    0,    0,    0,    0,    0,    0,    0,    0,    0,    0,    0,    0,    0,    0,    0,    0,    0,    0,    0,    0,    0,    0,    0,    0,    0,    0,    0,    0,    0,    5,    7,
       0,    0,    0,    0,    0,    0,    0,    0,    0,    0,    0,    0,    0,    0,    0,    0,    0,    0,    0,    0,    0,    0,    0,    0,    0,    0,    0,    0,    0,    0,    0,    0,    0,    0,    0,    0,    0,    0,    0,    0,    0,    0,    0,    0,    0,    0,    0,    0,    0,    0,    0,    0,    0,    0,    0,    0,    0,    0,    0,    0,    0,    0,    0,    0,    0,    0,    0,    0,    0,    0,    0,    0,    0,    0,    0,    0,    0,    0,    0,    0,    0,    0,    0,    0,    0,    0,    0,    0,    0,    0,    0,    0,    0,    0,    0,    0,    0,    0,    0,    0,    0,    0,    0,    0,    0,    0,    0,    0,    0,    0,    0,    0,    0,    0,    0,    0,    0,    0,    0,    0,    0,    0,    0,    0,    0,    7,    0,
       0,    0,    0,    0,    0,    0,    0,    0,    0,   -5,    0,    0,    0,    0,    0,    0,    0,    0,    0,    0,    0,    0,  -13,    0,    0,    0,    0,    0,    3,    0,    0,   27,    0,    0,    0,    0,    0,  -12,    7,  -12,    0,    0,    0,    0,    0,    0,    0,    0,    0,    0,    0,    0,    0,    0,    0,    0,    0,    0,    0,    0,    0,    0,    3,    0,   27,    0,    0,    0,    0,    0,    0,    3,    0,    0,    0,    0,    0,    0,    0,    0,    0,    0,    0,    0,    0,    0,    0,    0,    0,    0,    0,    0,    0,    0,    0,    0,    0,    0,    0,    0,    0,    0,    0,    0,    0,    0,    0,    0,    0,    0,    0,    0,    0,    0,    0,    0,    0,    0,    0,    0,    0,    0,    0,    0,    0,   -7,   -5,
       0,   13,    0,    0,    0,    0,  -13,    0,    0,    0,   -9,    3,    0,    0,    0,    0,   10,   10,   13,    3,   10,    3,   10,    7,    0,   17,    0,    0,   -3,   17,    0,    0,    0,    0,    0,   10,    0,    0,    0,    0,    0,   10,    0,    0,    0,  -23,    0,    0,    0,    0,    0,    0,    0,    0,    0,    0,   17,    0,    0,    0,    0,    0,   -3,   17,    0,   17,    0,    0,    0,    0,    0,   -3,    0,    0,    0,    0,    0,    0,    0,    0,    0,    0,    0,    0,    0,    0,    0,    0,    0,    0,    0,    0,    0,    0,    0,    0,    0,    0,    0,    0,    0,    0,    0,    0,    0,    0,    0,    0,    0,    0,    0,    0,    0,    0,    0,    0,    0,    0,    0,    0,    0,    0,    0,    0,    0,    0,   10,
      10,    0,   13,  -10,    0,  -10,  -13,    0,    0,    0,    0,    0,    0,    0,    0,    0,    0,    0,    0,    0,    0,    0,    0,    0,    0,   10,    0,    7,    0,   10,    0,    0,    7,   10,    0,   10,    7,   13,    7,   13,    0,    0,    0,    0,    0,    0,    0,    0,    0,    0,    0,    0,    0,    0,    0,    0,   10,    0,    0,    0,    0,    0,    0,   10,    0,   10,    7,    0,    0,    0,    0,    0,    0,    0,    0,    0,    0,    0,    0,    0,    0,    0,    0,    0,    0,    0,    0,    0,    0,    0,    0,    0,    0,    0,    0,    0,    0,    0,    0,    0,    0,    0,    0,    0,    0,    0,    0,    0,    0,    0,    0,    0,    0,    0,    0,    0,    0,    0,    0,    0,    0,    0,    0,    0,    0,   20,   13,
       0,   17,   10,  -13,    0,  -13,  -19,    0,    0,    0,  -22,    3,   -5,    0,    0,   -5,    3,   10,   10,    0,   13,    0,   13,   10,   -7,   17,   -5,    0,  -13,   17,    0,    0,    0,    0,   -8,    0,    0,    0,    0,    0,   -7,   13,    0,   -7,    0,  -23,   -5,    0,   -7,   -7,   -5,    0,   22,   22,   -5,   -5,   17,   -7,   -7,   -5,   -5,   -5,  -13,   17,    0,   17,    0,   -8,   -8,   -7,    0,  -13,    0,    0,    0,    0,    0,    0,    0,    0,    0,    0,    0,    0,    0,    0,    0,    0,    0,    0,    0,    0,    0,    0,    0,    0,    0,    0,    0,    0,    0,    0,    0,    0,    0,    0,    0,    0,    0,    0,    0,    0,    0,    0,    0,    0,    0,    0,    0,    0,    0,    0,    0,    0,    0,    0,   10,
       0,    0,   13,    0,    0,    0,    0,    0,    0,    0,    0,    0,    0,    0,    0,    0,    0,    0,    0,    0,    0,    0,    0,    0,    0,    0,    0,    0,    0,    0,    0,    0,    0,    0,    0,    7,    0,    7,    7,    7,    0,    0,    0,    0,    0,    0,    0,    0,    0,    0,    0,    0,    0,    0,    0,    0,    0,    0,    0,    0,    0,    0,    0,    0,    0,    0,    0,    0,    0,    0,    0,    0,    0,    0,    0,    0,    0,    0,    0,    0,    0,    0,    0,    0,    0,    0,    0,    0,    0,    0,    0,    0,    0,    0,    0,    0,    0,    0,    0,    0,    0,    0,    0,    0,    0,    0,    0,    0,    0,    0,    0,    0,    0,    0,    0,    0,    0,    0,    0,    0,    0,    0,    0,    0,    0,    7,   10,
      10,    0,    7,    0,    0,    0,    0,    0,    0,    0,    0,    0,    0,    0,    0,    0,    0,    0,    0,    0,    0,    0,  -10,    0,   -7,    0,   -8,    0,   17,    0,    0,    6,    0,    5,    0,    8,    0,    3,    0,    3,    0,    0,    0,    0,    0,    0,    0,    0,   -7,   -7,   -8,    0,    0,    0,   -8,   -8,    0,   -7,   -7,   -8,   -8,   -8,   17,    0,    6,    0,    0,    0,    0,    0,    0,   13,    0,    0,    0,    0,    0,    0,    0,    0,    0,    0,    0,    0,    0,    0,    0,    0,    0,    0,    0,    0,    0,    0,    0,    0,    0,    0,    0,    0,    0,    0,    0,    0,    0,    0,    0,    0,    0,    0,    0,    0,    0,    0,    0,    0,    0,    0,    0,    0,    0,    0,    0,    0,    0,   13,   13,
       0,    0,    0,    0,    0,    0,    0,    0,    0,    0,    0,    0,    0,    0,    0,    0,    0,    0,    0,    0,    0,    0,    0,    0,    0,    0,   -5,    0,    0,    0,    0,    0,    0,    0,    0,    0,    0,    0,    0,    0,    0,    0,    0,    0,    0,    0,    0,    0,    0,    0,   -5,    0,    0,    0,   -5,   -5,    0,    0,    0,   -5,   -5,   -5,    0,    0,    0,    0,    0,    0,    0,    0,    0,    0,    0,    0,    0,    0,    0,    0,    0,    0,    0,    0,    0,    0,    0,    0,    0,    0,    0,    0,    0,    0,    0,    0,    0,    0,    0,    0,    0,    0,    0,    0,    0,    0,    0,    0,    0,    0,    0,    0,    0,    0,    0,    0,    0,    0,    0,    0,    0,    0,    0,    0,    0,    0,    0,    0,    0,
       0,    0,    0,    0,    0,    0,    0,    0,    0,    0,    0,    0,    0,    0,    0,    0,    0,    0,    0,    0,    0,    0,  -17,    0,    0,    0,    7,    0,    0,    0,    0,    0,    0,    0,    0,    0,    0,    0,    0,    0,    0,    0,    0,    0,    0,    0,    0,    0,    0,    0,    7,    0,    0,    0,    7,    7,    0,    0,    0,    7,    7,    7,    0,    0,    0,    0,    0,    0,    0,    0,    0,    0,    0,    0,    0,    0,    0,    0,    0,    0,    0,    0,    0,    0,    0,    0,    0,    0,    0,    0,    0,    0,    0,    0,    0,    0,    0,    0,    0,    0,    0,    0,    0,    0,    0,    0,    0,    0,    0,    0,    0,    0,    0,    0,    0,    0,    0,    0,    0,    0,    0,    0,    0,    0,    0,    0,    0,
       0,    0,    0,    0,    0,    0,    0,    0,    0,    0,    0,    0,    0,    0,    0,    0,    0,    0,    0,    0,    0,    0,    0,    0,    0,    0,    0,    0,    0,    0,    0,    0,    0,    0,    0,    0,    0,    0,    0,    0,    0,    0,    0,    0,    0,    0,    0,    0,    0,    0,    0,    0,    0,    0,    0,    0,    0,    0,    0,    0,    0,    0,    0,    0,    0,    0,    0,    0,    0,    0,    0,    0,    0,    0,    0,    0,    0,    0,    0,    0,    0,    0,    0,    0,    0,    0,    0,    0,   -3,    0,    0,    0,    0,    0,    0,    0,    0,    0,    0,    0,    0,    0,    0,    0,    0,    0,    0,    0,    0,    0,    0,    0,    0,    0,    0,    0,    0,    0,  -10,    0,    0,    0,    0,    0,    0,    0,    7,
       0,    0,  -13,    0,    0,    0,    0,    0,    0,    0,    0,    0,    0,    0,    0,    0,    0,    0,    0,    0,    0,    0,  -33,    0,    0,    0,    0,    0,    0,    0,    0,    0,    0,    0,    0,    0,    0,    0,    0,    0,    0,    0,    0,    0,    0,    0,    0,    0,    0,    0,    0,    0,    0,    0,    0,    0,    0,    0,    0,    0,    0,    0,    0,    0,    0,    0,    0,    0,    0,    0,    0,    0,    0,    0,    0,    0,    0,  -17,    0,    0,    0,    0,  -17,    0,    0,    0,    0,    0,   -7,    0,  -20,    0,    0,    0,    0,    0,    0,    0,    0,    0,    0,    0,    0,  -10,    0,  -10,    0,    0,    0,    0,    0,    0,    0,  -10,  -23,    0,    0,  -20,  -10,    0,    0,    0,    0,    0,  -10,  -10,   -7,
       0,    0,    0,    0,    0,    0,    0,    0,    0,    0,    0,    0,    0,    0,    0,    0,    0,    0,    0,    0,    0,    0,    0,    0,    0,    0,    0,    0,    0,    0,    0,    0,    0,    0,    0,    0,    0,    0,    0,    0,    0,    0,    0,    0,    0,    0,    0,    0,    0,    0,    0,    0,    0,    0,    0,    0,    0,    0,    0,    0,    0,    0,    0,    0,    0,    0,    0,    0,    0,    0,    0,    0,    0,    0,    0,    0,    0,    0,    0,    0,    0,    0,    0,    0,    0,    0,    0,    0,   -8,    0,   -3,    0,    0,    0,    0,    0,    0,    0,    0,    0,    0,    0,    0,    0,    0,    0,    0,    0,    0,    0,    0,    0,    0,    0,    0,    0,    0,    0,  -10,    0,    0,    0,    0,    0,    0,    0,    0,
       0,    0,    0,   -7,    0,   -7,   -7,    0,    0,    0,    0,    0,    0,    0,    0,    0,    0,    0,    0,    0,    0,    0,    0,    0,    0,    0,    0,    0,    0,    0,    0,    0,    0,    0,    0,    0,    0,    0,    0,    0,    0,    0,    0,    0,    0,    0,    0,    0,    0,    0,    0,    0,    0,    0,    0,    0,    0,    0,    0,    0,    0,    0,    0,    0,    0,    0,    0,    0,    0,    0,    0,    0,    0,    0,    0,    0,    0,    0,    0,    0,    0,    0,    0,   -8,    0,   -7,    0,    0,    0,   -4,    0,    0,   -7,    0,    0,    0,  -13,    0,  -10,    0,    0,    0,    0,   -7,   -3,    0,    0,   -7,    0,    0,    0,    0,    0,   -7,   -5,    0,    0,    0,    0,    0,  -10,    0,    0,    0,   -7,    0,    0,
       0,    0,    0,    0,    0,    0,    0,    0,    0,    0,    0,    0,    0,    0,    0,    0,    0,    0,    0,    0,    0,    0,    0,    0,    0,    0,    0,    0,    0,    0,    0,    0,    0,    0,    0,    0,    0,    0,    0,    0,    0,    0,   -7,    0,    0,    0,    0,    0,    0,    0,    0,    0,    0,    0,    0,    0,    0,    0,    0,    0,    0,    0,    0,    0,    0,    0,    0,    0,    0,    0,    0,    0,    0,    0,    0,    0,    0,    0,   -5,    0,    0,    0,    0,    0,    0,    0,    0,    0,  -13,    0,    0,    0,    0,    0,    0,    0,    0,   -5,    0,    0,    0,    0,  -10,   -3,    0,  -10,    0,    0,    0,    0,    0,    7,    0,   -3,    0,    0,    0,    0,  -17,  -20,    0,    0,    0,    0,   -3,    0,    0,
       0,    0,    0,  -13,   -7,  -13,  -13,  -10,  -10,    0,    0,    0,    0,    0,    0,    0,    0,    0,    0,    0,    0,    0,    0,    0,    0,    0,    0,    0,    0,    0,    0,    0,    0,    0,    0,    0,    0,    0,    0,    0,    0,    0,    0,    0,    0,    0,    0,    0,    0,    0,    0,    0,    0,    0,    0,    0,    0,    0,    0,    0,    0,    0,    0,    0,    0,    0,    0,    0,    0,    0,    0,    0,    0,    0,    0,    0,    0,    0,   -5,    0,    0,  -13,    0,  -13,  -10,   -3,    0,    0,  -10,    0,    0,    0,   -7,   -7,    0,   -7,   -7,   -7,   -3,   -7,   -7,    0,    0,   -5,   -7,    0,   -7,  -10,    3,   -6,    0,   10,    5,   -5,    0,    0,    0,    0,  -13,  -13,  -17,    0,    0,    0,   -5,    0,    0,
       0,    0,  -17,    0,    7,    0,    0,    0,    0,    0,    0,    0,    0,    0,    0,    0,    0,    0,    0,    0,    0,    0,  -22,    0,    0,    0,    0,    0,    0,    0,    0,    0,    0,    0,    0,    0,    0,    0,    0,    0,    0,    0,    0,    0,    0,    0,    0,    0,    0,    0,    0,    0,    0,    0,    0,    0,    0,    0,    0,    0,    0,    0,    0,    0,    0,    0,    0,    0,    0,    0,    0,    0,    0,    0,    0,    0,   -3,  -23,    0,    0,  -10,    0,  -23,    0,  -10,  -10,    0,    0,    0,   -3,  -33,    0,  -10,    7,    7,   -3,   -7,    7,   -8,    0,    0,    0,   -7,  -13,   -8,   -7,    0,   -7,    0,    0,    0,    0,    0,  -13,  -23,    0,    0,  -30,   -7,    0,    0,    0,    0,    0,  -13,  -13,   -7,
       0,    0,  -30,    0,    0,    0,    0,    0,    0,    0,    0,    0,    0,    0,    0,    0,    0,    0,    0,    0,    0,    0,  -47,    0,    0,    0,    0,    0,    0,    0,    0,    0,    0,    0,    0,    0,    0,    0,    0,    0,    0,    0,    0,    0,    0,    0,    0,    0,    0,    0,    0,    0,    0,    0,    0,    0,    0,    0,    0,    0,    0,    0,    0,    0,    0,    0,    0,    0,    0,    0,    0,    0,    0,    0,    0,    0,    0,  -25,   -7,    0,    0,    0,  -20,    0,    0,    0,    0,    0,  -13,    0,  -40,    0,    0,    0,   -7,    0,    0,   -3,    0,    0,    0,    0,  -13,  -28,    0,  -23,    0,    0,    0,    0,    0,    0,    0,  -28,  -30,    0,    0,  -32,  -23,  -15,    0,    0,    0,    0,  -28,  -17,  -17,
       0,    0,    0,    0,   -7,    0,    0,    0,    0,    0,    0,    0,    0,    0,    0,    0,    0,    0,    0,    0,    0,    0,    0,    0,    0,    0,    0,    0,    0,    0,    0,    0,    0,    0,    0,    0,    0,    0,    0,    0,    0,    0,  -10,    0,    0,    0,    0,    0,    0,    0,    0,    0,    0,    0,    0,    0,    0,    0,    0,    0,    0,    0,    0,    0,    0,    0,    0,    0,    0,    0,    0,    0,    0,    0,    0,    0,    0,  -13,  -17,    0,    0,    0,  -10,    5,    0,    0,  -10,    0,  -25,    4,  -13,    0,    0,    0,  -10,    0,    0,  -10,    0,    0,    0,    0,  -20,  -17,    3,  -20,    0,    0,    0,   -4,    0,    0,    0,  -17,  -10,    0,    0,  -10,  -25,  -30,    0,  -10,   -7,    0,  -17,   -7,    0,
       0,    0,    0,  -42,  -17,  -42,  -32,    0,    0,    0,    0,    0,    0,    0,    0,    0,    0,    0,    0,    0,    0,    0,    0,    0,    0,    0,    0,    0,    0,    0,    0,    0,    0,    0,    0,    0,    0,    0,    0,    0,    0,    0,  -27,  -17,    0,    0,    0,    0,    0,    0,    0,    0,    0,    0,    0,    0,    0,    0,    0,    0,    0,    0,    0,    0,    0,    0,    0,    0,    0,    0,    0,    0,    0,    0,    0,    0,    0,    0,  -25,  -15,    0,  -30,    7,  -57,  -33,   -7,  -15,  -17,  -23,    0,    0,   -7,  -27,  -33,   -3,  -27,  -40,  -37,  -27,  -30,  -33,  -10,  -17,  -13,  -20,  -17,  -30,  -50,    7,  -27,    0,   20,    0,  -13,    5,    0,    7,   13,  -10,  -37,  -57,   -7,  -27,    0,  -13,    0,    7,
     -17,    0,  -30,    0,  -10,    0,    7,    0,    0,  -18,    0,    0,    0,    0,    0,    0,    0,    0,    0,    0,    0,    0,  -33,    0,    0,    0,    0,    0,    0,    0,    0,    0,    0,    0,    0,    0,    0,    0,    0,    0,    0,    0,  -10,    0,    0,    0,    0,    0,    0,    0,    0,    0,    0,    0,    0,    0,    0,    0,    0,    0,    0,    0,    0,    0,    0,    0,    0,    0,    0,    0,    0,    0,    0,    0,    0,    0,    0,  -35,   -5,    0,    0,    3,  -17,    8,    7,    5,    0,    0,  -17,    3,  -42,    0,    0,    0,   -7,    0,    5,    0,    0,    0,   10,    0,  -17,  -13,    7,  -23,    0,    0,    0,    0,    0,    0,    0,  -13,  -38,    0,    0,  -30,  -30,  -17,   10,    0,    0,    0,  -13,  -37,  -27,
       0,    0,    0,    0,    0,    0,    0,    0,    0,    0,    0,    0,    0,    0,    0,    0,    0,    0,    0,    0,    0,    0,    0,    0,    0,    0,    0,    0,    0,    0,    0,    0,    0,    0,    0,    0,    0,    0,    0,    0,    0,    0,    0,    0,    0,    0,    0,    0,    0,    0,    0,    0,    0,    0,    0,    0,    0,    0,    0,    0,    0,    0,    0,    0,    0,    0,    0,    0,    0,    0,    0,    0,    0,    0,    0,    0,    0,  -10,    0,    0,    0,    0,    0,   -7,    0,  -10,    0,    0,    0,    0,   -7,    0,   -7,    0,    0,    0,   -7,    0,   -7,    0,    0,    0,    0,    0,    0,    0,    0,   -7,    0,    0,    0,    0,    0,    0,    0,    0,    0,    0,  -12,    0,    0,    0,    0,    0,    0,    0,    0,
       0,    0,    0,   -7,    0,   -7,    0,    0,    0,    0,    0,    0,    0,    0,    0,    0,    0,    0,    0,    0,    0,    0,  -13,    0,    0,    0,    0,    0,    0,    0,    0,    0,    0,    0,    0,    0,    0,    0,    0,    0,    0,    0,    0,    0,    0,    0,    0,    0,    0,    0,    0,    0,    0,    0,    0,    0,    0,    0,    0,    0,    0,    0,    0,    0,    0,    0,    0,    0,    0,    0,    0,    0,    0,    0,    0,    0,    0,   -5,    0,    0,    0,    0,   -3,  -10,   -7,   -7,    0,  -10,    0,   -5,   -8,    0,    0,    0,    7,    0,   -7,    5,    0,    0,    0,    0,    0,    0,    0,    0,    0,   -3,    0,    0,    0,    0,    3,    0,   -8,    0,    0,   -7,    0,    0,   -8,    0,    0,    0,    0,    0,    0,
       0,    0,    0,  -33,   -7,  -33,  -42,   -7,   -7,    0,    0,    0,    0,    0,    0,    0,    0,    0,    0,    0,    0,    0,    0,    0,    0,    0,    0,    0,    0,    0,    0,    0,    0,    0,    0,    0,    0,    0,    0,    0,    0,    0,  -10,   -7,    0,    0,    0,    0,    0,    0,    0,    0,    0,    0,    0,    0,    0,    0,    0,    0,    0,    0,    0,    0,    0,    0,    0,    0,    0,    0,    0,    0,    0,    0,    0,    0,    0,    0,  -10,   -5,    0,  -27,    0,  -40,  -27,   -7,    0,   -8,  -10,    0,    0,    0,  -17,  -18,    0,    0,  -30,  -20,    0,   -7,  -27,    0,    0,    0,    0,    0,   -7,  -27,    0,  -23,    0,   10,    0,    0,    0,    0,    0,    0,   -7,  -30,  -33,    0,   -7,    0,    0,    7,    7,
       0,    0,    0,    0,    0,    0,    0,    0,    0,    0,    0,    0,    0,    0,    0,    0,    0,    0,    0,    0,    0,    0,    0,    0,    0,    0,    0,    0,    0,    0,    0,    0,    0,    0,    0,    0,    0,    0,    0,    0,    0,    0,   -7,    0,    0,    0,    0,    0,    0,    0,    0,    0,    0,    0,    0,    0,    0,    0,    0,    0,    0,    0,    0,    0,    0,    0,    0,    0,    0,    0,    0,    0,    0,    0,    0,    0,    0,    0,   -5,    0,   13,    0,    0,    5,    0,    0,    0,    0,  -13,    5,    0,    0,    0,    0,    0,    0,    0,   -5,    0,    0,    0,    0,  -10,    0,    0,  -10,    0,    0,    0,    0,    0,    0,   13,    0,    0,    0,    0,    0,  -17,  -20,    0,    0,    0,    0,    0,    0,    0,
       0,    0,    0,    0,    0,    0,    0,    0,    0,    0,    0,    0,    0,    0,    0,    0,    0,    0,    0,    0,    0,    0,    0,    0,    0,    0,    0,    0,    0,    0,    0,    0,    0,    0,    0,    0,    0,    0,    0,    0,    0,    0,    0,    0,    0,    0,    0,    0,    0,    0,    0,    0,    0,    0,    0,    0,    0,    0,    0,    0,    0,    0,    0,    0,    0,    0,    0,    0,    0,    0,    0,    0,    0,    0,    0,    0,    0,   -8,   -3,    0,    0,    7,   -7,    0,    0,    0,    0,    0,  -11,   10,   -7,    0,    0,    0,    0,    0,    0,    0,    0,    0,    0,    0,    0,   -5,    0,    0,    0,    0,    0,    0,    0,    7,    0,   -5,   -7,    0,    0,   -7,  -10,  -10,    0,    0,    0,    0,   -5,   -7,    0,
       0,  -10,    0,  -17,    0,  -17,  -13,    0,    0,    0,    0,    0,    0,    0,    0,    0,    0,    0,    0,    0,    0,    0,  -10,    0,    0,    0,    0,    0,    0,    0,    0,    0,    0,    0,    0,    0,    0,    0,    0,    0,    0,    0,    0,    0,    0,    0,    0,    0,    0,    0,    0,    0,    0,    0,    0,    0,    0,    0,    0,    0,    0,    0,    0,    0,    0,    0,    0,    0,    0,    0,    0,    0,    0,    0,    0,    0,   -5,    0,    0,    0,   -7,  -10,   -7,   -9,  -17,  -17,   -7,   -3,    0,  -12,  -10,    0,  -10,    0,    0,    0,  -13,    0,    0,    0,  -13,    0,    0,    0,    0,    0,    0,  -13,    0,    0,    0,    0,    0,    0,   -7,    0,    0,   -8,    0,    0,  -23,    0,    0,    0,    0,    0,    0,
       7,    0,   19,  -33,    0,  -33,  -33,    0,    0,    0,    0,    0,    0,    0,    0,    0,    0,    0,    0,    0,    0,    0,    0,    0,    0,    0,    0,    0,    0,    0,    0,    0,    0,    0,    0,    0,    0,    0,    0,    0,    0,    0,    0,    0,    0,    0,    0,    0,    0,    0,    0,    0,    0,    0,    0,    0,    0,    0,    0,    0,    0,    0,    0,    0,    0,    0,    0,    0,    0,    0,    0,    0,    0,    0,    0,    0,   -5,    3,    0,    0,    0,  -18,    0,  -37,  -27,  -10,    0,   -5,    0,   -3,    0,    0,   -8,   -5,    0,    0,  -20,   -5,    0,    0,   -7,    0,    0,   10,    0,    0,    0,  -17,    0,   -6,    0,    7,   10,   10,    0,    0,    0,    0,    0,    0,  -45,    0,    0,    0,   10,    7,   10,
       0,    0,    0,    0,   -7,    0,    0,    0,    0,    0,    0,    0,    0,    0,    0,    0,    0,    0,    0,    0,    0,    0,    0,    0,    0,    0,    0,    0,    0,    0,    0,    0,    0,    0,    0,    0,    0,    0,    0,    0,    0,    0,    0,    0,    0,    0,    0,    0,    0,    0,    0,    0,    0,    0,    0,    0,    0,    0,    0,    0,    0,    0,    0,    0,    0,    0,    0,    0,    0,    0,    0,    0,    0,    0,    0,    0,    0,    0,   -8,    0,    0,    0,    0,    0,    0,    0,    0,    0,  -10,    0,    0,    0,   -7,   -5,    0,    0,    0,   -5,    0,    0,    0,    0,    0,   -4,    0,    0,    0,    0,    0,   -5,    0,    0,    0,   -4,    0,    0,    0,    0,    0,    0,    0,    0,    0,    0,   -4,    0,    0,
       0,    0,    0,  -17,    7,  -17,  -20,    0,    0,    0,    0,    0,    0,    0,    0,    0,    0,    0,    0,    0,    0,    0,    0,    0,    0,    0,    0,    0,    0,    0,    0,    0,    0,    0,    0,    0,    0,    0,    0,    0,    0,    0,    0,    0,    0,    0,    0,    0,    0,    0,    0,    0,    0,    0,    0,    0,    0,    0,    0,    0,    0,    0,    0,    0,    0,    0,    0,    0,    0,    0,    0,    0,    0,    0,    0,    0,  -10,   -3,    0,    0,    0,  -17,  -13,  -25,  -30,  -25,  -10,  -10,    0,  -20,  -10,   -7,  -20,    0,    0,    0,  -13,    0,    0,    0,  -10,    0,    0,    0,    0,    0,    0,   -7,    0,    0,    0,    0,    0,    0,  -12,    0,    0,  -10,    0,    0,  -23,    0,    0,    0,    0,    0,    0,
       0,    0,   10,    0,   -7,    0,    0,    0,    0,    0,    0,    0,    0,    0,    0,    0,    0,    0,    0,    0,    0,    0,    0,    0,    0,    0,    0,    0,    0,    0,    0,    0,    0,    0,    0,    0,    0,    0,    0,    0,    0,    0,    0,    0,    0,    0,    0,    0,    0,    0,    0,    0,    0,    0,    0,    0,    0,    0,    0,    0,    0,    0,    0,    0,    0,    0,    0,    0,    0,    0,    0,    0,    0,    0,    0,    0,    0,    0,  -12,    0,    0,    3,    0,    3,    7,    0,    0,    5,  -20,   10,    0,    0,    0,    0,    0,    0,   10,   -3,    0,    0,   10,    0,  -20,  -12,    7,  -20,    0,    0,    7,    0,    0,   13,    0,  -12,    0,    0,    0,    0,  -23,  -20,   10,   -3,    0,    0,  -12,    0,    0,
       0,    0,  -13,    0,    0,    0,    0,    0,    0,   -8,    0,    0,    0,    0,    0,    0,    0,    0,    0,    0,    0,    0,  -33,    0,    0,    0,    0,    0,    0,    0,    0,    0,    0,    0,    0,    0,    0,    0,    0,    0,    0,    0,    0,    0,    0,    0,    0,    0,    0,    0,    0,    0,    0,    0,    0,    0,    0,    0,    0,    0,    0,    0,    0,    0,    0,    0,    0,    0,    0,    0,    0,    0,    0,    0,    0,    0,    0,    0,    0,    0,    0,    0,    0,    0,    0,    0,    0,    0,    0,    0,    0,    0,    0,    0,    0,    0,    0,    0,    0,    0,    7,    0,   -7,  -13,    0,  -13,    0,    0,    0,    0,    0,    0,    0,  -13,    0,    0,    0,    0,    0,  -10,    0,    0,    0,    0,  -13,  -13,  -10,
       0,  -10,   -7,  -10,    0,  -10,  -13,    0,    0,   -5,    0,    0,    0,    0,    0,    0,    0,    0,    0,    0,    0,    0,  -20,    0,    0,    0,    0,    0,    0,    0,    0,    0,    0,    0,    0,    0,    0,    0,    0,    0,    0,    0,    0,    0,    0,    0,    0,    0,    0,    0,    0,    0,    0,    0,    0,    0,    0,    0,    0,    0,    0,    0,    0,    0,    0,    0,    0,    0,    0,    0,    0,    0,    0,    0,    0,    0,    0,    0,    0,    0,    0,    0,    0,    0,    0,    0,    0,    0,    0,    0,    0,    0,    0,    0,    0,   -3,   -7,    0,  -10,   -4,   -7,    0,    0,   -7,   -8,    0,   -4,   -8,    0,    0,    0,    0,    0,   -7,    0,    0,    0,    0,    0,    0,    0,    0,    0,    0,   -7,  -13,   -7,
       0,    0,    0,    0,    0,    0,    0,    0,    0,    0,    0,    0,    0,    0,    0,    0,    0,    0,    0,    0,    0,    0,    0,    0,    0,    0,    0,    0,    0,    0,    0,    0,    0,    0,    0,    0,    0,    0,    0,    0,    0,    0,    0,    0,    0,    0,    0,    0,    0,    0,    0,    0,    0,    0,    0,    0,    0,    0,    0,    0,    0,    0,    0,    0,    0,    0,    0,    0,    0,    0,    0,    0,    0,    0,    0,    0,    0,    0,    0,    0,    0,    0,    0,    0,    0,    0,    0,    0,    0,    0,    0,    0,    0,    0,    0,   -3,   -3,    0,   -7,    0,    0,    0,    0,   -9,   -5,    0,    0,   -7,    0,    0,    0,    0,    0,   -9,    0,    0,    0,    0,    0,   -3,    0,    0,    0,    0,   -9,    0,    0,
       0,    0,    0,  -17,    0,  -17,  -13,    0,    0,    0,    0,    0,    0,    0,    0,    0,    0,    0,    0,    0,    0,    0,    0,    0,    0,    0,    0,    0,    0,    0,    0,    0,    0,    0,    0,    0,    0,    0,    0,    0,    0,    0,    0,    0,    0,    0,    0,    0,    0,    0,    0,    0,    0,    0,    0,    0,    0,    0,    0,    0,    0,    0,    0,    0,    0,    0,    0,    0,    0,    0,    0,    0,    0,    0,    0,    0,    0,    0,    0,    0,    0,    0,    0,    0,    0,    0,    0,    0,    0,    0,    0,    0,    0,   -5,    3,    0,  -17,   -3,    0,    0,  -17,    7,    0,    0,    0,    0,    0,  -13,   -3,   -3,    0,    0,    0,    0,    0,    0,    0,    0,    0,    0,    0,    0,    0,    0,    0,    0,    7,
       0,    0,    0,    3,    0,    3,    0,    0,    0,    0,    0,    0,    0,    0,    0,    0,    0,    0,    0,    0,    0,    0,   -7,    0,    0,    0,    0,    0,    0,    0,    0,    0,    0,    0,    0,    0,    0,    0,    0,    0,    0,    0,    0,    0,    0,    0,    0,    0,    0,    0,    0,    0,    0,    0,    0,    0,    0,    0,    0,    0,    0,    0,    0,    0,    0,    0,    0,    0,    0,    0,    0,    0,    0,    0,    0,    0,    0,    0,    0,    0,    0,    0,    0,    0,    0,    0,    0,    0,    0,    0,    0,    0,    0,    0,    0,    0,    0,   -3,    0,    0,    0,    0,    0,    0,    0,    0,    0,    0,    0,    0,    0,    0,   13,   10,    0,    0,    0,    0,    0,  -10,    0,    0,    0,    0,   10,    0,    0,
       0,    0,    0,    0,    0,    0,    0,    0,    0,   -7,    0,    0,    0,    0,    0,    0,    0,    0,    0,    0,    0,    0,  -13,    0,    0,    0,    0,    0,    0,    0,    0,    0,    0,    0,    0,    0,    0,    0,    0,    0,    0,    0,    0,    0,    0,    0,    0,    0,    0,    0,    0,    0,    0,    0,    0,    0,    0,    0,    0,    0,    0,    0,    0,    0,    0,    0,    0,    0,    0,    0,    0,    0,    0,    0,    0,    0,    0,    0,    0,    0,    0,    0,    0,    0,    0,    0,    0,    0,    0,    0,    0,    0,    0,   -3,    0,    0,   -3,    0,   -7,    0,    0,    0,    0,    0,    0,    0,    0,   -7,    0,    0,    0,    0,    0,    0,    0,    0,    0,    0,    0,    0,    0,    0,    0,    0,    0,   -7,    0,
       0,    0,    0,    0,    0,    0,    0,    0,    0,    0,    0,    0,    0,    0,    0,    0,    0,    0,    0,    0,    0,    0,   -7,    0,    0,    0,    0,    0,    0,    0,    0,    0,    0,    0,    0,    0,    0,    0,    0,    0,    0,    0,  -10,    0,    0,    0,    0,    0,    0,    0,    0,    0,    0,    0,    0,    0,    0,    0,    0,    0,    0,    0,    0,    0,    0,    0,    0,    0,    0,    0,    0,    0,    0,    0,    0,    0,    0,    0,    0,    0,    0,    0,    0,    0,    0,    0,    0,    0,    0,    0,    0,    0,    0,   -9,   -5,    0,    0,  -12,    0,   -3,    0,    0,   -3,   -7,    0,    0,   -3,    0,    0,    0,    0,    0,    0,   -7,    0,    0,    0,    0,    0,  -20,    0,    0,    0,    0,   -7,    0,    0,
       0,    0,    0,   -7,    0,   -7,    0,    0,    0,    0,    0,    0,    0,    0,    0,    0,    0,    0,    0,    0,    0,    0,  -17,    0,    0,    0,    0,    0,    0,    0,    0,    0,    0,    0,    0,    0,    0,    0,    0,    0,    0,    0,    0,    0,    0,    0,    0,    0,    0,    0,    0,    0,    0,    0,    0,    0,    0,    0,    0,    0,    0,    0,    0,    0,    0,    0,    0,    0,    0,    0,    0,    0,    0,    0,    0,    0,    0,    0,    0,    0,    0,    0,    0,    0,    0,    0,    0,    0,    0,    0,    0,    0,    0,    0,    0,    0,   -7,    0,   -5,    0,    0,    0,    0,   -5,    0,    0,    0,   -5,    0,    0,    0,    0,    0,   -5,    0,    0,    0,    0,    0,    0,    0,    0,    0,    0,   -5,   -7,    0,
       0,    0,    0,    0,    0,    0,    0,    0,    0,    0,    0,    0,    0,    0,    0,    0,    0,    0,    0,    0,    0,    0,    0,    0,    0,    0,    0,    0,    0,    0,    0,    0,    0,    0,    0,    0,    0,    0,    0,    0,    0,    0,    0,    0,    0,    0,    0,    0,    0,    0,    0,    0,    0,    0,    0,    0,    0,    0,    0,    0,    0,    0,    0,    0,    0,    0,    0,    0,    0,    0,    0,    0,    0,    0,    0,    0,    0,    0,    0,    0,    0,    0,    0,    0,    0,    0,    0,    0,    0,    0,    0,    0,    0,   -3,    0,    0,    0,   -3,    0,    0,    0,    0,    0,   -3,    0,    0,    0,   -4,    0,    0,    0,    0,    0,   -3,    0,    0,    0,    0,    0,  -10,    0,    0,    0,    0,   -3,    0,    0,
       0,    0,    0,    0,    0,    0,    0,    0,    0,    0,    0,    0,    0,    0,    0,    0,    0,    0,    0,    0,    0,    0,  -20,    0,    0,    0,    0,    0,    0,    0,    0,    0,    0,    0,    0,    0,    0,    0,    0,    0,    0,    0,    0,    0,    0,    0,    0,    0,    0,    0,    0,    0,    0,    0,    0,    0,    0,    0,    0,    0,    0,    0,    0,    0,    0,    0,    0,    0,    0,    0,    0,    0,    0,    0,    0,    0,    0,    0,    0,    0,    0,    0,    0,    0,    0,    0,    0,    0,    0,    0,    0,    0,    0,   -3,    0,    0,    0,    0,    0,    0,    0,    0,    0,   -3,    0,    0,    0,   -7,    0,    0,    0,    0,    0,   -3,    0,    0,    0,    0,    0,    0,    0,    0,    0,    0,   -3,    0,    7,
       0,    0,   10,  -30,   -5,  -30,  -18,    0,    0,    0,    0,    0,    0,    0,    0,    0,    0,    0,    0,    0,    0,    0,    0,    0,    0,    0,    0,    0,    0,    0,    0,    0,    0,    0,    0,    0,    0,    0,    0,    0,    0,    0,    0,    0,    0,    0,    0,    0,    0,    0,    0,    0,    0,    0,    0,    0,    0,    0,    0,    0,    0,    0,    0,    0,    0,    0,    0,    0,    0,    0,    0,    0,    0,    0,    0,    0,    0,    0,    0,    0,    0,    0,    0,    0,    0,    0,    0,    0,    0,    0,    0,    0,    0,  -10,    0,    0,  -20,  -10,   -3,   -3,  -20,    3,    7,    3,    3,    7,   -3,  -18,   -5,  -10,    7,    0,   13,    3,    0,    0,    0,    0,    0,    0,    0,    0,    0,    0,    3,   13,   13,
       0,    0,    7,    3,    0,    3,    0,    0,    0,    0,    0,    0,    0,    0,    0,    0,    0,    0,    0,    0,    0,    0,    0,    0,    0,    0,    0,    0,    0,    0,    0,    0,    0,    0,    0,    0,    0,    0,    0,    0,    0,    0,    0,    0,    0,    0,    0,    0,    0,    0,    0,    0,    0,    0,    0,    0,    0,    0,    0,    0,    0,    0,    0,    0,    0,    0,    0,    0,    0,    0,    0,    0,    0,    0,    0,    0,    0,    0,    0,    0,    0,    0,    0,    0,    0,    0,    0,    0,    0,    0,    0,    0,    0,   -3,    0,    0,    0,   -8,    0,    0,    0,    7,    0,    5,    3,    0,    0,    0,    0,   -3,    0,    0,    0,    5,    0,    0,    0,    0,    0,   -7,    0,    0,    0,    0,    5,   10,   13,
       0,    0,  -10,    0,    0,    0,    0,    0,    0,    0,    0,    0,    0,    0,    0,    0,    0,    0,    0,    0,    0,    0,  -40,    0,    0,    0,    0,    0,    0,    0,    0,    0,    0,    0,    0,    0,    0,    0,    0,    0,    0,    0,    0,    0,    0,    0,    0,    0,    0,    0,    0,    0,    0,    0,    0,    0,    0,    0,    0,    0,    0,    0,    0,    0,    0,    0,    0,    0,    0,    0,    0,    0,    0,    0,    0,    0,    0,    0,    0,    0,    0,    0,    0,    0,    0,    0,    0,    0,    0,    0,    0,    0,    0,    0,    0,   -3,   -3,    0,   -3,    0,    0,   -7,  -17,  -23,   -7,  -23,    0,   -7,    0,    0,    0,    0,    0,  -23,    0,    0,    0,    0,    0,   -7,    0,    0,    0,   -3,  -23,  -10,  -13,
       0,    0,  -13,    0,    0,    0,    0,    0,    0,   -5,    0,    0,    0,    0,    0,    0,    0,    0,    0,    0,    0,    0,  -30,    0,    0,    0,    0,    0,    0,    0,    0,    0,    0,    0,    0,    0,    0,    0,    0,    0,    0,    0,    0,    0,    0,    0,    0,    0,    0,    0,    0,    0,    0,    0,    0,    0,    0,    0,    0,    0,    0,    0,    0,    0,    0,    0,    0,    0,    0,    0,    0,    0,    0,    0,    0,    0,    0,    0,    0,    0,    0,    0,    0,    0,    0,    0,    0,    0,    0,    0,    0,    0,    0,    0,    0,    0,    0,    0,    0,    0,    0,    0,    0,  -14,    0,  -17,    0,  -10,    0,    0,    0,    0,    0,  -14,    0,    0,    0,    0,    0,  -10,    0,    0,    0,   -7,  -14,  -17,  -10,
       0,    0,    0,   -5,    0,   -5,   -7,    0,    0,   -5,    0,    0,    0,    0,    0,    0,    0,    0,    0,    0,    0,    0,  -10,    0,    0,    0,    0,    0,    0,    0,    0,    0,    0,    0,    0,    0,    0,    0,    0,    0,    0,    0,    0,    0,    0,    0,    0,    0,    0,    0,    0,    0,    0,    0,    0,    0,    0,    0,    0,    0,    0,    0,    0,    0,    0,    0,    0,    0,    0,    0,    0,    0,    0,    0,    0,    0,    0,    0,    0,    0,    0,    0,    0,    0,    0,    0,    0,    0,    0,    0,    0,    0,    0,   -5,    0,    0,   -4,    0,   -3,    0,    0,    0,    0,   -3,   -5,    0,    0,   -7,    0,    0,    0,    0,    0,   -3,    0,    0,    0,    0,    0,    0,    0,    0,    0,    0,   -3,   -7,    0,
       0,    0,    0,    0,    0,    0,    0,    0,    0,    0,    0,    0,    0,    0,    0,    0,    0,    0,    0,    0,    0,    0,    0,    0,    0,    0,    0,    0,    0,    0,    0,    0,    0,    0,    0,    0,    0,    0,    0,    0,    0,    0,    0,    0,    0,    0,    0,    0,    0,    0,    0,    0,    0,    0,    0,    0,    0,    0,    0,    0,    0,    0,    0,    0,    0,    0,    0,    0,    0,    0,    0,    0,    0,    0,    0,    0,    0,    0,    0,    0,    0,    0,    0,    0,    0,    0,    0,    0,    0,    0,    0,    0,    0,    0,    0,    0,    0,    0,    0,    0,    0,    0,  -10,   -7,    0,  -10,    0,    0,    0,    0,    0,    0,    0,   -7,    0,    0,    0,    0,    0,  -10,    0,    0,    0,    0,   -7,   -7,    0,
       0,   10,   10,    0,    0,    0,    0,    0,    0,    0,    0,    0,    0,    0,    0,    0,    0,    0,    0,    0,    0,    0,    7,   10,    0,    0,    0,    0,    0,    0,    0,    0,    0,    0,    0,    0,    0,    0,    0,    0,    0,   10,    0,    0,    0,    0,    0,    0,    0,    0,    0,    0,    0,    0,    0,    0,    0,    0,    0,    0,    0,    0,    0,    0,    0,    0,    0,    0,    0,    0,    0,    0,    0,    0,    0,    0,    0,    0,    0,    0,    0,    0,    0,    0,    0,    0,    0,    0,    0,    0,    0,    0,    0,    0,    0,    0,    0,    0,    0,    0,    0,    0,    0,    0,    0,    0,    0,    0,   18,    0,    0,   17,    0,    0,    0,    0,    0,    0,    0,    0,    0,    0,    0,    0,    0,    7,   10,
       0,    0,  -13,    0,    0,    0,    0,    0,    0,   -5,    0,    0,    0,    0,    0,    0,    0,    0,    0,    0,    0,    0,  -30,    0,    0,    0,    0,    0,    0,    0,    0,    0,    0,    0,    0,    0,    0,    0,    0,    0,    0,    0,    0,    0,    0,    0,    0,    0,    0,    0,    0,    0,    0,    0,    0,    0,    0,    0,    0,    0,    0,    0,    0,    0,    0,    0,    0,    0,    0,    0,    0,    0,    0,    0,    0,    0,    0,    0,    0,    0,    0,    0,    0,    0,    0,    0,    0,    0,    0,    0,    0,    0,    0,    0,    0,    0,    0,    0,    0,    0,    0,    0,    0,  -14,    0,  -17,    0,    0,    0,    0,    0,    0,    0,  -14,    0,    0,    0,    0,    0,  -10,    0,    0,    0,   -7,  -14,  -17,  -10,
       0,    0,    0,    0,    7,    0,    0,    0,    0,    0,    0,    0,    0,    0,    0,    0,    0,    0,    0,    0,    0,    0,  -13,    0,    0,    0,    0,    0,    0,    0,    0,    0,    0,    0,    0,    0,    0,    0,    0,    0,    0,    0,    0,    0,    0,    0,    0,    0,    0,    0,    0,    0,    0,    0,    0,    0,    0,    0,    0,    0,    0,    0,    0,    0,    0,    0,    0,    0,    0,    0,    0,    0,    0,    0,    0,    0,    0,  -10,    0,    0,    0,    0,  -17,    0,    0,   -7,    0,    0,    0,    0,  -13,    0,    0,    0,    0,    0,    0,    0,    0,    0,    0,    0,    0,    0,    0,    0,    0,    0,    0,    0,    0,    0,    0,    0,  -13,    0,    0,  -20,  -10,    0,    0,    0,    0,    0,    0,    0,    0,
       0,    0,    0,   -7,    0,   -7,    0,    0,    0,    0,    0,    0,    0,    0,    0,    0,    0,    0,    0,    0,    0,    0,    0,    0,    0,    0,    0,    0,    0,    0,    0,    0,    0,    0,    0,    0,    0,    0,    0,    0,    0,    0,    0,    0,    0,    0,    0,    0,    0,    0,    0,    0,    0,    0,    0,    0,    0,    0,    0,    0,    0,    0,    0,    0,    0,    0,    0,    0,    0,    0,    0,    0,    0,    0,    0,    0,    0,    0,    0,    0,    0,    0,    0,    0,    0,    0,    0,    0,    0,    0,    0,    0,    0,    0,    0,    0,    0,    0,    0,    0,    0,    0,  -10,  -10,    0,  -13,    0,   -7,    0,    0,    0,    0,    0,  -10,    0,    0,    0,    0,    0,    0,    0,    0,    0,    0,  -10,   -7,    0,
       0,    0,    0,  -33,  -17,  -33,    0,    0,    0,    0,    0,    0,    0,    0,    0,    0,    0,    0,    0,    0,    0,    0,    0,    0,    0,    0,    0,    0,    0,    0,    0,    0,    0,    0,    0,    0,    0,    0,    0,    0,    0,    0,  -10,  -10,    0,    0,    0,    0,    0,    0,    0,    0,    0,    0,    0,    0,    0,    0,    0,    0,    0,    0,    0,    0,    0,    0,    0,    0,    0,    0,    0,    0,    0,    0,    0,    0,    0,    0,   -7,    0,    0,  -27,    7,  -43,  -35,  -13,  -10,    0,  -17,    0,    0,    0,  -17,  -18,    0,  -13,  -27,  -27,  -17,  -23,  -23,    0,  -10,   -3,   -7,   -7,  -23,  -30,    0,  -23,    0,    0,    0,   -3,    0,    0,    0,    7,  -17,  -30,  -53,    0,  -17,    0,   -3,    7,    7,
       0,    0,    0,  -13,    0,  -13,  -10,    0,    0,    0,    0,    0,    0,    0,    0,    0,    0,    0,    0,    0,    0,    0,    0,    0,    0,    0,    0,    0,    0,    0,    0,    0,    0,    0,    0,    0,    0,    0,    0,    0,    0,    0,    0,    0,    0,    0,    0,    0,    0,    0,    0,    0,    0,    0,    0,    0,    0,    0,    0,    0,    0,    0,    0,    0,    0,    0,    0,    0,    0,    0,    0,    0,    0,    0,    0,    0,    0,    0,    0,    0,    0,    0,    0,    0,    0,    0,    0,    0,    0,    0,    0,    0,    0,    0,    0,    0,  -13,    0,    0,    0,  -10,   10,    0,   13,    0,   10,    0,   -7,    0,    0,    0,    0,   12,   13,    0,    0,    0,    0,    0,    0,    0,    0,    0,    0,   13,   10,   12,
       0,    0,    7,  -13,    0,  -13,  -28,    0,    0,    0,    0,    0,    0,    0,    0,    0,    0,    0,    0,    0,    0,    0,    3,    0,    0,    0,    0,    0,    0,    0,    0,    0,    0,    0,    0,    0,    0,    0,    0,    0,    0,    0,    0,    0,    0,    0,    0,    0,    0,    0,    0,    0,    0,    0,    0,    0,    0,    0,    0,    0,    0,    0,    0,    0,    0,    0,    0,    0,    0,    0,    0,    0,    0,    0,    0,    0,    0,    0,  -10,  -13,    0,  -23,    0,  -37,  -30,   -7,    0,    0,  -17,    0,    0,    0,  -20,  -27,    0,  -20,  -30,  -23,  -17,  -20,  -25,  -17,  -17,  -10,  -13,  -20,  -20,  -30,    0,  -27,    0,    0,    0,  -10,    0,    0,    0,    0,  -30,  -37,  -37,    0,  -17,  -13,  -10,    7,    0,
       0,    0,   10,  -20,    0,  -20,    0,    0,    0,    0,    0,    0,    0,    0,    0,    0,    0,    0,    0,    0,    0,    0,    0,    0,    0,    0,    0,    0,    0,    0,    0,    0,    0,    0,    0,    0,    0,    0,    0,    0,    0,    0,    0,    0,    0,    0,    0,    0,    0,    0,    0,    0,    0,    0,    0,    0,    0,    0,    0,    0,    0,    0,    0,    0,    0,    0,    0,    0,    0,    0,    0,    0,    0,    0,    0,    0,    0,    0,    0,    0,    0,    0,    0,    0,    0,    0,    0,    0,    0,    0,    0,    0,    0,    0,    0,    0,  -17,   -7,    0,    0,  -17,    0,    0,    0,    0,    0,    0,  -13,    0,   -7,    0,    0,    0,    0,    0,    0,    0,    0,    0,    0,    0,    0,    0,    0,    0,    0,   10,
       0,    0,   13,  -23,    0,  -23,  -28,    0,    0,    0,    0,    0,    0,    0,    0,    0,    0,    0,    0,    0,    0,    0,    0,    0,    0,    0,    0,    0,    0,    0,    0,    0,    0,    0,    0,    0,    0,    0,    0,    0,    0,    0,    0,    0,    0,    0,    0,    0,    0,    0,    0,    0,    0,    0,    0,    0,    0,    0,    0,    0,    0,    0,    0,    0,    0,    0,    0,    0,    0,    0,    0,    0,    0,    0,    0,    0,    0,    0,    0,    0,    0,  -20,    0,  -29,  -30,    0,    0,   -7,    0,    0,    0,    0,  -13,  -10,    0,    0,  -23,   -7,    0,    0,  -17,    0,    0,    0,    0,    0,    0,  -23,    3,  -10,    0,   13,    0,    0,    0,    0,    0,    0,   -7,  -10,  -38,    0,    0,    0,    0,    7,    7,
       0,    0,    0,    0,    0,    0,    0,    0,    0,    0,    0,    0,    0,    0,    0,    0,    0,    0,    0,    0,    0,    0,    0,    0,    0,    0,    0,    0,    0,    0,    0,    0,    0,    0,    0,    0,    0,    0,    0,    0,    0,    0,  -10,    0,    0,    0,    0,    0,    0,    0,    0,    0,    0,    0,    0,    0,    0,    0,    0,    0,    0,    0,    0,    0,    0,    0,    0,    0,    0,    0,    0,    0,    0,    0,    0,    0,    0,  -13,  -10,    0,   13,    0,  -10,    0,    0,    0,  -10,    0,  -25,   10,  -13,    0,    0,    0,   -7,    0,    0,  -10,    0,    0,    0,    0,  -20,   10,    0,  -20,    0,    0,    0,    0,    0,    0,   13,   10,    0,    0,    0,  -10,  -25,  -30,   10,  -10,   -7,    0,   10,   -7,    0,
       0,    0,    0,    0,    0,    0,    0,    0,    0,    0,    0,    0,    0,    0,    0,    0,    0,    0,    0,    0,    0,    0,    0,    0,    0,    0,    0,    0,    0,    0,    0,    0,    0,    0,    0,    0,    0,    0,    0,    0,    0,    0,  -10,    0,    0,    0,    0,    0,    0,    0,    0,    0,    0,    0,    0,    0,    0,    0,    0,    0,    0,    0,    0,    0,    0,    0,    0,    0,    0,    0,    0,    0,    0,    0,    0,    0,    0,    0,    0,    0,    0,    0,    0,    0,    0,    0,    0,    0,    0,    0,    0,    0,    0,    0,   -3,    0,    0,   -7,    0,    0,    0,    0,    0,    7,    0,    0,    0,    0,    0,    0,    0,    0,   13,    7,    0,    0,    0,    0,    0,  -20,    0,    0,    0,    0,    7,    0,    0,
       0,    0,    0,    0,    0,    0,    0,    0,    0,    0,    0,    0,    0,    0,    0,    0,    0,    0,    0,    0,    0,    0,    0,    0,    0,    0,    0,    0,    0,    0,    0,    0,    0,    0,    0,    0,    0,    0,    0,    0,    0,    0,    0,    0,    0,    0,    0,    0,    0,    0,    0,    0,    0,    0,    0,    0,    0,    0,    0,    0,    0,    0,    0,    0,    0,    0,    0,    0,    0,    0,    0,    0,    0,    0,    0,    0,    0,  -13,    0,    0,    0,    0,   -7,    0,    0,    0,    0,    0,    0,    0,  -17,    0,    0,    0,    0,    0,    0,    0,    0,    0,    0,    0,    0,    0,    0,    0,    0,    0,    0,    0,    0,    0,    0,    0,  -13,    0,    0,  -13,  -13,    0,    0,    0,    0,    0,    0,   -7,    0,
       0,    0,    0,    0,    0,    0,    0,    0,    0,    0,    0,    0,    0,    0,    0,    0,    0,    0,    0,    0,    0,    0,  -13,    0,    0,    0,    0,    0,    0,    0,    0,    0,    0,    0,    0,    0,    0,    0,    0,    0,    0,    0,    0,    0,    0,    0,    0,    0,    0,    0,    0,    0,    0,    0,    0,    0,    0,    0,    0,    0,    0,    0,    0,    0,    0,    0,    0,    0,    0,    0,    0,    0,    0,    0,    0,    0,    0,    0,    0,    0,    0,    0,    0,    0,    0,    0,    0,    0,    0,    0,    0,    0,    0,    0,    0,    0,    0,    0,    0,    0,    0,    0,   -7,  -10,    0,  -10,    0,    0,    0,    0,    0,    0,    0,  -10,    0,    0,    0,    0,    0,    0,    0,    0,    0,    0,  -10,  -13,    0,
       0,    0,    7,  -30,  -17,  -30,  -35,  -10,  -10,    0,    0,    0,    0,    0,    0,    0,    0,    0,    0,    0,    0,    0,    0,    0,    0,    0,    0,    0,    0,    0,    0,    0,    0,    0,    0,    0,    0,    0,    0,    0,    0,    7,  -17,  -13,    0,    0,    0,    0,    0,    0,    0,    0,    0,    0,    0,    0,    0,    0,    0,    0,    0,    0,    0,    0,    0,    0,    0,    0,    0,    0,    0,    0,    0,    0,    0,    0,    0,    0,  -17,   -9,    0,  -23,   10,  -28,  -23,  -10,    0,   -5,  -10,    0,    0,    0,  -20,  -20,    0,  -10,  -23,  -20,  -20,  -17,  -23,   -7,  -17,  -10,  -17,  -10,  -17,  -33,    7,  -15,    0,   20,    0,  -10,   10,    0,    0,    7,  -17,  -23,  -33,    0,  -13,   -7,  -10,    0,    7,
       0,    0,   10,    3,   -7,    0,    0,    0,    3,    0,    0,    0,    0,    0,    0,    0,    0,    0,    0,    0,    0,    0,    0,    0,    0,    0,    0,    0,    0,    0,    0,    0,    0,    0,    0,    0,    0,    0,    0,    0,    0,    0,    0,    0,    0,    0,    0,    0,    0,    0,    0,    0,    0,    0,    0,    0,    0,    0,    0,    0,    0,    0,    0,    0,    0,    0,    0,    0,    0,    0,    0,    0,    0,    0,    0,    0,    0,    0,  -12,    0,   20,    3,    0,    3,    7,    7,    0,    5,  -20,   10,    0,    0,    7,    0,    0,    0,   10,   -3,   13,    0,   10,    0,  -20,    3,    7,  -20,    0,    7,    7,    0,    7,   13,   20,    3,    0,    0,   13,    0,  -23,  -20,   10,   -3,    0,    0,    3,    0,    0,
       0,    0,    7,    3,    0,    3,    0,    0,    0,    0,    0,    0,    0,    0,    0,    0,    0,    0,    0,    0,    0,    0,    0,    0,    0,    0,    0,    0,    0,    0,    0,    0,    0,    0,    0,    0,    0,    0,    0,    0,    0,    0,    0,    0,    0,    0,    0,    0,    0,    0,    0,    0,    0,    0,    0,    0,    0,    0,    0,    0,    0,    0,    0,    0,    0,    0,    0,    0,    0,    0,    0,    0,    0,    0,    0,    0,    0,    0,    0,    0,    0,    0,    0,    0,    0,    0,    0,    0,    0,    0,    0,    0,    0,   -3,    0,    0,    0,   -8,    0,    0,    0,    7,    0,    5,    3,    0,    0,    0,    0,   -3,    0,    0,   10,    5,    0,    0,    0,    0,    0,   -7,    0,    0,    0,    0,    5,   10,   13,
       0,    0,    0,    0,    0,    0,    0,    0,    0,    0,    0,    0,    0,    0,    0,    0,    0,    0,    0,    0,    0,    0,  -48,    0,    0,    0,    0,    0,    0,    0,    0,    0,    0,    0,    0,    0,    0,    0,    0,    0,    0,    0,    0,    0,    0,    0,    0,    0,    0,    0,    0,    0,    0,    0,    0,    0,    0,    0,    0,    0,    0,    0,    0,    0,    0,    0,    0,    0,    0,    0,    0,    0,    0,    0,    0,    0,    0,  -30,   -7,    0,    0,    0,  -20,    0,    0,    0,    0,    0,  -13,    0,  -40,    0,    0,    0,   -3,    0,    0,   -3,    0,    0,    0,    0,  -17,  -20,    0,  -23,    0,    0,    0,    0,    0,    0,    0,  -20,  -33,    0,    0,  -33,  -17,  -13,    0,    0,    0,    0,  -20,    0,    0,
       0,    0,    0,    0,    0,    0,    0,    0,    0,    0,    0,    0,    0,    0,    0,    0,    0,    0,    0,    0,    0,    0,    0,    0,    0,    0,    0,    0,    0,    0,    0,    0,    0,    0,    0,    0,    0,    0,    0,    0,    0,    0,    0,    0,    0,    0,    0,    0,    0,    0,    0,    0,    0,    0,    0,    0,    0,    0,    0,    0,    0,    0,    0,    0,    0,    0,    0,    0,    0,    0,    0,    0,    0,    0,    0,    0,    0,    0,    0,    0,    0,    0,    0,    0,   -7,  -10,    0,    0,    0,    0,    0,    0,  -10,    0,    0,    0,    0,    0,    0,    0,    0,    0,    0,    0,    0,    0,    0,    0,    0,    0,    0,    0,    0,    0,    0,    0,    0,    0,    0,    0,    0,    0,    0,    0,    0,    0,    0,
       0,    0,    0,    0,    0,    0,    0,    0,    0,    0,    0,    0,    0,    0,    0,    0,    0,    0,    0,    0,    0,    0,    0,    0,    0,    0,    0,    0,    0,    0,    0,    0,    0,    0,    0,    0,    0,    0,    0,    0,    0,    0,    0,    0,    0,    0,    0,    0,    0,    0,    0,    0,    0,    0,    0,    0,    0,    0,    0,    0,    0,    0,    0,    0,    0,    0,    0,    0,    0,    0,    0,    0,    0,    0,    0,    0,    0,    0,    0,    0,    0,    0,    0,    0,    0,   -7,    0,    0,    0,    0,    0,    0,    0,    0,    0,    0,    0,    0,    0,    0,    0,    0,    0,    0,    0,    0,    0,    0,    0,    0,    0,    0,    0,    0,    0,    0,    0,    0,  -10,    0,    0,    0,    0,    0,    0,    0,    0,
       0,    0,    0,    0,    0,    0,    0,    0,    0,    0,    0,    0,    0,    0,    0,    0,    0,    0,    0,    0,    0,    0,    0,    0,    0,    0,    0,    0,    0,    0,    0,    0,    0,    0,    0,    0,    0,    0,    0,    0,    0,    0,    0,    0,    0,    0,    0,    0,    0,    0,    0,    0,    0,    0,    0,    0,    0,    0,    0,    0,    0,    0,    0,    0,    0,    0,    0,    0,    0,    0,    0,    0,    0,    0,    0,    0,    0,    0,    0,    0,    0,    0,    0,    0,    0,    0,    0,    0,    0,    0,    0,    0,    0,    0,    0,    0,    0,    0,    0,    0,    0,    0,   -7,    0,    0,    0,    0,    0,    0,    0,    0,    0,    0,    0,    0,    0,    0,    0,    0,  -10,    0,    0,    0,    0,    0,    0,    0,
       0,    0,    0,  -13,    0,  -13,    0,    0,    0,    0,    0,    0,    0,    0,    0,    0,    0,    0,    0,    0,    0,    0,    0,    0,    0,    0,    0,    0,    0,    0,    0,    0,    0,    0,    0,    0,    0,    0,    0,    0,    0,    0,    0,    0,    0,    0,    0,    0,    0,    0,    0,    0,    0,    0,    0,    0,    0,    0,    0,    0,    0,    0,    0,    0,    0,    0,    0,    0,    0,    0,    0,    0,    0,    0,    0,    0,    0,    0,    0,    0,    0,    0,    0,    0,    0,    0,    0,    0,    0,    0,    0,    0,    0,  -10,    0,    0,  -17,   -7,   -3,   -3,  -13,    0,    0,    0,    0,    0,   -3,  -13,  -10,   -7,    0,    0,    0,    0,    0,    0,    0,    0,    0,  -10,    0,    0,    0,    0,    0,    0,    0,
       0,    0,    0,    0,    0,    0,    0,    0,    0,  -10,    0,    0,    0,    0,    0,    0,    0,    0,    0,    0,    0,    0,    0,    0,    0,    0,    0,    0,    0,    0,    0,    0,    0,    0,    0,    0,    0,    0,    0,    0,    0,    0,    0,    0,    0,    0,    0,    0,    0,    0,    0,    0,    0,    0,    0,    0,    0,    0,    0,    0,    0,    0,    0,    0,    0,    0,    0,    0,    0,    0,    0,    0,    0,    0,    0,    0,    0,    0,    0,    0,    0,    0,    0,    0,    0,    0,    0,    0,    0,    0,    0,    0,    0,    0,    0,    0,    0,    0,    0,    0,    0,    0,    0,   -5,    0,    0,    0,    0,    0,    0,    0,    0,    0,   -5,    0,    0,    0,    0,    0,    0,    0,    0,    0,    0,   -5,  -10,   -7,
       0,    0,    0,    0,    0,    0,    0,    0,    0,    0,    0,    0,    0,    0,    0,    0,    0,    0,    0,    0,    0,    0,    0,    0,    0,    0,    0,    0,    0,    0,    0,    0,    0,    0,    0,    0,    0,    0,    0,    0,    0,    0,    0,    0,    0,    0,    0,    0,    0,    0,    0,    0,    0,    0,    0,    0,    0,    0,    0,    0,    0,    0,    0,    0,    0,    0,    0,    0,    0,    0,    0,    0,    0,    0,    0,    0,    0,    0,    0,    0,    0,    0,    0,    0,    0,   -7,    0,    0,    0,    0,    0,    0,   -3,    0,    0,    0,    0,    0,    0,    0,    0,    0,    0,    0,    0,    0,    0,   -7,    0,    0,    0,    0,    0,    0,    0,    0,    0,    0,    0,    0,    0,    0,    0,    0,    0,    0,    0,
       0,    0,    0,    0,    0,    0,    0,    0,    0,    0,    0,    0,    0,    0,    0,    0,    0,    0,    0,    0,    0,    0,    0,    0,    0,    0,    0,    0,    0,    0,    0,    0,    0,    0,    0,    0,    0,    0,    0,    0,    0,    0,    0,    0,    0,    0,    0,    0,    0,    0,    0,    0,    0,    0,    0,    0,    0,    0,    0,    0,    0,    0,    0,    0,    0,    0,    0,    0,    0,    0,    0,    0,    0,    0,    0,    0,    0,    0,    0,    0,    0,    0,    0,    0,    0,    0,    0,    0,    0,    0,    0,    0,    0,    0,    0,    0,    0,   -5,    0,    0,    0,    0,    0,    0,    0,    0,    0,    0,    0,    0,    0,    0,    0,    0,    0,    0,    0,    0,    0,   -7,    0,    0,    0,    0,    0,    0,    0,
       0,    0,   10,    0,   -7,    0,    0,    0,    0,    0,    0,    0,    0,    0,    0,    0,    0,    0,    0,    0,    0,    0,    0,    0,    0,    0,    0,    0,    0,    0,    0,    0,    0,    0,    0,    0,    0,    0,    0,    0,    0,    0,    0,    0,    0,    0,    0,    0,    0,    0,    0,    0,    0,    0,    0,    0,    0,    0,    0,    0,    0,    0,    0,    0,    0,    0,    0,    0,    0,    0,    0,    0,    0,    0,    0,    0,    0,    0,  -25,    0,    0,    0,    0,    3,    7,    0,    0,    5,  -20,   10,    0,    0,    0,  -13,  -10,    0,   10,  -10,    0,    0,   10,    0,  -20,  -12,    7,  -20,   -7,    0,    7,  -10,    0,   13,    0,  -12,    0,    0,    0,    0,  -23,  -53,    7,   -3,   -7,    0,  -12,    0,    0,
       0,    0,    7,    3,    0,    3,    0,    0,    0,    0,    0,    0,    0,    0,    0,    0,    0,    0,    0,    0,    0,    0,    0,    0,    0,    0,    0,    0,    0,    0,    0,    0,    0,    0,    0,    0,    0,    0,    0,    0,    0,    0,    0,    0,    0,    0,    0,    0,    0,    0,    0,    0,    0,    0,    0,    0,    0,    0,    0,    0,    0,    0,    0,    0,    0,    0,    0,    0,    0,    0,    0,    0,    0,    0,    0,    0,    0,    0,    0,    0,    0,    0,    0,    0,    0,    0,    0,    0,    0,    0,    0,    0,    0,   -3,    0,    0,    0,   -8,    0,    0,    0,    7,    0,    5,    3,    0,    0,    0,    0,   -3,    0,    0,   13,    5,    0,    0,    0,    0,    0,   -7,    0,    0,    0,    0,    5,   10,   13,
       0,    0,    0,  -27,    0,  -27,    0,    0,    0,    0,  -27,    0,    0,    0,    0,    0,   13,    0,    7,    0,    7,    0,    0,    0,    0,    7,  -10,    0,  -17,    7,    0,    3,    0,    0,  -10,    0,    0,   13,   13,   13,    0,    0,    0,    0,  -37,  -40,    0,    0,    0,    0,  -10,    0,   10,   10,  -10,  -10,    7,    0,    0,  -10,  -10,  -10,  -17,    7,   10,    7,    0,  -10,  -10,    0,    0,  -17,    0,    0,    0,    0,    0,   13,    0,    0,    0,  -18,    7,  -27,  -22,    0,    0,    0,    0,    0,    0,    0,  -10,    0,    0,    0,  -10,  -10,    0,    0,  -13,    0,    0,   13,   13,    0,    0,  -17,    7,  -10,    0,   10,    3,   13,    7,    7,    0,    7,    0,    0,  -40,    0,    0,    0,   13,    0,    0,
       0,    0,    0,  -27,    0,  -27,    0,    0,    0,    0,  -40,    0,  -13,    0,    0,   -7,    0,    0,    7,    0,    7,    0,    0,    0,  -13,    7,  -23,    0,  -28,    7,    0,    0,    0,    0,  -23,    3,    0,    0,    0,    0,   -7,    0,    0,    0,    0,  -55,  -13,    0,  -13,  -13,  -23,    0,   10,   10,  -23,  -23,    7,  -13,  -13,  -23,  -23,  -23,  -28,   17,   10,    7,    0,  -23,  -23,   -7,    0,  -28,    0,    0,    0,    0,    0,    0,  -13,   -7,    0,  -25,    0,  -40,  -28,   -7,    0,    0,    0,    0,    0,    0,  -13,  -13,    0,    0,  -23,  -23,    0,    0,  -23,    0,    0,    0,    0,    0,    0,  -23,    7,  -23,    0,   10,    0,    0,    7,    0,    0,    7,    0,  -10,  -55,    0,    0,    0,    0,    0,    0,
       0,    0,    0,    0,    0,    0,    0,    0,    0,    0,   10,    0,  -13,   10,    0,    0,  -27,  -13,  -43,    0,  -30,    0,    0,    0,    0,    0,   -5,    0,    0,    0,    0,    0,   -3,   -5,    0,  -10,  -13,  -30,    0,  -40,    0,    0,    0,    0,    0,    0,  -13,    0,    0,    0,   -5,    0,    0,    0,   -5,   -5,    0,    0,    0,   -5,   -5,   -5,    0,    0,   -7,    0,   -3,    0,    0,    0,    0,    0,    0,    0,    0,    0,    0,  -27,  -13,    0,   10,    0,  -13,   10,    0,    0,    0,    0,   -7,    0,  -33,    0,    0,    0,    0,    0,    0,   -5,    0,    0,    0,   -5,  -17,  -33,    7,  -23,    0,    0,    0,    0,    0,    0,    0,  -33,  -43,    0,    0,  -30,  -23,  -13,    0,    0,    0,    0,  -33,  -27,  -13,
};

static const EpdLigaturePair bookerly_10_boldLigaturePairs[] = {
    { 0x00660066, 0xFB00 }, // f f -> U+FB00
    { 0x00660069, 0xFB01 }, // f i -> U+FB01
    { 0x0066006C, 0xFB02 }, // f l -> U+FB02
    { 0xFB000069, 0xFB03 }, // U+FB00 i -> U+FB03
    { 0xFB00006C, 0xFB04 }, // U+FB00 l -> U+FB04
};

static const EpdFontData bookerly_10_bold = {
    bookerly_10_boldBitmaps,
    bookerly_10_boldGlyphs,
    bookerly_10_boldIntervals,
    70,
    27,
    23,
    -6,
    true,
    bookerly_10_boldGroups,
    14,
    nullptr,
    bookerly_10_boldKernLeftClasses,
    bookerly_10_boldKernRightClasses,
    bookerly_10_boldKernMatrix,
    676,
    682,
    147,
    127,
    bookerly_10_boldLigaturePairs,
    5,
};
