/**
 * generated by fontconvert.py
 * name: bookerly_10_bolditalic
 * size: 10
 * mode: 2-bit  compressed: zopfli
 * Command used: fontconvert.py bookerly_10_bolditalic 10 ../builtinFonts/source/Bookerly/Bookerly-BoldItalic.ttf --2bit --compress --zopfli
 */
#pragma once
#include "EpdFontData.h"

static const uint8_t bookerly_10_bolditalicBitmaps[21152] = {
    0x8D, 0x97, 0x01, 0xA4, 0x2D, 0x49, 0x7A, 0xC7, 0x7F, 0xDD, 0x35, 0x99, 0x4E, 0x14, 0x6A, 0x90,
    0x65, 0x79, 0xB1, 0x1D, 0x04, 0x30, 0x6F, 0x6A, 0x21, 0x8C, 0xEC, 0xBD, 0xA7, 0x6A, 0xE6, 0x61,
    0x11, 0x04, 0x22, 0x0B, 0xB0, 0x08, 0x00, 0x33, 0xD8, 0x10, 0x9C, 0x7B, 0xBA, 0xF7, 0x0D, 0x16,
    0x8B, 0xB9, 0x40, 0x10, 0x64, 0x11, 0x90, 0xB0, 0x13, 0x8C, 0xB8, 0xE2, 0xBC, 0xDB, 0x35, 0x6F,
    0x00, 0x8B, 0xA9, 0xF7, 0x26, 0x92, 0xB0, 0x98, 0x9E, 0xCC, 0xC8, 0x30, 0xAC, 0xA9, 0x9D, 0xA9,
    0x9D, 0xD7, 0x57, 0xAA, 0xCF, 0x97, 0xEE, 0x73, 0xEF, 0xBB, 0x79, 0xCF, 0x24, 0xEC, 0x3D, 0xDF,
    0xBF, 0xDC, 0xD3, 0x55, 0xDF, 0xF7, 0xFF, 0x57, 0x7D, 0x5F, 0x55, 0xF5, 0xA9, 0x53, 0x33, 0x9A,
    0x60, 0x42, 0xEB, 0x5B, 0x2C, 0xAF, 0x70, 0xCA, 0x09, 0xAF, 0xF2, 0x12, 0x7B, 0x0A, 0xEF, 0xF2,
    0x9D, 0xBB, 0xA7, 0xDB, 0xED, 0x7E, 0x3F, 0x5D, 0xE4, 0x9C, 0xCE, 0xCF, 0xD9, 0x9E, 0xC2, 0xC5,
    0x09, 0xE4, 0x2D, 0x56, 0x24, 0x38, 0x91, 0xBE, 0x1E, 0x13, 0xEA, 0xD1, 0x82, 0x87, 0x23, 0x83,
    0x08, 0x22, 0x07, 0xCC, 0xBD, 0x80, 0x69, 0x02, 0xAD, 0xEE, 0x81, 0x37, 0x81, 0x04, 0x8C, 0xD0,
    0x66, 0x90, 0x03, 0xF5, 0xD7, 0x5F, 0xA0, 0x3E, 0x7C, 0x1B, 0xF5, 0xE4, 0x77, 0xA9, 0x05, 0x90,
    0x00, 0x2E, 0x41, 0x3B, 0x71, 0xF2, 0x72, 0xE1, 0xF4, 0xD5, 0x82, 0xFB, 0xE7, 0x4C, 0x2B, 0x23,
    0x2F, 0x1E, 0x80, 0x08, 0x55, 0x80, 0x7A, 0x81, 0xEA, 0x01, 0xF8, 0x36, 0xF5, 0xC4, 0x86, 0xF6,
    0x92, 0x65, 0xB8, 0xAD, 0x12, 0xDB, 0x56, 0x05, 0x26, 0x6B, 0x3C, 0xD3, 0xE6, 0x95, 0x36, 0x4E,
    0xDB, 0xED, 0x90, 0x2E, 0xF3, 0x97, 0x29, 0xDB, 0x0F, 0x3F, 0x8C, 0x13, 0xFA, 0xAD, 0x90, 0xB1,
    0xCD, 0x7B, 0x89, 0x6D, 0xF3, 0xFE, 0x48, 0x56, 0x12, 0xD4, 0xC8, 0x01, 0x02, 0x40, 0x33, 0x01,
    0x76, 0x06, 0xB6, 0xAF, 0x00, 0xF9, 0x2E, 0x90, 0xB6, 0x50, 0x7D, 0x9D, 0x9A, 0xBE, 0x92, 0xD7,
    0x06, 0xDF, 0x4C, 0xED, 0x15, 0xED, 0xDE, 0x8D, 0x9C, 0x9E, 0xAA, 0xC8, 0xDE, 0xAA, 0x40, 0x31,
    0x1F, 0x78, 0x8A, 0x16, 0xB8, 0x54, 0x33, 0x38, 0x91, 0x88, 0x3E, 0xB4, 0x02, 0xD4, 0x33, 0xDF,
    0x39, 0xDD, 0xEE, 0x2F, 0xF2, 0x39, 0x55, 0x44, 0x47, 0x1C, 0x14, 0xEA, 0x44, 0x13, 0x31, 0x3D,
    0x2D, 0x58, 0xD8, 0xC0, 0xE9, 0x53, 0xDB, 0x80, 0x03, 0x0B, 0x26, 0xAC, 0x63, 0xEA, 0x04, 0x3F,
    0x83, 0x48, 0x95, 0x61, 0x0F, 0x0E, 0x5A, 0xBF, 0x7A, 0x9A, 0x80, 0x7E, 0x6A, 0x26, 0xDC, 0xC4,
    0xDA, 0xC0, 0x16, 0x26, 0xD4, 0xB8, 0x3E, 0xD8, 0xC1, 0x9B, 0x50, 0x8D, 0x7F, 0x35, 0x76, 0xFF,
    0xAA, 0xE7, 0xEE, 0x3F, 0xFE, 0x38, 0x56, 0x91, 0xBF, 0x84, 0x8B, 0x1B, 0x73, 0x92, 0x16, 0xBB,
    0xFD, 0xBA, 0x76, 0xA1, 0xE3, 0xF2, 0x09, 0xA6, 0x77, 0xFC, 0x35, 0xAE, 0xB8, 0xF2, 0xAD, 0x3F,
    0x7F, 0xE1, 0x6C, 0xBE, 0x80, 0x16, 0xD8, 0x00, 0x7B, 0x20, 0x83, 0x4A, 0xD0, 0x04, 0x56, 0x16,
    0x2C, 0x70, 0x0A, 0x14, 0xA8, 0x12, 0x2B, 0x37, 0x7A, 0xED, 0xF2, 0xE0, 0x80, 0x2D, 0xC0, 0x9D,
    0x09, 0x44, 0x50, 0x57, 0x83, 0x37, 0xD1, 0xF6, 0xED, 0xF2, 0x71, 0xAC, 0xB0, 0xFD, 0x0E, 0xE7,
    0x2F, 0x71, 0x5C, 0xF2, 0x80, 0xCB, 0xAA, 0xD0, 0xFD, 0x6D, 0xC2, 0x49, 0x40, 0x5F, 0x01, 0x4D,
    0x5F, 0x0D, 0xA1, 0x91, 0x80, 0xEB, 0x71, 0x1E, 0x07, 0x1D, 0x5C, 0xC2, 0xBC, 0x5A, 0x55, 0xA8,
    0x0B, 0xAD, 0xF8, 0x4E, 0x7A, 0xEC, 0xA7, 0x54, 0x32, 0xD3, 0x5C, 0x0D, 0x98, 0xE0, 0x68, 0x7C,
    0x07, 0xCC, 0xA0, 0x26, 0x30, 0x23, 0x74, 0x7E, 0x1D, 0x8F, 0x1E, 0xC1, 0x7D, 0xFE, 0xF7, 0x88,
    0x14, 0x06, 0xC9, 0x60, 0xC7, 0xC5, 0xAD, 0xB9, 0xBA, 0x6C, 0xC2, 0xA6, 0x66, 0x4F, 0x93, 0x19,
    0x62, 0x25, 0xF9, 0x38, 0xB8, 0xA0, 0xA6, 0xEA, 0x8D, 0x34, 0x48, 0xEF, 0x3E, 0x05, 0xEE, 0xDE,
    0x44, 0x2C, 0x60, 0x16, 0x6C, 0x26, 0x98, 0x26, 0xD4, 0xC7, 0x19, 0x73, 0x3F, 0xE1, 0x7E, 0xF0,
    0x1B, 0x44, 0x84, 0x61, 0x01, 0x4D, 0x00, 0x7D, 0xB3, 0x3E, 0x83, 0x78, 0x44, 0xE0, 0xF0, 0x0F,
    0x54, 0x19, 0xEA, 0x2B, 0x50, 0x12, 0x59, 0x02, 0x5F, 0xAB, 0xAB, 0x16, 0xD4, 0x0B, 0x74, 0xE2,
    0x5B, 0x43, 0xC4, 0x89, 0xE7, 0x48, 0xC7, 0xD0, 0xA3, 0xA5, 0xA7, 0x1B, 0xA9, 0x0E, 0xD0, 0x64,
    0x30, 0x72, 0x4E, 0x2B, 0x19, 0xF7, 0x7A, 0xC1, 0xF1, 0x0C, 0xDE, 0xCA, 0x18, 0x89, 0xD4, 0x07,
    0xB0, 0x32, 0x3B, 0x99, 0x77, 0xFF, 0x58, 0xB6, 0x2A, 0xFD, 0xC8, 0x04, 0x1C, 0xCC, 0x6B, 0xFC,
    0x26, 0x61, 0x22, 0xAE, 0xBF, 0x59, 0xC1, 0xED, 0x33, 0x59, 0x99, 0xAC, 0x57, 0x63, 0x8B, 0x4A,
    0x8E, 0xFA, 0x50, 0x40, 0x46, 0x94, 0x24, 0xDA, 0x87, 0xD7, 0xD1, 0x37, 0x94, 0x85, 0x71, 0xC2,
    0xCA, 0x48, 0x73, 0xF0, 0xA0, 0x27, 0xE8, 0xC4, 0x57, 0xB3, 0x0D, 0x75, 0x36, 0x41, 0xA5, 0x1B,
    0x4C, 0x6D, 0xA8, 0x64, 0xCD, 0x85, 0x00, 0xF3, 0xB5, 0xE4, 0x2E, 0x62, 0x57, 0x55, 0x23, 0x54,
    0xE8, 0x60, 0x82, 0xEE, 0x01, 0x00, 0x5E, 0xE0, 0x8C, 0x99, 0x0B, 0xF8, 0x7D, 0xF6, 0x14, 0x2E,
    0x00, 0x00, 0x9E, 0xAF, 0x42, 0xF0, 0x34, 0x89, 0x2E, 0x36, 0x33, 0xAE, 0x5F, 0xAD, 0x99, 0xAE,
    0xD7, 0x26, 0xC1, 0xF9, 0x4D, 0x0D, 0x03, 0x70, 0xFD, 0xFF, 0xB7, 0x59, 0xC7, 0xE8, 0xDB, 0x31,
    0x8B, 0x0D, 0xBE, 0xCD, 0x58, 0xCF, 0x0B, 0xA0, 0x47, 0x57, 0xDC, 0xFC, 0xD2, 0x29, 0xFB, 0x7A,
    0x51, 0x7C, 0x8A, 0x0B, 0xD6, 0xAF, 0x4A, 0x1C, 0x1D, 0x27, 0x40, 0x77, 0x05, 0x5A, 0x24, 0xD0,
    0x9D, 0xEB, 0x54, 0x4F, 0x30, 0x35, 0x11, 0xF6, 0xA6, 0xBF, 0x7C, 0x77, 0x6B, 0x95, 0xA4, 0xED,
    0xA9, 0x7E, 0x38, 0x6E, 0xB7, 0xE6, 0xF5, 0xB8, 0xDF, 0xB7, 0x2A, 0xE4, 0x0B, 0xAB, 0xDF, 0x4B,
    0x17, 0xF6, 0x8D, 0x9F, 0xC4, 0x7D, 0xFB, 0x44, 0xFC, 0x5E, 0x3F, 0x9C, 0x38, 0x03, 0x70, 0x00,
    0xED, 0x58, 0x25, 0x1A, 0x91, 0x78, 0x1D, 0x18, 0x74, 0x0F, 0xD8, 0x00, 0xB8, 0x00, 0x0C, 0x11,
    0xAA, 0x27, 0x11, 0xD4, 0x27, 0x23, 0xE8, 0xF7, 0x13, 0x98, 0x7B, 0x09, 0x6C, 0x9D, 0xA1, 0x93,
    0x0C, 0x22, 0x13, 0x55, 0xAE, 0x0A, 0x6A, 0xA4, 0xD0, 0xE6, 0x46, 0xBC, 0x9B, 0x8C, 0xF4, 0xD5,
    0x70, 0xB5, 0x06, 0xEE, 0x7F, 0xE7, 0xB2, 0x0D, 0x3C, 0xD0, 0x81, 0xBD, 0x09, 0x94, 0xD6, 0x23,
    0x07, 0x2A, 0x11, 0x5F, 0x67, 0xF7, 0xBF, 0x79, 0x49, 0x6D, 0x68, 0x46, 0xE7, 0xAD, 0xCC, 0x0C,
    0x32, 0xC2, 0x8B, 0x07, 0x4F, 0x27, 0x63, 0x7D, 0xF8, 0x41, 0x6C, 0xB2, 0x0A, 0x26, 0xAA, 0xDE,
    0x06, 0x70, 0x7E, 0x01, 0xD7, 0xE8, 0xB8, 0xF9, 0x1E, 0x1A, 0xEC, 0x55, 0x87, 0x91, 0x99, 0x4A,
    0x22, 0xD5, 0x70, 0x58, 0x79, 0x47, 0x76, 0x7A, 0x3A, 0x6E, 0xD7, 0x99, 0x03, 0x85, 0xCB, 0x15,
    0xD5, 0xF2, 0xA4, 0x9E, 0x98, 0x55, 0xA6, 0xA8, 0x54, 0x4F, 0x2A, 0x35, 0xCB, 0xC7, 0x46, 0x7B,
    0xDC, 0x15, 0x9F, 0x52, 0x8B, 0xA4, 0x15, 0xEC, 0xAA, 0x91, 0x07, 0x55, 0xA4, 0xE0, 0x17, 0x70,
    0xAD, 0xB9, 0x50, 0x67, 0x50, 0x69, 0x45, 0xBD, 0x40, 0xFB, 0x66, 0x6C, 0xB9, 0xF6, 0x9D, 0x57,
    0xDF, 0x71, 0x41, 0xA4, 0x53, 0x91, 0x4B, 0x15, 0x98, 0x2B, 0x28, 0x1C, 0x51, 0x1D, 0xFB, 0x0B,
    0xEA, 0xD6, 0x1F, 0x9A, 0x11, 0xEC, 0x0C, 0xC3, 0x02, 0x5E, 0x94, 0x73, 0xBA, 0x85, 0xFB, 0xF0,
    0x17, 0xA9, 0xC9, 0x55, 0x32, 0xB1, 0x8A, 0xCF, 0xCF, 0x77, 0xC8, 0x1D, 0x43, 0x72, 0x5E, 0x07,
    0xB7, 0xDE, 0x80, 0x57, 0x6F, 0x04, 0x2D, 0xD2, 0x33, 0x4C, 0xD4, 0x92, 0x24, 0xD7, 0x72, 0x3E,
    0x8C, 0x74, 0xAB, 0xC3, 0x25, 0x0E, 0x66, 0x1C, 0x14, 0x3A, 0x90, 0xA3, 0xF4, 0x95, 0x3F, 0x53,
    0x50, 0xC7, 0x44, 0xA5, 0x6A, 0x62, 0x9D, 0x3E, 0xCD, 0xA8, 0x32, 0x76, 0x6A, 0x67, 0x86, 0xE2,
    0x0E, 0xD4, 0xEB, 0xEC, 0xE3, 0xCD, 0xF6, 0x7B, 0x00, 0x65, 0xB5, 0xAA, 0x50, 0x4F, 0xA8, 0x8C,
    0x4A, 0xAB, 0x35, 0x09, 0x3B, 0x31, 0x14, 0xD0, 0x12, 0x68, 0xC4, 0x43, 0xB9, 0x3D, 0x21, 0xBE,
    0x31, 0x41, 0x1D, 0xC1, 0xAC, 0x08, 0xD0, 0x2E, 0xB0, 0x3D, 0x38, 0xCF, 0x4B, 0x1D, 0xEC, 0x66,
    0x18, 0x32, 0xB8, 0x1E, 0x6A, 0xF9, 0x4A, 0xFA, 0x5A, 0xEE, 0x0B, 0xEC, 0xD6, 0x30, 0x0F, 0x56,
    0xBF, 0xD9, 0x7A, 0x28, 0x05, 0x90, 0xC4, 0x31, 0xB5, 0xAB, 0x40, 0x50, 0x4F, 0x56, 0xA2, 0x34,
    0xAF, 0x4D, 0xE7, 0x69, 0x46, 0x17, 0xB1, 0x93, 0x59, 0x45, 0xD5, 0x79, 0x1D, 0xB2, 0xE0, 0x1C,
    0x3A, 0xE0, 0x12, 0x98, 0xE1, 0x36, 0x0D, 0xE5, 0x59, 0x95, 0xEA, 0x1B, 0x29, 0xC4, 0xE5, 0x5A,
    0x7A, 0x6C, 0x56, 0x07, 0x30, 0x59, 0x17, 0x68, 0xD7, 0xC0, 0xBC, 0x32, 0xDD, 0x9D, 0xE0, 0xA4,
    0x9C, 0x4C, 0xB0, 0xDD, 0xE7, 0x09, 0x2E, 0x1E, 0xFC, 0x3A, 0x43, 0xEE, 0x1E, 0x65, 0x48, 0xDD,
    0x8F, 0x33, 0x55, 0x72, 0x75, 0x46, 0x8D, 0x9B, 0xB5, 0x8D, 0x2F, 0xAB, 0x44, 0x9B, 0xB9, 0x33,
    0xE3, 0x32, 0xC7, 0x95, 0x65, 0x48, 0x95, 0xF8, 0x2E, 0xD2, 0x85, 0x16, 0x86, 0xD8, 0x82, 0xA4,
    0x57, 0xE0, 0xBF, 0xD3, 0x06, 0xBE, 0x9E, 0x4E, 0xA9, 0x52, 0xD9, 0x52, 0xA7, 0x79, 0x8B, 0x1A,
    0xBB, 0x0B, 0x54, 0x74, 0x99, 0x26, 0xB4, 0x69, 0x69, 0x4C, 0xC2, 0x66, 0x9D, 0xE8, 0xB2, 0x8A,
    0xA0, 0x0F, 0x30, 0x48, 0x54, 0x87, 0x37, 0x92, 0x4E, 0xCD, 0xD4, 0x46, 0x55, 0x6C, 0xA8, 0x8B,
    0xF3, 0x2B, 0x54, 0xE9, 0x50, 0x53, 0x47, 0x93, 0x9C, 0x37, 0xC9, 0x05, 0x1B, 0xEC, 0x6F, 0xC4,
    0xEB, 0xE3, 0xDE, 0x38, 0xA7, 0x1A, 0xE6, 0xE3, 0x9E, 0xAC, 0x76, 0x6D, 0xE4, 0x52, 0x8F, 0xCC,
    0x0B, 0xCA, 0x0A, 0x13, 0xAA, 0xE2, 0xFA, 0x5A, 0x0E, 0x28, 0x19, 0x9F, 0xAF, 0xD1, 0x2B, 0x58,
    0xDC, 0xAE, 0x79, 0x57, 0x62, 0x56, 0x66, 0x16, 0xEA, 0xCC, 0xC2, 0x3D, 0xE1, 0x16, 0x72, 0x56,
    0x76, 0xBA, 0x85, 0x9E, 0x95, 0x9F, 0x8E, 0x26, 0xB3, 0x2A, 0x60, 0x91, 0x10, 0x69, 0x17, 0x0D,
    0x34, 0x32, 0x73, 0x54, 0x01, 0x1B, 0x0F, 0xE8, 0x09, 0xA8, 0xE4, 0xF3, 0x73, 0xB0, 0x12, 0xA1,
    0x1A, 0x7A, 0xDE, 0x39, 0xEA, 0x0B, 0xCB, 0x99, 0x71, 0xAD, 0xEF, 0xC1, 0x51, 0x5B, 0xA4, 0xD8,
    0xFE, 0x7A, 0x0F, 0x25, 0xD4, 0x97, 0x19, 0x95, 0xCA, 0x82, 0xCB, 0x35, 0xF7, 0xBD, 0x9D, 0xDA,
    0x34, 0x94, 0x26, 0xD1, 0x5E, 0x81, 0x08, 0xF5, 0xFC, 0x06, 0x2A, 0x99, 0x05, 0xBF, 0x87, 0x9A,
    0x61, 0xCD, 0x28, 0x43, 0x82, 0xB6, 0xF0, 0x82, 0x2A, 0xDC, 0x7D, 0x7A, 0x5F, 0xFC, 0xCD, 0x84,
    0x93, 0x74, 0x3C, 0x6A, 0x9C, 0xC8, 0xD8, 0x89, 0xC4, 0xAD, 0xBD, 0x17, 0x2F, 0xDC, 0xBD, 0xF0,
    0xA6, 0x53, 0xFE, 0xB6, 0x80, 0x1E, 0x00, 0xF3, 0xF3, 0x05, 0x54, 0x67, 0xB8, 0x73, 0x00, 0x27,
    0x0B, 0x0E, 0x46, 0xB0, 0x93, 0x9E, 0xD1, 0x63, 0x9D, 0x30, 0x51, 0x2D, 0x4D, 0x50, 0xE3, 0xD2,
    0x34, 0x91, 0x36, 0xE8, 0x80, 0xED, 0x97, 0xC6, 0x79, 0xB3, 0x34, 0x98, 0x1E, 0x47, 0xEB, 0x71,
    0xDE, 0x81, 0xFB, 0xB7, 0x19, 0x5A, 0xC9, 0xF0, 0xA2, 0xF4, 0xD0, 0x95, 0xF6, 0xD0, 0x65, 0x3D,
    0xAD, 0xEE, 0x66, 0x71, 0xD4, 0xD1, 0x78, 0x1D, 0x2D, 0xCD, 0x78, 0x8A, 0x1A, 0xF7, 0xA8, 0x94,
    0x50, 0x5F, 0x8D, 0xD4, 0x4F, 0xC2, 0x71, 0x5A, 0x95, 0x70, 0x2B, 0xAD, 0x2B, 0xA6, 0x96, 0xE0,
    0x72, 0x5B, 0xC9, 0x42, 0xE4, 0xFC, 0x16, 0x13, 0x3A, 0x3F, 0x2D, 0xED, 0xF0, 0xDA, 0x2A, 0x48,
    0xEE, 0x8D, 0xE8, 0xC7, 0x1F, 0x7D, 0x3F, 0xA0, 0x3F, 0xFC, 0xE0, 0xED, 0x9E, 0xE6, 0x97, 0x6F,
    0xFF, 0x1D, 0x34, 0x1F, 0x99, 0x9F, 0x43, 0x73, 0xD0, 0x05, 0x54, 0xD1, 0x13, 0xA8, 0x49, 0x1F,
    0x93, 0xAF, 0xC7, 0xB5, 0x6D, 0x02, 0xD4, 0xF2, 0x9F, 0x12, 0x2A, 0xF9, 0xB1, 0x78, 0x1C, 0x13,
    0xD8, 0xB7, 0x12, 0x98, 0x5F, 0x04, 0xD0, 0xC2, 0xEA, 0xC6, 0xEA, 0x05, 0xE8, 0x72, 0xFB, 0x6A,
    0xEA, 0xA0, 0xCA, 0xCE, 0xA3, 0xC6, 0x36, 0x60, 0x73, 0x97, 0x19, 0xB2, 0x4C, 0x0C, 0xD3, 0x90,
    0xBA, 0xB1, 0x8B, 0x6D, 0x6F, 0x31, 0x61, 0x8B, 0x8E, 0x99, 0xE6, 0x93, 0x11, 0x75, 0x9C, 0x90,
    0xA7, 0x3A, 0xFC, 0xFF, 0xEB, 0xBC, 0x9E, 0xAD, 0x4A, 0x64, 0x54, 0xC1, 0x86, 0xA6, 0xEF, 0x7C,
    0x55, 0x3D, 0x7D, 0x77, 0x4A, 0x60, 0x03, 0x74, 0x9E, 0xEB, 0x47, 0xCA, 0x9B, 0xA4, 0x7B, 0x1B,
    0x5A, 0xEF, 0x44, 0x70, 0x72, 0x00, 0x00, 0x9B, 0x70, 0x23, 0x1B, 0x38, 0x83, 0x3D, 0x14, 0x98,
    0x20, 0x53, 0x25, 0xEA, 0x84, 0x1A, 0x51, 0x91, 0xE6, 0xFA, 0x65, 0xB5, 0xC7, 0x78, 0xDA, 0xA7,
    0x1E, 0x7B, 0x38, 0x81, 0x0D, 0xB4, 0x60, 0xFC, 0xDA, 0xDB, 0x04, 0x54, 0x5C, 0xBD, 0xAA, 0x04,
    0x13, 0xEC, 0xE1, 0xF4, 0x99, 0x11, 0x43, 0x40, 0x6E, 0x43, 0x80, 0x83, 0xE7, 0x49, 0xAB, 0x7C,
    0x64, 0x7C, 0x86, 0xF4, 0xDA, 0x83, 0x02, 0x33, 0xF5, 0x01, 0xF5, 0x11, 0xCD, 0x07, 0xDE, 0xFC,
    0x34, 0x18, 0x15, 0xED, 0x7A, 0xA4, 0xA4, 0x2D, 0x59, 0x64, 0x12, 0xC9, 0x7F, 0xC8, 0x96, 0x1D,
    0xAD, 0xAF, 0x3D, 0xBB, 0x0D, 0xB5, 0x14, 0xF4, 0xC7, 0x85, 0xB6, 0x9F, 0x70, 0x55, 0xC6, 0xA9,
    0xC4, 0xAE, 0x59, 0x60, 0x46, 0x76, 0x7F, 0xF2, 0x19, 0xEE, 0xCB, 0x03, 0x6D, 0x9F, 0xD1, 0x19,
    0xFB, 0x0C, 0x69, 0xF3, 0x38, 0xE9, 0x0F, 0x8A, 0xBE, 0x28, 0x66, 0x2C, 0x26, 0x94, 0xB6, 0x2F,
    0xB6, 0xCA, 0x8B, 0xAF, 0xD3, 0x71, 0x10, 0xFF, 0x2F, 0x33, 0x74, 0x7D, 0x2D, 0x51, 0x3F, 0x0E,
    0xAD, 0xC7, 0xB1, 0xDA, 0xEE, 0x68, 0xAE, 0xE9, 0x9D, 0xA0, 0x33, 0x30, 0x80, 0x12, 0xC0, 0x01,
    0x1B, 0xE0, 0x14, 0x76, 0xFB, 0xDF, 0x5A, 0xD0, 0x0D, 0xC1, 0xBF, 0xC7, 0xB6, 0x09, 0x1B, 0xEB,
    0x5D, 0xA1, 0xEB, 0x39, 0xAB, 0x7A, 0xA7, 0x7B, 0x77, 0xB8, 0x26, 0x58, 0x1B, 0x37, 0xC3, 0x83,
    0x13, 0x98, 0xA0, 0x5A, 0x4B, 0x41, 0x02, 0x9D, 0xF4, 0xCF, 0xDD, 0x2E, 0x3A, 0x80, 0x59, 0xD1,
    0x43, 0xBB, 0xC0, 0x3E, 0xF3, 0x8A, 0xB0, 0x83, 0x1F, 0x15, 0x18, 0x8E, 0x7C, 0x00, 0x80, 0x96,
    0x4C, 0x37, 0xFC, 0x8C, 0x62, 0xA9, 0xF2, 0x0A, 0x07, 0x87, 0x02, 0xDD, 0x08, 0x67, 0xC0, 0x0C,
    0x48, 0x44, 0x4B, 0xC1, 0x55, 0x07, 0xCE, 0xD8, 0xD0, 0xBD, 0x36, 0xE3, 0x24, 0xD3, 0x48, 0xFF,
    0x74, 0x25, 0x6F, 0x6F, 0xC3, 0xC7, 0x59, 0x7F, 0x54, 0x4C, 0x29, 0x26, 0x15, 0x13, 0xA7, 0xF6,
    0x7E, 0xB6, 0xF7, 0x92, 0x53, 0x8B, 0xFD, 0xD7, 0xAE, 0x39, 0xEC, 0x55, 0xE6, 0x25, 0x4A, 0x5D,
    0xAA, 0x04, 0x70, 0x27, 0xBA, 0xB1, 0x89, 0x3A, 0x98, 0x60, 0x7A, 0xEB, 0x1D, 0xEE, 0xBB, 0x2E,
    0xD9, 0x1E, 0x5E, 0x80, 0x5B, 0xC9, 0xA7, 0xDC, 0xFE, 0xD5, 0x05, 0xF4, 0x02, 0x0A, 0xB7, 0x2B,
    0x50, 0xA7, 0x6F, 0xDE, 0xAF, 0xB7, 0xB3, 0xF7, 0xBC, 0xDC, 0x81, 0x2B, 0x60, 0x47, 0xFE, 0xAF,
    0x9C, 0x7F, 0x34, 0x99, 0x69, 0x32, 0x31, 0x9B, 0xFB, 0x63, 0xFB, 0x4E, 0x6F, 0x0B, 0x6E, 0x99,
    0x9E, 0xEB, 0xCF, 0xCC, 0xB4, 0x57, 0x49, 0x27, 0x9B, 0xEB, 0xA4, 0x92, 0x1A, 0x9B, 0x51, 0xC7,
    0xE3, 0xEF, 0xEC, 0x45, 0xA5, 0xC5, 0xE1, 0xDE, 0x74, 0xA3, 0xF3, 0x77, 0x1E, 0xE5, 0x45, 0xF4,
    0x2F, 0x8B, 0x84, 0xE6, 0x57, 0xC3, 0xDB, 0xA1, 0xC9, 0x62, 0x7A, 0x3D, 0xCE, 0xAD, 0x37, 0xEF,
    0x4D, 0x16, 0x73, 0x3F, 0x3B, 0xDA, 0x7B, 0x69, 0x83, 0x55, 0x69, 0xF7, 0x43, 0xA7, 0xC6, 0x6E,
    0xDC, 0x34, 0x71, 0x75, 0x2B, 0xB8, 0xCF, 0x66, 0x9A, 0x5F, 0x9D, 0xD1, 0xE4, 0x33, 0xF4, 0x58,
    0x30, 0xA1, 0xB0, 0x78, 0xD1, 0xBE, 0x9E, 0xB1, 0xF7, 0xBE, 0xF6, 0x4E, 0x09, 0x9B, 0x6A, 0x82,
    0xAE, 0x57, 0x92, 0xCC, 0xE3, 0xA9, 0xF5, 0xC5, 0x51, 0x96, 0x47, 0xBB, 0x3A, 0xEF, 0x54, 0x72,
    0x26, 0x5A, 0xF1, 0x7A, 0xA2, 0x2E, 0xD6, 0x37, 0xB3, 0x04, 0xBA, 0x5F, 0x44, 0x06, 0x1D, 0x99,
    0x17, 0x14, 0x13, 0xC8, 0x26, 0x54, 0xC9, 0xFA, 0x3A, 0x5F, 0xA2, 0xA4, 0xA0, 0xBE, 0x88, 0x34,
    0xCF, 0x14, 0x87, 0x5D, 0x63, 0x17, 0x60, 0xB7, 0x59, 0xBA, 0x97, 0x02, 0x6D, 0xFB, 0xC9, 0xD5,
    0x6B, 0xC9, 0xEF, 0x9A, 0xB4, 0xD4, 0xE6, 0xEE, 0x7B, 0xD1, 0x7D, 0x15, 0xDB, 0x9F, 0x3C, 0xF3,
    0x5B, 0x75, 0x18, 0x2B, 0x49, 0x77, 0x1E, 0x25, 0xF7, 0x59, 0x52, 0x5F, 0xA4, 0xA6, 0xA0, 0x13,
    0x66, 0x5C, 0x3B, 0xDB, 0x80, 0xF5, 0x58, 0x70, 0x80, 0x0D, 0x95, 0x8C, 0xEA, 0xE3, 0xB1, 0x19,
    0x51, 0x85, 0x4A, 0x3C, 0x2E, 0xFC, 0x81, 0x09, 0xEE, 0xCF, 0x82, 0x13, 0xF4, 0x04, 0xEF, 0x52,
    0xAD, 0x29, 0x58, 0x6B, 0xB7, 0x13, 0xDF, 0xC4, 0xA7, 0x0C, 0x81, 0xB6, 0xC7, 0xBE, 0x86, 0xFD,
    0x53, 0xEC, 0x01, 0xF3, 0x29, 0x36, 0x6C, 0xE8, 0xE2, 0x19, 0x4D, 0xDC, 0xA3, 0xD7, 0x05, 0x0A,
    0x13, 0xED, 0xFD, 0x75, 0x81, 0x32, 0xCE, 0x24, 0xDC, 0xDD, 0x2F, 0xBD, 0xFB, 0xB5, 0xB0, 0x48,
    0xC7, 0xBE, 0x9E, 0x86, 0x87, 0x93, 0x7E, 0x6F, 0x6A, 0x1E, 0x65, 0xF5, 0x28, 0xA9, 0x4F, 0x46,
    0xF5, 0x59, 0x50, 0x82, 0x9A, 0xA9, 0x27, 0xAA, 0xB8, 0x0C, 0x18, 0xF7, 0xC3, 0xC3, 0xB4, 0xD3,
    0xEF, 0xE5, 0x4D, 0xF3, 0x68, 0x3A, 0x55, 0x8F, 0xA7, 0xAD, 0xFA, 0xA4, 0x5C, 0xA8, 0xCF, 0x4A,
    0xAA, 0x65, 0x17, 0xEB, 0xD2, 0xF5, 0x75, 0xEE, 0xA8, 0xE2, 0xAB, 0xD4, 0xD9, 0xF4, 0xA6, 0xB8,
    0xC0, 0xFE, 0xCA, 0xE3, 0x46, 0xB0, 0xD7, 0xC5, 0x84, 0x0B, 0x20, 0x91, 0xEF, 0x7D, 0x32, 0xE2,
    0xDE, 0x17, 0xBF, 0xA9, 0x66, 0x78, 0xA0, 0x43, 0x2D, 0x7A, 0xC4, 0x36, 0x23, 0xED, 0xBD, 0x88,
    0xF9, 0x7E, 0xC0, 0xFC, 0xB4, 0xC7, 0xBC, 0x0D, 0xFA, 0xE7, 0x0B, 0xCA, 0x82, 0xBC, 0x60, 0x04,
    0x13, 0xA0, 0x85, 0x1F, 0x6E, 0x41, 0x46, 0xD8, 0x79, 0xA8, 0xA7, 0xAD, 0x96, 0x62, 0xDE, 0x49,
    0xA6, 0x09, 0xB4, 0xB0, 0xA5, 0x4A, 0x34, 0xE1, 0x9F, 0xDA, 0xCF, 0xB3, 0x93, 0x74, 0x62, 0x23,
    0xD6, 0x57, 0xE2, 0x6F, 0x0F, 0xC6, 0xEB, 0x03, 0xB9, 0x7D, 0xFA, 0x93, 0xD0, 0x42, 0x0B, 0x1B,
    0x38, 0x81, 0x0B, 0xC8, 0x47, 0x93, 0x63, 0x3E, 0xD8, 0xB2, 0xE7, 0x82, 0x4C, 0xAA, 0x52, 0x9D,
    0xEA, 0x51, 0x45, 0x15, 0x9A, 0xF5, 0x0E, 0xED, 0x8D, 0x37, 0xB4, 0x58, 0x36, 0x9C, 0xC2, 0x25,
    0x48, 0x8F, 0x3E, 0x9A, 0x81, 0x16, 0x4E, 0xE1, 0xE4, 0xD8, 0x5A, 0x4F, 0x07, 0x13, 0x24, 0xAA,
    0x74, 0x7B, 0x2D, 0x30, 0x84, 0xD5, 0xC9, 0x84, 0xEF, 0xBA, 0x29, 0x6F, 0x87, 0xF4, 0x47, 0x3A,
    0xFE, 0x0F, 0xB5, 0x98, 0x01, 0x84, 0x65, 0xD7, 0xFD, 0xC7, 0x3F, 0xF7, 0x9E, 0xCD, 0xDC, 0x24,
    0x67, 0x77, 0x4F, 0xE0, 0xFF, 0xFF, 0x87, 0x64, 0xF7, 0x06, 0x8B, 0xC5, 0xEE, 0xDC, 0xC1, 0xF2,
    0x9F, 0xFC, 0xFF, 0x33, 0xEF, 0x9C, 0x66, 0xCB, 0x02, 0x52, 0x84, 0x02, 0xBA, 0xAD, 0xA2, 0x88,
    0xEE, 0x94, 0xC1, 0xA8, 0x37, 0xEF, 0x1E, 0x5B, 0x04, 0xAD, 0x66, 0x00, 0x68, 0xCB, 0x02, 0x48,
    0x2B, 0x46, 0x0C, 0xA6, 0xBC, 0x99, 0x77, 0xB6, 0x41, 0x10, 0x9A, 0x9B, 0x0D, 0x2D, 0x42, 0x7A,
    0xB6, 0x59, 0x16, 0xD5, 0xE4, 0x24, 0xBD, 0x9B, 0xDC, 0x4D, 0xCE, 0x7B, 0xA7, 0xEF, 0xCA, 0x8C,
    0x45, 0x61, 0x26, 0xBB, 0xEB, 0xFD, 0xBE, 0xBF, 0x71, 0xEE, 0xFC, 0xBE, 0x9F, 0xDF, 0xDC, 0x7B,
    0xEE, 0x39, 0xF3, 0x1C, 0x36, 0x88, 0x74, 0x3C, 0xC3, 0x1A, 0x81, 0x90, 0x85, 0xDC, 0x0B, 0x5F,
    0x34, 0xD2, 0xA9, 0xF9, 0xA7, 0x32, 0x03, 0xC8, 0x1D, 0xC2, 0x51, 0x58, 0x0A, 0xC3, 0x35, 0x2F,
    0x52, 0xA7, 0x3E, 0x5A, 0xD7, 0xCF, 0xB3, 0x79, 0x81, 0xF1, 0x32, 0xE3, 0x4B, 0xEC, 0xAD, 0xBF,
    0x50, 0xBF, 0x15, 0xAA, 0xE4, 0xE4, 0x94, 0xAC, 0x39, 0x28, 0x9F, 0x47, 0x6E, 0x80, 0xDA, 0x22,
    0x92, 0x47, 0xDE, 0x0A, 0x94, 0x2F, 0x79, 0x2A, 0x0C, 0x03, 0x58, 0x48, 0x63, 0x64, 0x8A, 0x10,
    0x21, 0x6B, 0x21, 0x0F, 0xF0, 0xFF, 0x5F, 0xFD, 0xDE, 0xD6, 0x29, 0x99, 0xC1, 0x7F, 0xCF, 0x78,
    0x92, 0x9C, 0xF2, 0xDA, 0xDF, 0xAC, 0x4C, 0x53, 0x44, 0xB3, 0x8B, 0xB4, 0x73, 0x99, 0x16, 0x79,
    0x3D, 0x50, 0xA5, 0x96, 0x3F, 0xCE, 0x86, 0x3C, 0xC3, 0x09, 0xF4, 0x54, 0x77, 0x3A, 0xEA, 0xB6,
    0xF4, 0xA5, 0x2D, 0xFC, 0x22, 0x22, 0x6C, 0xB0, 0xD0, 0xDE, 0xA3, 0xFC, 0x6A, 0x06, 0x35, 0xA8,
    0x14, 0x79, 0x62, 0xF6, 0x0A, 0x8C, 0x21, 0x9B, 0xF6, 0x63, 0x4B, 0x99, 0x0C, 0x0C, 0x19, 0xB3,
    0x4B, 0x4B, 0x7F, 0xBF, 0x21, 0xDB, 0x02, 0x80, 0x05, 0x23, 0xAD, 0x32, 0x8A, 0x92, 0x8A, 0x01,
    0xAB, 0x50, 0x7A, 0x52, 0x27, 0x9A, 0x1D, 0xE9, 0xAF, 0x9E, 0x6A, 0x79, 0x7E, 0x93, 0x53, 0xA5,
    0x55, 0x97, 0x7D, 0xD1, 0x84, 0xAC, 0x5B, 0x67, 0x74, 0x09, 0xB5, 0x7D, 0xA1, 0xF0, 0x03, 0xE9,
    0x74, 0x32, 0xB2, 0x63, 0x79, 0x39, 0xC6, 0x9D, 0x1D, 0xAA, 0xFB, 0x64, 0x77, 0x9E, 0x73, 0xD2,
    0xB0, 0x7D, 0xA6, 0xE8, 0x96, 0x97, 0x17, 0x87, 0x27, 0x97, 0x36, 0xCE, 0x9F, 0x5E, 0xDB, 0xE1,
    0xE9, 0xB5, 0x16, 0xD9, 0xFF, 0x5C, 0x1A, 0x73, 0x7A, 0x59, 0xFF, 0xE1, 0xE4, 0xF3, 0xB2, 0x5D,
    0xEE, 0xEB, 0xFA, 0xFA, 0xDE, 0x57, 0x7C, 0x42, 0xB9, 0xC7, 0xCA, 0x0A, 0x1B, 0xCB, 0xEC, 0xDC,
    0xA3, 0x4E, 0x0C, 0x56, 0xE0, 0x04, 0x75, 0xE4, 0x8D, 0x1B, 0xB0, 0x7E, 0x96, 0x3C, 0x6C, 0xA2,
    0xFE, 0xD4, 0xA2, 0x65, 0x83, 0x56, 0x8E, 0xEA, 0x4A, 0x40, 0xDE, 0x6C, 0xC9, 0x9B, 0x0D, 0x74,
    0x0A, 0xF3, 0x80, 0x83, 0xD0, 0x51, 0xC7, 0xFF, 0x7A, 0x25, 0x9B, 0x18, 0x69, 0xB6, 0x2F, 0xBC,
    0x72, 0x7E, 0xE9, 0x1F, 0x27, 0xD7, 0x3E, 0x7E, 0xEA, 0xEA, 0xF4, 0xE9, 0xB5, 0x4F, 0x9E, 0x5A,
    0xBA, 0xFB, 0xAB, 0x8B, 0x37, 0x7E, 0x32, 0xBF, 0x9E, 0x25, 0x33, 0xE9, 0x52, 0x57, 0x74, 0x94,
    0x33, 0x56, 0x4B, 0x56, 0x94, 0x59, 0x55, 0x54, 0x33, 0x64, 0x0B, 0x3F, 0x86, 0xDD, 0x83, 0x38,
    0x40, 0x1F, 0x0E, 0xFB, 0x5F, 0x71, 0x70, 0x31, 0x9B, 0x21, 0x93, 0x51, 0xCA, 0x9C, 0x50, 0x30,
    0x24, 0xF7, 0x28, 0x83, 0x4E, 0xE8, 0x19, 0xD9, 0x94, 0x22, 0x21, 0x15, 0x54, 0x88, 0x88, 0xD8,
    0x87, 0x45, 0x74, 0x44, 0x37, 0x2C, 0xA0, 0x4C, 0xC5, 0x90, 0x35, 0xB2, 0xB6, 0x34, 0x22, 0x54,
    0x88, 0xA0, 0x11, 0x7E, 0x40, 0xD1, 0x6C, 0x52, 0xB8, 0x31, 0xD2, 0x45, 0x54, 0xAF, 0x0F, 0xE2,
    0xF7, 0x54, 0xD2, 0xCD, 0xD9, 0xAE, 0x34, 0x8B, 0xC0, 0x00, 0x58, 0x05, 0x36, 0x81, 0x5D, 0x80,
    0x85, 0x14, 0xD0, 0x69, 0x8B, 0xF4, 0x21, 0x22, 0xBD, 0x37, 0xD7, 0x9F, 0x29, 0xD2, 0xEF, 0xE6,
    0xFA, 0x2D, 0x22, 0xBD, 0x4A, 0x9E, 0x56, 0xE0, 0x07, 0xCB, 0x70, 0xFA, 0x12, 0x9C, 0x5A, 0x87,
    0x33, 0xDB, 0x70, 0x21, 0xC0, 0x8B, 0x0D, 0x4C, 0x2C, 0x3F, 0x9F, 0x81, 0xB6, 0x70, 0x42, 0xD7,
    0x2B, 0xA5, 0x91, 0x56, 0x9A, 0x45, 0x5E, 0x20, 0xF3, 0x55, 0x28, 0xBC, 0x68, 0x84, 0x2B, 0x9C,
    0xB4, 0x95, 0x9F, 0xF8, 0xBC, 0x53, 0x6F, 0x2E, 0xAA, 0x95, 0xB3, 0x2B, 0xAB, 0x83, 0x4E, 0x35,
    0x50, 0xC7, 0x37, 0xB6, 0x54, 0xDE, 0xF4, 0x4F, 0x1F, 0x11, 0xF6, 0xC8, 0x3A, 0x4D, 0xDE, 0x8E,
    0x90, 0xEF, 0x77, 0x54, 0x57, 0x3C, 0x2B, 0xD2, 0x00, 0x64, 0x96, 0xCC, 0x23, 0x1A, 0xAA, 0x80,
    0xB2, 0x14, 0x9E, 0x92, 0x7E, 0xB8, 0x02, 0xC2, 0xD1, 0x42, 0xE1, 0x72, 0x0F, 0xD2, 0x0A, 0x27,
    0x4D, 0xE5, 0x15, 0xDA, 0x4C, 0xFC, 0x45, 0x12, 0x30, 0x14, 0xEF, 0x01, 0x41, 0x9D, 0xED, 0x0D,
    0x7A, 0x62, 0xE9, 0x5F, 0x34, 0x47, 0x49, 0x6F, 0x5E, 0xED, 0x33, 0xCF, 0x02, 0x00, 0x0B, 0x90,
    0x79, 0x94, 0xA1, 0x0A, 0x2C, 0x42, 0xE1, 0x19, 0xF6, 0x26, 0x5A, 0x10, 0x3D, 0x9F, 0xC2, 0x15,
    0x16, 0xA4, 0x55, 0xD9, 0x8C, 0xCA, 0xAF, 0x16, 0xC9, 0x4E, 0xFC, 0xAE, 0x92, 0x96, 0x2C, 0x3C,
    0xA1, 0xFA, 0x22, 0x56, 0x41, 0xD9, 0x2C, 0x40, 0x85, 0xB4, 0x30, 0x44, 0x27, 0xE8, 0xD0, 0x33,
    0xB8, 0x0A, 0x00, 0xB0, 0x45, 0x36, 0x25, 0x0B, 0x14, 0xA9, 0x87, 0x4B, 0xD5, 0x57, 0x52, 0x51,
    0x82, 0x88, 0xAC, 0x80, 0xD8, 0x67, 0x07, 0x58, 0xCC, 0x7C, 0xDE, 0xE8, 0x28, 0x9C, 0x6A, 0x74,
    0xA3, 0xD0, 0x0E, 0x16, 0xF9, 0x97, 0x83, 0xA1, 0x78, 0xC7, 0x42, 0x50, 0x9F, 0x7A, 0x84, 0x57,
    0x29, 0x20, 0x1D, 0x0A, 0x4A, 0x50, 0xF0, 0x34, 0x00, 0xBB, 0x44, 0x5A, 0xC8, 0x5B, 0xD9, 0xB1,
    0x93, 0x7B, 0x65, 0x07, 0x8C, 0xE9, 0x9E, 0xD9, 0x6F, 0x75, 0x5B, 0x36, 0x70, 0x15, 0x20, 0x02,
    0xD4, 0x06, 0x58, 0x70, 0x00, 0x00, 0xD2, 0x02, 0x95, 0x03, 0xB4, 0x03, 0x26, 0x0D, 0x64, 0x5F,
    0x36, 0x20, 0x3E, 0xF6, 0x20, 0xDF, 0x0E, 0xA0, 0x2E, 0x07, 0xA8, 0xF2, 0x16, 0xEA, 0xD4, 0x42,
    0x4A, 0x1D, 0x59, 0x9B, 0x45, 0x84, 0x27, 0x52, 0xB6, 0x45, 0x32, 0xBA, 0x53, 0xC9, 0x02, 0x2F,
    0x00, 0x79, 0x07, 0x94, 0x01, 0x58, 0xE4, 0x31, 0xF4, 0x28, 0xDC, 0x21, 0x7E, 0xBC, 0x0B, 0x99,
    0x3F, 0xFF, 0x18, 0x7A, 0x8C, 0x7A, 0x68, 0xEA, 0x80, 0x5B, 0xFE, 0x31, 0xE0, 0x77, 0x37, 0x80,
    0x18, 0x81, 0xD0, 0x3E, 0x06, 0xBC, 0x74, 0xC0, 0x6A, 0x00, 0xD6, 0xB7, 0x81, 0x17, 0x3D, 0x50,
    0xDA, 0xC7, 0xD0, 0xA8, 0x4C, 0xA9, 0xF7, 0xA4, 0xD4, 0xDB, 0xA7, 0xA2, 0x01, 0x35, 0x16, 0x0E,
    0x16, 0x87, 0x00, 0xC3, 0x08, 0x64, 0x21, 0x45, 0x10, 0xEF, 0xA7, 0x0E, 0xD4, 0xF5, 0x00, 0x54,
    0x29, 0x00, 0x93, 0x14, 0x9E, 0x20, 0xEB, 0x84, 0x57, 0xF4, 0xFF, 0x34, 0x17, 0x29, 0x43, 0x95,
    0xA6, 0xD4, 0x61, 0xD2, 0xD7, 0x2F, 0xCC, 0x0C, 0x75, 0xF2, 0xF9, 0xEC, 0xFB, 0x4D, 0xD1, 0xF6,
    0x8B, 0x41, 0xD8, 0xCA, 0x81, 0x36, 0xA0, 0xE9, 0x05, 0x35, 0x07, 0x63, 0x57, 0x50, 0xDD, 0xAF,
    0x51, 0x73, 0x77, 0x96, 0x1A, 0x00, 0x18, 0x00, 0x25, 0xA0, 0x80, 0x21, 0xB0, 0x05, 0x08, 0x03,
    0x85, 0x87, 0x3C, 0x02, 0x17, 0x01, 0xC8, 0x53, 0x0A, 0xBD, 0x18, 0x65, 0x9E, 0xBD, 0xAC, 0x21,
    0x62, 0x88, 0x40, 0x9A, 0x91, 0xA5, 0x48, 0xDE, 0x82, 0x08, 0xBD, 0xF2, 0xB9, 0xA4, 0x29, 0x7C,
    0x49, 0x95, 0x12, 0x93, 0x34, 0x05, 0x32, 0x0B, 0xA5, 0x83, 0x89, 0x81, 0x3B, 0x8F, 0x80, 0x77,
    0x11, 0x48, 0x06, 0x71, 0xD7, 0xA1, 0xBE, 0xE3, 0x1E, 0x9A, 0x27, 0xDE, 0x76, 0xC8, 0x77, 0x1B,
    0xE4, 0x6B, 0xF6, 0xA1, 0x59, 0x37, 0x20, 0xC2, 0xC4, 0x50, 0x58, 0x20, 0xEF, 0x49, 0x0D, 0x35,
    0xEC, 0xC3, 0x1E, 0xC4, 0x3E, 0xB2, 0x48, 0xDE, 0x21, 0x5A, 0x44, 0xE8, 0xA3, 0x08, 0x54, 0x1D,
    0x93, 0x08, 0xAC, 0xF5, 0xEC, 0xD2, 0xF3, 0x22, 0xC7, 0xF6, 0x4A, 0x4B, 0xE5, 0x19, 0xB7, 0xB9,
    0xBF, 0x74, 0x6C, 0xEF, 0xCE, 0x4E, 0x76, 0xBF, 0xCB, 0x42, 0x38, 0xAE, 0x31, 0x9B, 0xCC, 0x28,
    0x52, 0xF2, 0x8C, 0x64, 0xC7, 0x7E, 0x16, 0x99, 0x32, 0x23, 0xB2, 0xDF, 0xAB, 0x4A, 0x7E, 0xFF,
    0x7F, 0xEE, 0x9B, 0xA9, 0x68, 0x89, 0x22, 0xE4, 0x9D, 0x08, 0xC5, 0xFC, 0x53, 0x35, 0xDF, 0x3C,
    0xA8, 0x3B, 0xC0, 0xDE, 0x25, 0xC8, 0x52, 0x0B, 0xD9, 0x3B, 0x0D, 0x00, 0xE4, 0x89, 0x49, 0xC8,
    0x92, 0xA9, 0x1B, 0x6A, 0x57, 0xC2, 0xA4, 0x29, 0x21, 0x85, 0x45, 0xF8, 0x3A, 0x0C, 0xE0, 0x8B,
    0x6E, 0x95, 0x2C, 0xC4, 0x21, 0x79, 0x98, 0x0E, 0x11, 0xBE, 0xDE, 0x45, 0x34, 0xBA, 0xA5, 0x70,
    0x65, 0x98, 0x27, 0x15, 0xA8, 0x5A, 0x19, 0xA8, 0x5B, 0xD1, 0xC0, 0x02, 0xA0, 0x1A, 0x28, 0x3A,
    0xE0, 0x55, 0x00, 0x90, 0x33, 0x98, 0xA4, 0x46, 0xCC, 0xAE, 0x05, 0x19, 0x8A, 0xAE, 0x6C, 0x44,
    0xAC, 0x5C, 0x1E, 0xB5, 0xE9, 0x25, 0x62, 0x8D, 0xE8, 0x6A, 0x8A, 0xA0, 0x8D, 0x0A, 0xDA, 0x55,
    0xAE, 0xBA, 0x97, 0x8C, 0x4C, 0xFD, 0x5A, 0xD9, 0x02, 0x72, 0x03, 0xA5, 0x85, 0x04, 0xF9, 0x9D,
    0x47, 0xC0, 0x5B, 0x81, 0x2C, 0x41, 0xF1, 0xA1, 0xE3, 0x6C, 0x6E, 0x1F, 0x9A, 0x27, 0xFE, 0x6E,
    0x51, 0xC9, 0x71, 0xAA, 0xE2, 0xA1, 0x59, 0xC5, 0x6B, 0x0E, 0xF5, 0xDE, 0x5C, 0x2F, 0x9B, 0x87,
    0x65, 0x9D, 0xCB, 0x19, 0x2B, 0xAB, 0x6B, 0x54, 0xA4, 0x68, 0xFB, 0xAC, 0x6B, 0xF6, 0x94, 0x9D,
    0x5F, 0x07, 0x80, 0x3C, 0xFD, 0xC2, 0x52, 0xA5, 0x64, 0x48, 0xBF, 0x99, 0x92, 0xC7, 0x6C, 0x4A,
    0x11, 0xC4, 0x0C, 0xE9, 0xD5, 0x04, 0xD5, 0x0C, 0x6B, 0xD4, 0xCD, 0x30, 0xA1, 0x7C, 0xC7, 0xCE,
    0x28, 0x3F, 0x22, 0xA2, 0xBA, 0x7C, 0x9E, 0x82, 0x0C, 0xA8, 0xFB, 0x75, 0x43, 0x6F, 0x65, 0xFD,
    0xDA, 0x1D, 0x00, 0x80, 0x05, 0x00, 0xE5, 0xA0, 0x6F, 0xF7, 0x60, 0xEA, 0xD1, 0x33, 0x95, 0xA8,
    0x3A, 0x39, 0x45, 0xFA, 0x3C, 0xA0, 0x1A, 0x31, 0x4F, 0x4E, 0xF8, 0x79, 0x2A, 0x1A, 0x4A, 0x27,
    0x1D, 0x95, 0x9D, 0x27, 0x6D, 0xD4, 0x3C, 0xA1, 0x2C, 0x9A, 0xD2, 0xA0, 0x8D, 0x06, 0xFD, 0x97,
    0x29, 0x94, 0xA9, 0x85, 0x85, 0x64, 0x01, 0x72, 0x80, 0xCA, 0x42, 0x96, 0x80, 0xDC, 0x3F, 0x8E,
    0x1E, 0x43, 0x0E, 0xF0, 0xF2, 0x5D, 0x4B, 0xFF, 0x8A, 0x3C, 0xFA, 0x1E, 0xFD, 0x7E, 0x47, 0x3F,
    0xD1, 0x28, 0x65, 0x1E, 0x3D, 0x9E, 0x67, 0x81, 0x31, 0xC8, 0x0E, 0x4E, 0x1B, 0x00, 0x26, 0xDD,
    0x24, 0xD4, 0xBE, 0x6E, 0x4A, 0x5B, 0xA1, 0xDC, 0x10, 0xD9, 0xB4, 0x14, 0x1F, 0x7B, 0xC4, 0x97,
    0x8E, 0x3C, 0x19, 0xB2, 0x19, 0x10, 0x21, 0x8B, 0x90, 0x77, 0x90, 0xB7, 0xF0, 0xDC, 0x0C, 0x74,
    0x82, 0x3C, 0x85, 0xB9, 0xB6, 0xA0, 0x06, 0x26, 0x53, 0x48, 0xC9, 0x12, 0x4B, 0x47, 0x54, 0x4D,
    0xD6, 0x29, 0x97, 0x77, 0xA5, 0x13, 0x6D, 0x8D, 0x48, 0xD3, 0xB9, 0xB6, 0x28, 0x3C, 0x54, 0x1D,
    0x4C, 0x22, 0xC0, 0xC2, 0x14, 0xA8, 0x92, 0x81, 0xFD, 0xD2, 0x42, 0x54, 0x96, 0xAC, 0x55, 0x20,
    0xC2, 0x6A, 0x9F, 0x76, 0x41, 0xDC, 0x0E, 0x50, 0x7C, 0xD0, 0x82, 0xBC, 0x19, 0x41, 0xB9, 0x1A,
    0x94, 0xAD, 0x2C, 0xE5, 0x77, 0x95, 0xA5, 0xFA, 0x69, 0x69, 0xA8, 0xF4, 0x0C, 0xB4, 0xF2, 0x30,
    0x00, 0xD8, 0x04, 0xD6, 0x23, 0x30, 0x09, 0x40, 0x7D, 0x78, 0xCF, 0xAC, 0x02, 0x9A, 0xDE, 0x0D,
    0x87, 0xF3, 0x36, 0x1A, 0x90, 0xA7, 0x88, 0xBC, 0x1D, 0x29, 0x6D, 0x87, 0xCE, 0x5A, 0xB4, 0x08,
    0x8C, 0x8A, 0xB9, 0x94, 0x67, 0xF4, 0x7F, 0x77, 0xD1, 0x9F, 0xCF, 0x28, 0x6D, 0x0B, 0x9C, 0x03,
    0x86, 0x40, 0x07, 0xB9, 0xFF, 0x76, 0x8C, 0xBC, 0x01, 0x19, 0x60, 0xB1, 0x85, 0xE1, 0x06, 0x84,
    0x73, 0xC7, 0x67, 0x54, 0x27, 0x61, 0x12, 0xE1, 0x87, 0x2D, 0xC0, 0xF1, 0xFD, 0xE7, 0xCF, 0xC3,
    0x78, 0x0C, 0xBB, 0xBB, 0xDF, 0xCE, 0x2F, 0x3D, 0x9C, 0xDD, 0x81, 0xE5, 0x4B, 0xB0, 0xBA, 0x0D,
    0xCA, 0x1D, 0x9F, 0x51, 0x5F, 0x8F, 0x79, 0x4A, 0x49, 0xFA, 0xA9, 0x9E, 0xD7, 0x0E, 0x74, 0xF6,
    0x59, 0xA7, 0x45, 0x6A, 0x46, 0xC5, 0x74, 0x5E, 0x1B, 0x4E, 0x8E, 0x06, 0xED, 0x50, 0x7F, 0x96,
    0xDA, 0xD2, 0xD6, 0x96, 0xDA, 0xE6, 0xA9, 0x91, 0xB7, 0x5C, 0x69, 0xD0, 0xF4, 0x31, 0xA2, 0x0F,
    0x5D, 0x58, 0x9D, 0x90, 0x2D, 0x40, 0xD1, 0x90, 0x7B, 0xF2, 0x06, 0x69, 0x78, 0x12, 0xB8, 0x0A,
    0x2D, 0x44, 0xA8, 0xA0, 0x00, 0x38, 0x80, 0xFC, 0xB5, 0x29, 0x0B, 0x37, 0xA8, 0x8C, 0x8E, 0xD4,
    0x96, 0xCD, 0xCC, 0x6A, 0x69, 0xF5, 0x8C, 0x1E, 0xC2, 0x0D, 0x08, 0x88, 0x80, 0x74, 0x2C, 0x1C,
    0xCD, 0x22, 0x0D, 0x95, 0x63, 0xE4, 0x09, 0x21, 0x77, 0x37, 0x8E, 0x64, 0xD9, 0xDE, 0xCE, 0xEE,
    0xB5, 0xD9, 0x6D, 0x0F, 0x47, 0x6A, 0x21, 0x90, 0x56, 0x36, 0x59, 0x60, 0x09, 0x9E, 0x6B, 0xF4,
    0xE1, 0xE1, 0x8C, 0x9D, 0xD7, 0xA2, 0x97, 0x74, 0xA8, 0x2C, 0x0B, 0xA0, 0x0C, 0x15, 0x0C, 0x61,
    0x0D, 0xFA, 0x3A, 0xB4, 0xA7, 0x68, 0x90, 0x0E, 0x35, 0x0F, 0x4B, 0x65, 0xD0, 0xCC, 0xEB, 0xD1,
    0x81, 0xCA, 0xC2, 0x2E, 0xD9, 0x14, 0xF1, 0x29, 0xEA, 0x65, 0xCE, 0x14, 0x47, 0xB2, 0x14, 0x57,
    0x8C, 0x7A, 0xDD, 0x2A, 0x05, 0x1C, 0xAD, 0xC5, 0x99, 0x25, 0x74, 0x4B, 0xE5, 0xF8, 0x5F, 0x0F,
    0x81, 0xBA, 0x13, 0x29, 0xAA, 0x5B, 0xB1, 0x34, 0x51, 0x13, 0x07, 0x74, 0xA3, 0xAC, 0x1D, 0x89,
    0xA0, 0x55, 0x53, 0x25, 0x53, 0x74, 0x0F, 0xDE, 0xE9, 0x1F, 0xB5, 0x70, 0xD8, 0xE4, 0xFD, 0x88,
    0xBE, 0x3B, 0xA5, 0xF8, 0xE7, 0x26, 0x45, 0xBB, 0x89, 0xF4, 0x07, 0x87, 0x02, 0x37, 0x3B, 0xCA,
    0x97, 0x5A, 0xAA, 0xCB, 0x5F, 0x18, 0x2D, 0x12, 0x83, 0xAC, 0x83, 0x67, 0x61, 0x15, 0x34, 0x48,
    0x47, 0x66, 0x01, 0x6A, 0x2B, 0x52, 0x50, 0xB7, 0xBA, 0x83, 0x96, 0x59, 0x37, 0xCA, 0x1F, 0xB4,
    0x94, 0x1D, 0x70, 0x0E, 0x86, 0xD0, 0x91, 0x7B, 0xF2, 0xA3, 0x59, 0xF2, 0x06, 0x19, 0x28, 0x5B,
    0x86, 0xCB, 0x6C, 0x9F, 0x3F, 0x92, 0xA5, 0x3A, 0x49, 0x1D, 0xF9, 0x59, 0x0B, 0x1C, 0xA5, 0xBE,
    0x5F, 0x9C, 0x7B, 0x7B, 0x6C, 0x6C, 0x1C, 0xB5, 0x7E, 0x03, 0x22, 0xEC, 0x3E, 0x38, 0x93, 0x01,
    0xFA, 0x61, 0x84, 0x75, 0x00, 0x28, 0x6F, 0x3B, 0x52, 0x32, 0xA2, 0xDD, 0xA7, 0x68, 0x26, 0xA8,
    0xB7, 0x13, 0xEA, 0xD7, 0x03, 0xCA, 0x6E, 0x8F, 0xB2, 0x89, 0xF3, 0x71, 0x8B, 0x4E, 0x0D, 0x6F,
    0xCD, 0x00, 0x0E, 0x77, 0xB9, 0xFF, 0xDC, 0x2A, 0x2B, 0x37, 0xA0, 0x6E, 0x36, 0x29, 0x9A, 0xC3,
    0xF3, 0x99, 0x8E, 0xF2, 0x7A, 0x3F, 0x0D, 0x2D, 0x5A, 0x05, 0xF4, 0xC5, 0xCF, 0xCD, 0x7C, 0xC9,
    0x52, 0xDA, 0xEE, 0x00, 0x32, 0x06, 0x3A, 0x10, 0x1E, 0x84, 0x39, 0x3E, 0x43, 0x38, 0x50, 0x1E,
    0x16, 0x03, 0xF4, 0xCF, 0xC3, 0x5F, 0x3A, 0x36, 0xA3, 0x7F, 0x9A, 0xC4, 0x08, 0x3B, 0x3B, 0x00,
    0xC7, 0xF7, 0x23, 0x00, 0x65, 0xA1, 0x34, 0xB0, 0x0A, 0x2C, 0x01, 0xC0, 0x9E, 0x74, 0x79, 0x92,
    0x9E, 0xAA, 0xF0, 0x94, 0x97, 0x1B, 0xD4, 0x15, 0x87, 0xFA, 0xA5, 0x45, 0xBD, 0x0E, 0xF2, 0x4D,
    0x90, 0x11, 0xE4, 0xC1, 0x56, 0xA9, 0x1C, 0x94, 0x70, 0x75, 0x08, 0xC9, 0xC3, 0xC8, 0x00, 0x13,
    0xC8, 0x93, 0x81, 0x0A, 0xD0, 0xC0, 0x00, 0xD8, 0xAC, 0x60, 0x2F, 0x59, 0xBE, 0x7E, 0xDD, 0x31,
    0x53, 0x8E, 0xA8, 0x5C, 0xD6, 0x2A, 0x9B, 0x87, 0xCA, 0x88, 0xA0, 0x11, 0x61, 0x4A, 0x91, 0x5A,
    0xE4, 0xA7, 0xB6, 0x47, 0x7E, 0x23, 0x0B, 0xF5, 0x1D, 0x48, 0x1D, 0xF4, 0x6B, 0xF4, 0xC1, 0xD7,
    0x43, 0x1E, 0xC9, 0xDF, 0xF9, 0x6F, 0xAD, 0x99, 0x31, 0x8C, 0x1D, 0xC7, 0x79, 0xC7, 0x7F, 0xBB,
    0x73, 0xBA, 0x91, 0x34, 0x96, 0x86, 0x9D, 0x13, 0x50, 0xE6, 0xA6, 0x50, 0x91, 0x82, 0xE4, 0xB2,
    0x70, 0xC1, 0x24, 0xBC, 0x37, 0x23, 0xB1, 0x48, 0xA1, 0x42, 0x6E, 0x92, 0x94, 0x66, 0xDF, 0x90,
    0x85, 0x0A, 0x16, 0xEF, 0xDE, 0xAE, 0xD5, 0xB8, 0x70, 0x21, 0x02, 0x29, 0xD2, 0xC5, 0x44, 0x7A,
    0x58, 0x2A, 0x88, 0xE0, 0x80, 0xDC, 0xDD, 0x1B, 0xD9, 0x85, 0x0B, 0x17, 0x5A, 0xD3, 0x41, 0x54,
    0xC4, 0x00, 0xD7, 0x96, 0x60, 0x39, 0x09, 0x0C, 0x0F, 0x99, 0x91, 0xB4, 0x8C, 0xE6, 0xBD, 0xC9,
    0xAC, 0xDE, 0x23, 0x0F, 0x67, 0x5A, 0xC2, 0x9D, 0xDF, 0x81, 0xF3, 0xFF, 0x70, 0xBC, 0xC5, 0xCE,
    0xFF, 0xF7, 0xCD, 0xEC, 0x37, 0xF8, 0x30, 0x07, 0x00, 0xA4, 0xE1, 0x49, 0x00, 0x40, 0xB5, 0x40,
    0xED, 0x00, 0xE3, 0x80, 0x79, 0x07, 0xC5, 0xE7, 0x1D, 0x88, 0x8F, 0x7A, 0x50, 0x3F, 0xF1, 0xA0,
    0xAF, 0x7B, 0xA8, 0xCB, 0x00, 0x4D, 0x0A, 0x90, 0xD2, 0x40, 0x11, 0x8A, 0x88, 0xE8, 0x89, 0x54,
    0x41, 0x26, 0x6B, 0x06, 0x9D, 0x5A, 0x9A, 0x08, 0xF3, 0x2C, 0x00, 0x80, 0xD9, 0x84, 0x32, 0x45,
    0xD4, 0xAF, 0x22, 0x55, 0x3B, 0x60, 0x8A, 0x80, 0x11, 0x9E, 0x99, 0xCC, 0xD2, 0x3D, 0xB3, 0xBF,
    0xFE, 0x04, 0xF3, 0x68, 0x99, 0x9F, 0x05, 0xE0, 0xC6, 0x16, 0x10, 0xAE, 0x02, 0x73, 0x0F, 0xD4,
    0xED, 0xD9, 0xF3, 0x5D, 0xD9, 0x82, 0xBD, 0x8B, 0xD0, 0x04, 0xA8, 0xBA, 0xD3, 0x33, 0x9E, 0x21,
    0x0A, 0xF4, 0x80, 0x70, 0x80, 0xF8, 0x2D, 0x50, 0x0E, 0xA7, 0x40, 0x19, 0x80, 0xBB, 0x50, 0xBA,
    0xD5, 0xCB, 0xC5, 0x00, 0x94, 0x96, 0xFC, 0x04, 0x92, 0xA5, 0xF8, 0x18, 0x00, 0xB6, 0x97, 0x96,
    0x26, 0xF5, 0xE5, 0xF2, 0x1F, 0x3A, 0x19, 0x84, 0xD3, 0x9D, 0x68, 0x47, 0x76, 0x63, 0xB3, 0x58,
    0xA9, 0x61, 0xFD, 0x7F, 0x27, 0xA9, 0x1F, 0x37, 0xE8, 0xB4, 0xA0, 0x48, 0xDD, 0x6A, 0x7E, 0x8F,
    0xF0, 0x28, 0xC7, 0x36, 0x00, 0x4D, 0x5B, 0xA6, 0x4E, 0xDD, 0x77, 0x95, 0xC5, 0x80, 0x81, 0x19,
    0xE3, 0x30, 0xB2, 0x35, 0x09, 0x15, 0x80, 0x1D, 0x20, 0x81, 0xFC, 0xD0, 0xA1, 0x4B, 0xB7, 0x31,
    0x82, 0xB2, 0xD4, 0x8E, 0x59, 0x8F, 0xF7, 0xA5, 0xBB, 0x7B, 0x32, 0x04, 0x80, 0x7D, 0x20, 0x02,
    0xF7, 0xD8, 0x18, 0xA1, 0x00, 0x9D, 0x29, 0x2C, 0x17, 0x00, 0x4E, 0x84, 0xF0, 0x62, 0xD1, 0xA1,
    0x7E, 0xD0, 0x22, 0x96, 0x40, 0xD8, 0x1C, 0xE1, 0xCE, 0x6D, 0x1E, 0x7A, 0xFE, 0xCD, 0x61, 0x2C,
    0x97, 0x4F, 0x4C, 0x21, 0xEC, 0x7B, 0x88, 0x5F, 0x74, 0x14, 0xC9, 0xC2, 0x14, 0x80, 0x62, 0xBE,
    0x44, 0xA6, 0xD4, 0x33, 0x53, 0x03, 0x87, 0x45, 0x64, 0xC1, 0x92, 0xC8, 0xE1, 0xA8, 0x22, 0xFF,
    0xA6, 0x1C, 0x58, 0x88, 0x40, 0x14, 0xBE, 0x1C, 0x84, 0x97, 0xF9, 0x5F, 0xDD, 0xD5, 0x29, 0x31,
    0x4F, 0x1F, 0x03, 0xF3, 0x97, 0x11, 0xE9, 0x02, 0x98, 0x4B, 0x30, 0xB9, 0x06, 0x3B, 0x57, 0x98,
    0xED, 0x9F, 0xB4, 0x72, 0xBE, 0xD6, 0xBB, 0x4E, 0xFD, 0xE1, 0x37, 0x1F, 0xDB, 0xAF, 0xF3, 0x86,
    0x32, 0x41, 0xD1, 0x58, 0x74, 0xEA, 0x60, 0x17, 0x9A, 0x27, 0xDE, 0xC3, 0x38, 0x3F, 0xA6, 0xF4,
    0xC7, 0xBC, 0x9B, 0x23, 0x6F, 0x00, 0x90, 0xC9, 0xA1, 0xB2, 0x80, 0x32, 0x25, 0x3F, 0x8A, 0x59,
    0xD1, 0x73, 0x50, 0x74, 0x44, 0x6C, 0x16, 0xA4, 0x25, 0x45, 0x8A, 0x94, 0x01, 0x84, 0x1F, 0x55,
    0x66, 0x29, 0x2B, 0xFB, 0x8A, 0x15, 0xCB, 0x02, 0x92, 0x2F, 0x92, 0x3F, 0xB6, 0x09, 0x1F, 0x76,
    0x95, 0x74, 0x93, 0xDA, 0x9A, 0x48, 0xD3, 0xB2, 0x5B, 0xB4, 0x46, 0xB5, 0x66, 0xB9, 0xDE, 0x04,
    0x8B, 0xFC, 0x9E, 0x43, 0x24, 0x4B, 0xB1, 0x60, 0x63, 0xF3, 0x3B, 0xE7, 0x0A, 0x7F, 0x8B, 0xD4,
    0xD3, 0xD8, 0x13, 0xF9, 0xB3, 0x05, 0xEC, 0x02, 0x07, 0xC0, 0xDE, 0xE6, 0xFE, 0xC7, 0xAB, 0xE1,
    0x04, 0x08, 0x1B, 0xD8, 0x2D, 0x81, 0xB7, 0xA0, 0xE8, 0xA0, 0xFC, 0x3F, 0x60, 0xF1, 0xB5, 0x66,
    0x09, 0x35, 0xC0, 0x5D, 0x0A, 0x47, 0xF9, 0x5B, 0x8A, 0x01, 0x54, 0x36, 0x54, 0x3F, 0x73, 0x88,
    0x25, 0x30, 0x6C, 0x9E, 0xFB, 0xB3, 0x65, 0x78, 0xA2, 0x1D, 0xB8, 0x0C, 0xCC, 0x5B, 0xC4, 0x47,
    0x0E, 0x6D, 0x3B, 0x00, 0xB6, 0xD3, 0x1D, 0x9A, 0x4C, 0xB2, 0xFC, 0x7B, 0x2F, 0x43, 0xE1, 0x75,
    0x57, 0x74, 0xC7, 0x0F, 0x83, 0x79, 0x68, 0x98, 0x7B, 0x63, 0x95, 0x33, 0x4E, 0xBB, 0xEA, 0xF1,
    0x4D, 0xA7, 0x52, 0x6A, 0x99, 0x0F, 0xC0, 0x05, 0xA0, 0xB1, 0xF0, 0x85, 0xCB, 0xE5, 0xED, 0x90,
    0xAF, 0x39, 0x00, 0x54, 0x0A, 0x34, 0xF3, 0xBB, 0xC4, 0x9A, 0x22, 0x8C, 0x32, 0xB0, 0x8C, 0xD0,
    0xF4, 0xB0, 0x0B, 0x2C, 0x80, 0xD4, 0xA1, 0x52, 0xC4, 0x14, 0x4B, 0x76, 0x99, 0xD0, 0xBC, 0xB6,
    0xC0, 0xA4, 0x80, 0x4C, 0x2D, 0x94, 0xD6, 0x22, 0xDE, 0x77, 0x88, 0xD4, 0x52, 0x2C, 0xD8, 0x98,
    0xB3, 0x68, 0xCF, 0x21, 0x5C, 0x87, 0x48, 0x0E, 0x0E, 0x39, 0x13, 0x46, 0xB6, 0x80, 0x1D, 0xE0,
    0x00, 0xB8, 0xBD, 0x39, 0x23, 0x5B, 0xC0, 0x04, 0x98, 0x01, 0xD7, 0x00, 0xCE, 0x82, 0x73, 0x43,
    0x26, 0x40, 0x8F, 0xB2, 0x2B, 0x5D, 0x7E, 0x92, 0xAA, 0x02, 0xBE, 0xB5, 0xE6, 0xDC, 0x03, 0xF6,
    0x81, 0xDB, 0x67, 0xC3, 0x8B, 0xE8, 0x00, 0xED, 0x81, 0xDD, 0x7D, 0xC0, 0x5F, 0x04, 0x80, 0x32,
    0xF9, 0x14, 0xCA, 0x74, 0x67, 0xDE, 0xD3, 0x8C, 0xF4, 0x87, 0x18, 0x58, 0x60, 0x20, 0xD2, 0x40,
    0xFA, 0xB2, 0x6A, 0xD2, 0x82, 0x32, 0x10, 0x11, 0xA1, 0xC8, 0xC1, 0x17, 0x43, 0x0E, 0xE5, 0x80,
    0xEC, 0x45, 0xA0, 0x1E, 0xAA, 0x05, 0xF3, 0x68, 0x96, 0xB0, 0x03, 0xC9, 0x8A, 0x0F, 0x9D, 0x2E,
    0x1D, 0xA0, 0x02, 0x75, 0xA0, 0x0C, 0x08, 0x3F, 0x0E, 0x79, 0x3F, 0xA8, 0x07, 0x51, 0xC7, 0xA8,
    0x7D, 0xD4, 0xDD, 0x50, 0xBD, 0x1D, 0xEA, 0xEB, 0xDE, 0x88, 0x3C, 0x7E, 0x33, 0x93, 0xCB, 0x7D,
    0x11, 0x8E, 0x48, 0x98, 0x61, 0xAC, 0x4A, 0x29, 0xF9, 0xE7, 0x96, 0x7F, 0x37, 0xFF, 0x0E, 0x91,
    0xD9, 0x0A, 0xE2, 0xA4, 0x24, 0x2B, 0xEB, 0x6F, 0x7E, 0x8A, 0x49, 0x88, 0x9E, 0xD1, 0xFA, 0x83,
    0xA8, 0x87, 0xD1, 0xBA, 0x7A, 0xFF, 0x8F, 0x58, 0xB3, 0xFB, 0xED, 0x22, 0x05, 0x7E, 0xD2, 0x03,
    0x19, 0xA3, 0x4C, 0x1D, 0x0D, 0x1C, 0xC2, 0x01, 0x44, 0x88, 0x64, 0xB3, 0xEC, 0x22, 0x9E, 0xE6,
    0xE2, 0xB3, 0x59, 0xB6, 0xCA, 0x33, 0x5B, 0x9D, 0xDA, 0x6F, 0x4C, 0x00, 0x80, 0xF3, 0x1D, 0x26,
    0xDB, 0x75, 0x28, 0x87, 0xCE, 0xA3, 0xA5, 0xB6, 0x18, 0x30, 0x57, 0x30, 0x9E, 0xBA, 0x05, 0x20,
    0x85, 0x3C, 0x4E, 0x6B, 0xA4, 0x53, 0x36, 0x3A, 0xB1, 0xCB, 0xDD, 0x2D, 0xFC, 0x5B, 0xA4, 0xB5,
    0xE5, 0xA9, 0x8C, 0x5E, 0xC4, 0x6A, 0x31, 0x7A, 0x95, 0xC3, 0x89, 0xBC, 0x4E, 0x35, 0x39, 0xEF,
    0x21, 0x1C, 0xE2, 0xBF, 0x28, 0x06, 0x38, 0x47, 0x2C, 0x63, 0xE1, 0x57, 0x2E, 0xA6, 0x97, 0x9D,
    0x72, 0xDA, 0xE9, 0xB6, 0xB6, 0x26, 0xCF, 0x6E, 0xFA, 0xDA, 0x7E, 0x83, 0x6B, 0x18, 0x97, 0xFD,
    0x0A, 0x46, 0xE3, 0x2A, 0x0F, 0x4E, 0x99, 0xCE, 0x1F, 0x9B, 0xD9, 0xD7, 0x6D, 0x99, 0x1E, 0xA6,
    0x90, 0x27, 0x49, 0x47, 0x1F, 0x3D, 0x1C, 0xD0, 0x40, 0x64, 0x06, 0x91, 0x03, 0x8A, 0xC8, 0x82,
    0x72, 0x38, 0xFA, 0xD4, 0xCA, 0x61, 0x0C, 0x01, 0xE9, 0xC5, 0x38, 0x79, 0x0E, 0xF3, 0x28, 0x7B,
    0x40, 0xBB, 0xAC, 0x79, 0x0B, 0xD5, 0x12, 0x50, 0x01, 0x38, 0x87, 0x65, 0xEC, 0x72, 0xA2, 0xF4,
    0x85, 0x17, 0x1D, 0x4F, 0x37, 0xEE, 0x66, 0x6B, 0xFA, 0xD4, 0xCA, 0x4E, 0xB7, 0xCA, 0x55, 0x56,
    0xBB, 0x1A, 0xDD, 0x1A, 0xBE, 0x04, 0x63, 0x96, 0xE1, 0x0E, 0x30, 0x7E, 0x9F, 0xBA, 0x8D, 0x50,
    0x0C, 0x50, 0x7A, 0xC4, 0xF7, 0x7B, 0x64, 0x6A, 0x29, 0x17, 0x00, 0x1A, 0x68, 0x1C, 0xC5, 0x67,
    0x1E, 0xD9, 0xDE, 0x05, 0x40, 0x25, 0x87, 0x4C, 0x16, 0x9E, 0xBC, 0x93, 0x25, 0x42, 0x96, 0x5F,
    0x69, 0x64, 0x54, 0x1D, 0xE8, 0x51, 0x0E, 0xAA, 0xAC, 0xBA, 0x05, 0x63, 0x39, 0xD7, 0xC0, 0x6C,
    0x01, 0xF3, 0x00, 0xA6, 0x05, 0xA8, 0x58, 0xFD, 0xF4, 0x85, 0xA3, 0xFC, 0x75, 0x87, 0x68, 0x3B,
    0x00, 0xCA, 0x08, 0x2A, 0x8B, 0x51, 0x03, 0x14, 0x61, 0x64, 0xE3, 0x59, 0x0F, 0x97, 0xD5, 0x42,
    0x65, 0xB9, 0xD8, 0x80, 0x89, 0x50, 0xF7, 0x50, 0xA6, 0xFF, 0x4D, 0x6D, 0x99, 0xDE, 0x4E, 0x30,
    0x1B, 0xF1, 0x0E, 0x54, 0x07, 0x8B, 0x7A, 0x64, 0x8E, 0x40, 0xF2, 0x50, 0xA4, 0x0E, 0xCA, 0xE4,
    0x41, 0x7C, 0x3E, 0x80, 0xF0, 0x8B, 0x31, 0x34, 0x16, 0xD9, 0x9B, 0x8E, 0x7A, 0xD0, 0xE3, 0x6E,
    0x96, 0x01, 0x00, 0x90, 0xEE, 0x58, 0xD0, 0x16, 0xB8, 0x74, 0x74, 0xE4, 0x78, 0x84, 0x5F, 0xD5,
    0xBD, 0x57, 0x0F, 0xF2, 0xAB, 0x83, 0xEE, 0x82, 0x7E, 0xBB, 0xAF, 0xDE, 0x6D, 0xEB, 0x88, 0xD9,
    0x65, 0x62, 0xDA, 0x5D, 0x3D, 0xEC, 0x0B, 0x0F, 0x14, 0x1E, 0x3C, 0x45, 0x8F, 0x68, 0x39, 0xDF,
    0x4D, 0xCD, 0xFD, 0x85, 0xFC, 0x30, 0xCA, 0x07, 0xA8, 0x88, 0xCE, 0xE3, 0x80, 0xEA, 0xE6, 0x56,
    0x5D, 0xFD, 0xCE, 0xE8, 0x38, 0x11, 0x3D, 0xDC, 0x82, 0x91, 0xA2, 0xEA, 0xE1, 0xAF, 0x00, 0x18,
    0xA1, 0xB3, 0xEE, 0x40, 0x03, 0x1C, 0x02, 0x0B, 0x20, 0xAE, 0x54, 0x64, 0x1D, 0xED, 0x87, 0x78,
    0xB6, 0xDF, 0xD8, 0x86, 0x06, 0xB1, 0x44, 0xDE, 0x01, 0x50, 0xFE, 0x38, 0x7E, 0x8F, 0xEA, 0xD0,
    0x6E, 0x1C, 0xD5, 0x58, 0x78, 0xD4, 0x60, 0xC0, 0xDC, 0xC2, 0xF4, 0x18, 0xBB, 0x99, 0x35, 0xEB,
    0x35, 0x9B, 0x00, 0x3B, 0xC0, 0x14, 0xE8, 0xA1, 0x8C, 0x6A, 0xC1, 0x3E, 0x91, 0xA1, 0x18, 0xCA,
    0x90, 0xDF, 0xF4, 0xB2, 0x57, 0xAB, 0x02, 0xFA, 0xA5, 0xCE, 0x0B, 0x09, 0x1A, 0xCD, 0x05, 0xAE,
    0x02, 0xA5, 0xCB, 0x3B, 0x9B, 0xF5, 0x8F, 0x8E, 0x46, 0x5A, 0x0E, 0xE5, 0xA9, 0x08, 0x94, 0xEF,
    0xEB, 0x4F, 0x7D, 0xF9, 0xA8, 0x13, 0x8F, 0x9C, 0xF8, 0xC8, 0xFE, 0x89, 0xD9, 0x16, 0x59, 0xCA,
    0x15, 0x51, 0xBB, 0x72, 0xD0, 0xF6, 0xAB, 0xBD, 0x9E, 0x5D, 0x59, 0xAB, 0x7F, 0xDA, 0xE9, 0x9F,
    0x75, 0xD5, 0xF7, 0xDB, 0x13, 0x7A, 0x2D, 0x7B, 0x18, 0x2B, 0x31, 0x42, 0x3D, 0xC0, 0xDF, 0x7C,
    0x85, 0x57, 0x19, 0x51, 0x0B, 0xD8, 0x87, 0x08, 0x03, 0x45, 0xF6, 0x4D, 0x88, 0x38, 0x32, 0x98,
    0x9E, 0xF3, 0x4F, 0x8F, 0xD2, 0x5F, 0xA2, 0x07, 0x74, 0x07, 0x70, 0x03, 0x10, 0x1E, 0xA8, 0x7B,
    0x9E, 0x7E, 0x58, 0x94, 0x89, 0xB9, 0x2F, 0x92, 0x6D, 0x3A, 0x1A, 0x57, 0xC1, 0xBC, 0xAB, 0x20,
    0xF9, 0xCB, 0xF0, 0x85, 0x9F, 0xC0, 0x67, 0xC3, 0x0E, 0x85, 0x8F, 0x53, 0x4A, 0xBF, 0x98, 0x22,
    0xFA, 0x66, 0x0F, 0xD1, 0x99, 0x80, 0x74, 0x95, 0xCF, 0x41, 0x8F, 0x29, 0x2B, 0x4F, 0x13, 0x44,
    0x07, 0xBC, 0x0A, 0x4C, 0x81, 0x01, 0xCA, 0x3E, 0xAB, 0x05, 0xE0, 0xFC, 0xCF, 0x23, 0xE6, 0x93,
    0x05, 0xF2, 0x77, 0xBB, 0xC8, 0xB0, 0x8B, 0xEA, 0x23, 0xDA, 0x65, 0xBD, 0x3F, 0x50, 0xBD, 0x1E,
    0xA8, 0xAF, 0x7F, 0x66, 0x8D, 0x48, 0x4C, 0x8A, 0xE1, 0x6C, 0x71, 0x78, 0x7A, 0x2D, 0xD2, 0x3D,
    0xF9, 0x49, 0xB5, 0xC0, 0x85, 0x53, 0x42, 0x01, 0x70, 0x1B, 0xD8, 0x07, 0xEE, 0x41, 0xD1, 0x01,
    0x85, 0x9B, 0x42, 0xF1, 0xD0, 0x03, 0x73, 0x07, 0x5C, 0x3E, 0xFB, 0x05, 0xE5, 0xDB, 0xDF, 0x82,
    0xAB, 0x53, 0x98, 0x78, 0xA8, 0x1C, 0x68, 0x0B, 0x00, 0xA7, 0xE4, 0x57, 0xED, 0x93, 0x53, 0xF3,
    0xA8, 0x15, 0x9C, 0xD6, 0x3F, 0x0E, 0xE7, 0xE6, 0x1F, 0x44, 0xF4, 0x90, 0xE5, 0x23, 0x55, 0x7E,
    0xB1, 0x7E, 0xDB, 0x53, 0x0B, 0x8F, 0x11, 0x3D, 0x13, 0xF9, 0x1B, 0x76, 0xE5, 0x92, 0x7D, 0x11,
    0xD6, 0x29, 0xB5, 0x7F, 0x90, 0x52, 0xFD, 0x6C, 0x4A, 0xCB, 0xA3, 0x94, 0x86, 0x31, 0xA5, 0x70,
    0x3C, 0xA5, 0x1E, 0x10, 0x1D, 0xC8, 0x1F, 0x3A, 0x50, 0x09, 0x10, 0x03, 0x63, 0x2A, 0x39, 0x93,
    0x9C, 0x48, 0xCE, 0x43, 0xF5, 0xFB, 0x39, 0x0B, 0xED, 0x86, 0xEA, 0xB5, 0x50, 0xBF, 0x3E, 0xF6,
    0x4F, 0xE3, 0x89, 0x28, 0x3B, 0xB4, 0x93, 0x95, 0xD5, 0x4B, 0x64, 0x00, 0x00, 0x95, 0x1C, 0x3A,
    0xB5, 0x00, 0xA8, 0x25, 0xCC, 0x53, 0x27, 0x96, 0x37, 0xBD, 0xF2, 0x72, 0xA8, 0x3A, 0x11, 0x6B,
    0x57, 0x46, 0x63, 0x47, 0x89, 0xD8, 0x20, 0x86, 0x06, 0xE9, 0x8D, 0xD5, 0xDE, 0xB8, 0xDA, 0xD5,
    0x9F, 0x26, 0xAB, 0xD2, 0x82, 0xE2, 0xCB, 0xDA, 0x8B, 0xE3, 0x00, 0x80, 0xA6, 0x15, 0xC9, 0xEB,
    0xFB, 0x43, 0x65, 0xA3, 0x21, 0xE6, 0x95, 0x9B, 0x95, 0x61, 0x26, 0xBC, 0xD1, 0x5D, 0x9D, 0xDF,
    0x18, 0x40, 0x62, 0x51, 0xAF, 0xB7, 0xA8, 0x04, 0xE5, 0xC0, 0xC6, 0xE6, 0x57, 0xB6, 0xB8, 0xFD,
    0x0A, 0x26, 0x50, 0x75, 0x27, 0xF2, 0xE7, 0xD5, 0xE7, 0x61, 0x7F, 0x82, 0x18, 0x16, 0xE8, 0x0F,
    0x3D, 0x2F, 0x6D, 0xDB, 0x8D, 0x19, 0xCA, 0x6D, 0xD0, 0x6F, 0x42, 0x3D, 0x81, 0x6B, 0x7B, 0x70,
    0xE3, 0x2E, 0xAC, 0x60, 0xC8, 0x34, 0x64, 0x1C, 0x32, 0x0F, 0x86, 0x48, 0x26, 0x22, 0x23, 0x91,
    0x99, 0xC8, 0x50, 0x64, 0x2A, 0x46, 0x2C, 0x64, 0x4A, 0xA9, 0xA5, 0x19, 0x63, 0xB9, 0x28, 0x83,
    0xB2, 0xCA, 0x0B, 0xAF, 0xD0, 0x9D, 0xF0, 0x50, 0xB7, 0xA2, 0x07, 0x63, 0x65, 0x0A, 0x18, 0x54,
    0xF2, 0x34, 0x68, 0xC7, 0x3A, 0x1A, 0x74, 0xBB, 0x85, 0x69, 0x2B, 0x7B, 0x8D, 0xBA, 0xAB, 0xED,
    0x94, 0xB1, 0x27, 0x1F, 0x28, 0xE6, 0x29, 0x79, 0x68, 0xBE, 0x77, 0x88, 0x48, 0xFF, 0x93, 0x5A,
    0x7D, 0x3F, 0xBD, 0xD9, 0x66, 0x10, 0x8D, 0x61, 0xD8, 0xCD, 0x28, 0x29, 0x64, 0x96, 0xA5, 0xCD,
    0x30, 0x41, 0x62, 0x74, 0xAC, 0xA9, 0xD3, 0x3C, 0xA2, 0x42, 0xDD, 0x01, 0x12, 0xA8, 0xA1, 0x58,
    0x82, 0xB8, 0x03, 0x00, 0xEF, 0x2E, 0x46, 0x4E, 0xF7, 0xDC, 0x61, 0xD5, 0x71, 0xA8, 0x7A, 0x0E,
    0xB2, 0xA2, 0xEE, 0x88, 0x75, 0x5B, 0xA4, 0x05, 0x65, 0xF2, 0x88, 0x47, 0x01, 0xE1, 0x63, 0xD6,
    0x21, 0xB2, 0x37, 0x6D, 0x3D, 0x54, 0x7E, 0x1E, 0xA5, 0x87, 0xBB, 0x14, 0x4F, 0xAE, 0x30, 0x5F,
    0x5C, 0x95, 0x9F, 0x37, 0x9F, 0x78, 0xF1, 0x7B, 0x2F, 0x23, 0xCA, 0xA3, 0x7B, 0xB4, 0xA3, 0x72,
    0xAC, 0x4F, 0xF9, 0x4D, 0xED, 0x00, 0x65, 0x41, 0xB7, 0x2B, 0x55, 0xC0, 0x55, 0xD8, 0x0E, 0x53,
    0xFD, 0x38, 0xF2, 0x45, 0x2C, 0x12, 0x65, 0x44, 0x0C, 0xEB, 0x2E, 0x54, 0x3D, 0x39, 0xEE, 0x01,
    0x0D, 0x1A, 0x5E, 0x86, 0xAB, 0xC0, 0x2B, 0x22, 0x43, 0x55, 0x16, 0x15, 0xA1, 0xF4, 0x9B, 0x2F,
    0xC3, 0x9D, 0xB7, 0xD6, 0x37, 0x17, 0x8D, 0xE5, 0x32, 0x70, 0xB2, 0x95, 0xE0, 0x05, 0xA0, 0x01,
    0xB1, 0x60, 0xDD, 0x83, 0x40, 0xF5, 0x18, 0x52, 0xA2, 0x5C, 0xDC, 0x44, 0x78, 0x9D, 0xF5, 0xC2,
    0xF8, 0x98, 0x32, 0xB5, 0x30, 0xF7, 0x50, 0x45, 0xB6, 0x44, 0xE4, 0x12, 0x91, 0x49, 0x96, 0xF9,
    0xA7, 0x01, 0x93, 0xFC, 0x78, 0xFB, 0x09, 0x5C, 0x81, 0x3D, 0x8A, 0x80, 0xE8, 0x10, 0x00, 0xD4,
    0xAE, 0x48, 0xBD, 0xF8, 0x55, 0x2F, 0x7B, 0x44, 0xA4, 0x48, 0x16, 0xE3, 0x5E, 0xD1, 0xCE, 0xBC,
    0xE9, 0xD6, 0xD7, 0x39, 0x04, 0x10, 0x11, 0xAA, 0xEF, 0xC2, 0x8E, 0xDA, 0x1C, 0x41, 0x3A, 0x74,
    0xCF, 0xC4, 0xB3, 0x77, 0x8F, 0xFE, 0xCA, 0x89, 0x10, 0x36, 0xB1, 0x03, 0xD8, 0x07, 0x76, 0x81,
    0x6B, 0x50, 0x84, 0xAC, 0xF6, 0x24, 0xA6, 0x50, 0xFA, 0x75, 0xF7, 0x29, 0x1D, 0xCF, 0x01, 0x7F,
    0x29, 0x5B, 0x2E, 0x5F, 0x06, 0x3D, 0x80, 0xE8, 0x36, 0x5F, 0x89, 0x5B, 0x17, 0xB9, 0x77, 0x8F,
    0x49, 0x8F, 0x71, 0x68, 0x00, 0x4E, 0xC0, 0x65, 0x52, 0xEA, 0x9B, 0x94, 0xBA, 0x69, 0x7D, 0xBD,
    0xDB, 0x33, 0xD7, 0xDD, 0x2D, 0x23, 0xEC, 0xD3, 0x2E, 0xE8, 0x00, 0x58, 0x1C, 0xEF, 0xEE, 0xCA,
    0x00, 0xE7, 0x97, 0x60, 0x12, 0x00, 0x28, 0x07, 0xB2, 0x03, 0xE1, 0xA0, 0xB2, 0xF0, 0x67, 0x00,
    0xF7, 0xD6, 0x25, 0x7A, 0x3E, 0xB9, 0x26, 0x59, 0xF9, 0xA4, 0x26, 0xD6, 0x9D, 0xDE, 0x6B, 0xD4,
    0x6F, 0x50, 0x2F, 0xD1, 0x1F, 0x03, 0xE8, 0x16, 0xE9, 0x90, 0x2D, 0x15, 0xBC, 0x0A, 0xDC, 0xD2,
    0x30, 0x9D, 0x42, 0xED, 0x41, 0xB5, 0x00, 0x1B, 0x32, 0xBE, 0xB7, 0x6E, 0xF8, 0xFF, 0xD5, 0x15,
    0x0F, 0xED, 0x49, 0xA0, 0x46, 0xBB, 0xAC, 0x67, 0xED, 0x66, 0xA0, 0x93, 0xE7, 0xB9, 0xE5, 0x77,
    0xBE, 0xDA, 0xEE, 0x78, 0xEA, 0x6A, 0x74, 0x21, 0x2D, 0xB9, 0xF9, 0xEF, 0xCF, 0xA4, 0x2E, 0x7F,
    0xDD, 0x82, 0x4E, 0x2D, 0xBC, 0x74, 0x19, 0x00, 0x30, 0x4B, 0x9D, 0xA8, 0x07, 0xB5, 0x40, 0xF5,
    0xA5, 0x5F, 0x1D, 0xDA, 0xDA, 0x89, 0x3E, 0x87, 0xCC, 0x5B, 0x39, 0xE5, 0xA8, 0xDB, 0x1C, 0x8C,
    0xD5, 0x39, 0xA0, 0x5B, 0x0C, 0x95, 0xC5, 0x58, 0x03, 0xE6, 0x3F, 0x16, 0x50, 0xA5, 0x00, 0xDB,
    0xA9, 0x05, 0xEA, 0x57, 0x60, 0x1E, 0xE1, 0x5F, 0x02, 0x47, 0xDF, 0xC2, 0x84, 0xA6, 0xDB, 0x45,
    0x76, 0xFB, 0x28, 0x17, 0xD1, 0x6E, 0xA0, 0x7A, 0x7B, 0x6C, 0x50, 0x02, 0x46, 0x7B, 0xCC, 0xA5,
    0x47, 0xD6, 0x3C, 0x4C, 0x99, 0x74, 0x00, 0x60, 0x8D, 0x97, 0xC3, 0xD9, 0xE3, 0x35, 0x11, 0xE6,
    0xC3, 0x9F, 0x86, 0xB6, 0x8D, 0x05, 0x7D, 0xBD, 0x05, 0x95, 0x80, 0x72, 0xE0, 0xEC, 0xF9, 0xAE,
    0x3C, 0x7F, 0xF4, 0x47, 0xC5, 0xBA, 0x3B, 0x3D, 0x23, 0xFB, 0x80, 0x78, 0x00, 0xC8, 0x37, 0x00,
    0xF1, 0xCF, 0x40, 0x71, 0xF6, 0xA0, 0xA0, 0x3A, 0xB8, 0xE4, 0xE1, 0xEA, 0x2D, 0xD8, 0xF1, 0x64,
    0x77, 0x4E, 0x0F, 0xFB, 0x17, 0xCF, 0x03, 0xC3, 0x04, 0xC4, 0xA7, 0x0B, 0xD0, 0x3F, 0xED, 0xE1,
    0xCF, 0xB7, 0xCF, 0x1C, 0x36, 0xC7, 0x17, 0x40, 0x7F, 0x17, 0x26, 0x3B, 0x70, 0x3B, 0xC0, 0xDD,
    0xD3, 0xAF, 0xEC, 0x59, 0xE2, 0x5C, 0x04, 0xB8, 0x07, 0xB0, 0xB4, 0x40, 0x73, 0x4A, 0x14, 0xB8,
    0x05, 0x74, 0x50, 0x3C, 0x06, 0x22, 0x50, 0xF6, 0x00, 0x6A, 0x00, 0xA8, 0x77, 0x00, 0xF6, 0x5E,
    0x02, 0x00, 0x68, 0xA2, 0x2E, 0x93, 0x33, 0xA1, 0x2A, 0x52, 0x46, 0x33, 0x76, 0x8A, 0x76, 0x8D,
    0x1D, 0x72, 0x9C, 0xBF, 0xE6, 0x73, 0x4C, 0xD7, 0x7B, 0xD4, 0xFD, 0x07, 0x7F, 0xEB, 0x50, 0xBF,
    0xF8, 0xE0, 0x9D, 0x16, 0xF9, 0x9F, 0xEF, 0xFC, 0x10, 0xE4, 0x03, 0xFD, 0x23, 0x90, 0x4B, 0x15,
    0x41, 0x44, 0x35, 0x80, 0x18, 0x94, 0x07, 0xE1, 0x55, 0x3F, 0x46, 0xE9, 0xD6, 0x39, 0x94, 0x11,
    0xE4, 0x98, 0xDE, 0xCB, 0x70, 0xF1, 0x45, 0x00, 0xEA, 0xD7, 0xFB, 0xFD, 0xF9, 0x8F, 0xFD, 0x4C,
    0xBD, 0x1F, 0x26, 0xF2, 0xE7, 0xC3, 0x8E, 0xB8, 0x3F, 0x4C, 0xC5, 0x47, 0x71, 0x4F, 0x7C, 0x12,
    0x7D, 0x99, 0x66, 0x5D, 0x19, 0x9B, 0xB6, 0x0C, 0x0D, 0x45, 0x77, 0x75, 0x85, 0xAE, 0x86, 0xD5,
    0xD6, 0xAC, 0xA1, 0xE7, 0xC3, 0xDC, 0x37, 0x7D, 0xD3, 0x55, 0x6D, 0x8D, 0x76, 0x53, 0x54, 0x17,
    0x90, 0x1F, 0xF5, 0x88, 0xCF, 0x1D, 0x65, 0xB2, 0x14, 0xCB, 0xAF, 0x3B, 0x77, 0xA7, 0xC0, 0x02,
    0xC4, 0xEF, 0x41, 0xBD, 0x61, 0xB9, 0x20, 0x00, 0xE0, 0x40, 0xB9, 0x32, 0x65, 0xF6, 0x5A, 0xF6,
    0x54, 0xD7, 0x3B, 0x74, 0x4E, 0x58, 0xFF, 0xA0, 0x45, 0xBF, 0x03, 0xEA, 0x47, 0x59, 0x31, 0x2B,
    0x64, 0xF5, 0xA0, 0x1D, 0x54, 0x70, 0x63, 0x0A, 0xA9, 0x87, 0x99, 0x05, 0x2E, 0x5D, 0x82, 0x83,
    0x19, 0xDC, 0x9E, 0x9E, 0x01, 0xE3, 0x8B, 0x40, 0x03, 0xE5, 0x51, 0x3B, 0x54, 0xA6, 0xD4, 0x89,
    0x94, 0x7A, 0xE1, 0x6A, 0x27, 0xDB, 0xC6, 0x16, 0xC5, 0x02, 0xC4, 0x00, 0xDA, 0x43, 0xED, 0xA0,
    0xB1, 0xAC, 0x7E, 0x25, 0xAC, 0xF6, 0xAA, 0xAD, 0x5D, 0x65, 0x4D, 0x4A, 0x98, 0xB4, 0x04, 0x00,
    0x6E, 0x40, 0xA0, 0xF4, 0x48, 0x87, 0x80, 0xD1, 0x75, 0xAA, 0x52, 0xD4, 0xEF, 0x7A, 0x2D, 0x1D,
    0x15, 0x4C, 0x29, 0xC6, 0x87, 0xEF, 0x55, 0xFF, 0x1D, 0x4C, 0xF2, 0xD7, 0xEA, 0x0E, 0xCE, 0x41,
    0xE1, 0x41, 0x64, 0x95, 0xFD, 0x99, 0x60, 0x1C, 0xDD, 0xA1, 0x6A, 0xE0, 0x64, 0x18, 0x17, 0xC7,
    0x7E, 0xA4, 0x3E, 0xD6, 0x8F, 0x6C, 0x8C, 0x71, 0xE3, 0x1A, 0xEF, 0x05, 0x9A, 0x0E, 0x93, 0x61,
    0x4E, 0x4C, 0x82, 0x0C, 0x50, 0x2F, 0x60, 0xF7, 0xDA, 0xD1, 0x3D, 0x67, 0x00, 0xE1, 0xD7, 0xEA,
    0x41, 0x76, 0xA0, 0x1C, 0xE8, 0xB5, 0xAA, 0x16, 0x6A, 0x9B, 0x05, 0x18, 0x60, 0x06, 0x6F, 0x45,
    0x98, 0x07, 0x68, 0xEE, 0xC0, 0xFF, 0x03, 0xB5, 0x99, 0x01, 0xA4, 0x25, 0x59, 0x7A, 0xC7, 0x7F,
    0x55, 0x67, 0xE6, 0xD5, 0xCC, 0x9E, 0x99, 0x3E, 0x01, 0x84, 0xC9, 0x4C, 0x0D, 0x1A, 0x8B, 0xEE,
    0xAE, 0xC6, 0x60, 0x44, 0xF7, 0x3D, 0x67, 0xA7, 0xB1, 0x58, 0xCC, 0x82, 0x00, 0xA4, 0x97, 0x00,
    0xF0, 0x1A, 0x1D, 0x3A, 0xBC, 0xF7, 0xAA, 0x74, 0xC8, 0x00, 0xC9, 0x0B, 0x08, 0x06, 0x69, 0x00,
    0x60, 0x5A, 0x34, 0x5E, 0xE4, 0xBD, 0x77, 0x4F, 0x0C, 0x16, 0x8B, 0x39, 0x33, 0x4B, 0x82, 0x90,
    0x3D, 0x93, 0xED, 0x64, 0xD8, 0x48, 0x72, 0xBA, 0xB7, 0x32, 0x5B, 0xBD, 0x73, 0xEA, 0x9E, 0xD4,
    0xA9, 0x7B, 0xBD, 0xAB, 0x23, 0x59, 0xFD, 0xB6, 0xDF, 0x94, 0xFA, 0xBE, 0xD3, 0x8D, 0x57, 0xDF,
    0xAF, 0xBE, 0x73, 0xBE, 0xF3, 0x9D, 0x7F, 0x5D, 0xA0, 0xB2, 0x80, 0xB4, 0xC8, 0x55, 0x6D, 0x58,
    0xA6, 0x11, 0xB1, 0xDA, 0x0D, 0xC8, 0x50, 0xF5, 0xD4, 0x4E, 0x0C, 0x34, 0xB6, 0x8C, 0x68, 0x33,
    0x3B, 0x11, 0x69, 0x11, 0x03, 0x2D, 0x55, 0x40, 0x1B, 0x35, 0x39, 0xDB, 0x58, 0x9A, 0xFF, 0x4E,
    0x06, 0x99, 0x46, 0x28, 0xD2, 0x21, 0x40, 0xD5, 0x81, 0xEC, 0x68, 0xFF, 0x1A, 0x91, 0x22, 0xEA,
    0x8B, 0x81, 0xDA, 0x44, 0x34, 0x91, 0x45, 0x31, 0x70, 0x50, 0xF6, 0x1C, 0x88, 0x80, 0x56, 0x8E,
    0x26, 0xFF, 0xE5, 0x00, 0x00, 0x3D, 0xC0, 0x00, 0x94, 0x41, 0xAF, 0x54, 0x72, 0xCD, 0x20, 0x9F,
    0x21, 0x7D, 0x19, 0x50, 0x4E, 0x4C, 0xCE, 0x0A, 0x3F, 0xB9, 0xCA, 0x51, 0x5B, 0x69, 0x69, 0x3A,
    0x69, 0x33, 0xC3, 0xE4, 0x50, 0x1D, 0x9A, 0xDA, 0xA0, 0x8D, 0x06, 0xFD, 0x0F, 0x23, 0xD4, 0xA9,
    0x87, 0x9D, 0xD4, 0x01, 0xF0, 0x08, 0x8A, 0xBE, 0xB1, 0xDA, 0xB5, 0x6E, 0x9F, 0xCA, 0x1D, 0x23,
    0x6D, 0x44, 0xD9, 0x81, 0xFA, 0x7E, 0x4F, 0x73, 0xAB, 0x47, 0xE7, 0x37, 0xB9, 0xFA, 0xD4, 0xE8,
    0x27, 0x89, 0xBA, 0xDB, 0xE0, 0x5C, 0xA9, 0x3A, 0x00, 0x9A, 0x06, 0x00, 0xD4, 0x00, 0x00, 0xC2,
    0x03, 0x00, 0x50, 0x2C, 0x57, 0x94, 0x29, 0xB9, 0x2A, 0x25, 0x2F, 0x26, 0xE3, 0x40, 0x0E, 0x22,
    0x67, 0xE4, 0xB4, 0x88, 0xC2, 0xB6, 0x86, 0x91, 0x55, 0xC1, 0x0A, 0x22, 0xA7, 0x88, 0x61, 0x3D,
    0xAA, 0x40, 0x31, 0x70, 0x4A, 0x63, 0x29, 0x07, 0x46, 0x5A, 0x83, 0xE8, 0x89, 0xAC, 0x40, 0x84,
    0x72, 0x10, 0x83, 0x30, 0x22, 0x54, 0x41, 0x06, 0xD9, 0x55, 0xA1, 0x71, 0x8D, 0x55, 0xA6, 0x49,
    0x09, 0x3D, 0xD9, 0x32, 0x3D, 0x9E, 0xC7, 0xE7, 0xAE, 0xC3, 0x7B, 0x00, 0x84, 0x00, 0xC0, 0xDF,
    0xD9, 0x0C, 0x85, 0x36, 0x99, 0x89, 0x6B, 0x64, 0x24, 0x20, 0x13, 0x01, 0x19, 0x48, 0xF4, 0x47,
    0x99, 0x43, 0xA5, 0x38, 0x0F, 0x9F, 0x84, 0x4C, 0x73, 0x49, 0xDA, 0x19, 0xA6, 0x59, 0xB3, 0x1C,
    0xCF, 0x28, 0x65, 0x60, 0x26, 0xB1, 0x7E, 0x06, 0xF9, 0x45, 0xC8, 0x1C, 0x6D, 0x0A, 0x19, 0xE3,
    0xC6, 0xAE, 0x05, 0xB0, 0x0F, 0x81, 0xE2, 0x5F, 0x3C, 0x2C, 0xF9, 0xC6, 0x22, 0x12, 0x4B, 0x40,
    0x73, 0x03, 0x58, 0x00, 0x70, 0x13, 0xE0, 0xE0, 0xB8, 0x7A, 0xDC, 0x97, 0x29, 0xAA, 0xD4, 0xCB,
    0x2F, 0x63, 0xFD, 0x89, 0x9F, 0xB2, 0xFC, 0xB6, 0xEA, 0x74, 0xD1, 0xBF, 0xB2, 0x40, 0x8B, 0xC0,
    0xC0, 0x41, 0x15, 0x84, 0xE7, 0x40, 0x79, 0xD5, 0xB9, 0x83, 0xDF, 0xFF, 0x4A, 0xFF, 0xBB, 0xD7,
    0x4F, 0x57, 0x29, 0xF9, 0xBA, 0xEB, 0xEF, 0xB5, 0x5D, 0x99, 0xC2, 0x7C, 0x1F, 0x16, 0xC9, 0xD1,
    0x82, 0x86, 0x53, 0x68, 0x61, 0x84, 0x03, 0x88, 0x70, 0x32, 0xFB, 0x91, 0x22, 0x42, 0xA4, 0x1C,
    0x28, 0x22, 0xA2, 0xCF, 0xFF, 0x10, 0x41, 0x94, 0xFD, 0xE4, 0xE5, 0xAD, 0x40, 0xE5, 0x6B, 0x11,
    0x68, 0x52, 0xAA, 0x7C, 0x5E, 0xEC, 0xD2, 0x01, 0xAF, 0x28, 0x0B, 0xD4, 0x4B, 0x03, 0x34, 0x2B,
    0x00, 0xF5, 0x18, 0x00, 0x5E, 0x01, 0xA0, 0x31, 0x53, 0x68, 0x34, 0x53, 0x74, 0x16, 0xD0, 0x02,
    0x70, 0x0A, 0xC0, 0x48, 0x39, 0x87, 0x93, 0xB3, 0x27, 0xB2, 0x8D, 0x3E, 0xE4, 0xE8, 0x45, 0x3F,
    0x47, 0x0F, 0x6C, 0xA3, 0xFB, 0x39, 0xBA, 0x9B, 0xA3, 0x5B, 0x80, 0x39, 0x3A, 0xB5, 0x01, 0xAE,
    0x68, 0x00, 0x1D, 0x01, 0x6A, 0x0F, 0x80, 0x91, 0x41, 0x84, 0xA6, 0xCF, 0x65, 0x50, 0x59, 0x11,
    0x40, 0x78, 0xA8, 0xFC, 0xAE, 0x91, 0x2E, 0x75, 0xCA, 0xD6, 0x46, 0xD9, 0xC6, 0xD4, 0x9D, 0xA6,
    0x31, 0x93, 0xB1, 0x40, 0xB3, 0x8F, 0xBE, 0x73, 0x8C, 0xF6, 0xB9, 0x62, 0x07, 0x32, 0x03, 0x22,
    0x20, 0x3E, 0x72, 0x54, 0xA9, 0xA3, 0x1C, 0xA1, 0x4C, 0x2C, 0x9F, 0xA4, 0xBE, 0x48, 0xA6, 0xFD,
    0x3C, 0x79, 0x5A, 0x5B, 0xA3, 0x61, 0xE9, 0xE6, 0x21, 0x85, 0x6B, 0xB4, 0xF0, 0x4D, 0x58, 0x70,
    0x0A, 0x5F, 0x0F, 0x37, 0x19, 0x29, 0x42, 0xDC, 0x23, 0x52, 0x86, 0x31, 0x0F, 0xC2, 0xB7, 0x47,
    0xF9, 0xFD, 0x9C, 0xEE, 0xCB, 0x81, 0xCA, 0xD6, 0x41, 0xF4, 0xD3, 0xA0, 0x26, 0x52, 0x26, 0xD4,
    0x50, 0x05, 0xDA, 0x5E, 0x38, 0xE9, 0x39, 0xCB, 0x2E, 0x6A, 0x69, 0x00, 0xEA, 0x15, 0x00, 0x72,
    0x93, 0x60, 0x0A, 0xCE, 0x52, 0xCC, 0x32, 0x68, 0x93, 0x91, 0xDC, 0x35, 0x66, 0x24, 0xD6, 0x48,
    0xCC, 0x48, 0x65, 0x9C, 0x91, 0x64, 0x5C, 0x23, 0xC5, 0xE7, 0x90, 0x86, 0x35, 0x52, 0xBF, 0x46,
    0x0A, 0x6B, 0xA4, 0xF0, 0x1C, 0x92, 0x5F, 0x23, 0x39, 0xB6, 0x29, 0x47, 0x75, 0x00, 0x6F, 0x6B,
    0xB6, 0x59, 0xA7, 0xF6, 0xDB, 0xA9, 0x07, 0xBD, 0xF5, 0xDC, 0x64, 0x7B, 0xC1, 0x5B, 0x9F, 0xC7,
    0x32, 0xA2, 0xBF, 0x1A, 0x65, 0xA4, 0xFA, 0x8F, 0x7D, 0x26, 0xDF, 0xEF, 0x33, 0x20, 0x7D, 0x2C,
    0x7A, 0x94, 0x8D, 0x65, 0x40, 0xFD, 0xFD, 0x20, 0x02, 0xF5, 0x07, 0x7D, 0x86, 0xB8, 0xF5, 0xF5,
    0xF7, 0x3D, 0x5A, 0x24, 0xE9, 0xF2, 0x26, 0xB8, 0x99, 0xFA, 0x6E, 0x3B, 0xF5, 0xED, 0xFF, 0x9E,
    0x7A, 0x77, 0x15, 0xE8, 0x7B, 0xA0, 0x75, 0x40, 0x0D, 0x00, 0x80, 0xEC, 0x80, 0xC6, 0x02, 0x3A,
    0xBB, 0xA5, 0x83, 0xE2, 0x57, 0x0E, 0xC4, 0xCF, 0x3D, 0xC8, 0x4F, 0x03, 0xA8, 0x5B, 0x01, 0x9A,
    0xB2, 0x87, 0x36, 0xF5, 0x90, 0xD2, 0x40, 0xD1, 0xE7, 0x7A, 0xF0, 0x44, 0xEA, 0xBE, 0x4A, 0x46,
    0x0F, 0x2A, 0x75, 0xBC, 0xF7, 0x36, 0xDC, 0xD8, 0x83, 0x45, 0x80, 0xDA, 0x82, 0x32, 0x9C, 0x5D,
    0x07, 0x0B, 0xCA, 0x14, 0x99, 0xCA, 0x75, 0xDE, 0x12, 0x75, 0xD1, 0xE7, 0x42, 0xCD, 0x65, 0x9A,
    0x8B, 0x94, 0xA9, 0x44, 0x99, 0x0A, 0x94, 0xBA, 0xEB, 0x29, 0xDC, 0x0D, 0x9E, 0xF4, 0x2C, 0x2D,
    0x0D, 0xC0, 0x5C, 0xA8, 0x8E, 0x16, 0x4E, 0xE1, 0x64, 0x5B, 0x18, 0xB9, 0x14, 0x73, 0x3D, 0xE4,
    0xBB, 0x0A, 0x34, 0x03, 0xCB, 0xC8, 0x77, 0x44, 0xA7, 0x14, 0xD5, 0x88, 0x18, 0x28, 0x02, 0x9B,
    0xE4, 0x3A, 0xB4, 0xA7, 0x72, 0x48, 0x8B, 0x9A, 0xEE, 0x8E, 0xC6, 0xA0, 0x41, 0x5F, 0x47, 0x07,
    0x9A, 0x0E, 0x2E, 0x95, 0x0E, 0xF5, 0x17, 0x1D, 0x62, 0x84, 0xA2, 0x07, 0x00, 0xB9, 0x82, 0x65,
    0x72, 0xB9, 0x7F, 0xC9, 0x50, 0x0D, 0xB5, 0x13, 0x31, 0x37, 0x2F, 0x6D, 0xB2, 0x89, 0x98, 0x3B,
    0x57, 0x6E, 0x5C, 0xB9, 0x6F, 0xE5, 0xB6, 0x95, 0xBB, 0x56, 0x6E, 0x5A, 0xB9, 0x67, 0x4D, 0x99,
    0xC8, 0x89, 0x58, 0x04, 0x6A, 0xB7, 0xCD, 0x42, 0xDB, 0x89, 0x14, 0xA6, 0xEE, 0x55, 0x9B, 0xA8,
    0x89, 0xD3, 0xAC, 0x4D, 0x9D, 0xEB, 0x40, 0x04, 0xAD, 0x5C, 0x93, 0x8C, 0x1C, 0xE0, 0xCD, 0xD2,
    0x81, 0xFA, 0xD0, 0x40, 0x35, 0xC2, 0x96, 0x3F, 0xB7, 0x2F, 0x9A, 0x41, 0x8E, 0x17, 0xD0, 0xBE,
    0xAE, 0x5F, 0x81, 0x7B, 0x47, 0x64, 0x36, 0x9A, 0xE7, 0xE7, 0xA8, 0xB1, 0x0B, 0x5E, 0xB8, 0xA5,
    0x55, 0xC9, 0x6E, 0x1C, 0x00, 0x3B, 0xA5, 0x61, 0xCA, 0xA0, 0x05, 0xA5, 0xCC, 0xC5, 0x53, 0xEB,
    0x71, 0x6D, 0x00, 0x77, 0xEF, 0x42, 0x8C, 0x10, 0xFA, 0xF3, 0x53, 0x53, 0x74, 0x40, 0x9D, 0xDD,
    0x9F, 0x64, 0xEA, 0x1D, 0xA0, 0xFE, 0xB0, 0x83, 0x77, 0x14, 0x17, 0x4F, 0xCD, 0x6B, 0xC0, 0x0D,
    0x20, 0x82, 0xF0, 0x20, 0x0C, 0x3C, 0xBA, 0x4B, 0xF1, 0x6C, 0x80, 0x10, 0xCE, 0x4F, 0x2F, 0x3E,
    0xEA, 0xA0, 0xFC, 0x4F, 0x80, 0xA3, 0x6F, 0x9F, 0xFE, 0xF2, 0x15, 0xB8, 0x71, 0x04, 0xB5, 0x07,
    0xD9, 0xBD, 0x1C, 0x79, 0x09, 0x20, 0x2D, 0x20, 0x02, 0xC0, 0x9D, 0x6F, 0x1F, 0xFF, 0x5D, 0xE0,
    0x11, 0x70, 0x0C, 0x34, 0x40, 0xC5, 0x4B, 0xBD, 0x42, 0xB1, 0x42, 0x26, 0xDB, 0xFC, 0xC0, 0x7D,
    0x37, 0xB7, 0x5C, 0x5F, 0x26, 0x57, 0x7F, 0x64, 0x6F, 0xAA, 0x6E, 0xAF, 0xA5, 0x8D, 0x34, 0x1E,
    0xF2, 0xB8, 0x71, 0x00, 0xDC, 0xBE, 0x0C, 0x0C, 0x11, 0x08, 0xFD, 0xC5, 0xEF, 0xB5, 0xCD, 0x6A,
    0x5B, 0x11, 0xF7, 0xEE, 0x41, 0x8C, 0xD0, 0xF7, 0xE7, 0xDE, 0x6B, 0x41, 0x0F, 0x6C, 0xA9, 0x37,
    0x84, 0xCA, 0x66, 0xC7, 0xB7, 0x4B, 0x2D, 0x2C, 0xC8, 0x6C, 0xDD, 0xB9, 0xA9, 0xB7, 0x64, 0xC9,
    0x9E, 0x79, 0x00, 0xEA, 0x94, 0x32, 0x53, 0x4A, 0x19, 0x6F, 0x14, 0x0E, 0xD4, 0x71, 0x0E, 0x74,
    0x6D, 0x0F, 0x60, 0x2F, 0x02, 0x45, 0x48, 0x11, 0xC4, 0xE7, 0x69, 0x00, 0x75, 0x3F, 0x00, 0x4D,
    0xCA, 0x7E, 0x99, 0xC2, 0xAB, 0x14, 0x83, 0xF0, 0x0A, 0xE1, 0x2B, 0x77, 0x8D, 0x3A, 0x34, 0x69,
    0xA4, 0x0D, 0xCB, 0x14, 0xD7, 0x5B, 0xDD, 0x36, 0x0E, 0xB4, 0xF7, 0x63, 0x99, 0x52, 0x92, 0x7E,
    0xD4, 0x13, 0xED, 0x42, 0x17, 0x4F, 0x06, 0x2D, 0x92, 0x3B, 0xA8, 0xC6, 0x89, 0x36, 0xBC, 0x71,
    0xB0, 0xE8, 0xF7, 0xA6, 0xA5, 0xD3, 0xD7, 0x5D, 0xDB, 0xB1, 0x93, 0x0E, 0x69, 0x53, 0x28, 0x57,
    0x7F, 0x10, 0xAA, 0xBE, 0x08, 0xCA, 0x15, 0xAE, 0xB1, 0xA0, 0x0D, 0x68, 0xB2, 0x2D, 0xFB, 0x96,
    0x36, 0x68, 0x23, 0xAD, 0xB6, 0x69, 0xA8, 0x9F, 0x2D, 0x9D, 0x4C, 0xA9, 0x63, 0xF9, 0x0C, 0x80,
    0x99, 0xCD, 0x50, 0xA5, 0x5F, 0x83, 0xFA, 0x69, 0x80, 0x3A, 0x53, 0xD7, 0x39, 0xE5, 0xEA, 0x63,
    0x0B, 0xD5, 0x0A, 0xA8, 0xFC, 0xD9, 0xBC, 0x0D, 0xC0, 0xB8, 0xEC, 0xA8, 0xFE, 0xF5, 0x0F, 0xE7,
    0xF3, 0x7D, 0xA4, 0x72, 0xC2, 0x52, 0xAE, 0x96, 0x06, 0xDA, 0x1E, 0xA8, 0x8A, 0x40, 0xF5, 0x63,
    0x4B, 0x99, 0x80, 0x23, 0x00, 0x5E, 0x0C, 0x72, 0xB9, 0x81, 0x54, 0xB6, 0x7E, 0xB6, 0x6B, 0xD7,
    0x90, 0x03, 0x14, 0x5D, 0xA0, 0xFC, 0xD4, 0x51, 0x24, 0x03, 0x2B, 0x60, 0x0F, 0xB6, 0x53, 0xD4,
    0xD3, 0x2E, 0x1F, 0x10, 0x1B, 0x8A, 0x3E, 0x9B, 0x86, 0x55, 0x84, 0xD6, 0xC3, 0x3E, 0x30, 0x02,
    0xC9, 0x21, 0x53, 0x44, 0x17, 0x2B, 0xF6, 0x59, 0xD0, 0x7E, 0x6F, 0x44, 0xA7, 0x9E, 0x2A, 0x75,
    0x20, 0xBA, 0x47, 0x20, 0x7E, 0xEA, 0x81, 0x64, 0x80, 0x7D, 0x00, 0xA0, 0x4C, 0xBF, 0x4C, 0x5D,
    0x99, 0xEE, 0x27, 0x38, 0x28, 0x07, 0x38, 0x91, 0x0E, 0xC6, 0xC6, 0x40, 0x8C, 0x40, 0x0A, 0x50,
    0x24, 0x07, 0x65, 0x0A, 0x20, 0x7E, 0x35, 0x80, 0x08, 0x63, 0x76, 0xAD, 0xA1, 0xF2, 0xDA, 0xD1,
    0x0C, 0x6A, 0x60, 0x19, 0xCB, 0x1E, 0xF1, 0x81, 0x15, 0x9F, 0x99, 0x72, 0x84, 0x1E, 0x40, 0xF6,
    0x34, 0x3D, 0xF3, 0x29, 0x1B, 0xE1, 0xA9, 0xBE, 0x08, 0xF2, 0x67, 0x83, 0x1A, 0x06, 0xE5, 0x7A,
    0x75, 0xDF, 0xD7, 0x9F, 0x74, 0x4D, 0x44, 0x4F, 0x9C, 0xBA, 0xDB, 0x57, 0xC3, 0xB1, 0x08, 0x2F,
    0x78, 0x52, 0xE8, 0x9F, 0x3F, 0x29, 0xC4, 0x35, 0xDE, 0x25, 0x58, 0xAB, 0x9B, 0x0E, 0x9A, 0xEE,
    0x37, 0x1C, 0x12, 0x6C, 0x3E, 0x24, 0x44, 0xB8, 0x03, 0x9E, 0xC2, 0x51, 0x3C, 0x83, 0xE3, 0x6D,
    0x15, 0xE4, 0xEA, 0x02, 0x2E, 0x96, 0x25, 0xE6, 0x1B, 0xE0, 0xFC, 0x5C, 0x6F, 0x0A, 0x8B, 0xAA,
    0x0D, 0x55, 0x84, 0x32, 0x00, 0x50, 0xA4, 0x64, 0xCB, 0xC9, 0x84, 0x6B, 0x8C, 0xB0, 0x27, 0x14,
    0x1F, 0x0C, 0x20, 0x3D, 0xD4, 0x1E, 0x9A, 0x08, 0xC5, 0x08, 0x9C, 0xF0, 0xFA, 0x64, 0x0B, 0x22,
    0xFA, 0xE3, 0x9E, 0x26, 0x79, 0xAA, 0x15, 0xE4, 0x83, 0x1D, 0x4A, 0x81, 0x3C, 0x06, 0xD1, 0x43,
    0xE9, 0x39, 0xBB, 0x52, 0xB2, 0x45, 0x4A, 0x5D, 0xE9, 0x34, 0x45, 0xB7, 0x89, 0x27, 0x1D, 0xD4,
    0x1D, 0xE8, 0x1E, 0x76, 0x22, 0xB0, 0x7E, 0x76, 0xB6, 0x2B, 0x44, 0xF4, 0xF7, 0xF3, 0xB3, 0xDD,
    0xFA, 0xD9, 0x85, 0x7D, 0xB8, 0x16, 0x9D, 0xDF, 0x74, 0xB0, 0x04, 0x6E, 0x70, 0x76, 0x95, 0x11,
    0x64, 0x04, 0xB2, 0x6D, 0xE4, 0x4F, 0x19, 0x40, 0x6C, 0xAC, 0xF2, 0xEB, 0x58, 0xCA, 0x82, 0xEA,
    0xA0, 0x36, 0x5C, 0x69, 0x41, 0x47, 0x68, 0xFC, 0x5A, 0xD2, 0x57, 0x13, 0xDB, 0x64, 0x5E, 0x4E,
    0x9C, 0x59, 0x3F, 0x2B, 0xD3, 0x9A, 0x2C, 0xA0, 0x15, 0x2B, 0x66, 0x49, 0x2F, 0xE2, 0x5A, 0xCA,
    0xCB, 0xB0, 0x1E, 0x1B, 0xB7, 0x96, 0xF4, 0xAD, 0x59, 0x4B, 0xFA, 0x15, 0xB3, 0x8C, 0x16, 0x71,
    0x2D, 0xE9, 0x65, 0xB8, 0x34, 0x0B, 0xE9, 0xDA, 0xD5, 0x64, 0x25, 0xDD, 0x66, 0xA9, 0x96, 0x12,
    0x29, 0x8D, 0x59, 0xD2, 0x4F, 0x16, 0x01, 0x80, 0x75, 0x7C, 0x20, 0x87, 0x87, 0xFF, 0x43, 0xBD,
    0x4F, 0x3A, 0x7A, 0xAD, 0xDE, 0xE7, 0x61, 0x52, 0xD2, 0x39, 0xF0, 0x24, 0xA5, 0x73, 0xDC, 0x49,
    0x4B, 0xE7, 0xB0, 0x0C, 0x73, 0x54, 0xE1, 0xE7, 0xA0, 0xAA, 0x73, 0x39, 0xE6, 0xA4, 0xA7, 0xD7,
    0x21, 0x5D, 0x8E, 0x78, 0xAF, 0xDD, 0x24, 0x0E, 0x91, 0x00, 0xD0, 0xF0, 0xD2, 0x8A, 0xFD, 0x17,
    0x61, 0xDA, 0xEE, 0x97, 0x69, 0xA3, 0xD8, 0xA1, 0xE8, 0x40, 0x59, 0x58, 0x76, 0xF0, 0xF8, 0xE5,
    0xF7, 0x2C, 0x8A, 0x0E, 0x84, 0x03, 0x69, 0x41, 0x01, 0x6F, 0x5C, 0xCC, 0x7E, 0xC5, 0x21, 0x50,
    0x0C, 0x00, 0x4B, 0x80, 0xCA, 0x00, 0xC0, 0xAC, 0x48, 0x67, 0x3D, 0x9A, 0xD5, 0xE8, 0x46, 0x8B,
    0x66, 0x71, 0x9C, 0x75, 0xE8, 0x5A, 0x85, 0x66, 0x0D, 0xBA, 0x56, 0xA0, 0x59, 0x7F, 0xCE, 0xEA,
    0x73, 0xD6, 0x9E, 0x93, 0x53, 0x6B, 0xDD, 0x39, 0xAB, 0x4E, 0xF8, 0xDD, 0x4D, 0x5A, 0x35, 0xA0,
    0x3A, 0x28, 0xBB, 0x8D, 0x88, 0x9C, 0x25, 0x64, 0x16, 0x90, 0x59, 0x3E, 0x66, 0xF1, 0x98, 0xA5,
    0x63, 0x16, 0x8E, 0x59, 0x36, 0x66, 0xD1, 0x68, 0xB4, 0x48, 0x2C, 0xD6, 0x78, 0x97, 0x81, 0x6A,
    0x00, 0xDE, 0xD9, 0x20, 0x82, 0x74, 0xC0, 0xD5, 0x00, 0xBC, 0x77, 0x07, 0x78, 0xFF, 0x21, 0xD0,
    0xB8, 0xB3, 0xC6, 0x9F, 0x5D, 0x6E, 0xFC, 0x65, 0x6E, 0xFC, 0xD5, 0xA7, 0xFE, 0xAC, 0xF1, 0x07,
    0xD0, 0xBF, 0xB1, 0xF1, 0xF3, 0x47, 0x50, 0xF5, 0xDB, 0x50, 0xD2, 0xC3, 0x3B, 0x8F, 0xE0, 0xFD,
    0xF7, 0xE0, 0xE6, 0x43, 0x50, 0xF6, 0xB7, 0x3A, 0x04, 0x94, 0x06, 0xA0, 0xB6, 0x00, 0xC9, 0x00,
    0xC5, 0x63, 0xBE, 0xF5, 0xA3, 0xC0, 0x1C, 0xB5, 0xDA, 0xD4, 0xFB, 0x35, 0xE0, 0xBB, 0xE7, 0x3F,
    0x12, 0xC0, 0x21, 0x50, 0x79, 0x36, 0xA9, 0xFD, 0x5B, 0xCE, 0xDA, 0xDA, 0x9F, 0x76, 0xB9, 0x9A,
    0x0D, 0xE9, 0xE3, 0x91, 0x32, 0x16, 0x23, 0x55, 0x10, 0x2B, 0xA4, 0x57, 0x4B, 0x94, 0xDB, 0x6B,
    0xA7, 0xD9, 0x0C, 0x4B, 0xEA, 0x1F, 0x77, 0x2B, 0xEA, 0x7F, 0x26, 0xA2, 0x86, 0x72, 0x72, 0x41,
    0x06, 0xD4, 0xB3, 0xD6, 0xAD, 0xFF, 0xF4, 0xEE, 0xEE, 0x36, 0x0D, 0xAF, 0x03, 0x35, 0xB0, 0x00,
    0x8E, 0x80, 0x07, 0x00, 0x50, 0x7F, 0x69, 0x49, 0xC9, 0x88, 0xFE, 0x94, 0xCA, 0x2D, 0x51, 0x9F,
    0x26, 0xD4, 0x9F, 0x2F, 0xA8, 0x87, 0x13, 0x6A, 0x17, 0xA7, 0xFF, 0xF7, 0xE8, 0xE4, 0xF8, 0x9B,
    0x15, 0x00, 0xB0, 0xF3, 0x2A, 0x6C, 0xB4, 0xE9, 0x4F, 0x2C, 0x14, 0x4F, 0x03, 0x70, 0xE7, 0xF6,
    0xC5, 0x1F, 0x11, 0x7F, 0xD4, 0xC1, 0x2F, 0x2D, 0x3C, 0x75, 0x70, 0xD7, 0xC3, 0xE5, 0x43, 0xCE,
    0xBF, 0x32, 0x6A, 0x07, 0x2C, 0x7B, 0xC0, 0x3F, 0x02, 0xCC, 0xF5, 0x8B, 0xE7, 0x94, 0x1E, 0xF4,
    0x00, 0x0F, 0x6F, 0x80, 0xB9, 0x7C, 0x7E, 0xC6, 0x77, 0xDF, 0x85, 0xBD, 0x2C, 0xC4, 0x17, 0x39,
    0xAF, 0x50, 0xDE, 0xDA, 0xCC, 0x7F, 0x0A, 0xD9, 0x38, 0x28, 0x3C, 0x27, 0x85, 0x23, 0x62, 0x88,
    0x40, 0x5A, 0x51, 0xA4, 0x48, 0x06, 0x5B, 0xF7, 0x9E, 0x72, 0x32, 0x69, 0x2A, 0x5F, 0xE7, 0x39,
    0x67, 0x99, 0x46, 0x8A, 0x8F, 0x10, 0x3F, 0xA1, 0xFC, 0xA7, 0x8E, 0x9F, 0x5B, 0xFE, 0xB2, 0x03,
    0xC8, 0x9F, 0x3A, 0x9D, 0xFC, 0x47, 0x57, 0x57, 0x76, 0xD1, 0x18, 0x1D, 0x69, 0x3B, 0xF6, 0x8B,
    0x4E, 0xCB, 0x4E, 0xAF, 0x90, 0x3D, 0x70, 0x0A, 0x22, 0xBF, 0x4E, 0x65, 0x79, 0xAD, 0x34, 0x2F,
    0x8B, 0x40, 0x6D, 0x49, 0xA1, 0x70, 0xA1, 0xE0, 0xF0, 0x45, 0xE2, 0xBF, 0xFE, 0x1A, 0x4A, 0x21,
    0x3F, 0xB3, 0x79, 0x4B, 0x79, 0x70, 0x78, 0xDE, 0xCF, 0x3D, 0x6F, 0x5C, 0xBF, 0x7A, 0xF7, 0x9D,
    0x3D, 0x75, 0x65, 0xE7, 0x0D, 0x78, 0xCB, 0x69, 0x5F, 0x39, 0x69, 0x95, 0x55, 0xDD, 0x14, 0x0A,
    0x7D, 0x5D, 0x87, 0xA6, 0xA3, 0x76, 0x6C, 0x80, 0x6E, 0x9F, 0xF7, 0xE9, 0xC5, 0x88, 0x4C, 0xBC,
    0xA9, 0xCC, 0x2B, 0x3B, 0x2F, 0xF6, 0x19, 0xE9, 0xDD, 0xDB, 0x70, 0xD4, 0xC3, 0xFE, 0x1E, 0xD4,
    0x0D, 0x54, 0x3B, 0x2F, 0xFF, 0x29, 0xE9, 0x47, 0x5D, 0x2E, 0x87, 0xAF, 0x1D, 0xF7, 0x3C, 0x97,
    0x7F, 0xF8, 0x42, 0xDF, 0x91, 0x8A, 0x53, 0xA8, 0x92, 0xE1, 0x92, 0xEC, 0x78, 0x4D, 0xBC, 0x3C,
    0x82, 0xF4, 0xE8, 0x98, 0x17, 0xBA, 0xB9, 0xFC, 0x42, 0xF1, 0x0F, 0x3B, 0x78, 0x12, 0xE0, 0x78,
    0x80, 0x6B, 0x37, 0xE1, 0x3B, 0xAF, 0x03, 0xC0, 0x27, 0x23, 0x55, 0x4A, 0xF6, 0xD5, 0xD3, 0xDA,
    0x71, 0x2A, 0x3D, 0x27, 0x93, 0x45, 0xE5, 0x88, 0x4D, 0x57, 0xA4, 0x31, 0xCF, 0x0D, 0xE2, 0x69,
    0x9E, 0x85, 0x38, 0xD9, 0x29, 0x95, 0xD7, 0x5D, 0x33, 0xD4, 0x61, 0x19, 0xAB, 0x50, 0xFC, 0x19,
    0xE2, 0xB3, 0xED, 0xD2, 0x9E, 0x9B, 0x5D, 0xD0, 0x5F, 0x05, 0xF1, 0x5F, 0xA1, 0x8A, 0xC8, 0x80,
    0xF2, 0x28, 0x4B, 0x6D, 0x69, 0x0C, 0x0D, 0x68, 0xA0, 0x88, 0xA0, 0x12, 0xBC, 0xAD, 0xE0, 0x77,
    0x76, 0x5E, 0x1A, 0x81, 0x66, 0xBB, 0xB4, 0x5F, 0x28, 0xFE, 0xED, 0x1F, 0x02, 0x7D, 0x0F, 0xEC,
    0x1D, 0x03, 0x75, 0x03, 0x54, 0x3B, 0x17, 0xFF, 0xA9, 0x23, 0xE7, 0x23, 0xA7, 0x25, 0xAF, 0x13,
    0xFE, 0xD8, 0xC3, 0xBB, 0x87, 0xE7, 0xFF, 0x42, 0x53, 0x8C, 0x80, 0x4C, 0x06, 0x2E, 0x49, 0x03,
    0xAF, 0x88, 0x8B, 0xE7, 0xDC, 0x6E, 0x99, 0xF7, 0xA0, 0x7B, 0xEF, 0xFC, 0x8C, 0xF5, 0x33, 0x48,
    0x89, 0x72, 0xDC, 0x45, 0x04, 0x35, 0xD9, 0xEB, 0x88, 0x11, 0xCA, 0xD4, 0xC1, 0x32, 0x40, 0x1D,
    0x27, 0xEE, 0xC8, 0x55, 0xE2, 0x5A, 0x3F, 0xFC, 0xD5, 0x80, 0x4E, 0x81, 0x9D, 0x95, 0x01, 0x80,
    0x23, 0xE0, 0x78, 0x63, 0x01, 0x4A, 0x37, 0x03, 0x14, 0xC9, 0x8B, 0x2F, 0x7D, 0xE5, 0x11, 0x71,
    0x16, 0xB0, 0xDA, 0xFE, 0x9E, 0xB2, 0xFA, 0x43, 0xAB, 0x13, 0x72, 0x00, 0x28, 0x1D, 0xA5, 0x47,
    0x58, 0x24, 0xE8, 0x94, 0x7C, 0x9B, 0x92, 0xDB, 0x6B, 0x6E, 0xB9, 0x23, 0x7D, 0xCB, 0xDE, 0xD1,
    0xC2, 0xD0, 0x02, 0xA7, 0xC0, 0x09, 0x30, 0x02, 0x11, 0x8A, 0x08, 0xE5, 0x00, 0x65, 0x0F, 0x6F,
    0xAD, 0x40, 0x27, 0x38, 0xFB, 0x29, 0xD3, 0x6E, 0x8E, 0x0F, 0x06, 0xAE, 0x02, 0x3C, 0xA2, 0x08,
    0x88, 0xC0, 0x5B, 0xC9, 0xB6, 0xC9, 0x6C, 0x37, 0x18, 0x4B, 0xDD, 0xD1, 0x7C, 0x8F, 0xE6, 0x07,
    0x34, 0x2B, 0xD4, 0x63, 0x00, 0x69, 0x50, 0xD3, 0x0D, 0xEF, 0x03, 0xBB, 0x3D, 0x65, 0x5A, 0x21,
    0x7C, 0x8B, 0xB0, 0x9A, 0xB2, 0xD3, 0x6B, 0x0A, 0x31, 0xC0, 0x6E, 0xA0, 0x4A, 0x91, 0xF2, 0xC1,
    0xB8, 0x25, 0xCB, 0x54, 0x55, 0x0F, 0xBB, 0x9E, 0x65, 0x7E, 0xD3, 0xC7, 0x40, 0xED, 0x49, 0x51,
    0xF4, 0x27, 0xC2, 0xEE, 0x17, 0xE6, 0x38, 0x43, 0xEF, 0x86, 0x5C, 0x06, 0xBF, 0x1E, 0x60, 0xF3,
    0xEB, 0x13, 0x55, 0xA0, 0xCD, 0xF9, 0x68, 0x1E, 0x03, 0x0F, 0x32, 0xF3, 0x70, 0x04, 0x68, 0x07,
    0xA8, 0xB3, 0xF3, 0x6D, 0x48, 0x7D, 0x99, 0x0E, 0x97, 0x9E, 0x16, 0x6D, 0x38, 0x45, 0xC3, 0x98,
    0x5D, 0xA4, 0x85, 0x34, 0x37, 0x8F, 0x5C, 0x62, 0x3D, 0x11, 0x31, 0x77, 0xD4, 0x50, 0xAC, 0xA5,
    0x05, 0x95, 0x17, 0x3D, 0x53, 0x9D, 0x8D, 0x2C, 0xA3, 0x5E, 0xFD, 0x3F, 0x7A, 0xFC, 0x6C, 0x7B,
    0xFE, 0xA2, 0x97, 0x3F, 0x8B, 0x2A, 0x46, 0x15, 0xA2, 0x72, 0xC3, 0xB4, 0x5A, 0x9A, 0x5B, 0x41,
    0x8B, 0xE9, 0xFE, 0xB7, 0x83, 0x6A, 0x75, 0x2C, 0xFA, 0xFF, 0x01, 0x25, 0x8F, 0x01, 0x66, 0x33,
    0x41, 0x1C, 0x47, 0x7F, 0xF9, 0x36, 0xB2, 0x7C, 0xA3, 0xDD, 0x45, 0xB0, 0x48, 0x33, 0x45, 0x10,
    0x6C, 0x32, 0x41, 0x55, 0xCA, 0x7F, 0x36, 0x73, 0x81, 0xDE, 0x61, 0x8F, 0x90, 0x12, 0xAC, 0x9A,
    0xCD, 0xCE, 0x0D, 0x9A, 0xA3, 0x14, 0x5B, 0x56, 0x35, 0xEC, 0x11, 0xE6, 0x08, 0x7B, 0x84, 0x51,
    0xC1, 0x62, 0x42, 0xB7, 0xEA, 0x01, 0x78, 0xBC, 0x97, 0xA3, 0xC7, 0x19, 0x02, 0x21, 0x02, 0x30,
    0xC3, 0x95, 0xC4, 0x06, 0xFF, 0x3A, 0xE6, 0x78, 0x43, 0x54, 0x27, 0xE2, 0xB9, 0xBA, 0xBE, 0xF4,
    0x3B, 0x5F, 0xF9, 0xC5, 0x58, 0xCF, 0x76, 0x3D, 0xB7, 0xE3, 0xEC, 0x5C, 0xA4, 0x69, 0x59, 0x16,
    0x05, 0xB7, 0x47, 0xB7, 0x77, 0x41, 0x3B, 0xC7, 0x0D, 0xB8, 0x79, 0xED, 0xDE, 0xBB, 0x4F, 0x2B,
    0x54, 0x30, 0x01, 0x7B, 0x53, 0x5C, 0x80, 0x34, 0x36, 0x39, 0x16, 0xB7, 0x44, 0x6B, 0x17, 0x59,
    0x66, 0xF2, 0xF6, 0xDB, 0x7E, 0x74, 0x5B, 0x37, 0xCD, 0x43, 0x27, 0xFC, 0x81, 0x54, 0xF2, 0x3F,
    0x2D, 0xEA, 0xBE, 0xE1, 0xE0, 0x2A, 0x52, 0x1C, 0x84, 0x03, 0xD6, 0x90, 0xD0, 0x03, 0x84, 0x19,
    0x52, 0x49, 0x87, 0x3D, 0xE6, 0x42, 0x36, 0xA7, 0xD5, 0xF1, 0x2B, 0x5E, 0xAD, 0xCA, 0x52, 0xEB,
    0x38, 0x8E, 0xCC, 0x53, 0xBB, 0xB7, 0x8F, 0xAD, 0x50, 0x6C, 0xD0, 0x22, 0x2C, 0x11, 0x99, 0xB0,
    0x0D, 0x0C, 0xC7, 0x14, 0x93, 0x41, 0xDB, 0x22, 0x53, 0x42, 0xAD, 0x33, 0xA9, 0xF5, 0xB0, 0x71,
    0x11, 0xBA, 0xB9, 0x03, 0x80, 0xBF, 0x7C, 0x76, 0xFA, 0x1D, 0xBA, 0xAF, 0x77, 0xD7, 0xCA, 0x87,
    0x17, 0xE1, 0x1F, 0x28, 0x4E, 0x90, 0x40, 0xC2, 0x8F, 0xBA, 0x91, 0x01, 0x96, 0x4B, 0xEF, 0xEB,
    0x9A, 0x40, 0xC8, 0x06, 0x7E, 0x00, 0xB5, 0x9B, 0x01, 0x88, 0x25, 0xC7, 0x99, 0xDF, 0x7F, 0xDD,
    0xB5, 0x56, 0x9F, 0x69, 0x59, 0x25, 0x92, 0x0B, 0x67, 0x58, 0x9F, 0x3A, 0x81, 0x04, 0x4C, 0xB2,
    0xDA, 0x36, 0xE4, 0x00, 0x5D, 0xBC, 0xF3, 0xAA, 0x25, 0x01, 0x0B, 0x88, 0xB0, 0x02, 0x42, 0x0E,
    0x30, 0x60, 0x03, 0x01, 0x00, 0x80, 0x15, 0x44, 0xE4, 0x04, 0xCC, 0xBC, 0x6E, 0xAD, 0x09, 0x02,
    0x8E, 0x60, 0x01, 0x70, 0x06, 0xEE, 0x48, 0x0E, 0x38, 0x00, 0x72, 0xC9, 0x65, 0x81, 0x3D, 0x6E,
    0x12, 0xE6, 0xCD, 0x2B, 0xED, 0x02, 0x02, 0x0C, 0x51, 0xAF, 0x1C, 0xA2, 0x03, 0x85, 0xB8, 0x64,
    0xE9, 0xAC, 0x83, 0xC3, 0xB7, 0xB5, 0x72, 0xC9, 0xEA, 0xD5, 0x56, 0xBF, 0xBA, 0xAA, 0xEE, 0x37,
    0x63, 0x8D, 0xEC, 0xB5, 0x76, 0x35, 0x2B, 0x51, 0xFF, 0x3F, 0xD2, 0x9B, 0xAE, 0xAE, 0xAF, 0xEB,
    0xFB, 0xEA, 0xFB, 0xBE, 0xFA, 0xAA, 0x84, 0x68, 0xA0, 0x30, 0x90, 0x7B, 0xE0, 0x49, 0x00, 0xF2,
    0x10, 0x6C, 0x02, 0xCB, 0xCC, 0xB0, 0xCA, 0x7A, 0x3C, 0x4D, 0x04, 0x84, 0x0D, 0x59, 0xF0, 0xE4,
    0x0E, 0x84, 0x4D, 0xC8, 0x23, 0xCA, 0xA6, 0x30, 0x15, 0x75, 0x08, 0xAC, 0xC3, 0x08, 0xE2, 0x86,
    0xA6, 0xFC, 0x41, 0x4F, 0xF9, 0x4A, 0x77, 0xDA, 0x77, 0xA9, 0x10, 0x4C, 0x1B, 0x42, 0xBF, 0x5B,
    0x3F, 0xAB, 0xAF, 0x29, 0xA1, 0xFF, 0xB1, 0xCA, 0x60, 0x09, 0xAC, 0x37, 0x10, 0x82, 0xC6, 0x4B,
    0x83, 0x2F, 0x6C, 0x36, 0xC4, 0xDE, 0x43, 0x61, 0x85, 0x2B, 0xCC, 0xD9, 0xB1, 0xEC, 0xD5, 0x46,
    0x6A, 0xA8, 0x3B, 0x76, 0xD6, 0xD0, 0x7A, 0xA8, 0x7B, 0x20, 0x6F, 0xA0, 0xEA, 0x20, 0x40, 0xFE,
    0x1E, 0x9F, 0x90, 0xCD, 0xB0, 0x14, 0x86, 0x43, 0xD1, 0x33, 0x0A, 0x8D, 0x87, 0x84, 0x6C, 0x80,
    0x3C, 0x42, 0x1C, 0xCB, 0x37, 0x4F, 0x53, 0x3D, 0xC2, 0x3A, 0x82, 0x72, 0xD3, 0xB0, 0x0E, 0xBD,
    0xD8, 0x7C, 0xAB, 0x2F, 0x8D, 0xD0, 0x95, 0x16, 0x9D, 0x6A, 0x40, 0x05, 0x4D, 0x1B, 0x3A, 0x5A,
    0x98, 0xA0, 0x1A, 0x81, 0xD2, 0xB2, 0xAB, 0xEE, 0xAC, 0x9B, 0x32, 0xA4, 0xCE, 0x06, 0xAA, 0x3B,
    0x10, 0x02, 0xF9, 0x78, 0x19, 0x61, 0x65, 0xC4, 0x97, 0x11, 0x63, 0x92, 0xA7, 0x83, 0xB5, 0x85,
    0xCA, 0x73, 0x46, 0x78, 0x9E, 0xC4, 0xB3, 0x88, 0x50, 0xDF, 0x1F, 0x50, 0xC1, 0xF2, 0xC8, 0xA6,
    0x21, 0x4F, 0x22, 0xF7, 0xB4, 0x70, 0x08, 0x2B, 0xF0, 0xA9, 0x65, 0x3E, 0xC9, 0x2A, 0x1C, 0xC2,
    0xA6, 0x56, 0x58, 0xEA, 0x81, 0xB5, 0x87, 0x6B, 0xD7, 0xB2, 0x3B, 0x43, 0x66, 0x2D, 0x3C, 0x60,
    0xC7, 0x32, 0x68, 0x8A, 0xD0, 0xFC, 0xDA, 0xA9, 0x28, 0x7B, 0x90, 0x09, 0x1A, 0xAA, 0x79, 0xC2,
    0x51, 0x0D, 0x8F, 0xB7, 0xB0, 0x4C, 0x1F, 0xEA, 0x40, 0x75, 0x80, 0x4C, 0xEA, 0xA7, 0x0C, 0xA1,
    0x83, 0xCC, 0x2E, 0x81, 0xDC, 0xAE, 0x12, 0x1B, 0x0F, 0x08, 0x9D, 0xB8, 0x78, 0x6D, 0xF3, 0x2A,
    0x94, 0x57, 0xC2, 0x08, 0x32, 0x77, 0x2D, 0xD4, 0xC2, 0x26, 0x0D, 0x4E, 0x7C, 0x50, 0x98, 0xBA,
    0xA9, 0x6D, 0x69, 0xD6, 0xA8, 0xFE, 0x72, 0xF0, 0xD4, 0x4D, 0x08, 0xAF, 0x92, 0x87, 0x77, 0x83,
    0x89, 0x7C, 0x25, 0x74, 0xB0, 0xC4, 0x03, 0xAB, 0x89, 0xFD, 0xCC, 0x49, 0x70, 0x42, 0x08, 0x8E,
    0x2C, 0xF2, 0x48, 0xEE, 0x84, 0x6D, 0x11, 0xB6, 0xB0, 0x2A, 0xB1, 0x89, 0x6C, 0xCA, 0x5E, 0x51,
    0x18, 0xA9, 0x37, 0xD4, 0x43, 0x1D, 0x06, 0xD6, 0xC3, 0x3A, 0xBE, 0xF9, 0x97, 0x2D, 0x2F, 0x6F,
    0x66, 0xCB, 0x5B, 0x77, 0xA4, 0xCF, 0x19, 0x85, 0xC5, 0x0B, 0x37, 0x5B, 0x9E, 0x48, 0x96, 0x67,
    0xCF, 0x8E, 0xF5, 0xA0, 0xC6, 0xD6, 0x03, 0x2F, 0x00, 0xB9, 0x05, 0x2A, 0x03, 0xFC, 0x2E, 0xC0,
    0xAC, 0x81, 0xBA, 0x89, 0x3A, 0x0E, 0x1D, 0x4B, 0x71, 0x17, 0x56, 0xA5, 0x86, 0xB1, 0x02, 0xFC,
    0x0E, 0xB0, 0x19, 0x20, 0x0B, 0x91, 0x72, 0xE7, 0x41, 0xD8, 0x55, 0x22, 0x35, 0x51, 0x43, 0x61,
    0x2A, 0x4D, 0x3D, 0x48, 0xCB, 0xDA, 0x0B, 0x03, 0xFC, 0x09, 0x80, 0x07, 0x58, 0x37, 0x40, 0xD1,
    0x1D, 0x8F, 0x11, 0x5C, 0x1E, 0x5E, 0x5D, 0x1B, 0x5A, 0xEA, 0x86, 0x43, 0x5A, 0x18, 0xB3, 0x00,
    0xBE, 0x4C, 0x54, 0x1F, 0x92, 0x0D, 0x7E, 0x24, 0xBF, 0x6B, 0x3C, 0x22, 0x74, 0x91, 0xC6, 0x2C,
    0x92, 0xCB, 0x07, 0x0A, 0x23, 0x1C, 0xF5, 0x70, 0x76, 0xC3, 0xDA, 0xAB, 0x0D, 0x40, 0x47, 0x99,
    0x69, 0xE4, 0xAD, 0x8E, 0x62, 0x04, 0xA0, 0x0A, 0x72, 0x53, 0x0D, 0x65, 0xFA, 0xE2, 0x5E, 0xB8,
    0x52, 0x67, 0x43, 0x35, 0x4B, 0xEF, 0x0F, 0x60, 0x65, 0x41, 0x99, 0x08, 0x0D, 0x35, 0xB0, 0x80,
    0x9D, 0x61, 0xFE, 0xA9, 0x6E, 0x92, 0x68, 0x3F, 0x0E, 0x66, 0x56, 0x56, 0xCB, 0x21, 0xB1, 0xAD,
    0x60, 0xC4, 0x83, 0x9F, 0x28, 0xF3, 0x64, 0x43, 0x3E, 0x90, 0x0F, 0xC9, 0x1E, 0xDD, 0x64, 0x91,
    0x13, 0x15, 0x96, 0xC2, 0x94, 0x86, 0x3A, 0x24, 0xFD, 0x84, 0xE0, 0x41, 0x76, 0x44, 0x6A, 0x12,
    0x01, 0x3C, 0x06, 0xF0, 0x15, 0x00, 0xCA, 0x0E, 0xA8, 0x35, 0xB3, 0x18, 0xAC, 0x7B, 0xC8, 0x3E,
    0x8A, 0x24, 0xDE, 0x35, 0x50, 0xDE, 0xB0, 0x20, 0x9F, 0x8D, 0x54, 0xE7, 0x0E, 0xDA, 0x10, 0x29,
    0xBD, 0x34, 0x73, 0x69, 0x0E, 0x0C, 0x9E, 0xCA, 0x15, 0xA1, 0x51, 0x83, 0x0C, 0x5D, 0x72, 0x0C,
    0x11, 0x3D, 0x4B, 0xA1, 0x59, 0x45, 0xF8, 0x0C, 0x3C, 0xB0, 0xF9, 0xD3, 0x64, 0x4E, 0x44, 0x23,
    0xED, 0x84, 0x95, 0x7A, 0x46, 0xA5, 0x0B, 0xA3, 0x9A, 0x3A, 0x8C, 0xAC, 0x83, 0x21, 0x5B, 0xDF,
    0xA1, 0x08, 0xA1, 0xFB, 0xD2, 0x61, 0xA5, 0x27, 0x35, 0x1F, 0x48, 0x8D, 0xAF, 0x9A, 0xD9, 0xE9,
    0x85, 0x26, 0x77, 0x4A, 0xDF, 0xA3, 0xEF, 0xE9, 0x9C, 0xD2, 0xB4, 0xD4, 0xCA, 0x24, 0x35, 0x56,
    0x41, 0x96, 0x28, 0x37, 0x4B, 0x10, 0x7A, 0x05, 0x85, 0x9E, 0xA6, 0x2E, 0x52, 0x95, 0x45, 0x5A,
    0x64, 0x03, 0xEC, 0xE6, 0x0E, 0xA2, 0x3E, 0xC9, 0x6D, 0xA4, 0x3A, 0x84, 0x0D, 0x2A, 0xD1, 0x0E,
    0xB1, 0x5D, 0x80, 0xDD, 0x44, 0x2F, 0xF1, 0x22, 0xBC, 0x70, 0xBA, 0xB8, 0x70, 0x50, 0x84, 0xA7,
    0x3D, 0xA1, 0xD8, 0x14, 0x9E, 0x5B, 0x4F, 0x3B, 0xE9, 0x29, 0xAE, 0xD8, 0x1D, 0x10, 0xD7, 0xED,
    0x3E, 0xE4, 0x3F, 0xBC, 0x6D, 0x23, 0xDF, 0xBD, 0xAB, 0x49, 0x33, 0x17, 0x59, 0xFE, 0xE0, 0xF5,
    0x1E, 0xD4, 0xA5, 0xA4, 0xB2, 0x8D, 0xBC, 0xE2, 0x10, 0x3E, 0x89, 0x2E, 0x6D, 0xD5, 0x6C, 0x68,
    0xFB, 0x75, 0xDF, 0x36, 0x8A, 0xD0, 0x57, 0x1D, 0x97, 0x1D, 0x79, 0x18, 0x11, 0x1F, 0x06, 0x84,
    0x56, 0xE4, 0x8D, 0x02, 0x56, 0xF0, 0x2F, 0x1C, 0xB4, 0x11, 0xBF, 0x35, 0x02, 0x1B, 0xCE, 0x70,
    0xC8, 0x93, 0x8C, 0xD1, 0x9B, 0x7A, 0xEA, 0x60, 0x92, 0x37, 0x7D, 0xC8, 0xCB, 0xE5, 0x37, 0x00,
    0x7B, 0x01, 0xB2, 0x8D, 0x05, 0xDA, 0x87, 0xBE, 0x24, 0x1F, 0xAA, 0x07, 0x39, 0x36, 0x15, 0x32,
    0xDB, 0x42, 0x6E, 0x97, 0x91, 0xCC, 0x6A, 0xEB, 0x90, 0x8B, 0x44, 0xE5, 0xCB, 0x91, 0x64, 0x3E,
    0xCC, 0xCB, 0x25, 0xF9, 0x62, 0x38, 0x88, 0x54, 0xDB, 0xC2, 0xA2, 0xFA, 0x7A, 0x48, 0x7E, 0xD8,
    0x83, 0x72, 0x51, 0x26, 0x6A, 0x27, 0x36, 0x20, 0x5D, 0xE9, 0xA1, 0x1A, 0xE4, 0x00, 0xE7, 0x87,
    0x27, 0x23, 0x5F, 0xF0, 0x17, 0x22, 0xEF, 0x1E, 0xB8, 0xC8, 0xFB, 0xAB, 0xDB, 0x0E, 0x5C, 0x7B,
    0x33, 0xB2, 0x6D, 0x5F, 0x76, 0xC9, 0x42, 0x73, 0x87, 0x30, 0x8B, 0xC4, 0xFD, 0x39, 0x61, 0xA9,
    0x1C, 0x67, 0x47, 0x94, 0x43, 0x6D, 0x4E, 0x4E, 0x9D, 0x4A, 0x53, 0xA7, 0x60, 0x4C, 0xE4, 0x69,
    0x21, 0x24, 0xBB, 0x9B, 0x1D, 0x3B, 0x69, 0xC2, 0xB2, 0x48, 0x36, 0x1B, 0x22, 0xFD, 0x62, 0xEA,
    0xAA, 0x71, 0xAB, 0x9E, 0x32, 0x62, 0x8A, 0xD7, 0x97, 0x6D, 0x69, 0x8B, 0xA1, 0xEA, 0x85, 0xAF,
    0x75, 0xEE, 0x55, 0x93, 0x20, 0x7C, 0x8B, 0x18, 0x5A, 0x0A, 0xAB, 0x1A, 0x69, 0x95, 0xAE, 0x75,
    0xFD, 0x61, 0x98, 0xE2, 0x75, 0x36, 0xC5, 0x99, 0xD9, 0xF0, 0xE3, 0xBF, 0xB6, 0x73, 0x00, 0x3D,
    0x84, 0x91, 0x11, 0x3C, 0x7E, 0xA6, 0x6C, 0x98, 0x42, 0xE9, 0x14, 0x4C, 0x85, 0xDB, 0x7A, 0xAE,
    0x44, 0x85, 0x99, 0x82, 0xEA, 0x14, 0x56, 0x5B, 0x4F, 0xB6, 0x1E, 0x27, 0xCF, 0x90, 0x2D, 0xAB,
    0x9E, 0xC3, 0xD2, 0x30, 0x46, 0xF8, 0x04, 0xA9, 0x33, 0xAF, 0xBA, 0x3C, 0x6C, 0x10, 0xC1, 0x9C,
    0x5C, 0xDD, 0x77, 0xB6, 0xAB, 0x3B, 0x59, 0x6C, 0x1B, 0x4C, 0xBE, 0xF9, 0xBD, 0xBE, 0x70, 0x42,
    0xCB, 0x5E, 0x74, 0xB5, 0x06, 0xD5, 0x44, 0x30, 0xA3, 0x65, 0xFB, 0xDF, 0xBA, 0x88, 0xFD, 0x5A,
    0xE4, 0xF4, 0x09, 0xFD, 0x27, 0x03, 0x5A, 0xBF, 0xAF, 0x9E, 0xD5, 0x2F, 0x28, 0xD1, 0xD0, 0x02,
    0x87, 0xC0, 0x0A, 0x18, 0xB7, 0x1E, 0x26, 0x22, 0x9F, 0x2C, 0x08, 0xA2, 0xD5, 0xA1, 0xC2, 0xE9,
    0x9C, 0x3E, 0x32, 0xCC, 0xC1, 0x23, 0x77, 0xD3, 0xF4, 0x97, 0x21, 0x0C, 0xF5, 0x8D, 0xDB, 0x5E,
    0x15, 0xC6, 0x2F, 0xCB, 0xDE, 0x2F, 0xE5, 0x6B, 0xBE, 0xBD, 0xF4, 0xBA, 0xAB, 0xA3, 0x6C, 0x45,
    0x18, 0xA1, 0x06, 0xD6, 0xAF, 0x4E, 0x73, 0x90, 0x02, 0x86, 0xCE, 0xC2, 0xCB, 0xA1, 0x41, 0x31,
    0x40, 0xFD, 0x5D, 0x9B, 0xDC, 0x82, 0x86, 0x32, 0x00, 0xC2, 0x27, 0x1A, 0x80, 0xD2, 0x33, 0xFB,
    0x40, 0x76, 0x15, 0x64, 0x4E, 0x35, 0x88, 0xC9, 0xDA, 0x5D, 0xEB, 0x58, 0xBB, 0x30, 0x3C, 0x94,
    0xD8, 0x33, 0xB2, 0x4E, 0x04, 0x1C, 0x00, 0xEC, 0x03, 0xD8, 0x99, 0x5A, 0x1F, 0x86, 0xD6, 0xAD,
    0x8D, 0xD4, 0x75, 0x57, 0x75, 0xAA, 0xA9, 0x3B, 0x45, 0xDD, 0xB4, 0xD4, 0xFA, 0x90, 0x2A, 0x6C,
    0x48, 0x86, 0xC4, 0xBF, 0xF1, 0x90, 0x25, 0x9C, 0x9C, 0xDE, 0x3C, 0xBC, 0x1D, 0x94, 0xCF, 0xC3,
    0x1F, 0x8C, 0x2A, 0xF9, 0x7C, 0x5B, 0x75, 0xAC, 0xA6, 0xA4, 0xC7, 0x47, 0x6E, 0xF0, 0x85, 0x51,
    0xE0, 0xCB, 0x5E, 0x91, 0x0D, 0x52, 0x2F, 0xC9, 0x9D, 0xD4, 0x2B, 0xD2, 0x73, 0xE3, 0xC4, 0x9E,
    0xF4, 0x9C, 0x27, 0x3E, 0x97, 0x0D, 0x49, 0xCE, 0xB0, 0x61, 0x1D, 0xF9, 0x5E, 0x6F, 0xAE, 0x7E,
    0xED, 0x9B, 0x0F, 0x49, 0x4F, 0xAC, 0xEE, 0xF1, 0xE6, 0xD0, 0xAC, 0x27, 0x06, 0xA8, 0x00, 0x38,
    0x0F, 0xC7, 0xDB, 0x86, 0x73, 0xA8, 0xE0, 0x22, 0xCC, 0xA4, 0x86, 0xFD, 0x88, 0x17, 0x96, 0x40,
    0xC2, 0xFA, 0x4F, 0x21, 0xF5, 0xF3, 0x97, 0x75, 0x1C, 0xAB, 0xCF, 0x13, 0xE2, 0x68, 0xE9, 0x3B,
    0xAB, 0x10, 0x50, 0xE1, 0x3D, 0xF2, 0x60, 0x45, 0xE8, 0xE3, 0x62, 0xCF, 0x93, 0x77, 0x83, 0xD5,
    0xD4, 0x3C, 0xC7, 0x2D, 0x8B, 0xBC, 0xF9, 0x93, 0x7C, 0x20, 0x0B, 0x1B, 0xE1, 0xC8, 0xDD, 0xFA,
    0x59, 0x9B, 0x24, 0xFC, 0xEE, 0xC4, 0xAF, 0x4C, 0xFC, 0x9C, 0xA1, 0x30, 0xAD, 0xEC, 0xA9, 0x83,
    0xAF, 0x87, 0x64, 0x70, 0x93, 0xF2, 0x2D, 0xF1, 0xBD, 0xB3, 0x24, 0x2B, 0xC0, 0x73, 0xDF, 0x91,
    0x9C, 0xCB, 0xA9, 0x7F, 0x40, 0x7C, 0xB8, 0xD6, 0x29, 0xC9, 0xCF, 0x9B, 0x29, 0xE3, 0x35, 0xFC,
    0xA3, 0x6F, 0x9B, 0xE9, 0x53, 0xFF, 0xF9, 0xFF, 0xE8, 0xA1, 0xD2, 0x67, 0xA8, 0xBB, 0xF3, 0xB4,
    0xA8, 0x3F, 0x1C, 0xA9, 0x83, 0xE3, 0x91, 0x90, 0x82, 0x8B, 0x39, 0x7B, 0x27, 0x72, 0x17, 0x26,
    0x7F, 0x3D, 0xB6, 0x3D, 0x2B, 0x69, 0xA4, 0x61, 0x55, 0xEB, 0xD2, 0xE2, 0x55, 0x53, 0x58, 0x36,
    0x6B, 0x0A, 0x1B, 0xA5, 0x88, 0x9C, 0xDF, 0x59, 0x53, 0x1A, 0xE1, 0xD6, 0xC8, 0x5E, 0xD8, 0x96,
    0x4A, 0x27, 0xC7, 0x1D, 0x9F, 0x32, 0xF5, 0x4F, 0x36, 0xC9, 0x75, 0x87, 0xE4, 0x44, 0xD2, 0xF4,
    0x24, 0x91, 0xBA, 0xC9, 0xB2, 0x50, 0x57, 0x06, 0x58, 0xE6, 0x0E, 0x0E, 0x85, 0xDD, 0x52, 0x7B,
    0xD1, 0x40, 0x15, 0x7A, 0x28, 0x13, 0xC9, 0x4B, 0x1A, 0x16, 0x32, 0xD2, 0x41, 0xD5, 0xC5, 0xA8,
    0x58, 0x37, 0x28, 0xB3, 0x36, 0xD4, 0xCF, 0x04, 0x0B, 0xCB, 0x05, 0x79, 0xF0, 0x94, 0xEF, 0x78,
    0xAA, 0x6E, 0x40, 0x65, 0x0E, 0x25, 0x2C, 0xCB, 0x22, 0x42, 0x1A, 0x96, 0xFF, 0xEA, 0x7D, 0xD4,
    0x07, 0x1B, 0xAA, 0xCE, 0x01, 0x39, 0x64, 0xEB, 0x86, 0x2A, 0xC0, 0xFA, 0x3D, 0x32, 0x07, 0x42,
    0x43, 0xF9, 0x5F, 0x7A, 0xE4, 0xDA, 0x52, 0xBD, 0x39, 0xA0, 0x1A, 0x8F, 0x62, 0x60, 0x99, 0x0D,
    0x93, 0x58, 0x0B, 0x61, 0x51, 0x93, 0x42, 0x1A, 0xCA, 0x01, 0xB8, 0x1C, 0x75, 0x6C, 0xCB, 0x9B,
    0xB6, 0xCA, 0xEC, 0xE2, 0xAC, 0x56, 0xA1, 0x5F, 0xFE, 0x9E, 0xDD, 0x13, 0x76, 0x51, 0xF6, 0x2A,
    0x74, 0xE5, 0x40, 0xBE, 0x41, 0x06, 0x7D, 0x5E, 0x6A, 0x62, 0x5B, 0x37, 0xA5, 0x47, 0xF5, 0x2C,
    0xF3, 0x66, 0x55, 0x35, 0x6D, 0x14, 0xE3, 0x3D, 0x58, 0x77, 0x22, 0xD8, 0xE2, 0xA2, 0x23, 0xF3,
    0xE0, 0x53, 0x38, 0x0B, 0x5E, 0xDE, 0xF4, 0xD1, 0x54, 0x15, 0xC3, 0x22, 0x73, 0xD1, 0xD4, 0x97,
    0x45, 0xAF, 0x2A, 0x5D, 0x07, 0x4A, 0x07, 0x6D, 0x97, 0x87, 0xBE, 0x7C, 0xAB, 0xAF, 0x0A, 0xBD,
    0xA8, 0x1B, 0xE5, 0x69, 0x3B, 0xF6, 0xB2, 0x4E, 0x95, 0x9D, 0xDA, 0xA4, 0x07, 0xA2, 0x35, 0x46,
    0x63, 0x1C, 0xCF, 0xCB, 0xE1, 0x89, 0xC3, 0x9D, 0xC5, 0xBF, 0x3B, 0xB3, 0x38, 0xD8, 0x87, 0x7A,
    0xB4, 0x4C, 0x0A, 0x66, 0x27, 0xD1, 0xFE, 0xCF, 0xCD, 0xF3, 0xFF, 0xE1, 0xF6, 0x07, 0x1F, 0x9B,
    0x70, 0xFD, 0x9D, 0xA0, 0x97, 0x42, 0x1F, 0xCE, 0x72, 0x98, 0xF2, 0xBB, 0x36, 0xCB, 0x0D, 0xDF,
    0xD2, 0x84, 0x8E, 0x6F, 0xF5, 0x5F, 0x15, 0x66, 0xE7, 0xE8, 0x4B, 0x6A, 0xBD, 0xA0, 0xED, 0xF7,
    0x28, 0xFA, 0x03, 0x4A, 0xED, 0x91, 0x7A, 0xA0, 0xBA, 0xE2, 0xA8, 0x9F, 0x75, 0x28, 0x69, 0x51,
    0x4F, 0x7E, 0xD0, 0xA8, 0xDB, 0x21, 0x4D, 0xFB, 0x9C, 0x3C, 0x5C, 0xFB, 0x1A, 0x6C, 0x1C, 0xD4,
    0x3D, 0xC0, 0x03, 0xF5, 0x3F, 0xDB, 0xEF, 0xA9, 0x37, 0x37, 0xC5, 0x5B, 0x7F, 0x53, 0xBC, 0x41,
    0x79, 0x80, 0xF4, 0xC8, 0x0D, 0xD5, 0xB7, 0xA9, 0xE5, 0x7F, 0x52, 0xA5, 0x5F, 0x88, 0x94, 0x93,
    0x6A, 0x8A, 0xA0, 0xA3, 0x35, 0x74, 0x3C, 0x51, 0x35, 0x5C, 0xA8, 0x61, 0x77, 0x01, 0xFB, 0x7B,
    0x60, 0x0F, 0xF8, 0xA6, 0xF1, 0x9D, 0xD2, 0x41, 0x2B, 0x0E, 0xC9, 0xD6, 0xB4, 0x8D, 0x08, 0x3A,
    0x40, 0x7B, 0x3D, 0xC0, 0xEF, 0xBF, 0xF5, 0xE7, 0xF0, 0x97, 0x6F, 0xEF, 0xC0, 0x07, 0x7F, 0x77,
    0x21, 0x92, 0xDF, 0x25, 0xFB, 0xF1, 0x70, 0xC0, 0x3F, 0xBC, 0x6E, 0x57, 0x5A, 0x5D, 0xB1, 0xEB,
    0x6E, 0x91, 0x45, 0x39, 0xCF, 0x1A, 0x85, 0x32, 0x0B, 0x8A, 0x7E, 0x49, 0xA1, 0x57, 0x94, 0xC1,
    0x23, 0x13, 0x5E, 0x1E, 0xA8, 0x9E, 0x71, 0xD4, 0xF9, 0xCF, 0x1B, 0x25, 0x42, 0x33, 0xE5, 0x9D,
    0x6D, 0x52, 0xA2, 0x7C, 0x73, 0xA8, 0x92, 0xD6, 0x7C, 0xFC, 0x69, 0x99, 0x27, 0xC5, 0x29, 0xD9,
    0xD7, 0xA1, 0x29, 0xE3, 0x07, 0xDD, 0xF4, 0xA8, 0xF7, 0x47, 0x8A, 0x9F, 0xEE, 0x51, 0xB8, 0x3D,
    0x4A, 0x93, 0x26, 0x20, 0xE2, 0xB5, 0xED, 0xCB, 0x9E, 0x9D, 0x5E, 0x46, 0x7A, 0x59, 0x1E, 0x75,
    0x5F, 0x8C, 0x41, 0xD3, 0xFE, 0xA0, 0x67, 0x5D, 0xF6, 0x8C, 0x11, 0x5E, 0x6A, 0x9C, 0xD4, 0x59,
    0xCA, 0x98, 0xDC, 0x21, 0x22, 0x78, 0xC4, 0xAD, 0x9E, 0xA2, 0x87, 0x52, 0x83, 0x8C, 0xA8, 0x93,
    0x1C, 0x9E, 0x23, 0x0B, 0x79, 0x53, 0x57, 0x0D, 0x8A, 0xD4, 0x96, 0x53, 0x53, 0x45, 0xA7, 0x92,
    0x09, 0x45, 0x61, 0x5C, 0xDD, 0xA8, 0xB7, 0x7D, 0xD0, 0xC5, 0x4F, 0xD7, 0xDF, 0xD3, 0x85, 0x0B,
    0xB2, 0x2B, 0xCD, 0x58, 0x35, 0x51, 0x9A, 0x9A, 0x98, 0x9C, 0x2A, 0xAA, 0x67, 0xED, 0x82, 0x3A,
    0x5A, 0xDE, 0x77, 0x94, 0x30, 0xAD, 0x59, 0x14, 0xBD, 0x6A, 0x52, 0x7E, 0x96, 0x87, 0x14, 0x3D,
    0x0A, 0x13, 0x1F, 0xE8, 0x91, 0x17, 0x35, 0xF2, 0x0F, 0x3A, 0xE4, 0xF7, 0xA0, 0xFC, 0xF3, 0x08,
    0x1F, 0xE1, 0x22, 0xCC, 0x2C, 0x50, 0x05, 0xDF, 0xD9, 0x85, 0x60, 0x60, 0x39, 0x3B, 0x59, 0x03,
    0xAD, 0x83, 0xE1, 0x2A, 0x99, 0x05, 0x91, 0x1C, 0xD2, 0x88, 0x08, 0x41, 0xCB, 0xD7, 0x6F, 0xD8,
    0xBA, 0xB8, 0xEE, 0x16, 0xE5, 0x6B, 0x6E, 0x59, 0x5E, 0x71, 0x7B, 0xF2, 0xBB, 0x76, 0x21, 0x2F,
    0x1A, 0x75, 0xA9, 0xD2, 0x32, 0x04, 0xB2, 0xF0, 0x1E, 0x9C, 0x07, 0x76, 0xE0, 0xEB, 0xBB, 0xA0,
    0x1C, 0x54, 0x9A, 0xE4, 0xE4, 0x3B, 0xE9, 0x95, 0xE6, 0xE0, 0x4E, 0x33, 0x47, 0xE9, 0x0E, 0xAA,
    0x06, 0x94, 0x86, 0xD0, 0xF3, 0xCD, 0x77, 0x0D, 0xEA, 0x46, 0x52, 0xD2, 0x78, 0x1F, 0x06, 0xF8,
    0xB3, 0x6E, 0x36, 0xC0, 0xBF, 0x05, 0xE4, 0x16, 0x35, 0xB0, 0xCB, 0x59, 0xBD, 0x87, 0x8A, 0xFD,
    0x0A, 0xED, 0x29, 0xA3, 0xCE, 0xE4, 0xEB, 0x0E, 0x19, 0x2C, 0xE2, 0x23, 0x0B, 0x22, 0xE1, 0x7D,
    0x28, 0x36, 0x20, 0x1C, 0xB5, 0xDE, 0xAD, 0x9A, 0xB6, 0xF7, 0x35, 0x85, 0x1E, 0x54, 0x7C, 0xDC,
    0x2E, 0xE2, 0xA4, 0xDA, 0xBD, 0x38, 0x67, 0xC6, 0x53, 0x97, 0xC9, 0x14, 0xE4, 0x8D, 0x01, 0xD5,
    0xFE, 0xEF, 0xFF, 0xA9, 0xD5, 0xFB, 0x7E, 0xDD, 0xC5, 0x3F, 0xEC, 0x3C, 0x78, 0x37, 0x1D, 0xFF,
    0xF0, 0xFB, 0x1D, 0x50, 0x4C, 0xA4, 0x01, 0xD9, 0x01, 0x8B, 0x24, 0x99, 0x0A, 0xFD, 0x4B, 0x92,
    0x0B, 0xBB, 0x64, 0xC1, 0x88, 0x8F, 0x87, 0x28, 0x77, 0xA9, 0x0F, 0x4A, 0xED, 0xC4, 0x5D, 0xC3,
    0xBA, 0xA9, 0x7B, 0x0E, 0xDA, 0x88, 0x42, 0x4F, 0x86, 0x35, 0xC8, 0xF0, 0xB2, 0xAB, 0x6E, 0xBD,
    0x69, 0x6B, 0xF1, 0x6E, 0x82, 0xA9, 0xC5, 0x0F, 0x7F, 0x52, 0xDD, 0x7A, 0x65, 0x53, 0x0C, 0xC2,
    0x55, 0x3D, 0x6D, 0x4F, 0xA1, 0x29, 0x35, 0x32, 0x74, 0xD5, 0x2D, 0x53, 0xE7, 0x36, 0xB5, 0x8B,
    0xA6, 0x0A, 0x5D, 0x71, 0x67, 0xEB, 0xC1, 0xA2, 0xE7, 0xF8, 0x52, 0xE6, 0xF8, 0xB7, 0x8E, 0xE0,
    0xF8, 0x33, 0xFB, 0x55, 0x61, 0x93, 0xE7, 0x98, 0x8D, 0xBF, 0x2F, 0x1D, 0xCA, 0xA8, 0x0D, 0x85,
    0xF1, 0x8A, 0x22, 0x8E, 0x43, 0xF9, 0x96, 0xA9, 0x91, 0xA1, 0x57, 0xC8, 0x5B, 0x7A, 0x41, 0xF5,
    0x9C, 0x3E, 0xA0, 0xBE, 0xF8, 0xCE, 0x80, 0x12, 0xC1, 0xB0, 0x60, 0xD3, 0x40, 0xBD, 0xC9, 0xC2,
    0x28, 0xDC, 0x81, 0xE8, 0x07, 0x61, 0x5C, 0x8A, 0x7B, 0x77, 0x6D, 0xFE, 0xAE, 0xF9, 0xB3, 0x1B,
    0xEF, 0x87, 0x67, 0xC7, 0x03, 0xF1, 0x1E, 0xDF, 0x01, 0x07, 0x1E, 0x6A, 0x28, 0x80, 0xCF, 0x76,
    0x8E, 0x5C, 0xBD, 0x9A, 0x7D, 0xE8, 0xB2, 0x77, 0x0C, 0xDC, 0xD7, 0xF3, 0xB1, 0xD5, 0x8E, 0x3C,
    0x72, 0xB0, 0xDF, 0xFC, 0xF0, 0xF9, 0xA2, 0xA7, 0xB8, 0x6E, 0xCB, 0x1F, 0x0D, 0xF2, 0x9A, 0x97,
    0xC6, 0x57, 0x7A, 0xEB, 0xA6, 0x55, 0x74, 0xD3, 0xB9, 0x5D, 0x09, 0x4B, 0xD1, 0x23, 0xF5, 0x63,
    0x35, 0xD5, 0x88, 0x34, 0x90, 0x75, 0x88, 0x7E, 0x9A, 0x39, 0x78, 0x14, 0xB8, 0x8F, 0x78, 0xD0,
    0xF6, 0xC9, 0x95, 0xDC, 0xEC, 0x2B, 0x50, 0xFF, 0x1D, 0xE5, 0xD9, 0x23, 0xB6, 0x46, 0x5D, 0xD4,
    0xF3, 0x6C, 0x52, 0xEB, 0xA4, 0xD3, 0x77, 0x4C, 0x61, 0x10, 0x9E, 0x2C, 0x34, 0x28, 0xFD, 0x35,
    0xA9, 0xD5, 0xA5, 0xF8, 0x00, 0xE9, 0x81, 0xC7, 0xF1, 0xB9, 0xCF, 0x2C, 0xC0, 0xD9, 0x5E, 0x99,
    0xA2, 0x2F, 0xB5, 0xD4, 0xB2, 0xAB, 0x1B, 0x85, 0xFA, 0x86, 0xB2, 0x75, 0x57, 0x5C, 0x6C, 0xE4,
    0xF7, 0x3A, 0x29, 0x81, 0xF9, 0x21, 0x94, 0xA1, 0x98, 0xE5, 0x8C, 0xAD, 0x23, 0xC5, 0x54, 0xE2,
    0xC3, 0x28, 0x4B, 0xDD, 0x01, 0x67, 0x00, 0xB5, 0xC5, 0x0E, 0xC7, 0xFF, 0xE4, 0x1E, 0xCA, 0x08,
    0x12, 0x06, 0xC8, 0x1C, 0xE4, 0xF6, 0x57, 0xD4, 0xD5, 0x74, 0xC4, 0xBC, 0x32, 0xCF, 0xB5, 0xA0,
    0x3C, 0xD4, 0x06, 0x26, 0x2F, 0x4E, 0x11, 0x3A, 0x90, 0xDF, 0x6E, 0xE0, 0x89, 0x1A, 0xB8, 0xA0,
    0x0E, 0x13, 0x85, 0x8E, 0xFD, 0x5D, 0xA9, 0xB1, 0xD1, 0x6A, 0xBF, 0x69, 0x76, 0x65, 0xA3, 0xB4,
    0x3A, 0x44, 0x4D, 0x1B, 0x2A, 0x73, 0x80, 0x32, 0x9E, 0xA2, 0x8F, 0x78, 0x6D, 0xA0, 0x0C, 0xC1,
    0xC9, 0xF0, 0xF1, 0x98, 0x7C, 0x46, 0x5A, 0x4A, 0xB5, 0xB0, 0xBB, 0x2A, 0x0B, 0x6E, 0x41, 0xDB,
    0xCD, 0x0A, 0x7C, 0xE4, 0xCE, 0xF3, 0x2A, 0x18, 0x31, 0x7F, 0xE4, 0x75, 0x27, 0x7F, 0xE4, 0xE5,
    0xBE, 0xAF, 0xCC, 0x50, 0xBD, 0xE6, 0xEA, 0x67, 0xAC, 0x12, 0xB1, 0xFD, 0x64, 0x59, 0x6C, 0x56,
    0xC2, 0xC1, 0x37, 0x60, 0x9F, 0xCC, 0x21, 0x7A, 0x44, 0x03, 0xF7, 0x11, 0x8B, 0xFE, 0x29, 0xB0,
    0x0B, 0x28, 0xE6, 0xAF, 0xCC, 0xBB, 0x07, 0x0E, 0x78, 0x40, 0x43, 0x99, 0x77, 0xC8, 0x5B, 0x50,
    0x0C, 0x00, 0x9C, 0xCE, 0xDF, 0x3E, 0xC0, 0xF8, 0x7F, 0x3C, 0xC0, 0x39, 0xE0, 0x02, 0xB0, 0x0B,
    0x99, 0x8D, 0x08, 0x0E, 0x42, 0x0F, 0x0A, 0x54, 0x08, 0x4D, 0x1B, 0x02, 0xD7, 0x56, 0x92, 0xAB,
    0xAB, 0xDF, 0xE6, 0xB8, 0x7C, 0x13, 0x86, 0x6D, 0xF9, 0xA7, 0xFE, 0x64, 0xF9, 0xA7, 0x2B, 0x8C,
    0x62, 0x9B, 0x70, 0xC6, 0x50, 0x33, 0x10, 0x7D, 0x55, 0x8C, 0x7B, 0x07, 0x14, 0x2E, 0xCA, 0x61,
    0x36, 0x83, 0xD4, 0x9B, 0x51, 0xBE, 0xE6, 0x54, 0xF5, 0x8C, 0x3D, 0x5F, 0x3F, 0x6D, 0x77, 0x14,
    0x9B, 0x21, 0xA9, 0xEA, 0xE4, 0x9E, 0x56, 0x0C, 0x95, 0x4E, 0x91, 0x30, 0xF3, 0x2A, 0x84, 0x84,
    0x93, 0x7B, 0xDA, 0xEE, 0xE4, 0x9E, 0x76, 0x1B, 0x80, 0x6F, 0x0E, 0x15, 0x5E, 0xFD, 0xD7, 0xF8,
    0xF8, 0xB0, 0x97, 0xBB, 0x3D, 0x61, 0x55, 0xB5, 0x0D, 0xC0, 0xAD, 0x67, 0xD5, 0x3A, 0x11, 0xA4,
    0x2E, 0xC7, 0xB4, 0x18, 0xCA, 0xBE, 0xA6, 0xEC, 0x77, 0x28, 0xCC, 0x01, 0xC2, 0x38, 0xC4, 0x6D,
    0x8B, 0xF8, 0x59, 0x4F, 0xFE, 0x91, 0x26, 0x0F, 0x0D, 0x59, 0x38, 0xDE, 0x45, 0x72, 0xD6, 0x14,
    0x5A, 0xD9, 0xBA, 0x8F, 0xE1, 0xB0, 0x13, 0x76, 0x40, 0x7C, 0x90, 0x9E, 0xD5, 0x88, 0xBB, 0x0D,
    0xF9, 0x06, 0x72, 0x1F, 0xE1, 0x20, 0x33, 0x00, 0x7C, 0xB1, 0xB5, 0x93, 0xC0, 0xDA, 0xAB, 0x00,
    0xA0, 0x00, 0x76, 0xD8, 0x2A, 0x8E, 0xA7, 0x1E, 0x30, 0xEB, 0xB2, 0x5B, 0x23, 0xF8, 0x28, 0x19,
    0x41, 0x53, 0x75, 0x01, 0x38, 0xBF, 0x7D, 0xD9, 0x35, 0xA0, 0x3F, 0xB1, 0xD3, 0xC8, 0x0E, 0x9F,
    0xA7, 0x0C, 0xF6, 0xBE, 0x77, 0x1A, 0x8F, 0x38, 0xE4, 0x40, 0xE6, 0xC8, 0x2C, 0xB9, 0x45, 0x05,
    0x7E, 0xEB, 0xAF, 0x29, 0x34, 0xF2, 0x53, 0x41, 0x44, 0x98, 0xEA, 0x56, 0x0A, 0x22, 0xDB, 0x4A,
    0x82, 0x9E, 0x2A, 0x09, 0xAB, 0xC2, 0xCC, 0x25, 0xE9, 0xEF, 0x1B, 0x7C, 0xFC, 0x6D, 0x5C, 0x37,
    0x53, 0x49, 0xEC, 0xE3, 0x5D, 0x84, 0xFD, 0xDA, 0xA7, 0x2B, 0x09, 0xF7, 0x48, 0x98, 0x4A, 0xCD,
    0xCF, 0xBF, 0xD7, 0x65, 0xB7, 0x6F, 0x45, 0x03, 0xDD, 0x20, 0xC2, 0x80, 0xB8, 0xE5, 0x28, 0xFA,
    0x73, 0x94, 0xFA, 0xAB, 0x27, 0x13, 0x26, 0xB8, 0x0A, 0x58, 0xC8, 0xA7, 0x1A, 0x69, 0x84, 0x66,
    0x09, 0x1C, 0x02, 0x23, 0xDC, 0x77, 0xBD, 0x92, 0x6B, 0xB0, 0x0F, 0x2F, 0x95, 0xC1, 0x56, 0xA1,
    0x63, 0xFA, 0xFE, 0x3C, 0x36, 0x8B, 0x88, 0xCD, 0xF0, 0xFD, 0x9E, 0xA0, 0x39, 0x3C, 0x71, 0x54,
    0xD3, 0x73, 0x28, 0x34, 0xA3, 0xE8, 0x8E, 0x46, 0xA9, 0x82, 0xA1, 0xB8, 0xD3, 0xDC, 0x73, 0x94,
    0x7C, 0x43, 0x1D, 0xF4, 0x8E, 0xD4, 0x99, 0xD4, 0xC5, 0x9A, 0x62, 0xA0, 0xB6, 0xEC, 0xFD, 0xB3,
    0x66, 0x55, 0x76, 0x6D, 0xA0, 0x72, 0x7C, 0xA2, 0xD4, 0xDB, 0xB3, 0x4A, 0x2F, 0x3F, 0x2A, 0xF5,
    0xDE, 0x99, 0xD7, 0xEB, 0x66, 0xAD, 0x85, 0x9B, 0xD4, 0xD6, 0x47, 0xE8, 0x22, 0x6D, 0xF4, 0x07,
    0xA9, 0xD7, 0xBE, 0x6E, 0x40, 0xC1, 0x5F, 0x78, 0x08, 0xD3, 0x4E, 0x83, 0x3A, 0xB8, 0x3A, 0xD8,
    0xA2, 0xB7, 0xA5, 0x7E, 0x7E, 0x52, 0x5D, 0x53, 0x85, 0xBE, 0xBE, 0x98, 0x54, 0xA7, 0x32, 0xBB,
    0x93, 0x4F, 0xCA, 0x15, 0x7D, 0x29, 0xB5, 0x0C, 0x14, 0xC3, 0x17, 0x56, 0x17, 0x9D, 0xAD, 0xB9,
    0xD4, 0x13, 0x77, 0x00, 0x12, 0x80, 0xC7, 0x1E, 0x7C, 0xBB, 0xD3, 0x2F, 0x85, 0x5E, 0xF5, 0x40,
    0x3E, 0xD3, 0x71, 0xEE, 0xD4, 0x3C, 0x78, 0xE9, 0x75, 0xA0, 0x4E, 0xDA, 0xDA, 0x34, 0xF0, 0x24,
    0x64, 0xE7, 0xA0, 0xF0, 0x11, 0x86, 0xCF, 0xDE, 0x4E, 0xF1, 0x02, 0xBF, 0x71, 0x15, 0x69, 0x29,
    0xA7, 0x85, 0x56, 0x47, 0xEA, 0x42, 0x73, 0x54, 0x08, 0xED, 0x8E, 0x0A, 0xA1, 0x17, 0x80, 0xD1,
    0x41, 0xB6, 0x71, 0xC7, 0x85, 0xD0, 0xBD, 0x7B, 0x16, 0x42, 0x07, 0x00, 0x07, 0x64, 0x36, 0x91,
    0x49, 0xA4, 0x3F, 0x11, 0xC1, 0x7E, 0x34, 0x45, 0xB0, 0x71, 0x8E, 0x60, 0x67, 0x6A, 0xF9, 0xD3,
    0x29, 0x82, 0xF9, 0x49, 0xFA, 0x1D, 0xD8, 0x25, 0x73, 0x79, 0x94, 0x5A, 0x47, 0x59, 0xDA, 0x9E,
    0x25, 0x41, 0xB3, 0x12, 0x06, 0xFC, 0xEB, 0x5D, 0xA4, 0x37, 0x80, 0xCD, 0x08, 0x59, 0x88, 0x94,
    0x7F, 0xD4, 0x12, 0xBD, 0xE0, 0xE5, 0x26, 0x92, 0xD4, 0x08, 0x23, 0x7B, 0x0A, 0x53, 0x5A, 0xEA,
    0x41, 0x0C, 0xAC, 0x3D, 0x53, 0xDE, 0xD7, 0x29, 0x53, 0xEB, 0xA2, 0xDF, 0x6B, 0x8A, 0xBF, 0x32,
    0x94, 0x6F, 0x27, 0x0B, 0x8A, 0xF8, 0x4B, 0x4D, 0xF5, 0xEF, 0x0D, 0x75, 0x76, 0x57, 0x2B, 0x42,
    0xB3, 0x60, 0xEF, 0xD3, 0xB5, 0xE0, 0xEC, 0xF0, 0x39, 0x4D, 0x19, 0xDE, 0x38, 0xAE, 0x05, 0xEF,
    0xDF, 0x7F, 0x2D, 0x38, 0x45, 0xCC, 0xD9, 0x2E, 0x0D, 0xA2, 0x47, 0x0D, 0xBB, 0x67, 0xDF, 0x1C,
    0xCB, 0x1F, 0xFC, 0x95, 0xFC, 0xCF, 0xC8, 0x5D, 0x2A, 0x4F, 0xBD, 0xA2, 0xAE, 0xCF, 0xA8, 0xEA,
    0xBF, 0x29, 0x39, 0xEC, 0x89, 0x5E, 0x05, 0x5B, 0x75, 0x2A, 0xF4, 0xAD, 0xDE, 0x55, 0xD9, 0xDD,
    0x6E, 0x5F, 0x89, 0x9E, 0x17, 0x5A, 0xD9, 0xC1, 0xE1, 0x79, 0x22, 0x1D, 0x00, 0xC1, 0x1F, 0x7D,
    0xBB, 0x6F, 0x21, 0x1F, 0x14, 0x08, 0x57, 0x69, 0xD2, 0x1A, 0xA2, 0x1A, 0x4B, 0x87, 0x1A, 0x73,
    0x87, 0x1C, 0x4B, 0xAD, 0xBC, 0xEA, 0x5F, 0xDA, 0x5D, 0x75, 0xBB, 0xFF, 0xCB, 0xF0, 0x78, 0x32,
    0xF4, 0xA0, 0xC9, 0xEE, 0xF6, 0xE4, 0x1F, 0xD8, 0x46, 0xDC, 0xFE, 0x58, 0x0B, 0x1B, 0xBA, 0xA2,
    0xDF, 0x79, 0x28, 0xD5, 0xE0, 0xCD, 0x71, 0x30, 0x58, 0x7C, 0x3A, 0x18, 0x9C, 0xED, 0x8F, 0xB7,
    0xAF, 0x11, 0xBF, 0x6A, 0xFB, 0xFA, 0x51, 0x37, 0x6F, 0x5F, 0xEF, 0x02, 0x65, 0x03, 0x32, 0xA2,
    0x82, 0x59, 0x19, 0x21, 0xF4, 0x49, 0xB6, 0xA0, 0x93, 0x70, 0x17, 0x75, 0x92, 0xAE, 0xD0, 0x8C,
    0x91, 0xC1, 0xB3, 0x64, 0x16, 0x70, 0x96, 0x70, 0x16, 0x71, 0x96, 0x71, 0x16, 0x72, 0x96, 0x72,
    0x16, 0x73, 0xAE, 0x5A, 0xCF, 0x65, 0xEB, 0x24, 0xD5, 0xA8, 0x8C, 0x0A, 0x51, 0xAA, 0xC7, 0xA2,
    0x54, 0x7B, 0x51, 0xAA, 0xC7, 0xEF, 0xB5, 0xA9, 0xCE, 0x43, 0x14, 0x62, 0xE2, 0x0E, 0x96, 0xAC,
    0x8E, 0xCF, 0x43, 0xC7, 0x89, 0x7D, 0x36, 0x71, 0x1E, 0x06, 0xB2, 0x41, 0x4C, 0xE1, 0x48, 0x7C,
    0x9C, 0x3C, 0x5B, 0x0A, 0x45, 0xC2, 0x16, 0x93, 0x77, 0x2B, 0xCD, 0xE4, 0xDF, 0xFA, 0xE4, 0xE1,
    0x26, 0x1F, 0x37, 0xB4, 0x43, 0xDD, 0x00, 0xB4, 0x00, 0x3F, 0xF7, 0x00, 0xC1, 0x02, 0xAC, 0x9B,
    0x69, 0x97, 0x3E, 0x6D, 0xD3, 0x29, 0x7E, 0xBA, 0x8A, 0xE4, 0x22, 0x95, 0x26, 0x0C, 0x48, 0x1D,
    0x42, 0x24, 0x5F, 0x37, 0x55, 0xF4, 0x69, 0x5D, 0x9D, 0x47, 0x52, 0xC2, 0xCA, 0x6E, 0x91, 0x08,
    0xA8, 0x8E, 0x74, 0x70, 0x75, 0xB2, 0x96, 0xA3, 0xA0, 0x5F, 0xBA, 0xB9, 0xFE, 0x8B, 0xF0, 0xC5,
    0x40, 0x69, 0x54, 0xA0, 0xD2, 0x9B, 0xB6, 0x51, 0x4F, 0x0F, 0x55, 0xA3, 0x72, 0x1B, 0x49, 0xD8,
    0x9A, 0x56, 0x58, 0x95, 0x68, 0x41, 0xFC, 0xCD, 0xA3, 0x5E, 0xBB, 0x6B, 0xA9, 0x3E, 0x0C, 0xFF,
    0x57, 0x17, 0xD3, 0xC7, 0xAF, 0x93, 0x44, 0x87, 0x20, 0x1C, 0x71, 0xA2, 0x36, 0xD4, 0x45, 0xE8,
    0x76, 0x62, 0x02, 0xBF, 0x57, 0x95, 0x11, 0x92, 0x65, 0x75, 0x1E, 0x75, 0x69, 0x68, 0xAA, 0x10,
    0x74, 0xB1, 0x59, 0x9F, 0xAA, 0xB2, 0xCE, 0x63, 0x90, 0x45, 0x88, 0x31, 0xC2, 0xDD, 0xBB, 0x98,
    0xD0, 0x1E, 0x15, 0x13, 0x32, 0xCD, 0x3F, 0xD0, 0x28, 0x4D, 0xDD, 0x7C, 0xBE, 0xB2, 0x7C, 0x00,
    0x15, 0x41, 0x0D, 0xEC, 0x6C, 0xED, 0xF7, 0x29, 0x1E, 0xA8, 0x48, 0x71, 0xF5, 0xA8, 0x48, 0xB1,
    0x63, 0x80, 0xEC, 0x98, 0x44, 0x0F, 0xC8, 0x6E, 0x3D, 0xAC, 0x6D, 0x6B, 0xDA, 0xBE, 0xEA, 0x6A,
    0xA4, 0xDE, 0xA5, 0xEC, 0x1D, 0xC5, 0xBB, 0x06, 0x71, 0x94, 0xEB, 0x6D, 0xEE, 0x7D, 0x5A, 0x10,
    0xB7, 0x07, 0xEB, 0xEB, 0x43, 0xDC, 0xF2, 0x17, 0xBD, 0x13, 0x37, 0xAD, 0xF8, 0xB1, 0x11, 0xEF,
    0x6A, 0x11, 0x73, 0x8A, 0x4D, 0x7A, 0xF4, 0xD8, 0xC9, 0x14, 0x9A, 0xDA, 0xD1, 0x3A, 0x3E, 0x3D,
    0x96, 0xEC, 0x07, 0x8A, 0x1F, 0xDB, 0x69, 0x2C, 0x11, 0x3A, 0xB2, 0x00, 0x55, 0xCA, 0x8F, 0xC6,
    0x86, 0xEC, 0x33, 0xC6, 0x7A, 0xB7, 0x17, 0xEF, 0xC7, 0xB1, 0xC8, 0x47, 0xF2, 0x3B, 0xA8, 0xD0,
    0x9C, 0x1C, 0xEB, 0xA1, 0x9C, 0x28, 0x0C, 0xAC, 0x5D, 0xF0, 0xC7, 0xC7, 0x00, 0xD7, 0x00, 0x2C,
    0x80, 0xB9, 0x8F, 0xDA, 0xCA, 0xFB, 0xA9, 0xB6, 0xC2, 0x82, 0xF0, 0x4B, 0xF5, 0x12, 0x19, 0xBC,
    0xF2, 0x55, 0x24, 0xF3, 0xE4, 0xE2, 0x42, 0xD5, 0x9D, 0xDB, 0x7B, 0xAA, 0xEE, 0xCE, 0x1C, 0x3C,
    0x5E, 0x37, 0x78, 0x14, 0x33, 0x0D, 0x2C, 0xC9, 0x1C, 0x2B, 0x72, 0x1B, 0x49, 0x58, 0xFC, 0x4C,
    0x85, 0xD9, 0xD6, 0xE7, 0x9B, 0x36, 0x11, 0x50, 0x01, 0x9C, 0x3F, 0x2E, 0xCD, 0x9F, 0x83, 0xD6,
    0xC3, 0x7A, 0x00, 0x00, 0x38, 0x55, 0x69, 0xE7, 0xF3, 0x9D, 0x76, 0x04, 0x92, 0x42, 0xA0, 0x06,
    0x16, 0xC7, 0x56, 0x3B, 0x97, 0x89, 0xFC, 0x67, 0x94, 0x89, 0x02, 0x88, 0xFF, 0x0F, 0x3C, 0xB1,
    0xC5, 0x0E, 0x30, 0xD0, 0xFA, 0xB5, 0x9F, 0xE5, 0xA8, 0xA2, 0x1C, 0x75, 0x57, 0xFF, 0xC7, 0x28,
    0xCB, 0xBF, 0x56, 0xD4, 0xFF, 0xAF, 0x9D, 0xE5, 0x88, 0x60, 0x77, 0x84, 0xA7, 0x3C, 0xFC, 0x93,
    0xAD, 0x2C, 0xE5, 0x6C, 0x3A, 0x67, 0xF5, 0x02, 0xA5, 0x57, 0xF3, 0xB8, 0x7F, 0xEC, 0x91, 0x7F,
    0x37, 0x20, 0x83, 0x43, 0xDC, 0xB5, 0xF0, 0x2F, 0x13, 0x7E, 0x06, 0x22, 0x40, 0x7E, 0xF2, 0xFC,
    0xE0, 0x78, 0x61, 0x6E, 0x42, 0x43, 0x08, 0x7D, 0x36, 0x94, 0x36, 0x77, 0x85, 0x15, 0x36, 0xA1,
    0x34, 0x11, 0xFD, 0x9C, 0x1E, 0x46, 0xC9, 0x7C, 0x70, 0xDB, 0x72, 0xC8, 0xF1, 0x05, 0x9B, 0x37,
    0x5D, 0x19, 0xB7, 0xD2, 0xDE, 0x4B, 0xEB, 0xA3, 0xA1, 0xC7, 0x19, 0xAF, 0x9F, 0xFD, 0xC5, 0x6E,
    0xFA, 0x40, 0x38, 0xA8, 0x86, 0x29, 0x48, 0x50, 0x95, 0x77, 0xD6, 0xCD, 0x4E, 0xA5, 0xEB, 0xEE,
    0x82, 0xA2, 0xEE, 0x76, 0x0E, 0xA9, 0x9B, 0xA4, 0x63, 0xCA, 0x29, 0x8E, 0x78, 0xD8, 0xD2, 0xC8,
    0x19, 0xD8, 0xF0, 0x24, 0xAC, 0xFF, 0xD0, 0x83, 0x0A, 0x96, 0x39, 0xC1, 0xCA, 0x47, 0xA8, 0x02,
    0xBF, 0xB9, 0xAC, 0x79, 0x71, 0x58, 0xF0, 0x17, 0xB7, 0x3D, 0x6D, 0xE8, 0x27, 0xB3, 0x16, 0xF6,
    0x51, 0x72, 0xB7, 0x4B, 0xB6, 0xCD, 0x5A, 0x4F, 0x35, 0x6C, 0x9B, 0x86, 0xAD, 0x83, 0x65, 0xF2,
    0x0D, 0x64, 0x16, 0xC8, 0x27, 0xEA, 0x81, 0x4C, 0xF3, 0x60, 0xA2, 0x54, 0x5B, 0x25, 0xFF, 0x36,
    0xF0, 0xE8, 0x83, 0xDE, 0x5B, 0x02, 0x1A, 0xA0, 0x78, 0xBA, 0x07, 0xCA, 0x5B, 0x47, 0x63, 0x03,
    0x00, 0x43, 0x11, 0x32, 0x9F, 0x1D, 0xE7, 0xDA, 0xD5, 0xC1, 0x51, 0xAE, 0x7D, 0x63, 0xCE, 0xB5,
    0xDF, 0x31, 0x9F, 0x9D, 0x6B, 0x3F, 0x3D, 0xE7, 0xDA, 0x23, 0xAD, 0x9E, 0x72, 0xED, 0x2C, 0xF4,
    0x75, 0xB7, 0xDD, 0xC0, 0x5E, 0x3D, 0x07, 0x6C, 0x1C, 0xD0, 0xBE, 0x0A, 0xC0, 0xE7, 0x3C, 0x5B,
    0xF8, 0x75, 0x07, 0xFD, 0x17, 0x80, 0x8D, 0x67, 0xDA, 0x98, 0x90, 0x76, 0x26, 0x08, 0x27, 0x0D,
    0xC2, 0x96, 0x89, 0x0A, 0xB3, 0x3D, 0xAF, 0x1C, 0xCA, 0x9E, 0xB5, 0x97, 0x1A, 0x48, 0xE2, 0xFD,
    0xEE, 0x1A, 0xE6, 0x09, 0x52, 0xAF, 0xC2, 0xD9, 0x7E, 0x47, 0x99, 0x4D, 0xF1, 0xC3, 0xBF, 0x29,
    0x5E, 0xEF, 0xCA, 0x37, 0x90, 0xA1, 0x91, 0xC1, 0x54, 0x71, 0x93, 0x92, 0x39, 0x95, 0xB9, 0x45,
    0xE6, 0x66, 0x3F, 0x5D, 0x3C, 0xA7, 0x65, 0x68, 0x8A, 0xE1, 0xA1, 0x5C, 0x16, 0x18, 0xA9, 0x9B,
    0x4F, 0x1C, 0x9F, 0xBA, 0xA3, 0x68, 0x53, 0x34, 0xDC, 0xC7, 0xD9, 0x84, 0x51, 0x3A, 0x18, 0xC5,
    0xBA, 0xDF, 0x9E, 0x38, 0x35, 0xF0, 0x18, 0xF0, 0xD5, 0x5F, 0x9B, 0x14, 0x2E, 0xEF, 0x91, 0x14,
    0xE6, 0x43, 0x24, 0xE1, 0x8E, 0x92, 0x42, 0x61, 0x59, 0xFB, 0xC2, 0x00, 0xB2, 0x8F, 0xB8, 0xAC,
    0xA1, 0x0A, 0x40, 0x39, 0x4C, 0xE9, 0x97, 0x4A, 0x71, 0x72, 0x59, 0xF4, 0xAB, 0x32, 0x78, 0x19,
    0xDB, 0xCB, 0x43, 0x4C, 0x69, 0xEA, 0x3C, 0x2D, 0xDB, 0x85, 0xB0, 0x73, 0x15, 0xB0, 0xB8, 0xD4,
    0x4D, 0xDB, 0xB9, 0x2F, 0x22, 0x47, 0x3D, 0x00, 0xB0, 0x40, 0xDE, 0xDD, 0x6F, 0x8E, 0xDA, 0x2D,
    0xB2, 0xD0, 0x80, 0xDC, 0xFA, 0xFF, 0xA7, 0x80, 0xEF, 0x9C, 0xEA, 0x90, 0x9A, 0x3D, 0x60, 0x17,
    0x78, 0x09, 0xF8, 0x06, 0xC9, 0x6D, 0xAB, 0xDE, 0x17, 0xDA, 0x47, 0x9F, 0x1D, 0x5D, 0xB6, 0x0C,
    0x36, 0x39, 0xEC, 0x34, 0x1B, 0x86, 0xBA, 0x27, 0x55, 0xCA, 0xC1, 0x81, 0x05, 0xF3, 0x05, 0xDC,
    0x0F, 0xD9, 0xA0, 0x1C, 0x2A, 0x70, 0x3C, 0x47, 0xEC, 0x72, 0x1C, 0x87, 0xF3, 0xEE, 0x81, 0x0E,
    0xB0, 0xFA, 0x74, 0x80, 0xA5, 0x17, 0x59, 0xDF, 0x6A, 0x66, 0xC3, 0x42, 0x1E, 0x07, 0xCE, 0xDF,
    0x21, 0x0B, 0x36, 0x95, 0xCB, 0x14, 0x2C, 0x61, 0x0F, 0x0E, 0xC0, 0xC3, 0x40, 0x36, 0x9C, 0x28,
    0x54, 0x14, 0xE6, 0xD8, 0x03, 0xCD, 0xA5, 0xAC, 0x5F, 0x78, 0x82, 0x0E, 0x78, 0xB8, 0x57, 0xD3,
    0xE0, 0x0C, 0xBC, 0xF8, 0x35, 0x38, 0x1C, 0x8E, 0xCB, 0x56, 0x0F, 0x76, 0x8E, 0xBB, 0xFF, 0x12,
    0xE0, 0x3D, 0x60, 0xDD, 0xC3, 0x17, 0xEF, 0xEB, 0x5F, 0x87, 0x83, 0x03, 0xD8, 0xDF, 0x07, 0xF8,
    0x1C, 0xE2, 0x55, 0x21, 0x18, 0x66, 0x7F, 0x83, 0x18, 0x45, 0x64, 0x79, 0x20, 0x34, 0x9C, 0xDF,
    0x05, 0xD8, 0xF5, 0x40, 0x66, 0x83, 0x07, 0x71, 0x33, 0x0C, 0xA4, 0x43, 0x1F, 0xB6, 0x11, 0x88,
    0x75, 0xB0, 0x5F, 0x22, 0x1B, 0x84, 0x91, 0xC9, 0x81, 0xF5, 0xE7, 0xA9, 0x6C, 0x1D, 0x46, 0x5A,
    0xBB, 0x0E, 0x1E, 0xDA, 0x2B, 0x3E, 0x6D, 0x8F, 0x4A, 0x33, 0xAA, 0x28, 0xC5, 0x42, 0x65, 0xB7,
    0x07, 0x25, 0x42, 0x5C, 0xDD, 0x63, 0x94, 0xC2, 0x3E, 0xBA, 0x5C, 0xB8, 0xDD, 0x98, 0xF5, 0xB8,
    0xAA, 0x9B, 0xB4, 0xD6, 0xA4, 0x38, 0x32, 0x45, 0x91, 0x7C, 0x3C, 0xFD, 0xC5, 0x68, 0x1E, 0xC7,
    0xFC, 0x4E, 0xF6, 0xB1, 0x65, 0xDD, 0xDC, 0xD7, 0xC1, 0xCB, 0xE5, 0xF7, 0xC8, 0xD3, 0xB2, 0xFC,
    0xEB, 0x75, 0x23, 0xA9, 0x35, 0xC8, 0x84, 0x3E, 0xA1, 0x0E, 0x41, 0xAB, 0x88, 0x25, 0x75, 0xB7,
    0x42, 0x71, 0xC8, 0x86, 0xF6, 0x8F, 0x86, 0x29, 0xA6, 0x94, 0x1B, 0xC8, 0xD2, 0x6A, 0xD6, 0xF5,
    0x73, 0xFD, 0xD7, 0x85, 0xA1, 0x36, 0x71, 0xA0, 0xEA, 0x15, 0xBD, 0x23, 0xBB, 0xDD, 0x96, 0xD6,
    0x53, 0x1B, 0x78, 0xF2, 0x3C, 0x2C, 0x15, 0x5C, 0xD8, 0x01, 0x38, 0xDD, 0x60, 0x37, 0xFB, 0x68,
    0x22, 0xE2, 0x86, 0x06, 0xB8, 0x9F, 0xB1, 0x11, 0xD7, 0x7B, 0xA0, 0x7C, 0x3B, 0xF1, 0xF6, 0x9A,
    0x38, 0x7C, 0x91, 0x37, 0x04, 0x79, 0xEA, 0xA9, 0x23, 0x7B, 0xBF, 0x76, 0x0D, 0x80, 0x53, 0x45,
    0x67, 0x8E, 0x67, 0xEF, 0x02, 0x00, 0xA7, 0xB9, 0x81, 0xC8, 0x8B, 0x2F, 0x32, 0x0C, 0x58, 0x0B,
    0x70, 0x1F, 0x55, 0xB0, 0x2C, 0x04, 0x9D, 0x47, 0x88, 0xBE, 0x6E, 0x84, 0x5E, 0x91, 0x3D, 0x33,
    0x40, 0x69, 0xA0, 0x8A, 0xA8, 0x3D, 0x64, 0x23, 0xB0, 0xE2, 0xCB, 0x11, 0x0B, 0x3C, 0xEA, 0x8F,
    0xDC, 0xB6, 0xE4, 0x06, 0xC4, 0x7E, 0xB1, 0x7F, 0x97, 0xF7, 0x8A, 0xAC, 0xF3, 0x90, 0x5B, 0x28,
    0x7B, 0xA8, 0x3A, 0x50, 0x0E, 0x1E, 0xF1, 0xC0, 0xDC, 0x3F, 0xE1, 0x1C, 0x1E, 0x75, 0x31, 0xF5,
    0xEF, 0xE7, 0xFE, 0x00, 0x10, 0x86, 0x44, 0xEE, 0x61, 0xDF, 0x6E, 0x7C, 0xF0, 0x3D, 0xCA, 0x89,
    0xE3, 0xA0, 0x6B, 0xFB, 0x90, 0x0D, 0x03, 0x60, 0xED, 0xC3, 0x17, 0x2D, 0xB9, 0x34, 0xEF, 0x93,
    0xF9, 0x7C, 0x3E, 0xF1, 0x8A, 0x57, 0x34, 0xF2, 0x8D, 0x88, 0x4B, 0x0D, 0x70, 0xAA, 0xDB, 0x88,
    0x49, 0x96, 0xD5, 0x8A, 0x97, 0x5E, 0x02, 0xE0, 0xB3, 0x6F, 0x52, 0x7C, 0xA1, 0xA7, 0x44, 0x9F,
    0xFE, 0xB0, 0x53, 0x0D, 0x76, 0xF2, 0xC3, 0x3E, 0x7B, 0x6C, 0x29, 0x41, 0xD5, 0x0D, 0xE7, 0x9F,
    0x00, 0x38, 0xD5, 0x5D, 0xAD, 0x93, 0xC7, 0xDC, 0x9F, 0x7D, 0x42, 0x0F, 0x40, 0x19, 0x74, 0x44,
    0x07, 0xA7, 0xBF, 0x23, 0x19, 0xD1, 0x00, 0x0F, 0xE5, 0x18, 0x93, 0xE2, 0xF5, 0xAD, 0x4E, 0x9E,
    0x3B, 0xBD, 0x6C, 0xC5, 0xC5, 0x66, 0xAB, 0xDF, 0x87, 0x27, 0x1F, 0xBF, 0xF9, 0x65, 0x38, 0x50,
    0x88, 0x61, 0x44, 0xFE, 0xD0, 0xF1, 0x95, 0xA2, 0x39, 0xB5, 0x9C, 0xBC, 0xAA, 0xC9, 0x3E, 0x30,
    0x88, 0xB7, 0x34, 0xE5, 0x25, 0xF8, 0xCA, 0xA3, 0x0F, 0x47, 0xD6, 0x64, 0x5B, 0xEA, 0x38, 0x50,
    0x9E, 0x2E, 0x89, 0x4E, 0x51, 0xC8, 0x7B, 0x70, 0x0E, 0x00, 0xE0, 0x41, 0xAE, 0xC9, 0x9C, 0xEE,
    0xFF, 0x0C, 0xD8, 0x05, 0x0E, 0x80, 0x6B, 0xC0, 0xD5, 0x7B, 0xDE, 0xAA, 0x20, 0xDD, 0xAA, 0x08,
    0x54, 0x7F, 0x0B, 0x72, 0x6A, 0xD5, 0xDC, 0x53, 0x96, 0x0D, 0x50, 0x5F, 0x3E, 0x9A, 0x11, 0x00,
    0xBE, 0xC0, 0x2B, 0x9B, 0xE4, 0x57, 0xBA, 0xC9, 0xEC, 0xCA, 0xE7, 0x8E, 0xCD, 0xEE, 0x41, 0xAE,
    0xE0, 0x7C, 0xEE, 0xE3, 0xC2, 0xD0, 0x6C, 0x4B, 0xFB, 0xD3, 0x14, 0x91, 0x0D, 0xF7, 0x3C, 0x3E,
    0x4C, 0x96, 0xD5, 0x06, 0x5D, 0xDD, 0xD5, 0x88, 0xD8, 0x3A, 0xCA, 0x26, 0x0B, 0x30, 0x3C, 0x68,
    0x91, 0x71, 0x73, 0x5C, 0x64, 0xAC, 0x3B, 0x84, 0x91, 0x9A, 0xDA, 0xA5, 0xBD, 0xBB, 0x13, 0x3D,
    0x90, 0x48, 0x14, 0x53, 0xDF, 0x06, 0xC4, 0xC8, 0x7D, 0x14, 0x19, 0x2D, 0xEA, 0xBA, 0x25, 0xED,
    0xE2, 0x61, 0x98, 0x71, 0xD5, 0xCD, 0x26, 0xDD, 0x36, 0x27, 0xC4, 0x6B, 0x06, 0xA8, 0x6E, 0x18,
    0x90, 0x3F, 0xEA, 0x38, 0x4A, 0x11, 0x1C, 0x7C, 0x6B, 0x7C, 0x1E, 0xA4, 0x07, 0xD4, 0x21, 0x70,
    0x70, 0x24, 0x5E, 0xD1, 0x9F, 0xBC, 0x55, 0xED, 0xCA, 0x5F, 0x12, 0x45, 0x24, 0x67, 0xDE, 0xFE,
    0x1F, 0x58, 0xEB, 0x13, 0x77, 0xC9, 0xFE, 0x1E, 0xBD, 0xD7, 0x01, 0x84, 0x65, 0xF7, 0x7E, 0x07,
    0xF0, 0xCF, 0x39, 0x67, 0xED, 0x69, 0x7A, 0xB2, 0x3D, 0x5B, 0x29, 0x42, 0xB6, 0x7B, 0x5A, 0x06,
    0x8B, 0xCC, 0xDC, 0xC1, 0x22, 0xAD, 0xC9, 0x9C, 0xD3, 0x6E, 0x29, 0xAA, 0x02, 0x00, 0x30, 0x28,
    0x20, 0x74, 0x4B, 0xB1, 0xDA, 0xD9, 0xB9, 0x47, 0x54, 0xA1, 0x68, 0x14, 0x00, 0x1A, 0x05, 0x40,
    0x05, 0xA1, 0x43, 0x77, 0x76, 0xFE, 0x5A, 0x44, 0x5A, 0xE5, 0x28, 0x1A, 0x1A, 0xDA, 0xD3, 0xA4,
    0x1A, 0xF5, 0x90, 0x7F, 0xE2, 0xE4, 0xE5, 0xBE, 0xE7, 0xEE, 0x9C, 0x77, 0x8F, 0x6B, 0xC5, 0xE2,
    0x79, 0xB3, 0xF7, 0xCE, 0x04, 0xFF, 0x0B, 0xB8, 0xFF, 0xCF, 0xF7, 0x7B, 0xFF, 0xBF, 0x1F, 0x97,
    0xA2, 0xC5, 0x2C, 0xA0, 0x0E, 0x38, 0xEF, 0x48, 0xBE, 0xEB, 0xC8, 0xBE, 0xE8, 0x29, 0xFE, 0x39,
    0x52, 0x3E, 0x88, 0xCC, 0xD2, 0x81, 0xF9, 0x38, 0x30, 0x8E, 0x0B, 0xC9, 0x90, 0x2C, 0x65, 0xBD,
    0xA5, 0x6A, 0xC8, 0xC7, 0xA6, 0x5E, 0x94, 0x63, 0x0B, 0x80, 0x2C, 0xA0, 0xE8, 0x50, 0x06, 0x24,
    0x70, 0x72, 0x28, 0x1D, 0x97, 0x8A, 0xFF, 0x59, 0xAA, 0xDA, 0x85, 0x3A, 0x19, 0xD4, 0x59, 0x74,
    0x92, 0xAF, 0x4E, 0xD9, 0x3B, 0xF9, 0xED, 0x2F, 0xD5, 0xDF, 0x5C, 0xA8, 0xDA, 0x01, 0x40, 0x12,
    0xC9, 0xA6, 0xD3, 0xA3, 0x81, 0xA2, 0xC7, 0xDB, 0x03, 0xEE, 0x47, 0xA4, 0x3D, 0xCA, 0x06, 0xB7,
    0x00, 0x57, 0x99, 0xA7, 0x88, 0xEC, 0x9D, 0x72, 0xE7, 0xD1, 0x9A, 0x52, 0xB4, 0xE4, 0xD8, 0x20,
    0x4D, 0x40, 0xDA, 0x91, 0xFF, 0x6B, 0x4B, 0xF5, 0xFF, 0x78, 0x3C, 0x20, 0xDE, 0xBF, 0x7A, 0x35,
    0x81, 0xB4, 0x27, 0xEF, 0x28, 0x1B, 0x6E, 0x91, 0x07, 0xAA, 0xC8, 0xF1, 0x30, 0xDD, 0xB9, 0x49,
    0x82, 0x1D, 0x38, 0x80, 0x5D, 0xE4, 0x7F, 0x89, 0xAA, 0xC3, 0x71, 0x44, 0xDC, 0xBF, 0x86, 0x18,
    0x47, 0x88, 0x78, 0x82, 0x5D, 0xF2, 0x4F, 0xB6, 0x8D, 0x50, 0x76, 0xF8, 0xAD, 0x9E, 0xFC, 0xBD,
    0x40, 0xF5, 0x9F, 0xD7, 0xAA, 0x2F, 0x3A, 0x76, 0x23, 0xBF, 0xD6, 0x53, 0xB4, 0xF2, 0x7F, 0xDB,
    0x52, 0xBF, 0xF7, 0x3A, 0xFE, 0x7C, 0x89, 0xDF, 0x8C, 0x2F, 0x70, 0x0F, 0x23, 0xE2, 0xC3, 0xAB,
    0x8F, 0xB0, 0xF7, 0x2A, 0xF5, 0x92, 0xFD, 0x53, 0xF8, 0xFE, 0x0D, 0x3D, 0x39, 0x25, 0xEE, 0x6C,
    0x10, 0x21, 0x0F, 0xA8, 0xA2, 0xF5, 0x57, 0x24, 0xFD, 0x3D, 0xE0, 0x87, 0xDB, 0x40, 0x69, 0x67,
    0x3D, 0xD3, 0x03, 0xC7, 0x8F, 0xD6, 0x29, 0xAE, 0x6C, 0x33, 0x79, 0x1F, 0x49, 0x8F, 0x2C, 0xE0,
    0xFF, 0x76, 0x70, 0x11, 0x51, 0xB7, 0xD7, 0x90, 0x73, 0x1F, 0xA7, 0xA4, 0x3D, 0xAF, 0xFD, 0x1E,
    0x1F, 0xBE, 0xC9, 0xF9, 0xC0, 0xAC, 0xDD, 0x20, 0xD1, 0x2F, 0x43, 0x09, 0x05, 0x7C, 0xFE, 0x47,
    0xD7, 0x29, 0x7F, 0x05, 0x25, 0xCA, 0x86, 0x2C, 0xF0, 0xAB, 0x7F, 0xB1, 0xA5, 0xBE, 0xE8, 0x71,
    0x27, 0x22, 0xED, 0xF0, 0xE9, 0x6F, 0xE0, 0xDB, 0x88, 0xF9, 0x35, 0xE8, 0xB3, 0xC8, 0xAF, 0x3C,
    0xE2, 0xC6, 0x9F, 0x92, 0x75, 0xBC, 0x86, 0x0F, 0xEF, 0xF0, 0x74, 0x53, 0xFD, 0xE1, 0xEB, 0xF8,
    0xC7, 0x53, 0xFC, 0x4D, 0x0F, 0xD0, 0xED, 0xE0, 0xA7, 0xD7, 0x15, 0xA1, 0x7A, 0x3E, 0xD6, 0x03,
    0xB7, 0xB7, 0xE5, 0x1F, 0xDD, 0xC0, 0xF0, 0x16, 0xCE, 0x23, 0x66, 0xED, 0x0F, 0x3D, 0xD2, 0xFB,
    0x37, 0x38, 0x7D, 0x93, 0xF9, 0x40, 0xD5, 0x5D, 0xD9, 0x38, 0xA7, 0xE3, 0x18, 0xA7, 0xE3, 0x24,
    0xE9, 0x9D, 0x25, 0x9D, 0xA5, 0xC6, 0x12, 0xE3, 0x85, 0x64, 0x5C, 0x9A, 0xD8, 0x59, 0x9C, 0x4E,
    0xBA, 0x3A, 0x45, 0x93, 0xF7, 0x95, 0xD9, 0x38, 0x3A, 0x1F, 0x9F, 0x01, 0x70, 0x80, 0x33, 0x2C,
    0x71, 0x1B, 0xF3, 0x36, 0x1D, 0xBB, 0xE2, 0xD3, 0xAE, 0xCA, 0xC3, 0xE1, 0xAC, 0xA9, 0x97, 0xE6,
    0xAD, 0xC7, 0x49, 0x5B, 0x17, 0x6D, 0x7D, 0xA1, 0x18, 0x00, 0x79, 0x50, 0x06, 0x65, 0x2B, 0x81,
    0x39, 0xE9, 0x8F, 0x5A, 0xE9, 0xC7, 0x2D, 0x15, 0x3E, 0xC2, 0x43, 0x6C, 0x49, 0xAC, 0x3A, 0x7F,
    0x16, 0x3D, 0xEC, 0x65, 0xC1, 0x5D, 0x5E, 0xE5, 0x32, 0xBE, 0xF4, 0xEB, 0xA0, 0x18, 0x83, 0x9B,
    0x55, 0xB3, 0xB5, 0xE0, 0xEC, 0x7E, 0x32, 0x0E, 0xC9, 0xC7, 0x1D, 0x97, 0xBB, 0x9B, 0x57, 0xA0,
    0xC2, 0xDB, 0x07, 0x18, 0x8F, 0xC8, 0x3E, 0x0B, 0xE4, 0xBF, 0xDB, 0xF2, 0x9C, 0xB3, 0xFE, 0x30,
    0x81, 0x26, 0x91, 0x89, 0xC4, 0xD2, 0x1A, 0x35, 0xA9, 0x4C, 0xAC, 0xB5, 0x6B, 0x82, 0x31, 0xC9,
    0x4C, 0xB4, 0xC9, 0x66, 0x8D, 0x23, 0x6D, 0xC8, 0x03, 0x65, 0xCB, 0x21, 0x76, 0x28, 0x51, 0x07,
    0xC9, 0x8F, 0xA7, 0xD6, 0xBA, 0xE7, 0x6C, 0x2B, 0xB7, 0x15, 0xDC, 0x4A, 0x6E, 0x45, 0xB7, 0xB2,
    0x9B, 0xB7, 0x26, 0xBD, 0x15, 0xDF, 0xCA, 0xAF, 0x18, 0x20, 0x69, 0xC9, 0x3A, 0x44, 0x0E, 0xF6,
    0x19, 0xA7, 0x04, 0xED, 0x14, 0x60, 0xEB, 0x36, 0x93, 0x56, 0xD6, 0x49, 0x22, 0xA7, 0xCA, 0x1D,
    0x75, 0x58, 0x29, 0x27, 0xE4, 0xE5, 0x9A, 0x7D, 0x8A, 0xE4, 0x33, 0x1C, 0xFC, 0x3A, 0xC6, 0x7D,
    0x93, 0xEB, 0xBA, 0x9A, 0x9D, 0xB5, 0xFC, 0x43, 0xE0, 0xB5, 0xC0, 0x1E, 0xE5, 0xBD, 0xED, 0x5A,
    0x4D, 0x62, 0x2B, 0xBB, 0x08, 0xD2, 0xA2, 0x05, 0x1E, 0x93, 0x7E, 0xD5, 0x28, 0x1E, 0x6C, 0xDF,
    0xEA, 0xF1, 0xBE, 0x71, 0xF0, 0x4F, 0x3D, 0x54, 0x8D, 0x79, 0x48, 0xBE, 0x8E, 0x59, 0x78, 0xFF,
    0x72, 0xAD, 0xEE, 0x62, 0x6C, 0x64, 0x5F, 0x06, 0xE5, 0xEF, 0x04, 0xAE, 0x69, 0xA9, 0x14, 0x8D,
    0x59, 0x70, 0xD2, 0x8B, 0x31, 0x0D, 0x1F, 0xD8, 0x6C, 0xCD, 0x54, 0x9D, 0x93, 0xE8, 0x61, 0x94,
    0x76, 0xCF, 0xD7, 0x81, 0x74, 0xC2, 0x76, 0xE6, 0x3C, 0xE5, 0x8C, 0x25, 0x4B, 0xC9, 0x4A, 0xB9,
    0x90, 0x0D, 0x93, 0x33, 0x8B, 0xF2, 0x68, 0xB6, 0x70, 0xBE, 0x94, 0x3C, 0x93, 0xFD, 0xB7, 0xEC,
    0x1D, 0x76, 0x89, 0x74, 0xF0, 0x46, 0xA7, 0xEE, 0xE5, 0x9D, 0xE2, 0xF9, 0x5D, 0xD3, 0x0F, 0x49,
    0xBD, 0xAF, 0x8E, 0x66, 0xED, 0xCB, 0x5D, 0x01, 0x94, 0xCC, 0x1A, 0x33, 0x6E, 0xE0, 0xB6, 0x65,
    0xBA, 0x4C, 0xE2, 0xFA, 0xAE, 0xBA, 0xCF, 0xBB, 0x22, 0x94, 0xA1, 0x6C, 0x57, 0xA1, 0xD5, 0xFB,
    0x75, 0x9C, 0xB5, 0x70, 0xE0, 0xCC, 0xD2, 0x6D, 0x8A, 0x0B, 0xCE, 0xC7, 0x2E, 0xBB, 0xF8, 0xE3,
    0x58, 0xC4, 0x7C, 0x51, 0x75, 0xD9, 0x72, 0x16, 0xD2, 0x65, 0xDD, 0x4C, 0x27, 0x5B, 0xCE, 0x65,
    0x8B, 0xB9, 0x3C, 0xD6, 0x4D, 0x19, 0xEB, 0x30, 0x0B, 0xB3, 0x6F, 0xC7, 0xA6, 0x18, 0x9F, 0x49,
    0xC6, 0xF7, 0x01, 0x78, 0x84, 0x25, 0x06, 0x34, 0x98, 0xB7, 0xD9, 0x18, 0xCB, 0x7F, 0x5F, 0x54,
    0xCD, 0xB2, 0xB6, 0x3C, 0x4C, 0x16, 0x27, 0xE9, 0x70, 0x92, 0xC5, 0xBA, 0xEC, 0x66, 0x63, 0x53,
    0x2C, 0x00, 0xD9, 0x0B, 0x2B, 0xFD, 0xA9, 0x55, 0x57, 0x8D, 0xEC, 0x0F, 0x1A, 0xF6, 0x30, 0xA0,
    0x83, 0xED, 0x88, 0x79, 0x74, 0xF7, 0xD4, 0x9D, 0x47, 0x92, 0xA8, 0x68, 0xE5, 0x5C, 0xCE, 0xF7,
    0x4B, 0xD8, 0xE3, 0xF8, 0x58, 0x72, 0xF1, 0x81, 0x7C, 0x25, 0x2B, 0xB3, 0x66, 0x6B, 0x0D, 0x2D,
    0x69, 0x24, 0xEB, 0x28, 0x1B, 0x5E, 0xF1, 0xFD, 0x9F, 0xD0, 0x8F, 0x88, 0xF7, 0x59, 0x03, 0xAD,
    0x84, 0x56, 0x44, 0x2B, 0xA3, 0x15, 0xD2, 0x4A, 0x69, 0xC5, 0xB4, 0x72, 0x5A, 0x41, 0xAD, 0xA4,
    0xD6, 0xD4, 0xB4, 0x21, 0x0B, 0x24, 0x3D, 0x8F, 0x8E, 0x56, 0x5E, 0x57, 0xE7, 0x3D, 0x22, 0xF2,
    0x84, 0x5D, 0xF9, 0x27, 0xAA, 0x38, 0x29, 0x27, 0xE4, 0xA5, 0x3A, 0x3C, 0x23, 0xFD, 0x2F, 0x1E,
    0xBD, 0xB9, 0x32, 0x1D, 0x5D, 0x9D, 0xA9, 0xE8, 0xD9, 0x8D, 0xDC, 0x88, 0x14, 0xAD, 0xFC, 0x5F,
    0xB6, 0xEB, 0x2F, 0xED, 0x5B, 0xD9, 0x79, 0x90, 0x95, 0x0D, 0x70, 0x4A, 0xF6, 0x95, 0x2B, 0xB1,
    0xEE, 0xBD, 0xAA, 0x7E, 0x66, 0xFF, 0x14, 0xF2, 0x60, 0xEA, 0xEF, 0x54, 0xDC, 0xB9, 0x5C, 0x7F,
    0x07, 0x24, 0x23, 0xF9, 0x67, 0xC1, 0xDD, 0xB4, 0xC5, 0xF5, 0x0C, 0x6B, 0xDA, 0x29, 0xA2, 0x6A,
    0x70, 0xFC, 0x96, 0x0F, 0xEF, 0xD9, 0x70, 0x7C, 0xD3, 0x06, 0x55, 0x8B, 0x11, 0xE9, 0xFF, 0xE6,
    0x01, 0x45, 0x58, 0x89, 0xAB, 0xC6, 0xB4, 0xAA, 0x27, 0xB3, 0x15, 0x7A, 0xB0, 0x52, 0x2F, 0x4C,
    0x6C, 0x93, 0xDB, 0x04, 0x37, 0xC9, 0x4D, 0x74, 0x93, 0xDD, 0x84, 0x37, 0xE9, 0x4D, 0xFC, 0xE7,
    0xFE, 0x23, 0x44, 0xB2, 0x48, 0x1E, 0xB8, 0x99, 0xB7, 0x14, 0xAD, 0xF9, 0xDF, 0xCA, 0xC6, 0xE5,
    0xE5, 0x7E, 0xEC, 0x9B, 0x50, 0x76, 0xC8, 0x17, 0xF0, 0xEE, 0x35, 0x38, 0x8F, 0xB0, 0xC0, 0x19,
    0x66, 0xC8, 0x37, 0x70, 0x7A, 0x6A, 0xBD, 0x0F, 0xD7, 0x0B, 0xD1, 0x1E, 0x0C, 0xD0, 0x5D, 0x83,
    0xB8, 0xEA, 0x38, 0x89, 0x3C, 0x8C, 0x64, 0x81, 0xBB, 0xB8, 0xB5, 0x81, 0x3A, 0xFB, 0xBC, 0xA5,
    0x1C, 0x03, 0xB7, 0x66, 0xD7, 0xC0, 0x3C, 0xBB, 0x2F, 0x19, 0x07, 0xC9, 0xC7, 0x3D, 0x36, 0xE0,
    0x71, 0x0D, 0xA8, 0x17, 0x07, 0xCB, 0x12, 0x06, 0x68, 0xD8, 0x94, 0x09, 0xB2, 0x40, 0x39, 0x9D,
    0x96, 0x04, 0xF5, 0x45, 0x39, 0x9A, 0x2D, 0x8A, 0x67, 0x8A, 0x3E, 0x8D, 0xCA, 0x2E, 0x8B, 0xCA,
    0x90, 0xF5, 0xCA, 0x90, 0x77, 0xAA, 0x50, 0x04, 0xB3, 0xB6, 0x08, 0x13, 0x35, 0xA8, 0x95, 0xAD,
    0x5A, 0xD5, 0xA8, 0x9B, 0x9A, 0xFA, 0x3F, 0x9E, 0x51, 0x8D, 0x03, 0x37, 0xC7, 0xF6, 0x17, 0xA1,
    0x67, 0xE1, 0xD0, 0xBC, 0x7B, 0x2C, 0xEF, 0x9E, 0x28, 0xC2, 0x0A, 0x1D, 0x56, 0xE8, 0xF7, 0x06,
    0xB3, 0x07, 0x83, 0x7A, 0xAA, 0x61, 0xF7, 0x9B, 0xA6, 0xFE, 0x7A, 0x54, 0xB5, 0xDF, 0x6B, 0x45,
    0xD2, 0x81, 0x34, 0xA2, 0x79, 0xF1, 0x01, 0xBF, 0xE3, 0xC5, 0x07, 0x0C, 0x57, 0x9C, 0xA7, 0xE8,
    0xD9, 0x1B, 0xB8, 0xF7, 0x11, 0x49, 0x4F, 0xD1, 0x90, 0xE3, 0xA5, 0xD3, 0xA4, 0x30, 0x6B, 0x49,
    0x46, 0x83, 0xB4, 0xB7, 0x40, 0x1A, 0x27, 0x6B, 0xB7, 0xB2, 0xFE, 0xC4, 0xF6, 0x56, 0x3B, 0x78,
    0x82, 0x05, 0x59, 0x4F, 0xD6, 0x4C, 0xE8, 0x61, 0x16, 0xEA, 0xEE, 0xD2, 0xCE, 0x9B, 0x50, 0x06,
    0xE4, 0x83, 0x81, 0x77, 0xAF, 0xC1, 0xB9, 0x83, 0x63, 0xD4, 0x28, 0x5B, 0xD2, 0xF6, 0xE5, 0x9D,
    0x3F, 0xE7, 0x15, 0x0C, 0x74, 0x9B, 0x89, 0x37, 0x78, 0x05, 0x2F, 0xAF, 0xCE, 0xD7, 0x6B, 0xAC,
    0x1D, 0xDC, 0xDA, 0xBB, 0x06, 0xE6, 0xEC, 0x0E, 0xE7, 0x4B, 0xFE, 0x6E, 0xC0, 0x06, 0x3C, 0x0C,
    0xD8, 0x4A, 0xB6, 0xC1, 0x5A, 0x78, 0xD1, 0xBA, 0xE5, 0x7A, 0xD8, 0xC1, 0x21, 0x66, 0x81, 0xA4,
    0x03, 0xE7, 0x8B, 0xF3, 0x38, 0xEF, 0xE7, 0x5D, 0xD5, 0xCE, 0x94, 0xE1, 0x58, 0xD1, 0x0D, 0xF2,
    0x2F, 0x7A, 0xD9, 0x77, 0x41, 0x3A, 0x36, 0x92, 0x0B, 0x2C, 0x49, 0x96, 0xA4, 0x0B, 0xD2, 0x81,
    0x37, 0x2E, 0xA8, 0x47, 0x64, 0x28, 0x02, 0x79, 0x3F, 0x11, 0xB1, 0x0F, 0x9C, 0x15, 0x21, 0x1D,
    0x8B, 0xDE, 0x2C, 0xEF, 0x55, 0x0F, 0x3A, 0xE5, 0xEF, 0x07, 0xE5, 0x5F, 0xB5, 0xCA, 0xBF, 0xA6,
    0xF8, 0x7B, 0x8A, 0x25, 0xC5, 0x40, 0xD1, 0x53, 0x06, 0x2A, 0x8E, 0x8E, 0x19, 0x7B, 0x4E, 0x9A,
    0x2D, 0x4D, 0x80, 0xBC, 0x7D, 0x71, 0x8F, 0x6F, 0x66, 0xCA, 0xC2, 0xD8, 0x97, 0xE1, 0xA4, 0x59,
    0x7F, 0x8B, 0x7C, 0xE0, 0xEE, 0x13, 0xEE, 0x1C, 0x60, 0x20, 0x6F, 0xC9, 0x60, 0x4B, 0xF3, 0xFA,
    0x6F, 0x98, 0xF5, 0xB8, 0xEE, 0x62, 0x40, 0x7F, 0x25, 0x5D, 0x9A, 0xFD, 0x21, 0xF3, 0x67, 0xFC,
    0xC9, 0x62, 0x7B, 0xE7, 0x34, 0xA2, 0xE5, 0xD8, 0xBA, 0x75, 0x08, 0x57, 0xE2, 0xFB, 0x19, 0x8D,
    0x93, 0x01, 0xA4, 0x1C, 0x47, 0x1C, 0xC6, 0x7F, 0x3B, 0x7B, 0x97, 0xAB, 0xB7, 0x74, 0x16, 0x17,
    0xA2, 0xD2, 0xEC, 0x15, 0x38, 0x25, 0x37, 0x91, 0x42, 0xC2, 0xEE, 0xCE, 0xA8, 0x94, 0x12, 0x95,
    0x43, 0x01, 0x10, 0x14, 0xA0, 0x28, 0xC5, 0x61, 0x93, 0x1B, 0x82, 0xA0, 0x68, 0xA1, 0x00, 0x1C,
    0x0A, 0x00, 0x88, 0x7A, 0xEA, 0xFA, 0x3A, 0xCF, 0x53, 0x44, 0x60, 0xDB, 0x07, 0x00, 0xDB, 0x02,
    0x40, 0xE7, 0xD5, 0x55, 0x16, 0xFB, 0xDE, 0x76, 0xB6, 0x47, 0x4B, 0x2B, 0xE9, 0xDB, 0xEF, 0xDB,
    0x3F, 0xBE, 0xF9, 0xFE, 0xFF, 0x59, 0xFE, 0xDF, 0x2E, 0xFF, 0xFD, 0xA4, 0xE6, 0x5D, 0x2B, 0x51,
    0xF6, 0xAA, 0x19, 0xF3, 0x6A, 0x60, 0xD8, 0x30, 0x5F, 0x9F, 0x2F, 0xE7, 0xCB, 0xCD, 0xD2, 0x2C,
    0x79, 0x15, 0x22, 0x0E, 0x98, 0xB3, 0x3E, 0x9F, 0x8F, 0x0F, 0xC6, 0xD1, 0x6B, 0x06, 0xEA, 0x4E,
    0x77, 0x57, 0x3F, 0xDE, 0xD7, 0x75, 0xDF, 0x06, 0x02, 0x7D, 0xDF, 0xF6, 0xFD, 0xAE, 0x1F, 0x1E,
    0xB7, 0xAF, 0x00, 0xF0, 0x5F, 0xA5, 0x28, 0x2F, 0x8B, 0xFD, 0xCC, 0xBF, 0x87, 0x0B, 0x97, 0xD8,
    0x8C, 0x72, 0x00, 0x53, 0x12, 0x2B, 0x9D, 0xB4, 0xD2, 0x2C, 0xA8, 0x48, 0x91, 0x64, 0x46, 0x1A,
    0x45, 0xC1, 0x21, 0x4B, 0x1E, 0xD1, 0x05, 0x54, 0x14, 0x48, 0xAE, 0x20, 0x8E, 0xEB, 0xE4, 0xA9,
    0xCB, 0xA4, 0x29, 0x43, 0xB7, 0x1A, 0x38, 0x1D, 0x11, 0x14, 0xF9, 0xA2, 0x96, 0xA1, 0xDE, 0xB7,
    0x0B, 0x49, 0x55, 0x90, 0xA6, 0x48, 0x69, 0xB2, 0x07, 0x56, 0x3E, 0xB0, 0x2A, 0xA3, 0x28, 0x39,
    0x5C, 0xB1, 0x4C, 0x79, 0x54, 0xD0, 0x7D, 0x4F, 0xB7, 0xA5, 0xAA, 0x28, 0x16, 0xC8, 0x30, 0x52,
    0x18, 0x0A, 0x06, 0xE6, 0x4C, 0x57, 0x4B, 0xDD, 0xFB, 0xBB, 0xDF, 0x7E, 0x85, 0x27, 0x30, 0x6A,
    0x10, 0x0D, 0x71, 0x3D, 0x70, 0xE2, 0x06, 0x22, 0x0D, 0x03, 0x19, 0xDF, 0x98, 0xCA, 0xBE, 0x7B,
    0xF3, 0xD3, 0x6F, 0xC8, 0xA1, 0x1A, 0xC8, 0x8A, 0xBB, 0xDF, 0x6D, 0x74, 0xDF, 0x4C, 0xCF, 0x4C,
    0xE4, 0x19, 0x1A, 0x1B, 0x0E, 0xAC, 0xAE, 0x03, 0xDC, 0x5B, 0x6C, 0xB8, 0xA0, 0x6F, 0xFA, 0xAE,
    0x6F, 0x2E, 0xD8, 0x30, 0x3A, 0xEA, 0x1F, 0x8D, 0x30, 0x6A, 0x52, 0x6B, 0x59, 0x2F, 0x12, 0x3B,
    0x22, 0xC5, 0x68, 0xBA, 0xD8, 0xFF, 0x55, 0x0A, 0x76, 0x71, 0x3D, 0x78, 0xF6, 0xDB, 0xFE, 0xEC,
    0xB2, 0xDB, 0xFE, 0xE8, 0xFF, 0xB6, 0x7D, 0x80, 0xB2, 0x5F, 0x3F, 0xFC, 0x20, 0x1D, 0xF3, 0x3A,
    0x44, 0x53, 0x78, 0x0E, 0xB7, 0x8D, 0xEE, 0xDC, 0xEC, 0xB6, 0x99, 0x3D, 0xE7, 0x9D, 0x29, 0x33,
    0x2E, 0xC5, 0xE8, 0x1E, 0x57, 0x6E, 0x71, 0xCD, 0xF1, 0x5E, 0xEF, 0xAE, 0x39, 0x7B, 0xE5, 0x96,
    0x8D, 0xEE, 0x59, 0xB8, 0x24, 0xB9, 0x06, 0x88, 0x96, 0x12, 0xC8, 0x8E, 0xE8, 0x80, 0x42, 0x45,
    0x1E, 0xA8, 0xB2, 0xD8, 0x01, 0xAD, 0x92, 0x06, 0x68, 0xCB, 0x45, 0x56, 0x27, 0xBB, 0xB6, 0xAA,
    0x7E, 0xF0, 0xBA, 0x3B, 0xDA, 0xFD, 0xEE, 0x77, 0xDB, 0x42, 0x9D, 0x9E, 0xD6, 0xED, 0xAE, 0x20,
    0x79, 0xE2, 0xFE, 0xF0, 0x05, 0x6A, 0x72, 0x7C, 0xE6, 0x2B, 0xAA, 0xC9, 0xC9, 0x2F, 0xBE, 0x65,
    0x17, 0x87, 0xE0, 0xFA, 0xB8, 0xE1, 0x82, 0xB5, 0xC5, 0x01, 0x30, 0x21, 0x09, 0xA9, 0x53, 0x94,
    0x54, 0xCC, 0x98, 0xC4, 0x26, 0x79, 0xE1, 0xE4, 0x97, 0x43, 0x5E, 0xCA, 0x20, 0xE5, 0xCC, 0x82,
    0x28, 0x6C, 0x9D, 0x9C, 0xFC, 0xEC, 0xE5, 0x17, 0x27, 0x5E, 0xC9, 0xA7, 0x75, 0x99, 0x49, 0x5B,
    0xDD, 0x94, 0xCC, 0xDE, 0x18, 0x33, 0x67, 0xCB, 0x63, 0x34, 0xD2, 0x24, 0x56, 0x30, 0xBF, 0xCE,
    0xB6, 0xE4, 0xB1, 0x42, 0x4B, 0x23, 0xEF, 0xBB, 0xF0, 0x11, 0x02, 0x3B, 0xBF, 0x9E, 0x04, 0x35,
    0x0B, 0xB2, 0xB4, 0x3A, 0xA8, 0xF2, 0xFE, 0x49, 0x9D, 0x3C, 0x39, 0xF6, 0xE1, 0x68, 0xC9, 0x43,
    0xA2, 0x8E, 0xC9, 0x6F, 0xA8, 0x89, 0xE3, 0x73, 0xE1, 0xA5, 0xD3, 0x68, 0x94, 0x49, 0x9C, 0xA8,
    0x25, 0x89, 0x8B, 0x7D, 0xD4, 0x8A, 0x5D, 0x52, 0x2B, 0x93, 0x07, 0xAB, 0x30, 0xAB, 0xB7, 0x13,
    0x7B, 0x53, 0xDD, 0x20, 0xF9, 0x70, 0x85, 0xF8, 0xC9, 0xC3, 0x4B, 0x47, 0xAE, 0x25, 0x45, 0xB8,
    0x70, 0xFA, 0xF2, 0x47, 0x44, 0xED, 0x19, 0xCE, 0x06, 0xCF, 0xE0, 0x1D, 0x7A, 0x84, 0x2F, 0x27,
    0xCD, 0xB9, 0x74, 0x9D, 0x3C, 0x6E, 0xB3, 0xF7, 0x7D, 0x26, 0xBC, 0x8A, 0x9B, 0x45, 0x5C, 0x17,
    0xB1, 0xCB, 0x63, 0x77, 0x27, 0x36, 0x69, 0xC4, 0x76, 0x38, 0x76, 0xCF, 0xA4, 0xD9, 0xFF, 0x98,
    0x43, 0x60, 0x41, 0x18, 0xF6, 0x79, 0xB7, 0xA0, 0x80, 0x0A, 0xD8, 0x81, 0x68, 0xD8, 0xCB, 0x40,
    0x01, 0x1C, 0x42, 0xE4, 0x21, 0xAE, 0xFF, 0x71, 0x16, 0xEC, 0xB7, 0x98, 0x34, 0x49, 0xA3, 0xBB,
    0x80, 0x73, 0xDD, 0xA5, 0x45, 0x9A, 0xB3, 0x65, 0x2B, 0x7C, 0xEC, 0x87, 0x1F, 0xBD, 0xA0, 0x40,
    0x3B, 0xED, 0x94, 0x51, 0x06, 0x60, 0x14, 0xA0, 0x29, 0x59, 0xF3, 0x98, 0x3C, 0x20, 0x69, 0xE2,
    0xD0, 0x2B, 0x9D, 0x0E, 0x9F, 0x9E, 0x16, 0x99, 0x61, 0xAB, 0x10, 0x5E, 0x23, 0xDD, 0xD0, 0x99,
    0xA3, 0x5D, 0x8E, 0x32, 0x2B, 0xE0, 0x13, 0x46, 0xA4, 0x68, 0x5A, 0xD6, 0x51, 0x4B, 0x8E, 0x0F,
    0xBE, 0x23, 0x26, 0xBF, 0xF6, 0x4E, 0x9E, 0xF4, 0xB5, 0x3C, 0x8E, 0xEB, 0xCC, 0x4C, 0x5C, 0x86,
    0x0A, 0xE8, 0x58, 0x88, 0x86, 0x22, 0xEE, 0xC8, 0x45, 0xCB, 0x1D, 0x20, 0xC5, 0xB0, 0x8D, 0x3D,
    0x5D, 0x78, 0x9F, 0xC5, 0x35, 0xC0, 0x70, 0x37, 0xE1, 0x5E, 0x53, 0xA9, 0x9E, 0x59, 0xF0, 0x0D,
    0x09, 0xD8, 0x0C, 0x11, 0x68, 0x43, 0x06, 0xCE, 0x76, 0x21, 0x04, 0xA7, 0xBE, 0xCC, 0x42, 0x14,
    0x42, 0x0C, 0x12, 0x1B, 0x72, 0x20, 0xF8, 0x13, 0xD5, 0x90, 0x31, 0x4E, 0x03, 0x31, 0x14, 0x05,
    0x67, 0x77, 0x51, 0x5C, 0xB8, 0xF8, 0x37, 0x88, 0x4F, 0x90, 0xB8, 0x45, 0x68, 0x93, 0xEF, 0x9E,
    0xAB, 0x70, 0x80, 0x14, 0x1B, 0xE2, 0x13, 0x51, 0x51, 0x22, 0xE2, 0x23, 0xE4, 0x04, 0xC8, 0x05,
    0x07, 0x48, 0x91, 0x22, 0xC5, 0x3A, 0x1F, 0x29, 0xF4, 0xF4, 0xF4, 0xEF, 0x49, 0x33, 0xD3, 0xDD,
    0xF0, 0x96, 0x82, 0xE4, 0xAD, 0x2F, 0xA3, 0xE4, 0x49, 0xD2, 0xA4, 0xE8, 0x4C, 0xA8, 0xE0, 0x13,
    0x0A, 0x86, 0xFB, 0x62, 0xB9, 0xE2, 0xF5, 0x98, 0x0F, 0x96, 0x99, 0x60, 0x47, 0x6F, 0x79, 0xB0,
    0x34, 0x14, 0xDC, 0x95, 0x45, 0x83, 0x2D, 0x4C, 0xE8, 0x05, 0xCD, 0x10, 0x73, 0x6F, 0xC5, 0x57,
    0xC2, 0x15, 0x35, 0x36, 0x81, 0x31, 0x10, 0x1B, 0xFE, 0x42, 0x34, 0xD4, 0x78, 0xDC, 0xC0, 0x85,
    0xBE, 0xE2, 0x0A, 0x72, 0xBF, 0x8E, 0x70, 0xC7, 0xC8, 0xF2, 0x9C, 0xFC, 0x1B, 0x6E, 0x66, 0xB5,
    0x66, 0x8C, 0x68, 0x23, 0x7C, 0xD3, 0x37, 0xC4, 0x08, 0x3E, 0x05, 0x9F, 0xC5, 0xD2, 0xC2, 0xE8,
    0x3E, 0x38, 0x9E, 0x39, 0x24, 0xF6, 0x7B, 0x96, 0x8D, 0xF8, 0xC2, 0x76, 0x64, 0x7C, 0x62, 0x77,
    0xE0, 0x7D, 0xC7, 0x1F, 0x46, 0x5D, 0x8D, 0x67, 0x57, 0x87, 0xD3, 0x50, 0x5C, 0xF1, 0x39, 0xD6,
    0x63, 0xFD, 0x1D, 0x8B, 0xA4, 0x07, 0x81, 0x89, 0xBE, 0x22, 0x09, 0x35, 0xF4, 0x46, 0xD7, 0x70,
    0x86, 0x17, 0x88, 0x0C, 0x33, 0xC3, 0x27, 0xAC, 0xD1, 0x19, 0x3D, 0xFD, 0x83, 0x32, 0x3F, 0x1D,
    0xC8, 0x21, 0x48, 0x05, 0x31, 0x1C, 0xC7, 0xF1, 0xEF, 0xBB, 0x83, 0x77, 0xF0, 0x2E, 0xAC, 0x59,
    0xD7, 0x31, 0xAC, 0x23, 0xB8, 0x75, 0xBB, 0x18, 0x04, 0x7B, 0xEF, 0xEE, 0xB0, 0x07, 0x7B, 0x32,
    0x2A, 0xF6, 0xF6, 0x60, 0x13, 0x3B, 0x1C, 0xF6, 0xB0, 0x60, 0x67, 0x61, 0xC2, 0x79, 0xCC, 0xFD,
    0x3D, 0x2E, 0x7C, 0xF8, 0xF1, 0xFB, 0x22, 0x92, 0x77, 0xD6, 0x6D, 0x98, 0x37, 0xF0, 0x08, 0x78,
    0x81, 0xD0, 0xA0, 0xB2, 0x53, 0x12, 0x19, 0x9B, 0xC3, 0x88, 0xC3, 0x0A, 0x80, 0x9F, 0xE8, 0x24,
    0x31, 0x7E, 0x65, 0xF4, 0x53, 0xC2, 0xE2, 0xBA, 0xF0, 0xC6, 0x20, 0x15, 0xCE, 0xA0, 0xA4, 0x70,
    0x5A, 0x5F, 0xE8, 0x32, 0x5C, 0xAD, 0xEF, 0x93, 0x17, 0x71, 0xD7, 0x17, 0x0D, 0xC2, 0x02, 0x30,
    0x6E, 0x17, 0x38, 0xB5, 0x10, 0x01, 0xCE, 0x6A, 0x9F, 0xAA, 0x3E, 0x32, 0xB0, 0xE8, 0xCF, 0x04,
    0x87, 0xC5, 0x3F, 0xC8, 0xB1, 0x74, 0xD2, 0xCC, 0x9F, 0xAE, 0xBD, 0xA4, 0x31, 0xDA, 0xBB, 0x3E,
    0xA3, 0xA2, 0x49, 0x43, 0x42, 0x4D, 0x37, 0x65, 0x9C, 0x51, 0xF7, 0x3F, 0xC5, 0x2C, 0xE8, 0x2A,
    0x39, 0x54, 0x54, 0xB2, 0x13, 0xF8, 0x6F, 0x06, 0xD9, 0xDA, 0x5C, 0xB0, 0x64, 0x2A, 0xEE, 0xD8,
    0x5E, 0x51, 0x52, 0xE9, 0x33, 0x18, 0xC9, 0x5C, 0xAE, 0xCF, 0xF4, 0x05, 0x0E, 0xED, 0x76, 0x26,
    0x48, 0x44, 0xFF, 0xF2, 0x0F, 0x7D, 0x90, 0x01, 0x66, 0xC4, 0x60, 0x10, 0x85, 0xBF, 0x4D, 0x4A,
    0x90, 0x92, 0x23, 0xEC, 0x1E, 0x60, 0x6D, 0x28, 0x80, 0xDA, 0xE6, 0x08, 0x3D, 0x4E, 0x81, 0xCD,
    0x91, 0x8A, 0x22, 0x94, 0xEE, 0x0F, 0x2C, 0x50, 0x7B, 0x84, 0xD0, 0x03, 0x34, 0x24, 0x28, 0xB6,
    0x3B, 0x7D, 0x4F, 0x91, 0xAA, 0x6D, 0x9F, 0x79, 0x32, 0xFF, 0x9B, 0xC9, 0xBC, 0x7F, 0x7E, 0x84,
    0xFC, 0x08, 0x55, 0x82, 0x2D, 0xB0, 0x8F, 0x48, 0xA6, 0x73, 0x6B, 0xAE, 0x61, 0x3C, 0x91, 0x9D,
    0x29, 0xA3, 0xAD, 0x9F, 0xFB, 0x75, 0xD7, 0x5F, 0x75, 0x0D, 0x1D, 0x17, 0x82, 0x06, 0x16, 0x03,
    0x70, 0x12, 0x6B, 0x22, 0xA2, 0x35, 0x9D, 0x5B, 0x73, 0xCD, 0x3D, 0x17, 0x7F, 0xD6, 0x50, 0x8D,
    0x96, 0x81, 0x6C, 0x64, 0x26, 0x4B, 0x8C, 0x7E, 0x4D, 0xDE, 0xD7, 0x54, 0x4D, 0x91, 0xEE, 0x22,
    0x06, 0xD3, 0xB9, 0x35, 0xD7, 0x8C, 0xEC, 0x48, 0xF9, 0x41, 0x7D, 0xE6, 0xE5, 0xBD, 0xBD, 0x79,
    0x23, 0xEB, 0xE7, 0xD0, 0x51, 0xA2, 0x4A, 0x6A, 0x50, 0x1B, 0xDD, 0xBC, 0xC7, 0x75, 0x97, 0xBE,
    0x8D, 0x95, 0xCC, 0xAE, 0x1D, 0xBB, 0x18, 0x14, 0x14, 0xE9, 0x67, 0xE4, 0x87, 0x54, 0x1D, 0xD2,
    0xB6, 0x48, 0x11, 0x8E, 0xAD, 0x9F, 0x87, 0x3C, 0x21, 0x4C, 0xBF, 0x62, 0x60, 0x3A, 0x31, 0x79,
    0x79, 0x77, 0x52, 0x7B, 0x71, 0x06, 0x0C, 0x2A, 0x68, 0x2A, 0xBD, 0x42, 0x45, 0xD1, 0x57, 0x2C,
    0x95, 0x6B, 0x1F, 0x53, 0x39, 0xD2, 0xE6, 0x17, 0x32, 0x78, 0xC4, 0x3B, 0x50, 0xB6, 0x8B, 0x66,
    0xA9, 0x59, 0x3B, 0xD1, 0x65, 0x7F, 0x7D, 0xB6, 0xEE, 0xBA, 0xFB, 0x0C, 0x36, 0xE2, 0xBE, 0x25,
    0x1B, 0x7B, 0xCA, 0x51, 0x2F, 0x32, 0x9E, 0x59, 0x8F, 0xAF, 0x30, 0xA6, 0xBF, 0x69, 0xE4, 0xAD,
    0x8D, 0xB8, 0xA7, 0x23, 0xE2, 0x53, 0x8C, 0x46, 0x62, 0xF2, 0xD7, 0x67, 0xEB, 0xAE, 0xBB, 0xCF,
    0xF8, 0x6F, 0x9E, 0xFD, 0xEC, 0x6B, 0x7F, 0xDF, 0xC3, 0xF7, 0xF1, 0xBD, 0x58, 0xAD, 0x60, 0x7A,
    0xD0, 0x98, 0x0D, 0x65, 0x44, 0xAB, 0xFB, 0x1F, 0x6F, 0x61, 0xF0, 0xD7, 0x67, 0xEB, 0xAE, 0xBB,
    0xEF, 0x0B, 0xAD, 0x96, 0x01, 0x84, 0x25, 0xC9, 0x19, 0xC7, 0x7F, 0xDD, 0x3D, 0x49, 0x93, 0x46,
    0x07, 0x26, 0x09, 0x6B, 0xD5, 0xE1, 0x10, 0xC7, 0x4D, 0x07, 0xC1, 0x61, 0xDE, 0x54, 0x5D, 0xE0,
    0x00, 0x16, 0x46, 0x70, 0x48, 0x10, 0x00, 0x39, 0x10, 0x16, 0xB3, 0xD3, 0x9D, 0x04, 0x70, 0x70,
    0x10, 0x40, 0xE4, 0x70, 0xE0, 0x2D, 0x06, 0x42, 0x1E, 0x66, 0xB7, 0x2B, 0x00, 0xE0, 0xFA, 0x10,
    0x00, 0x1A, 0x0B, 0x09, 0x6C, 0xB9, 0xF4, 0xD1, 0xB3, 0xDE, 0x74, 0xE5, 0xFB, 0xD4, 0x7B, 0xF3,
    0x92, 0x71, 0xB7, 0x6E, 0x93, 0xD4, 0xD4, 0xBF, 0xBA, 0xEA, 0xFB, 0xFF, 0xBF, 0x7F, 0xD5, 0xEB,
    0x6A, 0x55, 0xD3, 0x92, 0x4D, 0xB6, 0xCB, 0x43, 0xE3, 0x8B, 0xD1, 0xF8, 0xD2, 0xD7, 0x31, 0xFA,
    0x2A, 0x46, 0x57, 0x86, 0x86, 0x62, 0x5E, 0x91, 0x6F, 0x2F, 0x60, 0xBB, 0x81, 0x25, 0x40, 0x2B,
    0xB0, 0x03, 0x34, 0x1E, 0x0C, 0x64, 0xBD, 0xAB, 0xE2, 0xF8, 0xBD, 0x32, 0x90, 0x4F, 0x64, 0x33,
    0xFD, 0x5C, 0xC6, 0xD9, 0xFC, 0x6E, 0xB6, 0xD9, 0xF4, 0x24, 0x9F, 0x9E, 0x15, 0xE1, 0xBA, 0x18,
    0xAF, 0x2B, 0xFF, 0xDC, 0x74, 0x76, 0xA1, 0x7E, 0x41, 0x1B, 0xA7, 0x36, 0xCE, 0x14, 0x87, 0x7A,
    0xF6, 0x74, 0xB6, 0x71, 0x3E, 0xFE, 0xF9, 0x7F, 0x04, 0xFB, 0x28, 0x75, 0x02, 0x72, 0x78, 0xB0,
    0xD4, 0x10, 0xE3, 0x2D, 0xC5, 0xF2, 0xE1, 0x4C, 0x35, 0xE6, 0x5B, 0x6A, 0x5F, 0xDD, 0x62, 0xDC,
    0xC9, 0x25, 0x0D, 0x1B, 0x8B, 0xCD, 0x47, 0x69, 0xAA, 0xEE, 0x8C, 0xE6, 0xD7, 0x3C, 0xC1, 0xCC,
    0x88, 0x24, 0xE4, 0x22, 0xBE, 0xF9, 0x28, 0x60, 0x62, 0xF4, 0x9C, 0x36, 0x37, 0xF0, 0x16, 0x5A,
    0x4A, 0x5D, 0xF9, 0x00, 0x76, 0x4C, 0xBF, 0xE6, 0x2F, 0x13, 0x7C, 0xB9, 0x25, 0x1F, 0xB7, 0x14,
    0xC3, 0x22, 0x74, 0x4B, 0xDD, 0x59, 0x67, 0x9C, 0xED, 0x1A, 0x8C, 0x3F, 0xA3, 0x1E, 0xFA, 0x18,
    0x83, 0xC2, 0x26, 0x1C, 0xDE, 0xD4, 0x28, 0x2B, 0x09, 0xB5, 0x2B, 0xBE, 0xC5, 0x9B, 0xE2, 0xA3,
    0x38, 0xE5, 0x31, 0x4E, 0xF5, 0xCD, 0xF9, 0x23, 0x0D, 0x59, 0x12, 0xDA, 0xF5, 0x7A, 0x6A, 0x25,
    0x2E, 0xCF, 0x4F, 0xF7, 0x31, 0xE5, 0x55, 0xA7, 0x7A, 0xCD, 0x4B, 0x8B, 0xAE, 0xFC, 0xC1, 0xA3,
    0x15, 0x8F, 0x15, 0x96, 0x6B, 0xC1, 0x2C, 0x1E, 0xCB, 0x67, 0xEA, 0xD1, 0x3E, 0x7D, 0xF5, 0xD9,
    0x65, 0x39, 0x60, 0x45, 0xDA, 0x7C, 0xDE, 0x51, 0xC7, 0x3F, 0x3C, 0x2A, 0xD4, 0xA3, 0x15, 0x5C,
    0x80, 0xC8, 0x41, 0x5E, 0x6C, 0x29, 0x31, 0x33, 0xEC, 0xE6, 0x57, 0x68, 0xAE, 0x02, 0xB0, 0x0E,
    0x94, 0x53, 0x0D, 0xBD, 0xC6, 0x47, 0xE1, 0x17, 0x8E, 0xCF, 0x7B, 0x5D, 0xD5, 0x00, 0x45, 0x50,
    0x5C, 0xAE, 0x9F, 0x6A, 0xCE, 0xF4, 0x8E, 0x3C, 0xF7, 0x31, 0xE5, 0x55, 0xA7, 0xFA, 0x36, 0xBE,
    0xA0, 0x76, 0x50, 0x7B, 0xD8, 0x7B, 0xFC, 0x30, 0x34, 0x3E, 0x0B, 0xD5, 0xC0, 0x2C, 0xDA, 0xEB,
    0x3C, 0x48, 0x7E, 0xF2, 0xE8, 0xC5, 0xC3, 0xFC, 0x6C, 0xA2, 0xFE, 0x7D, 0xA0, 0xFA, 0x7C, 0x3C,
    0xFE, 0x30, 0x7A, 0x89, 0xA3, 0xCB, 0x06, 0xC5, 0x2C, 0x7D, 0x45, 0x4C, 0xAB, 0x4B, 0xF3, 0x4D,
    0xFB, 0x7C, 0xED, 0x43, 0x19, 0x94, 0x53, 0x8D, 0x6A, 0x6D, 0x8C, 0xD1, 0x37, 0x31, 0x2E, 0xAE,
    0x0C, 0xD9, 0x96, 0xFF, 0xB9, 0x31, 0x4B, 0x15, 0x9D, 0x8D, 0x46, 0x4D, 0x63, 0x67, 0xC5, 0xDC,
    0xE8, 0x17, 0x10, 0x0A, 0x5F, 0x4C, 0x19, 0x22, 0x80, 0x65, 0xFF, 0xFA, 0xBC, 0xA0, 0x03, 0x0B,
    0x48, 0x3C, 0x9F, 0x75, 0xBD, 0x59, 0x57, 0xFB, 0x62, 0x68, 0x5C, 0xE9, 0x35, 0x57, 0xD0, 0xA1,
    0xF2, 0x18, 0xA4, 0x82, 0x01, 0xCE, 0x76, 0x1B, 0x34, 0xA9, 0x3C, 0x6D, 0x79, 0xDD, 0x41, 0x03,
    0xAC, 0x92, 0x53, 0x16, 0x84, 0x1A, 0xA1, 0x52, 0xCA, 0xA5, 0x09, 0x2E, 0x52, 0x66, 0x83, 0x8A,
    0x6B, 0x4F, 0x39, 0x68, 0x76, 0x3E, 0xC1, 0xAC, 0x76, 0xCA, 0x59, 0x30, 0x6E, 0xCF, 0x8D, 0xE4,
    0x81, 0x0D, 0x3C, 0xE6, 0xDD, 0xDF, 0x8C, 0x32, 0x77, 0x19, 0x9D, 0x54, 0xE9, 0xC8, 0x50, 0x82,
    0x42, 0x95, 0x33, 0xCD, 0xC2, 0xCA, 0x70, 0x5A, 0x3B, 0x69, 0xA5, 0x5F, 0x4D, 0x1C, 0x61, 0x69,
    0x9D, 0x05, 0x4D, 0x17, 0x17, 0x81, 0xDF, 0x7D, 0x96, 0x5D, 0x5A, 0x8C, 0x01, 0x4E, 0x68, 0xFD,
    0x8A, 0x76, 0x38, 0xA5, 0x1C, 0x37, 0x14, 0x61, 0x12, 0x75, 0x20, 0xFB, 0x6A, 0x84, 0x57, 0x03,
    0xF4, 0x1E, 0x11, 0xA4, 0x97, 0xD4, 0x40, 0x35, 0xFE, 0xD8, 0xCE, 0xF3, 0x85, 0xF5, 0x8F, 0x6B,
    0x77, 0x61, 0x07, 0xFB, 0xD5, 0x5C, 0x0F, 0x8F, 0x8D, 0x7F, 0x8E, 0xFD, 0x32, 0xBA, 0x4D, 0xFF,
    0x71, 0xF7, 0x67, 0x5B, 0xFA, 0x4D, 0xFB, 0x71, 0xD7, 0xFE, 0x33, 0x3A, 0xD3, 0x3D, 0x63, 0x86,
    0x37, 0xC2, 0xB2, 0x5E, 0x3B, 0xFD, 0x0C, 0x14, 0x80, 0x22, 0x0F, 0xE8, 0xC4, 0xA4, 0x5D, 0xC2,
    0x02, 0xDC, 0x6A, 0x5C, 0xF5, 0xA5, 0x92, 0xB5, 0x27, 0xAD, 0x90, 0xE7, 0x77, 0xF1, 0x57, 0xEB,
    0x35, 0xB5, 0xB8, 0x60, 0xB5, 0x39, 0xFB, 0xBA, 0xB2, 0xFA, 0xD6, 0x7F, 0x69, 0xFB, 0x06, 0x68,
    0x46, 0xB0, 0x01, 0x2E, 0x75, 0xA7, 0xB6, 0x30, 0x3F, 0x21, 0x0F, 0x67, 0xE8, 0x69, 0x52, 0x0E,
    0xA6, 0xAB, 0x7C, 0xED, 0xEB, 0xAE, 0x1A, 0x1A, 0x57, 0x8C, 0x56, 0xA2, 0x97, 0x64, 0x93, 0x42,
    0xFB, 0x1A, 0xAB, 0x7D, 0x35, 0xA8, 0xA6, 0x1C, 0x4D, 0xA7, 0x39, 0xF9, 0x74, 0x06, 0xF3, 0xB3,
    0xE4, 0xD5, 0xCE, 0xC9, 0xBB, 0x19, 0xD3, 0x5C, 0x95, 0x27, 0xEB, 0x3F, 0xA1, 0x8E, 0x33, 0xCD,
    0x3F, 0x16, 0x2C, 0x96, 0x15, 0x46, 0x4F, 0x4B, 0xF7, 0xFF, 0x84, 0x7A, 0xAA, 0xB7, 0xCE, 0xA1,
    0x73, 0x65, 0x71, 0x80, 0xFC, 0x16, 0x19, 0x40, 0xF3, 0x27, 0xB0, 0xFC, 0x57, 0x38, 0x12, 0xAC,
    0x2E, 0xC1, 0x6E, 0xC1, 0x8C, 0x40, 0x06, 0xD4, 0xE9, 0x24, 0xD7, 0xE7, 0xFD, 0x72, 0x04, 0xCE,
    0xBA, 0x32, 0xD8, 0xAE, 0xD2, 0xB3, 0x79, 0xBC, 0x3F, 0xE6, 0x7E, 0xB9, 0xEF, 0xE7, 0xCA, 0xB1,
    0x1A, 0xCA, 0xEE, 0xE0, 0xD7, 0x60, 0x39, 0xE1, 0xF5, 0x3E, 0x7C, 0x2D, 0x5F, 0x8D, 0x05, 0xF6,
    0x56, 0x3E, 0xF1, 0x26, 0xF2, 0x56, 0x3E, 0xF3, 0x4D, 0x31, 0x3D, 0xF1, 0x14, 0xA9, 0x1C, 0xC6,
    0xB5, 0xFF, 0x89, 0x9D, 0xA7, 0x8B, 0x3E, 0xBC, 0x5D, 0x0D, 0xFF, 0xDE, 0x7F, 0x9B, 0xEF, 0x62,
    0x85, 0x7F, 0x10, 0x6F, 0xD8, 0x17, 0xED, 0x6B, 0x4C, 0x39, 0x2D, 0xB9, 0xA3, 0xEC, 0x76, 0x87,
    0xCC, 0x86, 0xD4, 0xA9, 0x9C, 0x92, 0xF7, 0x66, 0x7B, 0xCD, 0x58, 0x2C, 0x02, 0xED, 0x50, 0xDE,
    0x62, 0x3B, 0xAD, 0xE5, 0x0C, 0x7D, 0x47, 0x15, 0xE0, 0x13, 0xD8, 0x99, 0xFE, 0x08, 0xA5, 0xAA,
    0x3D, 0xA5, 0xB5, 0x77, 0x66, 0xA2, 0x71, 0x1C, 0xC1, 0x5E, 0xA6, 0x29, 0x99, 0x17, 0xD2, 0x8C,
    0x59, 0xFF, 0xDB, 0x28, 0x02, 0xF3, 0x02, 0xEB, 0x5A, 0x87, 0x99, 0x9A, 0x17, 0x64, 0x51, 0x62,
    0x3C, 0x10, 0x16, 0xD5, 0xFD, 0x8A, 0x4F, 0x11, 0x97, 0x05, 0x65, 0x47, 0xB2, 0xFE, 0x7D, 0x61,
    0xCD, 0x60, 0xFC, 0x2E, 0xB7, 0x99, 0x94, 0x75, 0xFC, 0x94, 0x5F, 0x72, 0x77, 0x3F, 0x1C, 0x9F,
    0x5F, 0x0D, 0x50, 0x86, 0x74, 0x27, 0xE4, 0x8A, 0xBB, 0xFB, 0x41, 0xB9, 0xFD, 0xFD, 0x70, 0x38,
    0x60, 0x6B, 0x77, 0x77, 0x27, 0xFE, 0xFD, 0xF9, 0x23, 0xEB, 0xAE, 0x69, 0x99, 0xB9, 0xCC, 0x02,
    0x97, 0xB9, 0xA0, 0x18, 0xB0, 0x1F, 0x78, 0x9A, 0x97, 0x7F, 0x7B, 0x54, 0x89, 0x26, 0x13, 0x70,
    0x06, 0x3C, 0xD9, 0x1D, 0xD7, 0xCC, 0x20, 0x5A, 0x44, 0xDB, 0xC6, 0x5B, 0x41, 0xEC, 0x8E, 0x7F,
    0xF1, 0x72, 0xA4, 0xFE, 0x20, 0x60, 0x72, 0xD1, 0x0A, 0x56, 0x82, 0xEB, 0x62, 0x62, 0x2E, 0xC3,
    0x0F, 0x6E, 0x0E, 0x6B, 0x28, 0xFD, 0xE1, 0x2C, 0xA7, 0xD7, 0xB3, 0x38, 0x06, 0x23, 0xF7, 0xBE,
    0x75, 0x60, 0x39, 0x40, 0xC7, 0x1A, 0x57, 0x5E, 0x75, 0x00, 0xDF, 0x39, 0x97, 0xFF, 0x23, 0x64,
    0xAC, 0xB0, 0xE9, 0xBE, 0x93, 0xDF, 0xDE, 0x0F, 0x50, 0x05, 0x28, 0x0E, 0xA0, 0x0C, 0x1A, 0x57,
    0x5E, 0x75, 0x5A, 0x8E, 0xCF, 0xCF, 0xA5, 0x1F, 0x47, 0x05, 0x0F, 0x6E, 0x00, 0x3D, 0x20, 0xCB,
    0x2F, 0xBE, 0x98, 0xA8, 0xB3, 0xE1, 0x94, 0x87, 0xD9, 0xF0, 0x2E, 0xA7, 0xD9, 0x50, 0xA7, 0x26,
    0x1D, 0x7A, 0x4F, 0x5F, 0x5D, 0xA5, 0xA1, 0xB0, 0x0F, 0x93, 0xAE, 0xFC, 0xEB, 0x30, 0x91, 0x2D,
    0x2F, 0x3D, 0xEA, 0xB2, 0x6B, 0x96, 0x2B, 0xB1, 0x1A, 0x32, 0xB1, 0x02, 0xB1, 0x42, 0xEA, 0x29,
    0xD4, 0xDA, 0xEC, 0xAD, 0xD6, 0xEB, 0xAB, 0x34, 0x54, 0x36, 0xE9, 0x4A, 0x8F, 0x5A, 0x5D, 0x7D,
    0x83, 0xD5, 0x98, 0x6F, 0x79, 0xB8, 0xA9, 0xFE, 0xC8, 0xE9, 0xC9, 0x49, 0xCD, 0x7B, 0xD5, 0x5C,
    0xF1, 0x5E, 0x11, 0xAA, 0xD4, 0xD3, 0x58, 0x62, 0x55, 0xA7, 0x19, 0xAF, 0xB3, 0x42, 0xAD, 0x50,
    0x2B, 0xD4, 0x8A, 0x8D, 0xB8, 0xE4, 0xA3, 0x5A, 0x75, 0x6A, 0x85, 0x5A, 0xE9, 0xAA, 0x46, 0x11,
    0xDC, 0xB7, 0xB2, 0x6F, 0x86, 0x77, 0xFA, 0x35, 0xBA, 0xD7, 0x8A, 0xFD, 0x05, 0x7A, 0xC4, 0xF7,
    0x91, 0xC7, 0xB6, 0x08, 0xED, 0xFB, 0xB7, 0xE5, 0x64, 0xB5, 0xF7, 0x2F, 0x7D, 0x91, 0x31, 0x8E,
    0xD4, 0x40, 0x10, 0x45, 0x7F, 0xDB, 0x48, 0x46, 0xEA, 0x60, 0x0E, 0xB0, 0x48, 0x73, 0x01, 0x84,
    0x53, 0x12, 0xB6, 0x1B, 0x2E, 0xB0, 0x97, 0x21, 0x9D, 0xB1, 0x39, 0x01, 0x64, 0x5C, 0x66, 0x87,
    0x69, 0x69, 0x2F, 0xE0, 0x0C, 0x91, 0x79, 0x45, 0x48, 0xD2, 0x2B, 0x1C, 0x78, 0xA4, 0xF6, 0x14,
    0xBF, 0xCA, 0xBB, 0x02, 0x09, 0xED, 0x54, 0xF0, 0xD2, 0xF7, 0xFF, 0x2F, 0xA0, 0x39, 0x77, 0x03,
    0x10, 0x44, 0x32, 0xF0, 0xCD, 0x3F, 0x8C, 0x40, 0xF1, 0x03, 0xE0, 0xA6, 0x4D, 0x02, 0xAE, 0x44,
    0x04, 0xE8, 0x44, 0x16, 0xA0, 0xCE, 0xDB, 0x08, 0x34, 0x63, 0x0B, 0xC0, 0x0F, 0x41, 0x99, 0x94,
    0x9B, 0xB4, 0x37, 0xEE, 0xC8, 0x6D, 0x7F, 0x4B, 0xB6, 0xB1, 0x90, 0x01, 0x46, 0x37, 0x93, 0xFB,
    0x2A, 0x03, 0x1F, 0xCF, 0x7E, 0x04, 0x8E, 0x22, 0x3D, 0xD0, 0x7D, 0x3D, 0x41, 0xAF, 0x92, 0x08,
    0x6C, 0x85, 0xAA, 0x7D, 0x43, 0x14, 0x17, 0x69, 0x86, 0x89, 0xCD, 0x1B, 0xA9, 0x6D, 0xD5, 0x1A,
    0x54, 0x7A, 0x4D, 0xD0, 0x43, 0x59, 0x79, 0xC4, 0xF6, 0xD3, 0xA9, 0x47, 0xFB, 0x5E, 0x7A, 0xEA,
    0x16, 0x10, 0x2A, 0x03, 0x5D, 0xEA, 0x3E, 0x4E, 0x44, 0xD7, 0x13, 0x5A, 0x93, 0xEE, 0xB0, 0x96,
    0xD4, 0x8E, 0xCD, 0x40, 0x91, 0x4F, 0x14, 0x7D, 0x4E, 0x14, 0xDD, 0x24, 0xED, 0xD7, 0x6B, 0xBD,
    0x68, 0xED, 0xAC, 0x9C, 0x76, 0x23, 0xFA, 0x9D, 0x36, 0x3B, 0x7C, 0x61, 0x31, 0x19, 0xE8, 0xD8,
    0x5F, 0x14, 0x2D, 0x57, 0xB3, 0xED, 0x29, 0xAA, 0x9A, 0x5A, 0x73, 0xBD, 0xFC, 0x67, 0xCF, 0x82,
    0xCE, 0xA8, 0x7B, 0x16, 0x15, 0xBA, 0x59, 0x8D, 0x55, 0x56, 0x65, 0x9D, 0xD5, 0x59, 0x8F, 0xE4,
    0x8E, 0x11, 0xB9, 0xA7, 0xFF, 0xA1, 0x7B, 0xFA, 0x45, 0xF7, 0x6C, 0xC6, 0x67, 0xF7, 0xFC, 0x7E,
    0x7A, 0xB4, 0xB7, 0xBF, 0xE2, 0xAA, 0x8F, 0xE6, 0x0F, 0xD1, 0x02, 0x04, 0x58, 0x82, 0x60, 0x11,
    0x96, 0x6B, 0xDB, 0xB6, 0xEC, 0x60, 0x21, 0x6E, 0xD7, 0xAF, 0x16, 0x58, 0xF1, 0xD9, 0xAA, 0xBB,
    0xC9, 0xCA, 0x53, 0xA3, 0x49, 0x98, 0x4A, 0xA3, 0xD4, 0xBF, 0xED, 0xB7, 0xB5, 0xD8, 0x73, 0xAB,
    0xF9, 0xE9, 0xBB, 0x16, 0xE7, 0x29, 0xCF, 0x1A, 0xE8, 0xEF, 0x87, 0xE1, 0x27, 0x22, 0x14, 0xE2,
    0xF0, 0xD6, 0xC2, 0x24, 0x8B, 0xA2, 0x41, 0xCE, 0x1A, 0x63, 0xD1, 0x17, 0x47, 0x7B, 0xF1, 0xFF,
    0xCB, 0x1F, 0x5E, 0xE8, 0xF2, 0xAF, 0xA9, 0x3D, 0xCE, 0x94, 0x86, 0xFE, 0xC2, 0xF2, 0x70, 0xD0,
    0x7A, 0x16, 0x81, 0xC8, 0x6F, 0x00, 0x37, 0xBE, 0x03, 0xDA, 0x7B, 0xC9, 0x4E, 0x7E, 0x4A, 0xAE,
    0xEF, 0x93, 0x0E, 0x8E, 0x19, 0x75, 0x61, 0x41, 0x27, 0x1F, 0x26, 0x20, 0xDC, 0x65, 0xBC, 0xDA,
    0x10, 0xE1, 0xE6, 0xEE, 0x61, 0x0C, 0x52, 0x4B, 0xF2, 0x73, 0xB5, 0xE0, 0x0F, 0x45, 0x8D, 0x01,
    0x06, 0x80, 0x40, 0x14, 0x05, 0x87, 0x05, 0x14, 0xFF, 0x08, 0x5D, 0xA0, 0x3B, 0xAC, 0x2E, 0xD4,
    0x19, 0xD2, 0xC9, 0x96, 0xB0, 0x00, 0xEA, 0x24, 0x0B, 0x88, 0x96, 0x57, 0x0F, 0xF4, 0xF1, 0x30,
    0xCC, 0x7C, 0x18, 0xF1, 0x65, 0x0F, 0x2A, 0x40, 0x5A, 0x1A, 0x10, 0xCC, 0xC6, 0x6B, 0x18, 0xAB,
    0x16, 0x92, 0x74, 0x34, 0xE2, 0xDB, 0x4E, 0xD6, 0x3D, 0x88, 0xD0, 0x36, 0x75, 0x92, 0x76, 0x35,
    0x50, 0xB5, 0x9C, 0x25, 0xBB, 0x4F, 0x77, 0xE7, 0x74, 0x87, 0xAB, 0xFC, 0x7D, 0xFF, 0x7A, 0x01,
};

static const EpdGlyph bookerly_10_bolditalicGlyphs[] = {
    { 0, 0, 0, 0, 0, 0, 0 }, // U+0000
    { 0, 0, 0, 0, 0, 0, 0 }, // U+0008
    { 0, 0, 72, 0, 0, 0, 0 }, // U+0009
    { 0, 0, 72, 0, 0, 0, 0 }, // U+000D
    { 0, 0, 0, 0, 0, 0, 0 }, // U+001D
    { 0, 0, 72, 0, 0, 0, 0 }, // U+0020
    { 7, 15, 112, 1, 15, 27, 0 }, // !
    { 8, 7, 133, 1, 15, 14, 27 }, // "
    { 14, 13, 208, 0, 12, 46, 41 }, // #
    { 13, 21, 208, 0, 17, 69, 87 }, // $
    { 19, 16, 328, 1, 15, 76, 156 }, // %
    { 17, 17, 294, 1, 16, 73, 232 }, // &
    { 4, 7, 74, 1, 15, 7, 305 }, // '
    { 10, 20, 140, 0, 16, 50, 312 }, // (
    { 9, 20, 140, -1, 16, 45, 362 }, // )
    { 8, 7, 130, 1, 15, 14, 407 }, // *
    { 11, 10, 208, 1, 12, 28, 421 }, // +
    { 6, 7, 103, -1, 4, 11, 449 }, // ,
    { 8, 3, 130, 0, 7, 6, 460 }, // -
    { 4, 4, 103, 1, 4, 4, 466 }, // .
    { 13, 16, 172, -1, 15, 52, 470 }, // /
    { 13, 14, 208, 0, 14, 46, 522 }, // 0
    { 10, 14, 208, 1, 14, 35, 568 }, // 1
    { 13, 14, 208, 0, 14, 46, 603 }, // 2
    { 12, 14, 208, 0, 14, 42, 649 }, // 3
    { 13, 14, 208, 0, 14, 46, 691 }, // 4
    { 13, 14, 208, 0, 14, 46, 737 }, // 5
    { 14, 14, 208, 0, 14, 49, 783 }, // 6
    { 12, 14, 208, 2, 14, 42, 832 }, // 7
    { 13, 14, 208, 0, 14, 46, 874 }, // 8
    { 14, 14, 208, -1, 14, 49, 920 }, // 9
    { 6, 12, 103, 1, 12, 18, 969 }, // :
    { 8, 15, 103, -1, 12, 30, 987 }, // ;
    { 11, 10, 208, 1, 12, 28, 1017 }, // <
    { 11, 6, 208, 1, 10, 17, 1045 }, // =
    { 11, 10, 208, 1, 12, 28, 1062 }, // >
    { 8, 15, 136, 1, 15, 30, 1090 }, // ?
    { 20, 19, 332, 1, 15, 95, 1120 }, // @
    { 17, 15, 247, -2, 15, 64, 1215 }, // A
    { 14, 15, 209, -1, 15, 53, 1279 }, // B
    { 14, 15, 219, 0, 15, 53, 1332 }, // C
    { 16, 15, 244, -1, 15, 60, 1385 }, // D
    { 15, 15, 208, -1, 15, 57, 1445 }, // E
    { 14, 15, 192, -1, 15, 53, 1502 }, // F
    { 15, 15, 243, 0, 15, 57, 1555 }, // G
    { 19, 15, 267, -1, 15, 72, 1612 }, // H
    { 11, 15, 133, -1, 15, 42, 1684 }, // I
    { 14, 19, 126, -4, 15, 67, 1726 }, // J
    { 17, 15, 238, -1, 15, 64, 1793 }, // K
    { 13, 15, 193, -1, 15, 49, 1857 }, // L
    { 21, 15, 299, -2, 15, 79, 1906 }, // M
    { 19, 15, 258, -1, 15, 72, 1985 }, // N
    { 15, 15, 246, 0, 15, 57, 2057 }, // O
    { 14, 15, 205, -1, 15, 53, 2114 }, // P
    { 18, 20, 248, 0, 15, 90, 2167 }, // Q
    { 15, 15, 227, -1, 15, 57, 2257 }, // R
    { 13, 15, 184, -1, 15, 49, 2314 }, // S
    { 14, 15, 221, 1, 15, 53, 2363 }, // T
    { 17, 15, 261, 1, 15, 64, 2416 }, // U
    { 16, 15, 244, 1, 15, 60, 2480 }, // V
    { 22, 15, 333, 1, 15, 83, 2540 }, // W
    { 18, 15, 222, -2, 15, 68, 2623 }, // X
    { 15, 15, 218, 1, 15, 57, 2691 }, // Y
    { 14, 16, 207, -1, 15, 56, 2748 }, // Z
    { 11, 19, 112, -2, 16, 53, 2804 }, // [
    { 9, 16, 172, 1, 15, 36, 2857 }, // <backslash>
    { 10, 19, 112, -1, 16, 48, 2893 }, // ]
    { 11, 10, 208, 1, 14, 28, 2941 }, // ^
    { 11, 2, 167, 0, -1, 6, 2969 }, // _
    { 5, 5, 207, 4, 17, 7, 2975 }, // `
    { 13, 11, 199, 0, 11, 36, 2982 }, // a
    { 12, 16, 186, 0, 16, 48, 3018 }, // b
    { 10, 11, 152, 0, 11, 28, 3066 }, // c
    { 13, 16, 198, 0, 16, 52, 3094 }, // d
    { 10, 11, 158, 0, 11, 28, 3146 }, // e
    { 16, 21, 142, -4, 16, 84, 3174 }, // f
    { 15, 17, 177, -2, 12, 64, 3258 }, // g
    { 12, 16, 199, 0, 16, 48, 3322 }, // h
    { 7, 17, 108, 0, 17, 30, 3370 }, // i
    { 13, 22, 105, -5, 17, 72, 3400 }, // j
    { 11, 16, 178, 0, 16, 44, 3472 }, // k
    { 7, 16, 107, 0, 16, 28, 3516 }, // l
    { 18, 11, 292, 0, 11, 50, 3544 }, // m
    { 13, 11, 207, 0, 11, 36, 3594 }, // n
    { 11, 11, 181, 0, 11, 31, 3630 }, // o
    { 14, 16, 191, -2, 11, 56, 3661 }, // p
    { 12, 16, 187, 0, 11, 48, 3717 }, // q
    { 11, 11, 161, 0, 11, 31, 3765 }, // r
    { 10, 11, 145, -1, 11, 28, 3796 }, // s
    { 9, 14, 141, 0, 14, 32, 3824 }, // t
    { 13, 11, 205, 0, 11, 36, 3856 }, // u
    { 11, 11, 176, 0, 11, 31, 3892 }, // v
    { 16, 11, 253, 0, 11, 44, 3923 }, // w
    { 14, 11, 191, -1, 11, 39, 3967 }, // x
    { 14, 16, 176, -3, 11, 56, 4006 }, // y
    { 12, 11, 160, -1, 11, 33, 4062 }, // z
    { 9, 19, 139, 1, 16, 43, 4095 }, // {
    { 8, 19, 101, -1, 16, 38, 4138 }, // |
    { 9, 19, 139, -1, 16, 43, 4176 }, // }
    { 11, 4, 208, 1, 9, 11, 4219 }, // ~
    { 0, 0, 72, 0, 0, 0, 0 }, // U+00A0
    { 8, 16, 112, -1, 11, 32, 0 }, // U+00A1
    { 11, 20, 208, 1, 16, 55, 32 }, // U+00A2
    { 14, 14, 208, -1, 14, 49, 87 }, // U+00A3
    { 13, 10, 208, 0, 12, 33, 136 }, // U+00A4
    { 15, 14, 208, 0, 14, 53, 169 }, // U+00A5
    { 8, 19, 101, -1, 16, 38, 222 }, // U+00A6
    { 11, 16, 171, -1, 14, 44, 260 }, // U+00A7
    { 8, 3, 207, 3, 16, 6, 304 }, // U+00A8
    { 16, 15, 261, 0, 15, 60, 310 }, // U+00A9
    { 9, 10, 151, 1, 14, 23, 370 }, // U+00AA
    { 13, 8, 202, 0, 9, 26, 393 }, // U+00AB
    { 11, 5, 208, 1, 10, 14, 419 }, // U+00AC
    { 8, 3, 130, 0, 7, 6, 433 }, // U+00AD
    { 12, 11, 194, 0, 16, 33, 439 }, // U+00AE
    { 7, 2, 207, 3, 15, 4, 472 }, // U+00AF
    { 9, 7, 176, 1, 15, 16, 476 }, // U+00B0
    { 11, 13, 208, 1, 13, 36, 492 }, // U+00B1
    { 9, 9, 149, 0, 17, 21, 528 }, // U+00B2
    { 9, 9, 149, 0, 17, 21, 549 }, // U+00B3
    { 5, 5, 207, 4, 17, 7, 570 }, // U+00B4
    { 14, 16, 206, -1, 11, 56, 577 }, // U+00B5
    { 15, 18, 202, -1, 15, 68, 633 }, // U+00B6
    { 4, 4, 103, 1, 9, 4, 701 }, // U+00B7
    { 5, 5, 207, 4, -1, 7, 705 }, // U+00B8
    { 7, 9, 149, 1, 17, 16, 712 }, // U+00B9
    { 8, 10, 151, 1, 14, 20, 728 }, // U+00BA
    { 13, 8, 202, 0, 9, 26, 748 }, // U+00BB
    { 21, 17, 359, 1, 16, 90, 774 }, // U+00BC
    { 21, 17, 359, 1, 16, 90, 864 }, // U+00BD
    { 22, 17, 359, 0, 16, 94, 954 }, // U+00BE
    { 7, 15, 136, 0, 11, 27, 1048 }, // U+00BF
    { 17, 20, 247, -2, 20, 85, 1075 }, // U+00C0
    { 17, 20, 247, -2, 20, 85, 1160 }, // U+00C1
    { 17, 20, 247, -2, 20, 85, 1245 }, // U+00C2
    { 17, 19, 247, -2, 19, 81, 1330 }, // U+00C3
    { 17, 19, 247, -2, 19, 81, 1411 }, // U+00C4
    { 17, 21, 247, -2, 21, 90, 1492 }, // U+00C5
    { 22, 15, 313, -2, 15, 83, 1582 }, // U+00C6
    { 14, 21, 219, 0, 15, 74, 1665 }, // U+00C7
    { 15, 20, 208, -1, 20, 75, 1739 }, // U+00C8
    { 15, 20, 208, -1, 20, 75, 1814 }, // U+00C9
    { 15, 20, 208, -1, 20, 75, 1889 }, // U+00CA
    { 15, 19, 208, -1, 19, 72, 1964 }, // U+00CB
    { 11, 20, 133, -1, 20, 55, 2036 }, // U+00CC
    { 11, 20, 133, -1, 20, 55, 2091 }, // U+00CD
    { 11, 20, 133, -1, 20, 55, 2146 }, // U+00CE
    { 11, 19, 133, -1, 19, 53, 2201 }, // U+00CF
    { 16, 15, 244, -1, 15, 60, 2254 }, // U+00D0
    { 19, 19, 258, -1, 19, 91, 2314 }, // U+00D1
    { 15, 20, 246, 0, 20, 75, 2405 }, // U+00D2
    { 15, 20, 246, 0, 20, 75, 2480 }, // U+00D3
    { 15, 20, 246, 0, 20, 75, 2555 }, // U+00D4
    { 15, 19, 246, 0, 19, 72, 2630 }, // U+00D5
    { 15, 19, 246, 0, 19, 72, 2702 }, // U+00D6
    { 9, 9, 208, 2, 12, 21, 2774 }, // U+00D7
    { 18, 17, 246, -1, 16, 77, 2795 }, // U+00D8
    { 17, 20, 261, 1, 20, 85, 2872 }, // U+00D9
    { 17, 20, 261, 1, 20, 85, 2957 }, // U+00DA
    { 17, 20, 261, 1, 20, 85, 3042 }, // U+00DB
    { 17, 19, 261, 1, 19, 81, 3127 }, // U+00DC
    { 15, 20, 218, 1, 20, 75, 3208 }, // U+00DD
    { 14, 15, 200, -1, 15, 53, 3283 }, // U+00DE
    { 17, 21, 213, -4, 16, 90, 3336 }, // U+00DF
    { 13, 17, 199, 0, 17, 56, 3426 }, // U+00E0
    { 13, 17, 199, 0, 17, 56, 3482 }, // U+00E1
    { 13, 17, 199, 0, 17, 56, 3538 }, // U+00E2
    { 13, 16, 199, 0, 16, 52, 3594 }, // U+00E3
    { 13, 16, 199, 0, 16, 52, 3646 }, // U+00E4
    { 13, 17, 199, 0, 17, 56, 3698 }, // U+00E5
    { 16, 11, 261, 0, 11, 44, 3754 }, // U+00E6
    { 10, 17, 152, 0, 11, 43, 3798 }, // U+00E7
    { 10, 17, 158, 0, 17, 43, 3841 }, // U+00E8
    { 11, 17, 158, 0, 17, 47, 3884 }, // U+00E9
    { 10, 17, 158, 0, 17, 43, 3931 }, // U+00EA
    { 11, 16, 158, 0, 16, 44, 3974 }, // U+00EB
    { 7, 17, 108, 0, 17, 30, 4018 }, // U+00EC
    { 9, 17, 108, 0, 17, 39, 4048 }, // U+00ED
    { 9, 17, 108, 0, 17, 39, 4087 }, // U+00EE
    { 9, 16, 108, 0, 16, 36, 4126 }, // U+00EF
    { 11, 16, 182, 0, 16, 44, 4162 }, // U+00F0
    { 13, 16, 207, 0, 16, 52, 4206 }, // U+00F1
    { 11, 17, 181, 0, 17, 47, 4258 }, // U+00F2
    { 12, 17, 181, 0, 17, 51, 4305 }, // U+00F3
    { 11, 17, 181, 0, 17, 47, 4356 }, // U+00F4
    { 12, 16, 181, 0, 16, 48, 4403 }, // U+00F5
    { 12, 16, 181, 0, 16, 48, 4451 }, // U+00F6
    { 11, 10, 208, 1, 12, 28, 4499 }, // U+00F7
    { 14, 13, 181, -1, 12, 46, 4527 }, // U+00F8
    { 13, 17, 205, 0, 17, 56, 4573 }, // U+00F9
    { 13, 17, 205, 0, 17, 56, 4629 }, // U+00FA
    { 13, 17, 205, 0, 17, 56, 4685 }, // U+00FB
    { 13, 16, 205, 0, 16, 52, 4741 }, // U+00FC
    { 14, 22, 176, -3, 17, 77, 4793 }, // U+00FD
    { 14, 21, 185, -2, 16, 74, 4870 }, // U+00FE
    { 14, 21, 176, -3, 16, 74, 4944 }, // U+00FF
    { 17, 19, 247, -2, 19, 81, 0 }, // U+0100
    { 13, 15, 199, 0, 15, 49, 81 }, // U+0101
    { 17, 20, 247, -2, 20, 85, 130 }, // U+0102
    { 13, 16, 199, 0, 16, 52, 215 }, // U+0103
    { 17, 19, 247, -2, 15, 81, 267 }, // U+0104
    { 13, 15, 199, 0, 11, 49, 348 }, // U+0105
    { 14, 20, 219, 0, 20, 70, 397 }, // U+0106
    { 11, 17, 152, 0, 17, 47, 467 }, // U+0107
    { 14, 20, 219, 0, 20, 70, 514 }, // U+0108
    { 10, 17, 152, 0, 17, 43, 584 }, // U+0109
    { 14, 20, 219, 0, 20, 70, 627 }, // U+010A
    { 10, 17, 152, 0, 17, 43, 697 }, // U+010B
    { 14, 20, 219, 0, 20, 70, 740 }, // U+010C
    { 11, 18, 152, 0, 18, 50, 810 }, // U+010D
    { 16, 20, 244, -1, 20, 80, 860 }, // U+010E
    { 16, 16, 207, 0, 16, 64, 940 }, // U+010F
    { 16, 15, 244, -1, 15, 60, 1004 }, // U+0110
    { 14, 16, 198, 0, 16, 56, 1064 }, // U+0111
    { 15, 19, 208, -1, 19, 72, 1120 }, // U+0112
    { 11, 15, 158, 0, 15, 42, 1192 }, // U+0113
    { 15, 20, 208, -1, 20, 75, 1234 }, // U+0114
    { 11, 16, 158, 0, 16, 44, 1309 }, // U+0115
    { 15, 20, 208, -1, 20, 75, 1353 }, // U+0116
    { 10, 17, 158, 0, 17, 43, 1428 }, // U+0117
    { 15, 19, 208, -1, 15, 72, 1471 }, // U+0118
    { 10, 15, 158, 0, 11, 38, 1543 }, // U+0119
    { 15, 20, 208, -1, 20, 75, 1581 }, // U+011A
    { 11, 18, 158, 0, 18, 50, 1656 }, // U+011B
    { 15, 20, 243, 0, 20, 75, 1706 }, // U+011C
    { 15, 22, 177, -2, 17, 83, 1781 }, // U+011D
    { 15, 20, 243, 0, 20, 75, 1864 }, // U+011E
    { 15, 21, 177, -2, 16, 79, 1939 }, // U+011F
    { 15, 20, 243, 0, 20, 75, 2018 }, // U+0120
    { 15, 22, 177, -2, 17, 83, 2093 }, // U+0121
    { 15, 21, 243, 0, 15, 79, 2176 }, // U+0122
    { 15, 23, 177, -2, 18, 87, 2255 }, // U+0123
    { 19, 20, 267, -1, 20, 95, 2342 }, // U+0124
    { 12, 21, 199, 0, 21, 63, 2437 }, // U+0125
    { 19, 15, 267, -1, 15, 72, 2500 }, // U+0126
    { 12, 16, 199, 0, 16, 48, 2572 }, // U+0127
    { 11, 19, 133, -1, 19, 53, 2620 }, // U+0128
    { 9, 16, 108, 0, 16, 36, 2673 }, // U+0129
    { 11, 19, 133, -1, 19, 53, 2709 }, // U+012A
    { 9, 15, 108, 0, 15, 34, 2762 }, // U+012B
    { 11, 20, 133, -1, 20, 55, 2796 }, // U+012C
    { 9, 16, 108, 0, 16, 36, 2851 }, // U+012D
    { 11, 19, 133, -1, 15, 53, 2887 }, // U+012E
    { 7, 21, 108, 0, 17, 37, 2940 }, // U+012F
    { 11, 20, 133, -1, 20, 55, 2977 }, // U+0130
    { 7, 11, 108, 0, 11, 20, 3032 }, // U+0131
    { 19, 19, 259, -1, 15, 91, 3052 }, // U+0132
    { 14, 22, 213, 0, 17, 77, 3143 }, // U+0133
    { 15, 24, 126, -4, 20, 90, 3220 }, // U+0134
    { 14, 22, 105, -5, 17, 77, 3310 }, // U+0135
    { 17, 21, 238, -1, 15, 90, 3387 }, // U+0136
    { 11, 21, 178, 0, 16, 58, 3477 }, // U+0137
    { 12, 11, 192, 0, 11, 33, 3535 }, // U+0138
    { 13, 20, 193, -1, 20, 65, 3568 }, // U+0139
    { 9, 21, 107, 0, 21, 48, 3633 }, // U+013A
    { 13, 21, 193, -1, 15, 69, 3681 }, // U+013B
    { 8, 21, 107, -1, 16, 42, 3750 }, // U+013C
    { 14, 16, 193, -1, 16, 56, 3792 }, // U+013D
    { 10, 16, 117, 0, 16, 40, 3848 }, // U+013E
    { 13, 15, 193, -1, 15, 49, 3888 }, // U+013F
    { 10, 16, 141, 0, 16, 40, 3937 }, // U+0140
    { 13, 15, 193, -1, 15, 49, 3977 }, // U+0141
    { 9, 16, 105, -1, 16, 36, 4026 }, // U+0142
    { 19, 20, 258, -1, 20, 95, 4062 }, // U+0143
    { 13, 17, 207, 0, 17, 56, 4157 }, // U+0144
    { 19, 21, 258, -1, 15, 100, 4213 }, // U+0145
    { 13, 16, 207, 0, 11, 52, 4313 }, // U+0146
    { 19, 20, 258, -1, 20, 95, 4365 }, // U+0147
    { 13, 18, 207, 0, 18, 59, 4460 }, // U+0148
    { 16, 16, 277, 1, 16, 64, 4519 }, // U+0149
    { 19, 19, 258, -1, 15, 91, 4583 }, // U+014A
    { 12, 16, 196, 0, 11, 48, 4674 }, // U+014B
    { 15, 19, 246, 0, 19, 72, 4722 }, // U+014C
    { 12, 15, 181, 0, 15, 45, 4794 }, // U+014D
    { 15, 20, 246, 0, 20, 75, 4839 }, // U+014E
    { 12, 16, 181, 0, 16, 48, 4914 }, // U+014F
    { 16, 21, 246, 0, 21, 84, 4962 }, // U+0150
    { 13, 17, 181, 0, 17, 56, 5046 }, // U+0151
    { 21, 15, 331, 0, 15, 79, 5102 }, // U+0152
    { 17, 11, 272, 0, 11, 47, 5181 }, // U+0153
    { 15, 20, 227, -1, 20, 75, 5228 }, // U+0154
    { 11, 17, 161, 0, 17, 47, 5303 }, // U+0155
    { 15, 21, 227, -1, 15, 79, 5350 }, // U+0156
    { 12, 16, 161, -1, 11, 48, 5429 }, // U+0157
    { 15, 20, 227, -1, 20, 75, 5477 }, // U+0158
    { 11, 18, 161, 0, 18, 50, 5552 }, // U+0159
    { 13, 20, 184, -1, 20, 65, 5602 }, // U+015A
    { 11, 17, 145, -1, 17, 47, 5667 }, // U+015B
    { 13, 20, 184, -1, 20, 65, 5714 }, // U+015C
    { 11, 17, 145, -1, 17, 47, 5779 }, // U+015D
    { 13, 21, 184, -1, 15, 69, 5826 }, // U+015E
    { 10, 17, 145, -1, 11, 43, 5895 }, // U+015F
    { 13, 20, 184, -1, 20, 65, 5938 }, // U+0160
    { 12, 18, 145, -1, 18, 54, 6003 }, // U+0161
    { 14, 21, 221, 1, 15, 74, 6057 }, // U+0162
    { 9, 20, 141, 0, 14, 45, 6131 }, // U+0163
    { 14, 20, 221, 1, 20, 70, 6176 }, // U+0164
    { 11, 17, 141, 0, 17, 47, 6246 }, // U+0165
    { 14, 15, 221, 1, 15, 53, 6293 }, // U+0166
    { 9, 14, 141, 0, 14, 32, 6346 }, // U+0167
    { 17, 19, 261, 1, 19, 81, 6378 }, // U+0168
    { 13, 16, 205, 0, 16, 52, 6459 }, // U+0169
    { 17, 19, 261, 1, 19, 81, 6511 }, // U+016A
    { 13, 15, 205, 0, 15, 49, 6592 }, // U+016B
    { 17, 20, 261, 1, 20, 85, 6641 }, // U+016C
    { 13, 16, 205, 0, 16, 52, 6726 }, // U+016D
    { 17, 21, 261, 1, 21, 90, 6778 }, // U+016E
    { 13, 17, 205, 0, 17, 56, 6868 }, // U+016F
    { 17, 21, 261, 1, 21, 90, 6924 }, // U+0170
    { 13, 17, 205, 0, 17, 56, 7014 }, // U+0171
    { 17, 19, 261, 1, 15, 81, 7070 }, // U+0172
    { 13, 15, 205, 0, 11, 49, 7151 }, // U+0173
    { 22, 20, 333, 1, 20, 110, 7200 }, // U+0174
    { 16, 17, 253, 0, 17, 68, 7310 }, // U+0175
    { 15, 20, 218, 1, 20, 75, 7378 }, // U+0176
    { 14, 22, 176, -3, 17, 77, 7453 }, // U+0177
    { 15, 19, 218, 1, 19, 72, 7530 }, // U+0178
    { 14, 21, 207, -1, 20, 74, 7602 }, // U+0179
    { 12, 17, 160, -1, 17, 51, 7676 }, // U+017A
    { 14, 21, 207, -1, 20, 74, 7727 }, // U+017B
    { 12, 17, 160, -1, 17, 51, 7801 }, // U+017C
    { 14, 21, 207, -1, 20, 74, 7852 }, // U+017D
    { 12, 18, 160, -1, 18, 54, 7926 }, // U+017E
    { 16, 21, 142, -4, 16, 84, 7980 }, // U+017F
    { 18, 17, 246, 0, 17, 77, 0 }, // U+01A0
    { 13, 13, 181, 0, 13, 43, 77 }, // U+01A1
    { 19, 18, 256, 1, 18, 86, 120 }, // U+01AF
    { 15, 13, 205, 0, 13, 49, 206 }, // U+01B0
    { 30, 21, 462, -1, 20, 158, 255 }, // U+01C4
    { 27, 18, 410, -1, 18, 122, 413 }, // U+01C5
    { 23, 18, 357, 0, 18, 104, 535 }, // U+01C6
    { 23, 19, 319, -1, 15, 110, 639 }, // U+01C7
    { 21, 22, 298, -1, 17, 116, 749 }, // U+01C8
    { 14, 22, 211, 0, 17, 77, 865 }, // U+01C9
    { 27, 19, 384, -1, 15, 129, 942 }, // U+01CA
    { 25, 22, 363, -1, 17, 138, 1071 }, // U+01CB
    { 21, 22, 312, 0, 17, 116, 1209 }, // U+01CC
    { 17, 20, 247, -2, 20, 85, 1325 }, // U+01CD
    { 13, 18, 199, 0, 18, 59, 1410 }, // U+01CE
    { 12, 20, 133, -1, 20, 60, 1469 }, // U+01CF
    { 10, 18, 108, 0, 18, 45, 1529 }, // U+01D0
    { 15, 20, 246, 0, 20, 75, 1574 }, // U+01D1
    { 12, 18, 181, 0, 18, 54, 1649 }, // U+01D2
    { 17, 20, 261, 1, 20, 85, 1703 }, // U+01D3
    { 13, 18, 205, 0, 18, 59, 1788 }, // U+01D4
    { 17, 22, 261, 1, 22, 94, 1847 }, // U+01D5
    { 13, 18, 205, 0, 18, 59, 1941 }, // U+01D6
    { 17, 22, 261, 1, 22, 94, 2000 }, // U+01D7
    { 13, 20, 205, 0, 20, 65, 2094 }, // U+01D8
    { 17, 22, 261, 1, 22, 94, 2159 }, // U+01D9
    { 13, 19, 205, 0, 19, 62, 2253 }, // U+01DA
    { 17, 23, 261, 1, 23, 98, 2315 }, // U+01DB
    { 13, 20, 205, 0, 20, 65, 2413 }, // U+01DC
    { 10, 11, 162, 0, 11, 28, 2478 }, // U+01DD
    { 17, 22, 247, -2, 22, 94, 2506 }, // U+01DE
    { 13, 18, 199, 0, 18, 59, 2600 }, // U+01DF
    { 17, 22, 247, -2, 22, 94, 2659 }, // U+01E0
    { 13, 18, 199, 0, 18, 59, 2753 }, // U+01E1
    { 22, 19, 313, -2, 19, 105, 2812 }, // U+01E2
    { 16, 15, 261, 0, 15, 60, 2917 }, // U+01E3
    { 15, 15, 243, 0, 15, 57, 2977 }, // U+01E4
    { 17, 17, 177, -4, 12, 73, 3034 }, // U+01E5
    { 15, 20, 243, 0, 20, 75, 3107 }, // U+01E6
    { 15, 23, 177, -2, 18, 87, 3182 }, // U+01E7
    { 17, 20, 238, -1, 20, 85, 3269 }, // U+01E8
    { 11, 21, 178, 0, 21, 58, 3354 }, // U+01E9
    { 15, 19, 246, 0, 15, 72, 3412 }, // U+01EA
    { 11, 16, 181, 0, 11, 44, 3484 }, // U+01EB
    { 15, 23, 246, 0, 19, 87, 3528 }, // U+01EC
    { 12, 20, 181, 0, 15, 60, 3615 }, // U+01ED
    { 14, 20, 189, -1, 20, 70, 3675 }, // U+01EE
    { 13, 23, 178, -2, 18, 75, 3745 }, // U+01EF
    { 15, 23, 105, -5, 18, 87, 3820 }, // U+01F0
    { 30, 16, 451, -1, 15, 120, 3907 }, // U+01F1
    { 27, 15, 404, -1, 15, 102, 4027 }, // U+01F2
    { 23, 16, 358, 0, 16, 92, 4129 }, // U+01F3
    { 15, 20, 243, 0, 20, 75, 4221 }, // U+01F4
    { 15, 22, 177, -2, 17, 83, 4296 }, // U+01F5
    { 19, 20, 258, -1, 20, 95, 4379 }, // U+01F8
    { 13, 17, 207, 0, 17, 56, 4474 }, // U+01F9
    { 17, 22, 247, -2, 22, 94, 4530 }, // U+01FA
    { 13, 21, 199, 0, 21, 69, 4624 }, // U+01FB
    { 22, 20, 313, -2, 20, 110, 4693 }, // U+01FC
    { 16, 17, 261, 0, 17, 68, 4803 }, // U+01FD
    { 18, 21, 246, -1, 20, 95, 4871 }, // U+01FE
    { 14, 18, 181, -1, 17, 63, 4966 }, // U+01FF
    { 17, 21, 247, -2, 21, 90, 5029 }, // U+0200
    { 13, 17, 199, 0, 17, 56, 5119 }, // U+0201
    { 17, 20, 247, -2, 20, 85, 5175 }, // U+0202
    { 13, 16, 199, 0, 16, 52, 5260 }, // U+0203
    { 15, 21, 208, -1, 21, 79, 5312 }, // U+0204
    { 10, 17, 158, 0, 17, 43, 5391 }, // U+0205
    { 15, 20, 208, -1, 20, 75, 5434 }, // U+0206
    { 11, 16, 158, 0, 16, 44, 5509 }, // U+0207
    { 11, 21, 133, -1, 21, 58, 5553 }, // U+0208
    { 8, 17, 108, 0, 17, 34, 5611 }, // U+0209
    { 11, 20, 133, -1, 20, 55, 5645 }, // U+020A
    { 9, 16, 108, 0, 16, 36, 5700 }, // U+020B
    { 15, 21, 246, 0, 21, 79, 5736 }, // U+020C
    { 11, 17, 181, 0, 17, 47, 5815 }, // U+020D
    { 15, 20, 246, 0, 20, 75, 5862 }, // U+020E
    { 11, 16, 181, 0, 16, 44, 5937 }, // U+020F
    { 15, 21, 227, -1, 21, 79, 5981 }, // U+0210
    { 11, 17, 161, 0, 17, 47, 6060 }, // U+0211
    { 15, 20, 227, -1, 20, 75, 6107 }, // U+0212
    { 11, 16, 161, 0, 16, 44, 6182 }, // U+0213
    { 17, 21, 261, 1, 21, 90, 6226 }, // U+0214
    { 13, 17, 205, 0, 17, 56, 6316 }, // U+0215
    { 17, 20, 261, 1, 20, 85, 6372 }, // U+0216
    { 13, 16, 205, 0, 16, 52, 6457 }, // U+0217
    { 13, 21, 184, -1, 15, 69, 6509 }, // U+0218
    { 10, 16, 145, -1, 11, 40, 6578 }, // U+0219
    { 14, 21, 221, 1, 15, 74, 6618 }, // U+021A
    { 9, 19, 141, 0, 14, 43, 6692 }, // U+021B
    { 13, 17, 190, -1, 15, 56, 6735 }, // U+021C
    { 12, 16, 158, -2, 11, 48, 6791 }, // U+021D
    { 19, 20, 267, -1, 20, 95, 6839 }, // U+021E
    { 12, 21, 199, 0, 21, 63, 6934 }, // U+021F
    { 5, 5, 0, -3, 17, 7, 0 }, // U+0300
    { 5, 5, 0, -2, 17, 7, 7 }, // U+0301
    { 8, 5, 0, -4, 17, 10, 14 }, // U+0302
    { 8, 3, 0, -4, 16, 6, 24 }, // U+0303
    { 8, 2, 0, -4, 15, 4, 30 }, // U+0304
    { 8, 4, 0, -4, 16, 8, 34 }, // U+0306
    { 4, 4, 0, -2, 17, 4, 42 }, // U+0307
    { 8, 3, 0, -4, 16, 6, 46 }, // U+0308
    { 6, 6, 0, -3, 18, 9, 52 }, // U+0309
    { 6, 5, 0, -3, 17, 8, 61 }, // U+030A
    { 9, 5, 0, -4, 17, 12, 69 }, // U+030B
    { 8, 5, 0, -4, 18, 10, 81 }, // U+030C
    { 6, 5, 0, -4, 17, 8, 91 }, // U+030F
    { 8, 4, 0, -4, 16, 8, 99 }, // U+0311
    { 4, 6, 0, -2, 18, 6, 107 }, // U+0312
    { 5, 6, 0, -2, 18, 8, 113 }, // U+0313
    { 5, 6, 0, -3, 18, 8, 121 }, // U+0314
    { 4, 6, 0, -2, 18, 6, 129 }, // U+0315
    { 4, 5, 0, -2, 14, 5, 135 }, // U+031B
    { 4, 4, 0, -2, -2, 4, 140 }, // U+0323
    { 8, 4, 0, -4, -2, 8, 144 }, // U+0324
    { 6, 5, 0, -3, -1, 8, 152 }, // U+0325
    { 5, 4, 0, -3, -1, 5, 160 }, // U+0326
    { 6, 5, 0, -3, -1, 8, 165 }, // U+0327
    { 5, 5, 0, -3, 1, 7, 173 }, // U+0328
    { 4, 5, 90, -1, -1, 5, 180 }, // U+0329
    { 8, 5, 0, -4, -1, 10, 185 }, // U+032D
    { 8, 5, 0, -4, 0, 10, 195 }, // U+032E
    { 8, 3, 0, -4, -2, 6, 205 }, // U+0330
    { 8, 2, 0, -4, -2, 4, 211 }, // U+0331
    { 8, 4, 0, -4, 16, 8, 215 }, // U+0342
    { 8, 9, 0, -4, 22, 18, 223 }, // U+0344
    { 5, 4, 0, -2, -1, 5, 241 }, // U+0345
    { 15, 20, 208, -1, 20, 75, 0 }, // U+0400
    { 15, 19, 208, -1, 19, 72, 75 }, // U+0401
    { 14, 19, 257, 1, 15, 67, 147 }, // U+0402
    { 14, 20, 193, -1, 20, 70, 214 }, // U+0403
    { 14, 15, 217, 0, 15, 53, 284 }, // U+0404
    { 13, 15, 184, -1, 15, 49, 337 }, // U+0405
    { 11, 15, 133, -1, 15, 42, 386 }, // U+0406
    { 11, 19, 133, -1, 19, 53, 428 }, // U+0407
    { 14, 19, 126, -4, 15, 67, 481 }, // U+0408
    { 21, 15, 308, -2, 15, 79, 548 }, // U+0409
    { 21, 15, 319, -1, 15, 79, 627 }, // U+040A
    { 16, 15, 282, 1, 15, 60, 706 }, // U+040B
    { 17, 20, 235, -1, 20, 85, 766 }, // U+040C
    { 19, 20, 268, -1, 20, 95, 851 }, // U+040D
    { 16, 20, 224, 0, 20, 80, 946 }, // U+040E
    { 18, 20, 256, -1, 15, 90, 1026 }, // U+040F
    { 17, 15, 247, -2, 15, 64, 1116 }, // U+0410
    { 14, 15, 212, -1, 15, 53, 1180 }, // U+0411
    { 14, 15, 209, -1, 15, 53, 1233 }, // U+0412
    { 14, 15, 193, -1, 15, 53, 1286 }, // U+0413
    { 19, 19, 248, -2, 15, 91, 1339 }, // U+0414
    { 15, 15, 208, -1, 15, 57, 1430 }, // U+0415
    { 24, 15, 324, -2, 15, 90, 1487 }, // U+0416
    { 13, 15, 190, -1, 15, 49, 1577 }, // U+0417
    { 19, 15, 268, -1, 15, 72, 1626 }, // U+0418
    { 19, 20, 268, -1, 20, 95, 1698 }, // U+0419
    { 17, 15, 235, -1, 15, 64, 1793 }, // U+041A
    { 19, 15, 243, -2, 15, 72, 1857 }, // U+041B
    { 21, 15, 299, -2, 15, 79, 1929 }, // U+041C
    { 19, 15, 267, -1, 15, 72, 2008 }, // U+041D
    { 15, 15, 246, 0, 15, 57, 2080 }, // U+041E
    { 19, 15, 259, -1, 15, 72, 2137 }, // U+041F
    { 14, 15, 205, -1, 15, 53, 2209 }, // U+0420
    { 14, 15, 219, 0, 15, 53, 2262 }, // U+0421
    { 14, 15, 221, 1, 15, 53, 2315 }, // U+0422
    { 16, 15, 224, 0, 15, 60, 2368 }, // U+0423
    { 16, 15, 250, 0, 15, 60, 2428 }, // U+0424
    { 18, 15, 222, -2, 15, 68, 2488 }, // U+0425
    { 18, 19, 258, -1, 15, 86, 2556 }, // U+0426
    { 15, 15, 238, 1, 15, 57, 2642 }, // U+0427
    { 23, 15, 337, -1, 15, 87, 2699 }, // U+0428
    { 23, 19, 339, -1, 15, 110, 2786 }, // U+0429
    { 14, 15, 242, 1, 15, 53, 2896 }, // U+042A
    { 22, 15, 316, -1, 15, 83, 2949 }, // U+042B
    { 14, 15, 205, -1, 15, 53, 3032 }, // U+042C
    { 14, 15, 211, -1, 15, 53, 3085 }, // U+042D
    { 23, 15, 345, -1, 15, 87, 3138 }, // U+042E
    { 17, 15, 222, -2, 15, 64, 3225 }, // U+042F
    { 13, 11, 199, 0, 11, 36, 3289 }, // U+0430
    { 13, 17, 182, 0, 17, 56, 3325 }, // U+0431
    { 11, 11, 173, 0, 11, 31, 3381 }, // U+0432
    { 10, 11, 152, 0, 11, 28, 3412 }, // U+0433
    { 12, 16, 181, 0, 16, 48, 3440 }, // U+0434
    { 10, 11, 158, 0, 11, 28, 3488 }, // U+0435
    { 19, 11, 300, 0, 11, 53, 3516 }, // U+0436
    { 11, 11, 154, -1, 11, 31, 3569 }, // U+0437
    { 13, 11, 205, 0, 11, 36, 3600 }, // U+0438
    { 13, 16, 205, 0, 16, 52, 3636 }, // U+0439
    { 12, 11, 191, 0, 11, 33, 3688 }, // U+043A
    { 14, 11, 208, -1, 11, 39, 3721 }, // U+043B
    { 18, 11, 266, -1, 11, 50, 3760 }, // U+043C
    { 13, 11, 208, 0, 11, 36, 3810 }, // U+043D
    { 11, 11, 181, 0, 11, 31, 3846 }, // U+043E
    { 13, 11, 207, 0, 11, 36, 3877 }, // U+043F
    { 14, 16, 191, -2, 11, 56, 3913 }, // U+0440
    { 10, 11, 152, 0, 11, 28, 3969 }, // U+0441
    { 18, 11, 292, 0, 11, 50, 3997 }, // U+0442
    { 14, 16, 176, -3, 11, 56, 4047 }, // U+0443
    { 15, 21, 238, 0, 16, 79, 4103 }, // U+0444
    { 14, 11, 191, -1, 11, 39, 4182 }, // U+0445
    { 13, 15, 207, 0, 11, 49, 4221 }, // U+0446
    { 13, 11, 201, 0, 11, 36, 4270 }, // U+0447
    { 18, 11, 278, 0, 11, 50, 4306 }, // U+0448
    { 18, 15, 281, 0, 11, 68, 4356 }, // U+0449
    { 11, 11, 183, 0, 11, 31, 4424 }, // U+044A
    { 16, 11, 262, 0, 11, 44, 4455 }, // U+044B
    { 10, 11, 169, 0, 11, 28, 4499 }, // U+044C
    { 11, 11, 160, -1, 11, 31, 4527 }, // U+044D
    { 17, 11, 265, 0, 11, 47, 4558 }, // U+044E
    { 12, 11, 200, 0, 11, 33, 4605 }, // U+044F
    { 10, 17, 158, 0, 17, 43, 4638 }, // U+0450
    { 11, 16, 158, 0, 16, 44, 4681 }, // U+0451
    { 11, 21, 191, 0, 16, 58, 4725 }, // U+0452
    { 10, 17, 152, 0, 17, 43, 4783 }, // U+0453
    { 10, 11, 160, 0, 11, 28, 4826 }, // U+0454
    { 10, 11, 145, -1, 11, 28, 4854 }, // U+0455
    { 7, 17, 108, 0, 17, 30, 4882 }, // U+0456
    { 9, 16, 108, 0, 16, 36, 4912 }, // U+0457
    { 13, 22, 105, -5, 17, 72, 4948 }, // U+0458
    { 17, 11, 264, -1, 11, 47, 5020 }, // U+0459
    { 16, 11, 258, 0, 11, 44, 5067 }, // U+045A
    { 12, 16, 199, 0, 16, 48, 5111 }, // U+045B
    { 12, 17, 191, 0, 17, 51, 5159 }, // U+045C
    { 13, 17, 205, 0, 17, 56, 5210 }, // U+045D
    { 14, 21, 176, -3, 16, 74, 5266 }, // U+045E
    { 13, 15, 205, 0, 11, 49, 5340 }, // U+045F
    { 14, 18, 237, 1, 18, 63, 5389 }, // U+0462
    { 16, 11, 262, 0, 11, 44, 5452 }, // U+0463
    { 15, 15, 246, 0, 15, 57, 5496 }, // U+0472
    { 11, 11, 181, 0, 11, 31, 5553 }, // U+0473
    { 16, 15, 254, 1, 15, 60, 5584 }, // U+0474
    { 14, 12, 195, -1, 11, 42, 5644 }, // U+0475
    { 19, 24, 270, -1, 20, 114, 5686 }, // U+048A
    { 13, 20, 204, 0, 16, 65, 5800 }, // U+048B
    { 14, 15, 205, -1, 15, 53, 5865 }, // U+048C
    { 10, 16, 169, 0, 16, 40, 5918 }, // U+048D
    { 14, 15, 205, -1, 15, 53, 5958 }, // U+048E
    { 14, 16, 191, -2, 11, 56, 6011 }, // U+048F
    { 14, 18, 190, -1, 18, 63, 6067 }, // U+0490
    { 11, 14, 158, 0, 14, 39, 6130 }, // U+0491
    { 14, 15, 193, -1, 15, 53, 6169 }, // U+0492
    { 10, 11, 152, 0, 11, 28, 6222 }, // U+0493
    { 14, 19, 221, -1, 15, 67, 6250 }, // U+0494
    { 11, 16, 183, 0, 11, 44, 6317 }, // U+0495
    { 24, 19, 327, -2, 15, 114, 6361 }, // U+0496
    { 19, 15, 300, 0, 11, 72, 6475 }, // U+0497
    { 13, 19, 190, -1, 15, 62, 6547 }, // U+0498
    { 11, 15, 154, -1, 11, 42, 6609 }, // U+0499
    { 17, 19, 234, -1, 15, 81, 6651 }, // U+049A
    { 12, 15, 191, 0, 11, 45, 6732 }, // U+049B
    { 18, 15, 246, -1, 15, 68, 6777 }, // U+049C
    { 14, 11, 214, 0, 11, 39, 6845 }, // U+049D
    { 17, 15, 235, -1, 15, 64, 6884 }, // U+049E
    { 12, 16, 186, 0, 16, 48, 6948 }, // U+049F
    { 18, 15, 274, 1, 15, 68, 6996 }, // U+04A0
    { 14, 11, 218, 0, 11, 39, 7064 }, // U+04A1
    { 19, 19, 269, -1, 15, 91, 7103 }, // U+04A2
    { 13, 15, 214, 0, 11, 49, 7194 }, // U+04A3
    { 22, 15, 311, -1, 15, 83, 7243 }, // U+04A4
    { 16, 11, 253, 0, 11, 44, 7326 }, // U+04A5
    { 22, 19, 342, -1, 15, 105, 7370 }, // U+04A6
    { 17, 16, 279, 0, 11, 68, 7475 }, // U+04A7
    { 18, 15, 278, 0, 15, 68, 7543 }, // U+04A8
    { 14, 11, 216, 0, 11, 39, 7611 }, // U+04A9
    { 14, 19, 219, 0, 15, 67, 7650 }, // U+04AA
    { 10, 15, 152, 0, 11, 38, 7717 }, // U+04AB
    { 14, 19, 221, 1, 15, 67, 7755 }, // U+04AC
    { 19, 15, 294, 0, 11, 72, 7822 }, // U+04AD
    { 15, 15, 218, 1, 15, 57, 7894 }, // U+04AE
    { 11, 16, 176, 0, 11, 44, 7951 }, // U+04AF
    { 15, 15, 218, 1, 15, 57, 7995 }, // U+04B0
    { 11, 16, 176, 0, 11, 44, 8052 }, // U+04B1
    { 18, 19, 222, -2, 15, 86, 8096 }, // U+04B2
    { 14, 15, 191, -1, 11, 53, 8182 }, // U+04B3
    { 19, 19, 307, 1, 15, 91, 8235 }, // U+04B4
    { 13, 19, 207, 0, 15, 62, 8326 }, // U+04B5
    { 15, 19, 240, 1, 15, 72, 8388 }, // U+04B6
    { 13, 15, 204, 0, 11, 49, 8460 }, // U+04B7
    { 15, 15, 241, 1, 15, 57, 8509 }, // U+04B8
    { 13, 11, 205, 0, 11, 36, 8566 }, // U+04B9
    { 15, 15, 241, -1, 15, 57, 8602 }, // U+04BA
    { 12, 16, 199, 0, 16, 48, 8659 }, // U+04BB
    { 17, 15, 274, 0, 15, 64, 8707 }, // U+04BC
    { 13, 11, 198, 0, 11, 36, 8771 }, // U+04BD
    { 17, 19, 274, 0, 15, 81, 8807 }, // U+04BE
    { 13, 15, 198, 0, 11, 49, 8888 }, // U+04BF
    { 11, 15, 133, -1, 15, 42, 8937 }, // U+04C0
    { 24, 20, 323, -2, 20, 120, 8979 }, // U+04C1
    { 19, 16, 300, 0, 16, 76, 9099 }, // U+04C2
    { 17, 19, 241, -1, 15, 81, 9175 }, // U+04C3
    { 12, 16, 191, 0, 11, 48, 9256 }, // U+04C4
    { 19, 19, 245, -2, 15, 91, 9304 }, // U+04C5
    { 14, 15, 211, -1, 11, 53, 9395 }, // U+04C6
    { 19, 19, 267, -1, 15, 91, 9448 }, // U+04C7
    { 12, 16, 197, 0, 11, 48, 9539 }, // U+04C8
    { 19, 19, 269, -1, 15, 91, 9587 }, // U+04C9
    { 13, 15, 212, 0, 11, 49, 9678 }, // U+04CA
    { 15, 19, 238, 1, 15, 72, 9727 }, // U+04CB
    { 12, 15, 195, 0, 11, 45, 9799 }, // U+04CC
    { 21, 19, 306, -2, 15, 100, 9844 }, // U+04CD
    { 18, 15, 266, -1, 11, 68, 9944 }, // U+04CE
    { 11, 16, 127, -1, 16, 44, 10012 }, // U+04CF
    { 17, 20, 247, -2, 20, 85, 10056 }, // U+04D0
    { 13, 16, 199, 0, 16, 52, 10141 }, // U+04D1
    { 17, 19, 247, -2, 19, 81, 10193 }, // U+04D2
    { 13, 16, 199, 0, 16, 52, 10274 }, // U+04D3
    { 22, 15, 313, -2, 15, 83, 10326 }, // U+04D4
    { 16, 11, 261, 0, 11, 44, 10409 }, // U+04D5
    { 15, 20, 208, -1, 20, 75, 10453 }, // U+04D6
    { 11, 16, 158, 0, 16, 44, 10528 }, // U+04D7
    { 14, 15, 222, 0, 15, 53, 10572 }, // U+04D8
    { 10, 11, 162, 0, 11, 28, 10625 }, // U+04D9
    { 14, 19, 222, 0, 19, 67, 10653 }, // U+04DA
    { 10, 16, 162, 0, 16, 40, 10720 }, // U+04DB
    { 24, 19, 324, -2, 19, 114, 10760 }, // U+04DC
    { 19, 16, 300, 0, 16, 76, 10874 }, // U+04DD
    { 13, 19, 190, -1, 19, 62, 10950 }, // U+04DE
    { 11, 16, 154, -1, 16, 44, 11012 }, // U+04DF
    { 14, 15, 189, -1, 15, 53, 11056 }, // U+04E0
    { 13, 16, 178, -2, 11, 52, 11109 }, // U+04E1
    { 19, 19, 268, -1, 19, 91, 11161 }, // U+04E2
    { 13, 15, 205, 0, 15, 49, 11252 }, // U+04E3
    { 19, 19, 268, -1, 19, 91, 11301 }, // U+04E4
    { 13, 16, 205, 0, 16, 52, 11392 }, // U+04E5
    { 15, 19, 246, 0, 19, 72, 11444 }, // U+04E6
    { 12, 16, 181, 0, 16, 48, 11516 }, // U+04E7
    { 15, 15, 246, 0, 15, 57, 11564 }, // U+04E8
    { 11, 11, 181, 0, 11, 31, 11621 }, // U+04E9
    { 15, 19, 246, 0, 19, 72, 11652 }, // U+04EA
    { 12, 16, 181, 0, 16, 48, 11724 }, // U+04EB
    { 14, 19, 211, -1, 19, 67, 11772 }, // U+04EC
    { 11, 16, 160, -1, 16, 44, 11839 }, // U+04ED
    { 16, 19, 224, 0, 19, 76, 11883 }, // U+04EE
    { 14, 20, 176, -3, 15, 70, 11959 }, // U+04EF
    { 16, 19, 224, 0, 19, 76, 12029 }, // U+04F0
    { 14, 21, 176, -3, 16, 74, 12105 }, // U+04F1
    { 16, 21, 224, 0, 21, 84, 12179 }, // U+04F2
    { 14, 22, 176, -3, 17, 77, 12263 }, // U+04F3
    { 15, 19, 238, 1, 19, 72, 12340 }, // U+04F4
    { 13, 16, 201, 0, 16, 52, 12412 }, // U+04F5
    { 14, 19, 193, -1, 15, 67, 12464 }, // U+04F6
    { 10, 15, 152, 0, 11, 38, 12531 }, // U+04F7
    { 22, 19, 316, -1, 19, 105, 12569 }, // U+04F8
    { 16, 16, 262, 0, 16, 64, 12674 }, // U+04F9
    { 14, 19, 193, -1, 15, 67, 12738 }, // U+04FA
    { 10, 16, 152, 0, 11, 40, 12805 }, // U+04FB
    { 18, 19, 222, -2, 15, 86, 12845 }, // U+04FC
    { 14, 16, 191, -1, 11, 56, 12931 }, // U+04FD
    { 18, 15, 222, -2, 15, 68, 12987 }, // U+04FE
    { 14, 11, 191, -1, 11, 39, 13055 }, // U+04FF
    { 17, 21, 247, -2, 15, 90, 0 }, // U+1EA0
    { 13, 17, 199, 0, 11, 56, 90 }, // U+1EA1
    { 17, 22, 247, -2, 22, 94, 146 }, // U+1EA2
    { 13, 18, 199, 0, 18, 59, 240 }, // U+1EA3
    { 18, 22, 247, -2, 22, 99, 299 }, // U+1EA4
    { 14, 21, 199, 0, 21, 74, 398 }, // U+1EA5
    { 17, 23, 247, -2, 23, 98, 472 }, // U+1EA6
    { 13, 20, 199, 0, 20, 65, 570 }, // U+1EA7
    { 18, 22, 247, -2, 22, 99, 635 }, // U+1EA8
    { 15, 20, 199, 0, 20, 75, 734 }, // U+1EA9
    { 17, 23, 247, -2, 23, 98, 809 }, // U+1EAA
    { 13, 20, 199, 0, 20, 65, 907 }, // U+1EAB
    { 17, 26, 247, -2, 20, 111, 972 }, // U+1EAC
    { 13, 23, 199, 0, 17, 75, 1083 }, // U+1EAD
    { 17, 22, 247, -2, 22, 94, 1158 }, // U+1EAE
    { 13, 19, 199, 0, 19, 62, 1252 }, // U+1EAF
    { 17, 22, 247, -2, 22, 94, 1314 }, // U+1EB0
    { 13, 20, 199, 0, 20, 65, 1408 }, // U+1EB1
    { 17, 22, 247, -2, 22, 94, 1473 }, // U+1EB2
    { 13, 20, 199, 0, 20, 65, 1567 }, // U+1EB3
    { 17, 23, 247, -2, 23, 98, 1632 }, // U+1EB4
    { 13, 19, 199, 0, 19, 62, 1730 }, // U+1EB5
    { 17, 26, 247, -2, 20, 111, 1792 }, // U+1EB6
    { 13, 22, 199, 0, 16, 72, 1903 }, // U+1EB7
    { 15, 21, 208, -1, 15, 79, 1975 }, // U+1EB8
    { 10, 17, 158, 0, 11, 43, 2054 }, // U+1EB9
    { 15, 22, 208, -1, 22, 83, 2097 }, // U+1EBA
    { 10, 18, 158, 0, 18, 45, 2180 }, // U+1EBB
    { 15, 19, 208, -1, 19, 72, 2225 }, // U+1EBC
    { 11, 16, 158, 0, 16, 44, 2297 }, // U+1EBD
    { 17, 22, 208, -1, 22, 94, 2341 }, // U+1EBE
    { 13, 21, 158, 0, 21, 69, 2435 }, // U+1EBF
    { 15, 23, 208, -1, 23, 87, 2504 }, // U+1EC0
    { 11, 20, 158, 0, 20, 55, 2591 }, // U+1EC1
    { 17, 22, 208, -1, 22, 94, 2646 }, // U+1EC2
    { 14, 20, 158, 0, 20, 70, 2740 }, // U+1EC3
    { 15, 23, 208, -1, 23, 87, 2810 }, // U+1EC4
    { 11, 20, 158, 0, 20, 55, 2897 }, // U+1EC5
    { 15, 26, 208, -1, 20, 98, 2952 }, // U+1EC6
    { 10, 23, 158, 0, 17, 58, 3050 }, // U+1EC7
    { 11, 22, 133, -1, 22, 61, 3108 }, // U+1EC8
    { 9, 18, 108, 0, 18, 41, 3169 }, // U+1EC9
    { 11, 21, 133, -1, 15, 58, 3210 }, // U+1ECA
    { 7, 23, 108, 0, 17, 41, 3268 }, // U+1ECB
    { 15, 21, 246, 0, 15, 79, 3309 }, // U+1ECC
    { 11, 17, 181, 0, 11, 47, 3388 }, // U+1ECD
    { 15, 22, 246, 0, 22, 83, 3435 }, // U+1ECE
    { 11, 18, 181, 0, 18, 50, 3518 }, // U+1ECF
    { 16, 22, 246, 0, 22, 88, 3568 }, // U+1ED0
    { 14, 21, 181, 0, 21, 74, 3656 }, // U+1ED1
    { 15, 23, 246, 0, 23, 87, 3730 }, // U+1ED2
    { 12, 20, 181, 0, 20, 60, 3817 }, // U+1ED3
    { 16, 22, 246, 0, 22, 88, 3877 }, // U+1ED4
    { 15, 20, 181, 0, 20, 75, 3965 }, // U+1ED5
    { 15, 23, 246, 0, 23, 87, 4040 }, // U+1ED6
    { 12, 20, 181, 0, 20, 60, 4127 }, // U+1ED7
    { 15, 26, 246, 0, 20, 98, 4187 }, // U+1ED8
    { 11, 23, 181, 0, 17, 64, 4285 }, // U+1ED9
    { 18, 20, 246, 0, 20, 90, 4349 }, // U+1EDA
    { 13, 17, 181, 0, 17, 56, 4439 }, // U+1EDB
    { 18, 20, 246, 0, 20, 90, 4495 }, // U+1EDC
    { 13, 17, 181, 0, 17, 56, 4585 }, // U+1EDD
    { 18, 22, 246, 0, 22, 99, 4641 }, // U+1EDE
    { 13, 18, 181, 0, 18, 59, 4740 }, // U+1EDF
    { 18, 19, 246, 0, 19, 86, 4799 }, // U+1EE0
    { 13, 16, 181, 0, 16, 52, 4885 }, // U+1EE1
    { 18, 23, 246, 0, 17, 104, 4937 }, // U+1EE2
    { 13, 19, 181, 0, 13, 62, 5041 }, // U+1EE3
    { 17, 21, 261, 1, 15, 90, 5103 }, // U+1EE4
    { 13, 17, 205, 0, 11, 56, 5193 }, // U+1EE5
    { 17, 22, 261, 1, 22, 94, 5249 }, // U+1EE6
    { 13, 18, 205, 0, 18, 59, 5343 }, // U+1EE7
    { 19, 20, 256, 1, 20, 95, 5402 }, // U+1EE8
    { 15, 17, 205, 0, 17, 64, 5497 }, // U+1EE9
    { 19, 20, 256, 1, 20, 95, 5561 }, // U+1EEA
    { 15, 17, 205, 0, 17, 64, 5656 }, // U+1EEB
    { 19, 22, 256, 1, 22, 105, 5720 }, // U+1EEC
    { 15, 18, 205, 0, 18, 68, 5825 }, // U+1EED
    { 19, 19, 256, 1, 19, 91, 5893 }, // U+1EEE
    { 15, 16, 205, 0, 16, 60, 5984 }, // U+1EEF
    { 19, 24, 256, 1, 18, 114, 6044 }, // U+1EF0
    { 15, 19, 205, 0, 13, 72, 6158 }, // U+1EF1
    { 15, 20, 218, 1, 20, 75, 6230 }, // U+1EF2
    { 14, 22, 176, -3, 17, 77, 6305 }, // U+1EF3
    { 15, 21, 218, 1, 15, 79, 6382 }, // U+1EF4
    { 14, 17, 176, -3, 11, 60, 6461 }, // U+1EF5
    { 15, 22, 218, 1, 22, 83, 6521 }, // U+1EF6
    { 14, 23, 176, -3, 18, 81, 6604 }, // U+1EF7
    { 15, 19, 218, 1, 19, 72, 6685 }, // U+1EF8
    { 14, 21, 176, -3, 16, 74, 6757 }, // U+1EF9
    { 0, 0, 167, 0, 0, 0, 0 }, // U+2000
    { 0, 0, 333, 0, 0, 0, 0 }, // U+2001
    { 0, 0, 167, 0, 0, 0, 0 }, // U+2002
    { 0, 0, 333, 0, 0, 0, 0 }, // U+2003
    { 0, 0, 111, 0, 0, 0, 0 }, // U+2004
    { 0, 0, 83, 0, 0, 0, 0 }, // U+2005
    { 0, 0, 55, 0, 0, 0, 0 }, // U+2006
    { 0, 0, 208, 0, 0, 0, 0 }, // U+2007
    { 0, 0, 103, 0, 0, 0, 0 }, // U+2008
    { 0, 0, 67, 0, 0, 0, 0 }, // U+2009
    { 0, 0, 17, 0, 0, 0, 0 }, // U+200A
    { 0, 0, 0, 0, 0, 0, 0 }, // U+200B
    { 2, 17, 0, -1, 12, 9, 0 }, // U+200C
    { 6, 19, 0, -3, 14, 29, 9 }, // U+200D
    { 8, 20, 0, -4, 15, 40, 38 }, // U+200E
    { 8, 20, 0, -4, 15, 40, 78 }, // U+200F
    { 8, 3, 130, 0, 7, 6, 118 }, // U+2010
    { 8, 3, 130, 0, 7, 6, 124 }, // U+2011
    { 11, 3, 208, 1, 8, 9, 130 }, // U+2012
    { 11, 2, 167, 0, 6, 6, 139 }, // U+2013
    { 21, 3, 333, 0, 7, 16, 145 }, // U+2014
    { 21, 3, 333, 0, 7, 16, 161 }, // U+2015
    { 8, 21, 167, 1, 16, 42, 177 }, // U+2016
    { 11, 5, 167, 0, -1, 14, 219 }, // U+2017
    { 6, 7, 100, 1, 16, 11, 233 }, // U+2018
    { 5, 7, 100, 1, 16, 9, 244 }, // U+2019
    { 5, 7, 100, 0, 3, 9, 253 }, // U+201A
    { 5, 7, 100, 1, 16, 9, 262 }, // U+201B
    { 10, 7, 170, 1, 16, 18, 271 }, // U+201C
    { 10, 7, 170, 1, 16, 18, 289 }, // U+201D
    { 9, 7, 167, 0, 3, 16, 307 }, // U+201E
    { 9, 7, 167, 1, 16, 16, 323 }, // U+201F
    { 10, 14, 156, 0, 15, 35, 339 }, // U+2020
    { 11, 16, 156, -1, 15, 44, 374 }, // U+2021
    { 6, 5, 100, 0, 8, 8, 418 }, // U+2022
    { 8, 7, 208, 3, 11, 14, 426 }, // U+2023
    { 4, 4, 97, 1, 4, 4, 440 }, // U+2024
    { 10, 4, 167, 0, 4, 10, 444 }, // U+2025
    { 19, 4, 333, 1, 4, 19, 454 }, // U+2026
    { 4, 4, 97, 1, 8, 4, 473 }, // U+2027
    { 0, 0, 0, 0, 0, 0, 477 }, // U+2028
    { 0, 0, 0, 0, 0, 0, 477 }, // U+2029
    { 8, 20, 0, -4, 15, 40, 477 }, // U+202A
    { 8, 20, 0, -4, 15, 40, 517 }, // U+202B
    { 6, 19, 0, -3, 14, 29, 557 }, // U+202C
    { 10, 20, 0, -5, 15, 50, 586 }, // U+202D
    { 10, 20, 0, -5, 15, 50, 636 }, // U+202E
    { 0, 0, 36, 0, 0, 0, 686 }, // U+202F
    { 28, 16, 469, 1, 15, 112, 686 }, // U+2030
    { 5, 7, 85, 0, 15, 9, 798 }, // U+2032
    { 10, 7, 150, 0, 15, 18, 807 }, // U+2033
    { 15, 7, 230, 0, 15, 27, 825 }, // U+2034
    { 5, 7, 85, 0, 15, 9, 852 }, // U+2035
    { 10, 7, 158, 0, 15, 18, 861 }, // U+2036
    { 14, 7, 230, 0, 15, 25, 879 }, // U+2037
    { 10, 4, 166, 0, 0, 10, 904 }, // U+2038
    { 7, 8, 118, 0, 9, 14, 914 }, // U+2039
    { 7, 8, 118, 0, 9, 14, 928 }, // U+203A
    { 13, 14, 208, 0, 14, 46, 942 }, // U+203B
    { 12, 15, 203, 1, 15, 45, 988 }, // U+203C
    { 11, 2, 167, 0, 18, 6, 1033 }, // U+203E
    { 6, 2, 100, 0, 7, 3, 1039 }, // U+2043
    { 14, 17, 96, -4, 16, 60, 1042 }, // U+2044
    { 16, 15, 262, 1, 15, 60, 1102 }, // U+2047
    { 14, 15, 232, 1, 15, 53, 1162 }, // U+2048
    { 14, 15, 233, 1, 15, 53, 1215 }, // U+2049
    { 13, 5, 333, 4, 9, 17, 1268 }, // U+2053
    { 19, 7, 303, 0, 15, 34, 1285 }, // U+2057
    { 0, 0, 74, 0, 0, 0, 1319 }, // U+205F
    { 0, 0, 0, 0, 0, 0, 1319 }, // U+2060
    { 0, 0, 0, 0, 0, 0, 1319 }, // U+2061
    { 0, 0, 0, 0, 0, 0, 1319 }, // U+2062
    { 0, 0, 0, 0, 0, 0, 1319 }, // U+2063
    { 0, 0, 0, 0, 0, 0, 1319 }, // U+2064
    { 9, 9, 149, 0, 17, 21, 0 }, // U+2070
    { 9, 9, 149, 0, 17, 21, 21 }, // U+2074
    { 9, 9, 149, 0, 17, 21, 42 }, // U+2075
    { 10, 9, 149, 0, 17, 23, 63 }, // U+2076
    { 9, 9, 149, 1, 17, 21, 86 }, // U+2077
    { 9, 9, 149, 0, 17, 21, 107 }, // U+2078
    { 9, 9, 149, 0, 17, 21, 128 }, // U+2079
    { 9, 7, 189, 2, 14, 16, 149 }, // U+207F
    { 9, 9, 149, 0, 6, 21, 165 }, // U+2080
    { 7, 9, 149, 1, 6, 16, 186 }, // U+2081
    { 9, 9, 149, 0, 6, 21, 202 }, // U+2082
    { 9, 9, 149, 0, 6, 21, 223 }, // U+2083
    { 9, 9, 149, 0, 6, 21, 244 }, // U+2084
    { 9, 9, 149, 0, 6, 21, 265 }, // U+2085
    { 10, 9, 149, 0, 6, 23, 286 }, // U+2086
    { 9, 9, 149, 1, 6, 21, 309 }, // U+2087
    { 9, 9, 149, 0, 6, 21, 330 }, // U+2088
    { 9, 9, 149, 0, 6, 21, 351 }, // U+2089
    { 15, 14, 208, -1, 14, 53, 0 }, // U+20A3
    { 14, 14, 208, -1, 14, 49, 53 }, // U+20A4
    { 27, 14, 443, 0, 14, 95, 102 }, // U+20A7
    { 15, 14, 208, -1, 14, 53, 197 }, // U+20AC
    { 13, 10, 333, 4, 12, 33, 0 }, // U+2190
    { 11, 13, 333, 5, 14, 36, 33 }, // U+2191
    { 13, 10, 333, 4, 12, 33, 69 }, // U+2192
    { 11, 13, 333, 5, 14, 36, 102 }, // U+2193
    { 15, 10, 333, 3, 12, 38, 138 }, // U+2194
    { 9, 14, 333, 6, 14, 32, 176 }, // U+2195
    { 11, 14, 333, 5, 14, 39, 208 }, // U+21A8
    { 9, 14, 333, 6, 14, 32, 247 }, // U+21B2
    { 9, 14, 333, 6, 14, 32, 279 }, // U+21B3
    { 13, 11, 333, 4, 13, 36, 311 }, // U+21B5
    { 13, 13, 333, 4, 14, 43, 347 }, // U+21D0
    { 13, 13, 333, 4, 14, 43, 390 }, // U+21D1
    { 13, 13, 333, 4, 14, 43, 433 }, // U+21D2
    { 13, 13, 333, 4, 14, 43, 476 }, // U+21D3
    { 15, 11, 333, 3, 13, 42, 519 }, // U+21D4
    { 15, 15, 333, 3, 15, 57, 0 }, // U+2200
    { 11, 16, 208, 1, 16, 44, 57 }, // U+2202
    { 11, 15, 333, 5, 15, 42, 101 }, // U+2203
    { 17, 17, 333, 2, 16, 73, 143 }, // U+2205
    { 14, 15, 228, 0, 15, 53, 216 }, // U+2206
    { 15, 15, 333, 3, 15, 57, 269 }, // U+2207
    { 15, 15, 333, 3, 15, 57, 326 }, // U+2208
    { 15, 19, 333, 3, 17, 72, 383 }, // U+2209
    { 15, 12, 333, 3, 13, 45, 455 }, // U+220A
    { 15, 15, 333, 3, 15, 57, 500 }, // U+220B
    { 15, 19, 333, 3, 17, 72, 557 }, // U+220C
    { 15, 12, 333, 3, 13, 45, 629 }, // U+220D
    { 17, 18, 279, 0, 15, 77, 674 }, // U+220F
    { 14, 19, 222, 0, 15, 67, 751 }, // U+2211
    { 11, 2, 208, 1, 8, 6, 818 }, // U+2212
    { 13, 16, 176, -1, 15, 52, 824 }, // U+2215
    { 11, 16, 176, 0, 15, 44, 876 }, // U+2216
    { 11, 10, 208, 1, 12, 28, 920 }, // U+2217
    { 9, 7, 208, 2, 11, 16, 948 }, // U+2218
    { 5, 4, 208, 4, 8, 5, 964 }, // U+2219
    { 14, 19, 208, -1, 17, 67, 969 }, // U+221A
    { 11, 7, 208, 1, 10, 20, 1036 }, // U+221D
    { 13, 7, 208, 0, 10, 23, 1056 }, // U+221E
    { 13, 15, 333, 4, 15, 49, 1079 }, // U+221F
    { 17, 15, 333, 2, 15, 64, 1128 }, // U+2220
    { 4, 21, 167, 3, 16, 21, 1192 }, // U+2223
    { 8, 21, 167, 1, 16, 42, 1213 }, // U+2225
    { 15, 15, 333, 3, 15, 57, 1255 }, // U+2227
    { 15, 15, 333, 3, 15, 57, 1312 }, // U+2228
    { 13, 15, 333, 4, 15, 49, 1369 }, // U+2229
    { 13, 15, 333, 4, 15, 49, 1418 }, // U+222A
    { 13, 21, 208, 0, 16, 69, 1467 }, // U+222B
    { 15, 12, 333, 3, 12, 45, 1536 }, // U+2234
    { 15, 12, 333, 3, 12, 45, 1581 }, // U+2235
    { 6, 12, 104, 0, 14, 18, 1626 }, // U+2236
    { 15, 12, 333, 3, 12, 45, 1644 }, // U+2237
    { 13, 5, 333, 4, 9, 17, 1689 }, // U+223C
    { 13, 12, 333, 4, 13, 39, 1706 }, // U+2245
    { 11, 8, 208, 1, 11, 22, 1745 }, // U+2248
    { 13, 8, 333, 4, 10, 26, 1767 }, // U+224D
    { 11, 10, 208, 1, 12, 28, 1793 }, // U+2260
    { 13, 10, 333, 4, 11, 33, 1821 }, // U+2261
    { 11, 13, 208, 1, 13, 36, 1854 }, // U+2264
    { 11, 13, 208, 1, 13, 36, 1890 }, // U+2265
    { 18, 9, 333, 1, 12, 41, 1926 }, // U+226A
    { 17, 9, 333, 2, 12, 39, 1967 }, // U+226B
    { 15, 12, 333, 3, 13, 45, 2006 }, // U+2283
    { 15, 18, 333, 3, 16, 68, 2051 }, // U+2284
    { 15, 18, 333, 3, 16, 68, 2119 }, // U+2285
    { 15, 15, 333, 3, 15, 57, 2187 }, // U+2286
    { 15, 15, 333, 3, 15, 57, 2244 }, // U+2287
    { 17, 15, 333, 2, 15, 64, 2301 }, // U+2295
    { 17, 15, 333, 2, 15, 64, 2365 }, // U+2296
    { 17, 15, 333, 2, 15, 64, 2429 }, // U+2297
    { 17, 15, 333, 2, 15, 64, 2493 }, // U+2298
    { 13, 15, 333, 4, 15, 49, 2557 }, // U+22A5
    { 5, 4, 208, 4, 8, 5, 2606 }, // U+22C5
    { 19, 4, 333, 1, 8, 19, 2611 }, // U+22EF
    { 22, 21, 247, -4, 16, 116, 0 }, // U+FB00
    { 18, 21, 214, -4, 16, 95, 116 }, // U+FB01
    { 18, 21, 224, -4, 16, 95, 211 }, // U+FB02
    { 24, 21, 320, -4, 16, 126, 306 }, // U+FB03
    { 25, 21, 329, -4, 16, 132, 432 }, // U+FB04
    { 20, 21, 251, -4, 16, 105, 564 }, // U+FB05
    { 19, 16, 275, -1, 16, 76, 669 }, // U+FB06
    { 21, 19, 333, 0, 17, 100, 0 }, // U+FFFD
};

static const EpdUnicodeInterval bookerly_10_bolditalicIntervals[] = {
    { 0x0, 0x0, 0x0 },
    { 0x8, 0x9, 0x1 },
    { 0xD, 0xD, 0x3 },
    { 0x1D, 0x1D, 0x4 },
    { 0x20, 0x7E, 0x5 },
    { 0xA0, 0xFF, 0x64 },
    { 0x100, 0x17F, 0xC4 },
    { 0x1A0, 0x1A1, 0x144 },
    { 0x1AF, 0x1B0, 0x146 },
    { 0x1C4, 0x1F5, 0x148 },
    { 0x1F8, 0x21F, 0x17A },
    { 0x300, 0x304, 0x1A2 },
    { 0x306, 0x30C, 0x1A7 },
    { 0x30F, 0x30F, 0x1AE },
    { 0x311, 0x315, 0x1AF },
    { 0x31B, 0x31B, 0x1B4 },
    { 0x323, 0x329, 0x1B5 },
    { 0x32D, 0x32E, 0x1BC },
    { 0x330, 0x331, 0x1BE },
    { 0x342, 0x342, 0x1C0 },
    { 0x344, 0x345, 0x1C1 },
    { 0x400, 0x45F, 0x1C3 },
    { 0x462, 0x463, 0x223 },
    { 0x472, 0x475, 0x225 },
    { 0x48A, 0x4FF, 0x229 },
    { 0x1EA0, 0x1EF9, 0x29F },
    { 0x2000, 0x2030, 0x2F9 },
    { 0x2032, 0x203C, 0x32A },
    { 0x203E, 0x203E, 0x335 },
    { 0x2043, 0x2044, 0x336 },
    { 0x2047, 0x2049, 0x338 },
    { 0x2053, 0x2053, 0x33B },
    { 0x2057, 0x2057, 0x33C },
    { 0x205F, 0x2064, 0x33D },
    { 0x2070, 0x2070, 0x343 },
    { 0x2074, 0x2079, 0x344 },
    { 0x207F, 0x2089, 0x34A },
    { 0x20A3, 0x20A4, 0x355 },
    { 0x20A7, 0x20A7, 0x357 },
    { 0x20AC, 0x20AC, 0x358 },
    { 0x2190, 0x2195, 0x359 },
    { 0x21A8, 0x21A8, 0x35F },
    { 0x21B2, 0x21B3, 0x360 },
    { 0x21B5, 0x21B5, 0x362 },
    { 0x21D0, 0x21D4, 0x363 },
    { 0x2200, 0x2200, 0x368 },
    { 0x2202, 0x2203, 0x369 },
    { 0x2205, 0x220D, 0x36B },
    { 0x220F, 0x220F, 0x374 },
    { 0x2211, 0x2212, 0x375 },
    { 0x2215, 0x221A, 0x377 },
    { 0x221D, 0x2220, 0x37D },
    { 0x2223, 0x2223, 0x381 },
    { 0x2225, 0x2225, 0x382 },
    { 0x2227, 0x222B, 0x383 },
    { 0x2234, 0x2237, 0x388 },
    { 0x223C, 0x223C, 0x38C },
    { 0x2245, 0x2245, 0x38D },
    { 0x2248, 0x2248, 0x38E },
    { 0x224D, 0x224D, 0x38F },
    { 0x2260, 0x2261, 0x390 },
    { 0x2264, 0x2265, 0x392 },
    { 0x226A, 0x226B, 0x394 },
    { 0x2283, 0x2287, 0x396 },
    { 0x2295, 0x2298, 0x39B },
    { 0x22A5, 0x22A5, 0x39F },
    { 0x22C5, 0x22C5, 0x3A0 },
    { 0x22EF, 0x22EF, 0x3A1 },
    { 0xFB00, 0xFB06, 0x3A2 },
    { 0xFFFD, 0xFFFD, 0x3A9 },
};

static const EpdFontGroup bookerly_10_bolditalicGroups[] = {
    { 0, 2626, 4744, 100, 0 },
    { 2626, 2228, 5664, 96, 100 },
    { 4854, 2881, 8997, 128, 196 },
    { 7735, 2868, 7814, 94, 324 },
    { 10603, 251, 283, 33, 418 },
    { 10854, 5378, 14440, 220, 451 },
    { 16232, 1623, 7667, 90, 671 },
    { 17855, 809, 1483, 74, 761 },
    { 18664, 215, 471, 18, 835 },
    { 18879, 198, 266, 4, 853 },
    { 19077, 301, 662, 15, 857 },
    { 19378, 1290, 2946, 58, 872 },
    { 20668, 401, 794, 7, 930 },
    { 21069, 83, 114, 1, 937 },
};

static const EpdKernClassEntry bookerly_10_bolditalicKernLeftClasses[] = {
    { 0x0028, 1 }, // (
    { 0x002A, 2 }, // *
    { 0x002C, 3 }, // ,
    { 0x002D, 4 }, // -
    { 0x002E, 3 }, // .
    { 0x002F, 5 }, // /
    { 0x003A, 6 }, // :
    { 0x003B, 6 }, // ;
    { 0x0041, 7 }, // A
    { 0x0042, 8 }, // B
    { 0x0043, 9 }, // C
    { 0x0044, 10 }, // D
    { 0x0045, 11 }, // E
    { 0x0046, 12 }, // F
    { 0x0047, 13 }, // G
    { 0x0048, 14 }, // H
    { 0x0049, 14 }, // I
    { 0x004A, 15 }, // J
    { 0x004B, 16 }, // K
    { 0x004C, 17 }, // L
    { 0x004D, 18 }, // M
    { 0x004E, 19 }, // N
    { 0x004F, 10 }, // O
    { 0x0050, 20 }, // P
    { 0x0051, 21 }, // Q
    { 0x0052, 22 }, // R
    { 0x0053, 23 }, // S
    { 0x0054, 24 }, // T
    { 0x0055, 25 }, // U
    { 0x0056, 26 }, // V
    { 0x0057, 27 }, // W
    { 0x0058, 28 }, // X
    { 0x0059, 29 }, // Y
    { 0x005A, 30 }, // Z
    { 0x005B, 31 }, // [
    { 0x005C, 32 }, // <backslash>
    { 0x0061, 33 }, // a
    { 0x0062, 34 }, // b
    { 0x0063, 35 }, // c
    { 0x0064, 36 }, // d
    { 0x0065, 37 }, // e
    { 0x0066, 38 }, // f
    { 0x0067, 39 }, // g
    { 0x0068, 40 }, // h
    { 0x0069, 41 }, // i
    { 0x006A, 42 }, // j
    { 0x006B, 43 }, // k
    { 0x006C, 44 }, // l
    { 0x006D, 40 }, // m
    { 0x006E, 40 }, // n
    { 0x006F, 34 }, // o
    { 0x0070, 34 }, // p
    { 0x0071, 45 }, // q
    { 0x0072, 46 }, // r
    { 0x0073, 47 }, // s
    { 0x0074, 48 }, // t
    { 0x0075, 33 }, // u
    { 0x0076, 49 }, // v
    { 0x0077, 49 }, // w
    { 0x0078, 50 }, // x
    { 0x0079, 49 }, // y
    { 0x007A, 51 }, // z
    { 0x007B, 52 }, // {
    { 0x00A1, 53 }, // U+00A1
    { 0x00AD, 4 }, // U+00AD
    { 0x00BB, 54 }, // U+00BB
    { 0x00BF, 55 }, // U+00BF
    { 0x00C0, 7 }, // U+00C0
    { 0x00C1, 7 }, // U+00C1
    { 0x00C2, 7 }, // U+00C2
    { 0x00C3, 7 }, // U+00C3
    { 0x00C4, 7 }, // U+00C4
    { 0x00C5, 7 }, // U+00C5
    { 0x00C6, 11 }, // U+00C6
    { 0x00C7, 9 }, // U+00C7
    { 0x00C8, 11 }, // U+00C8
    { 0x00C9, 11 }, // U+00C9
    { 0x00CA, 11 }, // U+00CA
    { 0x00CB, 11 }, // U+00CB
    { 0x00CC, 14 }, // U+00CC
    { 0x00CD, 14 }, // U+00CD
    { 0x00CE, 14 }, // U+00CE
    { 0x00CF, 14 }, // U+00CF
    { 0x00D0, 10 }, // U+00D0
    { 0x00D1, 19 }, // U+00D1
    { 0x00D2, 10 }, // U+00D2
    { 0x00D3, 10 }, // U+00D3
    { 0x00D4, 10 }, // U+00D4
    { 0x00D5, 10 }, // U+00D5
    { 0x00D6, 10 }, // U+00D6
    { 0x00D8, 10 }, // U+00D8
    { 0x00D9, 25 }, // U+00D9
    { 0x00DA, 25 }, // U+00DA
    { 0x00DB, 25 }, // U+00DB
    { 0x00DC, 25 }, // U+00DC
    { 0x00DD, 29 }, // U+00DD
    { 0x00DE, 56 }, // U+00DE
    { 0x00DF, 57 }, // U+00DF
    { 0x00E0, 33 }, // U+00E0
    { 0x00E1, 33 }, // U+00E1
    { 0x00E2, 33 }, // U+00E2
    { 0x00E3, 33 }, // U+00E3
    { 0x00E4, 33 }, // U+00E4
    { 0x00E5, 33 }, // U+00E5
    { 0x00E6, 37 }, // U+00E6
    { 0x00E7, 58 }, // U+00E7
    { 0x00E8, 37 }, // U+00E8
    { 0x00E9, 37 }, // U+00E9
    { 0x00EA, 37 }, // U+00EA
    { 0x00EB, 37 }, // U+00EB
    { 0x00EC, 41 }, // U+00EC
    { 0x00ED, 59 }, // U+00ED
    { 0x00EE, 60 }, // U+00EE
    { 0x00EF, 60 }, // U+00EF
    { 0x00F0, 34 }, // U+00F0
    { 0x00F1, 40 }, // U+00F1
    { 0x00F2, 34 }, // U+00F2
    { 0x00F3, 34 }, // U+00F3
    { 0x00F4, 34 }, // U+00F4
    { 0x00F5, 34 }, // U+00F5
    { 0x00F6, 34 }, // U+00F6
    { 0x00F8, 61 }, // U+00F8
    { 0x00F9, 33 }, // U+00F9
    { 0x00FA, 33 }, // U+00FA
    { 0x00FB, 33 }, // U+00FB
    { 0x00FC, 33 }, // U+00FC
    { 0x00FD, 49 }, // U+00FD
    { 0x00FE, 34 }, // U+00FE
    { 0x00FF, 49 }, // U+00FF
    { 0x0100, 7 }, // U+0100
    { 0x0101, 33 }, // U+0101
    { 0x0102, 7 }, // U+0102
    { 0x0103, 33 }, // U+0103
    { 0x0104, 62 }, // U+0104
    { 0x0105, 63 }, // U+0105
    { 0x0106, 9 }, // U+0106
    { 0x0107, 35 }, // U+0107
    { 0x0108, 9 }, // U+0108
    { 0x0109, 35 }, // U+0109
    { 0x010A, 9 }, // U+010A
    { 0x010B, 35 }, // U+010B
    { 0x010C, 9 }, // U+010C
    { 0x010D, 35 }, // U+010D
    { 0x010E, 10 }, // U+010E
    { 0x010F, 64 }, // U+010F
    { 0x0110, 10 }, // U+0110
    { 0x0111, 36 }, // U+0111
    { 0x0112, 11 }, // U+0112
    { 0x0113, 37 }, // U+0113
    { 0x0114, 11 }, // U+0114
    { 0x0115, 37 }, // U+0115
    { 0x0116, 11 }, // U+0116
    { 0x0117, 37 }, // U+0117
    { 0x0118, 65 }, // U+0118
    { 0x0119, 66 }, // U+0119
    { 0x011A, 11 }, // U+011A
    { 0x011B, 37 }, // U+011B
    { 0x011C, 13 }, // U+011C
    { 0x011D, 39 }, // U+011D
    { 0x011E, 13 }, // U+011E
    { 0x011F, 39 }, // U+011F
    { 0x0120, 13 }, // U+0120
    { 0x0121, 39 }, // U+0121
    { 0x0122, 13 }, // U+0122
    { 0x0123, 39 }, // U+0123
    { 0x0124, 14 }, // U+0124
    { 0x0125, 40 }, // U+0125
    { 0x0126, 67 }, // U+0126
    { 0x0127, 40 }, // U+0127
    { 0x0128, 14 }, // U+0128
    { 0x0129, 60 }, // U+0129
    { 0x012A, 14 }, // U+012A
    { 0x012B, 60 }, // U+012B
    { 0x012C, 14 }, // U+012C
    { 0x012D, 60 }, // U+012D
    { 0x012E, 68 }, // U+012E
    { 0x012F, 69 }, // U+012F
    { 0x0130, 14 }, // U+0130
    { 0x0131, 33 }, // U+0131
    { 0x0132, 15 }, // U+0132
    { 0x0133, 42 }, // U+0133
    { 0x0134, 15 }, // U+0134
    { 0x0135, 70 }, // U+0135
    { 0x0136, 16 }, // U+0136
    { 0x0137, 43 }, // U+0137
    { 0x0138, 71 }, // U+0138
    { 0x0139, 17 }, // U+0139
    { 0x013A, 44 }, // U+013A
    { 0x013B, 17 }, // U+013B
    { 0x013C, 72 }, // U+013C
    { 0x013E, 64 }, // U+013E
    { 0x0141, 17 }, // U+0141
    { 0x0142, 73 }, // U+0142
    { 0x0143, 19 }, // U+0143
    { 0x0144, 40 }, // U+0144
    { 0x0145, 19 }, // U+0145
    { 0x0146, 40 }, // U+0146
    { 0x0147, 19 }, // U+0147
    { 0x0148, 40 }, // U+0148
    { 0x0149, 40 }, // U+0149
    { 0x014A, 19 }, // U+014A
    { 0x014B, 42 }, // U+014B
    { 0x014C, 10 }, // U+014C
    { 0x014D, 34 }, // U+014D
    { 0x014E, 10 }, // U+014E
    { 0x014F, 34 }, // U+014F
    { 0x0150, 10 }, // U+0150
    { 0x0151, 34 }, // U+0151
    { 0x0152, 11 }, // U+0152
    { 0x0153, 37 }, // U+0153
    { 0x0154, 22 }, // U+0154
    { 0x0155, 46 }, // U+0155
    { 0x0156, 22 }, // U+0156
    { 0x0157, 46 }, // U+0157
    { 0x0158, 22 }, // U+0158
    { 0x0159, 46 }, // U+0159
    { 0x015A, 23 }, // U+015A
    { 0x015B, 47 }, // U+015B
    { 0x015C, 23 }, // U+015C
    { 0x015D, 47 }, // U+015D
    { 0x015E, 23 }, // U+015E
    { 0x015F, 74 }, // U+015F
    { 0x0160, 23 }, // U+0160
    { 0x0161, 47 }, // U+0161
    { 0x0162, 24 }, // U+0162
    { 0x0163, 75 }, // U+0163
    { 0x0164, 24 }, // U+0164
    { 0x0166, 24 }, // U+0166
    { 0x0167, 48 }, // U+0167
    { 0x0168, 25 }, // U+0168
    { 0x0169, 33 }, // U+0169
    { 0x016A, 25 }, // U+016A
    { 0x016B, 33 }, // U+016B
    { 0x016C, 25 }, // U+016C
    { 0x016D, 33 }, // U+016D
    { 0x016E, 25 }, // U+016E
    { 0x016F, 33 }, // U+016F
    { 0x0170, 25 }, // U+0170
    { 0x0171, 33 }, // U+0171
    { 0x0172, 25 }, // U+0172
    { 0x0173, 76 }, // U+0173
    { 0x0174, 26 }, // U+0174
    { 0x0175, 49 }, // U+0175
    { 0x0176, 29 }, // U+0176
    { 0x0177, 49 }, // U+0177
    { 0x0178, 29 }, // U+0178
    { 0x0179, 30 }, // U+0179
    { 0x017A, 51 }, // U+017A
    { 0x017B, 30 }, // U+017B
    { 0x017C, 51 }, // U+017C
    { 0x017D, 30 }, // U+017D
    { 0x017E, 51 }, // U+017E
    { 0x01A0, 77 }, // U+01A0
    { 0x01A1, 78 }, // U+01A1
    { 0x01AF, 79 }, // U+01AF
    { 0x01B0, 80 }, // U+01B0
    { 0x01C4, 30 }, // U+01C4
    { 0x01C5, 51 }, // U+01C5
    { 0x01C6, 51 }, // U+01C6
    { 0x01C7, 15 }, // U+01C7
    { 0x01C8, 42 }, // U+01C8
    { 0x01C9, 42 }, // U+01C9
    { 0x01CA, 15 }, // U+01CA
    { 0x01CB, 42 }, // U+01CB
    { 0x01CC, 42 }, // U+01CC
    { 0x01CD, 7 }, // U+01CD
    { 0x01CE, 33 }, // U+01CE
    { 0x01CF, 14 }, // U+01CF
    { 0x01D0, 60 }, // U+01D0
    { 0x01D1, 10 }, // U+01D1
    { 0x01D2, 34 }, // U+01D2
    { 0x01D3, 25 }, // U+01D3
    { 0x01D4, 33 }, // U+01D4
    { 0x01D5, 25 }, // U+01D5
    { 0x01D6, 33 }, // U+01D6
    { 0x01D7, 25 }, // U+01D7
    { 0x01D8, 33 }, // U+01D8
    { 0x01D9, 25 }, // U+01D9
    { 0x01DA, 33 }, // U+01DA
    { 0x01DB, 25 }, // U+01DB
    { 0x01DC, 33 }, // U+01DC
    { 0x01DD, 34 }, // U+01DD
    { 0x01DE, 7 }, // U+01DE
    { 0x01DF, 33 }, // U+01DF
    { 0x01E0, 7 }, // U+01E0
    { 0x01E1, 33 }, // U+01E1
    { 0x01E2, 11 }, // U+01E2
    { 0x01E3, 37 }, // U+01E3
    { 0x01E4, 13 }, // U+01E4
    { 0x01E5, 81 }, // U+01E5
    { 0x01E6, 13 }, // U+01E6
    { 0x01E7, 39 }, // U+01E7
    { 0x01E8, 16 }, // U+01E8
    { 0x01E9, 43 }, // U+01E9
    { 0x01EA, 10 }, // U+01EA
    { 0x01EB, 82 }, // U+01EB
    { 0x01EC, 10 }, // U+01EC
    { 0x01ED, 34 }, // U+01ED
    { 0x01EE, 83 }, // U+01EE
    { 0x01EF, 84 }, // U+01EF
    { 0x01F0, 70 }, // U+01F0
    { 0x01F1, 30 }, // U+01F1
    { 0x01F2, 51 }, // U+01F2
    { 0x01F3, 51 }, // U+01F3
    { 0x01F4, 13 }, // U+01F4
    { 0x01F5, 39 }, // U+01F5
    { 0x01F8, 19 }, // U+01F8
    { 0x01F9, 40 }, // U+01F9
    { 0x01FA, 7 }, // U+01FA
    { 0x01FB, 33 }, // U+01FB
    { 0x01FC, 11 }, // U+01FC
    { 0x01FD, 37 }, // U+01FD
    { 0x01FE, 10 }, // U+01FE
    { 0x01FF, 61 }, // U+01FF
    { 0x0200, 7 }, // U+0200
    { 0x0201, 33 }, // U+0201
    { 0x0202, 7 }, // U+0202
    { 0x0203, 33 }, // U+0203
    { 0x0204, 11 }, // U+0204
    { 0x0205, 37 }, // U+0205
    { 0x0206, 11 }, // U+0206
    { 0x0207, 37 }, // U+0207
    { 0x0208, 14 }, // U+0208
    { 0x0209, 60 }, // U+0209
    { 0x020A, 14 }, // U+020A
    { 0x020B, 60 }, // U+020B
    { 0x020C, 10 }, // U+020C
    { 0x020D, 34 }, // U+020D
    { 0x020E, 10 }, // U+020E
    { 0x020F, 34 }, // U+020F
    { 0x0210, 22 }, // U+0210
    { 0x0211, 46 }, // U+0211
    { 0x0212, 22 }, // U+0212
    { 0x0213, 46 }, // U+0213
    { 0x0214, 25 }, // U+0214
    { 0x0215, 33 }, // U+0215
    { 0x0216, 25 }, // U+0216
    { 0x0217, 33 }, // U+0217
    { 0x0218, 23 }, // U+0218
    { 0x0219, 47 }, // U+0219
    { 0x021A, 24 }, // U+021A
    { 0x021B, 85 }, // U+021B
    { 0x021C, 8 }, // U+021C
    { 0x021D, 86 }, // U+021D
    { 0x021E, 14 }, // U+021E
    { 0x021F, 40 }, // U+021F
    { 0x0400, 87 }, // U+0400
    { 0x0401, 87 }, // U+0401
    { 0x0402, 88 }, // U+0402
    { 0x0404, 89 }, // U+0404
    { 0x0405, 90 }, // U+0405
    { 0x0406, 91 }, // U+0406
    { 0x0407, 91 }, // U+0407
    { 0x0408, 92 }, // U+0408
    { 0x0409, 93 }, // U+0409
    { 0x040A, 93 }, // U+040A
    { 0x040B, 94 }, // U+040B
    { 0x040C, 95 }, // U+040C
    { 0x040D, 91 }, // U+040D
    { 0x040E, 96 }, // U+040E
    { 0x040F, 91 }, // U+040F
    { 0x0410, 97 }, // U+0410
    { 0x0411, 98 }, // U+0411
    { 0x0412, 99 }, // U+0412
    { 0x0413, 100 }, // U+0413
    { 0x0414, 101 }, // U+0414
    { 0x0415, 87 }, // U+0415
    { 0x0416, 95 }, // U+0416
    { 0x0417, 99 }, // U+0417
    { 0x0418, 91 }, // U+0418
    { 0x0419, 91 }, // U+0419
    { 0x041A, 95 }, // U+041A
    { 0x041B, 91 }, // U+041B
    { 0x041C, 102 }, // U+041C
    { 0x041D, 91 }, // U+041D
    { 0x041E, 103 }, // U+041E
    { 0x041F, 91 }, // U+041F
    { 0x0420, 104 }, // U+0420
    { 0x0421, 105 }, // U+0421
    { 0x0422, 106 }, // U+0422
    { 0x0423, 96 }, // U+0423
    { 0x0424, 107 }, // U+0424
    { 0x0425, 108 }, // U+0425
    { 0x0426, 101 }, // U+0426
    { 0x0427, 91 }, // U+0427
    { 0x0428, 91 }, // U+0428
    { 0x0429, 101 }, // U+0429
    { 0x042A, 93 }, // U+042A
    { 0x042B, 91 }, // U+042B
    { 0x042C, 93 }, // U+042C
    { 0x042D, 103 }, // U+042D
    { 0x042E, 103 }, // U+042E
    { 0x042F, 91 }, // U+042F
    { 0x0430, 109 }, // U+0430
    { 0x0431, 110 }, // U+0431
    { 0x0432, 111 }, // U+0432
    { 0x0433, 112 }, // U+0433
    { 0x0434, 113 }, // U+0434
    { 0x0435, 114 }, // U+0435
    { 0x0436, 115 }, // U+0436
    { 0x0437, 111 }, // U+0437
    { 0x0438, 109 }, // U+0438
    { 0x0439, 109 }, // U+0439
    { 0x043A, 116 }, // U+043A
    { 0x043B, 109 }, // U+043B
    { 0x043C, 109 }, // U+043C
    { 0x043D, 109 }, // U+043D
    { 0x043E, 117 }, // U+043E
    { 0x043F, 118 }, // U+043F
    { 0x0440, 117 }, // U+0440
    { 0x0441, 119 }, // U+0441
    { 0x0442, 118 }, // U+0442
    { 0x0443, 120 }, // U+0443
    { 0x0444, 113 }, // U+0444
    { 0x0445, 121 }, // U+0445
    { 0x0446, 122 }, // U+0446
    { 0x0447, 109 }, // U+0447
    { 0x0448, 109 }, // U+0448
    { 0x0449, 122 }, // U+0449
    { 0x044A, 123 }, // U+044A
    { 0x044B, 109 }, // U+044B
    { 0x044C, 124 }, // U+044C
    { 0x044D, 117 }, // U+044D
    { 0x044E, 117 }, // U+044E
    { 0x044F, 109 }, // U+044F
    { 0x0450, 114 }, // U+0450
    { 0x0451, 114 }, // U+0451
    { 0x0452, 125 }, // U+0452
    { 0x0453, 112 }, // U+0453
    { 0x0454, 119 }, // U+0454
    { 0x0455, 126 }, // U+0455
    { 0x0456, 127 }, // U+0456
    { 0x0457, 128 }, // U+0457
    { 0x0458, 129 }, // U+0458
    { 0x0459, 124 }, // U+0459
    { 0x045A, 124 }, // U+045A
    { 0x045B, 118 }, // U+045B
    { 0x045C, 116 }, // U+045C
    { 0x045D, 109 }, // U+045D
    { 0x045E, 120 }, // U+045E
    { 0x045F, 109 }, // U+045F
    { 0x0462, 130 }, // U+0462
    { 0x0463, 124 }, // U+0463
    { 0x0472, 103 }, // U+0472
    { 0x0473, 117 }, // U+0473
    { 0x0474, 131 }, // U+0474
    { 0x0475, 132 }, // U+0475
    { 0x048A, 101 }, // U+048A
    { 0x048B, 122 }, // U+048B
    { 0x048C, 93 }, // U+048C
    { 0x048D, 124 }, // U+048D
    { 0x048E, 104 }, // U+048E
    { 0x048F, 117 }, // U+048F
    { 0x0490, 133 }, // U+0490
    { 0x0491, 134 }, // U+0491
    { 0x0492, 135 }, // U+0492
    { 0x0493, 112 }, // U+0493
    { 0x0496, 136 }, // U+0496
    { 0x0497, 137 }, // U+0497
    { 0x0498, 99 }, // U+0498
    { 0x0499, 111 }, // U+0499
    { 0x049A, 138 }, // U+049A
    { 0x049B, 137 }, // U+049B
    { 0x049C, 95 }, // U+049C
    { 0x049D, 116 }, // U+049D
    { 0x049E, 95 }, // U+049E
    { 0x049F, 116 }, // U+049F
    { 0x04A0, 95 }, // U+04A0
    { 0x04A1, 116 }, // U+04A1
    { 0x04A2, 101 }, // U+04A2
    { 0x04A3, 122 }, // U+04A3
    { 0x04A8, 139 }, // U+04A8
    { 0x04A9, 140 }, // U+04A9
    { 0x04AA, 105 }, // U+04AA
    { 0x04AB, 119 }, // U+04AB
    { 0x04AC, 100 }, // U+04AC
    { 0x04AD, 122 }, // U+04AD
    { 0x04AE, 141 }, // U+04AE
    { 0x04AF, 142 }, // U+04AF
    { 0x04B0, 141 }, // U+04B0
    { 0x04B1, 143 }, // U+04B1
    { 0x04B2, 144 }, // U+04B2
    { 0x04B3, 145 }, // U+04B3
    { 0x04B4, 101 }, // U+04B4
    { 0x04B5, 122 }, // U+04B5
    { 0x04B6, 101 }, // U+04B6
    { 0x04B7, 122 }, // U+04B7
    { 0x04B8, 91 }, // U+04B8
    { 0x04B9, 109 }, // U+04B9
    { 0x04BA, 146 }, // U+04BA
    { 0x04BB, 118 }, // U+04BB
    { 0x04BC, 147 }, // U+04BC
    { 0x04BD, 114 }, // U+04BD
    { 0x04BE, 147 }, // U+04BE
    { 0x04BF, 114 }, // U+04BF
    { 0x04C0, 91 }, // U+04C0
    { 0x04C1, 95 }, // U+04C1
    { 0x04C2, 115 }, // U+04C2
    { 0x04C3, 148 }, // U+04C3
    { 0x04C4, 149 }, // U+04C4
    { 0x04C5, 101 }, // U+04C5
    { 0x04C6, 122 }, // U+04C6
    { 0x04C7, 92 }, // U+04C7
    { 0x04C8, 129 }, // U+04C8
    { 0x04C9, 101 }, // U+04C9
    { 0x04CA, 122 }, // U+04CA
    { 0x04CB, 91 }, // U+04CB
    { 0x04CD, 101 }, // U+04CD
    { 0x04CE, 122 }, // U+04CE
    { 0x04CF, 150 }, // U+04CF
    { 0x04D0, 97 }, // U+04D0
    { 0x04D1, 109 }, // U+04D1
    { 0x04D2, 97 }, // U+04D2
    { 0x04D3, 109 }, // U+04D3
    { 0x04D4, 87 }, // U+04D4
    { 0x04D5, 114 }, // U+04D5
    { 0x04D6, 87 }, // U+04D6
    { 0x04D7, 114 }, // U+04D7
    { 0x04D8, 103 }, // U+04D8
    { 0x04D9, 117 }, // U+04D9
    { 0x04DA, 103 }, // U+04DA
    { 0x04DB, 117 }, // U+04DB
    { 0x04DC, 95 }, // U+04DC
    { 0x04DD, 115 }, // U+04DD
    { 0x04DE, 99 }, // U+04DE
    { 0x04DF, 111 }, // U+04DF
    { 0x04E0, 151 }, // U+04E0
    { 0x04E1, 152 }, // U+04E1
    { 0x04E2, 91 }, // U+04E2
    { 0x04E3, 109 }, // U+04E3
    { 0x04E4, 91 }, // U+04E4
    { 0x04E5, 109 }, // U+04E5
    { 0x04E6, 103 }, // U+04E6
    { 0x04E7, 117 }, // U+04E7
    { 0x04E8, 103 }, // U+04E8
    { 0x04E9, 117 }, // U+04E9
    { 0x04EA, 103 }, // U+04EA
    { 0x04EB, 117 }, // U+04EB
    { 0x04EC, 103 }, // U+04EC
    { 0x04ED, 117 }, // U+04ED
    { 0x04EE, 96 }, // U+04EE
    { 0x04EF, 120 }, // U+04EF
    { 0x04F0, 96 }, // U+04F0
    { 0x04F1, 120 }, // U+04F1
    { 0x04F2, 96 }, // U+04F2
    { 0x04F3, 120 }, // U+04F3
    { 0x04F4, 91 }, // U+04F4
    { 0x04F5, 109 }, // U+04F5
    { 0x04F6, 100 }, // U+04F6
    { 0x04F7, 112 }, // U+04F7
    { 0x04F8, 91 }, // U+04F8
    { 0x04F9, 109 }, // U+04F9
    { 0x04FA, 135 }, // U+04FA
    { 0x04FB, 112 }, // U+04FB
    { 0x04FC, 153 }, // U+04FC
    { 0x04FD, 154 }, // U+04FD
    { 0x04FE, 108 }, // U+04FE
    { 0x04FF, 121 }, // U+04FF
    { 0x1EA0, 7 }, // U+1EA0
    { 0x1EA1, 33 }, // U+1EA1
    { 0x1EA2, 7 }, // U+1EA2
    { 0x1EA3, 33 }, // U+1EA3
    { 0x1EA4, 7 }, // U+1EA4
    { 0x1EA5, 33 }, // U+1EA5
    { 0x1EA6, 7 }, // U+1EA6
    { 0x1EA7, 33 }, // U+1EA7
    { 0x1EA8, 7 }, // U+1EA8
    { 0x1EA9, 33 }, // U+1EA9
    { 0x1EAA, 7 }, // U+1EAA
    { 0x1EAB, 33 }, // U+1EAB
    { 0x1EAC, 7 }, // U+1EAC
    { 0x1EAD, 33 }, // U+1EAD
    { 0x1EAE, 7 }, // U+1EAE
    { 0x1EAF, 33 }, // U+1EAF
    { 0x1EB0, 7 }, // U+1EB0
    { 0x1EB1, 33 }, // U+1EB1
    { 0x1EB2, 7 }, // U+1EB2
    { 0x1EB3, 33 }, // U+1EB3
    { 0x1EB4, 7 }, // U+1EB4
    { 0x1EB5, 33 }, // U+1EB5
    { 0x1EB6, 7 }, // U+1EB6
    { 0x1EB7, 33 }, // U+1EB7
    { 0x1EB8, 11 }, // U+1EB8
    { 0x1EB9, 37 }, // U+1EB9
    { 0x1EBA, 11 }, // U+1EBA
    { 0x1EBB, 37 }, // U+1EBB
    { 0x1EBC, 11 }, // U+1EBC
    { 0x1EBD, 37 }, // U+1EBD
    { 0x1EBE, 11 }, // U+1EBE
    { 0x1EBF, 37 }, // U+1EBF
    { 0x1EC0, 11 }, // U+1EC0
    { 0x1EC1, 37 }, // U+1EC1
    { 0x1EC2, 11 }, // U+1EC2
    { 0x1EC3, 37 }, // U+1EC3
    { 0x1EC4, 11 }, // U+1EC4
    { 0x1EC5, 37 }, // U+1EC5
    { 0x1EC6, 11 }, // U+1EC6
    { 0x1EC7, 37 }, // U+1EC7
    { 0x1EC8, 14 }, // U+1EC8
    { 0x1EC9, 60 }, // U+1EC9
    { 0x1ECA, 14 }, // U+1ECA
    { 0x1ECB, 41 }, // U+1ECB
    { 0x1ECC, 10 }, // U+1ECC
    { 0x1ECD, 34 }, // U+1ECD
    { 0x1ECE, 10 }, // U+1ECE
    { 0x1ECF, 34 }, // U+1ECF
    { 0x1ED0, 10 }, // U+1ED0
    { 0x1ED1, 34 }, // U+1ED1
    { 0x1ED2, 10 }, // U+1ED2
    { 0x1ED3, 34 }, // U+1ED3
    { 0x1ED4, 10 }, // U+1ED4
    { 0x1ED5, 34 }, // U+1ED5
    { 0x1ED6, 10 }, // U+1ED6
    { 0x1ED7, 34 }, // U+1ED7
    { 0x1ED8, 10 }, // U+1ED8
    { 0x1ED9, 34 }, // U+1ED9
    { 0x1EDA, 77 }, // U+1EDA
    { 0x1EDB, 78 }, // U+1EDB
    { 0x1EDC, 77 }, // U+1EDC
    { 0x1EDD, 78 }, // U+1EDD
    { 0x1EDE, 77 }, // U+1EDE
    { 0x1EDF, 78 }, // U+1EDF
    { 0x1EE0, 77 }, // U+1EE0
    { 0x1EE1, 78 }, // U+1EE1
    { 0x1EE2, 77 }, // U+1EE2
    { 0x1EE3, 78 }, // U+1EE3
    { 0x1EE4, 25 }, // U+1EE4
    { 0x1EE5, 33 }, // U+1EE5
    { 0x1EE6, 25 }, // U+1EE6
    { 0x1EE7, 33 }, // U+1EE7
    { 0x1EE8, 79 }, // U+1EE8
    { 0x1EE9, 80 }, // U+1EE9
    { 0x1EEA, 79 }, // U+1EEA
    { 0x1EEB, 80 }, // U+1EEB
    { 0x1EEC, 79 }, // U+1EEC
    { 0x1EED, 80 }, // U+1EED
    { 0x1EEE, 79 }, // U+1EEE
    { 0x1EEF, 80 }, // U+1EEF
    { 0x1EF0, 79 }, // U+1EF0
    { 0x1EF1, 80 }, // U+1EF1
    { 0x1EF2, 29 }, // U+1EF2
    { 0x1EF3, 49 }, // U+1EF3
    { 0x1EF4, 29 }, // U+1EF4
    { 0x1EF5, 49 }, // U+1EF5
    { 0x1EF6, 29 }, // U+1EF6
    { 0x1EF7, 49 }, // U+1EF7
    { 0x1EF8, 29 }, // U+1EF8
    { 0x1EF9, 49 }, // U+1EF9
    { 0x2010, 4 }, // U+2010
    { 0x2011, 4 }, // U+2011
    { 0x2013, 4 }, // U+2013
    { 0x2014, 4 }, // U+2014
    { 0x2015, 4 }, // U+2015
    { 0x2018, 155 }, // U+2018
    { 0x2019, 156 }, // U+2019
    { 0x201A, 157 }, // U+201A
    { 0x201B, 155 }, // U+201B
    { 0x201C, 155 }, // U+201C
    { 0x201D, 156 }, // U+201D
    { 0x201E, 3 }, // U+201E
    { 0x2025, 3 }, // U+2025
    { 0x2026, 3 }, // U+2026
    { 0x203A, 54 }, // U+203A
    { 0xFB00, 38 }, // U+FB00
    { 0xFB01, 41 }, // U+FB01
    { 0xFB02, 44 }, // U+FB02
    { 0xFB03, 41 }, // U+FB03
    { 0xFB04, 44 }, // U+FB04
    { 0xFB05, 48 }, // U+FB05
    { 0xFB06, 48 }, // U+FB06
};

static const EpdKernClassEntry bookerly_10_bolditalicKernRightClasses[] = {
    { 0x0021, 1 }, // !
    { 0x0022, 2 }, // "
    { 0x0027, 2 }, // '
    { 0x0029, 3 }, // )
    { 0x002A, 4 }, // *
    { 0x002C, 5 }, // ,
    { 0x002D, 6 }, // -
    { 0x002E, 7 }, // .
    { 0x002F, 8 }, // /
    { 0x003A, 9 }, // :
    { 0x003B, 10 }, // ;
    { 0x003F, 11 }, // ?
    { 0x0041, 12 }, // A
    { 0x0042, 13 }, // B
    { 0x0043, 14 }, // C
    { 0x0044, 13 }, // D
    { 0x0045, 15 }, // E
    { 0x0046, 15 }, // F
    { 0x0047, 14 }, // G
    { 0x0048, 15 }, // H
    { 0x0049, 15 }, // I
    { 0x004A, 16 }, // J
    { 0x004B, 15 }, // K
    { 0x004C, 15 }, // L
    { 0x004D, 17 }, // M
    { 0x004E, 15 }, // N
    { 0x004F, 14 }, // O
    { 0x0050, 13 }, // P
    { 0x0051, 14 }, // Q
    { 0x0052, 13 }, // R
    { 0x0053, 18 }, // S
    { 0x0054, 19 }, // T
    { 0x0055, 20 }, // U
    { 0x0056, 21 }, // V
    { 0x0057, 21 }, // W
    { 0x0058, 22 }, // X
    { 0x0059, 23 }, // Y
    { 0x005A, 24 }, // Z
    { 0x005C, 25 }, // <backslash>
    { 0x005D, 26 }, // ]
    { 0x0061, 27 }, // a
    { 0x0062, 28 }, // b
    { 0x0063, 27 }, // c
    { 0x0064, 27 }, // d
    { 0x0065, 27 }, // e
    { 0x0066, 29 }, // f
    { 0x0067, 30 }, // g
    { 0x0068, 31 }, // h
    { 0x0069, 32 }, // i
    { 0x006A, 33 }, // j
    { 0x006B, 31 }, // k
    { 0x006C, 31 }, // l
    { 0x006D, 34 }, // m
    { 0x006E, 34 }, // n
    { 0x006F, 27 }, // o
    { 0x0070, 34 }, // p
    { 0x0071, 27 }, // q
    { 0x0072, 34 }, // r
    { 0x0073, 35 }, // s
    { 0x0074, 36 }, // t
    { 0x0075, 37 }, // u
    { 0x0076, 38 }, // v
    { 0x0077, 38 }, // w
    { 0x0078, 39 }, // x
    { 0x0079, 40 }, // y
    { 0x007A, 41 }, // z
    { 0x007D, 42 }, // }
    { 0x00A1, 43 }, // U+00A1
    { 0x00AB, 44 }, // U+00AB
    { 0x00AD, 6 }, // U+00AD
    { 0x00BB, 45 }, // U+00BB
    { 0x00BF, 46 }, // U+00BF
    { 0x00C0, 12 }, // U+00C0
    { 0x00C1, 12 }, // U+00C1
    { 0x00C2, 12 }, // U+00C2
    { 0x00C3, 12 }, // U+00C3
    { 0x00C4, 12 }, // U+00C4
    { 0x00C5, 12 }, // U+00C5
    { 0x00C6, 47 }, // U+00C6
    { 0x00C7, 14 }, // U+00C7
    { 0x00C8, 15 }, // U+00C8
    { 0x00C9, 15 }, // U+00C9
    { 0x00CA, 15 }, // U+00CA
    { 0x00CB, 15 }, // U+00CB
    { 0x00CC, 15 }, // U+00CC
    { 0x00CD, 15 }, // U+00CD
    { 0x00CE, 15 }, // U+00CE
    { 0x00CF, 15 }, // U+00CF
    { 0x00D0, 13 }, // U+00D0
    { 0x00D1, 15 }, // U+00D1
    { 0x00D2, 14 }, // U+00D2
    { 0x00D3, 14 }, // U+00D3
    { 0x00D4, 14 }, // U+00D4
    { 0x00D5, 14 }, // U+00D5
    { 0x00D6, 14 }, // U+00D6
    { 0x00D8, 14 }, // U+00D8
    { 0x00D9, 20 }, // U+00D9
    { 0x00DA, 20 }, // U+00DA
    { 0x00DB, 20 }, // U+00DB
    { 0x00DC, 20 }, // U+00DC
    { 0x00DD, 23 }, // U+00DD
    { 0x00DE, 15 }, // U+00DE
    { 0x00DF, 48 }, // U+00DF
    { 0x00E0, 27 }, // U+00E0
    { 0x00E1, 27 }, // U+00E1
    { 0x00E2, 27 }, // U+00E2
    { 0x00E3, 27 }, // U+00E3
    { 0x00E4, 49 }, // U+00E4
    { 0x00E5, 27 }, // U+00E5
    { 0x00E6, 27 }, // U+00E6
    { 0x00E7, 27 }, // U+00E7
    { 0x00E8, 27 }, // U+00E8
    { 0x00E9, 27 }, // U+00E9
    { 0x00EA, 27 }, // U+00EA
    { 0x00EB, 27 }, // U+00EB
    { 0x00EC, 50 }, // U+00EC
    { 0x00ED, 32 }, // U+00ED
    { 0x00EE, 51 }, // U+00EE
    { 0x00EF, 51 }, // U+00EF
    { 0x00F0, 27 }, // U+00F0
    { 0x00F1, 34 }, // U+00F1
    { 0x00F2, 27 }, // U+00F2
    { 0x00F3, 27 }, // U+00F3
    { 0x00F4, 27 }, // U+00F4
    { 0x00F5, 27 }, // U+00F5
    { 0x00F6, 27 }, // U+00F6
    { 0x00F8, 52 }, // U+00F8
    { 0x00F9, 37 }, // U+00F9
    { 0x00FA, 37 }, // U+00FA
    { 0x00FB, 37 }, // U+00FB
    { 0x00FC, 37 }, // U+00FC
    { 0x00FD, 38 }, // U+00FD
    { 0x00FE, 53 }, // U+00FE
    { 0x00FF, 38 }, // U+00FF
    { 0x0100, 12 }, // U+0100
    { 0x0101, 27 }, // U+0101
    { 0x0102, 12 }, // U+0102
    { 0x0103, 27 }, // U+0103
    { 0x0104, 12 }, // U+0104
    { 0x0105, 27 }, // U+0105
    { 0x0106, 14 }, // U+0106
    { 0x0107, 27 }, // U+0107
    { 0x0108, 14 }, // U+0108
    { 0x0109, 27 }, // U+0109
    { 0x010A, 14 }, // U+010A
    { 0x010B, 27 }, // U+010B
    { 0x010C, 14 }, // U+010C
    { 0x010D, 54 }, // U+010D
    { 0x010E, 13 }, // U+010E
    { 0x010F, 27 }, // U+010F
    { 0x0110, 13 }, // U+0110
    { 0x0111, 27 }, // U+0111
    { 0x0112, 15 }, // U+0112
    { 0x0113, 27 }, // U+0113
    { 0x0114, 15 }, // U+0114
    { 0x0115, 27 }, // U+0115
    { 0x0116, 15 }, // U+0116
    { 0x0117, 27 }, // U+0117
    { 0x0118, 15 }, // U+0118
    { 0x0119, 27 }, // U+0119
    { 0x011A, 15 }, // U+011A
    { 0x011B, 27 }, // U+011B
    { 0x011C, 14 }, // U+011C
    { 0x011D, 30 }, // U+011D
    { 0x011E, 14 }, // U+011E
    { 0x011F, 30 }, // U+011F
    { 0x0120, 14 }, // U+0120
    { 0x0121, 30 }, // U+0121
    { 0x0122, 14 }, // U+0122
    { 0x0123, 30 }, // U+0123
    { 0x0124, 15 }, // U+0124
    { 0x0125, 31 }, // U+0125
    { 0x0126, 15 }, // U+0126
    { 0x0127, 55 }, // U+0127
    { 0x0128, 15 }, // U+0128
    { 0x0129, 51 }, // U+0129
    { 0x012A, 15 }, // U+012A
    { 0x012B, 51 }, // U+012B
    { 0x012C, 15 }, // U+012C
    { 0x012D, 51 }, // U+012D
    { 0x012E, 15 }, // U+012E
    { 0x012F, 32 }, // U+012F
    { 0x0130, 15 }, // U+0130
    { 0x0131, 34 }, // U+0131
    { 0x0132, 15 }, // U+0132
    { 0x0133, 32 }, // U+0133
    { 0x0134, 16 }, // U+0134
    { 0x0135, 56 }, // U+0135
    { 0x0136, 15 }, // U+0136
    { 0x0137, 31 }, // U+0137
    { 0x0138, 34 }, // U+0138
    { 0x0139, 15 }, // U+0139
    { 0x013A, 31 }, // U+013A
    { 0x013B, 15 }, // U+013B
    { 0x013C, 31 }, // U+013C
    { 0x013D, 15 }, // U+013D
    { 0x013E, 31 }, // U+013E
    { 0x013F, 15 }, // U+013F
    { 0x0140, 31 }, // U+0140
    { 0x0141, 15 }, // U+0141
    { 0x0142, 57 }, // U+0142
    { 0x0143, 15 }, // U+0143
    { 0x0144, 34 }, // U+0144
    { 0x0145, 15 }, // U+0145
    { 0x0146, 34 }, // U+0146
    { 0x0147, 15 }, // U+0147
    { 0x0148, 34 }, // U+0148
    { 0x0149, 34 }, // U+0149
    { 0x014A, 15 }, // U+014A
    { 0x014B, 34 }, // U+014B
    { 0x014C, 14 }, // U+014C
    { 0x014D, 27 }, // U+014D
    { 0x014E, 14 }, // U+014E
    { 0x014F, 27 }, // U+014F
    { 0x0150, 14 }, // U+0150
    { 0x0151, 27 }, // U+0151
    { 0x0152, 14 }, // U+0152
    { 0x0153, 27 }, // U+0153
    { 0x0154, 13 }, // U+0154
    { 0x0155, 34 }, // U+0155
    { 0x0156, 13 }, // U+0156
    { 0x0157, 34 }, // U+0157
    { 0x0158, 13 }, // U+0158
    { 0x0159, 34 }, // U+0159
    { 0x015A, 18 }, // U+015A
    { 0x015B, 35 }, // U+015B
    { 0x015C, 18 }, // U+015C
    { 0x015D, 35 }, // U+015D
    { 0x015E, 18 }, // U+015E
    { 0x015F, 35 }, // U+015F
    { 0x0160, 18 }, // U+0160
    { 0x0161, 58 }, // U+0161
    { 0x0162, 19 }, // U+0162
    { 0x0163, 36 }, // U+0163
    { 0x0164, 19 }, // U+0164
    { 0x0165, 36 }, // U+0165
    { 0x0166, 19 }, // U+0166
    { 0x0167, 36 }, // U+0167
    { 0x0168, 20 }, // U+0168
    { 0x0169, 37 }, // U+0169
    { 0x016A, 20 }, // U+016A
    { 0x016B, 37 }, // U+016B
    { 0x016C, 20 }, // U+016C
    { 0x016D, 37 }, // U+016D
    { 0x016E, 20 }, // U+016E
    { 0x016F, 37 }, // U+016F
    { 0x0170, 20 }, // U+0170
    { 0x0171, 37 }, // U+0171
    { 0x0172, 20 }, // U+0172
    { 0x0173, 37 }, // U+0173
    { 0x0174, 21 }, // U+0174
    { 0x0175, 38 }, // U+0175
    { 0x0176, 23 }, // U+0176
    { 0x0177, 38 }, // U+0177
    { 0x0178, 23 }, // U+0178
    { 0x0179, 24 }, // U+0179
    { 0x017A, 41 }, // U+017A
    { 0x017B, 24 }, // U+017B
    { 0x017C, 41 }, // U+017C
    { 0x017D, 24 }, // U+017D
    { 0x017E, 59 }, // U+017E
    { 0x017F, 48 }, // U+017F
    { 0x01A0, 14 }, // U+01A0
    { 0x01A1, 27 }, // U+01A1
    { 0x01AF, 20 }, // U+01AF
    { 0x01B0, 37 }, // U+01B0
    { 0x01C4, 13 }, // U+01C4
    { 0x01C5, 13 }, // U+01C5
    { 0x01C6, 27 }, // U+01C6
    { 0x01C7, 15 }, // U+01C7
    { 0x01C8, 15 }, // U+01C8
    { 0x01C9, 31 }, // U+01C9
    { 0x01CA, 15 }, // U+01CA
    { 0x01CB, 15 }, // U+01CB
    { 0x01CC, 34 }, // U+01CC
    { 0x01CD, 12 }, // U+01CD
    { 0x01CE, 27 }, // U+01CE
    { 0x01CF, 15 }, // U+01CF
    { 0x01D0, 51 }, // U+01D0
    { 0x01D1, 14 }, // U+01D1
    { 0x01D2, 27 }, // U+01D2
    { 0x01D3, 20 }, // U+01D3
    { 0x01D4, 37 }, // U+01D4
    { 0x01D5, 20 }, // U+01D5
    { 0x01D6, 37 }, // U+01D6
    { 0x01D7, 20 }, // U+01D7
    { 0x01D8, 37 }, // U+01D8
    { 0x01D9, 20 }, // U+01D9
    { 0x01DA, 37 }, // U+01DA
    { 0x01DB, 20 }, // U+01DB
    { 0x01DC, 37 }, // U+01DC
    { 0x01DD, 60 }, // U+01DD
    { 0x01DE, 12 }, // U+01DE
    { 0x01DF, 27 }, // U+01DF
    { 0x01E0, 12 }, // U+01E0
    { 0x01E1, 27 }, // U+01E1
    { 0x01E2, 47 }, // U+01E2
    { 0x01E3, 27 }, // U+01E3
    { 0x01E4, 14 }, // U+01E4
    { 0x01E5, 61 }, // U+01E5
    { 0x01E6, 14 }, // U+01E6
    { 0x01E7, 30 }, // U+01E7
    { 0x01E8, 15 }, // U+01E8
    { 0x01E9, 31 }, // U+01E9
    { 0x01EA, 14 }, // U+01EA
    { 0x01EB, 27 }, // U+01EB
    { 0x01EC, 14 }, // U+01EC
    { 0x01ED, 27 }, // U+01ED
    { 0x01EE, 62 }, // U+01EE
    { 0x01EF, 63 }, // U+01EF
    { 0x01F0, 56 }, // U+01F0
    { 0x01F1, 13 }, // U+01F1
    { 0x01F2, 13 }, // U+01F2
    { 0x01F3, 27 }, // U+01F3
    { 0x01F4, 14 }, // U+01F4
    { 0x01F5, 30 }, // U+01F5
    { 0x01F8, 15 }, // U+01F8
    { 0x01F9, 34 }, // U+01F9
    { 0x01FA, 12 }, // U+01FA
    { 0x01FB, 27 }, // U+01FB
    { 0x01FC, 47 }, // U+01FC
    { 0x01FD, 27 }, // U+01FD
    { 0x01FE, 14 }, // U+01FE
    { 0x01FF, 52 }, // U+01FF
    { 0x0200, 12 }, // U+0200
    { 0x0201, 27 }, // U+0201
    { 0x0202, 12 }, // U+0202
    { 0x0203, 27 }, // U+0203
    { 0x0204, 15 }, // U+0204
    { 0x0205, 27 }, // U+0205
    { 0x0206, 15 }, // U+0206
    { 0x0207, 27 }, // U+0207
    { 0x0208, 15 }, // U+0208
    { 0x0209, 51 }, // U+0209
    { 0x020A, 15 }, // U+020A
    { 0x020B, 51 }, // U+020B
    { 0x020C, 14 }, // U+020C
    { 0x020D, 27 }, // U+020D
    { 0x020E, 14 }, // U+020E
    { 0x020F, 27 }, // U+020F
    { 0x0210, 13 }, // U+0210
    { 0x0211, 34 }, // U+0211
    { 0x0212, 13 }, // U+0212
    { 0x0213, 34 }, // U+0213
    { 0x0214, 20 }, // U+0214
    { 0x0215, 37 }, // U+0215
    { 0x0216, 20 }, // U+0216
    { 0x0217, 37 }, // U+0217
    { 0x0218, 18 }, // U+0218
    { 0x0219, 35 }, // U+0219
    { 0x021A, 19 }, // U+021A
    { 0x021B, 36 }, // U+021B
    { 0x021C, 64 }, // U+021C
    { 0x021D, 65 }, // U+021D
    { 0x021E, 15 }, // U+021E
    { 0x021F, 31 }, // U+021F
    { 0x0400, 66 }, // U+0400
    { 0x0401, 66 }, // U+0401
    { 0x0402, 67 }, // U+0402
    { 0x0403, 66 }, // U+0403
    { 0x0404, 68 }, // U+0404
    { 0x0405, 69 }, // U+0405
    { 0x0406, 66 }, // U+0406
    { 0x0407, 66 }, // U+0407
    { 0x0408, 70 }, // U+0408
    { 0x0409, 71 }, // U+0409
    { 0x040A, 66 }, // U+040A
    { 0x040B, 67 }, // U+040B
    { 0x040C, 66 }, // U+040C
    { 0x040D, 66 }, // U+040D
    { 0x040E, 72 }, // U+040E
    { 0x040F, 66 }, // U+040F
    { 0x0410, 73 }, // U+0410
    { 0x0411, 66 }, // U+0411
    { 0x0412, 74 }, // U+0412
    { 0x0413, 66 }, // U+0413
    { 0x0414, 75 }, // U+0414
    { 0x0415, 66 }, // U+0415
    { 0x0416, 76 }, // U+0416
    { 0x0417, 77 }, // U+0417
    { 0x0418, 66 }, // U+0418
    { 0x0419, 66 }, // U+0419
    { 0x041A, 66 }, // U+041A
    { 0x041B, 78 }, // U+041B
    { 0x041C, 79 }, // U+041C
    { 0x041D, 66 }, // U+041D
    { 0x041E, 68 }, // U+041E
    { 0x041F, 66 }, // U+041F
    { 0x0420, 74 }, // U+0420
    { 0x0421, 68 }, // U+0421
    { 0x0422, 67 }, // U+0422
    { 0x0423, 72 }, // U+0423
    { 0x0424, 80 }, // U+0424
    { 0x0425, 81 }, // U+0425
    { 0x0426, 66 }, // U+0426
    { 0x0427, 82 }, // U+0427
    { 0x0428, 66 }, // U+0428
    { 0x0429, 66 }, // U+0429
    { 0x042A, 67 }, // U+042A
    { 0x042B, 66 }, // U+042B
    { 0x042C, 66 }, // U+042C
    { 0x042D, 83 }, // U+042D
    { 0x042E, 66 }, // U+042E
    { 0x042F, 84 }, // U+042F
    { 0x0430, 85 }, // U+0430
    { 0x0431, 86 }, // U+0431
    { 0x0432, 85 }, // U+0432
    { 0x0433, 87 }, // U+0433
    { 0x0434, 88 }, // U+0434
    { 0x0435, 85 }, // U+0435
    { 0x0436, 89 }, // U+0436
    { 0x0437, 90 }, // U+0437
    { 0x0438, 91 }, // U+0438
    { 0x0439, 91 }, // U+0439
    { 0x043A, 92 }, // U+043A
    { 0x043B, 93 }, // U+043B
    { 0x043C, 94 }, // U+043C
    { 0x043D, 92 }, // U+043D
    { 0x043E, 85 }, // U+043E
    { 0x043F, 92 }, // U+043F
    { 0x0440, 95 }, // U+0440
    { 0x0441, 85 }, // U+0441
    { 0x0442, 92 }, // U+0442
    { 0x0443, 96 }, // U+0443
    { 0x0444, 85 }, // U+0444
    { 0x0445, 97 }, // U+0445
    { 0x0446, 91 }, // U+0446
    { 0x0447, 98 }, // U+0447
    { 0x0448, 91 }, // U+0448
    { 0x0449, 91 }, // U+0449
    { 0x044A, 99 }, // U+044A
    { 0x044B, 91 }, // U+044B
    { 0x044C, 91 }, // U+044C
    { 0x044D, 90 }, // U+044D
    { 0x044E, 92 }, // U+044E
    { 0x044F, 100 }, // U+044F
    { 0x0450, 85 }, // U+0450
    { 0x0451, 85 }, // U+0451
    { 0x0452, 101 }, // U+0452
    { 0x0453, 87 }, // U+0453
    { 0x0454, 85 }, // U+0454
    { 0x0455, 102 }, // U+0455
    { 0x0456, 103 }, // U+0456
    { 0x0457, 104 }, // U+0457
    { 0x0458, 105 }, // U+0458
    { 0x0459, 93 }, // U+0459
    { 0x045A, 92 }, // U+045A
    { 0x045B, 106 }, // U+045B
    { 0x045C, 92 }, // U+045C
    { 0x045D, 91 }, // U+045D
    { 0x045E, 96 }, // U+045E
    { 0x045F, 91 }, // U+045F
    { 0x0462, 67 }, // U+0462
    { 0x0463, 92 }, // U+0463
    { 0x0472, 68 }, // U+0472
    { 0x0473, 85 }, // U+0473
    { 0x0474, 107 }, // U+0474
    { 0x0475, 108 }, // U+0475
    { 0x048A, 66 }, // U+048A
    { 0x048B, 92 }, // U+048B
    { 0x048C, 109 }, // U+048C
    { 0x048D, 110 }, // U+048D
    { 0x048E, 74 }, // U+048E
    { 0x048F, 92 }, // U+048F
    { 0x0490, 66 }, // U+0490
    { 0x0491, 111 }, // U+0491
    { 0x0492, 66 }, // U+0492
    { 0x0493, 87 }, // U+0493
    { 0x0494, 66 }, // U+0494
    { 0x0495, 92 }, // U+0495
    { 0x0496, 76 }, // U+0496
    { 0x0497, 89 }, // U+0497
    { 0x0498, 77 }, // U+0498
    { 0x0499, 90 }, // U+0499
    { 0x049A, 66 }, // U+049A
    { 0x049B, 92 }, // U+049B
    { 0x049C, 66 }, // U+049C
    { 0x049D, 92 }, // U+049D
    { 0x04A0, 67 }, // U+04A0
    { 0x04A2, 66 }, // U+04A2
    { 0x04A3, 92 }, // U+04A3
    { 0x04A4, 66 }, // U+04A4
    { 0x04A5, 92 }, // U+04A5
    { 0x04A6, 66 }, // U+04A6
    { 0x04A7, 92 }, // U+04A7
    { 0x04A8, 68 }, // U+04A8
    { 0x04A9, 85 }, // U+04A9
    { 0x04AA, 68 }, // U+04AA
    { 0x04AB, 85 }, // U+04AB
    { 0x04AC, 67 }, // U+04AC
    { 0x04AD, 92 }, // U+04AD
    { 0x04AE, 112 }, // U+04AE
    { 0x04AF, 96 }, // U+04AF
    { 0x04B0, 112 }, // U+04B0
    { 0x04B1, 96 }, // U+04B1
    { 0x04B2, 81 }, // U+04B2
    { 0x04B3, 97 }, // U+04B3
    { 0x04B6, 82 }, // U+04B6
    { 0x04B7, 98 }, // U+04B7
    { 0x04B8, 82 }, // U+04B8
    { 0x04B9, 98 }, // U+04B9
    { 0x04BA, 66 }, // U+04BA
    { 0x04BB, 106 }, // U+04BB
    { 0x04BC, 113 }, // U+04BC
    { 0x04BD, 114 }, // U+04BD
    { 0x04BE, 113 }, // U+04BE
    { 0x04BF, 114 }, // U+04BF
    { 0x04C0, 66 }, // U+04C0
    { 0x04C1, 76 }, // U+04C1
    { 0x04C2, 89 }, // U+04C2
    { 0x04C3, 66 }, // U+04C3
    { 0x04C4, 92 }, // U+04C4
    { 0x04C5, 78 }, // U+04C5
    { 0x04C6, 93 }, // U+04C6
    { 0x04C7, 66 }, // U+04C7
    { 0x04C8, 92 }, // U+04C8
    { 0x04C9, 66 }, // U+04C9
    { 0x04CA, 92 }, // U+04CA
    { 0x04CB, 82 }, // U+04CB
    { 0x04CC, 98 }, // U+04CC
    { 0x04CE, 94 }, // U+04CE
    { 0x04CF, 115 }, // U+04CF
    { 0x04D0, 73 }, // U+04D0
    { 0x04D1, 85 }, // U+04D1
    { 0x04D2, 73 }, // U+04D2
    { 0x04D3, 85 }, // U+04D3
    { 0x04D4, 116 }, // U+04D4
    { 0x04D5, 85 }, // U+04D5
    { 0x04D6, 66 }, // U+04D6
    { 0x04D7, 85 }, // U+04D7
    { 0x04D8, 117 }, // U+04D8
    { 0x04D9, 118 }, // U+04D9
    { 0x04DB, 118 }, // U+04DB
    { 0x04DC, 76 }, // U+04DC
    { 0x04DD, 89 }, // U+04DD
    { 0x04DE, 77 }, // U+04DE
    { 0x04DF, 90 }, // U+04DF
    { 0x04E0, 119 }, // U+04E0
    { 0x04E1, 120 }, // U+04E1
    { 0x04E2, 66 }, // U+04E2
    { 0x04E3, 91 }, // U+04E3
    { 0x04E4, 66 }, // U+04E4
    { 0x04E5, 91 }, // U+04E5
    { 0x04E6, 68 }, // U+04E6
    { 0x04E7, 85 }, // U+04E7
    { 0x04E8, 68 }, // U+04E8
    { 0x04E9, 85 }, // U+04E9
    { 0x04EA, 68 }, // U+04EA
    { 0x04EB, 85 }, // U+04EB
    { 0x04ED, 90 }, // U+04ED
    { 0x04EE, 72 }, // U+04EE
    { 0x04EF, 96 }, // U+04EF
    { 0x04F0, 72 }, // U+04F0
    { 0x04F1, 96 }, // U+04F1
    { 0x04F2, 72 }, // U+04F2
    { 0x04F3, 96 }, // U+04F3
    { 0x04F5, 98 }, // U+04F5
    { 0x04F6, 66 }, // U+04F6
    { 0x04F7, 87 }, // U+04F7
    { 0x04F8, 66 }, // U+04F8
    { 0x04F9, 91 }, // U+04F9
    { 0x04FA, 66 }, // U+04FA
    { 0x04FB, 87 }, // U+04FB
    { 0x04FC, 81 }, // U+04FC
    { 0x04FD, 97 }, // U+04FD
    { 0x04FE, 81 }, // U+04FE
    { 0x04FF, 97 }, // U+04FF
    { 0x1EA0, 12 }, // U+1EA0
    { 0x1EA1, 27 }, // U+1EA1
    { 0x1EA2, 12 }, // U+1EA2
    { 0x1EA3, 27 }, // U+1EA3
    { 0x1EA4, 12 }, // U+1EA4
    { 0x1EA5, 27 }, // U+1EA5
    { 0x1EA6, 12 }, // U+1EA6
    { 0x1EA7, 27 }, // U+1EA7
    { 0x1EA8, 12 }, // U+1EA8
    { 0x1EA9, 27 }, // U+1EA9
    { 0x1EAA, 12 }, // U+1EAA
    { 0x1EAB, 27 }, // U+1EAB
    { 0x1EAC, 12 }, // U+1EAC
    { 0x1EAD, 27 }, // U+1EAD
    { 0x1EAE, 12 }, // U+1EAE
    { 0x1EAF, 27 }, // U+1EAF
    { 0x1EB0, 12 }, // U+1EB0
    { 0x1EB1, 27 }, // U+1EB1
    { 0x1EB2, 12 }, // U+1EB2
    { 0x1EB3, 27 }, // U+1EB3
    { 0x1EB4, 12 }, // U+1EB4
    { 0x1EB5, 27 }, // U+1EB5
    { 0x1EB6, 12 }, // U+1EB6
    { 0x1EB7, 27 }, // U+1EB7
    { 0x1EB8, 15 }, // U+1EB8
    { 0x1EB9, 27 }, // U+1EB9
    { 0x1EBA, 15 }, // U+1EBA
    { 0x1EBB, 27 }, // U+1EBB
    { 0x1EBC, 15 }, // U+1EBC
    { 0x1EBD, 27 }, // U+1EBD
    { 0x1EBE, 15 }, // U+1EBE
    { 0x1EBF, 27 }, // U+1EBF
    { 0x1EC0, 15 }, // U+1EC0
    { 0x1EC1, 27 }, // U+1EC1
    { 0x1EC2, 15 }, // U+1EC2
    { 0x1EC3, 27 }, // U+1EC3
    { 0x1EC4, 15 }, // U+1EC4
    { 0x1EC5, 27 }, // U+1EC5
    { 0x1EC6, 15 }, // U+1EC6
    { 0x1EC7, 27 }, // U+1EC7
    { 0x1EC8, 15 }, // U+1EC8
    { 0x1EC9, 51 }, // U+1EC9
    { 0x1ECA, 15 }, // U+1ECA
    { 0x1ECB, 32 }, // U+1ECB
    { 0x1ECC, 14 }, // U+1ECC
    { 0x1ECD, 27 }, // U+1ECD
    { 0x1ECE, 14 }, // U+1ECE
    { 0x1ECF, 27 }, // U+1ECF
    { 0x1ED0, 14 }, // U+1ED0
    { 0x1ED1, 27 }, // U+1ED1
    { 0x1ED2, 14 }, // U+1ED2
    { 0x1ED3, 27 }, // U+1ED3
    { 0x1ED4, 14 }, // U+1ED4
    { 0x1ED5, 27 }, // U+1ED5
    { 0x1ED6, 14 }, // U+1ED6
    { 0x1ED7, 27 }, // U+1ED7
    { 0x1ED8, 14 }, // U+1ED8
    { 0x1ED9, 27 }, // U+1ED9
    { 0x1EDA, 14 }, // U+1EDA
    { 0x1EDB, 27 }, // U+1EDB
    { 0x1EDC, 14 }, // U+1EDC
    { 0x1EDD, 27 }, // U+1EDD
    { 0x1EDE, 14 }, // U+1EDE
    { 0x1EDF, 27 }, // U+1EDF
    { 0x1EE0, 14 }, // U+1EE0
    { 0x1EE1, 27 }, // U+1EE1
    { 0x1EE2, 14 }, // U+1EE2
    { 0x1EE3, 27 }, // U+1EE3
    { 0x1EE4, 20 }, // U+1EE4
    { 0x1EE5, 37 }, // U+1EE5
    { 0x1EE6, 20 }, // U+1EE6
    { 0x1EE7, 37 }, // U+1EE7
    { 0x1EE8, 20 }, // U+1EE8
    { 0x1EE9, 37 }, // U+1EE9
    { 0x1EEA, 20 }, // U+1EEA
    { 0x1EEB, 37 }, // U+1EEB
    { 0x1EEC, 20 }, // U+1EEC
    { 0x1EED, 37 }, // U+1EED
    { 0x1EEE, 20 }, // U+1EEE
    { 0x1EEF, 37 }, // U+1EEF
    { 0x1EF0, 20 }, // U+1EF0
    { 0x1EF1, 37 }, // U+1EF1
    { 0x1EF2, 23 }, // U+1EF2
    { 0x1EF3, 38 }, // U+1EF3
    { 0x1EF4, 23 }, // U+1EF4
    { 0x1EF5, 38 }, // U+1EF5
    { 0x1EF6, 23 }, // U+1EF6
    { 0x1EF7, 38 }, // U+1EF7
    { 0x1EF8, 23 }, // U+1EF8
    { 0x1EF9, 38 }, // U+1EF9
    { 0x2010, 6 }, // U+2010
    { 0x2011, 6 }, // U+2011
    { 0x2013, 6 }, // U+2013
    { 0x2014, 6 }, // U+2014
    { 0x2015, 6 }, // U+2015
    { 0x2018, 121 }, // U+2018
    { 0x2019, 122 }, // U+2019
    { 0x201A, 7 }, // U+201A
    { 0x201B, 121 }, // U+201B
    { 0x201C, 121 }, // U+201C
    { 0x201D, 122 }, // U+201D
    { 0x201E, 7 }, // U+201E
    { 0x2025, 7 }, // U+2025
    { 0x2026, 7 }, // U+2026
    { 0x2039, 44 }, // U+2039
    { 0x203A, 45 }, // U+203A
    { 0x203C, 1 }, // U+203C
    { 0x2047, 11 }, // U+2047
    { 0x2048, 11 }, // U+2048
    { 0x2049, 1 }, // U+2049
    { 0xFB00, 29 }, // U+FB00
    { 0xFB01, 29 }, // U+FB01
    { 0xFB02, 29 }, // U+FB02
    { 0xFB03, 29 }, // U+FB03
    { 0xFB04, 29 }, // U+FB04
    { 0xFB05, 29 }, // U+FB05
    { 0xFB06, 35 }, // U+FB06
};

static const int8_t bookerly_10_bolditalicKernMatrix[] = {
       0,    0,    0,    0,    0,    0,    0,    0,    0,    0,    0,    0,    0,   -8,    0,   33,    0,    0,    0,    0,    0,    0,    0,    0,    0,    0,   -7,   23,   50,    0,   23,    0,   50,    0,    0,    0,    0,    0,    0,   30,    0,    0,    0,    0,    0,    0,    0,    0,   -7,    0,    0,   -7,   23,   -7,   23,    0,   23,    0,    0,    0,    0,    0,    0,    0,    0,    0,    0,   -8,    0,   33,    0,    0,    0,    0,   10,    0,    0,    0,    0,    0,    0,    0,    0,    0,   -7,    0,    0,   -7,    0,    0,    0,    0,  -10,    0,    0,   27,    0,    0,    0,    0,   23,    0,    0,    0,   50,   23,    0,   27,    0,    0,    0,    0,    0,    0,    0,    0,    0,    0,    0,    0,    0,    0,
       0,    0,    0,    0,    0,    0,    0,    0,    0,    0,    0,  -13,    0,    0,    0,    0,    0,    0,    0,    0,    0,    0,    0,    0,    0,    0,    0,    0,    0,    0,    0,    0,    0,    0,    0,    0,    0,    0,    0,    0,    0,    0,    0,    0,    0,    0,  -30,    0,    0,    0,    0,    0,    0,    0,    0,    0,    0,    0,    0,    0,    0,    0,    0,    0,    0,    0,    0,    0,    0,    0,    0,    0,  -13,    0,    0,    0,    0,    0,    0,    0,    0,    0,    0,    0,    0,    0,    0,    0,    0,    0,    0,    0,    0,    0,    0,    0,    0,    0,    0,    0,    0,    0,    0,    0,    0,    0,    0,    0,    0,    0,    0,    0,    0,    0,    0,  -30,    0,    0,    0,    0,    0,    0,
       0,    0,    0,    0,    0,    0,    0,    0,    0,    0,    0,    9,    7,  -10,   10,   37,    0,    0,  -17,  -13,  -33,   13,  -20,    0,    0,    0,    0,    0,   10,    7,    0,   -7,   35,    0,    0,   -7,   -7,  -17,    0,  -17,    0,    0,    0,  -13,    0,    0,   10,    0,    0,   -7,    0,    0,    0,    0,    0,    0,    0,    0,    0,    0,    7,    0,    0,    0,    0,   10,  -17,  -10,    0,   37,   13,    0,    9,    7,   10,   13,    0,   13,    0,   -7,   13,  -28,    0,   17,    0,   -7,    0,    0,    0,    0,   -7,    0,    0,    0,    0,  -17,    0,  -20,  -25,    0,    0,    0,   -7,    0,   35,    0,  -33,  -17,    0,  -10,    0,  -20,  -40,  -10,    0,   10,    0,    0,    0,    0,  -33,  -33,
       0,    0,    0,    0,    0,    0,    0,    0,    0,    0,    0,    0,    0,    0,    0,    0,    0,    0,    0,    0,    0,    0,  -10,    0,    0,    0,    0,    0,    0,    0,    0,    0,    0,    0,    0,    0,    0,    0,    0,    0,    0,    0,    0,    0,    0,    0,    0,    0,    0,    0,    0,    0,    0,    0,    0,    0,    0,    0,    0,    0,    0,    0,    0,    0,    0,    0,    0,    0,    0,    0,    0,    0,    0,    0,    0,    0,    0,    0,    0,    0,    0,    0,    0,    0,    0,    0,    0,    0,    0,    0,    0,    0,    0,    0,    0,    0,    0,    0,    0,    0,    0,    0,    0,    0,    0,    0,    0,    0,    0,    0,    0,  -10,    0,    0,    0,    0,    0,    0,    0,    0,    0,    0,
       0,    0,    0,    0,    0,    0,    0,    0,    0,    0,    0,  -30,    0,   -7,    0,    0,  -17,    0,    0,    0,    0,    0,    0,    0,    0,    0,  -33,   10,  -17,  -33,   10,    0,    0,   -7,  -30,  -10,  -13,    0,  -17,    0,  -20,    0,    0,    0,    0,    0,  -43,    0,  -33,    0,    0,  -33,   10,  -33,   10,    0,   10,  -30,  -20,    0,  -33,    0,  -17,    0,  -13,    0,    0,   -7,    0,    0,  -10,    0,  -30,    0,  -20,    0,    0,  -10,  -17,   -7,    0,    0,    0,  -13,  -33,  -10,  -10,  -40,  -20,  -20,  -13,   -7,  -35,  -25,   -7,    0,  -17,    0,  -10,  -30,   10,  -30,    0,    0,    0,   10,    0,    0,    0,    0,  -20,    0,    0,  -17,    0,  -43,    0,  -20,    0,  -17,    0,    0,
       0,    0,    0,    0,    0,    0,    0,    0,    0,    0,    0,    0,    0,    0,    0,    0,    0,    0,    0,    0,    0,    0,    0,    0,    0,    0,    0,    0,    0,    0,    0,    0,    0,    0,    0,    0,    0,   10,    0,   10,    0,    0,    0,    0,    0,    0,    0,    0,    0,    0,    0,    0,    0,    0,    0,    0,    0,    0,    0,    0,    0,    0,    0,    0,    0,    0,    0,    0,    0,    0,    0,    0,    0,    0,    0,    0,    0,    0,    0,    0,    0,    0,    0,    0,    0,    0,    0,    0,    0,    0,    0,    0,    0,    0,    0,   10,    0,    0,    0,    0,    0,    0,    0,    0,    0,    0,    0,   10,    0,    0,    0,    0,    0,    0,    0,    0,    0,    0,    0,    0,    0,    0,
       0,    0,    0,  -17,    0,    0,    0,    0,    0,    0,  -10,   12,    3,  -13,    7,    0,   13,    0,  -20,  -17,  -40,   22,  -23,    0,  -53,    0,    0,    0,    0,    7,    0,   -7,    0,   -7,    0,   -7,   -5,  -20,    0,  -20,    0,    0,    0,  -10,    0,    0,   17,    0,    0,   -7,   -7,   10,    0,    0,    0,    0,    0,    0,    0,    0,    7,    0,   -7,   -7,  -10,    0,    0,    0,    0,    0,    0,    0,    0,    0,    0,    0,    0,    0,    0,    0,    0,    0,    0,    0,    0,    0,    0,    0,    0,    0,    0,    0,    0,    0,    0,    0,    0,    0,    0,    0,    0,    0,    0,    0,    0,    0,    0,    0,    0,    0,    0,    0,    0,    0,    0,    0,    0,    0,    0,    0,  -33,  -27,
       0,    0,    0,    0,  -13,    0,  -13,    0,  -10,  -10,    0,   -7,    0,    5,    0,    0,    0,    0,  -10,  -10,  -17,    0,  -15,    0,  -13,    0,    0,   -3,    0,   -7,   -3,   -3,    0,    0,    0,    0,    0,    0,    0,    0,    0,    0,    0,    0,    0,    0,   -7,    0,    0,   -3,    0,    0,   -3,    0,   -3,    0,   -3,    0,    0,    0,   -7,    0,  -10,  -10,   -3,    0,    0,    0,    0,    0,    0,    0,    0,    0,    0,    0,    0,    0,    0,    0,    0,    0,    0,    0,    0,    0,    0,    0,    0,    0,    0,    0,    0,    0,    0,    0,    0,    0,    0,    0,    0,    0,    0,    0,    0,    0,    0,    0,    0,    0,    0,    0,    0,    0,    0,    0,    0,    0,    0,    0,    0,   -3,
       0,    0,    0,    0,    0,    0,    0,    0,  -10,  -10,    0,    0,    0,   -5,    0,    0,    0,    0,    0,   -3,   -3,    3,    0,    0,    0,    0,   -3,    0,    0,    0,    0,    0,    0,    0,    0,    0,    0,    0,    0,    0,    0,    0,    0,    0,    0,    0,    0,    0,   -3,    0,    0,   -3,    0,   -3,    0,    0,    0,    0,    0,    0,    0,    0,  -10,    0,    0,    0,    0,    0,    0,    0,    0,    0,    0,    0,    0,    0,    0,    0,    0,    0,    0,    0,    0,    0,    0,    0,    0,    0,    0,    0,    0,    0,    0,    0,    0,    0,    0,    0,    0,    0,    0,    0,    0,    0,    0,    0,    0,    0,    0,    0,    0,    0,    0,    0,    0,    0,    0,    0,    0,    0,    0,    0,
       0,    0,    0,    0,  -17,    0,  -17,   -7,   -7,   -7,    0,  -13,    0,    5,   -3,   -8,   -5,    0,   -7,   -7,  -13,   -3,  -12,    0,  -17,    0,    0,    0,    0,    0,    0,    0,    0,    0,    0,    0,    0,    0,    0,    0,    0,    0,    0,    0,    0,    0,  -10,   -7,    0,    0,    0,    0,    0,    0,    0,    0,    0,    0,    0,    0,    0,    0,   -7,  -10,    0,    0,    0,    0,    0,    0,    0,    0,    0,    0,    0,    0,    0,    0,    0,    0,    0,    0,    0,    0,    0,    0,    0,    0,    0,    0,    0,    0,    0,    0,    0,    0,    0,    0,    0,    0,    0,    0,    0,    0,    0,    0,    0,    0,    0,    0,    0,    0,    0,    0,    0,    0,    0,    0,    0,    0,    0,    0,
       0,    0,    0,   10,    0,    0,    0,    0,  -10,  -10,    0,   -3,    0,   -3,    0,    0,    0,    0,    0,   -3,    0,    0,    0,    0,    0,    0,   -3,    0,    0,    0,    0,    0,    0,    0,    0,    0,    0,    0,    0,    0,    0,    0,    0,    0,    0,    0,    0,    0,   -3,    0,    0,   -3,    0,   -3,    0,    0,    0,    0,    0,    0,    0,    0,    0,   -3,    0,    0,    0,    0,    0,    0,    0,    0,    0,    0,    0,    0,    0,    0,    0,    0,    0,    0,    0,    0,    0,    0,    0,    0,    0,    0,    0,    0,    0,    0,    0,    0,    0,    0,    0,    0,    0,    0,    0,    0,    0,    0,    0,    0,    0,    0,    0,    0,    0,    0,    0,    0,    0,    0,    0,    0,    0,    0,
       0,    0,    0,    0,  -27,    0,  -27,  -17,  -17,  -17,    0,  -30,    0,    0,    0,    0,   -5,    0,    0,    0,    3,    5,    3,    0,    0,    0,   -8,    7,   -5,  -10,    7,    0,    0,    0,   -7,    0,    0,    0,    0,    0,    0,    0,    0,   -7,    0,    0,  -32,    0,   -8,    0,    7,   -8,    7,   -8,    7,    0,    7,   -7,    0,    0,  -10,    0,    0,    0,    0,    0,    0,    0,    0,    0,    0,    0,    0,    0,    0,    0,    0,    0,    0,    0,    0,    0,    0,    0,    0,    0,    0,    0,    0,    0,    0,    0,    0,    0,    0,    0,    0,    0,    0,    0,    0,    0,    0,    0,    0,    0,    0,    0,    0,    0,    0,    0,    0,    0,    0,    0,    0,    0,    0,    0,    0,   15,
       0,    0,    0,    0,  -10,    0,  -10,    0,    0,    0,    0,   -7,    0,    0,    0,    0,    0,    0,  -10,  -10,  -13,    0,   -7,    0,  -10,    0,    0,    0,    0,    0,    0,    0,    0,    0,    0,    0,    0,    0,    0,    0,    0,    0,    0,    0,    0,    0,    0,    0,    0,    0,    0,    0,    0,    0,    0,    0,    0,    0,    0,    0,    0,    0,    0,   -7,    0,    0,    0,    0,    0,    0,    0,    0,    0,    0,    0,    0,    0,    0,    0,    0,    0,    0,    0,    0,    0,    0,    0,    0,    0,    0,    0,    0,    0,    0,    0,    0,    0,    0,    0,    0,    0,    0,    0,    0,    0,    0,    0,    0,    0,    0,    0,    0,    0,    0,    0,    0,    0,    0,    0,    0,  -10,    0,
       0,    0,    0,    0,  -10,    0,  -10,    0,  -13,  -13,    0,   -3,    0,   -5,    0,    0,    0,    0,    0,    0,    0,    0,    0,    0,    0,    0,   -7,   10,    0,    0,   10,    0,    0,   -3,   -3,   -7,   -3,    0,   -5,    0,    0,    0,    0,  -13,   -7,    0,    0,    0,   -7,    0,    0,   -7,   10,   -7,   10,    0,   10,   -3,    0,    0,    0,    0,   -7,    0,   -7,    0,    0,    0,    0,    0,    0,    0,    0,    0,    0,    0,    0,    0,    0,    0,    0,    0,    0,    0,    0,    0,    0,    0,    0,    0,    0,    0,    0,    0,    0,    0,    0,    0,    0,    0,    0,    0,    0,    0,    0,    0,    0,    0,    0,    0,    0,    0,    0,    0,    0,    0,    0,    0,    0,    0,    0,    0,
       0,    0,    0,   17,  -20,    0,  -20,  -10,  -17,  -17,    0,  -10,    8,   -3,    0,    0,    0,    0,    0,    0,    0,   10,    7,    0,   10,    0,   -5,   13,    0,    0,   13,    0,    0,    0,    0,    0,    0,    0,    0,    0,    0,    0,    0,    0,    0,    0,   -7,    0,   -5,    0,    7,   -5,   13,   -5,   13,    0,   13,    0,    0,    0,    0,    0,  -10,    0,    0,    0,    0,    0,    0,    0,    0,    0,    0,    0,    0,    0,    0,    0,    0,    0,    0,    0,    0,    0,    0,    0,    0,    0,    0,    0,    0,    0,    0,    0,    0,    0,    0,    0,    0,    0,    0,    0,    0,    0,    0,    0,    0,    0,    0,    0,    0,    0,    0,    0,    0,    0,    0,    0,    0,    0,    0,    0,
       0,    0,    0,   10,    0,  -10,    0,    0,    0,    0,    0,   10,    3,  -12,    0,    0,   10,    0,    0,    0,    0,   15,    0,    0,    7,    0,   -7,   13,    0,    0,   13,    0,    0,   -7,   -7,   -3,  -10,   -7,    0,   -7,    0,    0,    0,  -13,    0,    0,   12,    0,   -7,    0,    0,   -7,   13,   -7,   13,    0,   13,   -7,    0,    0,    0,    0,  -13,    0,  -17,    0,    0,    0,    0,    0,    0,    0,    0,    0,    0,    0,    0,    0,    0,    0,    0,    0,    0,    0,    0,    0,    0,    0,    0,    0,    0,    0,    0,    0,    0,    0,    0,    0,    0,    0,    0,    0,    0,    0,    0,    0,    0,    0,    0,    0,    0,    0,    0,    0,    0,    0,    0,    0,    0,    0,    0,    0,
       0,    0,    0,  -18,    0,    0,    0,    0,    0,    0,    0,    0,    0,    0,    0,    0,    0,    0,  -15,  -10,  -23,   10,  -20,    0,  -20,    0,    0,    0,    0,    0,    0,    0,    0,    0,    0,    0,    0,   -7,    0,   -7,    0,    0,    0,    0,    0,    0,    0,    0,    0,    0,    0,    0,    0,    0,    0,    0,    0,    0,    0,    0,    0,    0,   -7,    0,    0,    0,    0,    0,    0,    0,    0,    0,    0,    0,    0,    0,    0,    0,    0,    0,    0,    0,    0,    0,    0,    0,    0,    0,    0,    0,    0,    0,    0,    0,    0,    0,    0,    0,    0,    0,    0,    0,    0,    0,    0,    0,    0,    0,    0,    0,    0,    0,    0,    0,    0,    0,    0,    0,    0,    0,  -20,   -7,
       0,    0,    0,    0,    0,    0,    0,    0,    0,    0,    0,    7,    0,   -5,    0,    0,    7,    0,   -3,   -7,  -11,   17,   -3,    0,  -10,    0,    0,    0,    0,    0,    0,    0,    0,    0,    0,    0,    0,   -3,    0,   -3,    0,    0,    0,   -7,    0,    0,   10,    0,    0,    0,    0,    0,    0,    0,    0,    0,    0,    0,    0,    0,    0,    0,   -7,    0,   -7,    0,    0,    0,    0,    0,    0,    0,    0,    0,    0,    0,    0,    0,    0,    0,    0,    0,    0,    0,    0,    0,    0,    0,    0,    0,    0,    0,    0,    0,    0,    0,    0,    0,    0,    0,    0,    0,    0,    0,    0,    0,    0,    0,    0,    0,    0,    0,    0,    0,    0,    0,    0,    0,    0,    0,  -10,    0,
       0,    0,    0,    0,  -17,    0,  -17,  -20,    0,    0,    0,  -13,    0,   -5,    0,    0,    0,    0,    0,    0,    0,    7,    0,    0,   10,    0,   -7,    8,    0,   -7,    8,    0,    0,    0,   -7,    0,   -3,    0,   -7,    0,   -5,    0,    0,   -7,   -7,    0,  -13,    0,   -7,    0,    0,   -7,    8,   -7,    8,    0,    8,   -7,   -5,    0,   -7,    0,   -7,    0,   -3,    0,    0,    0,    0,    0,    0,    0,    0,    0,    0,    0,    0,    0,    0,    0,    0,    0,    0,    0,    0,    0,    0,    0,    0,    0,    0,    0,    0,    0,    0,    0,    0,    0,    0,    0,    0,    0,    0,    0,    0,    0,    0,    0,    0,    0,    0,    0,    0,    0,    0,    0,    0,    0,    0,    0,    0,    0,
       0,    0,    0,    0,  -27,    0,  -27,  -23,  -17,  -17,    0,  -35,   -3,    0,   -8,   -3,  -12,    0,    0,   -7,   -7,   -3,   -7,    0,  -10,    0,   -7,   -3,    0,   -8,   -3,    0,    0,    0,   -7,    0,    0,    7,    0,    7,    0,    0,    0,    0,    0,    0,  -48,    0,   -7,    0,    0,   -7,   -3,   -7,   -3,    0,   -3,   -7,    0,    0,   -8,   -3,    0,   -7,    0,    0,    0,    0,    0,    0,    0,    0,    0,    0,    0,    0,    0,    0,    0,    0,    0,    0,    0,    0,    0,    0,    0,    0,    0,    0,    0,    0,    0,    0,    0,    0,    0,    0,    0,    0,    0,    0,    0,    0,    0,    0,    0,    0,    0,    0,    0,    0,    0,    0,    0,    0,    0,    0,    0,    0,    0,    0,
       0,    0,   63,    0,   46,    0,  -17,   -7,   -7,   56,    0,  -13,    0,    5,   -3,   26,   -5,    0,   -7,   -7,  -13,   -3,  -12,    0,  -17,   67,    0,    0,    0,   14,    0,    0,   21,    0,    0,    0,    0,    0,    0,    0,    0,   63,    0,    0,    0,    0,  -10,   -7,    0,    0,    0,    0,    0,    0,    0,    0,    0,    0,    0,    0,   14,    0,   10,  -10,    0,    0,    0,    0,    0,    0,    0,    0,    0,    0,    0,    0,    0,    0,    0,    0,    0,    0,    0,    0,    0,    0,    0,    0,    0,    0,    0,    0,    0,    0,    0,    0,    0,    0,    0,    0,    0,    0,    0,    0,    0,    0,    0,    0,    0,    0,    0,    0,    0,    0,    0,    0,    0,    0,    0,    0,    0,    0,
       0,    0,    0,  -10,    0,  -13,    0,    0,    0,    0,    0,   17,   10,  -10,    7,    0,   13,    0,  -20,  -20,  -23,   20,  -20,    0,  -32,    0,   -3,    0,   -7,    0,    0,    0,    0,    0,    0,    0,   -7,   -7,    0,   -7,    0,    0,    0,  -13,    0,    0,   20,    0,   -3,    0,    0,   -3,    0,   -3,    0,    0,    0,    0,    0,    0,    0,    0,  -17,    0,  -10,    0,    0,    0,    0,    0,    0,    0,    0,    0,    0,    0,    0,    0,    0,    0,    0,    0,    0,    0,    0,    0,    0,    0,    0,    0,    0,    0,    0,    0,    0,    0,    0,    0,    0,    0,    0,    0,    0,    0,    0,    0,    0,    0,    0,    0,    0,    0,    0,    0,    0,    0,    0,    0,    0,    0,  -18,  -10,
       0,    0,    0,    0,  -10,    0,  -10,    0,  -13,  -13,    0,    0,    0,    0,    0,    0,    0,    0,   -6,   -3,   -3,    0,    0,    0,   -7,    0,    0,    0,    0,    0,    0,    0,    0,    0,    0,    0,    0,    0,    0,    0,    0,    0,    0,    0,    0,    0,    0,    0,    0,    0,    0,    0,    0,    0,    0,    0,    0,    0,    0,    0,    0,    0,   -7,   -7,   -7,    0,    0,    0,    0,    0,    0,    0,    0,    0,    0,    0,    0,    0,    0,    0,    0,    0,    0,    0,    0,    0,    0,    0,    0,    0,    0,    0,    0,    0,    0,    0,    0,    0,    0,    0,    0,    0,    0,    0,    0,    0,    0,    0,    0,    0,    0,    0,    0,    0,    0,    0,    0,    0,    0,    0,    0,    0,
       0,    0,    0,   30,  -33,    0,  -33,  -23,  -17,  -17,    0,  -27,    7,    0,    0,    0,   -3,    0,    0,    0,    3,    7,    7,    0,    0,    0,  -13,    7,    0,   -7,    7,    0,    0,    0,  -10,    0,    0,   10,    0,   10,    0,    0,    0,  -10,    0,    0,  -30,    0,  -13,    0,    0,  -13,    7,  -13,   20,    0,    7,  -10,    0,  -10,   -7,    0,  -10,    0,    0,    0,    0,    0,    0,    0,    0,    0,    0,    0,    0,    0,    0,    0,    0,    0,    0,    0,    0,    0,    0,    0,    0,    0,    0,    0,    0,    0,    0,    0,    0,    0,    0,    0,    0,    0,    0,    0,    0,    0,    0,    0,    0,    0,    0,    0,    0,    0,    0,    0,    0,    0,    0,    0,    0,    0,   10,   10,
       0,    0,    0,    0,  -27,    0,  -27,  -23,  -10,  -10,    0,  -20,    0,   -7,    0,    0,   -3,   -3,    0,    0,    0,    0,    0,    0,   10,    0,  -13,   13,    0,  -13,   13,    0,    0,    0,  -10,    0,    0,    0,   -7,    0,   -3,    0,    0,    0,    0,    0,  -27,  -17,  -13,    0,    0,  -13,   13,  -13,   13,    0,   13,  -10,   -3,   -7,  -13,    0,   -7,    0,   -3,    0,    0,    0,    0,    0,    0,    0,    0,    0,    0,    0,    0,    0,    0,    0,    0,    0,    0,    0,    0,    0,    0,    0,    0,    0,    0,    0,    0,    0,    0,    0,    0,    0,    0,    0,    0,    0,    0,    0,    0,    0,    0,    0,    0,    0,    0,    0,    0,    0,    0,    0,    0,    0,    0,    0,    0,    0,
       0,    0,    0,    7,  -43,  -10,  -43,  -30,  -23,  -23,    0,  -37,   10,   -7,    0,    0,   -7,    0,    3,    0,    3,    3,   10,    0,   17,    0,  -20,   17,    0,  -20,   17,    0,    0,    0,  -17,    0,   -3,    0,   -7,    0,   -3,    0,    0,  -10,  -10,    0,  -47,    0,  -20,    0,    7,  -20,   17,  -20,   17,   10,   17,  -17,   -3,  -10,  -20,    0,   -7,    0,   -7,    0,    0,    0,    0,    0,    0,    0,    0,    0,    0,    0,    0,    0,    0,    0,    0,    0,    0,    0,    0,    0,    0,    0,    0,    0,    0,    0,    0,    0,    0,    0,    0,    0,    0,    0,    0,    0,    0,    0,    0,    0,    0,    0,    0,    0,    0,    0,    0,    0,    0,    0,    0,    0,    0,    0,    0,    0,
       0,    0,    0,    7,  -43,  -10,  -43,  -30,  -23,  -23,    0,  -37,   10,   -7,    0,    0,   -7,    0,    3,    0,    3,    3,   10,    0,   17,    0,  -20,   17,    0,  -20,   17,    0,    0,    0,  -17,    0,   -3,    0,   -7,    0,   -3,    0,    0,  -10,  -10,    0,  -47,    0,  -20,    0,   20,  -20,   17,  -20,   17,   10,   17,  -17,   -3,  -10,  -20,    0,   -7,    0,   -7,    0,    0,    0,    0,    0,    0,    0,    0,    0,    0,    0,    0,    0,    0,    0,    0,    0,    0,    0,    0,    0,    0,    0,    0,    0,    0,    0,    0,    0,    0,    0,    0,    0,    0,    0,    0,    0,    0,    0,    0,    0,    0,    0,    0,    0,    0,    0,    0,    0,    0,    0,    0,    0,    0,    0,    0,    0,
       0,    0,    0,   10,  -13,    0,  -13,    0,   -7,   -7,    0,    9,    7,  -10,    0,    0,    8,    0,    0,    0,    0,   17,   10,    0,   10,    0,   -7,   10,    0,    0,   10,    0,    0,    0,    0,    0,   -7,   -3,    0,   -3,    0,    0,    0,   -7,    0,    0,    7,    0,   -7,    0,   13,    0,   10,   -7,   10,   10,   10,    0,    0,    0,    0,    0,  -13,    0,  -10,    0,    0,    0,    0,    0,    0,    0,    0,    0,    0,    0,    0,    0,    0,    0,    0,    0,    0,    0,    0,    0,    0,    0,    0,    0,    0,    0,    0,    0,    0,    0,    0,    0,    0,    0,    0,    0,    0,    0,    0,    0,    0,    0,    0,    0,    0,    0,    0,    0,    0,    0,    0,    0,    0,    0,    0,    0,
       0,    7,    0,   22,  -30,  -13,  -30,  -20,  -23,  -23,    0,  -32,   10,   -8,    0,    0,    0,   -3,    7,    0,    7,   17,   10,    0,   17,    0,  -13,   17,   -6,  -17,   17,    0,    0,   -7,  -17,    0,   -7,    0,  -13,    0,   -3,    0,    0,  -10,  -10,    0,  -33,    0,  -13,    0,   17,  -13,   17,  -13,   17,    0,   17,  -17,   -3,  -17,  -17,    0,  -13,    0,  -10,    0,    0,    0,    0,    0,    0,    0,    0,    0,    0,    0,    0,    0,    0,    0,    0,    0,    0,    0,    0,    0,    0,    0,    0,    0,    0,    0,    0,    0,    0,    0,    0,    0,    0,    0,    0,    0,    0,    0,    0,    0,    0,    0,    0,    0,    0,    0,    0,    0,    0,    0,    0,    0,    0,    0,    0,    0,
       0,    0,    0,    0,    0,    0,    0,    0,   -7,   -7,    0,    0,    0,    0,    0,    0,    0,    0,   -5,  -10,  -13,    0,   -7,    0,  -10,    0,    0,    0,    0,    0,    0,    0,    0,    0,    0,    0,    0,    0,    0,    0,    0,    0,    0,    0,    0,    0,    0,    0,    0,    0,    0,    0,    0,    0,    0,    0,    0,    0,    0,    0,    0,    0,   -7,    0,    0,    0,    0,    0,    0,    0,    0,    0,    0,    0,    0,    0,    0,    0,    0,    0,    0,    0,    0,    0,    0,    0,    0,    0,    0,    0,    0,    0,    0,    0,    0,    0,    0,    0,    0,    0,    0,    0,    0,    0,    0,    0,    0,    0,    0,    0,    0,    0,    0,    0,    0,    0,    0,    0,    0,    0,    0,    0,
       0,    0,    0,    0,    0,    0,    0,    0,    0,    0,    0,    0,    0,    0,    0,   20,    0,    0,    0,    0,    0,    0,    0,    0,    0,    0,    0,   23,   23,    0,   23,    0,   30,    0,    0,    0,    0,    0,    0,   20,    0,    0,    0,    0,    0,    0,    0,    0,    0,    0,    0,    0,   23,    0,   23,    0,   23,    0,    0,    0,    0,    0,    0,    0,    0,    0,    0,    0,    0,   20,    0,    0,    0,    0,    0,    0,    0,    0,    0,    0,    0,    0,    0,    0,    0,    0,    0,    0,    0,    0,    0,    0,    0,    0,    0,    0,    0,    0,    0,    0,   23,    0,    0,    0,   30,   23,    0,    0,    0,    0,    0,    0,    0,    0,    0,    0,    0,    0,    0,    0,    0,    0,
       0,    0,    0,    0,    0,    0,    0,    0,    0,    0,    0,   20,   10,   -7,   10,   43,   10,    0,  -18,  -17,  -33,   20,  -29,    0,    0,    0,    0,   10,   20,   27,   10,    0,   13,    0,    0,    0,    0,  -17,   10,  -17,    7,    0,    0,    0,    0,    0,   10,    0,    0,    0,    0,    0,   10,    0,   10,    0,   10,    0,    7,    0,   27,    0,    0,    0,    0,   10,  -18,   -7,    0,   43,   20,    0,   20,   10,   27,   15,    0,   20,   10,   -7,   20,  -27,    0,   22,    0,    0,    0,    0,    0,    0,    0,    0,    0,    0,    0,  -17,   10,  -23,  -10,    0,   10,    0,    0,    0,   13,   10,  -33,  -17,    0,    0,    0,  -29,  -23,    0,    0,   10,    0,    0,    0,    0,    0,    0,
       0,    0,    0,  -10,    0,    0,    0,   10,    0,    0,    0,    0,    0,    0,    0,    0,    0,    0,    0,    0,    0,    0,    0,    0,  -20,    0,    0,    0,    0,    0,    0,    0,    0,    0,    3,    0,    0,    0,    0,    0,    0,    0,    0,    0,    0,    0,    0,    0,    0,    0,    0,    0,    0,    0,    0,    0,    0,    3,    0,    0,    0,    0,   -7,    0,    0,    0,    0,    0,    0,    0,    0,    0,    0,    0,    0,    0,    0,    0,    0,    0,    0,    0,    0,    0,    0,    0,    0,    0,    0,    0,    0,    0,    0,    0,    0,    0,    0,    0,    0,    0,    0,    0,    0,    0,    0,    0,    0,    0,    0,    0,    0,    0,    0,    0,    0,    0,    0,    0,    0,    0,  -10,    0,
       0,    0,    0,  -10,  -17,    0,  -17,    0,   -7,   -7,    0,    0,    0,    0,    0,    0,    0,    0,    0,    0,    0,    0,    0,    0,  -20,    0,    0,    0,    0,    0,    0,    0,    0,    0,    0,    0,    0,    0,   -3,    0,    0,    0,    0,    0,    0,    0,    0,    0,    0,    0,    0,    0,    0,    0,    0,    0,   12,    0,    0,    0,    0,    0,   -7,    0,    0,    0,    0,    0,    0,    0,    0,    0,    0,    0,    0,    0,    0,    0,    0,    0,    0,    0,    0,    0,    0,    0,    0,    0,    0,    0,    0,    0,    0,    0,    0,    0,    0,    0,    0,    0,    0,    0,    0,    0,    0,    0,    0,    0,    0,    0,    0,    0,    0,    0,    0,    0,    0,    0,    0,    0,  -10,    0,
       0,    0,    0,    0,    0,    0,    0,    0,    0,    0,    0,    0,    0,    0,    0,    0,    0,    0,    0,    0,    0,    0,    0,    0,  -13,    0,   -3,    0,    0,    0,    0,    0,    0,    0,    0,    0,    0,    7,    0,    7,    0,    0,    0,    0,    0,    0,    0,    0,   -3,    0,    0,   -3,    0,   -3,    0,    0,    0,    0,    0,    0,    0,    0,    0,    0,    0,    0,    0,    0,    0,    0,    0,    0,    0,    0,    0,    0,    0,    0,    0,    0,    0,    0,    0,    0,    0,    0,    0,    0,    0,    0,    0,    0,    0,    0,    0,    0,    0,    0,    0,    0,    0,    0,    0,    0,    0,    0,    0,    0,    0,    0,    0,    0,    0,    0,    0,    0,    0,    0,    0,    0,    0,    7,
       0,    0,    0,    0,    0,    0,    0,   10,    0,    0,    0,    0,    0,    0,    0,    0,    0,    0,    0,    0,    0,    0,    0,    0,    7,    0,    0,    0,    0,    0,    0,    0,    0,    0,    7,    0,    0,    0,    0,    0,    0,    0,    0,    0,    0,    0,    0,    0,    0,    0,    0,    0,    0,    0,    0,    0,    0,    7,    0,    0,    0,    0,    0,    0,    0,    0,    0,    0,    0,    0,    0,    0,    0,    0,    0,    0,    0,    0,    0,    0,    0,    0,    0,    0,    0,    0,    0,    0,    0,    0,    0,    0,    0,    0,    0,    0,    0,    0,    0,    0,    0,    0,    0,    0,    0,    0,    0,    0,    0,    0,    0,    0,    0,    0,    0,    0,    0,    0,    0,    0,    0,    0,
       0,    0,    0,    0,    0,    0,    0,    0,    0,    0,    0,    0,    0,    0,    0,    0,    0,    0,    0,    0,    0,    0,    0,    0,  -20,    0,   -3,   -3,    0,  -10,   -3,    0,    0,    0,    0,    0,    0,    0,    0,    0,    0,    0,    0,    0,    0,    0,    0,    0,   -3,    0,    0,   -3,   -3,   -3,   -3,    0,   -3,    0,    0,    0,  -10,    0,    0,    0,    0,    0,    0,    0,    0,    0,    0,    0,    0,    0,    0,    0,    0,    0,    0,    0,    0,    0,    0,    0,    0,    0,    0,    0,    0,    0,    0,    0,    0,    0,    0,    0,    0,    0,    0,    0,    0,    0,    0,    0,    0,    0,    0,    0,    0,    0,    0,    0,    0,    0,    0,    0,    0,    0,    0,    0,    0,    0,
       0,    0,   13,   33,  -20,    0,  -20,  -10,    0,    0,   13,    0,    0,    0,    0,    0,    0,    0,    0,    0,    0,    0,    0,    0,   37,   17,   -7,   28,    0,  -10,   28,    0,    0,   -3,   -3,    3,    0,    7,    0,    7,    0,   17,    0,    0,    0,    0,    0,    0,   -7,   23,   27,   -7,   28,   -7,   28,   10,   28,   -3,    0,    0,  -10,    0,    0,    0,    0,    0,    0,    0,    0,    0,    0,    0,    0,    0,    0,    0,    0,    0,    0,    0,    0,    0,    0,    0,    0,    0,    0,    0,    0,    0,    0,    0,    0,    0,    0,    0,    0,    0,    0,    0,    0,    0,    0,    0,    0,    0,    0,    0,    0,    0,    0,    0,    0,    0,    0,    0,    0,    0,    0,    0,   10,   23,
       0,   10,    0,   13,   -7,    0,  -10,   10,    0,    0,    0,    0,    0,    0,    0,    0,    0,    0,    0,    0,    0,    0,    0,    0,    0,    0,    0,    0,   30,   10,    0,   10,   35,   10,    0,   10,   17,   17,    7,   36,   10,    7,    0,    0,    0,    0,    0,    0,    0,   10,   13,    0,    7,    0,    0,    0,    0,    0,   10,    0,   10,    0,    0,    0,    0,    0,    0,    0,    0,    0,    0,    0,    0,    0,    0,    0,    0,    0,    0,    0,    0,    0,    0,    0,    0,    0,    0,    0,    0,    0,    0,    0,    0,    0,    0,    0,    0,    0,    0,    0,    0,    0,    0,    0,    0,    0,    0,    0,    0,    0,    0,    0,    0,    0,    0,    0,    0,    0,    0,    0,   17,   20,
       0,    0,    0,  -13,    0,    0,    0,    7,    0,    0,    0,    0,    0,    0,    0,    0,    0,    0,    0,    0,    0,    0,    0,    0,  -30,    0,    0,    0,    0,    0,    0,    0,    0,    0,    7,    0,    0,   -5,    0,   -5,    0,    0,    0,    0,    0,    0,    0,    0,    0,    0,    0,    0,    0,    0,    0,    0,    0,    7,    0,    0,    0,    0,   -7,    0,    0,    0,    0,    0,    0,    0,    0,    0,    0,    0,    0,    0,    0,    0,    0,    0,    0,    0,    0,    0,    0,    0,    0,    0,    0,    0,    0,    0,    0,    0,    0,    0,    0,    0,    0,    0,    0,    0,    0,    0,    0,    0,    0,    0,    0,    0,    0,    0,    0,    0,    0,    0,    0,    0,    0,    0,  -10,    0,
       0,    0,    0,    0,    0,    0,    0,    7,    0,    0,    0,    0,    0,    0,    0,    0,    0,    0,    0,    0,    0,    0,    0,    0,   13,    0,    0,    0,    0,    0,    0,    0,    0,    0,    7,    0,    0,    0,    0,    0,    0,    0,    0,    0,    0,    0,    0,    0,    0,    0,    0,    0,    0,    0,    0,    0,    0,    7,    0,    0,    0,    0,    0,    0,    0,    0,    0,    0,    0,    0,    0,    0,    0,    0,    0,    0,    0,    0,    0,    0,    0,    0,    0,    0,    0,    0,    0,    0,    0,    0,    0,    0,    0,    0,    0,    0,    0,    0,    0,    0,    0,    0,    0,    0,    0,    0,    0,    0,    0,    0,    0,    0,    0,    0,    0,    0,    0,    0,    0,    0,    0,    0,
       0,    0,    0,    0,    0,    0,    0,    0,   -7,   -7,    0,    0,    0,    0,    0,    0,    0,    0,    0,    0,    0,    0,    0,    0,   13,    0,    0,    0,    0,    0,    0,    0,   13,    0,    0,    0,    0,    0,    0,    0,    0,    0,    0,    0,    0,    0,    0,    0,    0,    0,    0,    0,    0,    0,    0,    0,    0,    0,    0,    0,    0,    0,    0,    0,    0,    0,    0,    0,    0,    0,    0,    0,    0,    0,    0,    0,    0,    0,    0,    0,    0,    0,    0,    0,    0,    0,    0,    0,    0,    0,    0,    0,    0,    0,    0,    0,    0,    0,    0,    0,    0,    0,    0,    0,    0,    0,    0,    0,    0,    0,    0,    0,    0,    0,    0,    0,    0,    0,    0,    0,    0,    0,
       0,    0,    0,    0,    0,    0,    0,    7,    0,    0,    0,    0,    0,    0,    0,    0,    0,    0,    0,    0,    0,    0,    0,    0,  -10,    0,    0,    0,    0,   13,    0,    0,    0,    0,    0,    0,    0,    0,    0,    0,    3,    0,    0,    0,    0,    0,    0,    0,    0,    0,    0,   13,    0,    0,    0,    0,    0,    0,    3,    0,   13,    0,    0,    0,    0,    0,    0,    0,    0,    0,    0,    0,    0,    0,    0,    0,    0,    0,    0,    0,    0,    0,    0,    0,    0,    0,    0,    0,    0,    0,    0,    0,    0,    0,    0,    0,    0,    0,    0,    0,    0,    0,    0,    0,    0,    0,    0,    0,    0,    0,    0,    0,    0,    0,    0,    0,    0,    0,    0,    0,    0,    0,
       0,    0,    0,    0,    0,    0,    0,    7,    0,    0,    0,    0,    0,    0,    0,    0,    0,    0,    0,    0,    0,    0,    0,    0,    0,    0,    0,    0,    0,    0,    0,    0,    0,    0,    7,    0,    0,    0,    0,    0,    0,    0,    0,    0,    0,    0,    0,    0,    0,    0,    0,    0,    0,    0,    0,    0,    0,    7,    0,    0,    0,    0,    0,    0,    0,    0,    0,    0,    0,    0,    0,    0,    0,    0,    0,    0,    0,    0,    0,    0,    0,    0,    0,    0,    0,    0,    0,    0,    0,    0,    0,    0,    0,    0,    0,    0,    0,    0,    0,    0,    0,    0,    0,    0,    0,    0,    0,    0,    0,    0,    0,    0,    0,    0,    0,    0,    0,    0,    0,    0,    0,    0,
       0,    0,   20,    0,  -10,    0,  -10,    0,    0,    0,    0,    0,    0,    0,    0,    0,    0,    0,    0,    0,    0,    0,    0,    0,  -17,    0,    0,   -3,   27,    7,    0,    0,   40,    0,   -3,    0,    0,    0,    0,   17,    0,    0,    0,    0,    0,    0,    0,    0,    0,    0,    0,    0,    0,    0,    0,    0,    0,   -3,    0,    0,    7,    0,    0,    0,    0,    0,    0,    0,    0,    0,    0,    0,    0,    0,    0,    0,    0,    0,    0,    0,    0,    0,    0,    0,    0,    0,    0,    0,    0,    0,    0,    0,    0,    0,    0,    0,    0,    0,    0,    0,    0,    0,    0,    0,    0,    0,    0,    0,    0,    0,    0,    0,    0,    0,    0,    0,    0,    0,    0,    0,    0,    0,
       0,    0,    0,    0,  -27,    0,  -27,  -17,    0,    0,    0,    0,    0,    0,    0,    0,    0,    0,    0,    0,    0,    0,    0,    0,  -10,    0,   -7,    0,    0,  -10,    0,    0,    0,    7,   -3,    0,    0,   10,    0,   10,    0,    0,    0,    0,    0,    0,    0,    0,   -7,    0,    0,   -7,    0,   -7,    0,    0,    0,   -3,    0,    0,  -10,    0,    0,    0,    0,    0,    0,    0,    0,    0,    0,    0,    0,    0,    0,    0,    0,    0,    0,    0,    0,    0,    0,    0,    0,    0,    0,    0,    0,    0,    0,    0,    0,    0,    0,    0,    0,    0,    0,    0,    0,    0,    0,    0,    0,    0,    0,    0,    0,    0,    0,    0,    0,    0,    0,    0,    0,    0,    0,    0,    0,   17,
       0,    0,    0,    0,   -7,    0,   -7,    7,   -7,   -7,    0,    0,    0,    0,    0,    0,    0,    0,    0,    0,    0,    0,    0,    0,  -13,    0,    0,    0,    0,    0,    0,    0,    0,    0,    0,    0,    0,    0,    0,    0,    0,    0,    0,    0,    0,    0,    0,    0,    0,    0,    0,    0,    0,    0,    0,    0,    0,    0,    0,    0,    0,    0,  -10,    0,    0,    0,    0,    0,    0,    0,    0,    0,    0,    0,    0,    0,    0,    0,    0,    0,    0,    0,    0,    0,    0,    0,    0,    0,    0,    0,    0,    0,    0,    0,    0,    0,    0,    0,    0,    0,    0,    0,    0,    0,    0,    0,    0,    0,    0,    0,    0,    0,    0,    0,    0,    0,    0,    0,    0,    0,    0,    0,
       0,    0,    0,    0,    0,    0,    0,    7,   -7,   -7,    0,    0,    0,    0,    0,    0,    0,    0,    0,    0,    0,    0,    0,    0,   -7,    0,    0,    0,    0,    0,    0,    0,    0,    0,    0,    0,    0,    0,    0,    0,    0,    0,    0,    0,    0,    0,    0,    0,    0,    0,    0,    0,    0,    0,    0,    0,    0,    0,    0,    0,    0,    0,   -7,    0,    0,    0,    0,    0,    0,    0,    0,    0,    0,    0,    0,    0,    0,    0,    0,    0,    0,    0,    0,    0,    0,    0,    0,    0,    0,    0,    0,    0,    0,    0,    0,    0,    0,    0,    0,    0,    0,    0,    0,    0,    0,    0,    0,    0,    0,    0,    0,    0,    0,    0,    0,    0,    0,    0,    0,    0,    0,    7,
       0,    0,    0,    0,  -20,    0,  -20,  -10,  -10,  -10,    0,    0,    0,    0,    0,    0,    0,    0,    0,    0,    0,    0,    0,    0,  -10,    0,   -3,    0,    0,   -7,    0,    0,    0,    0,   -3,    0,    0,    0,    0,    0,    0,    0,    0,    0,    0,    0,    0,    0,   -3,    0,    0,   -3,    0,   -3,    0,    0,    0,   -3,    0,    0,   -7,    0,   -3,    0,    0,    0,    0,    0,    0,    0,    0,    0,    0,    0,    0,    0,    0,    0,    0,    0,    0,    0,    0,    0,    0,    0,    0,    0,    0,    0,    0,    0,    0,    0,    0,    0,    0,    0,    0,    0,    0,    0,    0,    0,    0,    0,    0,    0,    0,    0,    0,    0,    0,    0,    0,    0,    0,    0,    0,    0,    0,    0,
       0,    0,    0,    0,    0,    0,    0,    0,    0,    0,    0,    0,    0,    0,    0,    0,    0,    0,    0,    0,    0,    0,    0,    0,  -21,    0,    0,    0,    0,    0,    0,    0,    0,    7,    0,    0,    7,   10,    0,   10,    0,    0,    0,    0,    0,    0,    0,    0,    0,    0,    0,   10,    0,    0,    0,    0,    0,    0,    0,    0,    0,    0,   -7,    0,    0,    0,    0,    0,    0,    0,    0,    0,    0,    0,    0,    0,    0,    0,    0,    0,    0,    0,    0,    0,    0,    0,    0,    0,    0,    0,    0,    0,    0,    0,    0,    0,    0,    0,    0,    0,    0,    0,    0,    0,    0,    0,    0,    0,    0,    0,    0,    0,    0,    0,    0,    0,    0,    0,    0,    0,    0,   10,
       0,    0,  -10,    0,    0,    0,    0,    0,    0,    0,    0,    0,    0,    0,    0,    0,    0,    0,    0,    0,    0,    0,    0,    0,  -20,    0,    0,    0,    0,    0,    0,    0,    0,    0,   -3,    0,    0,    7,    0,    7,    0,    0,    0,    0,    0,    0,    0,    0,    0,    0,    0,   10,    0,    0,    0,    0,    0,   -3,    0,    0,    0,    0,  -11,    0,    0,    0,    0,    0,    0,    0,    0,    0,    0,    0,    0,    0,    0,    0,    0,    0,    0,    0,    0,    0,    0,    0,    0,    0,    0,    0,    0,    0,    0,    0,    0,    0,    0,    0,    0,    0,    0,    0,    0,    0,    0,    0,    0,    0,    0,    0,    0,    0,    0,    0,    0,    0,    0,    0,    0,    0,    0,    7,
       0,    0,    0,    0,    0,    0,    0,    0,    0,    0,    0,    0,    0,    0,    0,   20,    0,    0,    0,    0,    0,    0,    0,    0,    0,    0,  -13,   20,   23,    0,   20,    0,   35,    0,   -7,    0,    0,    0,    0,   13,    0,    0,    0,    0,    0,    0,    0,    0,  -13,    0,    0,  -13,   20,  -13,   20,    0,   20,   -7,    0,    0,   10,    0,    0,    0,    0,    0,    0,    0,    0,   20,    0,    0,    0,    0,    0,    0,    0,    0,    0,    0,    0,    0,    0,    0,  -13,    0,    0,  -13,    0,    0,    0,    0,    0,    0,    0,   13,    0,    0,    0,    0,   20,   -7,    0,    0,   35,   20,    0,   13,    0,    0,    0,    0,    0,    0,    0,    0,    0,    0,    0,    0,    0,    0,
       0,    0,    0,    0,    0,    0,    0,    0,    0,    0,    0,    0,    0,    0,    0,   33,    0,    0,    0,    0,  -15,    0,   -8,    0,    0,    0,    0,  -10,   17,    0,  -10,    0,   20,    0,    0,    0,    0,    0,    0,    0,    0,    0,    0,    0,    0,    0,    0,   17,    0,    0,    0,    0,  -10,    0,  -10,    0,  -10,    0,    0,    0,    0,    0,    0,    0,    0,    0,    0,    0,    0,   33,    0,    0,    0,    0,    0,    0,    0,    0,    0,    0,    0,    0,    0,    0,    0,    0,    0,    0,    0,    0,    0,    0,    0,    0,    0,    0,    0,    0,    0,    0,  -10,    0,    0,    0,   20,  -10,  -15,    0,    0,    0,    0,   -8,    0,    0,    0,    0,    0,    0,    0,    0,    0,    0,
       0,    0,    0,    0,  -13,    0,  -13,    0,    0,    0,    0,    0,    0,    0,    0,    0,    0,    0,  -10,    0,   -7,    0,   -7,    0,    0,    0,    0,    0,    0,    0,    0,    0,    0,    0,    0,    0,    0,    0,    0,    0,    0,    0,    0,    0,    0,    0,    0,    0,    0,    0,    0,    0,    0,    0,    0,    0,    0,    0,    0,    0,    0,    0,    0,    0,    0,    0,  -10,    0,    0,    0,    0,    0,    0,    0,    0,    0,    0,    0,    0,   10,    0,  -13,    0,    0,    0,    0,    0,    0,    0,    0,    0,    0,    0,    0,    0,    0,    0,    0,    0,    0,    0,    0,    0,    0,    0,    0,   -7,    0,    0,    0,    0,   -7,    0,    0,    0,    0,   13,    0,    0,    0,    0,    0,
       0,    0,    0,    0,    0,    0,    0,    0,    0,    0,    0,    0,    0,    0,    0,   43,    0,    0,    0,  -10,  -13,    0,  -13,    0,    0,    0,  -10,  -10,   40,    7,  -10,    0,   40,    0,    0,    0,    0,    0,    0,    0,    0,    0,    0,    0,    0,    0,    0,   40,  -10,    0,    0,  -10,  -10,  -10,  -10,    0,  -10,    0,    0,    0,    7,    0,    0,    0,    0,    0,    0,    0,    0,   43,    0,    0,    0,    0,    0,    0,    0,    0,    0,    0,    0,    0,    0,    0,  -10,    0,    0,  -10,    0,    0,    0,    0,    0,    0,    0,    0,    0,    0,    0,    0,  -10,    0,    0,    0,   40,  -10,  -13,    0,    0,    0,    0,  -13,    0,    0,    0,    0,    0,    0,    0,    0,    0,    0,
       0,    0,  -18,    0,  -27,    0,  -27,  -13,    0,    0,    0,  -20,   -7,    0,  -10,   -7,  -10,    0,  -10,   -7,  -13,  -13,  -20,    0,  -34,    0,    0,    0,    0,    0,    0,    0,    0,    0,    0,    0,    0,    0,    0,    0,    0,    0,    0,    0,    0,    0,  -20,    0,    0,    0,    0,    0,    0,    0,    0,    0,    0,    0,    0,    0,    0,    0,   -3,    0,    0,    0,    0,    0,    0,    0,    0,    0,    0,    0,    0,    0,    0,    0,    0,    0,    0,    0,    0,    0,    0,    0,    0,    0,    0,    0,    0,    0,    0,    0,    0,    0,    0,    0,    0,    0,    0,    0,    0,    0,    0,    0,    0,    0,    0,    0,    0,    0,    0,    0,    0,    0,    0,    0,    0,    0,    0,    0,
       0,    0,    0,    0,    0,    0,    0,    0,    0,    0,    0,    0,    0,    0,    0,    0,    0,    0,    0,    0,    0,    0,    0,    0,    0,    0,    0,    0,    0,    0,    0,    0,    0,    0,    0,    0,    0,    0,    0,    0,    0,    0,    0,    0,    0,    0,    0,    0,    0,    0,    0,    0,    0,    0,    0,    0,    0,    0,    0,    0,    0,    0,    0,    0,    0,    0,    0,    0,    0,    0,    0,    0,    0,    0,    0,    0,    0,    0,    0,    0,    0,    0,    0,    0,    0,    0,    0,    0,    0,    0,    0,    0,    0,    0,    0,    0,    0,    0,    0,    0,    0,    0,    0,    0,    0,    0,    0,    0,    0,    0,    0,    0,    0,    0,    0,    0,    0,    0,    0,    0,  -10,    0,
       0,    0,    0,    0,    0,    0,    0,    0,    0,    0,    0,    0,    0,    0,    0,    0,    0,    0,    0,    0,    0,    0,    0,    0,  -13,    0,   -3,    0,   13,    0,    0,    0,   13,    0,    0,    0,    0,    7,    0,    7,    0,    0,    0,    0,    0,    0,    0,    0,   -3,    0,    0,   -3,    0,   -3,    0,    0,    0,    0,    0,    0,    0,    0,    0,    0,    0,    0,    0,    0,    0,    0,    0,    0,    0,    0,    0,    0,    0,    0,    0,    0,    0,    0,    0,    0,    0,    0,    0,    0,    0,    0,    0,    0,    0,    0,    0,    0,    0,    0,    0,    0,    0,    0,    0,    0,    0,    0,    0,    0,    0,    0,    0,    0,    0,    0,    0,    0,    0,    0,    0,    0,    0,    7,
       0,    0,    0,    0,    0,    0,    0,    7,    0,    0,    0,    0,    0,    0,    0,    0,    0,    0,    0,    0,    0,    0,    0,    0,   13,    0,    0,   13,    0,    0,   13,    0,    0,    0,    7,    0,    0,    0,    0,    0,    0,    0,    0,    0,    0,    0,    0,    0,    0,    0,    0,    0,   13,    0,   13,    0,   13,    7,    0,    0,    0,    0,    0,    0,    0,    0,    0,    0,    0,    0,    0,    0,    0,    0,    0,    0,    0,    0,    0,    0,    0,    0,    0,    0,    0,    0,    0,    0,    0,    0,    0,    0,    0,    0,    0,    0,    0,    0,    0,    0,    0,    0,    0,    0,    0,    0,    0,    0,    0,    0,    0,    0,    0,    0,    0,    0,    0,    0,    0,    0,    0,    0,
       0,    0,   13,   19,    0,    0,    0,    0,    0,    0,   13,    0,    0,    0,    0,    0,    0,    0,    0,    0,    0,    0,    0,    0,   30,    3,    0,   27,    0,    0,   27,    0,    0,    0,    0,    0,    0,    0,    0,    0,    0,   10,    0,    0,    0,    0,    0,    0,    0,    0,   20,    0,   27,    0,   27,    0,   27,    0,    0,    0,    0,    0,    0,    0,    0,    0,    0,    0,    0,    0,    0,    0,    0,    0,    0,    0,    0,    0,    0,    0,    0,    0,    0,    0,    0,    0,    0,    0,    0,    0,    0,    0,    0,    0,    0,    0,    0,    0,    0,    0,    0,    0,    0,    0,    0,    0,    0,    0,    0,    0,    0,    0,    0,    0,    0,    0,    0,    0,    0,    0,    0,   10,
       0,    0,    0,  -10,  -17,    0,  -17,    0,   -7,   -7,    0,    0,    0,    0,    0,    0,    0,    0,    0,    0,    0,    0,    0,    0,  -20,    0,    0,    0,    0,    0,    0,    0,    0,   13,    0,    7,   13,   13,   -3,   13,    0,    0,    0,    0,    0,    0,    0,    0,    0,    0,    0,    0,    0,    0,    0,    0,   12,    0,    0,    0,    0,    0,   -7,    0,    0,    0,    0,    0,    0,    0,    0,    0,    0,    0,    0,    0,    0,    0,    0,    0,    0,    0,    0,    0,    0,    0,    0,    0,    0,    0,    0,    0,    0,    0,    0,    0,    0,    0,    0,    0,    0,    0,    0,    0,    0,    0,    0,    0,    0,    0,    0,    0,    0,    0,    0,    0,    0,    0,    0,    0,  -10,    0,
       0,    0,    0,  -17,    0,    0,    0,    0,    0,    0,  -10,   12,    3,  -13,    7,   47,   13,    0,  -20,  -17,  -40,   22,  -23,    0,  -53,    0,    0,    0,   40,   27,    0,   -7,   50,   -7,    0,   -7,   -5,  -20,    0,  -20,    0,    0,    0,  -10,    0,    0,   17,    0,    0,   -7,   -7,   10,    0,    0,    0,    0,    0,    0,    0,    0,   27,    0,   -7,   -7,  -10,    0,    0,    0,    0,    0,    0,    0,    0,    0,    0,    0,    0,    0,    0,    0,    0,    0,    0,    0,    0,    0,    0,    0,    0,    0,    0,    0,    0,    0,    0,    0,    0,    0,    0,    0,    0,    0,    0,    0,    0,    0,    0,    0,    0,    0,    0,    0,    0,    0,    0,    0,    0,    0,    0,    0,  -33,  -27,
       0,    0,    0,  -10,    0,    0,    0,   10,    0,    0,    0,    0,    0,    0,    0,    0,    0,    0,    0,    0,    0,    0,    0,    0,  -20,    0,    0,    0,   47,   13,    0,    0,   53,    0,    3,    0,    0,    0,    0,    0,    0,    0,    0,    0,    0,    0,    0,    0,    0,    0,    0,    0,    0,    0,    0,    0,    0,    3,    0,    0,   13,    0,   -7,    0,    0,    0,    0,    0,    0,    0,    0,    0,    0,    0,    0,    0,    0,    0,    0,    0,    0,    0,    0,    0,    0,    0,    0,    0,    0,    0,    0,    0,    0,    0,    0,    0,    0,    0,    0,    0,    0,    0,    0,    0,    0,    0,    0,    0,    0,    0,    0,    0,    0,    0,    0,    0,    0,    0,    0,    0,  -10,    0,
       0,    0,   30,   43,    0,    0,    0,    0,    0,    0,   30,    0,    0,    0,    0,    0,    0,    0,    0,    0,    0,    0,    0,    0,   43,   20,    0,   43,   13,   10,   43,   17,   17,   20,    0,   13,   13,   17,   10,   17,   10,   27,    0,    0,    0,    0,    0,    0,   10,   17,    0,    0,   43,   13,   43,    0,   43,   13,   27,    0,   10,    0,    0,    0,    0,    0,    0,    0,    0,    0,    0,    0,    0,    0,    0,    0,    0,    0,    0,    0,    0,    0,    0,    0,    0,    0,    0,    0,    0,    0,    0,    0,    0,    0,    0,    0,    0,    0,    0,    0,    0,    0,    0,    0,    0,    0,    0,    0,    0,    0,    0,    0,    0,    0,    0,    0,    0,    0,    0,    0,   20,   33,
       0,    0,    0,   10,    0,    0,    0,    0,  -10,  -10,    0,   -3,    0,   -3,    0,   33,    0,    0,    0,   -3,    0,    0,    0,    0,    0,    0,   -3,    0,   33,    0,    0,    0,   42,    0,    0,    0,    0,    0,    0,    0,    0,    0,    0,    0,    0,    0,    0,    0,   -3,    0,    0,   -3,    0,   -3,    0,    0,    0,    0,    0,    0,    0,    0,    0,   -3,    0,    0,    0,    0,    0,    0,    0,    0,    0,    0,    0,    0,    0,    0,    0,    0,    0,    0,    0,    0,    0,    0,    0,    0,    0,    0,    0,    0,    0,    0,    0,    0,    0,    0,    0,    0,    0,    0,    0,    0,    0,    0,    0,    0,    0,    0,    0,    0,    0,    0,    0,    0,    0,    0,    0,    0,    0,    0,
       0,    0,    0,    0,    0,    0,    0,    0,    0,    0,    0,    0,    0,    0,    0,    0,    0,    0,    0,    0,    0,    0,    0,    0,  -20,    0,   -3,   -3,   30,  -10,   -3,    0,   32,    0,    0,    0,    0,    0,    0,    0,    0,    0,    0,    0,    0,    0,    0,    0,   -3,    0,    0,   -3,   -3,   -3,   -3,    0,   -3,    0,    0,    0,  -10,    0,    0,    0,    0,    0,    0,    0,    0,    0,    0,    0,    0,    0,    0,    0,    0,    0,    0,    0,    0,    0,    0,    0,    0,    0,    0,    0,    0,    0,    0,    0,    0,    0,    0,    0,    0,    0,    0,    0,    0,    0,    0,    0,    0,    0,    0,    0,    0,    0,    0,    0,    0,    0,    0,    0,    0,    0,    0,    0,    0,    0,
       0,    0,    0,    0,  -10,    0,  -10,    0,  -13,  -13,    0,   -3,    0,   -5,    0,    0,    0,    0,    0,    0,    0,    0,    0,    0,    0,    0,   -7,   10,    0,    0,   10,    0,    0,    3,   -3,   -3,    7,   17,   -5,   17,    0,    0,    0,  -13,   -7,    0,    0,    0,   -7,    0,    0,   -7,   10,   -7,   10,    0,   10,   -3,    0,    0,    0,    0,   -7,    0,   -7,    0,    0,    0,    0,    0,    0,    0,    0,    0,    0,    0,    0,    0,    0,    0,    0,    0,    0,    0,    0,    0,    0,    0,    0,    0,    0,    0,    0,    0,    0,    0,    0,    0,    0,    0,    0,    0,    0,    0,    0,    0,    0,    0,    0,    0,    0,    0,    0,    0,    0,    0,    0,    0,    0,    0,    0,    0,
       0,    0,    0,    0,  -10,    0,  -10,    0,  -13,  -13,    0,   -3,    0,   -5,    0,   38,    0,    0,    0,    0,    0,    0,    0,    0,    0,    0,   -7,   10,   38,    0,   10,    0,   45,   -3,   -3,   -7,   -3,    0,   -5,    0,    0,    0,    0,  -13,   -7,    0,    0,    0,   -7,    0,    0,   -7,   10,   -7,   10,    0,   10,   -3,    0,    0,    0,    0,   -7,    0,   -7,    0,    0,    0,    0,    0,    0,    0,    0,    0,    0,    0,    0,    0,    0,    0,    0,    0,    0,    0,    0,    0,    0,    0,    0,    0,    0,    0,    0,    0,    0,    0,    0,    0,    0,    0,    0,    0,    0,    0,    0,    0,    0,    0,    0,    0,    0,    0,    0,    0,    0,    0,    0,    0,    0,    0,    0,    0,
       0,    0,    0,    0,    0,    0,    0,    7,    0,    0,    0,    0,    0,    0,    0,    0,    0,    0,    0,    0,    0,    0,    0,    0,   13,    0,    0,    0,   37,    7,    0,    0,   43,    0,    7,    0,    0,    0,    0,    0,    0,    0,    0,    0,    0,    0,    0,    0,    0,    0,    0,    0,    0,    0,    0,    0,    0,    7,    0,    0,    7,    0,    0,    0,    0,    0,    0,    0,    0,    0,    0,    0,    0,    0,    0,    0,    0,    0,    0,    0,    0,    0,    0,    0,    0,    0,    0,    0,    0,    0,    0,    0,    0,    0,    0,    0,    0,    0,    0,    0,    0,    0,    0,    0,    0,    0,    0,    0,    0,    0,    0,    0,    0,    0,    0,    0,    0,    0,    0,    0,    0,    0,
       0,    0,    0,    0,    0,    0,    0,    0,    0,    0,   15,    0,    0,    0,    0,    0,    0,    0,    0,    0,    0,    0,    0,    0,    0,    0,    0,   23,    0,    0,   23,    0,    0,    0,    0,    0,    0,    0,    0,    0,    0,    0,    0,    0,    0,    0,    0,    0,    0,    0,    0,    0,   23,    0,   23,    0,   23,    0,    0,    0,    0,    0,    0,    0,    0,    0,    0,    0,    0,    0,    0,    0,    0,    0,    0,    0,    0,    0,    0,    0,    0,    0,    0,    0,    0,    0,    0,    0,    0,    0,    0,    0,    0,    0,    0,    0,    0,    0,    0,    0,    0,    0,    0,    0,    0,    0,    0,    0,    0,    0,    0,    0,    0,    0,    0,    0,    0,    0,    0,    0,    0,   17,
       0,    0,    0,    0,    7,    0,    7,    0,    0,    0,    0,    0,    0,    0,    0,    0,    0,    0,    0,    0,    0,    0,    0,    0,  -18,    0,    0,    0,    0,    0,    0,    0,    0,    0,    0,    0,    0,    7,    0,    7,    0,    0,    0,    0,    0,    0,    0,    0,    0,    0,    0,    0,    0,    0,    0,    0,    0,    0,    0,    0,    0,    0,    0,    0,    0,    0,    0,    0,    0,    0,    0,    0,    0,    0,    0,    0,    0,    0,    0,    0,    0,    0,    0,    0,    0,    0,    0,    0,    0,    0,    0,    0,    0,    0,    0,    0,    0,    0,    0,    0,    0,    0,    0,    0,    0,    0,    0,    0,    0,    0,    0,    0,    0,    0,    0,    0,    0,    0,    0,    0,    0,    0,
       0,    0,    0,    0,    0,    0,    0,    7,    0,    0,    0,    0,    0,    0,    0,    0,    0,    0,    0,    0,    0,    0,    0,    0,    0,    0,    0,    0,   17,    0,    0,    0,   20,    0,    7,    0,    0,    0,    0,    0,    0,    0,    0,    0,    0,    0,    0,    0,    0,    0,    0,    0,    0,    0,    0,    0,    0,    7,    0,    0,    0,    0,    0,    0,    0,    0,    0,    0,    0,    0,    0,    0,    0,    0,    0,    0,    0,    0,    0,    0,    0,    0,    0,    0,    0,    0,    0,    0,    0,    0,    0,    0,    0,    0,    0,    0,    0,    0,    0,    0,    0,    0,    0,    0,    0,    0,    0,    0,    0,    0,    0,    0,    0,    0,    0,    0,    0,    0,    0,    0,    0,    0,
       0,    0,    0,    0,    0,    0,    0,    0,    0,    0,    0,    0,    0,    0,    0,    0,    0,    0,    0,    0,    0,    0,    0,    0,    0,    0,    0,    0,   10,    0,    0,    0,    7,   13,    0,   13,   13,   17,    7,   17,    0,    0,    0,    0,    0,    0,    0,    0,    0,    0,    0,    0,    0,    0,    0,    0,    0,    0,    0,    0,    0,    0,    0,    0,    0,    0,    0,    0,    0,    0,    0,    0,    0,    0,    0,    0,    0,    0,    0,    0,    0,    0,    0,    0,    0,    0,    0,    0,    0,    0,    0,    0,    0,    0,    0,    0,    0,    0,    0,    0,    0,    0,    0,    0,    0,    0,    0,    0,    0,    0,    0,    0,    0,    0,    0,    0,    0,    0,    0,    0,    0,    0,
       0,    0,    0,    0,   -7,    0,   -7,    7,   -7,   -7,    0,    0,    0,    0,    0,    0,    0,    0,    0,    0,    0,    0,    0,    0,  -13,    0,    0,    0,   13,    0,    0,    0,   13,    0,    0,    0,    0,    0,    0,    0,    0,    0,    0,    0,    0,    0,    0,    0,    0,    0,    0,    0,    0,    0,    0,    0,    0,    0,    0,    0,    0,    0,  -10,    0,    0,    0,    0,    0,    0,    0,    0,    0,    0,    0,    0,    0,    0,    0,    0,    0,    0,    0,    0,    0,    0,    0,    0,    0,    0,    0,    0,    0,    0,    0,    0,    0,    0,    0,    0,    0,    0,    0,    0,    0,    0,    0,    0,    0,    0,    0,    0,    0,    0,    0,    0,    0,    0,    0,    0,    0,    0,    0,
       0,    0,    0,    0,    0,    0,    0,    7,   -7,   -7,    0,    0,    0,    0,    0,    0,    0,    0,    0,    0,    0,    0,    0,    0,   -7,    0,    0,    0,   13,    0,    0,    0,   13,    0,    0,    0,    0,    0,    0,    0,    0,    0,    0,    0,    0,    0,    0,    0,    0,    0,    0,    0,    0,    0,    0,    0,    0,    0,    0,    0,    0,    0,   -7,    0,    0,    0,    0,    0,    0,    0,    0,    0,    0,    0,    0,    0,    0,    0,    0,    0,    0,    0,    0,    0,    0,    0,    0,    0,    0,    0,    0,    0,    0,    0,    0,    0,    0,    0,    0,    0,    0,    0,    0,    0,    0,    0,    0,    0,    0,    0,    0,    0,    0,    0,    0,    0,    0,    0,    0,    0,    0,    7,
       0,    0,    0,  -10,    0,    0,    0,   10,    0,    0,    0,    0,    0,    0,    0,    0,    0,    0,    0,    0,    0,    0,    0,    0,  -20,    0,    0,    0,   48,   13,    0,    0,   53,    0,    3,    0,    0,    0,    0,    0,    0,    0,    0,    0,    0,    0,    0,    0,    0,    0,    0,    0,    0,    0,    0,    0,    0,    3,    0,    0,   13,    0,   -7,    0,    0,    0,    0,    0,    0,    0,    0,    0,    0,    0,    0,    0,    0,    0,    0,    0,    0,    0,    0,    0,    0,    0,    0,    0,    0,    0,    0,    0,    0,    0,    0,    0,    0,    0,    0,    0,    0,    0,    0,    0,    0,    0,    0,    0,    0,    0,    0,    0,    0,    0,    0,    0,    0,    0,    0,    0,  -10,    0,
       0,    0,    0,    7,  -17,    0,  -17,   -7,   -7,   -7,    0,  -13,    0,    5,    0,    0,    0,    0,    0,    0,    8,    8,   10,    0,   18,    0,    0,   10,    0,    0,   10,    0,    0,    0,    0,    0,    0,    0,    0,    0,    0,    0,    0,    0,    0,    0,    0,    0,    0,    0,    0,    0,   10,    0,   10,    0,   10,    0,    0,    0,    0,    0,    0,    0,    0,    0,    0,    0,    0,    0,    0,    0,    0,    0,    0,    0,    0,    0,    0,    0,    0,    0,    0,    0,    0,    0,    0,    0,    0,    0,    0,    0,    0,    0,    0,    0,    0,    0,    0,    0,    0,    0,    0,    0,    0,    0,    0,    0,    0,    0,    0,    0,    0,    0,    0,    0,    0,    0,    0,    0,    0,    0,
       0,   10,    0,   13,  -10,    0,  -10,    0,    0,    0,    7,    0,    0,    0,    0,    0,    0,    0,    0,    0,    0,    0,    0,    0,    0,    0,    0,    0,   10,    0,    0,    0,    0,   13,    0,    0,   10,    7,    0,    7,    0,    0,    0,    0,    0,    0,    0,    0,    0,    0,    0,    0,    0,    0,    0,    0,    0,    0,    0,    0,    0,    0,    0,    0,    0,    0,    0,    0,    0,    0,    0,    0,    0,    0,    0,    0,    0,    0,    0,    0,    0,    0,    0,    0,    0,    0,    0,    0,    0,    0,    0,    0,    0,    0,    0,    0,    0,    0,    0,    0,    0,    0,    0,    0,    0,    0,    0,    0,    0,    0,    0,    0,    0,    0,    0,    0,    0,    0,    0,    0,    7,   10,
       0,    0,   37,   33,  -27,    0,  -27,  -23,  -10,  -10,   26,  -20,    0,    0,   27,    0,   13,    7,   30,   27,   33,   37,   37,    0,   50,   23,  -13,   43,    0,  -13,   43,    7,    0,    0,  -10,    0,    0,    0,   -7,    0,   -3,   27,    0,    0,    0,    0,    0,    0,  -13,    7,    0,  -13,   43,  -13,   43,    0,   43,  -10,   -3,    0,  -13,    0,    0,    0,    0,    0,    0,    0,    0,    0,    0,    0,    0,    0,    0,    0,    0,    0,    0,    0,    0,    0,    0,    0,    0,    0,    0,    0,    0,    0,    0,    0,    0,    0,    0,    0,    0,    0,    0,    0,    0,    0,    0,    0,    0,    0,    0,    0,    0,    0,    0,    0,    0,    0,    0,    0,    0,    0,    0,    0,   20,   28,
       0,   13,    0,   20,    0,    0,    0,    0,    0,    0,   10,    0,    0,    0,    0,    0,    0,    0,    0,    0,    0,    0,    0,    0,    0,    0,    0,    0,    7,    0,    0,    0,    0,    0,    0,    0,    0,   10,    0,   10,    0,    0,    0,    0,    0,    0,    0,    0,    0,    0,    0,    0,    0,    0,    0,    0,    0,    0,    0,    0,    0,    0,    0,    0,    0,    0,    0,    0,    0,    0,    0,    0,    0,    0,    0,    0,    0,    0,    0,    0,    0,    0,    0,    0,    0,    0,    0,    0,    0,    0,    0,    0,    0,    0,    0,    0,    0,    0,    0,    0,    0,    0,    0,    0,    0,    0,    0,    0,    0,    0,    0,    0,    0,    0,    0,    0,    0,    0,    0,    0,   10,   10,
       0,   10,    0,   13,    3,    0,  -10,   10,    0,    0,    0,    0,    0,    0,    0,    0,    0,    0,    0,    0,    0,    0,    0,    0,    0,    0,    0,    0,   30,   10,    0,   10,   35,   10,    0,   10,   17,   17,    7,   36,   10,    7,    0,    0,    0,    0,    0,    0,    0,   10,   13,    0,    7,    0,    0,    0,    0,    0,   10,    0,   10,    0,    0,    0,    0,    0,    0,    0,    0,    0,    0,    0,    0,    0,    0,    0,    0,    0,    0,    0,    0,    0,    0,    0,    0,    0,    0,    0,    0,    0,    0,    0,    0,    0,    0,    0,    0,    0,    0,    0,    0,    0,    0,    0,    0,    0,    0,    0,    0,    0,    0,    0,    0,    0,    0,    0,    0,    0,    0,    0,   17,   20,
       0,    0,    0,  -10,  -17,    0,  -17,    0,   -7,   -7,    0,    0,    0,    0,    0,    0,    0,    0,    0,    0,    0,    0,    0,    0,  -20,    0,    0,    0,   10,    0,    0,    0,   20,    0,    0,    0,    0,    0,   -3,    0,    0,    0,    0,    0,    0,    0,    0,    0,    0,    0,    0,    0,    0,    0,    0,    0,   12,    0,    0,    0,    0,    0,   -7,    0,    0,    0,    0,    0,    0,    0,    0,    0,    0,    0,    0,    0,    0,    0,    0,    0,    0,    0,    0,    0,    0,    0,    0,    0,    0,    0,    0,    0,    0,    0,    0,    0,    0,    0,    0,    0,    0,    0,    0,    0,    0,    0,    0,    0,    0,    0,    0,    0,    0,    0,    0,    0,    0,    0,    0,    0,  -10,    0,
       0,    0,    0,    0,  -10,    0,  -10,   -7,    0,    0,    0,   -7,    0,    0,    0,    0,    0,    0,    0,    0,    0,    0,    0,    0,    0,    0,    0,    0,    0,   -7,    0,    0,    0,    0,    0,    0,    0,    0,    0,    0,    0,    0,    0,    0,    0,    0,    0,    0,    0,    0,    0,    0,    0,    0,    0,    0,    0,    0,    0,    0,   -7,    0,  -10,    0,   -3,    0,    0,    0,    0,    0,    0,    0,    0,    0,    0,    0,    0,    0,    0,    0,    0,    0,    0,    0,    0,    0,    0,    0,    0,    0,    0,    0,    0,    0,    0,    0,    0,    0,    0,    0,    0,    0,    0,    0,    0,    0,    0,    0,    0,    0,    0,    0,    0,    0,    0,    0,    0,    0,    0,    0,    0,    0,
       0,    0,    0,    0,    0,    0,    0,    0,    0,    0,    0,    0,    0,    0,    0,    0,    0,    0,    0,    0,    0,    0,    0,    0,    0,    0,    0,    0,   27,    0,    0,    0,   33,    0,    0,    0,    0,   17,    0,   17,    0,    0,    0,    0,    0,    0,    0,    0,    0,    0,    0,    0,    0,    0,    0,    0,    0,    0,    0,    0,   20,    0,    0,    0,    0,    0,    0,    0,    0,    0,    0,    0,    0,    0,    0,    0,    0,    0,    0,    0,    0,    0,    0,    0,    0,    0,    0,    0,    0,    0,    0,    0,    0,    0,    0,    0,    0,    0,    0,    0,    0,    0,    0,    0,    0,    0,    0,    0,    0,    0,    0,    0,    0,    0,    0,    0,    0,    0,    0,    0,    0,    0,
       0,    0,    0,    0,    0,    0,    0,    7,   -7,   -7,    0,    0,    0,    0,    0,    0,    0,    0,    0,    0,    0,    0,    0,    0,   -7,    0,    0,    0,    0,    0,    0,    0,    7,    0,    0,    0,    0,    0,    0,    0,    0,    0,    0,    0,    0,    0,    0,    0,    0,    0,    0,    0,    0,    0,    0,    0,    0,    0,    0,    0,    0,    0,   -7,    0,    0,    0,    0,    0,    0,    0,    0,    0,    0,    0,    0,    0,    0,    0,    0,    0,    0,    0,    0,    0,    0,    0,    0,    0,    0,    0,    0,    0,    0,    0,    0,    0,    0,    0,    0,    0,    0,    0,    0,    0,    0,    0,    0,    0,    0,    0,    0,    0,    0,    0,    0,    0,    0,    0,    0,    0,    0,    7,
       0,    0,    0,    0,    0,    0,    0,    0,    0,    0,    0,    0,    0,    0,    0,    0,    0,    0,    0,    0,    0,    0,    0,    0,  -13,    0,    0,    0,   23,    0,    0,    0,   40,    0,    0,    0,    0,    7,    0,    7,    0,    0,    0,    0,    0,    0,    0,    0,    0,    0,    0,    0,    0,    0,    0,    0,    0,    0,    0,    0,    0,    0,    0,    0,    0,    0,    0,    0,    0,    0,    0,    0,    0,    0,    0,    0,    0,    0,    0,    0,    0,    0,    0,    0,    0,    0,    0,    0,    0,    0,    0,    0,    0,    0,    0,    0,    0,    0,    0,    0,    0,    0,    0,    0,    0,    0,    0,    0,    0,    0,    0,    0,    0,    0,    0,    0,    0,    0,    0,    0,    0,    0,
       0,    0,    0,   10,    0,    0,    0,    0,  -10,  -10,    0,    0,    0,    0,    0,    0,    0,    0,    0,    0,    0,    0,    0,    0,    0,    0,    0,    0,    0,    0,    0,    0,    0,    0,    0,    0,    0,    0,    0,    0,    0,    0,    0,    0,    0,    0,    0,    0,    0,    0,    0,    0,    0,    0,    0,    0,    0,    0,    0,    0,    0,    0,    0,    0,    0,    0,    0,   -3,    0,    0,    0,    0,   -3,    0,    0,    0,    0,    0,    0,    0,    0,    0,    0,    0,   -3,    0,    0,   -3,   -3,   -3,    0,    0,    0,    0,    0,    0,    0,    0,    0,    0,    0,    0,    0,    0,    0,    0,    0,    0,    0,    0,    0,    0,    0,   -7,    0,    0,    0,    0,    0,    0,    0,    0,
       0,    0,    0,    0,    0,    0,    0,    0,    0,    0,    0,    0,    0,    0,    0,    0,    0,    0,    0,    0,    0,    0,    0,    0,  -20,    0,    0,    0,    0,    0,    0,    0,    0,    0,    0,    0,    0,    0,    0,    0,    0,    0,    0,    0,    0,    0,    0,    0,    0,    0,    0,    0,    0,    0,    0,    0,    0,    0,    0,    0,    0,    0,    0,    0,    0,    0,  -13,    0,    0,   17,    7,   -8,    7,    0,   13,   10,    0,    7,    0,    0,   13,  -23,    0,    7,    0,    0,    0,    0,    0,    0,    0,    0,    0,    0,    0,   -7,    0,   -3,    0,    0,    0,    0,    0,    0,   25,    0,  -25,   -7,    0,    0,    0,  -13,  -13,    0,    0,    0,    0,    0,    0,    0,  -13,    0,
       0,    0,    0,    0,    0,    0,    0,    0,    0,    0,    0,    0,    0,    0,    0,    0,    0,    0,    0,    0,    0,    0,    0,    0,    0,    0,    0,    0,    0,    0,    0,    0,    0,    0,    0,    0,    0,    0,    0,    0,    0,    0,    0,    0,    0,    0,    0,    0,    0,    0,    0,    0,    0,    0,    0,    0,    0,    0,    0,    0,    0,    0,    0,    0,    0,    0,    0,    0,    0,    0,    0,    0,    0,    0,    0,    0,    0,    0,    0,   -7,    0,    0,    0,    0,    0,    0,    0,    0,    0,    0,    0,    0,    0,    0,    0,    0,    0,    0,    0,    0,    0,    0,    0,    0,    0,    0,    0,    0,    0,    0,    0,    0,    0,    0,    0,    0,    0,    0,    0,    0,    0,    0,
       0,    0,    0,    0,  -10,    0,  -10,    0,  -13,  -13,    0,    0,    0,    0,    0,    0,    0,    0,    0,    0,    0,    0,    0,    0,   -7,    0,    0,    0,    0,    0,    0,    0,    0,    0,    0,    0,    0,    0,    0,    0,    0,    0,    0,    0,    0,    0,    0,    0,    0,    0,    0,    0,    0,    0,    0,    0,    0,    0,    0,    0,    0,    0,    0,    0,    0,    0,   -6,    0,    0,    0,    0,   -3,    0,    0,    0,    0,    0,    0,    0,    0,    0,    0,    0,    0,    0,    0,    0,    0,   -7,    0,    0,    0,    0,    0,    0,    0,    0,    0,    0,    0,    0,    0,    0,    0,    0,    0,   -3,    0,    0,    0,    0,   -7,    0,    0,    0,    0,    0,    0,    0,   -7,    0,    0,
       0,    0,    0,    0,  -10,    0,  -10,    0,  -13,  -13,    0,    0,    0,    0,    0,    0,    0,    0,    0,    0,    0,    0,    0,    0,    0,    0,    0,    0,    0,    0,    0,    0,    0,    0,    0,    0,    0,    0,    0,    0,    0,    0,    0,  -13,   -7,    0,    0,    0,    0,    0,    0,    0,    0,    0,    0,    0,    0,    0,    0,    0,    0,    0,    0,    0,    0,    0,    0,   -5,    0,    0,    0,    0,    0,    0,    0,    0,    0,    0,    0,   -7,    0,    0,    0,    0,   -7,   -7,   -3,   -7,   -7,   -3,   -3,   -3,   -7,   -7,   -3,    0,   -5,  -10,   -3,    0,   10,   -3,    0,    0,    0,   10,    0,    0,    0,    0,   -7,    0,   -7,   -7,    0,    0,    0,   -7,    0,   -7,    0,    0,
       0,    0,    0,   17,  -20,    0,  -20,  -10,  -17,  -17,    0,    0,    0,    0,    0,    0,    0,    0,    0,    0,    0,    0,    0,    0,   10,    0,    0,    0,    0,    0,    0,    0,    0,    0,    0,    0,    0,    0,    0,    0,    0,    0,    0,    0,    0,    0,    0,    0,    0,    0,    0,    0,    0,    0,    0,    0,    0,    0,    0,    0,    0,    0,    0,    0,    0,    0,    0,   -3,    0,    0,   -7,    7,  -10,    8,   -7,    0,    0,   -7,    0,    0,   10,    0,    0,   -7,   -5,    0,    0,   -5,   -7,  -10,    0,    0,  -10,   -3,    0,    0,    0,    0,    0,    0,   13,    0,    0,    7,    0,   13,    0,    0,    0,    0,   -7,    0,    0,   -7,    0,   -7,    0,    0,    0,  -10,    0,    0,
       0,    0,  -17,  -20,    0,    0,    0,    0,    0,    0,    0,    0,    0,    0,    0,    0,    0,    0,    0,    0,    0,    0,    0,    0,  -30,    0,    0,    0,    0,    0,    0,    0,    0,    0,    0,    0,    0,    0,    0,    0,    0,    0,    0,    0,    0,    0,    0,    0,    0,    0,    0,    0,    0,    0,    0,    0,    0,    0,    0,    0,    0,    0,    0,    0,    0,    0,  -23,    0,    0,    0,    0,  -10,    0,    0,    0,    0,    0,    0,    0,    0,    0,  -30,    0,    7,    0,    0,    0,    0,    0,    0,    0,    0,    0,    0,    0,   -7,    0,   -7,    0,    0,    0,    0,    0,    0,    0,    0,  -30,   -7,    0,    0,    0,  -23,  -23,    0,    0,    0,    0,    0,    0,  -13,  -20,  -18,
       0,    0,    0,  -13,    0,    0,    0,    0,    0,    0,    0,    0,    0,    0,    0,    0,    0,    0,    0,    0,    0,    0,    0,    0,  -28,    0,    0,    0,    0,    0,    0,    0,    0,    0,    0,    0,    0,    0,    0,    0,    0,    0,    0,    0,    0,    0,    0,    0,    0,    0,    0,    0,    0,    0,    0,    0,    0,    0,    0,    0,    0,    0,    0,    0,    0,    0,  -37,  -10,    0,    0,    0,  -13,    0,    0,    0,    0,    0,    0,    0,  -17,   10,  -37,    0,    0,   -7,  -10,    0,   -7,    0,    0,   -7,   -7,    0,    0,   -7,  -17,    0,  -30,  -10,    0,    0,    0,    0,    0,    0,    0,  -43,  -17,    0,    0,    0,  -30,  -30,  -17,    0,    0,    0,    0,    0,  -17,  -27,  -23,
       0,    0,    0,   10,    0,  -10,    0,    0,    0,    0,    0,    0,    0,    0,    0,    0,    0,    0,    0,    0,    0,    0,    0,    0,    7,    0,    0,    0,    0,    0,    0,    0,    0,    0,    0,    0,    0,    0,    0,    0,    0,    0,    0,  -13,    0,    0,    0,    0,    0,    0,    0,    0,    0,    0,    0,    0,    0,    0,    0,    0,    0,    0,    0,    0,    0,    0,    0,   -8,    0,    0,   10,    0,    7,    3,   17,   13,    0,   10,   10,  -13,   15,    0,   -7,   13,   -7,  -10,    0,   -7,    0,   -7,  -10,   -7,    0,    0,   -7,   -7,    0,  -13,  -10,    0,   13,   -7,    0,    0,    0,   13,    0,   -7,    0,    0,    0,    0,    0,  -28,    0,   12,    0,   -7,    0,  -13,    0,    0,
       0,    0,    0,   28,  -40,    0,  -40,  -30,  -17,  -17,    0,    0,    0,    0,    0,    0,    0,    0,    0,    0,    0,    0,    0,    0,   18,    0,    0,    0,    0,    0,    0,    0,    0,    0,    0,    0,    0,    0,    0,    0,    0,    0,    0,    0,  -10,    0,    0,    0,    0,    0,    0,    0,    0,    0,    0,    0,    0,    0,    0,    0,    0,    0,    0,    0,    0,    0,    7,   -5,    0,    0,  -28,    5,  -43,   10,  -27,    5,    0,  -28,    0,   -7,   13,   13,    0,  -17,  -25,   -3,   -3,  -28,  -20,  -17,   -7,   -7,  -50,  -13,   -7,    0,  -10,   -7,   -7,  -33,   23,  -20,    0,    7,    0,   23,   13,    0,    0,    0,   -7,   13,    0,  -27,    0,  -60,    0,  -10,    0,  -10,    0,   17,
       0,    0,    0,  -17,    0,    0,    0,    0,    0,    0,  -10,    0,    0,    0,    0,    0,    0,    0,    0,    0,    0,    0,    0,    0,  -53,    0,    0,    0,    0,    0,    0,    0,    0,    0,    0,    0,    0,    0,    0,    0,    0,    0,    0,  -10,    0,    0,    0,    0,    0,    0,    0,    0,    0,    0,    0,    0,    0,    0,    0,    0,    0,    0,    0,    0,    0,    7,  -20,  -13,    0,    0,   13,  -10,   12,    3,   13,   17,    0,   13,   13,  -10,   22,  -43,    0,   13,    0,  -10,    0,    0,    0,    0,   -5,   -7,    0,    0,   -7,  -20,    0,  -27,  -17,    0,    0,    0,   -7,   -7,    0,    0,  -40,  -20,    0,    0,    0,  -27,  -35,  -20,    0,   17,   -3,    0,    0,   -7,  -33,  -27,
       0,    0,    0,    0,    0,    0,    0,    0,    0,    0,    0,    0,    0,    0,    0,    0,    0,    0,    0,    0,    0,    0,    0,    0,    0,    0,    0,    0,    0,    0,    0,    0,    0,    0,    0,    0,    0,    0,    0,    0,    0,    0,    0,    0,    0,    0,    0,    0,    0,    0,    0,    0,    0,    0,    0,    0,    0,    0,    0,    0,    0,    0,    0,    0,    0,    0,   -7,    0,    0,    0,    0,   -7,    0,    0,    0,    0,    0,    0,    0,    0,    0,   -7,    0,    0,    0,    0,    0,    0,    0,    0,    0,    0,    0,    0,    0,    0,    0,    0,    0,    0,    0,    0,    0,    0,    0,    0,   -7,    0,    0,    0,    0,    0,    0,    0,    0,    0,    0,    0,    0,  -10,    0,    0,
       0,    0,    0,    0,  -13,    0,  -13,    0,  -10,  -10,    0,    0,    0,    0,    0,    0,    0,    0,    0,    0,    0,    0,    0,    0,  -13,    0,    0,    0,    0,    0,    0,    0,    0,    0,    0,    0,    0,    0,    0,    0,    0,    0,    0,    0,    0,    0,    0,    0,    0,    0,    0,    0,    0,    0,    0,    0,    0,    0,    0,    0,    0,    0,    0,    0,    0,    0,  -10,    5,    0,    0,    0,  -13,   -7,    0,   -7,    0,    0,    0,    0,    0,    0,  -13,    0,    0,    0,    0,    0,    0,   -7,    0,    0,    0,    0,    0,    0,    0,    0,    0,    0,    0,   -3,    0,   -3,    0,    0,   -3,  -17,    0,    0,    0,    0,  -15,  -10,    0,    0,   -7,    0,    0,    0,  -10,    0,   -3,
       0,    0,    0,   30,  -33,    0,  -33,  -23,  -17,  -17,    0,    0,    0,    0,    0,    0,    0,    0,    0,    0,    0,    0,    0,    0,    0,    0,    0,    0,    0,    0,    0,    0,    0,    0,    0,    0,    0,    0,    0,    0,    0,    0,    0,  -10,    0,    0,    0,    0,    0,    0,    0,    0,    0,    0,    0,    0,    0,    0,    0,    0,    0,    0,    0,    0,    0,    0,    0,    0,    0,    0,  -17,    3,  -33,    7,  -17,    0,    0,  -17,   -3,   -3,    5,    0,    0,  -10,  -13,   -3,   -7,  -13,  -10,  -10,    0,    0,  -40,  -13,    0,   10,    0,    0,    0,  -23,    7,  -10,    0,    7,    0,    7,    3,   10,    0,    0,    0,    7,    0,  -30,    0,  -30,    0,  -10,    0,  -10,   10,   10,
       0,    0,    0,    0,    0,    0,    0,    0,    0,    0,    0,    0,    0,    0,    0,    0,    0,    0,    0,    0,    0,    0,    0,    0,    0,    0,    0,    0,    0,    0,    0,    0,    0,    0,    0,    0,    0,    0,    0,    0,    0,    0,    0,    0,    0,    0,    0,    0,    0,    0,    0,    0,    0,    0,    0,    0,    0,    0,    0,    0,    0,    0,    0,    0,    0,    0,    0,   -5,    0,   27,    0,    0,    0,    0,    0,    7,    0,    0,   17,    0,   10,    0,    0,    0,    0,    0,    0,    0,    0,    0,    0,    0,    0,    0,    0,   17,    0,    0,    0,    0,    0,    0,    0,    0,   33,    0,    0,   17,    0,    0,    0,    0,    0,    0,    0,    0,    0,    0,    0,    0,    0,    0,
       0,    0,    0,    0,    0,    0,    0,    0,    0,    0,    0,    0,    0,    0,    0,    0,    0,    0,    0,    0,    0,    0,    0,    0,  -10,    0,    0,    0,    0,    0,    0,    0,    0,    0,    0,    0,    0,    0,    0,    0,    0,    0,    0,   -7,    0,    0,    0,    0,    0,    0,    0,    0,    0,    0,    0,    0,    0,    0,    0,    0,    0,    0,    0,    0,    0,    0,   -7,   -5,    0,    0,   10,    0,    7,    0,   10,   17,    0,   10,    7,   -7,   13,   -7,    0,   10,    0,    0,    0,    0,    0,    0,    0,    0,    0,    0,    0,   -3,    0,   -7,  -10,    0,    0,    0,    0,    0,    0,    0,  -10,   -3,    0,    0,    0,    0,  -10,   -7,    0,   10,    0,    0,    0,   -7,  -10,    0,
       0,    0,    0,    0,  -17,    0,  -17,   -7,   -7,   -7,    0,    0,    0,    0,    0,    0,    0,    0,    0,    0,    0,    0,    0,    0,  -17,    0,    0,    0,    0,    0,    0,    0,    0,    0,    0,    0,    0,    0,    0,    0,    0,    0,    0,    0,    0,    0,    0,    0,    0,    0,    0,    0,    0,    0,    0,    0,    0,    0,    0,    0,    0,    0,    0,    0,    0,   -3,   -7,    5,    0,   -8,    0,   -7,  -13,    0,   -7,   -3,    0,    0,   -5,    0,   -3,  -10,    0,   -7,    0,    0,    0,    0,   -7,   -7,    0,    0,  -10,   -3,    0,    0,    0,    0,    0,  -10,    0,    0,    0,    0,    0,    0,  -13,    0,    0,    0,    0,  -15,    0,    0,    0,  -10,    0,    0,    0,   -7,    0,    0,
       0,    0,    0,    0,  -27,    0,  -27,  -23,  -17,  -17,    0,    0,    0,    0,    0,    0,    0,    0,    0,    0,    0,    0,    0,    0,  -10,    0,    0,    0,    0,    0,    0,    0,    0,    0,    0,    0,    0,    0,    0,    0,    0,    0,    0,    0,    0,    0,    0,    0,    0,    0,    0,    0,    0,    0,    0,    0,    0,    0,    0,    0,    0,    0,    0,    0,    0,   -8,    0,    0,    0,   -3,  -20,  -10,  -32,    0,  -23,   -7,   -5,  -20,  -12,    0,   -3,    0,   -5,  -13,   -7,    0,    0,   -7,   -3,   -3,    0,    0,  -38,  -10,    0,    7,    0,    0,    0,  -20,   -3,   -7,    0,    0,    0,   -3,   -7,    7,    0,    0,    0,   -7,    0,   -7,   -3,  -48,    0,   -3,   -3,    0,    0,    0,
       0,    0,    0,    0,    0,    0,    0,    0,  -10,  -10,    0,    0,    0,    0,    0,    0,    0,    0,    0,    0,    0,    0,    0,    0,    0,    0,    0,    0,    0,    0,    0,    0,    0,    0,    0,    0,    0,    0,    0,    0,    0,    0,    0,    0,    0,    0,    0,    0,    0,    0,    0,    0,    0,    0,    0,    0,    0,    0,    0,    0,    0,    0,    0,    0,    0,    0,    0,   -5,    0,    0,    0,    0,    0,    0,    0,    0,    0,    0,    0,   -7,    0,    0,    0,    0,   -3,   -3,    0,   -3,    0,    0,    0,    0,    0,    0,    0,    0,    0,    0,    0,    0,    0,    0,    0,    0,    0,    0,   -7,    0,    0,    0,    0,    0,    0,  -10,    0,    0,    0,    0,    0,  -10,    0,    0,
       0,    0,    0,   30,  -33,    0,  -33,  -23,  -17,  -17,    0,    0,    0,    0,    0,    0,    0,    0,    0,    0,    0,    0,    0,    0,    0,    0,    0,    0,    0,    0,    0,    0,    0,    0,    0,    0,    0,    0,    0,    0,    0,    0,    0,  -10,    0,    0,    0,    0,    0,    0,    0,    0,    0,    0,    0,    0,    0,    0,    0,    0,    0,    0,    0,    0,    0,    0,    0,    0,    0,    0,  -17,    3,  -60,    7,  -17,    0,    0,  -17,   -3,   -3,    5,    0,    0,  -10,  -13,   -3,   -7,  -13,  -10,  -10,    0,    0,  -40,  -13,    0,   10,    0,    0,    0,  -23,    7,  -10,    0,    7,    0,    7,    3,   10,    0,    0,    0,    7,    0,  -30,    0,  -30,    0,  -10,    0,  -10,   10,   10,
       0,    0,    0,    0,  -20,    0,  -20,  -10,  -13,  -13,    0,    0,    0,    0,    0,    0,    0,    0,    0,    0,    0,    0,    0,    0,  -23,    0,    0,    0,    0,    0,    0,    0,    0,    0,    0,    0,    0,    0,    0,    0,    0,    0,    0,    0,    0,    0,    0,    0,    0,    0,    0,    0,    0,    0,    0,    0,    0,    0,    0,    0,    0,    0,    0,    0,    0,  -10,  -10,    0,    0,   -7,   -7,  -10,  -12,   -7,  -10,  -10,    0,   -7,    0,    0,   -7,  -10,  -10,   -7,    0,    0,    0,    0,    0,    0,    0,    0,   -7,   -7,    0,    0,    0,    0,    0,  -13,    0,    0,    0,    0,    0,    0,  -13,    0,    0,    0,   -3,  -13,    0,    0,   -7,  -13,    0,    0,   -3,    0,    0,    0,
       0,    0,    0,   10,  -13,    0,  -13,    0,   -7,   -7,    0,    0,    0,    0,    0,    0,    0,    0,    0,    0,    0,    0,    0,    0,   10,    0,    0,    0,    0,    0,    0,    0,    0,    0,    0,    0,    0,    0,    0,    0,    0,    0,    0,   -7,    0,    0,    0,    0,    0,    0,    0,    0,    0,    0,    0,    0,    0,    0,    0,    0,    0,    0,    0,    0,    0,    0,    0,  -10,    0,    0,   13,    3,    9,    7,   10,   13,   -3,   13,   17,  -10,   17,    7,    0,   10,   -7,    0,    0,   -7,    0,    0,   -7,    0,    0,    0,    0,   -3,    0,  -13,   -3,    0,   10,    0,    0,   13,    0,   10,    0,   -3,    0,    0,    0,   10,  -13,  -18,    0,    7,    0,    0,    0,  -13,    0,    0,
       0,    0,    0,  -10,    0,    0,    0,   10,    0,    0,    0,    0,    0,    0,    0,    0,    0,    0,    0,    0,    0,    0,    0,    0,  -20,    0,    0,    0,    0,    0,    0,    0,    0,    0,    0,    0,    0,    0,    0,    0,    0,    0,    0,    0,    0,    0,    0,    0,    0,    0,    0,    0,    0,    0,    0,    0,    0,    0,    0,    0,    0,    0,    0,    0,    0,    0,    0,    0,    0,    0,    0,    0,    0,    0,    0,    0,    0,    0,    0,    0,    0,    0,    0,    0,    0,    0,    0,    0,    0,    0,    0,    0,    0,    0,    0,    0,    0,   -7,   -7,    0,    0,    3,    0,    0,    0,    0,    0,    0,    0,    0,    0,    0,    0,  -10,    0,    0,    0,    0,    0,   -7,  -10,    0,
       0,    0,    0,    0,  -17,    0,  -17,    0,   -7,   -7,    0,    0,    0,    0,    0,    0,    0,    0,    0,    0,    0,    0,    0,    0,   -2,    0,    0,    0,    0,    0,    0,    0,    0,    0,    0,    0,    0,    0,    0,    0,    0,    0,    0,    0,    0,    0,    0,    0,    0,    0,    0,    0,    0,    0,    0,    0,    0,    0,    0,    0,    0,    0,    0,    0,    0,    0,    0,    0,    0,    0,    0,    0,    0,    0,    0,    0,    0,    0,    0,    0,    0,    0,    0,    0,    0,    0,    0,    0,   -3,    0,    0,    0,   -7,   -7,    0,    0,   -3,   -3,    0,   -3,    3,    0,    0,    0,    0,    3,    0,    7,    0,    0,    0,    0,    0,    0,    0,    0,    0,    0,    0,   -7,  -10,    0,
       0,    0,    0,    0,    0,    0,    0,    0,    0,    0,    0,    0,    0,    0,    0,    0,    0,    0,    0,    0,    0,    0,    0,    0,  -38,    0,    0,    0,    0,    0,    0,    0,    0,    0,    0,    0,    0,    0,    0,    0,    0,    0,    0,    0,    0,    0,    0,    0,    0,    0,    0,    0,    0,    0,    0,    0,    0,    0,    0,    0,    0,    0,    0,    0,    0,    0,    0,    0,    0,    0,    0,    0,    0,    0,    0,    0,    0,    0,    0,    0,    0,    0,    0,    0,    0,    0,    0,    0,    0,    0,    0,    0,    0,    0,    0,    0,    0,    0,    0,    0,    0,    0,    0,    0,    0,    0,    0,    0,    0,    0,    0,    0,    0,    0,    0,    0,    0,    0,    0,   -7,  -10,    0,
       0,    0,    0,    0,    0,    0,    0,    0,    0,    0,    0,    0,    0,    0,    0,    0,    0,    0,    0,    0,    0,    0,    0,    0,  -13,    0,    0,    0,    0,    0,    0,    0,    0,    0,    0,    0,    0,    0,    0,    0,    0,    0,    0,    0,    0,    0,    0,    0,    0,    0,    0,    0,    0,    0,    0,    0,    0,    0,    0,    0,    0,    0,    0,    0,    0,    0,    0,    0,    0,    0,    0,    0,    0,    0,    0,    0,    0,    0,    0,    0,    0,    0,    0,    0,    0,    0,    0,    0,    0,    0,    0,    0,    0,    0,    0,    0,    0,    0,    0,    0,    0,    0,    0,    0,    0,    0,    0,    7,    0,    0,    0,    0,    0,    0,    0,    0,    0,    0,    0,    0,    0,    0,
       0,    0,    0,  -10,  -17,    0,  -17,    0,   -7,   -7,    0,    0,    0,    0,    0,    0,    0,    0,    0,    0,    0,    0,    0,    0,  -30,    0,    0,    0,    0,    0,    0,    0,    0,    0,    0,    0,    0,    0,    0,    0,    0,    0,    0,    0,    0,    0,    0,    0,    0,    0,    0,    0,    0,    0,    0,    0,    0,    0,    0,    0,    0,    0,    0,    0,    0,    0,    0,    0,    0,    0,    0,    0,    0,    0,    0,    0,    0,    0,    0,    0,    0,    0,    0,    0,    0,    0,    0,    0,   -3,    0,    0,    0,   -7,   -7,    0,    0,   -3,   -3,    0,   -3,    0,    0,    0,    0,    0,    0,    0,    7,    0,    0,    0,    0,    0,    0,    0,    0,    0,    0,    0,   -7,  -10,    0,
       0,    0,    0,    0,    0,    0,    0,    0,    0,    0,    0,    0,    0,    0,    0,    0,    0,    0,    0,    0,    0,    0,    0,    0,  -20,    0,    0,    0,    0,    0,    0,    0,    0,    0,    0,    0,    0,    0,    0,    0,    0,    0,    0,    0,    0,    0,    0,    0,    0,    0,    0,    0,    0,    0,    0,    0,    0,    0,    0,    0,    0,    0,    0,    0,    0,    0,    0,    0,    0,    0,    0,    0,    0,    0,    0,    0,    0,    0,    0,    0,    0,    0,    0,    0,   -3,    0,    0,   -3,    0,    0,    0,    0,    0,    0,    0,    0,    0,    0,    0,    0,   -3,    0,    0,    0,    0,   -3,    0,    7,    0,    0,    0,    0,    0,    0,    0,    0,    0,    0,    0,    0,    0,    0,
       0,    0,    0,    0,    0,    0,    0,    0,    0,    0,    0,    0,    0,    0,    0,    0,    0,    0,    0,    0,    0,    0,    0,    0,  -28,    0,    0,    0,    0,    0,    0,    0,    0,    0,    0,    0,    0,    0,    0,    0,    0,    0,    0,    0,    0,    0,    0,    0,    0,    0,    0,    0,    0,    0,    0,    0,    0,    0,    0,    0,    0,    0,    0,    0,    0,    0,    0,    0,    0,    0,    0,    0,    0,    0,    0,    0,    0,    0,    0,    0,    0,    0,    0,    0,   -3,    0,    0,   -3,    0,    0,    0,    0,    0,    0,    0,    0,    0,    0,    0,    0,    0,    0,    0,    0,    0,    0,    0,   12,    0,    0,    0,    0,    0,    0,    0,    0,    0,    0,    0,    0,    0,    0,
       0,    0,    0,    0,    7,    0,    7,    0,    0,    0,    0,    0,    0,    0,    0,    0,    0,    0,    0,    0,    0,    0,    0,    0,  -18,    0,    0,    0,    0,    0,    0,    0,    0,    0,    0,    0,    0,    0,    0,    0,    0,    0,    0,    0,    0,    0,    0,    0,    0,    0,    0,    0,    0,    0,    0,    0,    0,    0,    0,    0,    0,    0,    0,    0,    0,    0,    0,    0,    0,    0,    0,    0,    0,    0,    0,    0,    0,    0,    0,    0,    0,    0,    0,    0,    0,    0,    0,    0,    0,    0,    0,    0,    0,    0,    0,    7,    0,    0,    0,    0,    0,    0,    0,    0,    0,    0,    0,   17,    0,    0,    0,    0,    0,   -3,    0,    0,    0,    0,    0,    0,    0,    0,
       0,    0,    0,  -10,  -17,    0,  -17,    0,   -7,   -7,    0,    0,    0,    0,    0,    0,    0,    0,    0,    0,    0,    0,    0,    0,  -20,    0,    0,    0,    0,    0,    0,    0,    0,    0,    0,    0,    0,    0,    0,    0,    0,    0,    0,    0,    0,    0,    0,    0,    0,    0,    0,    0,    0,    0,    0,    0,    0,    0,    0,    0,    0,    0,    0,    0,    0,    0,    0,    0,    0,    0,    0,    0,    0,    0,    0,    0,    0,    0,    0,    0,    0,    0,    0,    0,    0,    0,    0,    0,   -3,    0,    0,    0,   -7,   -7,    0,    0,   -3,   -3,    0,   -3,    0,    0,    0,    0,    0,    0,    0,    7,    0,    0,    0,    0,    0,    0,    0,    0,    0,    0,    0,   -7,  -10,    0,
       0,    0,    0,  -13,    0,    0,    0,    7,    0,    0,    0,    0,    0,    0,    0,    0,    0,    0,    0,    0,    0,    0,    0,    0,  -30,    0,    0,    0,    0,    0,    0,    0,    0,    0,    0,    0,    0,    0,    0,    0,    0,    0,    0,    0,    0,    0,    0,    0,    0,    0,    0,    0,    0,    0,    0,    0,    0,    0,    0,    0,    0,    0,    0,    0,    0,    0,    0,    0,    0,    0,    0,    0,    0,    0,    0,    0,    0,    0,    0,    0,    0,    0,    0,    0,    0,    0,    0,    0,    0,    7,    0,    0,    0,    0,    0,   -5,    0,   -7,   -3,    0,    0,    7,    0,    0,    0,    0,    0,   -5,    0,    0,    0,    0,    0,    0,    0,    0,    0,    0,    0,   -7,  -10,    0,
       0,    0,    0,    0,    0,    0,    0,    0,    0,    0,    0,    0,    0,    0,    0,    0,    0,    0,    0,    0,    0,    0,    0,    0,  -13,    0,    0,    0,    0,    0,    0,    0,    0,    0,    0,    0,    0,    0,    0,    0,    0,    0,    0,    0,    0,    0,    0,    0,    0,    0,    0,    0,    0,    0,    0,    0,    0,    0,    0,    0,    0,    0,    0,    0,    0,    0,    0,    0,    0,    0,    0,    0,    0,    0,    0,    0,    0,    0,    0,    0,    0,    0,    0,    0,   -3,   -3,    0,   -3,    0,    0,    0,    0,    0,    0,    0,    7,    0,    0,    0,    0,    0,    0,    0,    0,    0,    0,    0,    7,    0,    0,    0,    0,    0,    0,    0,    0,    0,    0,    0,    0,    0,    7,
       0,    0,    0,    0,  -20,    0,  -20,  -10,  -10,  -10,    0,    0,    0,    0,    0,    0,    0,    0,    0,    0,    0,    0,    0,    0,  -10,    0,    0,    0,    0,    0,    0,    0,    0,    0,    0,    0,    0,    0,    0,    0,    0,    0,    0,    0,    0,    0,    0,    0,    0,    0,    0,    0,    0,    0,    0,    0,    0,    0,    0,    0,    0,    0,    0,    0,    0,    0,    0,    0,    0,    0,    0,    0,    0,    0,    0,    0,    0,    0,    0,    0,    0,    0,    0,    0,   -3,    0,    0,   -3,   -3,    0,    0,    0,  -13,   -7,    0,    0,    0,    0,    0,  -13,    0,   -3,    0,    0,    0,    0,    0,   10,    0,    0,   -7,    0,    0,    0,    0,    0,    0,    0,    0,   -3,    0,    0,
       0,    0,    0,    0,    0,    0,    0,    0,    0,    0,    0,    0,    0,    0,    0,    0,    0,    0,    0,    0,    0,    0,    0,    0,  -21,    0,    0,    0,    0,    0,    0,    0,    0,    0,    0,    0,    0,    0,    0,    0,    0,    0,    0,    0,    0,    0,    0,    0,    0,    0,    0,    0,    0,    0,    0,    0,    0,    0,    0,    0,    0,    0,    0,    0,    0,    0,    0,    0,    0,    0,    0,    0,    0,    0,    0,    0,    0,    0,    0,    0,    0,    0,    0,    0,    0,    0,    0,    0,    0,    0,    7,    7,    0,    0,    7,   10,    0,    7,    0,    0,    0,    0,    0,    0,    0,    0,    0,   30,    0,    0,    0,    0,    0,    0,   10,    0,    0,    0,    0,   -7,    0,   10,
       0,    0,   18,    0,    0,    0,    0,   10,    0,    0,    0,    0,    0,    0,    0,    0,    0,    0,    0,    0,    0,    0,    0,    0,  -27,   10,    0,    0,    0,    0,    0,    0,    0,    0,    0,    0,    0,    0,    0,    0,    0,   10,    0,    0,    0,    0,    0,    0,    0,    0,    0,    0,    0,    0,    0,    0,    0,    0,    0,    0,    0,    0,    0,    0,    0,    0,    0,    0,    0,    0,    0,    0,    0,    0,    0,    0,    0,    0,    0,    0,    0,    0,    0,    0,    0,    0,    0,    0,    0,    0,    0,    0,    0,    0,   10,   37,    0,   -8,   -3,    0,    0,    0,    0,    0,   58,    0,    0,   37,    0,    0,    0,    0,    0,  -10,    0,    0,    0,    0,    0,   13,    0,    0,
       0,    0,    0,  -13,   -7,    0,   -7,    0,    0,    0,    0,    0,    0,    0,    0,    0,    0,    0,    0,    0,    0,    0,    0,    0,  -69,    0,    0,    0,    0,    0,    0,    0,    0,    0,    0,    0,    0,    0,    0,    0,    0,    0,    0,    0,    0,    0,    0,    0,    0,    0,    0,    0,    0,    0,    0,    0,    0,    0,    0,    0,    0,    0,    0,    0,    0,    0,    0,    0,    0,    0,    0,    0,    0,    0,    0,    0,    0,    0,    0,    0,    0,    0,    0,    0,    0,    0,    0,    0,    0,    0,    0,    0,    0,    0,    0,   -7,    0,  -25,  -10,    0,    0,    0,    0,    0,    0,    0,    0,   -7,    0,   -7,    0,    0,    0,    0,    0,    0,    0,    0,    0,  -10,  -23,  -13,
       0,    0,    0,  -13,   -7,    0,   -7,    0,    0,    0,    0,    0,    0,    0,    0,    0,    0,    0,    0,    0,    0,    0,    0,    0,  -45,    0,    0,    0,    0,    0,    0,    0,    0,    0,    0,    0,    0,    0,    0,    0,    0,    0,    0,    0,    0,    0,    0,    0,    0,    0,    0,    0,    0,    0,    0,    0,    0,    0,    0,    0,    0,    0,    0,    0,    0,    0,    0,    0,    0,    0,    0,    0,    0,    0,    0,    0,    0,    0,    0,    0,    0,    0,    0,    0,    0,    0,    0,    0,    0,    0,    0,    0,    0,    0,    0,   -7,    0,  -15,  -10,    0,    0,    0,    0,    0,    0,    0,    0,   -7,    0,   -7,    0,    0,    0,    0,    0,    0,    0,    0,    0,  -10,  -17,  -13,
       0,    0,    0,  -13,    0,    0,    0,    7,    0,    0,    0,    0,    0,    0,    0,    0,    0,    0,    0,    0,    0,    0,    0,    0,  -30,    0,    0,    0,    0,    0,    0,    0,    0,    0,    0,    0,    0,    0,    0,    0,    0,    0,    0,    0,    0,    0,    0,    0,    0,    0,    0,    0,    0,    0,    0,    0,    0,    0,    0,    0,    0,    0,    0,    0,    0,    0,    0,    0,    0,    0,    0,    0,    0,    0,    0,    0,    0,    0,    0,    0,    0,    0,    0,    0,    0,    0,    0,    0,    0,    7,    0,    0,    0,   -3,    0,   -5,    0,   -7,   -3,    0,    0,    7,    0,    0,   13,    0,    0,   -5,    0,    0,    0,    0,    0,    0,    0,    0,    0,    0,    0,   -7,  -10,    0,
       0,    0,    0,    0,   -7,    0,   -7,    7,   -7,   -7,    0,    0,    0,    0,    0,    0,    0,    0,    0,    0,    0,    0,    0,    0,  -13,    0,    0,    0,    0,    0,    0,    0,    0,    0,    0,    0,    0,    0,    0,    0,    0,    0,    0,    0,    0,    0,    0,    0,    0,    0,    0,    0,    0,    0,    0,    0,    0,    0,    0,    0,    0,    0,    0,    0,    0,    0,    0,    0,    0,    0,    0,    0,    0,    0,    0,    0,    0,    0,    0,    0,    0,    0,    0,    0,    0,    0,    0,    0,    0,    0,    0,    0,    0,    0,    0,    0,    0,    0,    0,    0,    0,    0,    0,    0,    0,    0,    0,   10,    0,    0,    0,    0,    0,   -7,    0,    0,    0,    0,    0,  -10,    0,    0,
       0,    0,    0,    0,    0,    0,    0,    7,    0,    0,    0,    0,    0,    0,    0,    0,    0,    0,    0,    0,    0,    0,    0,    0,   13,    0,    0,    0,    0,    0,    0,    0,    0,    0,    0,    0,    0,    0,    0,    0,    0,    0,    0,    0,    0,    0,    0,    0,    0,    0,    0,    0,    0,    0,    0,    0,    0,    0,    0,    0,    0,    0,    0,    0,    0,    0,    0,    0,    0,    0,    0,    0,    0,    0,    0,    0,    0,    0,    0,    0,    0,    0,    0,    0,    0,    0,    0,    0,    0,    0,    0,    0,    0,    0,    0,    0,    0,    0,    0,    0,    0,    7,    0,    0,    0,    0,    0,    0,    0,    0,    0,    0,    0,    0,    0,    0,    0,    0,    0,    0,    0,    0,
       0,    0,   13,   19,    0,    0,    0,    0,    0,    0,   13,    0,    0,    0,    0,    0,    0,    0,    0,    0,    0,    0,    0,    0,   30,    3,    0,    0,    0,    0,    0,    0,    0,    0,    0,    0,    0,    0,    0,    0,    0,   10,    0,    0,    0,    0,    0,    0,    0,    0,    0,    0,    0,    0,    0,    0,    0,    0,    0,    0,    0,    0,    0,    0,    0,    0,    0,    0,    0,    0,    0,    0,    0,    0,    0,    0,    0,    0,    0,    0,    0,    0,    0,    0,    0,    0,    0,    0,    0,    0,    0,    0,    0,    0,    0,    0,    0,    0,    0,    0,   27,    0,    0,   20,    0,   27,    0,    0,    0,    0,    0,    0,    0,    0,    0,    0,    0,    0,    0,    0,    0,   10,
       0,    0,    0,    0,    0,    0,    0,    0,   -7,   -7,    0,    0,    0,    0,    0,    0,    0,    0,    0,    0,    0,    0,    0,    0,   13,    0,    0,    0,    0,    0,    0,    0,    0,    0,    0,    0,    0,    0,    0,    0,    0,    0,    0,    0,    0,    0,    0,    0,    0,    0,    0,    0,    0,    0,    0,    0,    0,    0,    0,    0,    0,    0,    0,    0,    0,    0,    0,    0,    0,    0,    0,    0,    0,    0,    0,    0,    0,    0,    0,    0,    0,    0,    0,    0,    0,    0,    0,    0,    0,    0,    0,    0,  -10,   -3,    0,    0,    0,    0,    0,    0,    0,    0,    0,    0,   13,    0,    0,    0,    0,    0,    0,    0,    0,    0,    0,    0,    0,    0,    0,    0,    0,    0,
       0,    0,    0,    0,    0,    0,    0,    0,    0,    0,    0,    0,    0,    0,    0,    0,    0,    0,    0,    0,    0,    0,    0,    0,  -17,    0,    0,    0,    0,    0,    0,    0,    0,    0,    0,    0,    0,    0,    0,    0,    0,    0,    0,    0,    0,    0,    0,    0,    0,    0,    0,    0,    0,    0,    0,    0,    0,    0,    0,    0,    0,    0,    0,    0,    0,    0,  -17,    0,    0,    0,   10,  -13,    0,    0,    0,    0,    0,   10,    0,    0,    0,  -13,    0,    0,    0,    0,    0,    0,    0,    0,    0,    0,    0,    0,    0,    0,    0,    0,    0,    0,    0,    0,    0,    0,    0,    0,  -22,    0,    0,    0,    0,  -17,  -10,    0,    0,    0,    0,    0,    0,    0,    0,    0,
       0,    0,    0,    0,  -32,    0,  -32,  -33,  -23,  -23,    0,    0,    0,    0,    0,    0,    0,    0,    0,    0,    0,    0,    0,    0,    0,    0,    0,    0,    0,    0,    0,    0,    0,    0,    0,    0,    0,    0,    0,    0,    0,    0,    0,  -13,    0,    0,    0,    0,    0,    0,    0,    0,    0,    0,    0,    0,    0,    0,    0,    0,    0,    0,    0,    0,    0,   -3,    0,  -10,    0,    0,  -20,    7,  -37,    0,  -23,    0,    0,  -20,   -7,  -13,    7,    0,    0,  -13,  -23,  -10,  -11,  -17,  -10,  -13,    0,    0,  -40,  -17,    0,    0,   -8,    0,    0,  -33,    0,  -17,    0,    0,    0,    0,    0,    0,    0,    0,  -10,    0,    0,  -30,    0,  -47,    0,  -13,    0,   -7,    0,    0,
       0,    0,    0,    0,  -23,    0,  -23,  -20,    0,    0,    0,    0,    0,    0,    0,    0,    0,    0,    0,    0,    0,    0,    0,    0,    0,    0,    0,    0,    0,    0,    0,    0,    0,    0,    0,    0,    0,    0,    0,    0,    0,    0,    0,    0,    0,    0,    0,    0,    0,    0,    0,    0,    0,    0,    0,    0,    0,    0,    0,    0,    0,    0,    0,    0,    0,    0,    0,    0,    0,    0,    0,    0,    0,    0,    0,    0,    0,    0,    0,    0,    0,    0,    0,    0,   -7,    0,    0,   -7,  -10,    0,    3,    7,  -37,   -7,    7,   10,    0,    0,    0,  -17,    0,  -10,    0,    0,    0,    0,    0,   10,    0,    0,    0,    0,    0,    0,    0,    0,    0,    0,    0,    0,    0,    0,
       0,    0,    0,   13,  -27,    0,  -27,  -23,  -13,  -13,    0,    0,    0,    0,    0,    0,    0,    0,    0,    0,    0,    0,    0,    0,    0,    0,    0,    0,    0,    0,    0,    0,    0,    0,    0,    0,    0,    0,    0,    0,    0,    0,    0,  -17,    0,    0,    0,    0,    0,    0,    0,    0,    0,    0,    0,    0,    0,    0,    0,    0,    0,    0,    0,    0,    0,    0,    0,    0,    0,    0,  -20,   13,  -27,    0,  -23,    0,    0,  -20,    0,  -17,    0,    7,    0,  -17,  -22,  -10,  -13,   -5,  -28,  -28,  -10,  -10,  -45,  -17,  -10,    0,    0,  -14,  -17,  -14,    0,  -13,    0,    0,    0,    0,    0,    0,    0,    0,  -24,    0,    0,  -35,    0,  -43,    0,  -14,    0,  -10,    0,   13,
       0,    0,    0,   10,  -18,    0,  -18,    0,    0,    0,    0,    0,    0,    0,    0,    0,    0,    0,    0,    0,    0,    0,    0,    0,    0,    0,    0,    0,    0,    0,    0,    0,    0,    0,    0,    0,    0,    0,    0,    0,    0,    0,    0,  -10,    0,    0,    0,    0,    0,    0,    0,    0,    0,    0,    0,    0,    0,    0,    0,    0,    0,    0,    0,    0,    0,    0,    0,    0,    0,    0,    0,    0,    0,    0,    0,    0,    0,    0,    0,    0,    0,    0,    0,    0,  -13,    0,    0,  -13,   -7,   -7,    0,    0,  -30,   -7,    0,   10,    0,    0,    0,  -20,    0,  -10,    0,    0,    0,    0,    0,   10,    0,    0,   -7,    0,    0,  -10,    0,    0,    0,   -7,    0,   -7,    0,   18,
       0,    0,    0,    0,  -17,    0,  -17,  -17,  -10,  -10,    0,    0,    0,    0,    0,    0,    0,    0,    0,    0,    0,    0,    0,    0,    0,    0,    0,    0,    0,    0,    0,    0,    0,    0,    0,    0,    0,    0,    0,    0,    0,    0,    0,   -7,    0,    0,    0,    0,    0,    0,    0,    0,    0,    0,    0,    0,    0,    0,    0,    0,    0,    0,    0,    0,    0,    0,    0,   -5,    0,    0,  -13,    0,  -30,    0,  -17,    0,    0,  -13,    0,    0,    0,    0,    0,  -13,   -8,    0,    0,   -8,    0,    0,    0,    0,  -28,  -10,    0,    0,    0,    0,    0,  -23,   13,   -7,    0,    7,    0,   13,    0,   17,    0,    0,    0,    0,    0,  -17,    0,  -32,    0,    0,    0,    0,    0,   15,
       0,    0,    0,    0,    0,    0,    0,    0,    0,    0,    0,    0,    0,    0,    0,    0,    0,    0,    0,    0,    0,    0,    0,    0,    0,    0,    0,    0,    0,    0,    0,    0,    0,    0,    0,    0,    0,    0,    0,    0,    0,    0,    0,    0,    0,    0,    0,    0,    0,    0,    0,    0,    0,    0,    0,    0,    0,    0,    0,    0,    0,    0,    0,    0,    0,   10,    0,    0,    0,   40,   10,    0,   13,    7,   13,   20,    0,   10,   13,  -10,   17,    0,    0,   13,    0,    0,    0,    0,    0,    0,    0,    0,    0,    0,    0,   23,    0,    0,    0,    0,    0,    0,    0,    0,    0,    0,    0,   23,    7,    0,    0,    0,    0,    0,    0,   17,    0,    0,    0,    0,    0,    0,
       0,    0,   13,    0,    0,    0,    0,   13,    0,    0,    0,    0,    0,    0,    0,    0,    0,    0,    0,    0,    0,    0,    0,    0,    0,   13,    0,    0,    0,    0,    0,    0,    0,    0,    0,    0,    0,    0,    0,    0,    0,   10,    0,    0,    0,    0,    0,    0,    0,    0,    0,    0,    0,    0,    0,    0,    0,    0,    0,    0,    0,    0,    0,    0,    0,    0,    0,    0,    0,    0,    0,    0,    0,    0,    0,    0,    0,    0,    0,    0,    0,    0,    0,    0,    0,    0,    0,    0,    0,    0,    0,    0,    0,    0,    7,   37,    0,    0,    0,    0,    0,    0,    0,    0,   57,    0,    0,   37,    0,    0,    0,    0,    0,    0,   10,    0,    0,    0,    0,   13,    0,    0,
       0,    0,    0,    0,    0,    0,    0,    0,    0,    0,    0,    0,    0,    0,    0,    0,    0,    0,    0,    0,    0,    0,    0,    0,    0,    0,    0,    0,    0,    0,    0,    0,    0,    0,    0,    0,    0,    0,    0,    0,    0,    0,    0,    0,    0,    0,    0,    0,    0,    0,    0,    0,    0,    0,    0,    0,    0,    0,    0,    0,    0,    0,    0,    0,    0,   10,    0,    0,    0,   40,   10,    0,   13,    7,   13,   20,    0,   10,   13,  -10,   17,    0,    0,   13,    0,    0,    0,    0,    0,    0,    0,    0,    0,    0,    0,   23,    0,    0,    0,    0,    0,    0,    0,    0,   40,    0,    0,   23,    7,    0,    0,    0,    0,    0,    0,   17,    0,    0,    0,    0,    0,    0,
       0,    0,    0,    0,    0,    0,    0,    0,    0,    0,    0,    0,    0,    0,    0,    0,    0,    0,    0,    0,    0,    0,    0,    0,  -17,    0,    0,    0,    0,    0,    0,    0,    0,    0,    0,    0,    0,    0,    0,    0,    0,    0,    0,    0,    0,    0,    0,    0,    0,    0,    0,    0,    0,    0,    0,    0,    0,    0,    0,    0,    0,    0,    0,    0,    0,    7,  -13,    0,    0,    0,   17,    0,   17,    0,   17,   10,    0,   17,   13,    0,   20,  -10,    0,   20,    0,    0,    0,    0,    0,    0,    0,    0,    0,    0,    0,    0,    0,    0,    0,    0,    0,    0,    0,    0,    0,    0,  -23,    0,    7,    0,    0,  -23,    0,    0,    0,   17,    0,    0,    0,    0,    0,    0,
       0,    0,    0,    0,    0,    0,    0,    0,    0,    0,    0,    0,    0,    0,    0,    0,    0,    0,    0,    0,    0,    0,    0,    0,  -35,    0,    0,    0,    0,    0,    0,    0,    0,    0,    0,    0,    0,    0,    0,    0,    0,    0,    0,    0,    0,    0,    0,    0,    0,    0,    0,    0,    0,    0,    0,    0,    0,    0,    0,    0,    0,    0,    0,    0,    0,    0,    0,    0,    0,    0,    0,    0,    0,    0,    0,    0,    0,    0,    0,    0,    0,    0,    0,    0,    0,    0,    0,    0,    0,    0,    0,    0,    0,    0,    0,    0,    0,   -7,   -7,    0,    0,    0,    0,    0,    0,    0,    0,    0,    0,   -3,    0,    0,    0,    0,    0,    0,    0,    0,    0,    0,  -10,    0,
       0,    7,    0,   22,  -30,  -13,  -30,  -20,  -13,  -13,    0,    0,    0,    0,    0,    0,    0,    0,    0,    0,    0,    0,    0,    0,   17,    0,    0,    0,    0,    0,    0,    0,    0,    0,    0,    0,    0,    0,    0,    0,    0,    0,    0,  -10,  -10,    0,    0,    0,    0,    0,    0,    0,    0,    0,    0,    0,    0,    0,    0,    0,    0,    0,    0,    0,    0,    0,    7,   -8,   -3,    0,  -20,   13,  -28,   10,  -17,    0,    0,  -20,    0,  -10,   17,   10,    0,  -13,  -13,   -7,  -13,  -17,  -12,  -13,   -7,   -7,  -33,  -17,   -7,    0,  -13,   -7,   -7,  -28,   30,  -13,    0,   17,    0,   17,    7,    0,    0,    0,  -13,   10,    0,  -30,    0,  -33,    0,  -15,    0,  -13,    0,    0,
       0,    0,    0,    0,  -20,    0,  -20,  -10,  -10,  -10,    0,    0,    0,    0,    0,    0,    0,    0,    0,    0,    0,    0,    0,    0,  -10,    0,    0,    0,    0,    0,    0,    0,    0,    0,    0,    0,    0,    0,    0,    0,    0,    0,    0,    0,    0,    0,    0,    0,    0,    0,    0,    0,    0,    0,    0,    0,    0,    0,    0,    0,    0,    0,    0,    0,    0,    0,    0,    0,    0,    0,    0,    0,    0,    0,    0,    0,    0,    0,    0,    0,    0,    0,    0,    0,   -3,    0,    0,   -3,   -3,    0,    0,    0,  -13,   -7,    0,    0,    0,    0,    0,  -13,    0,   -3,    0,    0,   10,    0,    0,    7,    0,    0,   -7,    0,    0,    0,    0,    0,    0,    0,    0,   -3,    0,    0,
       0,    0,    0,    0,  -20,    0,  -20,  -10,  -10,  -10,    0,    0,    0,    0,    0,    0,    0,    0,    0,    0,    0,    0,    0,    0,  -10,    0,    0,    0,    0,    0,    0,    0,    0,    0,    0,    0,    0,    0,    0,    0,    0,    0,    0,    0,    0,    0,    0,    0,    0,    0,    0,    0,    0,    0,    0,    0,    0,    0,    0,    0,    0,    0,    0,    0,    0,    0,    0,    0,    0,    0,    0,    0,    0,    0,    0,    0,    0,    0,    0,    0,    0,    0,    0,    0,   -3,    0,    0,   -3,   -3,    0,    0,    0,  -13,   -7,    0,    0,    0,    0,    0,  -13,    0,   -3,    0,    0,   10,    0,    0,   10,    0,    0,   -7,    0,    0,    0,    0,    0,    0,    0,    0,   -3,    0,    0,
       0,    0,    0,   10,  -10,    0,  -13,    0,   -7,   -3,    0,    0,    0,    0,    0,    0,    0,    0,    0,    0,    0,    0,    0,    0,   10,   13,    0,    0,    0,    0,    0,    0,    0,    0,    0,    0,    0,    0,    0,    0,    0,    0,    0,   -7,    0,    0,    0,    0,    0,    0,    0,    0,    0,    0,    0,    0,    0,    0,    0,    0,    0,    0,    0,    0,    0,   17,    0,  -10,    0,   47,   33,    3,   25,   20,   33,   40,   -3,   37,   40,  -10,   43,    7,    0,   30,   -7,    0,    0,   -7,    0,    0,   -7,    0,    0,    0,    0,   30,    0,  -13,   -3,    0,   10,    0,    0,   13,   50,   10,    0,   30,   13,    0,    0,   10,  -13,  -18,   10,   27,    0,    0,    0,   -3,    0,    0,
       0,    0,   13,    0,    0,    0,    0,   13,    0,    0,    0,    0,    0,    0,    0,    0,    0,    0,    0,    0,    0,    0,    0,    0,  -21,   13,    0,    0,    0,    0,    0,    0,    0,    0,    0,    0,    0,    0,    0,    0,    0,   10,    0,    0,    0,    0,    0,    0,    0,    0,    0,    0,    0,    0,    0,    0,    0,    0,    0,    0,    0,    0,    0,    0,    0,    0,    0,    0,    0,    0,    0,    0,    0,    0,    0,    0,    0,    0,    0,    0,    0,    0,    0,    0,    0,    0,    0,    0,    0,    0,    7,    7,    0,    0,    7,   50,    0,    7,    0,    0,    0,    0,    0,    0,   58,    0,    0,   27,    0,    0,    0,    0,    0,    0,   10,    0,    0,    0,    0,   10,    0,   10,
       0,    0,    0,  -35,    0,    0,    0,    0,    0,    0,    0,    0,    0,    0,    0,    0,    0,    0,    0,    0,    0,    0,    0,    0,  -37,    0,    0,    0,    0,    0,    0,    0,    0,    0,    0,    0,    0,    0,    0,    0,    0,    0,    0,    0,    0,    0,    0,    0,    0,    0,    0,    0,    0,    0,    0,    0,    0,    0,    0,    0,    0,    0,    0,    0,    0,    0,  -37,   -7,    0,    0,    0,  -17,    0,    0,    0,    0,    0,    0,    0,  -10,    7,  -43,    0,    0,   -3,    0,    0,   -3,    0,    0,   -7,   -7,    0,    0,   -7,  -10,    0,  -20,  -10,    0,    0,    0,    0,    0,    0,    0,  -45,  -10,    0,  -10,    0,  -30,  -30,  -10,    0,    0,    0,    0,    0,  -20,    0,  -22,
       0,    0,    0,    0,    0,    0,    0,    0,    0,    0,    0,    0,    0,    0,    0,    0,    0,    0,    0,    0,    0,    0,    0,    0,    0,    0,    0,    0,    0,    0,    0,    0,    0,    0,    0,    0,    0,    0,    0,    0,    0,    0,    0,    0,    0,    0,    0,    0,    0,    0,    0,    0,    0,    0,    0,    0,    0,    0,    0,    0,    0,    0,    0,    0,    0,    0,    0,    0,    0,    0,    0,    0,   -7,    0,    0,    0,    0,    0,    0,    0,    0,   -7,    0,    0,    0,    0,    0,    0,    0,    0,    0,    0,    0,    0,    0,    0,    0,    0,    0,    0,    0,    0,    0,    0,    0,    0,   -7,    0,    0,    0,    0,   -7,    0,    0,    0,    0,    0,    0,    0,    0,    0,    0,
       0,    0,  -10,    0,  -17,    0,  -17,  -10,    0,    0,    0,    0,    0,    0,    0,    0,    0,    0,    0,    0,    0,    0,    0,    0,    0,    0,    0,    0,    0,    0,    0,    0,    0,    0,    0,    0,    0,    0,    0,    0,    0,    0,    0,    0,  -10,    0,    0,    0,    0,    0,    0,    0,    0,    0,    0,    0,    0,    0,    0,    0,    0,    0,    0,    0,    0,   -7,    0,  -17,  -13,    0,  -13,    0,    0,    0,   -7,    3,  -13,  -13,    0,  -17,   -7,    0,  -10,    0,  -20,  -13,  -13,  -20,  -13,  -10,  -13,  -17,  -13,  -13,  -17,  -13,  -13,  -17,  -10,  -17,    0,  -17,    0,    0,    0,    0,    0,  -13,    0,    0,  -17,    0,  -13,  -20,    0,  -10,  -17,  -13,   -7,  -17,    0,    0,
       0,    0,    0,    0,    0,    0,    0,    0,    0,    0,    0,    0,    0,    0,    0,    0,    0,    0,    0,    0,    0,    0,    0,    0,  -25,    0,    0,    0,    0,    0,    0,    0,    0,    0,    0,    0,    0,    0,    0,    0,    0,    0,    0,    0,    0,    0,    0,    0,    0,    0,    0,    0,    0,    0,    0,    0,    0,    0,    0,    0,    0,    0,    0,    0,    0,    0,    0,    0,    0,    0,    0,    0,    0,    0,    0,    0,    0,    0,    0,    0,    0,    0,    0,    0,    0,    0,    0,    0,    0,    0,    0,    0,    0,    0,    0,   13,    0,    0,    0,    0,    0,    0,    0,    0,   32,    0,    0,   13,    0,    0,    0,    0,    0,   -3,    0,    0,    0,    0,    0,    0,    0,    0,
       0,    0,    0,    0,    0,  -10,    0,    0,    0,    0,    0,    0,    0,    0,    0,    0,    0,    0,    0,    0,    0,    0,    0,    0,    0,    0,    0,    0,    0,    0,    0,    0,    0,    0,    0,    0,    0,    0,    0,    0,    0,    0,    0,    0,    0,    0,    0,    0,    0,    0,    0,    0,    0,    0,    0,    0,    0,    0,    0,    0,    0,    0,    0,    0,    0,    0,    0,    0,    0,    0,    0,    0,    0,    0,    0,    0,    0,    0,    0,    0,    0,    0,    0,    0,   -7,    0,    0,   -7,    0,    0,  -10,  -10,    0,    0,  -10,    0,    0,   -3,   -7,    0,    0,    0,    0,    0,    0,    0,    0,    0,    0,    0,    0,    0,    0,  -13,    0,    0,    0,    0,    0,  -10,    0,    0,
       0,    0,    0,    0,  -10,    0,  -10,   -7,    0,    0,    0,    0,    0,    0,    0,    0,    0,    0,    0,    0,    0,    0,    0,    0,    0,    0,    0,    0,    0,    0,    0,    0,    0,    0,    0,    0,    0,    0,    0,    0,    0,    0,    0,    0,    0,    0,    0,    0,    0,    0,    0,    0,    0,    0,    0,    0,    0,    0,    0,    0,    0,    0,    0,    0,    0,    0,    0,    0,    0,    0,    0,    0,   -7,    0,    0,    0,    0,    0,    0,    0,    0,    0,    0,    0,    0,    0,    0,    0,  -10,    0,    0,    0,   -8,    0,    0,    0,    0,    0,    0,    0,    0,    0,    0,    0,    0,    0,    0,    0,    0,    0,    0,    0,    0,    0,    0,    0,    0,    0,    0,  -10,    0,    0,
       0,    0,    0,    0,    0,    0,    0,    0,    0,    0,    0,    0,    0,    0,    0,    0,    0,    0,    0,    0,    0,    0,    0,    0,    0,    0,    0,    0,    0,    0,    0,    0,    0,    0,    0,    0,    0,    0,    0,    0,    0,    0,    0,    0,    0,    0,    0,    0,    0,    0,    0,    0,    0,    0,    0,    0,    0,    0,    0,    0,    0,    0,    0,    0,    0,    0,    0,    0,    0,    0,    0,    0,    0,    0,    0,    0,    0,    0,    0,    0,    0,    0,    0,    0,    0,    0,    0,    0,    0,    0,    0,    0,   -7,   -7,    0,   17,    0,    0,    0,    0,    0,    0,    0,    0,   33,    0,    0,   17,    0,    0,    0,    0,    0,  -13,    0,    0,    0,    0,    0,    0,    0,    0,
       0,    0,    0,   10,  -13,    0,  -13,    0,   -7,   -7,    0,    0,    0,    0,    0,    0,    0,    0,    0,    0,    0,    0,    0,    0,   10,    0,    0,    0,    0,    0,    0,    0,    0,    0,    0,    0,    0,    0,    0,    0,    0,    0,    0,   -7,    0,    0,    0,    0,    0,    0,    0,    0,    0,    0,    0,    0,    0,    0,    0,    0,    0,    0,    0,    0,    0,    0,    0,  -10,    0,   30,    7,    3,    2,    7,   10,   13,   -3,    7,   17,  -10,   17,    7,    0,    0,  -27,    0,  -20,  -27,    0,  -17,   -7,  -17,  -13,  -17,  -17,   -3,    0,  -13,   -3,  -20,   10,  -13,    0,   13,   20,   10,    0,   -3,    0,    0,  -10,   10,  -13,  -18,    0,    7,    0,  -20,    0,  -13,    0,    0,
       0,    0,    0,    0,    0,    0,    0,    0,    0,    0,    0,    0,    0,    0,    0,    0,    0,    0,    0,    0,    0,    0,    0,    0,  -21,    0,    0,    0,    0,    0,    0,    0,    0,    0,    0,    0,    0,    0,    0,    0,    0,    0,    0,    0,    0,    0,    0,    0,    0,    0,    0,    0,    0,    0,    0,    0,    0,    0,    0,    0,    0,    0,    0,    0,    0,    0,    0,    0,    0,    0,    0,    0,    0,    0,    0,    0,    0,    0,    0,    0,    0,    0,    0,    0,   -8,    0,    0,   -8,    0,    0,    7,    7,  -10,  -13,    7,   23,    0,    7,    0,  -10,    0,    0,    0,    0,   37,    0,    0,   27,    0,    0,    0,    0,    0,    0,    7,    0,    0,    0,    0,   -7,    0,   10,
      -7,    0,    0,    0,  -33,    0,  -33,    0,    0,    0,    0,  -37,    0,   -7,  -13,    0,  -13,  -10,    0,  -10,  -10,    0,    0,    0,    0,    0,  -27,    0,  -10,  -28,    0,    0,    0,   -3,  -23,    0,    0,    0,   -7,    0,  -10,    0,  -17,    0,    0,  -33,  -37,    0,  -27,    0,    0,  -27,    0,  -27,    0,    0,    0,  -23,  -10,    0,  -28,    0,    0,    0,    0,  -13,    0,   -7,  -10,    0,  -31,    0,  -37,    0,  -27,    0,    0,  -31,  -13,    0,    0,    0,    0,  -23,  -27,  -13,    0,  -27,  -13,   -7,    0,   -3,  -52,  -17,   -3,    0,   -7,    0,    0,  -21,    0,  -23,    0,    0,    0,    0,  -10,    0,    0,    0,  -18,    0,    0,    0,    0,  -37,    0,  -10,    0,    0,    0,    0,
     -13,    0,    0,    0,  -60,    0,  -60,    0,    0,    0,  -10,  -50,    0,  -20,  -17,  -13,  -17,  -13,  -10,  -17,  -10,  -10,   -7,   -7,    0,    0,  -33,   -7,  -17,  -38,   -7,  -10,    0,   -7,  -27,    0,  -10,    0,  -10,    0,  -10,    0,    0,    0,    0,    0,  -50,    0,  -33,  -10,    0,  -33,   -7,  -33,   -7,    0,   -7,  -27,  -10,    0,  -38,   -8,    0,    0,    0,  -17,  -10,  -20,  -13,  -13,  -42,    0,  -50,    0,  -38,  -10,  -27,  -42,  -17,  -17,  -10,    0,  -13,  -27,  -33,  -23,  -13,  -33,  -23,  -20,  -10,   -7,  -58,  -27,   -7,    0,  -10,    0,    0,  -37,   -7,  -27,  -10,    0,    0,   -7,  -10,    0,    0,    0,  -25,   -7,    0,  -20,  -13,  -50,    0,    0,   -8,    0,    0,    0,
       0,    0,    0,    0,    0,    0,    0,    0,    0,    0,    0,    9,    7,  -10,   10,   37,    0,    0,  -17,  -13,  -33,   13,  -20,    0,    0,    0,    0,    0,   33,    7,    0,   -7,   35,    0,    0,   -7,   -7,  -17,    0,   -3,    0,    0,    0,  -13,    0,    0,   10,    0,    0,   -7,    0,    0,    0,    0,    0,    0,    0,    0,    0,    0,   23,    0,    0,    0,    0,   10,  -17,  -10,    0,   37,   13,    0,    9,    7,   10,   13,    0,   13,    0,   -7,   13,  -28,    0,   17,    0,   -7,    0,    0,    0,    0,   -7,    0,    0,    0,    0,  -13,    0,  -20,  -25,    0,    0,    0,   -7,    0,   35,    0,  -33,  -13,    0,  -10,    0,  -20,  -40,  -10,    0,   10,    0,    0,    0,    0,  -33,  -33,
};

static const EpdLigaturePair bookerly_10_bolditalicLigaturePairs[] = {
    { 0x00660066, 0xFB00 }, // f f -> U+FB00
    { 0x00660069, 0xFB01 }, // f i -> U+FB01
    { 0x0066006C, 0xFB02 }, // f l -> U+FB02
    { 0xFB000069, 0xFB03 }, // U+FB00 i -> U+FB03
    { 0xFB00006C, 0xFB04 }, // U+FB00 l -> U+FB04
};

static const EpdFontData bookerly_10_bolditalic = {
    bookerly_10_bolditalicBitmaps,
    bookerly_10_bolditalicGlyphs,
    bookerly_10_bolditalicIntervals,
    70,
    27,
    23,
    -6,
    true,
    bookerly_10_bolditalicGroups,
    14,
    nullptr,
    bookerly_10_bolditalicKernLeftClasses,
    bookerly_10_bolditalicKernRightClasses,
    bookerly_10_bolditalicKernMatrix,
    670,
    684,
    157,
    122,
    bookerly_10_bolditalicLigaturePairs,
    5,
};
