/**
 * generated by fontconvert.py
 * name: bookerly_10_regular
 * size: 10
 * mode: 2-bit  compressed: zopfli
 * Command used: fontconvert.py bookerly_10_regular 10 ../builtinFonts/source/Bookerly/Bookerly-Regular.ttf --2bit --compress --zopfli
 */
#pragma once
#include "EpdFontData.h"

static const uint8_t bookerly_10_regularBitmaps[18628] = {
    0x85, 0x93, 0x01, 0x84, 0x65, 0xC9, 0x7A, 0xC7, 0x7F, 0xE7, 0xD4, 0x7B, 0x7D, 0x62, 0xCB, 0x74,
    0x2D, 0x44, 0xD0, 0x6F, 0xFA, 0x2C, 0x36, 0xB4, 0xCC, 0x74, 0x9F, 0x41, 0xBF, 0x68, 0x9C, 0x7B,
    0x4F, 0x65, 0x83, 0xC5, 0x90, 0xB7, 0xC8, 0x3E, 0x58, 0xB2, 0x8B, 0x80, 0xC0, 0x2C, 0x06, 0xFD,
    0xB8, 0x3B, 0xB7, 0x36, 0x79, 0x04, 0x8F, 0xA4, 0x01, 0x80, 0x0C, 0x20, 0x99, 0x24, 0xBA, 0x31,
    0x68, 0x49, 0x77, 0x9F, 0xCA, 0x5B, 0x04, 0x4F, 0x6C, 0xC9, 0x22, 0x80, 0x57, 0x59, 0x4D, 0xF2,
    0xBA, 0xD9, 0xA9, 0x24, 0x07, 0x67, 0xA7, 0xEF, 0xBD, 0x95, 0x3A, 0x73, 0x7B, 0x46, 0xB7, 0x9E,
    0xDD, 0x39, 0xDF, 0xF7, 0xFB, 0xCE, 0xD7, 0xF5, 0x9D, 0xAA, 0xFF, 0xD7, 0xB7, 0xAA, 0xEE, 0xD6,
    0x93, 0xC9, 0x64, 0xE7, 0xC5, 0xF3, 0x2E, 0x1B, 0xE3, 0xFA, 0xC0, 0xFF, 0x4F, 0xB2, 0xE0, 0x82,
    0x7B, 0xEC, 0x80, 0xED, 0xBB, 0x70, 0x6F, 0x07, 0x3E, 0xDD, 0xE6, 0xAD, 0xE7, 0xFF, 0xA4, 0xAB,
    0x18, 0x0D, 0xEE, 0x31, 0x99, 0x75, 0xE4, 0xD6, 0x72, 0xE7, 0xEC, 0x37, 0xB4, 0x71, 0x81, 0x10,
    0x86, 0x42, 0x68, 0xDE, 0x2A, 0x80, 0x1F, 0xC1, 0x5D, 0xD8, 0x20, 0x8B, 0x46, 0xC6, 0xA0, 0x36,
    0xC2, 0xED, 0x8D, 0x4F, 0xD7, 0x37, 0x50, 0x7F, 0x8A, 0xE8, 0x61, 0x6A, 0xF8, 0x7D, 0xBF, 0xB1,
    0x1D, 0xEA, 0x7B, 0x07, 0xA3, 0x7B, 0xA1, 0x8A, 0xAE, 0x58, 0x24, 0x89, 0xA4, 0x70, 0xE9, 0xD2,
    0xF3, 0x0E, 0xE3, 0x19, 0x81, 0x87, 0x77, 0x33, 0xC7, 0xC1, 0x6D, 0x61, 0x52, 0x28, 0x48, 0xE1,
    0x16, 0x69, 0xEC, 0xEE, 0x54, 0x8F, 0xFB, 0x7B, 0x17, 0x4E, 0xF9, 0xAF, 0x6D, 0x20, 0xFB, 0xC2,
    0x04, 0xC4, 0x1F, 0x9A, 0x03, 0xA4, 0x48, 0xD9, 0x6D, 0x61, 0x3D, 0x3B, 0xD9, 0x85, 0xE5, 0x80,
    0x16, 0x1E, 0xC3, 0x20, 0x48, 0x7E, 0xE1, 0x18, 0x2A, 0x85, 0x76, 0x14, 0xEF, 0x59, 0x8A, 0xBF,
    0x84, 0xC2, 0xFE, 0xF6, 0x07, 0x95, 0x9F, 0xFA, 0xDD, 0x5E, 0xF1, 0x74, 0x2C, 0x09, 0xEA, 0x17,
    0x74, 0x62, 0xC1, 0x84, 0x56, 0x57, 0xE7, 0x71, 0xBE, 0x12, 0x3F, 0x3F, 0x3A, 0x08, 0xE9, 0x79,
    0x0C, 0x1B, 0x3C, 0xCD, 0x9C, 0xB0, 0x92, 0x55, 0x36, 0xA9, 0x5F, 0xD9, 0x26, 0x25, 0x8A, 0xC2,
    0xE6, 0x9E, 0x9E, 0x8D, 0x6D, 0x46, 0x28, 0x2D, 0x86, 0xBF, 0x02, 0x1D, 0x87, 0xEC, 0x0E, 0xC6,
    0x43, 0x0E, 0x08, 0x79, 0x9A, 0xAD, 0xD8, 0x64, 0x1B, 0xDC, 0x8F, 0xDD, 0xF8, 0xE7, 0xC5, 0x6C,
    0xFC, 0xF3, 0x1F, 0x5B, 0x5C, 0xE6, 0x78, 0xE5, 0x31, 0xDA, 0x3F, 0x3B, 0x33, 0xAF, 0xFE, 0xC4,
    0xF0, 0x16, 0xCA, 0x28, 0xAD, 0xB8, 0x4D, 0xCD, 0xDB, 0x34, 0xB3, 0xDF, 0xFB, 0xDB, 0x8D, 0xE3,
    0xC9, 0x50, 0x13, 0x96, 0x42, 0xA3, 0x60, 0x15, 0xEE, 0xC2, 0x0E, 0x3C, 0x85, 0xF0, 0xB2, 0x62,
    0x90, 0x2F, 0x2B, 0x35, 0xD0, 0x3A, 0xC4, 0xF3, 0x1E, 0x65, 0x3E, 0xA3, 0x64, 0x2B, 0x59, 0x39,
    0x34, 0x4A, 0x7D, 0xC9, 0x88, 0x81, 0x92, 0x6A, 0xC8, 0xF4, 0x84, 0xE2, 0x22, 0x90, 0xB5, 0x06,
    0x0E, 0xA8, 0x02, 0x4D, 0x80, 0xEF, 0xF6, 0xB5, 0x48, 0x13, 0x75, 0xBE, 0xA0, 0x7C, 0x66, 0x6B,
    0xE1, 0x77, 0xF3, 0xB0, 0x9D, 0x7B, 0x84, 0x43, 0x1A, 0x4A, 0x98, 0x90, 0x85, 0x21, 0xDD, 0x82,
    0x69, 0xEC, 0x9A, 0x18, 0x5E, 0x7E, 0xE9, 0xDE, 0x15, 0x43, 0xAB, 0x94, 0xC3, 0xDC, 0xFC, 0x23,
    0x4B, 0xEE, 0xC9, 0x02, 0xC2, 0x53, 0xDA, 0x3B, 0x91, 0xEA, 0x94, 0x21, 0x57, 0x9E, 0xCA, 0xF3,
    0xC8, 0xF3, 0xBF, 0x3E, 0xFF, 0x77, 0x5F, 0xFC, 0xB9, 0x57, 0xB9, 0xAF, 0x73, 0xDF, 0xC4, 0x98,
    0x9C, 0xDC, 0x2F, 0xBD, 0x88, 0x41, 0x26, 0xD7, 0x48, 0x50, 0x1A, 0x35, 0xE7, 0x87, 0xAD, 0xA1,
    0x70, 0xCB, 0x2A, 0xC2, 0xF1, 0x6A, 0xCD, 0xB5, 0x40, 0xBB, 0x37, 0x2C, 0x6C, 0x28, 0xA1, 0x59,
    0x30, 0xDE, 0x77, 0x93, 0x3C, 0x4C, 0xE8, 0x92, 0x8F, 0xE8, 0x9A, 0x2C, 0xA8, 0x73, 0x97, 0x2F,
    0x68, 0xA3, 0x8F, 0x31, 0x04, 0xE1, 0xBC, 0x34, 0x5A, 0xC1, 0x08, 0x76, 0x21, 0x90, 0x79, 0x84,
    0xA5, 0xB0, 0x48, 0xC3, 0x52, 0x31, 0x8B, 0x5A, 0x9D, 0xFB, 0xF5, 0x2C, 0x6C, 0x12, 0xB6, 0x32,
    0xAF, 0xFE, 0xC3, 0x8A, 0x05, 0xC5, 0x33, 0xB3, 0x25, 0x42, 0x7D, 0xB9, 0x6C, 0xA8, 0xCE, 0xDD,
    0xCA, 0x82, 0xE4, 0xE5, 0xFE, 0x8B, 0x5F, 0x29, 0x0B, 0x87, 0x0C, 0xA2, 0x63, 0x42, 0x79, 0x16,
    0x56, 0xE2, 0xF2, 0x17, 0xB3, 0x4C, 0x59, 0xEB, 0x69, 0x0C, 0xC3, 0x26, 0x03, 0xC3, 0xFB, 0x2D,
    0x4A, 0xA3, 0x34, 0xAF, 0x9E, 0xEB, 0x27, 0x82, 0x5C, 0x53, 0x99, 0xAC, 0xA7, 0x74, 0x1C, 0x33,
    0x78, 0x4A, 0xB2, 0x39, 0x69, 0x30, 0x95, 0x86, 0xF3, 0xF4, 0xC4, 0x00, 0xC0, 0x32, 0xFF, 0x04,
    0x4E, 0x40, 0x2D, 0xBF, 0x29, 0xCD, 0xE0, 0x73, 0xA4, 0xE3, 0x11, 0xA4, 0x52, 0x65, 0xA6, 0xE1,
    0x77, 0x8F, 0xB8, 0xCD, 0x2A, 0xE5, 0xCA, 0xA2, 0xEC, 0x4B, 0x73, 0x8B, 0x5B, 0x80, 0x64, 0xD0,
    0x64, 0x25, 0xEE, 0xC1, 0xC9, 0x87, 0xC7, 0x08, 0x4F, 0x6A, 0x41, 0x23, 0xEC, 0x66, 0x3E, 0xCF,
    0x7C, 0xAD, 0x3E, 0x26, 0x3C, 0xBC, 0x25, 0x09, 0x81, 0x21, 0xE4, 0x31, 0x05, 0xF5, 0x11, 0x3E,
    0x6C, 0x4A, 0x61, 0x43, 0xF9, 0xE0, 0x99, 0x7E, 0x2A, 0xBF, 0xFE, 0x96, 0x1A, 0x60, 0x0B, 0x40,
    0x1A, 0x7E, 0x40, 0xBE, 0xF8, 0xE9, 0x11, 0xAC, 0x0D, 0x8B, 0xE6, 0x16, 0xA4, 0x03, 0x15, 0x60,
    0x3D, 0x51, 0x1F, 0xC2, 0xCE, 0x04, 0x0E, 0x6A, 0x08, 0x5B, 0x64, 0xCF, 0xF7, 0x11, 0x31, 0x6A,
    0x61, 0xA4, 0x91, 0x5A, 0x58, 0x85, 0x70, 0x95, 0x2E, 0xBA, 0xE8, 0xAA, 0xF9, 0x9D, 0xE8, 0xA8,
    0xCE, 0x7B, 0x84, 0x9D, 0x24, 0x46, 0x89, 0x7A, 0xC9, 0x59, 0x87, 0x88, 0xC3, 0xF8, 0x34, 0xA1,
    0x06, 0xF4, 0xF2, 0x5D, 0x21, 0xCF, 0xE6, 0x34, 0xD1, 0x43, 0x39, 0x27, 0x5B, 0xB4, 0x08, 0xA7,
    0x50, 0x5A, 0x52, 0xF2, 0x43, 0xB6, 0x80, 0xD1, 0x15, 0xC6, 0x40, 0x05, 0x94, 0x1A, 0x94, 0x87,
    0xA1, 0x0F, 0x1E, 0x7C, 0xCB, 0x9D, 0x78, 0x9A, 0x74, 0x23, 0xC2, 0x96, 0x56, 0x58, 0x11, 0x84,
    0xA5, 0x4B, 0xF4, 0x89, 0xC3, 0x2B, 0x74, 0x89, 0x54, 0xCB, 0xBD, 0xB0, 0xD2, 0xCA, 0xB3, 0x13,
    0x9A, 0x34, 0x0F, 0x48, 0xEF, 0xC8, 0xDA, 0xD9, 0x3E, 0x69, 0x3C, 0xB1, 0x92, 0x60, 0xC9, 0xD9,
    0xE1, 0x65, 0xDF, 0x5C, 0x41, 0x68, 0x61, 0x0B, 0x2D, 0xD3, 0xF7, 0x69, 0x5E, 0x62, 0xB6, 0x76,
    0x76, 0x2C, 0xEC, 0x6D, 0x61, 0x7F, 0x2B, 0xD5, 0x2F, 0x3D, 0x76, 0xE2, 0xEC, 0x71, 0x4A, 0x5E,
    0xB9, 0x3C, 0xA5, 0x99, 0xC3, 0x5A, 0xD4, 0x2C, 0xF6, 0xAD, 0xF0, 0xB9, 0x55, 0x3A, 0xB3, 0x25,
    0xE8, 0xEB, 0xFF, 0x64, 0x1B, 0xC6, 0xAC, 0xF9, 0x8A, 0xDC, 0x97, 0x26, 0xF7, 0xCA, 0xE7, 0x3E,
    0x8F, 0xD1, 0xF3, 0x60, 0xA1, 0x9B, 0x59, 0x11, 0xCD, 0x9A, 0xCB, 0xE6, 0x08, 0xCB, 0xEE, 0x8D,
    0x70, 0xF6, 0xA4, 0x47, 0xC4, 0xD8, 0xBF, 0xBE, 0x3A, 0x04, 0x79, 0xCA, 0x82, 0x17, 0xAB, 0x34,
    0xB3, 0x35, 0x27, 0xEC, 0xEB, 0x4C, 0x9E, 0x36, 0x33, 0x15, 0x59, 0xE9, 0x20, 0xBC, 0xD9, 0xB3,
    0xC1, 0x5F, 0x5E, 0x17, 0xCD, 0x67, 0xA4, 0xE5, 0x9B, 0x7E, 0xCD, 0x49, 0xBF, 0xDC, 0xE1, 0x09,
    0xE2, 0x5F, 0x52, 0xFD, 0x5F, 0x2D, 0xE2, 0x1B, 0x10, 0xF3, 0xC4, 0xAF, 0x35, 0xE2, 0x57, 0x0E,
    0xF1, 0xCB, 0x0E, 0x61, 0x4F, 0x12, 0x55, 0xD2, 0x2C, 0xBA, 0x66, 0x96, 0xF5, 0xCD, 0x0C, 0xD6,
    0x1C, 0x08, 0xFB, 0x26, 0xB2, 0x1B, 0xBB, 0x50, 0x75, 0x34, 0xAE, 0xE8, 0x69, 0xB5, 0x98, 0xB1,
    0x40, 0x1C, 0xF1, 0x6B, 0xC4, 0x3F, 0xE6, 0x5F, 0x22, 0xFE, 0x48, 0xFC, 0x35, 0xC5, 0x4F, 0xC4,
    0x4F, 0x28, 0xEE, 0xBF, 0xAF, 0x28, 0xC4, 0x5F, 0x49, 0x2D, 0xC5, 0xBF, 0xA5, 0x90, 0xCF, 0x52,
    0xA0, 0x2F, 0x8C, 0x22, 0x14, 0xA6, 0xDC, 0xFB, 0x44, 0xBA, 0x18, 0x68, 0xBA, 0xC6, 0x8A, 0x68,
    0x64, 0xC8, 0x8E, 0x11, 0x3D, 0x3B, 0x69, 0xA9, 0x21, 0xFC, 0xCD, 0x10, 0x7E, 0x61, 0x52, 0xF8,
    0x0B, 0x97, 0xC2, 0xE7, 0x21, 0x05, 0x73, 0x38, 0x84, 0xD1, 0x10, 0xCA, 0x21, 0xC8, 0xC3, 0x14,
    0x44, 0x8F, 0x74, 0x59, 0x4F, 0xD3, 0x73, 0x08, 0xE5, 0xB7, 0xC3, 0x99, 0xB6, 0x85, 0x2B, 0x82,
    0x32, 0xF4, 0x25, 0x1C, 0x6D, 0xC1, 0x64, 0x04, 0xA3, 0x4B, 0xEA, 0x31, 0x4C, 0x2A, 0x38, 0x4C,
    0xF5, 0x4E, 0x3A, 0xE1, 0xF3, 0x45, 0x6B, 0x78, 0xD0, 0x73, 0x27, 0xFA, 0xEA, 0x7C, 0x26, 0xEC,
    0x58, 0xD8, 0xF2, 0xA5, 0x8F, 0x84, 0x3D, 0x12, 0x31, 0x88, 0xDF, 0x5C, 0x3F, 0x57, 0x33, 0x06,
    0x21, 0x06, 0x25, 0x06, 0x29, 0x06, 0x2D, 0x06, 0x31, 0x06, 0x35, 0x06, 0xA9, 0x57, 0xA1, 0x66,
    0x50, 0x64, 0x90, 0xA4, 0xD4, 0x74, 0x0C, 0xA2, 0x0C, 0xAA, 0x30, 0xED, 0x01, 0xE1, 0x01, 0x4E,
    0x34, 0xA0, 0xA2, 0x86, 0xEC, 0x84, 0xE5, 0xBD, 0x9E, 0x91, 0xBA, 0x49, 0x54, 0x89, 0x32, 0xB1,
    0xB5, 0xBC, 0xE7, 0xCF, 0x02, 0x22, 0x9A, 0xE5, 0x2E, 0xFF, 0x32, 0xE5, 0x76, 0x96, 0x68, 0x90,
    0xA7, 0xCA, 0x35, 0xB3, 0x3C, 0x64, 0xED, 0x9E, 0x3C, 0x0F, 0x8A, 0xB0, 0xCE, 0x41, 0xC9, 0x07,
    0xCA, 0x52, 0xF4, 0x64, 0xD1, 0x50, 0x26, 0xD5, 0x6E, 0x87, 0xAE, 0xA6, 0x1B, 0x65, 0xA1, 0x79,
    0xE6, 0xE4, 0x62, 0xD8, 0x4A, 0x3F, 0xDE, 0xFF, 0x7B, 0xB7, 0xAD, 0xB2, 0x04, 0x16, 0x05, 0x6F,
    0xA4, 0xDA, 0x23, 0x8B, 0x1D, 0x6D, 0x27, 0x63, 0xE5, 0x56, 0x3A, 0x69, 0x08, 0x6F, 0xA2, 0xB0,
    0x99, 0x17, 0x5E, 0xD8, 0x6C, 0xB1, 0xAF, 0xA9, 0x7A, 0xDA, 0xBE, 0x9C, 0x95, 0x7B, 0x85, 0x97,
    0x46, 0xD8, 0x62, 0xB8, 0x08, 0x4E, 0xEA, 0xDC, 0x2B, 0xB2, 0xB0, 0x0A, 0x61, 0x13, 0x0E, 0x6B,
    0xA8, 0x77, 0x12, 0x4F, 0x61, 0x33, 0x80, 0xF2, 0x09, 0x0B, 0x85, 0x65, 0x3A, 0x13, 0xE9, 0x42,
    0x95, 0xAE, 0xB0, 0x6B, 0x09, 0xF9, 0xE2, 0x62, 0x29, 0x5F, 0x18, 0xE1, 0x56, 0x83, 0x24, 0xF7,
    0x3F, 0x0A, 0xC3, 0x3A, 0xF5, 0xD3, 0x75, 0x08, 0x3B, 0xBB, 0x9B, 0xF0, 0xF4, 0x61, 0x5D, 0xC3,
    0xE4, 0x60, 0x73, 0x58, 0xCF, 0xAF, 0x3F, 0x84, 0x4D, 0xA7, 0x0E, 0xA0, 0xB4, 0x2A, 0x80, 0xB2,
    0x85, 0x4B, 0xD1, 0x08, 0x4B, 0x33, 0xAB, 0x96, 0x97, 0xC9, 0x2B, 0x9D, 0x75, 0xEB, 0x70, 0x54,
    0xC3, 0x38, 0x80, 0x72, 0x4B, 0xF5, 0x2A, 0xC0, 0x6E, 0x0F, 0xE1, 0x33, 0x72, 0x57, 0x51, 0x18,
    0x65, 0x2A, 0x23, 0x4F, 0x63, 0x68, 0x66, 0xB1, 0x6B, 0x42, 0xCA, 0xAD, 0xB4, 0x0A, 0xE1, 0xD6,
    0x87, 0x0E, 0xA0, 0x7B, 0x08, 0x75, 0x80, 0xEA, 0x85, 0x42, 0x42, 0x5F, 0xA7, 0xDC, 0x83, 0xD8,
    0x53, 0xC5, 0x79, 0xF5, 0xE4, 0xB8, 0xA6, 0xDF, 0x58, 0xDE, 0x6E, 0x65, 0x28, 0x61, 0x04, 0x3D,
    0xF9, 0xE5, 0x80, 0xAC, 0x58, 0x6D, 0x9E, 0x1C, 0x37, 0x71, 0x06, 0x4C, 0xF5, 0xCF, 0x78, 0xF8,
    0xBD, 0xF6, 0x33, 0xA6, 0xBA, 0x86, 0xBB, 0xB0, 0x0A, 0x12, 0x0A, 0x83, 0xB0, 0x64, 0x0E, 0x02,
    0x3C, 0x85, 0x9D, 0x97, 0x35, 0x05, 0x85, 0x5E, 0xD6, 0xE2, 0xC7, 0xEA, 0xFA, 0xF3, 0x71, 0xE4,
    0x10, 0x66, 0x64, 0xDF, 0x20, 0xBE, 0xA4, 0x78, 0x5F, 0x4B, 0x61, 0x57, 0x73, 0xBB, 0x89, 0xAF,
    0x09, 0x31, 0xF6, 0x1F, 0x7E, 0xF8, 0xC1, 0xBB, 0xD4, 0x54, 0x48, 0x93, 0xD9, 0xA2, 0xA7, 0x69,
    0x39, 0x54, 0xBC, 0xA3, 0x34, 0x4A, 0xAF, 0x44, 0x3D, 0xDD, 0xD7, 0x9D, 0x1A, 0xFC, 0x24, 0x9E,
    0x56, 0x5F, 0xF9, 0x35, 0x0B, 0x4D, 0x42, 0x5C, 0xE5, 0x57, 0x1D, 0x62, 0xB1, 0x40, 0xF8, 0x12,
    0x61, 0x87, 0x3D, 0x90, 0x57, 0x50, 0xCB, 0xB3, 0x7F, 0x31, 0x23, 0x8F, 0x1E, 0x5A, 0x5D, 0x44,
    0xA7, 0x72, 0xBF, 0x89, 0xAB, 0x61, 0xE9, 0x23, 0xA8, 0x34, 0xEA, 0x79, 0xC8, 0xA3, 0x21, 0x3B,
    0x84, 0xA2, 0x07, 0x76, 0x79, 0x45, 0xDB, 0x53, 0x5C, 0xF4, 0x94, 0x7A, 0x97, 0x4D, 0x76, 0xA9,
    0xAF, 0x30, 0x4A, 0x54, 0xF4, 0xA8, 0xB8, 0xD0, 0xF9, 0xBC, 0x31, 0x59, 0xD4, 0xF2, 0x99, 0x5B,
    0xCF, 0x43, 0x4D, 0x18, 0x3F, 0x09, 0x4D, 0x0C, 0x4B, 0x8D, 0x0A, 0xD4, 0x85, 0x1F, 0x04, 0x2A,
    0x97, 0x3D, 0x0F, 0xC2, 0x7E, 0x52, 0x58, 0x0A, 0xC3, 0x34, 0xEA, 0x07, 0x67, 0x43, 0x72, 0xD3,
    0xCB, 0x53, 0xA6, 0x33, 0xB2, 0x45, 0x2B, 0xCF, 0xCF, 0x87, 0x9B, 0xC8, 0xE0, 0xEA, 0xBD, 0x20,
    0xA3, 0x5D, 0xFD, 0x63, 0xD6, 0xA1, 0x3C, 0x7B, 0xAC, 0xE2, 0xAC, 0x66, 0x33, 0xB5, 0x35, 0x61,
    0xD2, 0x3C, 0x0B, 0x72, 0xA1, 0x2B, 0x0D, 0x6D, 0x42, 0x5E, 0xE5, 0x7E, 0x40, 0x2E, 0x66, 0x48,
    0x3B, 0x42, 0xEA, 0xAD, 0xC4, 0xFA, 0x0D, 0x4A, 0xD7, 0x98, 0x69, 0x88, 0x4E, 0x1A, 0x65, 0x87,
    0x39, 0x50, 0x99, 0xA9, 0x29, 0xAE, 0x59, 0xE9, 0xA7, 0x1D, 0x21, 0xEB, 0x09, 0x00, 0x79, 0x27,
    0x3B, 0x6E, 0x5A, 0x20, 0xE4, 0xBE, 0xB4, 0x63, 0x5E, 0xDB, 0xC9, 0xFB, 0x11, 0xF9, 0x07, 0x5D,
    0x7A, 0x5B, 0xE4, 0x9F, 0x80, 0x9C, 0x25, 0x4E, 0x12, 0x1F, 0xEB, 0xD4, 0xA5, 0x43, 0xBE, 0xD7,
    0x51, 0xBA, 0x13, 0xA6, 0xA1, 0xD4, 0x95, 0x6E, 0xB5, 0xFC, 0x0E, 0x2B, 0x7D, 0xDB, 0x95, 0xF7,
    0x43, 0x65, 0x99, 0x9E, 0xCC, 0x2F, 0x02, 0x85, 0x6B, 0x74, 0x4F, 0x61, 0xB6, 0xD8, 0x4D, 0x71,
    0xFD, 0x7B, 0x62, 0xE9, 0x2B, 0x73, 0x42, 0x13, 0xE2, 0x17, 0x51, 0x97, 0xF7, 0xBB, 0x61, 0x3E,
    0x85, 0xDB, 0x4A, 0xD5, 0x32, 0xA1, 0x6E, 0x30, 0x7C, 0xDF, 0x84, 0xD6, 0xD3, 0x9A, 0xE2, 0xA2,
    0x2B, 0x39, 0x1A, 0x31, 0xAA, 0xD9, 0x5A, 0xFA, 0x98, 0xBA, 0xD2, 0x47, 0xEA, 0x22, 0xE4, 0x51,
    0x57, 0xA5, 0xA7, 0x6D, 0x67, 0x28, 0x3B, 0x46, 0xE9, 0x2A, 0x51, 0x26, 0xD4, 0xE5, 0x7B, 0x2B,
    0x31, 0x41, 0x5D, 0x74, 0xA8, 0x68, 0xAE, 0x5F, 0x5F, 0x0F, 0x6D, 0x47, 0x0A, 0xA7, 0xBC, 0xF9,
    0x94, 0xF5, 0xE4, 0xF3, 0x5D, 0xE0, 0x0A, 0xD9, 0x02, 0x64, 0xD2, 0xBF, 0x6F, 0xA7, 0x53, 0x57,
    0x04, 0x5D, 0xD8, 0x1B, 0x27, 0xE9, 0xBF, 0x99, 0xCE, 0x90, 0xDF, 0x32, 0x7A, 0xC4, 0xC3, 0x55,
    0x76, 0x7F, 0x40, 0x63, 0x90, 0x3D, 0x3C, 0xE2, 0xB1, 0xE2, 0x40, 0x71, 0xFC, 0x19, 0x55, 0x52,
    0x07, 0xC5, 0xE0, 0xD3, 0xC8, 0xFE, 0xDF, 0xA1, 0xB8, 0xE1, 0x1A, 0x79, 0x4E, 0x3E, 0xA7, 0xD2,
    0xC7, 0xB4, 0xD9, 0x1C, 0xC5, 0xE8, 0xF5, 0x98, 0x63, 0x8A, 0x8B, 0x85, 0xC9, 0x16, 0xA5, 0x6B,
    0x7D, 0x34, 0x8D, 0x7E, 0x84, 0xA2, 0x46, 0xEA, 0x5D, 0x0A, 0x7B, 0x80, 0xB0, 0x9E, 0xEC, 0x6B,
    0x0B, 0xFF, 0x97, 0xF8, 0x67, 0x0D, 0x0D, 0x30, 0x82, 0xD6, 0x6F, 0x97, 0x5D, 0xA5, 0x77, 0x0B,
    0xAF, 0x98, 0x09, 0xAB, 0xF4, 0x4C, 0x98, 0xE2, 0xF3, 0x6F, 0x24, 0xE2, 0x8B, 0x2F, 0x15, 0xF9,
    0x57, 0xF7, 0x6F, 0x91, 0xFD, 0x57, 0xF1, 0x0F, 0xB0, 0x10, 0x3D, 0x1C, 0xE7, 0x1D, 0x4C, 0xB2,
    0xC0, 0xF4, 0x3F, 0x23, 0xD5, 0x20, 0x69, 0xC3, 0x72, 0xD9, 0x16, 0x18, 0x03, 0xAD, 0x26, 0xFB,
    0xCA, 0x51, 0x98, 0x40, 0xA5, 0x17, 0xB4, 0x5F, 0x45, 0xBE, 0xBB, 0x1D, 0x77, 0xBD, 0x9D, 0x31,
    0x50, 0x03, 0x87, 0x50, 0x04, 0x88, 0x0E, 0x1E, 0x01, 0x55, 0x74, 0xE3, 0x8F, 0xDC, 0xB6, 0x34,
    0x6F, 0x57, 0x30, 0x81, 0x0E, 0xE1, 0x90, 0xE6, 0x9D, 0x92, 0x83, 0xF1, 0x4F, 0x7D, 0x13, 0x1D,
    0x90, 0x07, 0xB5, 0xB7, 0xCE, 0x3A, 0xAB, 0x28, 0x06, 0xAB, 0x98, 0x50, 0x5E, 0xE6, 0xAB, 0x0C,
    0x15, 0xB5, 0x97, 0x77, 0xFE, 0xE6, 0xF3, 0x88, 0x35, 0x9B, 0xBB, 0xC1, 0x84, 0x7D, 0x61, 0x9E,
    0x2E, 0xF7, 0xCB, 0x7C, 0x39, 0xFE, 0x3B, 0x76, 0xCC, 0x8A, 0x7E, 0xBB, 0x0A, 0x9F, 0xEE, 0x3C,
    0x0A, 0xF7, 0xA4, 0xFD, 0x7F, 0xAD, 0x97, 0x01, 0x84, 0x65, 0xD7, 0xFD, 0xC7, 0x3F, 0xF7, 0x9E,
    0xFF, 0x7F, 0x6E, 0x67, 0xCE, 0xEE, 0x9C, 0xA0, 0x58, 0xDD, 0x99, 0xB9, 0xAB, 0x16, 0xAF, 0xD9,
    0xB7, 0xEF, 0x3E, 0x8C, 0xE6, 0x95, 0xFB, 0xDE, 0xBD, 0x6D, 0x51, 0x55, 0x01, 0x8A, 0x50, 0xDA,
    0x00, 0xA8, 0x4A, 0x1E, 0x46, 0x3B, 0xE1, 0xCD, 0xBE, 0xB3, 0x59, 0x0A, 0x85, 0x81, 0x16, 0xA4,
    0x32, 0xDA, 0xD2, 0x48, 0xB0, 0x0F, 0x53, 0x1E, 0x79, 0x3B, 0xEF, 0x24, 0x41, 0xA0, 0x38, 0x44,
    0x01, 0xB8, 0x4D, 0x16, 0x4C, 0x34, 0x39, 0xD2, 0xAB, 0x7B, 0x93, 0x79, 0x33, 0xB7, 0xE7, 0x9A,
    0xB1, 0x76, 0x25, 0xB1, 0xD3, 0x4C, 0xEE, 0xFD, 0x7D, 0x7F, 0xEF, 0x9C, 0xDF, 0xF9, 0xFE, 0x3E,
    0xE7, 0x70, 0xE6, 0x19, 0x6F, 0x7B, 0xB1, 0xC5, 0xF5, 0x5E, 0x2F, 0x3D, 0x7D, 0x46, 0x5B, 0xB4,
    0x38, 0x8B, 0x1E, 0x61, 0xAD, 0xD5, 0x9B, 0xEE, 0xE6, 0xA6, 0xEB, 0x6D, 0xE6, 0xDB, 0x5D, 0xF6,
    0xBB, 0x4C, 0xBB, 0x8C, 0xBA, 0x0C, 0xBA, 0x4F, 0xC5, 0xB5, 0x5B, 0xAA, 0x35, 0x5D, 0x18, 0x3E,
    0x12, 0x71, 0xC1, 0xC1, 0x02, 0x97, 0x86, 0xB6, 0x2D, 0x0C, 0x3E, 0x6E, 0x1C, 0x9A, 0x71, 0x6D,
    0x22, 0x8D, 0xCC, 0x51, 0xB0, 0x0A, 0x75, 0x5D, 0x8D, 0xEB, 0xF2, 0x3A, 0x4B, 0xAC, 0x8F, 0xFF,
    0x48, 0x74, 0x54, 0x22, 0xF4, 0x3E, 0x11, 0x3D, 0xAF, 0x4D, 0x22, 0x3D, 0xA1, 0xA9, 0xAD, 0xCF,
    0x7F, 0x4E, 0xE3, 0x19, 0xBB, 0xD8, 0xC5, 0x3A, 0x32, 0xD2, 0x44, 0xB9, 0xB0, 0xAB, 0xE0, 0xD6,
    0x60, 0xBF, 0x87, 0x58, 0x8C, 0xA1, 0x53, 0x80, 0x32, 0x84, 0xF5, 0x09, 0x48, 0x7D, 0xAA, 0xD8,
    0x42, 0x5D, 0x51, 0x9C, 0x3E, 0x39, 0x90, 0x9F, 0x8D, 0x39, 0x20, 0xFA, 0xD8, 0x28, 0x61, 0x3A,
    0x01, 0x59, 0xCE, 0x33, 0x05, 0x9B, 0xC7, 0xF4, 0xE2, 0x7C, 0x43, 0x78, 0x7A, 0x11, 0x56, 0x7B,
    0x0C, 0xF6, 0x90, 0xC5, 0x15, 0x61, 0xFB, 0x42, 0x27, 0x77, 0x91, 0x15, 0xAD, 0x2B, 0xB3, 0xC1,
    0xF6, 0x4D, 0x92, 0x4F, 0x09, 0xEE, 0x5F, 0x35, 0x32, 0x67, 0xB2, 0x1E, 0x95, 0xBD, 0x5E, 0x67,
    0xFB, 0x52, 0x77, 0xF3, 0x9B, 0xAB, 0xC3, 0x21, 0x2B, 0xC3, 0x09, 0xD2, 0x6B, 0xA5, 0xBB, 0xC5,
    0x6A, 0x6F, 0xF0, 0xDC, 0xA5, 0x35, 0x59, 0xF6, 0x1A, 0x5F, 0xE3, 0x6F, 0xFA, 0x62, 0xF3, 0x52,
    0xD1, 0x75, 0xB1, 0x7B, 0xC9, 0xFD, 0xAD, 0x1C, 0x6C, 0xC3, 0xD3, 0x7F, 0x99, 0x97, 0xD8, 0x96,
    0x30, 0x2E, 0xF6, 0xFB, 0x28, 0xED, 0xC3, 0x0F, 0xFC, 0xD4, 0x17, 0xEB, 0xDA, 0xFC, 0xF2, 0x0D,
    0x43, 0xD8, 0x04, 0x81, 0xCE, 0x16, 0x4F, 0xBF, 0x16, 0xCC, 0x73, 0x99, 0x4F, 0xDA, 0xC7, 0xAD,
    0xEE, 0x9F, 0x2F, 0x0D, 0xFF, 0xBA, 0xFC, 0xFC, 0xBD, 0x95, 0xE1, 0xEB, 0xCB, 0xDD, 0x4F, 0xFE,
    0xDE, 0xA6, 0xE5, 0xEB, 0x41, 0x9D, 0x3F, 0xFD, 0xDA, 0x78, 0x11, 0xDB, 0xEF, 0xED, 0x4F, 0xD2,
    0xA2, 0x3D, 0x49, 0x5F, 0xDA, 0x8F, 0x6D, 0x60, 0x79, 0x18, 0x0D, 0xF1, 0x50, 0x3F, 0x9C, 0xA2,
    0x01, 0x9A, 0xE2, 0xEB, 0x5A, 0x16, 0x83, 0xE9, 0x30, 0x7D, 0xAA, 0x87, 0x13, 0x46, 0x71, 0xEB,
    0xA7, 0x1E, 0x53, 0xEC, 0xEC, 0x5F, 0xDB, 0x5A, 0x2A, 0x94, 0xA3, 0xC7, 0xF6, 0x0D, 0x37, 0xD6,
    0xA0, 0xE8, 0xB0, 0xCD, 0x1E, 0x29, 0x13, 0x2F, 0xF7, 0x79, 0x05, 0x5E, 0xA1, 0x63, 0x20, 0x2A,
    0xB2, 0x8F, 0xC7, 0xE6, 0xD7, 0x55, 0x9C, 0x6F, 0x03, 0x8D, 0x46, 0x67, 0xDA, 0x02, 0xC2, 0xBA,
    0x52, 0x47, 0x36, 0x7B, 0xA0, 0xC7, 0x0F, 0xF4, 0xBC, 0x89, 0x66, 0xE0, 0xA7, 0xF1, 0x03, 0x1D,
    0x3D, 0xD0, 0x3C, 0xF3, 0x78, 0x7C, 0x37, 0x67, 0x13, 0xBA, 0xB4, 0xEE, 0x8D, 0x76, 0xE2, 0xF5,
    0xAD, 0xD0, 0x64, 0x46, 0x3C, 0x7C, 0x23, 0x9B, 0x55, 0xB2, 0xE8, 0xCF, 0x26, 0xED, 0xC9, 0xFA,
    0xA4, 0xDD, 0xDF, 0x8E, 0x0B, 0xF8, 0xD6, 0x6B, 0x59, 0xB9, 0xB7, 0x46, 0xAA, 0x88, 0x85, 0x95,
    0x6F, 0x39, 0x1F, 0x7E, 0xE0, 0xA7, 0xBE, 0x08, 0x2C, 0x43, 0x68, 0x58, 0x87, 0xCC, 0xD0, 0x03,
    0x61, 0x18, 0xD2, 0x64, 0xDB, 0x64, 0xBF, 0x82, 0xE7, 0xE6, 0x6D, 0x9F, 0x57, 0x98, 0x11, 0xD9,
    0xB5, 0x70, 0x41, 0x56, 0xF5, 0xA2, 0x5F, 0x01, 0xC3, 0xD5, 0x36, 0x60, 0xFB, 0x3B, 0x39, 0xFE,
    0x18, 0xB5, 0x26, 0xCA, 0x69, 0xC3, 0x2A, 0x4D, 0xBE, 0x04, 0x40, 0xF3, 0xD9, 0xF0, 0xDB, 0x34,
    0xFC, 0xAD, 0x86, 0x46, 0xD1, 0xE4, 0xE0, 0x94, 0xAC, 0x9B, 0x1C, 0x85, 0x0B, 0x9F, 0x2F, 0xAB,
    0xBB, 0x9E, 0xDF, 0x5A, 0x57, 0x9E, 0x3F, 0xFC, 0x3F, 0x05, 0x14, 0xDC, 0x04, 0x6F, 0xDC, 0x07,
    0x91, 0x0B, 0x03, 0x12, 0xF5, 0xFB, 0x9C, 0x75, 0x54, 0x9D, 0x73, 0x05, 0x00, 0x58, 0x86, 0xB8,
    0x60, 0x1D, 0x76, 0xF6, 0xE9, 0xC1, 0xB5, 0x2D, 0x86, 0xB0, 0x54, 0x60, 0x41, 0xB9, 0xD0, 0x00,
    0xBD, 0xE6, 0xFC, 0x6C, 0xAF, 0x30, 0xE2, 0x86, 0x5B, 0x0B, 0x16, 0x8C, 0x75, 0x4F, 0xBC, 0x42,
    0x73, 0xFE, 0x35, 0xC0, 0x0E, 0x5E, 0x68, 0xCE, 0x9F, 0xD4, 0x86, 0x28, 0x67, 0x0D, 0x56, 0x69,
    0xF2, 0x25, 0x80, 0xC0, 0x85, 0x2E, 0x28, 0x1A, 0x2B, 0xC3, 0xB0, 0x4C, 0xCA, 0xF1, 0xEE, 0x3E,
    0x8E, 0x09, 0xDB, 0x0C, 0x9E, 0x53, 0xC7, 0x61, 0xC5, 0x35, 0x60, 0x07, 0x48, 0x34, 0x84, 0x16,
    0x00, 0xCF, 0x02, 0x69, 0x41, 0x39, 0xD8, 0xF0, 0x4A, 0xA7, 0xD0, 0x1B, 0xC1, 0x24, 0x05, 0xD7,
    0x21, 0xF8, 0xEC, 0x2E, 0xA2, 0xAE, 0x73, 0xA1, 0xA5, 0x96, 0xB9, 0x30, 0x0A, 0x61, 0x93, 0x3C,
    0x2A, 0x6B, 0x9B, 0x1C, 0xD3, 0x00, 0x83, 0x0A, 0xA4, 0x83, 0x55, 0x2E, 0xCE, 0x0B, 0x73, 0x50,
    0x05, 0xF4, 0xA7, 0x30, 0x59, 0xBB, 0x38, 0xEF, 0x56, 0x0B, 0xEA, 0x05, 0xFC, 0xA9, 0x04, 0xB8,
    0x38, 0x6F, 0xAF, 0x05, 0xD5, 0x0C, 0xCA, 0xD1, 0xD7, 0xC3, 0x6B, 0xFA, 0xFA, 0x0E, 0x36, 0x87,
    0xD0, 0x9F, 0x80, 0x32, 0x17, 0x67, 0x52, 0xD7, 0x0B, 0xC8, 0x0E, 0x67, 0xF0, 0x1B, 0xB3, 0x06,
    0x1F, 0x98, 0x4B, 0x04, 0xEF, 0x18, 0x10, 0x77, 0x1A, 0xAA, 0x38, 0x74, 0x5C, 0x16, 0xB5, 0xA3,
    0xF3, 0x86, 0x81, 0x71, 0x6D, 0xC0, 0x09, 0x43, 0x60, 0x85, 0x59, 0x69, 0xBE, 0x93, 0xAB, 0xD2,
    0xCA, 0xC3, 0x83, 0xAC, 0xCC, 0xEA, 0x63, 0xE2, 0x63, 0x82, 0x93, 0xB9, 0x87, 0x2B, 0x54, 0x2E,
    0x89, 0xF9, 0x7F, 0x3A, 0x40, 0xFF, 0x11, 0x0D, 0x80, 0x04, 0x88, 0xCF, 0x6E, 0xAE, 0x39, 0x16,
    0x2F, 0x7E, 0x0A, 0x00, 0xCA, 0xC0, 0x92, 0x05, 0xCF, 0xF7, 0x00, 0x30, 0x10, 0x94, 0xC0, 0x01,
    0x10, 0xE5, 0x00, 0x64, 0x75, 0xCD, 0xD5, 0xC3, 0xBB, 0xDE, 0x22, 0xBD, 0x96, 0xBC, 0x38, 0xD5,
    0xE1, 0xD4, 0xB3, 0xAA, 0x66, 0xFC, 0x88, 0x9A, 0xEF, 0x55, 0x94, 0x4B, 0xEF, 0x6F, 0xFA, 0x60,
    0x17, 0x44, 0x01, 0xB1, 0x81, 0x1E, 0x17, 0xE7, 0x2D, 0x03, 0x99, 0x86, 0xFF, 0x14, 0x84, 0x76,
    0x78, 0x61, 0x5E, 0x60, 0xF7, 0x10, 0xFF, 0x2C, 0x3D, 0xCB, 0x01, 0x5C, 0x98, 0x77, 0x9D, 0x01,
    0xB1, 0x09, 0xF6, 0x20, 0x5B, 0x5C, 0xB5, 0xC2, 0x7C, 0xD1, 0x2B, 0xEF, 0x67, 0x0B, 0xAE, 0x30,
    0x13, 0xE5, 0x4A, 0xFE, 0x24, 0x5F, 0xA0, 0xA5, 0xEB, 0x8C, 0xB6, 0x2E, 0x3F, 0xC9, 0x77, 0xBD,
    0xE5, 0xFF, 0x75, 0xF6, 0xE1, 0x49, 0xBE, 0x1B, 0xF5, 0x7D, 0x92, 0x0F, 0x6B, 0x84, 0x89, 0x9B,
    0x9A, 0x13, 0x86, 0xD2, 0xAB, 0xBA, 0xFA, 0x0F, 0xA6, 0xE3, 0x3A, 0x9F, 0xFA, 0x71, 0xA3, 0xA6,
    0xE6, 0xD7, 0xC2, 0xC2, 0x77, 0x19, 0x79, 0x78, 0x42, 0x56, 0x17, 0x10, 0x3F, 0x0B, 0x64, 0x27,
    0xC0, 0xF5, 0x19, 0x8F, 0x3C, 0x99, 0x11, 0xB5, 0x96, 0x2E, 0xB8, 0x87, 0xA8, 0xE8, 0x21, 0x66,
    0x4D, 0x7A, 0xB5, 0x49, 0xBF, 0xD3, 0x3E, 0xDD, 0xB1, 0x3E, 0xDD, 0x76, 0x3E, 0xE9, 0x69, 0x93,
    0xFA, 0x4D, 0x8A, 0x9B, 0x24, 0xA7, 0x3E, 0xF9, 0x1E, 0x69, 0x83, 0x8A, 0xAC, 0x62, 0x0A, 0x2D,
    0x20, 0x03, 0x62, 0x0B, 0xC1, 0x04, 0x00, 0xE2, 0x4F, 0x9B, 0xBF, 0x71, 0x13, 0xD9, 0xC8, 0x29,
    0x4D, 0x15, 0xC3, 0xAC, 0x03, 0xA3, 0x3E, 0xF4, 0xCF, 0x94, 0x0E, 0x60, 0x94, 0xC0, 0xD4, 0xAF,
    0x97, 0xD2, 0x8A, 0x22, 0x3C, 0x99, 0x6B, 0x5E, 0xAC, 0x80, 0x2B, 0xC0, 0x0C, 0x44, 0x05, 0x2B,
    0xF9, 0xC5, 0x79, 0x81, 0x86, 0xA8, 0x84, 0x78, 0x07, 0x7A, 0x2B, 0x17, 0xE7, 0x25, 0xCF, 0x42,
    0x76, 0x0C, 0x9B, 0x33, 0x80, 0x8B, 0xF3, 0x5A, 0xEB, 0x30, 0xCA, 0x20, 0xBD, 0xF9, 0xB5, 0xF0,
    0xBA, 0x82, 0x54, 0xA1, 0x46, 0x08, 0xE7, 0xC3, 0x0F, 0xFC, 0xB4, 0x29, 0x7A, 0xE6, 0xB2, 0x67,
    0xFE, 0x2B, 0xB2, 0xA2, 0x54, 0x3A, 0xF4, 0x4C, 0xB9, 0xE8, 0xD0, 0xF6, 0xCC, 0x49, 0xBF, 0x1F,
    0x9A, 0x7E, 0x5F, 0x7A, 0x66, 0xEA, 0x99, 0xCE, 0x33, 0x0D, 0xA5, 0xF2, 0xCC, 0x81, 0x67, 0x5E,
    0xF3, 0x4C, 0xAE, 0x00, 0x09, 0xA0, 0x1E, 0xDE, 0x31, 0xF3, 0x52, 0xD6, 0x89, 0x5D, 0x2A, 0xA5,
    0xC6, 0x3D, 0x49, 0x91, 0x09, 0x0A, 0x51, 0x08, 0x13, 0x9C, 0xDC, 0xCD, 0x49, 0x2A, 0xE0, 0x12,
    0xB0, 0x03, 0x61, 0x05, 0x51, 0x7E, 0x71, 0xDE, 0xE3, 0x77, 0x7C, 0x71, 0x5E, 0x73, 0x27, 0x3B,
    0x19, 0xA4, 0x1B, 0x00, 0x17, 0xE7, 0xF1, 0x3C, 0x84, 0x0E, 0x94, 0x85, 0xEF, 0x00, 0x40, 0x5D,
    0x66, 0x2E, 0xD1, 0xD2, 0x48, 0xA3, 0x10, 0x76, 0x83, 0xC0, 0xA5, 0x50, 0x6E, 0x41, 0xEA, 0x20,
    0xB1, 0xA0, 0xB4, 0x57, 0xFE, 0xB8, 0xE2, 0x5D, 0xA8, 0x2B, 0xB2, 0x05, 0x5C, 0xB5, 0x20, 0x8C,
    0x57, 0x5D, 0x20, 0x0E, 0x17, 0x7E, 0x9C, 0x79, 0xC5, 0x5E, 0xEA, 0xEC, 0xB3, 0x8F, 0xF8, 0xB0,
    0xF2, 0xEB, 0xBB, 0x34, 0x3E, 0x69, 0xA1, 0xE9, 0x23, 0x29, 0xE0, 0xB3, 0x05, 0xA1, 0x1D, 0xF8,
    0xFA, 0x06, 0x91, 0x6E, 0x23, 0xF5, 0x04, 0xF9, 0xB2, 0x41, 0xDE, 0x69, 0x54, 0x20, 0x6F, 0x2F,
    0x7C, 0x6D, 0xEC, 0xA5, 0xB4, 0xD4, 0x91, 0x91, 0xAF, 0x44, 0x5A, 0xBE, 0xFA, 0x0B, 0xC6, 0x3F,
    0xAA, 0xF8, 0x06, 0x74, 0x40, 0xE5, 0x08, 0x0B, 0xBB, 0x00, 0x51, 0x45, 0x36, 0x67, 0xAA, 0xB8,
    0xE6, 0xAB, 0x2A, 0x5F, 0xAA, 0xF3, 0xF1, 0xDD, 0xBC, 0x54, 0x4D, 0x1C, 0xD4, 0xF7, 0x93, 0xF7,
    0x0A, 0x80, 0x14, 0x66, 0x04, 0x8E, 0x40, 0x9F, 0xB7, 0x45, 0xB8, 0xC6, 0xA6, 0x6E, 0xD2, 0x5E,
    0x3E, 0x57, 0x4B, 0xFC, 0x63, 0x06, 0x1F, 0x71, 0x7D, 0x04, 0x9C, 0xCB, 0xDF, 0x5A, 0xA6, 0x9F,
    0xF8, 0x1B, 0x3E, 0xAF, 0x5F, 0x38, 0x56, 0x47, 0x5C, 0x6E, 0xA3, 0xB6, 0x89, 0x8A, 0x73, 0xB5,
    0x44, 0x55, 0x62, 0xB3, 0x83, 0xBA, 0x9C, 0x2A, 0x3B, 0xDA, 0x52, 0x3A, 0x45, 0xFD, 0x61, 0xB6,
    0x54, 0xD7, 0x8B, 0xEC, 0xAE, 0xA6, 0x94, 0x5E, 0xCA, 0x72, 0x70, 0x72, 0x32, 0x4B, 0xEC, 0xB8,
    0x60, 0x9E, 0x47, 0xB5, 0x55, 0x61, 0x71, 0x13, 0x9B, 0xC2, 0x69, 0xF4, 0x21, 0xF1, 0xE8, 0xCF,
    0x5C, 0x58, 0x6B, 0x80, 0x1D, 0x88, 0x61, 0x03, 0xB6, 0x08, 0x73, 0x84, 0x21, 0x74, 0x30, 0x85,
    0x35, 0x80, 0xA0, 0xCE, 0xE5, 0xC7, 0x76, 0x23, 0x74, 0x29, 0x6E, 0xF0, 0xBA, 0xCB, 0x6A, 0x77,
    0x0A, 0x49, 0x40, 0x1D, 0x15, 0x0D, 0x21, 0x80, 0x48, 0xA3, 0x72, 0xFA, 0xD0, 0x3D, 0x5F, 0x0B,
    0xB0, 0x03, 0x35, 0xE1, 0xBB, 0x3A, 0xFA, 0xBE, 0x39, 0x4F, 0x4B, 0xF4, 0x03, 0xAD, 0xDE, 0xB5,
    0xD1, 0x1D, 0x03, 0x9C, 0xC7, 0x7F, 0x8D, 0x29, 0x03, 0x54, 0x1E, 0xE6, 0x90, 0xE8, 0xB1, 0x8E,
    0x1E, 0x7B, 0xE3, 0x62, 0x5C, 0x02, 0x2E, 0x74, 0xC2, 0x2C, 0xF1, 0xE5, 0x0E, 0x69, 0xE2, 0x22,
    0xDD, 0x9F, 0xB4, 0xBE, 0xCC, 0xD1, 0x5A, 0xEE, 0x27, 0xA7, 0x77, 0x2D, 0x8B, 0xB8, 0x08, 0x1E,
    0x7B, 0xA3, 0x2A, 0x3E, 0xC6, 0x68, 0x8E, 0x34, 0x03, 0xF8, 0x30, 0x0F, 0x7E, 0x68, 0xC1, 0x05,
    0x27, 0xFB, 0xB2, 0x5E, 0xC4, 0xCC, 0xFA, 0xF4, 0x53, 0x6E, 0x9E, 0xC6, 0x80, 0x34, 0xC9, 0xA7,
    0xEA, 0xC8, 0x5F, 0x48, 0xCE, 0xEC, 0x1A, 0xD4, 0xFB, 0xF0, 0xB6, 0x03, 0x00, 0x20, 0xFE, 0x49,
    0xC9, 0xF8, 0xE0, 0x98, 0xC8, 0x76, 0xF0, 0x1B, 0x7B, 0xA9, 0xCF, 0x29, 0x2E, 0x12, 0x9D, 0xB9,
    0x79, 0x81, 0x26, 0x2C, 0x08, 0x4A, 0x18, 0xC1, 0x32, 0x00, 0x73, 0x1D, 0x1D, 0x95, 0x67, 0x5B,
    0xD2, 0x39, 0x8D, 0x66, 0xCB, 0x7C, 0x76, 0xB6, 0x25, 0x20, 0x0C, 0x52, 0xB3, 0x01, 0xAD, 0x73,
    0xB7, 0x0C, 0x1A, 0x5B, 0xF0, 0x81, 0x11, 0xDA, 0x9E, 0xA7, 0x25, 0x70, 0xBB, 0xE2, 0xA3, 0x22,
    0x94, 0x06, 0x38, 0x8F, 0x3F, 0xBC, 0x6D, 0xA3, 0xF7, 0x9C, 0x78, 0xDB, 0x02, 0xE7, 0xE2, 0x5B,
    0x42, 0x87, 0xCF, 0x0F, 0x7F, 0x6C, 0x03, 0x41, 0xC1, 0x59, 0x71, 0xFE, 0x5B, 0xA2, 0xA3, 0x63,
    0x62, 0x16, 0xF4, 0xC3, 0x63, 0x52, 0xF9, 0x02, 0x69, 0x7B, 0x83, 0x74, 0xD2, 0x21, 0x33, 0x29,
    0x1E, 0x43, 0x76, 0xE4, 0xF8, 0x76, 0x9D, 0x83, 0x86, 0xC0, 0x01, 0x15, 0xD0, 0x07, 0x56, 0x00,
    0xF0, 0x9E, 0x7B, 0xCC, 0x83, 0x63, 0x14, 0xFD, 0x2F, 0x96, 0xBE, 0xE7, 0xF7, 0x38, 0xD1, 0xC1,
    0x49, 0x6C, 0x01, 0x10, 0x06, 0x22, 0x2F, 0x05, 0x5C, 0xF9, 0x8A, 0x8C, 0x04, 0x18, 0x6B, 0xF8,
    0xC4, 0x12, 0x9A, 0xBD, 0xFF, 0x99, 0x11, 0xEA, 0x3D, 0xC4, 0xFB, 0x0E, 0xF1, 0x56, 0x01, 0x7C,
    0x85, 0x33, 0x04, 0x80, 0x30, 0xF8, 0x22, 0x74, 0x80, 0xEB, 0x00, 0x30, 0x2F, 0x6A, 0x9D, 0xE5,
    0xB7, 0x50, 0xA4, 0xC8, 0x7C, 0x9B, 0xC8, 0x4C, 0xBC, 0xAD, 0x20, 0x78, 0xDF, 0xC2, 0xBF, 0x0D,
    0xBC, 0x99, 0x43, 0x06, 0x0C, 0x80, 0x14, 0x98, 0x42, 0xE4, 0xA0, 0xB6, 0x70, 0x0B, 0x48, 0x72,
    0x18, 0x7B, 0xC9, 0x47, 0xF5, 0xB3, 0x02, 0x79, 0xB2, 0x40, 0x9A, 0x81, 0x9F, 0xC7, 0x5E, 0xEA,
    0x11, 0x35, 0xF3, 0x3E, 0xF2, 0xA8, 0x42, 0xD6, 0xBB, 0x8F, 0xF5, 0xA9, 0x5D, 0x18, 0x57, 0x10,
    0xDE, 0xD6, 0xC8, 0x77, 0x0A, 0xA2, 0x97, 0x2D, 0xF0, 0xF5, 0x9C, 0xF3, 0xBF, 0xAD, 0x98, 0x01,
    0x84, 0x64, 0xD9, 0x7A, 0xC7, 0x7F, 0xF7, 0x9E, 0x7E, 0x73, 0xD8, 0x93, 0xE9, 0xD3, 0x08, 0xD6,
    0xEB, 0x99, 0xBE, 0x0F, 0x8B, 0xF1, 0x32, 0xDD, 0x37, 0xA1, 0x45, 0x87, 0x5B, 0x7D, 0xCF, 0xBC,
    0xC5, 0x46, 0x26, 0x91, 0xC1, 0x4B, 0x20, 0x64, 0x17, 0xC0, 0x83, 0x5D, 0x34, 0x3A, 0xD4, 0x4C,
    0x9D, 0xCD, 0x22, 0x78, 0x64, 0x3B, 0x04, 0x80, 0x37, 0x58, 0x64, 0xFB, 0x25, 0xA6, 0x31, 0xA1,
    0x49, 0x77, 0xD7, 0x79, 0xBB, 0x08, 0x1E, 0x72, 0xDE, 0xDB, 0x3C, 0x00, 0xB9, 0x62, 0xD8, 0x98,
    0x61, 0xE7, 0x24, 0xB9, 0xE4, 0xEE, 0x4C, 0x55, 0x9D, 0x9C, 0x9A, 0x9E, 0x19, 0x3D, 0x7A, 0x7A,
    0xBB, 0xA6, 0xBB, 0x6F, 0x7D, 0xBF, 0x7F, 0x51, 0xD5, 0xE7, 0xFB, 0xFF, 0xBF, 0x43, 0x55, 0x9D,
    0xBE, 0xFC, 0xE4, 0x33, 0x88, 0x1D, 0x2F, 0xAF, 0xDC, 0x81, 0xF2, 0xA0, 0x03, 0x2C, 0x25, 0xAA,
    0x5D, 0x58, 0xEB, 0xC3, 0x4E, 0x05, 0x61, 0x85, 0xEC, 0xC9, 0x3D, 0x44, 0x8C, 0x46, 0x58, 0x65,
    0x95, 0x11, 0x4E, 0x23, 0x7C, 0x69, 0x64, 0x1B, 0x7D, 0x39, 0xFE, 0xFE, 0xE7, 0xD4, 0x13, 0x00,
    0x40, 0x76, 0xD4, 0x43, 0x76, 0x35, 0x3F, 0xD0, 0x06, 0x6D, 0x2E, 0x45, 0x33, 0xB8, 0x67, 0x5A,
    0x3D, 0xAD, 0x83, 0xF8, 0xA0, 0xFC, 0xAA, 0x01, 0x20, 0x5C, 0x81, 0x83, 0xFB, 0x50, 0xF8, 0x0B,
    0x09, 0x00, 0x54, 0x6F, 0x51, 0xEE, 0xA3, 0xDA, 0x59, 0x63, 0x9C, 0x6C, 0xD7, 0x9B, 0xC1, 0x4E,
    0x38, 0xD0, 0x24, 0xB6, 0x40, 0xB6, 0x72, 0x74, 0x9A, 0x99, 0x30, 0x28, 0xD0, 0x5B, 0x88, 0x00,
    0xEF, 0x00, 0x23, 0x90, 0x2D, 0xCC, 0x1B, 0x00, 0x28, 0xC6, 0x64, 0x93, 0x21, 0xC2, 0x6B, 0xB4,
    0x51, 0x14, 0x7C, 0x8F, 0x15, 0xA0, 0x77, 0x84, 0x75, 0xA0, 0x04, 0x0A, 0x03, 0xBA, 0xE1, 0x59,
    0x38, 0x3E, 0xFC, 0x16, 0x32, 0x90, 0x16, 0x6D, 0xE8, 0xC1, 0x2A, 0x00, 0x43, 0x23, 0xA3, 0xD7,
    0x79, 0xB3, 0x8C, 0xAF, 0xE0, 0xB0, 0x7A, 0x50, 0x1A, 0xF4, 0x93, 0x90, 0x47, 0x4B, 0x6E, 0x41,
    0x05, 0x58, 0xDE, 0x83, 0x8D, 0x2B, 0xE7, 0x8F, 0x00, 0xDC, 0x86, 0x48, 0xFE, 0x95, 0x13, 0x37,
    0xDC, 0xEC, 0x11, 0x1C, 0xC8, 0x04, 0x9C, 0x3F, 0xC2, 0x35, 0xE8, 0x3F, 0x2B, 0x98, 0xC9, 0x7F,
    0xEB, 0x2A, 0xEC, 0x6E, 0x42, 0xD9, 0x80, 0xB2, 0xE7, 0xF6, 0xCF, 0x30, 0xF2, 0x5D, 0x27, 0x7E,
    0x09, 0x63, 0xE8, 0xCF, 0x14, 0x21, 0xB7, 0x6B, 0x64, 0x21, 0xC0, 0xC0, 0x41, 0x01, 0x00, 0xBF,
    0x13, 0x1F, 0x50, 0x3E, 0x8A, 0x08, 0x57, 0x38, 0xE1, 0x44, 0x10, 0x8E, 0x36, 0xD1, 0x25, 0x76,
    0x8F, 0xD0, 0x26, 0xD2, 0x7B, 0x79, 0x23, 0x9C, 0x72, 0xEA, 0xE1, 0x01, 0x75, 0x5A, 0xF7, 0xF2,
    0xCA, 0x76, 0x57, 0x91, 0xDD, 0x1A, 0x6C, 0x6E, 0x24, 0x3E, 0x4A, 0xDC, 0x62, 0xD8, 0x21, 0x9F,
    0x76, 0x14, 0x66, 0x93, 0x65, 0x36, 0xA9, 0x8E, 0xD0, 0x4B, 0x94, 0x74, 0xE8, 0x38, 0x31, 0xF9,
    0xB8, 0xB6, 0x27, 0x65, 0x58, 0xFC, 0x0D, 0xBB, 0x83, 0x68, 0x4E, 0xC8, 0x30, 0xA1, 0x8E, 0xCD,
    0xD4, 0x1B, 0x64, 0x07, 0x6C, 0x82, 0x8E, 0x96, 0xEF, 0xED, 0xF3, 0x26, 0xDE, 0xD9, 0xF6, 0x5D,
    0xF2, 0x18, 0x78, 0x71, 0xD5, 0x31, 0xB2, 0xF8, 0xF0, 0x1E, 0xC9, 0x23, 0x71, 0x29, 0xC1, 0x21,
    0x0F, 0x77, 0x11, 0xB1, 0x43, 0x38, 0x8E, 0x20, 0x8C, 0x70, 0xD2, 0xA8, 0xF4, 0xF7, 0xD3, 0x75,
    0xF9, 0xB6, 0x55, 0xD1, 0x01, 0x40, 0x16, 0x8D, 0x7A, 0xEC, 0x97, 0xF2, 0x50, 0x11, 0xD6, 0xB7,
    0x43, 0x1D, 0x43, 0x05, 0xA9, 0x4A, 0xD0, 0x4F, 0x9B, 0x3C, 0x5A, 0x80, 0xDC, 0xFD, 0x2E, 0xD9,
    0x93, 0x06, 0x06, 0xE6, 0x42, 0x02, 0x64, 0x20, 0x71, 0xF2, 0x91, 0xCD, 0x26, 0xCC, 0x1A, 0x63,
    0x09, 0xA8, 0x81, 0x25, 0x2E, 0x24, 0x02, 0xD7, 0x60, 0x0F, 0xFA, 0xB3, 0xFA, 0x9F, 0xCB, 0x8B,
    0x1D, 0xC8, 0x1D, 0x88, 0x07, 0xC0, 0xF8, 0x54, 0x33, 0xC7, 0x3C, 0x5C, 0x85, 0xE2, 0x16, 0xCA,
    0x0B, 0xF3, 0x11, 0xF9, 0xAF, 0x1B, 0x88, 0x16, 0x56, 0x2E, 0x62, 0xEF, 0x8D, 0x12, 0xD3, 0xCF,
    0x63, 0x36, 0x86, 0xFE, 0x4C, 0xB3, 0x93, 0x59, 0x90, 0x2D, 0xE8, 0xDB, 0xB0, 0xF6, 0x16, 0x00,
    0x2C, 0x46, 0xC3, 0xE4, 0x9E, 0x13, 0x4D, 0xEE, 0xB4, 0xC9, 0x5C, 0x01, 0xE6, 0xD5, 0xAF, 0x84,
    0x61, 0x58, 0x67, 0xB1, 0x29, 0xC9, 0x9B, 0xC2, 0xE6, 0x8D, 0x6E, 0xF2, 0xD4, 0x2A, 0x36, 0x7C,
    0x38, 0x31, 0xC7, 0xBF, 0x15, 0xB3, 0xC9, 0x50, 0x3D, 0x7A, 0xA4, 0x09, 0x4B, 0xCF, 0x4A, 0xFF,
    0x28, 0xA8, 0xE8, 0xE6, 0x7F, 0xCC, 0x12, 0x14, 0x0F, 0xEF, 0xEA, 0x38, 0xAA, 0x58, 0xDE, 0x64,
    0xB9, 0x4F, 0xBF, 0x7E, 0x1C, 0xD4, 0xB3, 0x0E, 0x87, 0x49, 0xEA, 0x7D, 0x50, 0x2D, 0xC0, 0xB9,
    0x53, 0x65, 0x20, 0x8D, 0x13, 0x8F, 0x2C, 0x13, 0x80, 0xB3, 0xA4, 0xCA, 0x3D, 0x88, 0x26, 0xE1,
    0x2F, 0x24, 0xD1, 0x8B, 0xAF, 0xEE, 0x33, 0xC6, 0x39, 0x97, 0x35, 0x40, 0xD6, 0x00, 0xE1, 0x90,
    0xCC, 0x27, 0x0C, 0xCC, 0x41, 0x05, 0x1B, 0xB0, 0x03, 0xBB, 0xD0, 0x3F, 0x53, 0x30, 0xEE, 0x02,
    0xF9, 0x08, 0x50, 0x1F, 0x02, 0x57, 0x25, 0x00, 0x50, 0x8F, 0x64, 0xB4, 0x8B, 0x3E, 0x1B, 0x23,
    0x1C, 0x9B, 0xC7, 0xE4, 0xE1, 0x76, 0x87, 0x88, 0xB1, 0x7B, 0xFD, 0xBB, 0x53, 0x51, 0x0F, 0x98,
    0x1C, 0x76, 0xC9, 0xFD, 0xF3, 0x73, 0x44, 0x05, 0x6B, 0x97, 0x01, 0x40, 0x79, 0x28, 0x13, 0xF9,
    0x51, 0x7E, 0x3D, 0x22, 0x8F, 0x43, 0xF2, 0xA0, 0x4D, 0xEE, 0x55, 0x5A, 0x27, 0x8F, 0x21, 0x5B,
    0xDD, 0x14, 0xA3, 0xBA, 0x7D, 0x35, 0x1E, 0x83, 0x18, 0xA3, 0x5B, 0xFC, 0xCD, 0x9F, 0xED, 0x9B,
    0x37, 0x8F, 0x57, 0x1A, 0x18, 0x26, 0x8A, 0xBF, 0x87, 0xE1, 0x08, 0x94, 0x49, 0xDC, 0x0C, 0xA8,
    0xC9, 0x08, 0xE5, 0x7A, 0x28, 0xB3, 0x92, 0x58, 0x3A, 0x46, 0xE1, 0x6B, 0x3B, 0x08, 0xD1, 0x97,
    0x7F, 0x3C, 0x18, 0xFF, 0x5E, 0x77, 0xB8, 0x67, 0x8B, 0x5E, 0xB8, 0xD7, 0x3D, 0xD4, 0x83, 0x7A,
    0x74, 0xFB, 0x9D, 0xA7, 0xBB, 0x7F, 0x17, 0x00, 0x4A, 0x3B, 0xB0, 0xF2, 0x95, 0x47, 0xD1, 0x0C,
    0xDA, 0x1F, 0xFE, 0xC3, 0x60, 0x74, 0x7A, 0x97, 0x9F, 0x7C, 0x16, 0xBB, 0x93, 0x7B, 0x2C, 0xB0,
    0x71, 0x79, 0x7D, 0x4F, 0x35, 0xA7, 0xF7, 0x81, 0x70, 0xED, 0xA0, 0x2D, 0xFD, 0xC9, 0xBD, 0xBE,
    0x7B, 0xBD, 0xB4, 0x1A, 0x7D, 0x4B, 0x06, 0x65, 0xB5, 0x53, 0xE6, 0xE4, 0x2E, 0xB9, 0x57, 0xA8,
    0xAD, 0xBC, 0xCD, 0xAD, 0x4C, 0xDD, 0x4E, 0xCF, 0x75, 0x52, 0x96, 0x61, 0xB7, 0xE8, 0xCB, 0xB4,
    0x4E, 0xD9, 0x59, 0x51, 0x0F, 0x94, 0xA9, 0x47, 0xDA, 0xC0, 0x94, 0x02, 0xB8, 0x03, 0xF9, 0x08,
    0x44, 0x83, 0xB2, 0x7D, 0xED, 0xF6, 0x95, 0xE9, 0x03, 0x40, 0xF9, 0xF1, 0xDE, 0xE0, 0x93, 0x34,
    0x52, 0x75, 0xBC, 0x8A, 0xA6, 0x1A, 0xB4, 0x15, 0xA4, 0xEA, 0x43, 0x8B, 0x6C, 0xD0, 0x86, 0xBB,
    0xD3, 0x46, 0xEA, 0x67, 0x5C, 0x15, 0x06, 0xD0, 0x91, 0x4B, 0x2D, 0x84, 0xD3, 0x2B, 0x7B, 0x56,
    0xC2, 0xA3, 0x1C, 0x03, 0xC3, 0x6D, 0x00, 0xE8, 0xC8, 0xC7, 0xC8, 0x3F, 0x65, 0x5E, 0x00, 0xD3,
    0x56, 0xAA, 0x85, 0x93, 0xEB, 0xB0, 0x55, 0xDE, 0x50, 0x38, 0xD6, 0xA1, 0x1E, 0xD5, 0x69, 0x6F,
    0x54, 0x23, 0x9C, 0x36, 0xC2, 0xF5, 0x11, 0xBF, 0x08, 0x88, 0x7F, 0x75, 0x88, 0x6F, 0x40, 0x8C,
    0x13, 0xFF, 0x61, 0x10, 0xBF, 0xF4, 0x88, 0x2F, 0x5A, 0x84, 0x3B, 0x48, 0x94, 0x69, 0xA7, 0x65,
    0xDA, 0xD3, 0xAC, 0x03, 0x20, 0xF7, 0x89, 0x06, 0xB2, 0x84, 0x70, 0x90, 0xC1, 0x8B, 0xCF, 0x84,
    0x3A, 0xCA, 0x7B, 0x11, 0x75, 0xA3, 0x4D, 0xCF, 0x0E, 0xF5, 0x97, 0xA0, 0x46, 0x89, 0x83, 0xC4,
    0xFB, 0x06, 0x75, 0xD3, 0xA3, 0x7E, 0xD4, 0x52, 0xF8, 0x03, 0x06, 0xA1, 0x30, 0x00, 0xE8, 0x29,
    0x06, 0x14, 0x30, 0x0F, 0xFC, 0x36, 0x94, 0x9F, 0x44, 0x33, 0xB0, 0xDF, 0x22, 0xFF, 0xBA, 0x41,
    0xFE, 0xD4, 0x22, 0xFF, 0x09, 0xE4, 0x38, 0x91, 0xCC, 0xE4, 0xA7, 0x1E, 0xF9, 0x49, 0x8B, 0xB2,
    0x07, 0xD4, 0xD3, 0x1E, 0x6F, 0x03, 0x7B, 0xAF, 0xFE, 0x0B, 0x52, 0x8F, 0x60, 0xD1, 0x83, 0x70,
    0xA7, 0x91, 0x71, 0xFC, 0xA7, 0x3F, 0x0B, 0x45, 0xF3, 0x07, 0x40, 0x69, 0x86, 0x46, 0x9D, 0xF0,
    0x28, 0x9A, 0x61, 0x7B, 0x3E, 0x17, 0x60, 0x19, 0x58, 0x01, 0x96, 0x80, 0x0A, 0x58, 0x38, 0xDD,
    0x13, 0x94, 0x91, 0x4E, 0x5A, 0xC5, 0x1C, 0x00, 0xB0, 0x4A, 0x3D, 0x5A, 0x4B, 0x39, 0x56, 0x11,
    0xEE, 0xA3, 0xC4, 0x07, 0x6F, 0x9A, 0xA3, 0x7C, 0x8F, 0xE1, 0x7B, 0x46, 0xDD, 0x44, 0xFD, 0x11,
    0xEA, 0x0F, 0x51, 0xE6, 0xC4, 0x2A, 0x1A, 0x52, 0x82, 0xD7, 0x8F, 0x7D, 0x2D, 0x71, 0x27, 0xD1,
    0xFB, 0x4E, 0xBB, 0xD2, 0x30, 0x3C, 0xDE, 0xF9, 0x86, 0x57, 0xEF, 0x36, 0xEA, 0x5D, 0x7F, 0xDC,
    0x4B, 0x47, 0xB8, 0xD4, 0x02, 0xE1, 0x08, 0xFF, 0xE3, 0x20, 0x1A, 0xF2, 0x16, 0xCA, 0x00, 0xEF,
    0x24, 0x08, 0x98, 0x84, 0x27, 0x64, 0x3E, 0x7F, 0xF2, 0x73, 0xA7, 0x63, 0x74, 0xCA, 0x53, 0x7A,
    0xF2, 0x97, 0xF5, 0x2B, 0xF2, 0x6F, 0xA6, 0x8B, 0x84, 0xA7, 0xF0, 0xFC, 0xFE, 0x91, 0xB7, 0x64,
    0x47, 0x39, 0x06, 0x7E, 0x0B, 0xE0, 0x36, 0x90, 0x77, 0x80, 0x34, 0x00, 0x40, 0xED, 0x44, 0xB4,
    0x2A, 0x64, 0xFB, 0x88, 0x8E, 0x35, 0xC4, 0xDE, 0x54, 0x7E, 0x36, 0x95, 0x9F, 0xDA, 0x24, 0x9F,
    0xF8, 0x24, 0x1F, 0x87, 0x24, 0x76, 0x77, 0x2A, 0xBD, 0xA9, 0x14, 0x53, 0x51, 0xBB, 0x49, 0x44,
    0x87, 0xF2, 0x59, 0x47, 0xDD, 0xB1, 0x0B, 0x00, 0x04, 0x10, 0x0D, 0x48, 0x0B, 0x6F, 0x01, 0x40,
    0x71, 0xB3, 0x65, 0x70, 0x30, 0x46, 0xFA, 0x15, 0xA4, 0x2D, 0x12, 0xFA, 0x18, 0x45, 0x53, 0xDA,
    0x3A, 0x0C, 0x9B, 0x0B, 0x8F, 0x93, 0x35, 0x00, 0xE1, 0x85, 0x64, 0x1E, 0xC8, 0xCC, 0x9B, 0x85,
    0x02, 0x40, 0x03, 0xCA, 0x26, 0x0C, 0x68, 0x60, 0x0E, 0xF8, 0x48, 0x01, 0x55, 0x05, 0xE8, 0x00,
    0x08, 0xCF, 0xC5, 0x6F, 0xAA, 0x59, 0x80, 0x66, 0x07, 0xFE, 0xD9, 0x43, 0xED, 0x40, 0xBF, 0xF9,
    0xA6, 0x2E, 0x03, 0x14, 0x00, 0x1A, 0x60, 0x1E, 0xE0, 0x3A, 0xC0, 0xAA, 0xFA, 0x62, 0x0C, 0xC5,
    0xE3, 0x21, 0xE4, 0xAD, 0xB6, 0xE4, 0x8D, 0x7C, 0x26, 0xEE, 0xB5, 0x22, 0x5B, 0xD5, 0x50, 0x8C,
    0xCA, 0xF6, 0xC8, 0x78, 0xED, 0xAB, 0xE3, 0x7D, 0x6A, 0xA6, 0xE3, 0xB9, 0xE9, 0x78, 0x4D, 0x12,
    0x7B, 0x7F, 0x2A, 0xD5, 0x54, 0x96, 0xA6, 0xA2, 0x36, 0x8F, 0x8D, 0x07, 0x1B, 0x53, 0x02, 0x30,
    0x6C, 0x80, 0xD2, 0x4E, 0x47, 0x4B, 0x93, 0xA5, 0xC1, 0xD2, 0x5C, 0x69, 0x8C, 0xA3, 0xA5, 0x1B,
    0x5D, 0x07, 0x0D, 0x05, 0xAC, 0x40, 0x45, 0xDE, 0x21, 0x3D, 0x3F, 0xFC, 0x1C, 0xEA, 0x31, 0x2F,
    0xAF, 0xE2, 0xDB, 0xE9, 0x19, 0xD0, 0x49, 0x2F, 0x83, 0xB6, 0x74, 0x05, 0xEC, 0xAD, 0x40, 0xBF,
    0x07, 0xBD, 0xE7, 0x54, 0xEB, 0xD0, 0x2F, 0x61, 0x57, 0x5B, 0x5A, 0xE5, 0x45, 0x93, 0x4F, 0x86,
    0x96, 0x0F, 0x3B, 0xF2, 0xED, 0x2D, 0x11, 0x3D, 0x00, 0x30, 0xB4, 0xF2, 0x69, 0x5B, 0xB0, 0xD7,
    0xA3, 0x57, 0xB1, 0x72, 0x58, 0xEB, 0x54, 0xA5, 0xD9, 0xD3, 0x4F, 0x43, 0x1E, 0x0D, 0x0B, 0x2F,
    0x8E, 0xFD, 0x7B, 0xA0, 0x9A, 0x0B, 0x09, 0x00, 0x08, 0xBB, 0x25, 0x9E, 0x3A, 0x0E, 0x98, 0x35,
    0x06, 0x40, 0xEE, 0x02, 0xEA, 0xCB, 0x86, 0x75, 0x6D, 0x59, 0x7D, 0xFB, 0x02, 0x62, 0x2C, 0x50,
    0x6D, 0xB0, 0x19, 0xF8, 0x6F, 0xCF, 0x17, 0x76, 0xA6, 0x18, 0x8B, 0x31, 0x8E, 0x98, 0xDC, 0xDB,
    0xDE, 0x13, 0x8D, 0x36, 0xD7, 0xB5, 0xD1, 0xE6, 0xED, 0x02, 0x6D, 0x58, 0x99, 0x4A, 0x0F, 0xFD,
    0xB0, 0x49, 0x12, 0xA7, 0x62, 0x58, 0x9F, 0x4A, 0x39, 0x15, 0x6D, 0xB5, 0xB9, 0x2C, 0x9B, 0x24,
    0x59, 0xBC, 0xB7, 0xBD, 0x4F, 0x91, 0xBA, 0x64, 0xC3, 0x1B, 0x43, 0xA3, 0x1E, 0x7F, 0x1D, 0x7D,
    0x41, 0xCC, 0x42, 0x8F, 0xDB, 0x84, 0x8A, 0xF5, 0xED, 0x24, 0x75, 0x4C, 0x52, 0x41, 0x4A, 0x01,
    0x25, 0xD1, 0xA0, 0xE3, 0xA3, 0x27, 0x21, 0x9F, 0xDC, 0x88, 0x16, 0x1C, 0xC8, 0x44, 0x6D, 0x61,
    0xE3, 0xC5, 0x8D, 0x1A, 0x4F, 0xF9, 0x68, 0x84, 0x70, 0xEB, 0x89, 0x32, 0x51, 0x24, 0x56, 0x12,
    0x7D, 0xC4, 0xE3, 0x80, 0x88, 0xF6, 0xF0, 0xA4, 0xF0, 0x45, 0x40, 0xB8, 0x51, 0xA2, 0x46, 0x3D,
    0xD0, 0xBE, 0x1E, 0xE5, 0x81, 0x39, 0x58, 0x82, 0x1E, 0xB4, 0xE0, 0x00, 0xCA, 0x9B, 0x6E, 0x30,
    0xF0, 0x32, 0x18, 0xE9, 0x90, 0xF6, 0x95, 0x2A, 0xFE, 0x8B, 0xC1, 0xE8, 0x7C, 0x76, 0x00, 0xD2,
    0x82, 0x70, 0x87, 0x48, 0x03, 0xDF, 0x9B, 0xC1, 0xF4, 0x70, 0x99, 0x74, 0x08, 0x87, 0x82, 0x39,
    0x90, 0xDC, 0x45, 0x7C, 0xE9, 0xC8, 0x22, 0x50, 0x9D, 0x7F, 0x27, 0xE6, 0x32, 0xAE, 0x6B, 0xF4,
    0x75, 0x64, 0x4B, 0x16, 0x60, 0x96, 0x50, 0x99, 0x7D, 0x7E, 0xC2, 0xFB, 0x0C, 0x20, 0x1B, 0x6E,
    0xA9, 0x47, 0x41, 0x13, 0x96, 0xD8, 0x29, 0xB8, 0xA5, 0x1D, 0xB2, 0x23, 0x8B, 0x96, 0xA2, 0x21,
    0x6F, 0xD7, 0x68, 0x2B, 0xDA, 0x5E, 0x16, 0xEA, 0xC7, 0x5E, 0x4D, 0x60, 0x01, 0x2A, 0xE8, 0xC8,
    0x1B, 0x72, 0x03, 0xA0, 0xBE, 0xA5, 0x77, 0x87, 0x8D, 0x79, 0x36, 0xE7, 0xA8, 0x2D, 0xAA, 0x83,
    0x3B, 0xDC, 0xD5, 0xEC, 0x68, 0xF6, 0x6F, 0x53, 0x3E, 0x80, 0xB7, 0x61, 0x48, 0xFE, 0xB5, 0x93,
    0xC6, 0xBF, 0xB1, 0x1D, 0x88, 0x06, 0xD5, 0xB2, 0x54, 0xB1, 0x76, 0x79, 0x16, 0xBB, 0x37, 0xEE,
    0xCF, 0x3E, 0xAC, 0xC0, 0x32, 0xDC, 0x9F, 0x61, 0x16, 0x90, 0x9E, 0x2C, 0x90, 0x35, 0x48, 0xCB,
    0x5B, 0x78, 0xF9, 0x37, 0x2E, 0x8F, 0xD0, 0xE7, 0x4D, 0x47, 0x5B, 0x98, 0x63, 0xF5, 0x3A, 0xCB,
    0x1B, 0xE8, 0x06, 0xE1, 0x66, 0x1A, 0xAD, 0x8E, 0xB1, 0x59, 0xBF, 0xF7, 0x73, 0xBF, 0xAA, 0xB3,
    0x04, 0x0E, 0x0D, 0xA7, 0x52, 0x6E, 0x91, 0xC5, 0x16, 0x00, 0x0A, 0x03, 0xD2, 0x25, 0x2C, 0x2C,
    0x81, 0x04, 0x0D, 0x1A, 0x06, 0x91, 0x7B, 0x9F, 0xA3, 0x39, 0x56, 0x06, 0xF5, 0x88, 0x7C, 0x0C,
    0x90, 0xB5, 0xD0, 0x87, 0x4D, 0xB2, 0x86, 0xEC, 0xF8, 0x7D, 0xD7, 0xF3, 0x85, 0xBB, 0x0C, 0x57,
    0x91, 0x57, 0xD0, 0xA9, 0xE6, 0x4E, 0x8D, 0x73, 0xB2, 0xD7, 0xFB, 0xB7, 0x0E, 0xFB, 0x9D, 0xEC,
    0xF5, 0xFA, 0xA1, 0xDF, 0xFF, 0x31, 0x71, 0x74, 0x6C, 0xE8, 0xE2, 0x4F, 0xA0, 0x9E, 0xC0, 0x3B,
    0x7B, 0xBC, 0xB8, 0x86, 0xAD, 0x8A, 0xA5, 0xBF, 0xD4, 0x2A, 0x4B, 0x38, 0x0D, 0xE9, 0xB2, 0x46,
    0x34, 0xC2, 0x65, 0x93, 0x7B, 0x86, 0xB2, 0x23, 0x6B, 0x6F, 0x21, 0xBE, 0x69, 0xC8, 0xDF, 0x73,
    0xBC, 0xB8, 0x4A, 0xB3, 0xCF, 0x30, 0x1B, 0xA3, 0xE9, 0xBD, 0x1E, 0xBB, 0x8F, 0x7C, 0x3A, 0xB1,
    0xD9, 0xA4, 0xF0, 0x7C, 0xFF, 0xF0, 0xD7, 0xF4, 0x42, 0xB2, 0x6C, 0x6F, 0x21, 0x62, 0x73, 0xB6,
    0x1C, 0x0B, 0x47, 0xEF, 0xA9, 0x3D, 0xB8, 0x90, 0x3C, 0x00, 0xC2, 0x7D, 0x40, 0xFE, 0xC4, 0xC3,
    0xC0, 0x9C, 0x2D, 0x97, 0x6C, 0x60, 0x7E, 0x13, 0xAE, 0x5C, 0x3F, 0x7C, 0x96, 0xCD, 0xF9, 0x73,
    0xD5, 0xC0, 0xD7, 0x0E, 0x7E, 0x95, 0xF8, 0xBF, 0xC4, 0xE0, 0x0C, 0xB9, 0x30, 0x90, 0xFB, 0xE9,
    0x29, 0x20, 0x50, 0x6A, 0xCB, 0xEA, 0x95, 0xF3, 0xE7, 0x62, 0x01, 0xAE, 0xAF, 0x41, 0xFF, 0x3E,
    0x84, 0x06, 0x7E, 0x61, 0xDF, 0x38, 0xD7, 0xD9, 0xFD, 0x47, 0x40, 0x03, 0xE2, 0xE5, 0x9D, 0xEA,
    0x19, 0x7C, 0x6F, 0xBF, 0xF0, 0x75, 0x70, 0x19, 0xB8, 0x0E, 0xAC, 0x18, 0xD0, 0x1E, 0x72, 0x03,
    0xA0, 0x1B, 0x80, 0xDE, 0x2E, 0xC0, 0xCE, 0x75, 0x00, 0x80, 0xC1, 0x48, 0xD8, 0x7A, 0x54, 0x78,
    0xE9, 0x16, 0x13, 0xEA, 0xD9, 0xCD, 0x19, 0xDD, 0x48, 0x2B, 0xFC, 0x7C, 0x50, 0xE4, 0xCD, 0x95,
    0xA0, 0xC9, 0x42, 0x75, 0x7F, 0x09, 0xC2, 0xDA, 0xE6, 0x32, 0xDC, 0xDF, 0xA8, 0x2A, 0xE8, 0xEF,
    0x2C, 0xAF, 0x41, 0xD5, 0x2C, 0x6D, 0xC0, 0xB2, 0xD7, 0x3B, 0x50, 0x38, 0x1D, 0x40, 0x3B, 0xE9,
    0x41, 0x5B, 0xE1, 0x00, 0x00, 0x3A, 0x20, 0x1F, 0x03, 0xF2, 0x53, 0x60, 0x5E, 0x18, 0x00, 0x18,
    0x36, 0xAB, 0x45, 0x5B, 0x9A, 0x4D, 0xD9, 0x68, 0x46, 0xC9, 0xD2, 0xA4, 0x1C, 0xF2, 0xE3, 0x6F,
    0x14, 0xE2, 0xCB, 0x7F, 0xD3, 0xE4, 0x5F, 0xDD, 0xBC, 0x4C, 0xF6, 0xB5, 0xFC, 0x47, 0x98, 0x88,
    0x0E, 0xF6, 0xF3, 0x16, 0xFA, 0x59, 0x80, 0x4B, 0x40, 0xE1, 0xE0, 0xAF, 0x02, 0x34, 0xAB, 0x00,
    0xC4, 0xB6, 0x0E, 0xA5, 0x55, 0x4E, 0x39, 0x8D, 0xF0, 0x4B, 0xD3, 0xB8, 0xD0, 0x6E, 0x40, 0x15,
    0xA0, 0x7C, 0x16, 0x27, 0x61, 0x5E, 0xA5, 0xD8, 0x82, 0xD8, 0x01, 0xC0, 0x3A, 0x10, 0x0D, 0xD9,
    0x57, 0x0E, 0x61, 0xDD, 0xF3, 0x78, 0xD1, 0xD6, 0xE6, 0x0E, 0x9A, 0x0A, 0x65, 0x36, 0x91, 0x6E,
    0x07, 0xE1, 0x1A, 0xB2, 0xFF, 0xF4, 0xF0, 0xBF, 0x0E, 0xFE, 0xC5, 0x40, 0xFD, 0x7C, 0x6D, 0x05,
    0xEC, 0x82, 0x0C, 0x10, 0x3D, 0xDC, 0x01, 0xB8, 0xBB, 0x41, 0x1E, 0x3A, 0xB2, 0xE6, 0x3E, 0xC0,
    0x05, 0xE4, 0x74, 0x48, 0x47, 0x6D, 0xB9, 0x0F, 0x50, 0xC6, 0x71, 0xB9, 0xBD, 0x5F, 0xD1, 0x5D,
    0x3B, 0xBC, 0xA3, 0xA4, 0x2D, 0x05, 0xF4, 0xA0, 0x23, 0x7F, 0xFE, 0x82, 0x2A, 0x99, 0xAF, 0xB7,
    0xF7, 0xEB, 0x38, 0x02, 0x00, 0x34, 0x94, 0xD0, 0x87, 0x0F, 0x0E, 0x3B, 0xF8, 0xF5, 0xBF, 0xF0,
    0xAB, 0xCA, 0x2E, 0x1C, 0xBE, 0xD8, 0x22, 0x3C, 0xCA, 0xFE, 0xA0, 0x60, 0x67, 0xFD, 0xCF, 0x9B,
    0x3A, 0x7A, 0x80, 0x65, 0x58, 0x87, 0x1E, 0x70, 0x26, 0xD3, 0x0D, 0xE8, 0x38, 0x0C, 0x3C, 0xA3,
    0xA3, 0xE4, 0x6E, 0x3A, 0xBD, 0x65, 0x11, 0xAA, 0xB3, 0x38, 0xCE, 0x65, 0xCC, 0x4B, 0x23, 0xFF,
    0x96, 0x7C, 0x04, 0xED, 0xAC, 0xA6, 0x94, 0x9E, 0x27, 0x41, 0xF8, 0x0F, 0x84, 0x43, 0xDA, 0xEF,
    0x2A, 0xF5, 0xEF, 0x0C, 0x46, 0xFC, 0x3F, 0xBD, 0x98, 0x01, 0x84, 0x65, 0x59, 0x7A, 0xC7, 0x7F,
    0xF7, 0x9C, 0x9A, 0xBA, 0x3B, 0x7D, 0xBA, 0xEB, 0x34, 0x76, 0x65, 0xA4, 0xB6, 0xEA, 0xB6, 0x18,
    0x74, 0x76, 0xBB, 0xDE, 0x5D, 0x34, 0x6A, 0xB9, 0xAF, 0xEE, 0xC9, 0x34, 0x16, 0x83, 0x29, 0x24,
    0x90, 0x91, 0xA4, 0x01, 0x64, 0xC9, 0x0C, 0x9A, 0x3C, 0xBC, 0x9A, 0x77, 0x77, 0x87, 0x0C, 0x82,
    0x29, 0xD8, 0x05, 0x48, 0x23, 0xD8, 0xED, 0x45, 0x35, 0x0A, 0x0F, 0xAF, 0xFB, 0x9D, 0x99, 0xC1,
    0x62, 0xE1, 0x64, 0x82, 0x00, 0x72, 0x93, 0x6D, 0xAC, 0x6E, 0x49, 0x1F, 0x5C, 0xDC, 0x99, 0x7A,
    0xEF, 0x9D, 0xDC, 0xD3, 0x57, 0xAA, 0xD3, 0xBA, 0x37, 0x5D, 0x33, 0xD5, 0xB3, 0xF7, 0x7D, 0xDF,
    0xFF, 0x2B, 0xBC, 0x7B, 0xBE, 0x7F, 0x3D, 0xF7, 0xFE, 0xBF, 0xF3, 0x3F, 0x80, 0x02, 0xD0, 0x86,
    0xEC, 0x0B, 0x4D, 0xB2, 0x9A, 0x2F, 0x48, 0x5D, 0xEA, 0xD1, 0x15, 0x0D, 0x19, 0xCC, 0x18, 0xC0,
    0x98, 0x21, 0x0C, 0x4F, 0xA1, 0x60, 0x0F, 0xC6, 0xE4, 0x30, 0xEB, 0xBF, 0xA7, 0x9C, 0xAC, 0x11,
    0xAB, 0x79, 0x05, 0xEF, 0xB5, 0x00, 0xCA, 0x40, 0x5A, 0x31, 0xFF, 0x98, 0xF4, 0x64, 0x41, 0xC6,
    0x2C, 0xDE, 0x48, 0xC1, 0xE0, 0x34, 0xF7, 0x18, 0x92, 0x9B, 0x19, 0xFA, 0xC4, 0x23, 0x82, 0xE9,
    0x6F, 0x8A, 0x50, 0x11, 0xD9, 0xCC, 0x1B, 0xB5, 0x22, 0x77, 0xEB, 0x1E, 0x55, 0x71, 0x76, 0x48,
    0x6D, 0x52, 0x23, 0x6B, 0x69, 0x49, 0x56, 0x47, 0x06, 0xF2, 0x16, 0x40, 0xB8, 0x98, 0xB9, 0xF9,
    0x71, 0x35, 0x4F, 0x96, 0x68, 0x86, 0x2F, 0xCE, 0xEA, 0x5E, 0xC7, 0x76, 0x55, 0x25, 0xAB, 0xCC,
    0x01, 0x5C, 0x20, 0x16, 0xD2, 0x8F, 0x2C, 0x80, 0x08, 0x00, 0x30, 0x06, 0x00, 0xF8, 0x7E, 0x78,
    0x40, 0x19, 0x16, 0xF9, 0xA3, 0xC0, 0xDE, 0x9D, 0x85, 0xB4, 0x99, 0xDD, 0xA5, 0x91, 0x56, 0xFA,
    0xEB, 0x22, 0xF6, 0x6F, 0x48, 0x6D, 0x57, 0x5A, 0xB4, 0xE9, 0xCA, 0x94, 0x01, 0xB1, 0x30, 0xEE,
    0x4B, 0x13, 0x4B, 0x23, 0xEB, 0x58, 0x7C, 0x6A, 0xD7, 0xA4, 0x15, 0xB5, 0x36, 0x97, 0xA4, 0x55,
    0x76, 0x8F, 0x2D, 0xF5, 0xF0, 0x3E, 0x1F, 0xDC, 0x99, 0x95, 0x5D, 0x87, 0x49, 0x58, 0xF0, 0xF4,
    0x5A, 0x4B, 0x00, 0xB8, 0xA4, 0x88, 0xDD, 0xD5, 0x5F, 0x11, 0xBB, 0xCB, 0x96, 0xD8, 0x1D, 0x4F,
    0xEC, 0x0E, 0xC4, 0xA5, 0xCB, 0xF0, 0xA4, 0xFB, 0x0F, 0xDF, 0x8D, 0x65, 0xFA, 0x83, 0x9E, 0xC4,
    0x95, 0x3D, 0x62, 0x61, 0x16, 0x4B, 0x93, 0xF8, 0x58, 0x7C, 0x97, 0x7D, 0xF7, 0xFD, 0xD8, 0x7D,
    0x40, 0xFD, 0xA4, 0xFB, 0x5F, 0xBA, 0xBE, 0xBB, 0xE5, 0xF4, 0x4A, 0xD8, 0x27, 0x99, 0xCA, 0x4F,
    0x1C, 0x69, 0x9B, 0xFC, 0xD6, 0xC2, 0x88, 0x39, 0x11, 0x77, 0x88, 0x08, 0xCC, 0x5B, 0x15, 0xDA,
    0xF4, 0xA4, 0xD5, 0x3F, 0x6F, 0x32, 0x33, 0xDA, 0x10, 0xF5, 0x0E, 0xA3, 0xB5, 0xD4, 0x16, 0x8C,
    0xD0, 0x44, 0x1C, 0x12, 0x71, 0xCA, 0x90, 0x91, 0xF0, 0xDF, 0xCA, 0x69, 0x53, 0x7B, 0x4D, 0x87,
    0xD5, 0x3B, 0x3F, 0x9B, 0x89, 0x65, 0xF9, 0x71, 0x68, 0x01, 0xA0, 0x5C, 0x90, 0xAF, 0x36, 0x1D,
    0x69, 0x23, 0x2D, 0xA2, 0x3E, 0x13, 0x24, 0x11, 0xE4, 0x5B, 0x1D, 0xA4, 0x6F, 0x75, 0xFF, 0xC1,
    0x91, 0xA8, 0xCB, 0x10, 0x44, 0x0D, 0x48, 0x17, 0xC1, 0x02, 0xBA, 0x02, 0xE6, 0x00, 0x53, 0x80,
    0xD4, 0x96, 0x0B, 0x94, 0x8D, 0x8D, 0xAC, 0xB4, 0xC0, 0xFF, 0xC2, 0xA6, 0xED, 0xA0, 0x8C, 0x20,
    0x9F, 0x87, 0x24, 0x82, 0xBC, 0xD1, 0x41, 0x7A, 0xC3, 0x76, 0x8D, 0xA4, 0xED, 0x1A, 0x3D, 0xBD,
    0x3D, 0xED, 0x1F, 0x5F, 0xE0, 0x3E, 0x40, 0x43, 0x6E, 0x8A, 0xB9, 0xB9, 0xA7, 0xCC, 0x58, 0x19,
    0x62, 0xFC, 0xD9, 0x4C, 0xDD, 0x58, 0x28, 0x53, 0x3C, 0x1F, 0x59, 0x5D, 0xCC, 0x9B, 0x02, 0xFA,
    0x68, 0x48, 0x6B, 0xB4, 0xE9, 0x68, 0x84, 0x8F, 0x03, 0xCA, 0x27, 0xF7, 0xD6, 0x5B, 0x64, 0xCB,
    0x2E, 0x1E, 0x39, 0xEB, 0xCB, 0x3F, 0xF5, 0xE5, 0x1F, 0xAB, 0x27, 0xE5, 0x43, 0xF7, 0xA4, 0xFC,
    0xC4, 0x3F, 0x29, 0xD5, 0xB4, 0x2F, 0xC3, 0xBE, 0x64, 0x7D, 0x51, 0x53, 0x62, 0x91, 0x2D, 0x1E,
    0xE5, 0x92, 0x58, 0xCA, 0x96, 0x29, 0x1E, 0x80, 0xA4, 0x2F, 0xA2, 0x06, 0x40, 0x59, 0x00, 0x26,
    0x06, 0x80, 0x03, 0x00, 0x90, 0x2E, 0x32, 0xFA, 0xA8, 0x8E, 0x84, 0xA4, 0x8B, 0x7C, 0xE8, 0xE9,
    0x10, 0xD9, 0x28, 0x17, 0xC9, 0xE4, 0x2E, 0x72, 0x11, 0x2E, 0x52, 0x11, 0x2E, 0x32, 0x89, 0x38,
    0x7C, 0x82, 0x59, 0xC4, 0x8E, 0x46, 0x44, 0xD9, 0x0A, 0x17, 0x49, 0x08, 0x17, 0x39, 0x08, 0x07,
    0xD0, 0xA3, 0xB4, 0x4F, 0x09, 0x4C, 0x00, 0x98, 0x02, 0xD0, 0x00, 0x49, 0x0B, 0xD0, 0x70, 0x7A,
    0x65, 0x6F, 0x37, 0xA2, 0x99, 0xDC, 0x5F, 0xAA, 0x26, 0x75, 0x03, 0x8E, 0xD3, 0x2A, 0x8B, 0xA0,
    0x5F, 0x0C, 0x59, 0x9D, 0x57, 0xC7, 0xA5, 0x9F, 0xD7, 0xC7, 0xA7, 0xAB, 0x78, 0x40, 0xD4, 0x40,
    0x66, 0x81, 0x01, 0xB8, 0x6B, 0xD0, 0x1C, 0x43, 0xE9, 0x40, 0x19, 0x00, 0x10, 0x16, 0x94, 0x03,
    0xED, 0x61, 0xDB, 0x43, 0x31, 0x85, 0xDD, 0x31, 0xDC, 0x2D, 0xC0, 0x0F, 0x48, 0xBE, 0x3C, 0x42,
    0x86, 0x60, 0x64, 0xA5, 0x2A, 0x65, 0xA4, 0xD5, 0x48, 0x97, 0x9B, 0xB4, 0x09, 0x2E, 0x5F, 0x5E,
    0x5E, 0x63, 0x77, 0x8B, 0xED, 0x5D, 0x94, 0x47, 0x3A, 0x80, 0xB4, 0xA5, 0x9C, 0x33, 0xD5, 0x5C,
    0xD1, 0x06, 0x6D, 0xD6, 0x83, 0x99, 0x1C, 0x99, 0x46, 0xC7, 0xB8, 0x1F, 0x1E, 0xE4, 0xFF, 0x5A,
    0xDF, 0xBE, 0x34, 0x1A, 0xE7, 0x3E, 0xB5, 0x50, 0x2E, 0x36, 0x9D, 0xB4, 0x2F, 0xFA, 0xA8, 0x07,
    0xE5, 0xE2, 0xF2, 0x6B, 0xC5, 0xD6, 0xF6, 0xAE, 0xF2, 0x32, 0x32, 0xAD, 0xB3, 0x3A, 0x79, 0xE6,
    0x93, 0xB6, 0xD9, 0x92, 0x9B, 0x1B, 0x50, 0x14, 0x90, 0x79, 0x90, 0x16, 0x00, 0xB2, 0x2F, 0xA2,
    0xD0, 0xDB, 0xA8, 0xF3, 0xBA, 0xA2, 0x8D, 0x2A, 0x1F, 0x45, 0x3E, 0xCA, 0x7B, 0x9F, 0x14, 0x51,
    0xE0, 0x73, 0x98, 0x46, 0x79, 0x8F, 0xEA, 0x1E, 0xC5, 0x3D, 0x6A, 0x7B, 0x82, 0x91, 0x3F, 0x75,
    0xE2, 0xDF, 0x2A, 0x02, 0x14, 0x00, 0xCC, 0xAB, 0xF4, 0xA4, 0xC9, 0x98, 0x0D, 0x19, 0x16, 0x0C,
    0xFA, 0xD8, 0xA3, 0xE8, 0xC4, 0xBD, 0xD3, 0xF6, 0x28, 0xED, 0xEF, 0xAB, 0x9E, 0x82, 0x8E, 0x14,
    0x1C, 0x00, 0x9D, 0xBC, 0x87, 0x4E, 0xDD, 0x9B, 0x28, 0xDA, 0x2F, 0xCB, 0xA8, 0xE9, 0x51, 0xD2,
    0xA3, 0xA2, 0x93, 0x47, 0x0A, 0xFB, 0xC8, 0x4F, 0x6A, 0xA2, 0x06, 0x31, 0x07, 0x76, 0x00, 0x20,
    0x37, 0xF7, 0x38, 0xB3, 0xBE, 0xFF, 0xF1, 0x2F, 0xA1, 0x5C, 0x02, 0xC0, 0xD5, 0x2D, 0x38, 0x28,
    0xA1, 0xE8, 0x2A, 0x9C, 0x9F, 0xDF, 0x9D, 0x43, 0x64, 0xA8, 0x01, 0x10, 0xD5, 0x6D, 0xE4, 0x7F,
    0xFA, 0xC8, 0x17, 0xF8, 0x1A, 0x3C, 0x01, 0xD8, 0x06, 0xEE, 0x01, 0xF5, 0x37, 0xC2, 0x17, 0x00,
    0x6A, 0x90, 0x35, 0xA8, 0x0A, 0x2E, 0xF2, 0x8A, 0xB8, 0xAF, 0xC1, 0xCE, 0x35, 0xD0, 0x0D, 0xC8,
    0x6F, 0x86, 0xBB, 0x60, 0x1F, 0xF9, 0xB9, 0x83, 0x60, 0x60, 0xEF, 0x15, 0xF1, 0xBE, 0x0C, 0x14,
    0x40, 0x69, 0x60, 0xDD, 0x7E, 0x63, 0xBF, 0xB9, 0xB0, 0x20, 0x3C, 0x30, 0xE5, 0x95, 0xFD, 0xE6,
    0x62, 0x45, 0x36, 0xB7, 0xD7, 0xA5, 0x23, 0xF1, 0xE0, 0xCB, 0xE0, 0xF7, 0xEE, 0xF8, 0x02, 0x3F,
    0x94, 0x2E, 0x7B, 0x5C, 0xC9, 0x25, 0xFC, 0xED, 0x3F, 0x43, 0x68, 0x01, 0xE0, 0xE6, 0x55, 0x68,
    0x67, 0x70, 0x3C, 0x02, 0x38, 0xB7, 0xD0, 0x75, 0xEF, 0x54, 0xB9, 0x02, 0xB8, 0xFA, 0x3A, 0xC3,
    0x9C, 0x62, 0x1B, 0x38, 0x93, 0xDC, 0x3D, 0x43, 0x2A, 0x35, 0xA0, 0x23, 0x89, 0xEA, 0xD5, 0x92,
    0x4A, 0x1C, 0xB2, 0x46, 0xB8, 0x33, 0x93, 0x8A, 0x2F, 0x32, 0xC8, 0xE0, 0x78, 0x7A, 0x11, 0xC2,
    0x02, 0xCA, 0x87, 0x33, 0xF8, 0x7B, 0xFB, 0x5D, 0xF8, 0xAD, 0xBD, 0x48, 0xF2, 0x99, 0x05, 0xF9,
    0x61, 0xA4, 0x28, 0x1F, 0x7A, 0x2E, 0xC9, 0xE0, 0x19, 0xFC, 0xCA, 0xD2, 0xEF, 0x9E, 0xBC, 0xB4,
    0x24, 0x4E, 0xDA, 0x0B, 0x51, 0xB3, 0x37, 0x94, 0xEB, 0x76, 0x57, 0x65, 0x53, 0x86, 0x25, 0xDF,
    0xFB, 0x05, 0x4C, 0x16, 0x70, 0xCA, 0x27, 0x77, 0xE5, 0xFD, 0xD0, 0x4C, 0xB5, 0x1B, 0xDF, 0xD2,
    0x55, 0x81, 0xFE, 0xF9, 0x6C, 0xBD, 0xEB, 0x56, 0x1E, 0x45, 0x05, 0xEE, 0x52, 0x3B, 0xEE, 0xAF,
    0x56, 0xB3, 0xDC, 0x4D, 0x6A, 0x36, 0x43, 0xC5, 0xEA, 0xC8, 0xCA, 0x5A, 0x58, 0x6D, 0x12, 0x9B,
    0x81, 0x19, 0x00, 0xC3, 0xD3, 0x9C, 0xFB, 0x3D, 0xFE, 0xA8, 0xCE, 0xF9, 0xFE, 0xEF, 0xB2, 0xAA,
    0x5C, 0xEA, 0x5A, 0x38, 0x11, 0x82, 0xE3, 0xBD, 0x95, 0x61, 0x72, 0x64, 0xC5, 0x97, 0x5F, 0x76,
    0x64, 0x0A, 0xD2, 0xAA, 0x4F, 0xE9, 0x66, 0x88, 0xE0, 0x91, 0x3F, 0x83, 0xD4, 0x40, 0xFA, 0xE5,
    0x2F, 0x90, 0x21, 0xF0, 0x37, 0x7F, 0xF1, 0xEE, 0x61, 0x08, 0xC1, 0x6F, 0xB3, 0x8D, 0x3E, 0x69,
    0x11, 0xE1, 0x90, 0x5E, 0xCD, 0x87, 0xCF, 0xA8, 0x79, 0xC7, 0xC7, 0xBC, 0x9C, 0xCF, 0x66, 0x9D,
    0x23, 0xEA, 0xAC, 0x12, 0x75, 0xC7, 0xA7, 0xEE, 0xF8, 0xD4, 0x91, 0x4F, 0x82, 0x49, 0xA5, 0x95,
    0xBF, 0x81, 0x25, 0x8C, 0x81, 0x38, 0x9A, 0xD4, 0xA3, 0x47, 0x9A, 0xAE, 0x6D, 0x0C, 0xFD, 0x96,
    0x57, 0xC1, 0x6E, 0xFC, 0x39, 0xDB, 0x90, 0x3D, 0xBC, 0xAD, 0xC3, 0xA2, 0x60, 0x67, 0xC4, 0xCE,
    0x98, 0x71, 0xF9, 0xD8, 0xAB, 0x95, 0x21, 0x8E, 0xB8, 0x71, 0x3F, 0xE2, 0x48, 0x2D, 0x00, 0xE5,
    0xA2, 0x6C, 0x37, 0x9D, 0xAA, 0x65, 0xC7, 0x47, 0xDA, 0x31, 0xF2, 0x13, 0x8F, 0xFC, 0xB5, 0x45,
    0xFE, 0x37, 0xC8, 0x25, 0xC8, 0x7F, 0x37, 0xC8, 0xDF, 0x38, 0xE4, 0xA7, 0x0D, 0xD2, 0xDE, 0xEF,
    0x32, 0xEF, 0x06, 0x6A, 0xDA, 0x94, 0x8B, 0xA4, 0xFD, 0xC1, 0x25, 0x28, 0x76, 0x9F, 0x59, 0x0E,
    0xE5, 0x20, 0x77, 0x20, 0xFE, 0x6F, 0xFE, 0x4B, 0xB0, 0xC2, 0x1D, 0x74, 0xD5, 0x13, 0x07, 0xA2,
    0x08, 0x20, 0x1E, 0x57, 0xDD, 0xDF, 0x0E, 0xF1, 0x79, 0x83, 0x70, 0xF7, 0x48, 0x9B, 0xBC, 0xCA,
    0x16, 0xA9, 0xFB, 0x8A, 0x23, 0xD7, 0x2B, 0x27, 0x5D, 0x37, 0x72, 0x0D, 0xEF, 0x2D, 0x80, 0x1A,
    0xA4, 0x05, 0xF1, 0x00, 0x58, 0xBE, 0x70, 0xE0, 0xEE, 0x3C, 0x19, 0xB8, 0xD3, 0x7E, 0xE0, 0x52,
    0xC0, 0x2D, 0x38, 0x30, 0xE4, 0x15, 0xDF, 0x7B, 0x3A, 0xE8, 0x00, 0x5E, 0x25, 0x11, 0x71, 0xE7,
    0xF0, 0xF4, 0xED, 0xF8, 0x4A, 0xA4, 0xD6, 0xB9, 0x2D, 0x3F, 0xB3, 0x49, 0x80, 0x02, 0x20, 0x0B,
    0x8B, 0xFC, 0xCE, 0xE2, 0x5A, 0xE2, 0xAF, 0x4A, 0x8B, 0x86, 0x22, 0xAE, 0xC6, 0x8F, 0x3D, 0xB4,
    0x30, 0x86, 0xA2, 0xC3, 0x11, 0x4D, 0x79, 0x54, 0xAB, 0x95, 0x59, 0x4B, 0xD8, 0x50, 0xA8, 0xBF,
    0x46, 0x2E, 0xC0, 0x03, 0x94, 0xC1, 0xFD, 0xF0, 0x5D, 0xD7, 0x59, 0x9C, 0xCB, 0x3B, 0x30, 0x22,
    0x1A, 0xC0, 0x06, 0x19, 0x40, 0x5B, 0xA4, 0x43, 0xD4, 0x31, 0xA4, 0xBB, 0xA5, 0xEC, 0x64, 0xCE,
    0x66, 0x4B, 0xB7, 0xC2, 0x96, 0x42, 0x6D, 0x21, 0x5B, 0xF0, 0x00, 0xEB, 0x0D, 0xAA, 0x81, 0xFF,
    0x27, 0x7C, 0x0C, 0x51, 0x93, 0x59, 0xF6, 0xFE, 0xF0, 0xD6, 0x2F, 0xF6, 0x03, 0x62, 0x3F, 0x20,
    0xF6, 0x83, 0x6F, 0xD4, 0xEC, 0x25, 0x53, 0x7A, 0x89, 0x04, 0x18, 0x9D, 0xE2, 0xAB, 0xB5, 0x79,
    0x70, 0x11, 0x38, 0x00, 0xD1, 0x42, 0x6A, 0xCE, 0xAD, 0x24, 0x24, 0x90, 0x56, 0x68, 0xC3, 0x10,
    0xAE, 0x7F, 0x2D, 0x25, 0x79, 0x03, 0x20, 0x07, 0xD0, 0x0E, 0x48, 0xEE, 0x02, 0x00, 0xD1, 0xF3,
    0x54, 0xD1, 0xF2, 0xF4, 0x0E, 0x2C, 0x1A, 0x9E, 0xDE, 0x7D, 0x45, 0xBB, 0xD3, 0x3B, 0xAF, 0x68,
    0x76, 0xA2, 0xEB, 0x8A, 0x30, 0x8C, 0x90, 0x45, 0x50, 0xD3, 0xDE, 0x6D, 0x45, 0x9B, 0xD3, 0x3B,
    0x2D, 0xAE, 0x00, 0x2D, 0x70, 0x00, 0x64, 0x80, 0x38, 0x75, 0x31, 0x74, 0x26, 0x86, 0xE8, 0x61,
    0xD2, 0x2A, 0xEB, 0x52, 0x3F, 0x97, 0xD1, 0xBC, 0x44, 0xEF, 0x02, 0x97, 0x41, 0x78, 0xD0, 0x35,
    0xFC, 0x29, 0x4F, 0x25, 0x6A, 0xE7, 0x2E, 0xEC, 0x5E, 0xEF, 0xAB, 0xAE, 0x61, 0xC3, 0xC3, 0xB5,
    0x63, 0xD8, 0x1D, 0xC1, 0xFB, 0x05, 0xF8, 0x1D, 0xE2, 0xAC, 0x14, 0xBF, 0x67, 0x56, 0xF2, 0x26,
    0xA2, 0x61, 0xC3, 0x00, 0x48, 0xCF, 0xC6, 0x98, 0x4B, 0xD7, 0xD0, 0x23, 0xD2, 0xFA, 0x8C, 0x13,
    0x13, 0x2C, 0x90, 0x3A, 0x20, 0xAF, 0x80, 0x5B, 0xAF, 0x7E, 0x6C, 0x72, 0x19, 0x18, 0x01, 0x0D,
    0x08, 0x07, 0xD2, 0x7C, 0xF5, 0xF1, 0xC9, 0x1B, 0xC0, 0x0C, 0x64, 0x0B, 0x17, 0x0C, 0xF4, 0xBA,
    0xF8, 0x7A, 0xF7, 0xB8, 0xFC, 0x57, 0xEA, 0x64, 0xA3, 0x2B, 0xD1, 0x66, 0xA8, 0xC5, 0x80, 0x6B,
    0xE3, 0x21, 0x77, 0x87, 0x43, 0x61, 0x87, 0x43, 0x45, 0xB1, 0x57, 0x30, 0xCE, 0x3D, 0x53, 0x6D,
    0xE3, 0x72, 0xB2, 0xDE, 0xEB, 0x3C, 0xD1, 0x95, 0xFE, 0xBC, 0x0B, 0x64, 0xBF, 0x65, 0x61, 0x9B,
    0x7E, 0x79, 0x80, 0xF9, 0x3F, 0x90, 0x9E, 0x2C, 0xC9, 0x58, 0x30, 0x14, 0x4B, 0x0A, 0xF5, 0x77,
    0x14, 0xD7, 0xB6, 0x29, 0xEE, 0x0E, 0x28, 0x6D, 0x41, 0xE7, 0x90, 0x28, 0x4F, 0x3C, 0x7F, 0x12,
    0x0C, 0x00, 0x1B, 0xCA, 0xA0, 0x3F, 0x72, 0x88, 0xFF, 0x68, 0xE0, 0xFD, 0x37, 0xCE, 0xBD, 0xF5,
    0x01, 0x8A, 0x11, 0x3B, 0x05, 0x7A, 0x1B, 0xB9, 0x0E, 0x90, 0xAC, 0xD0, 0x8F, 0xED, 0x40, 0xDA,
    0x6F, 0x49, 0x87, 0x74, 0xC9, 0xDC, 0x65, 0x8F, 0xDC, 0x50, 0xC6, 0xC8, 0xE7, 0x5F, 0xA8, 0xA6,
    0xE5, 0x35, 0x03, 0x65, 0x03, 0xCD, 0x18, 0xAA, 0xAB, 0x00, 0xE7, 0xA6, 0x91, 0xEC, 0xA3, 0x17,
    0xEC, 0x0E, 0xB8, 0xF2, 0xFA, 0xD9, 0xF7, 0x5E, 0x44, 0xCF, 0x4C, 0x99, 0x55, 0xA8, 0xCF, 0x6A,
    0x12, 0xFB, 0x3E, 0xBD, 0xD4, 0x07, 0x36, 0x1F, 0x76, 0xAD, 0xAC, 0xEA, 0x72, 0xBD, 0x4B, 0xFA,
    0x7C, 0x38, 0x45, 0x86, 0xB6, 0xFF, 0xFB, 0x34, 0x65, 0x47, 0x24, 0x35, 0xAA, 0xFB, 0x7E, 0xBC,
    0x6F, 0x0D, 0xB6, 0x0A, 0xF4, 0x80, 0xF4, 0x1D, 0x92, 0x0F, 0x01, 0x92, 0x60, 0xD4, 0x63, 0xB7,
    0x2D, 0x7C, 0x41, 0xDC, 0x26, 0x97, 0xC1, 0x17, 0x50, 0x40, 0x0E, 0xFA, 0xA4, 0x16, 0xA1, 0xE2,
    0x3B, 0x40, 0x70, 0xFD, 0x84, 0xE7, 0x26, 0xC0, 0xB9, 0x69, 0xF0, 0x6D, 0x44, 0x30, 0xE9, 0x8F,
    0xEC, 0x6B, 0x54, 0x70, 0x36, 0x1A, 0xE0, 0x77, 0x99, 0x95, 0x64, 0x6F, 0x5B, 0xF1, 0x13, 0x0B,
    0xC8, 0x60, 0x93, 0x7B, 0x50, 0xBC, 0x2C, 0xEE, 0x1B, 0x19, 0x2C, 0xF8, 0x7A, 0xEA, 0x8B, 0xDD,
    0x8B, 0x6F, 0xFC, 0xBE, 0x43, 0x82, 0xC4, 0xE4, 0xED, 0x68, 0x7C, 0xF3, 0x22, 0xBC, 0xEC, 0xC0,
    0xE1, 0x35, 0x53, 0x7A, 0x3F, 0xAD, 0xDE, 0x04, 0xC8, 0xAB, 0x49, 0x95, 0x3E, 0xF3, 0xC9, 0xEA,
    0x49, 0x03, 0xA0, 0x6E, 0x58, 0xD2, 0xCF, 0x3D, 0x49, 0x33, 0x8B, 0x66, 0xE0, 0xDC, 0x87, 0x0E,
    0xAC, 0xA1, 0xB7, 0xD0, 0xEF, 0x20, 0x7F, 0x5D, 0xF1, 0x49, 0x75, 0xA6, 0x43, 0x87, 0x64, 0x1F,
    0xB2, 0x05, 0xEC, 0xEE, 0xC0, 0x95, 0x4B, 0x00, 0xE7, 0xA7, 0xF1, 0x1D, 0x92, 0x60, 0xE3, 0xF1,
    0x07, 0x87, 0xC0, 0x99, 0x68, 0x00, 0xC7, 0x05, 0x1C, 0xE4, 0x90, 0xFD, 0xC8, 0x92, 0x54, 0x87,
    0xF4, 0x13, 0xDD, 0x91, 0x3F, 0x5A, 0x20, 0xED, 0x5E, 0x97, 0x79, 0x97, 0x59, 0x97, 0x83, 0x2E,
    0xC7, 0xC8, 0xC7, 0x1E, 0x19, 0xAA, 0x7E, 0xBF, 0xFA, 0xA9, 0x47, 0xDA, 0xF8, 0xBD, 0x12, 0xF5,
    0x40, 0xBB, 0x72, 0x21, 0xFC, 0x65, 0xB8, 0xE5, 0x29, 0xA6, 0x6C, 0x15, 0xAC, 0x5F, 0x04, 0xC8,
    0xDF, 0xB6, 0x93, 0x89, 0x4B, 0xBD, 0x49, 0x2D, 0x69, 0xF5, 0x4C, 0x64, 0xBF, 0x63, 0xB2, 0x88,
    0xCC, 0x23, 0x75, 0xE4, 0x4F, 0x6B, 0x04, 0x0E, 0xE0, 0xDC, 0x34, 0xD8, 0x47, 0x2D, 0xD9, 0xCA,
    0xF8, 0xB6, 0x04, 0xCE, 0x46, 0x03, 0x48, 0xFB, 0x67, 0x03, 0xDA, 0x03, 0xF8, 0xEE, 0x85, 0x57,
    0x70, 0x1A, 0x04, 0x7A, 0x03, 0xD4, 0xC7, 0x20, 0x3E, 0xAB, 0xE0, 0xD0, 0x7E, 0x65, 0xD7, 0x7C,
    0xFA, 0xB0, 0x14, 0x03, 0xE8, 0x55, 0xEA, 0xDC, 0xBC, 0x7A, 0xED, 0xB0, 0x88, 0x4F, 0x6B, 0x04,
    0x87, 0x5F, 0xCB, 0xCD, 0x27, 0xF3, 0x43, 0xF5, 0xC8, 0xC7, 0xFD, 0x0B, 0x77, 0x33, 0xF6, 0xB5,
    0x25, 0x6D, 0x49, 0x42, 0x45, 0x56, 0x23, 0x9A, 0x5D, 0x9A, 0x82, 0x66, 0x98, 0xF8, 0xF2, 0xB1,
    0x53, 0x2B, 0x00, 0x0A, 0x18, 0x12, 0x71, 0x17, 0xF6, 0x51, 0x5F, 0x30, 0xFC, 0x80, 0x5B, 0x1B,
    0x8C, 0xD6, 0x28, 0x2B, 0x54, 0x0B, 0x1F, 0x70, 0x5B, 0x73, 0x57, 0x73, 0xEF, 0x80, 0xFC, 0x01,
    0x80, 0xB4, 0x08, 0x17, 0x43, 0x56, 0x24, 0x44, 0x85, 0xAA, 0xF7, 0x8E, 0x7E, 0xE5, 0xAE, 0xEB,
    0xA4, 0x4B, 0x2C, 0x1A, 0x5E, 0x9A, 0xF9, 0x21, 0x49, 0x68, 0x00, 0x40, 0xC7, 0x34, 0xA0, 0x0C,
    0x6C, 0x00, 0x6B, 0x90, 0x82, 0x26, 0xC6, 0x24, 0x70, 0xF4, 0x4B, 0x34, 0xCF, 0x85, 0x41, 0x3D,
    0x42, 0x2C, 0x01, 0xF0, 0x70, 0x4C, 0x8C, 0x1A, 0x0C, 0x9B, 0x4B, 0xE6, 0x73, 0x73, 0xAC, 0xEC,
    0x5D, 0x69, 0x6F, 0x4A, 0x8B, 0xAA, 0xC8, 0xA2, 0x60, 0xEA, 0x13, 0x7B, 0xE1, 0x46, 0x7D, 0xBA,
    0xB7, 0x47, 0x59, 0x26, 0xD1, 0xA2, 0x4C, 0x0E, 0xE3, 0x3A, 0xD9, 0xDC, 0x14, 0xAA, 0xDA, 0x8D,
    0x8F, 0x9E, 0x41, 0xC3, 0x1E, 0x69, 0xA8, 0xF4, 0x47, 0x16, 0xE9, 0x88, 0x61, 0xD1, 0x15, 0x1F,
    0xB0, 0xD9, 0x32, 0xA9, 0xE0, 0xCD, 0xD4, 0xC0, 0x60, 0x1B, 0x50, 0x2D, 0xC4, 0x05, 0xA1, 0x57,
    0xC2, 0xEE, 0xAE, 0x4D, 0x97, 0x2C, 0x91, 0x96, 0xD1, 0x73, 0xF0, 0xF0, 0x4E, 0x8B, 0x0C, 0xBD,
    0xDA, 0x8F, 0x5E, 0x08, 0xEA, 0x01, 0xAB, 0x7E, 0x95, 0x33, 0x5B, 0xCA, 0xCF, 0x17, 0x88, 0x30,
    0x47, 0x78, 0x6D, 0x84, 0x53, 0x95, 0x70, 0xE9, 0x73, 0x99, 0x36, 0xBA, 0xCE, 0x16, 0x65, 0xF3,
    0x3F, 0x35, 0xCE, 0x01, 0x66, 0xC3, 0x50, 0x1C, 0xC7, 0xF1, 0x5F, 0x24, 0x3A, 0xD3, 0xB4, 0x09,
    0x60, 0x48, 0xF6, 0x86, 0x22, 0x2A, 0x6F, 0x09, 0x82, 0xA8, 0x7F, 0x9A, 0x77, 0x84, 0x1D, 0x21,
    0x47, 0x28, 0x62, 0xDE, 0xAC, 0xB1, 0x1C, 0xA1, 0xC7, 0x28, 0xE0, 0xA1, 0x08, 0x82, 0x77, 0x84,
    0x77, 0x84, 0x77, 0x81, 0x11, 0x04, 0xC5, 0xC6, 0x56, 0xB3, 0x1F, 0x00, 0x3F, 0xDF, 0x4F, 0x83,
    0x19, 0x23, 0x18, 0x5C, 0x78, 0xEB, 0x6A, 0x38, 0x01, 0xAE, 0x09, 0x66, 0x4E, 0x85, 0xFF, 0xEC,
    0xBF, 0x7F, 0xE6, 0xC3, 0xF6, 0xFC, 0xF1, 0x15, 0xA2, 0x5D, 0xD5, 0xE3, 0xD2, 0x26, 0x1D, 0x25,
    0xC9, 0xB8, 0x97, 0x95, 0x83, 0x5A, 0x2B, 0xDB, 0xD8, 0x3B, 0x13, 0x88, 0x15, 0xB2, 0xFE, 0xD5,
    0x28, 0xFB, 0x66, 0xB2, 0xDE, 0xC3, 0x9A, 0x73, 0x92, 0x97, 0xE6, 0x14, 0x7A, 0x6D, 0x4A, 0x6D,
    0x60, 0x5D, 0x8D, 0x50, 0x2A, 0x92, 0x8F, 0x7C, 0x71, 0xEF, 0x08, 0x76, 0x2D, 0x8E, 0x4F, 0xBE,
    0x97, 0xCA, 0xCB, 0x40, 0x9C, 0x05, 0xEB, 0xA8, 0x90, 0xF3, 0xA4, 0x8A, 0x08, 0x4A, 0x4D, 0x46,
    0xA7, 0x9C, 0x0E, 0xA0, 0x2E, 0x91, 0x7C, 0xDC, 0x6F, 0x12, 0x26, 0x76, 0xFA, 0xA0, 0x77, 0x9A,
    0x09, 0xAA, 0xD2, 0xF2, 0xA5, 0x63, 0x71, 0x0B, 0xC4, 0x20, 0x54, 0x82, 0xE9, 0xF2, 0x77, 0xA1,
    0x6B, 0x96, 0x53, 0x4C, 0xA5, 0x9F, 0x7B, 0xC7, 0x28, 0xBB, 0x2E, 0xFA, 0x3F, 0x70, 0xFD, 0xBD,
    0x3D, 0xFF, 0x97, 0x90, 0x43, 0x62, 0x76, 0xAC, 0xD3, 0x6F, 0x1E, 0x6E, 0x6E, 0xBA, 0xDD, 0xC1,
    0xF0, 0x03, 0xB5, 0x9A, 0x01, 0x68, 0x25, 0x47, 0x9A, 0xDF, 0x7F, 0xDD, 0x75, 0x9E, 0xB6, 0xA7,
    0xBC, 0x53, 0x86, 0x84, 0xEC, 0x12, 0xCD, 0xA8, 0x0D, 0x18, 0x18, 0x72, 0x92, 0x7A, 0x00, 0x01,
    0xDA, 0xD0, 0x4F, 0x5D, 0xF6, 0x42, 0x0E, 0x62, 0xC8, 0x19, 0x20, 0x01, 0x30, 0xC1, 0x06, 0x08,
    0x07, 0x77, 0x60, 0x39, 0x20, 0x88, 0x96, 0x68, 0xF4, 0xCA, 0x36, 0x10, 0xE0, 0xE0, 0x22, 0x42,
    0x2E, 0x00, 0x00, 0x18, 0x08, 0xB0, 0xCC, 0x6C, 0x90, 0x02, 0x02, 0xB4, 0x89, 0x66, 0x5E, 0xD9,
    0xB3, 0x61, 0x01, 0x58, 0xB6, 0x8D, 0xD7, 0x6B, 0x48, 0x20, 0xDB, 0x8E, 0xB5, 0x9B, 0x44, 0x13,
    0x32, 0xB5, 0x6C, 0x3B, 0x79, 0x33, 0xF3, 0xF4, 0xEA, 0xAA, 0xDE, 0x7B, 0x9A, 0x91, 0x76, 0x34,
    0xA3, 0xD1, 0x68, 0x8C, 0xEA, 0xFF, 0xEF, 0xEE, 0xA7, 0xEE, 0xFE, 0xBE, 0xEE, 0xAE, 0xFA, 0x7F,
    0x55, 0x5F, 0x15, 0x16, 0x92, 0x16, 0xB8, 0x09, 0x64, 0x1A, 0x80, 0xCA, 0x7B, 0xA6, 0xF6, 0x36,
    0x10, 0x56, 0x06, 0x9C, 0x0B, 0x60, 0x8C, 0xBD, 0x6D, 0x84, 0xEF, 0xC7, 0xFD, 0x43, 0x10, 0x5A,
    0xD8, 0x4C, 0xCB, 0x70, 0x7E, 0xBC, 0x2E, 0xA9, 0x3F, 0x46, 0x7C, 0xD5, 0x92, 0xD6, 0x0E, 0xE0,
    0xCC, 0xF7, 0x0B, 0xA8, 0x59, 0xDC, 0xB8, 0x6E, 0x99, 0xCF, 0x93, 0x09, 0x91, 0xC3, 0x01, 0xF9,
    0xF5, 0x40, 0xD7, 0xFB, 0x81, 0xB8, 0x1A, 0xA9, 0x88, 0x94, 0x47, 0x52, 0x13, 0x5A, 0x5A, 0xCF,
    0x49, 0xBC, 0x9B, 0x03, 0xE8, 0x00, 0xF4, 0x81, 0x25, 0x07, 0x74, 0x35, 0x60, 0xC9, 0x2C, 0x95,
    0x61, 0x6B, 0xEC, 0xE9, 0xFE, 0xD4, 0xDE, 0x0D, 0x61, 0x67, 0x84, 0xBD, 0x28, 0xEC, 0x8B, 0xC2,
    0x72, 0x6C, 0x91, 0xBB, 0x54, 0xFB, 0x50, 0xDC, 0x25, 0x19, 0xF6, 0x74, 0x66, 0xA5, 0x56, 0x64,
    0x7A, 0x1A, 0xC1, 0x2C, 0xB0, 0x78, 0xCD, 0x50, 0x79, 0x4B, 0x07, 0x46, 0x98, 0x03, 0x72, 0x52,
    0xAB, 0xAC, 0xB4, 0x22, 0x9C, 0xCF, 0x52, 0x9F, 0xA4, 0xB7, 0x2E, 0x6F, 0x3B, 0x85, 0x9B, 0x66,
    0x33, 0xE7, 0x2D, 0x65, 0xC9, 0xC2, 0x8F, 0xDE, 0x90, 0x37, 0xA4, 0xED, 0x02, 0x6D, 0x49, 0xDB,
    0x49, 0x5C, 0x75, 0xA7, 0x96, 0x43, 0xAA, 0xC1, 0x54, 0x2D, 0xEC, 0x71, 0x7F, 0x72, 0xB7, 0x1A,
    0xBC, 0x76, 0x79, 0x67, 0x71, 0xA5, 0x03, 0x9C, 0x70, 0x9E, 0xF2, 0x9C, 0x6B, 0xC1, 0x9D, 0x5C,
    0x92, 0x51, 0x11, 0x35, 0xD2, 0xD2, 0xD5, 0x5C, 0x85, 0xD4, 0xFB, 0x16, 0xD6, 0x36, 0x6A, 0x98,
    0x91, 0xE6, 0x30, 0x95, 0x91, 0x16, 0xA4, 0x5F, 0x0F, 0x74, 0xBB, 0xCF, 0xB2, 0x34, 0x57, 0xD9,
    0x94, 0x66, 0x0E, 0x17, 0x28, 0xA9, 0x03, 0xFD, 0x2D, 0x2B, 0xCD, 0x6A, 0x8F, 0xFC, 0x76, 0xBB,
    0x8A, 0xF7, 0xA6, 0x1A, 0xE4, 0x43, 0x98, 0xAA, 0xB3, 0x16, 0x84, 0x4D, 0x9B, 0x63, 0xD9, 0x7B,
    0xBF, 0x8B, 0xD8, 0xBB, 0x7E, 0xCF, 0x8F, 0x7E, 0x51, 0x26, 0xB2, 0x1C, 0x71, 0x66, 0x1F, 0xEE,
    0xE7, 0x5A, 0xEE, 0x66, 0xF7, 0xE2, 0x0B, 0xCA, 0xFD, 0xEE, 0x89, 0x55, 0xA5, 0xD7, 0x04, 0xDA,
    0x1B, 0x04, 0xA2, 0x13, 0x69, 0x2E, 0xD2, 0x74, 0xA4, 0x7C, 0x42, 0x85, 0x29, 0x74, 0xE2, 0x1B,
    0x5F, 0xC3, 0xF7, 0x80, 0x1D, 0x10, 0x2D, 0x9C, 0x9F, 0xB4, 0x8A, 0x81, 0xB0, 0x53, 0xB5, 0xAA,
    0x85, 0x9D, 0xD5, 0xC2, 0x2E, 0x23, 0xAC, 0x43, 0x7C, 0x52, 0x23, 0xBE, 0x34, 0x08, 0x6F, 0x11,
    0x9F, 0x36, 0xE3, 0xDF, 0xEC, 0x4E, 0xC0, 0x62, 0x40, 0x74, 0x4F, 0xD6, 0xD5, 0x20, 0x6D, 0x79,
    0x19, 0x20, 0xD7, 0x80, 0x74, 0x00, 0xCB, 0x30, 0xB9, 0x69, 0xE6, 0xCD, 0x54, 0x9D, 0xEC, 0x23,
    0x2C, 0xDB, 0x81, 0x92, 0x7E, 0xA0, 0x2C, 0xD2, 0x74, 0x3C, 0x5C, 0x09, 0xF4, 0x49, 0x13, 0xE8,
    0x67, 0x36, 0xD0, 0x2F, 0x08, 0x34, 0x88, 0xE4, 0x22, 0xD9, 0x40, 0x72, 0x37, 0x5C, 0x1B, 0xEF,
    0xA2, 0xD9, 0xFC, 0x0E, 0xDC, 0x5D, 0x83, 0xA2, 0x05, 0xA0, 0xD7, 0x16, 0x83, 0x7C, 0x3D, 0x6B,
    0x64, 0xAC, 0x01, 0xB5, 0xD4, 0x69, 0xA3, 0xC0, 0x5D, 0x82, 0xED, 0x12, 0xCA, 0x65, 0x98, 0x76,
    0xA0, 0x6A, 0xC8, 0x6C, 0x80, 0x26, 0xBD, 0x00, 0x62, 0x10, 0xD0, 0x40, 0xAC, 0x2D, 0x53, 0xF5,
    0xB9, 0x36, 0xF8, 0xE3, 0x9E, 0x16, 0x72, 0xEF, 0xFA, 0xDD, 0xCA, 0x7B, 0x8F, 0xA8, 0x21, 0x8D,
    0xB0, 0x90, 0x04, 0x60, 0xC7, 0xFB, 0xB2, 0x06, 0xE5, 0xC6, 0x76, 0xCB, 0x6D, 0x58, 0x58, 0x85,
    0xCD, 0x12, 0xDC, 0x1C, 0xC9, 0xBD, 0x0D, 0x84, 0xF7, 0x5A, 0x18, 0x69, 0xA4, 0x16, 0x56, 0x21,
    0xEA, 0x42, 0x67, 0xAD, 0xAF, 0x8B, 0xFD, 0xD0, 0x26, 0x09, 0x8D, 0x92, 0xD0, 0x24, 0x03, 0x5E,
    0x0E, 0x60, 0x8C, 0x51, 0x15, 0x19, 0xC6, 0xF7, 0x1C, 0xA0, 0xC2, 0x55, 0xD2, 0x8C, 0xB7, 0x05,
    0x72, 0x6F, 0x9F, 0xCA, 0x37, 0xFC, 0xB1, 0xAF, 0x29, 0x6E, 0xC7, 0xB7, 0xB9, 0x1A, 0xD0, 0x09,
    0x28, 0xC7, 0xD8, 0x6B, 0x27, 0xCA, 0xD3, 0x0D, 0x50, 0x11, 0x3A, 0x80, 0xC3, 0xD7, 0x9E, 0x4A,
    0x0B, 0x52, 0xEF, 0xFB, 0xBC, 0xF7, 0x17, 0x35, 0x33, 0x99, 0x7D, 0x80, 0x32, 0x60, 0x21, 0x60,
    0x39, 0x60, 0x33, 0xC0, 0x05, 0x34, 0x99, 0x4D, 0xEA, 0x58, 0x87, 0x33, 0x9B, 0xEF, 0x5D, 0xAF,
    0xBB, 0xDE, 0x0F, 0x56, 0x61, 0x75, 0x05, 0xCA, 0x79, 0x58, 0x08, 0x98, 0x3F, 0xAB, 0x64, 0xAA,
    0xC4, 0x37, 0xB3, 0xE4, 0x76, 0x49, 0x0F, 0x79, 0xA1, 0x99, 0x4E, 0x76, 0x61, 0x73, 0x5A, 0x58,
    0x28, 0xA7, 0x25, 0x70, 0x69, 0xFA, 0x02, 0x20, 0x37, 0x76, 0x00, 0xE5, 0x07, 0xC0, 0xDC, 0x74,
    0x4E, 0xFC, 0xAF, 0x32, 0xD0, 0x9F, 0xCE, 0x2C, 0xA9, 0x9B, 0x4E, 0x1D, 0x59, 0x3D, 0x4D, 0x9F,
    0xDC, 0x14, 0x66, 0x8D, 0xB5, 0x70, 0xCF, 0xDC, 0xA4, 0xDE, 0xE4, 0xB7, 0xDD, 0x25, 0xFA, 0x17,
    0xD9, 0x7E, 0x91, 0x2D, 0x70, 0x5C, 0xB7, 0x78, 0x47, 0x32, 0x80, 0x55, 0xE8, 0x2C, 0x50, 0x76,
    0xE8, 0x17, 0xB7, 0xDD, 0xB9, 0xA1, 0x7E, 0x9E, 0x55, 0xBB, 0xCC, 0x34, 0x74, 0xF2, 0x40, 0x72,
    0xFF, 0xF9, 0xB7, 0x9C, 0xB3, 0xB4, 0xEC, 0xF8, 0xE1, 0x83, 0x30, 0x1E, 0xF3, 0xE1, 0x1F, 0xFD,
    0xF8, 0xF1, 0xC3, 0xFF, 0x99, 0xCD, 0x6C, 0x8F, 0xA9, 0x66, 0x95, 0x5E, 0xBF, 0x68, 0xA9, 0xEA,
    0xAC, 0x4F, 0x4F, 0x8B, 0x01, 0x43, 0xC4, 0x0E, 0xBF, 0x46, 0xFC, 0x87, 0xF4, 0x17, 0x88, 0x7F,
    0x24, 0xFE, 0x35, 0xD9, 0x9F, 0x8A, 0x3F, 0x25, 0x7B, 0xF3, 0x4F, 0x14, 0x99, 0xF8, 0x2B, 0xA9,
    0xA5, 0xF8, 0x79, 0xA0, 0x74, 0x10, 0x88, 0x7E, 0x66, 0x14, 0x2E, 0x33, 0xF9, 0xFA, 0xBB, 0xB2,
    0xF6, 0x8E, 0xAA, 0x3D, 0xF2, 0x36, 0x56, 0x1E, 0xA1, 0xBD, 0x6B, 0x7D, 0x44, 0xF4, 0x34, 0x1E,
    0x1E, 0x4B, 0x72, 0x97, 0x21, 0xA3, 0xBB, 0x90, 0x8F, 0xC2, 0x9A, 0xCD, 0xEA, 0xCC, 0x29, 0x43,
    0x3F, 0x87, 0x9D, 0x39, 0x58, 0xED, 0x40, 0x67, 0x82, 0x72, 0x11, 0x56, 0x0B, 0xD8, 0x56, 0x86,
    0x56, 0xD6, 0xA2, 0x49, 0x87, 0x3D, 0x13, 0xC3, 0xDA, 0xA8, 0xFD, 0x4F, 0x8D, 0xAC, 0x59, 0xDC,
    0xE9, 0x29, 0x7E, 0x94, 0xBB, 0x23, 0xF5, 0x09, 0x4D, 0xB7, 0x29, 0x6E, 0x0F, 0xC2, 0xEB, 0x16,
    0x36, 0x3F, 0x28, 0x9D, 0xF0, 0x05, 0x84, 0x77, 0xE2, 0x7F, 0x1F, 0x6D, 0x7E, 0x03, 0xC8, 0xF7,
    0xA3, 0xCF, 0x88, 0x5A, 0xA1, 0xB4, 0x24, 0xE7, 0x05, 0xE6, 0x80, 0xCE, 0x21, 0x2C, 0x02, 0xC5,
    0x44, 0x85, 0xD5, 0x38, 0xC8, 0x68, 0x96, 0xEE, 0x46, 0x9F, 0x9B, 0x10, 0x35, 0xEA, 0x79, 0x95,
    0x04, 0x60, 0x51, 0x70, 0x22, 0x8A, 0x75, 0x12, 0xDF, 0x9E, 0x49, 0x63, 0x29, 0xF6, 0x21, 0x6B,
    0x20, 0xAD, 0x49, 0xBC, 0xAF, 0xD5, 0xFF, 0xFC, 0x6D, 0xBF, 0x48, 0xEB, 0x4E, 0x27, 0xAD, 0xE7,
    0xCA, 0xB4, 0xCE, 0xE3, 0x36, 0x1C, 0xAF, 0x86, 0xDF, 0xDB, 0xF0, 0x7F, 0x83, 0xA8, 0x41, 0xEC,
    0x42, 0x31, 0xA0, 0x1A, 0x14, 0xFD, 0xA9, 0x5A, 0x36, 0xA2, 0x51, 0x3A, 0x69, 0xA7, 0x61, 0xA7,
    0x84, 0xC5, 0x89, 0x2D, 0x65, 0xA1, 0x70, 0xB0, 0xD2, 0x07, 0x77, 0x95, 0xB4, 0x2E, 0xC8, 0x8C,
    0x32, 0x85, 0x91, 0xBB, 0xDE, 0x55, 0x83, 0xD1, 0xDB, 0x8D, 0xE2, 0x4E, 0x54, 0xED, 0x67, 0xA0,
    0x28, 0xF4, 0xE3, 0x2F, 0x0D, 0xA8, 0xA3, 0x74, 0x1E, 0x00, 0xBA, 0x6D, 0xCF, 0xE5, 0xF5, 0x92,
    0x91, 0x46, 0x71, 0x18, 0x59, 0xD4, 0xD8, 0x61, 0x0F, 0x7A, 0x77, 0x1E, 0xF7, 0x52, 0x5D, 0xD5,
    0xEF, 0xFD, 0xCE, 0xD7, 0x53, 0x75, 0x61, 0xBA, 0x23, 0x4D, 0x9E, 0xE3, 0x2C, 0x1C, 0x44, 0xF1,
    0x5A, 0x4F, 0x47, 0x6F, 0x7D, 0xFD, 0xAD, 0xDD, 0xB9, 0x01, 0x48, 0x47, 0x9C, 0x8C, 0x98, 0x1A,
    0x00, 0x5B, 0x79, 0xC7, 0xE2, 0x86, 0x61, 0x5E, 0x31, 0x02, 0x0F, 0xE0, 0x0D, 0xEA, 0x7A, 0x8B,
    0x62, 0x27, 0xA0, 0x73, 0x08, 0x3B, 0xE4, 0xE1, 0x77, 0xEF, 0xCD, 0x58, 0xE4, 0x46, 0x9D, 0x3A,
    0x62, 0xBF, 0x8E, 0xCC, 0xFE, 0x21, 0xF9, 0x26, 0xD0, 0xDE, 0x20, 0x1E, 0x16, 0x91, 0xD4, 0x51,
    0x5A, 0xCC, 0xAC, 0xDC, 0x1B, 0xC8, 0xDD, 0xCA, 0x37, 0xD5, 0x80, 0xC9, 0xFD, 0xC2, 0xBD, 0x1E,
    0x84, 0x8E, 0x53, 0xC5, 0x52, 0x80, 0xD4, 0xAF, 0x93, 0xDF, 0xEE, 0x33, 0xCD, 0x1A, 0x97, 0x50,
    0xFA, 0x45, 0xA4, 0x81, 0xCC, 0xF2, 0xE7, 0xD7, 0x2D, 0x3D, 0x6F, 0x47, 0xFB, 0xC8, 0x00, 0x65,
    0x66, 0xC8, 0x59, 0xE4, 0x2A, 0xC5, 0xED, 0x96, 0x73, 0xDE, 0x44, 0xDB, 0xBD, 0xF8, 0x24, 0xD9,
    0xFD, 0xC1, 0xC8, 0x4E, 0x15, 0xB8, 0x43, 0xB4, 0xB1, 0x4D, 0x6C, 0x3F, 0x2D, 0xC1, 0xE7, 0x2F,
    0x62, 0xAD, 0x14, 0xDE, 0x45, 0xB6, 0xED, 0x84, 0xB3, 0xC0, 0x7D, 0xA2, 0x47, 0xAB, 0x28, 0x84,
    0xAD, 0xE8, 0x20, 0x77, 0xD5, 0xFD, 0x96, 0x6A, 0x90, 0x78, 0x03, 0x53, 0xDE, 0xD1, 0xDB, 0x30,
    0x89, 0x53, 0xA4, 0xB5, 0x42, 0x4C, 0x10, 0x8F, 0xC3, 0xEF, 0x90, 0x7B, 0x98, 0x53, 0xB0, 0x1A,
    0xD0, 0x2A, 0x44, 0xA3, 0x50, 0x36, 0x5F, 0x5F, 0xC4, 0xBB, 0xAC, 0x4F, 0xD5, 0x63, 0x5B, 0xF1,
    0xAA, 0xD2, 0x28, 0x7D, 0xCE, 0xEB, 0xEE, 0x86, 0x6E, 0x55, 0x2C, 0x37, 0xFD, 0x6E, 0xF1, 0x79,
    0x03, 0x2F, 0xD2, 0x1D, 0xA4, 0xF7, 0x5B, 0x69, 0x50, 0x30, 0x0B, 0x65, 0xCF, 0x54, 0xBE, 0x5D,
    0x8C, 0x6D, 0xAE, 0x2C, 0xE9, 0x84, 0x32, 0x47, 0x99, 0xEB, 0x6D, 0x79, 0xDF, 0x8D, 0xBC, 0xA1,
    0xF2, 0x26, 0x84, 0xC0, 0xCC, 0x8C, 0xCA, 0x5F, 0xD7, 0x99, 0x6F, 0xB2, 0x0F, 0xDA, 0xCC, 0xAC,
    0x64, 0x66, 0x2B, 0x84, 0xCF, 0x6A, 0x72, 0x4E, 0x33, 0xF5, 0xAB, 0x26, 0x33, 0xF5, 0xA8, 0x70,
    0xB8, 0xC8, 0xFF, 0x45, 0x35, 0x40, 0x7A, 0xAF, 0xD3, 0x6F, 0x6E, 0xC0, 0xE6, 0x0A, 0x34, 0x13,
    0xD4, 0x2B, 0x24, 0x76, 0x85, 0x34, 0x40, 0xE8, 0x15, 0xF2, 0xBF, 0xBE, 0x41, 0xD7, 0xFB, 0x78,
    0x64, 0xE6, 0xC7, 0xD0, 0xAF, 0x92, 0xE8, 0xC4, 0x6B, 0x79, 0xA7, 0x0E, 0x31, 0xBC, 0xC4, 0x2D,
    0x5E, 0x0B, 0x16, 0xC3, 0x0E, 0xA1, 0x14, 0xA0, 0xEE, 0x37, 0xA9, 0x37, 0x1D, 0x35, 0x98, 0xA6,
    0x78, 0xA3, 0x59, 0x23, 0xFD, 0xA4, 0x6E, 0xE0, 0xB3, 0xCF, 0x2C, 0xFC, 0xC7, 0xCF, 0x35, 0xF4,
    0x7C, 0xA0, 0xDF, 0x7D, 0x6E, 0x11, 0x9F, 0x7D, 0xD6, 0x90, 0x7D, 0x52, 0xB7, 0xE4, 0x69, 0xD3,
    0x61, 0x55, 0xF5, 0x73, 0x9D, 0x0D, 0x99, 0x5B, 0xD2, 0xAF, 0x46, 0x37, 0x75, 0xF2, 0x1E, 0xA9,
    0xD7, 0x64, 0x51, 0x85, 0xE7, 0x43, 0x5D, 0x5B, 0xD2, 0xB2, 0x4F, 0xE5, 0x7A, 0xCD, 0x94, 0x09,
    0x27, 0x9A, 0x9C, 0xCC, 0xF4, 0xC8, 0x3E, 0xFC, 0x35, 0xD9, 0x5F, 0x2A, 0xB2, 0x1F, 0x07, 0xB8,
    0x71, 0xFB, 0x97, 0x75, 0xAE, 0x2B, 0xD7, 0x6D, 0xA8, 0x17, 0xC0, 0xAD, 0x42, 0xD8, 0x05, 0x4E,
    0x75, 0x6D, 0xE5, 0x66, 0x28, 0xEC, 0x7E, 0x38, 0xA7, 0x26, 0xFB, 0x48, 0x93, 0xFD, 0x15, 0x64,
    0x43, 0xC2, 0xF9, 0x3A, 0x1C, 0x5B, 0xB2, 0x0F, 0x1C, 0xD2, 0x6C, 0x53, 0xB9, 0x39, 0xA4, 0xF7,
    0x9C, 0xBB, 0x37, 0x80, 0x66, 0xEB, 0x21, 0xEA, 0x2D, 0x12, 0xBB, 0x45, 0x1A, 0xF0, 0x5D, 0xBD,
    0x45, 0x2F, 0x19, 0xB2, 0x92, 0x79, 0x8A, 0x5A, 0x0C, 0x64, 0x93, 0xB9, 0x6C, 0xF3, 0x42, 0x93,
    0xAD, 0x5C, 0x6C, 0xB2, 0x72, 0xA1, 0xC9, 0x2E, 0x5D, 0x69, 0x32, 0xF5, 0x71, 0x93, 0xC9, 0xBA,
    0xC9, 0x84, 0x6D, 0xE4, 0xEB, 0xAF, 0xB7, 0x55, 0xA3, 0xF6, 0xA3, 0xBF, 0x45, 0xEC, 0xA5, 0x1A,
    0xC5, 0x08, 0x5F, 0x2C, 0x91, 0x79, 0x3F, 0xDE, 0x9F, 0x40, 0x36, 0xC5, 0x7A, 0xF4, 0x97, 0x9E,
    0xC9, 0xEE, 0xB7, 0x39, 0x3B, 0x1D, 0x3A, 0x25, 0x73, 0xE3, 0xB2, 0x48, 0x59, 0xE8, 0x1D, 0x75,
    0xDF, 0xA5, 0x3E, 0xCA, 0x48, 0x3D, 0xF5, 0x9B, 0x0D, 0x32, 0x93, 0x3F, 0x0E, 0x93, 0x87, 0x0F,
    0x46, 0xF3, 0x86, 0x5E, 0x6F, 0x80, 0xB2, 0x8B, 0x28, 0x5D, 0x04, 0xE4, 0x01, 0x6A, 0xB2, 0x9D,
    0x0B, 0x58, 0x25, 0x34, 0x8E, 0xB1, 0xC6, 0x68, 0x1E, 0x20, 0x6F, 0xA0, 0xD7, 0x12, 0x48, 0x67,
    0xBE, 0x56, 0x69, 0x33, 0x4B, 0x5D, 0xC2, 0xB8, 0x74, 0xA0, 0xD0, 0xA8, 0x7B, 0xC1, 0x19, 0x53,
    0xF9, 0xC1, 0xE2, 0x70, 0x30, 0x5F, 0xCE, 0x5C, 0x29, 0x2F, 0xBF, 0x52, 0xC2, 0xA1, 0x92, 0xDC,
    0x0C, 0xD7, 0xDA, 0x5E, 0x13, 0x4E, 0xD2, 0x6B, 0x28, 0x4A, 0xA4, 0x5E, 0x21, 0xB3, 0x9B, 0x08,
    0xDB, 0x90, 0xFC, 0x8F, 0x1A, 0x7E, 0x6F, 0xE1, 0x3F, 0x6B, 0xA8, 0x80, 0x0E, 0x50, 0x02, 0x5B,
    0xF0, 0x6F, 0x1A, 0xF0, 0x06, 0x6E, 0x00, 0x4C, 0x19, 0xF8, 0xE3, 0x00, 0x71, 0x08, 0xBD, 0xBB,
    0x64, 0xB7, 0xEF, 0x58, 0x25, 0x3E, 0x74, 0x1D, 0x61, 0xDA, 0x52, 0x98, 0xED, 0x80, 0x95, 0xB8,
    0x8D, 0xC7, 0xF9, 0x0F, 0x3E, 0x74, 0xF2, 0xFE, 0x1D, 0x1B, 0xCE, 0x3B, 0x7A, 0x9D, 0xAC, 0xA1,
    0xEA, 0xD3, 0xFD, 0xCA, 0x53, 0x98, 0x1B, 0x64, 0xD6, 0x05, 0x3F, 0x2C, 0xF4, 0x80, 0x45, 0xA0,
    0xA7, 0x49, 0x3E, 0xAF, 0xC9, 0x8C, 0xA3, 0xD0, 0x43, 0x7A, 0x9F, 0x7B, 0x2A, 0x17, 0xDE, 0xB6,
    0x8D, 0x61, 0x71, 0xFA, 0xB1, 0x90, 0x5F, 0x2C, 0xAD, 0x57, 0xDE, 0xBB, 0x89, 0xA4, 0x47, 0xD4,
    0x80, 0xF6, 0xB7, 0x3C, 0x45, 0xD2, 0xA2, 0x70, 0x0F, 0x20, 0x7F, 0xEB, 0x48, 0xBD, 0x03, 0x26,
    0x48, 0xFA, 0xA0, 0x3C, 0xD5, 0xEF, 0xF7, 0xAB, 0x46, 0xDA, 0xD8, 0x72, 0xCC, 0xA6, 0xE2, 0x89,
    0x14, 0x0C, 0xDE, 0x7D, 0x27, 0x5A, 0xF4, 0x4D, 0xF5, 0x75, 0xBC, 0xCC, 0xB4, 0x4F, 0x7D, 0xD9,
    0x28, 0x0A, 0x39, 0x80, 0x87, 0xF4, 0x31, 0xC0, 0x5B, 0x51, 0x6C, 0xBE, 0x7F, 0x03, 0xE6, 0x4B,
    0xB8, 0x12, 0xC0, 0x62, 0x3F, 0x60, 0x03, 0xCA, 0xCC, 0x50, 0x0A, 0x33, 0xDA, 0xDE, 0x58, 0x42,
    0xF8, 0x3E, 0x00, 0x55, 0x3B, 0x6A, 0x05, 0xE9, 0x80, 0xCC, 0xB0, 0x35, 0xA1, 0x3D, 0x1D, 0xE8,
    0x76, 0x13, 0x0F, 0x5D, 0xA4, 0xAD, 0x48, 0x9B, 0x5B, 0xC8, 0x2F, 0xDD, 0x90, 0xCA, 0x7F, 0xE4,
    0x99, 0x5C, 0x4B, 0x51, 0x1F, 0xC8, 0xD8, 0xFF, 0x35, 0x59, 0x94, 0xC0, 0xAD, 0xCC, 0x2C, 0x07,
    0x96, 0xBF, 0x9A, 0xC8, 0x5E, 0x54, 0x90, 0x0D, 0xFB, 0xAA, 0xA8, 0x49, 0x1B, 0x12, 0x17, 0x5F,
    0xDA, 0x35, 0x47, 0xD2, 0x44, 0x05, 0xD9, 0xD0, 0xF2, 0x2E, 0x95, 0xCB, 0x5B, 0x0A, 0x7B, 0xF3,
    0x66, 0x6C, 0xC3, 0x4A, 0x87, 0x06, 0x2E, 0x4D, 0xF6, 0xA5, 0xCD, 0x6C, 0xE6, 0xE3, 0xA0, 0xE9,
    0xA3, 0xB0, 0x17, 0x7E, 0xCB, 0x4C, 0xFC, 0x2F, 0xB2, 0xB9, 0x79, 0x83, 0xCA, 0x15, 0xBB, 0x24,
    0xBD, 0xFD, 0xEC, 0x57, 0xAD, 0x4A, 0x9A, 0x58, 0x5E, 0x6F, 0xB2, 0xBD, 0x26, 0xF1, 0x4D, 0xF2,
    0x55, 0x13, 0x86, 0x00, 0xEA, 0x1F, 0xF4, 0x3B, 0x6A, 0x3F, 0xD5, 0x08, 0x4B, 0xEA, 0x60, 0x1B,
    0x2E, 0x02, 0x9C, 0x28, 0x92, 0xD9, 0x1B, 0x46, 0xFD, 0xAC, 0x0E, 0x26, 0xE1, 0xA9, 0xCE, 0x2F,
    0x34, 0x4B, 0x86, 0x9E, 0x37, 0x52, 0x13, 0xCB, 0x3B, 0x8D, 0x1C, 0x0E, 0xA4, 0xB9, 0x2A, 0xF5,
    0x9C, 0xD4, 0xD3, 0x52, 0xE7, 0x07, 0x65, 0x3A, 0xAF, 0xA7, 0xBB, 0x2E, 0x46, 0x12, 0x58, 0x85,
    0x96, 0xA9, 0x86, 0xDC, 0x00, 0x28, 0x98, 0x83, 0x15, 0xF8, 0x98, 0xA7, 0x89, 0x11, 0x49, 0x90,
    0x15, 0xEF, 0xA6, 0x71, 0x25, 0xEF, 0x2E, 0x5E, 0xA3, 0x1A, 0x1E, 0x6A, 0xC9, 0x51, 0x56, 0x8C,
    0xBC, 0x4B, 0x67, 0x8D, 0xE5, 0x0B, 0xAC, 0xFC, 0x11, 0x95, 0x41, 0xF6, 0x61, 0x8D, 0x8F, 0x15,
    0x9B, 0x8A, 0x1B, 0x57, 0x29, 0x76, 0x91, 0x46, 0x59, 0xA9, 0x01, 0x0A, 0xD3, 0x35, 0xD9, 0x91,
    0xBF, 0xBC, 0xE9, 0xB6, 0x97, 0x5F, 0xEA, 0x14, 0xE5, 0x34, 0x80, 0x6C, 0xF2, 0x26, 0x39, 0xF2,
    0x97, 0xF5, 0xF3, 0x7D, 0x5C, 0xD2, 0xC7, 0x01, 0xA4, 0xAD, 0x6C, 0x79, 0xF4, 0xCF, 0xE1, 0xD2,
    0x26, 0xB7, 0x8B, 0x23, 0x19, 0x26, 0xB9, 0xD7, 0x67, 0x24, 0xC0, 0x13, 0xAA, 0x7B, 0x6D, 0xA0,
    0x9F, 0xAC, 0x45, 0x31, 0x56, 0xA4, 0x91, 0x82, 0x1C, 0x2B, 0x7A, 0xC9, 0xDD, 0x1B, 0x51, 0x90,
    0x77, 0x63, 0x53, 0xB5, 0x14, 0x76, 0x49, 0x93, 0x99, 0x59, 0x26, 0xB4, 0xD7, 0x1B, 0x92, 0xF9,
    0xE1, 0x3B, 0x26, 0x1C, 0x0A, 0x1B, 0x28, 0x8D, 0x24, 0xAC, 0x6C, 0x42, 0x18, 0x0A, 0x57, 0xDC,
    0xA5, 0xD0, 0x90, 0x07, 0x48, 0x43, 0xFC, 0x22, 0xC8, 0xB8, 0xFF, 0xB6, 0x23, 0x7C, 0x11, 0xA4,
    0xED, 0x10, 0xBE, 0x49, 0xC0, 0xF4, 0x23, 0xC8, 0xEB, 0xCA, 0x74, 0x9D, 0xAF, 0x01, 0x48, 0x27,
    0xFD, 0x19, 0xC5, 0xA4, 0xCA, 0xC0, 0x69, 0x02, 0x0F, 0xAF, 0x02, 0xDB, 0xC0, 0x55, 0x40, 0x01,
    0xA9, 0x3E, 0x75, 0xA0, 0xCB, 0x74, 0x1D, 0xFE, 0xDF, 0x30, 0xEE, 0x58, 0xC0, 0x59, 0x95, 0x37,
    0x2A, 0x5F, 0x51, 0x77, 0xF5, 0x13, 0x95, 0xEF, 0x37, 0x3D, 0x13, 0xE3, 0x11, 0x0A, 0x46, 0x90,
    0xC0, 0x39, 0x48, 0xBD, 0x85, 0xAB, 0x40, 0x09, 0x5D, 0xEF, 0xF5, 0x4F, 0xD6, 0xDE, 0xD6, 0x9B,
    0xA5, 0xE0, 0xDD, 0x32, 0x85, 0x12, 0xA8, 0x86, 0x3A, 0x68, 0x8B, 0xA3, 0xA4, 0x0D, 0xD8, 0x1E,
    0x23, 0x71, 0xAC, 0x6D, 0x34, 0xC2, 0x0F, 0x49, 0x1D, 0xC8, 0x00, 0x36, 0xC7, 0xA8, 0xBC, 0xE3,
    0xFB, 0x77, 0x37, 0xB9, 0xB2, 0x79, 0x65, 0xFC, 0x5B, 0xAF, 0x0F, 0x37, 0x87, 0xB0, 0xA9, 0x02,
    0xE4, 0x68, 0x9B, 0x0E, 0xF7, 0x89, 0xD5, 0xE0, 0xC8, 0xA0, 0x54, 0x1F, 0x1D, 0x94, 0x06, 0x5F,
    0xF7, 0x17, 0xAF, 0x5D, 0xDB, 0xE9, 0x40, 0x19, 0x5B, 0x4F, 0xAE, 0x8F, 0x0E, 0x4A, 0x89, 0xAD,
    0xE4, 0x61, 0xF0, 0xAD, 0xFC, 0xB0, 0xF3, 0x8F, 0xDF, 0xEB, 0x30, 0x53, 0xB0, 0x3A, 0x0E, 0xBE,
    0xC1, 0xEE, 0xD5, 0x7C, 0x3D, 0xD9, 0x97, 0x46, 0x44, 0x79, 0xD1, 0xA2, 0x56, 0xA4, 0xCD, 0x05,
    0x12, 0x77, 0x09, 0xDC, 0x0C, 0x6C, 0x2F, 0x40, 0xB9, 0x1C, 0xB0, 0x09, 0xB3, 0xCD, 0xC3, 0x51,
    0x56, 0x66, 0xE9, 0x35, 0x52, 0x57, 0xBA, 0x30, 0x8A, 0x1F, 0x22, 0xF5, 0x26, 0x99, 0x6D, 0x10,
    0x9F, 0x5A, 0xD2, 0xAF, 0x2D, 0xFC, 0x7F, 0x0D, 0x3D, 0x60, 0x0D, 0xE8, 0xC0, 0x93, 0xD2, 0x18,
    0x37, 0x0E, 0xD2, 0x18, 0xE9, 0x69, 0xD3, 0x18, 0x75, 0x72, 0x30, 0x70, 0x07, 0xA5, 0x81, 0x0B,
    0x1C, 0xD4, 0xD7, 0xCB, 0x3C, 0xBE, 0x93, 0x55, 0x4C, 0xEA, 0xDE, 0x2F, 0x1E, 0xAD, 0x7B, 0x66,
    0x54, 0xF7, 0x26, 0x91, 0x2F, 0xB5, 0x93, 0x50, 0x7B, 0x64, 0xF0, 0xD0, 0xDD, 0x87, 0xEF, 0xFE,
    0xF2, 0x74, 0x83, 0x87, 0x25, 0x4D, 0xAE, 0x91, 0xA3, 0xD2, 0x1B, 0x44, 0x9E, 0x14, 0x6F, 0xE4,
    0xED, 0x46, 0x6A, 0x17, 0xDE, 0x5F, 0x60, 0x75, 0xBD, 0xE9, 0x7A, 0x0D, 0x8F, 0x64, 0x00, 0xFE,
    0x4B, 0x2E, 0x7E, 0x36, 0x2B, 0x3E, 0x1D, 0x8C, 0x32, 0x00, 0x9B, 0xC2, 0xCE, 0x1C, 0xCE, 0x00,
    0x3C, 0xB6, 0x53, 0xF4, 0x0F, 0xC3, 0xF6, 0x4F, 0xE6, 0x50, 0x6F, 0x0C, 0x26, 0x9D, 0xA2, 0x4D,
    0x94, 0x9E, 0x79, 0xB4, 0x53, 0xC4, 0x8B, 0x70, 0x11, 0x66, 0x2A, 0x3F, 0x98, 0xDA, 0xFB, 0xD1,
    0x83, 0xFC, 0xC2, 0x09, 0x53, 0x00, 0x68, 0xA8, 0x49, 0xEA, 0xCA, 0xD7, 0xD5, 0x17, 0x26, 0xB3,
    0x3C, 0x52, 0x26, 0x52, 0x7D, 0x6C, 0x36, 0x31, 0x3C, 0xE7, 0x77, 0xBF, 0x38, 0xE6, 0xB6, 0x47,
    0x85, 0x9F, 0x6E, 0xD4, 0xAC, 0x03, 0xE1, 0xFF, 0xE5, 0xE4, 0x6E, 0x93, 0x9C, 0xE8, 0x4C, 0xC0,
    0xC5, 0xA3, 0xE3, 0xB8, 0xFB, 0xF1, 0x53, 0x14, 0xF1, 0x33, 0xFC, 0xC1, 0x1C, 0x80, 0xB0, 0xD5,
    0x60, 0xA4, 0x67, 0x1A, 0x0A, 0x78, 0x61, 0x00, 0x79, 0x13, 0x9B, 0xE1, 0xD4, 0x17, 0x9B, 0x99,
    0x79, 0x3F, 0x1A, 0xF0, 0x21, 0x74, 0xF6, 0x33, 0xD3, 0xC9, 0xCC, 0x5C, 0x90, 0x02, 0x59, 0x4F,
    0x57, 0x6E, 0x1A, 0xC6, 0xA1, 0x6A, 0x85, 0x73, 0x8E, 0xDC, 0x3C, 0x7B, 0x7A, 0x51, 0x3F, 0x39,
    0xBD, 0x68, 0x01, 0xB2, 0x11, 0x8B, 0x31, 0x1B, 0x1E, 0xAA, 0x26, 0xA3, 0x31, 0x4B, 0xF5, 0xC4,
    0x31, 0x4B, 0x7A, 0x78, 0xCC, 0x72, 0x75, 0x34, 0x66, 0x31, 0x40, 0x16, 0x49, 0xE8, 0x03, 0x4A,
    0x38, 0x45, 0x1E, 0xD3, 0x6B, 0x2E, 0x10, 0x4A, 0xBA, 0x4F, 0xD2, 0x72, 0xE2, 0x00, 0x88, 0xF7,
    0x63, 0x39, 0xEF, 0x90, 0x36, 0x36, 0xCA, 0xE3, 0xD3, 0x8A, 0xB7, 0x27, 0x69, 0xC5, 0x5B, 0x8F,
    0x4D, 0x2B, 0xF6, 0x81, 0x6D, 0x60, 0x19, 0x98, 0x07, 0xAE, 0x9C, 0x18, 0x77, 0x3E, 0x74, 0x48,
    0xD3, 0xA7, 0x72, 0xD5, 0x21, 0xD1, 0x3E, 0x0F, 0x24, 0x84, 0xFB, 0x35, 0x53, 0xB5, 0x74, 0xC2,
    0xAA, 0xB7, 0xC4, 0x4F, 0x67, 0x10, 0x3F, 0x5F, 0x08, 0x78, 0x9F, 0xD1, 0x30, 0xFB, 0xBF, 0xBB,
    0xB0, 0xBF, 0x1A, 0xD0, 0x41, 0xFC, 0x74, 0xD4, 0x7E, 0xA3, 0x08, 0xD6, 0x72, 0x37, 0x6D, 0xAB,
    0x01, 0x3B, 0x31, 0x8E, 0x15, 0x76, 0x8D, 0x4C, 0x3B, 0xB2, 0x7F, 0x66, 0xC9, 0xFE, 0xCC, 0x90,
    0xF9, 0x80, 0xEB, 0x36, 0x1C, 0x37, 0x64, 0xBA, 0x25, 0x4E, 0xF9, 0x54, 0x2E, 0x3F, 0xF4, 0xBC,
    0x1D, 0x5D, 0x0D, 0x96, 0x1F, 0x48, 0xA1, 0xF0, 0x06, 0xF1, 0x65, 0xD8, 0x7E, 0xE2, 0x18, 0x0F,
    0xEA, 0x57, 0x0F, 0x9E, 0xD7, 0x8C, 0x9F, 0x37, 0x69, 0x8F, 0x68, 0x83, 0x5B, 0x91, 0xAF, 0x0F,
    0xE4, 0x0F, 0xAC, 0x7C, 0x13, 0xF9, 0x4F, 0x91, 0xFB, 0xC8, 0x77, 0x90, 0x6F, 0x1A, 0xF9, 0x83,
    0x5A, 0x7D, 0x10, 0x62, 0xE2, 0x6A, 0xE5, 0x9B, 0x39, 0x16, 0x7B, 0xBA, 0x17, 0xE7, 0x78, 0xBE,
    0x09, 0x24, 0x2C, 0xE4, 0x99, 0x0E, 0x74, 0x81, 0x40, 0x83, 0x48, 0xEF, 0x45, 0x52, 0x3A, 0x50,
    0x66, 0x03, 0x89, 0x26, 0x50, 0xD2, 0x06, 0x62, 0x07, 0x0A, 0x53, 0x91, 0xF8, 0x5A, 0xDA, 0xCA,
    0x67, 0xF6, 0xEF, 0x6F, 0x2B, 0x3B, 0xBF, 0xDC, 0xE1, 0xCA, 0xF2, 0x32, 0x2C, 0x37, 0xD0, 0xAD,
    0xE1, 0x87, 0x0E, 0x96, 0xB7, 0x03, 0x3A, 0xB0, 0xAD, 0xB4, 0xF0, 0xA2, 0x7E, 0x1E, 0x39, 0xD6,
    0x1B, 0x3A, 0xDE, 0xC5, 0x02, 0x59, 0x24, 0x61, 0x1E, 0x90, 0x06, 0xE0, 0x14, 0x83, 0x4A, 0x07,
    0x1C, 0x60, 0x13, 0x78, 0x37, 0xDE, 0x79, 0x18, 0xFC, 0xBB, 0x79, 0x23, 0x5A, 0xBB, 0x14, 0xE9,
    0xE5, 0x67, 0xCC, 0x01, 0x07, 0x37, 0x7C, 0x70, 0xE3, 0x66, 0x30, 0x77, 0x21, 0xE0, 0x7C, 0x70,
    0xE3, 0x8F, 0x1E, 0x37, 0xB6, 0x8D, 0xE1, 0x97, 0xA0, 0x46, 0xD7, 0x1B, 0x88, 0x59, 0xD0, 0xC7,
    0xB0, 0xDF, 0x0D, 0x3C, 0xD6, 0xA6, 0x38, 0xB7, 0x13, 0x59, 0xDA, 0xC8, 0xE2, 0x08, 0xCB, 0xDD,
    0x6C, 0xA4, 0x53, 0xC5, 0x20, 0x33, 0x1C, 0x44, 0x34, 0xE6, 0x00, 0xFE, 0x4E, 0x1F, 0x40, 0xAE,
    0x8F, 0x27, 0xFA, 0xE2, 0x68, 0x99, 0xCC, 0xE4, 0x0F, 0xA9, 0x6B, 0x02, 0xDD, 0x77, 0x81, 0xE8,
    0x47, 0x5A, 0x8D, 0x54, 0xC6, 0x9E, 0x54, 0x19, 0x9E, 0xA7, 0x2E, 0x01, 0x46, 0xB4, 0x02, 0xE0,
    0x18, 0x47, 0x33, 0x2A, 0xCD, 0x54, 0x03, 0xF4, 0x02, 0x89, 0x7E, 0x51, 0x23, 0xED, 0x7F, 0x6A,
    0x51, 0x49, 0xB3, 0xCA, 0x5C, 0x5A, 0x97, 0x74, 0x84, 0xED, 0x44, 0x2A, 0x0F, 0x51, 0x91, 0x34,
    0xCB, 0x28, 0xED, 0x1C, 0xB2, 0xEE, 0x5A, 0x42, 0x4F, 0x63, 0xCF, 0x50, 0xDC, 0x1B, 0xC2, 0x0D,
    0x42, 0x5B, 0xEC, 0x73, 0x41, 0x5D, 0x65, 0xE6, 0x92, 0xA2, 0x9C, 0x09, 0x28, 0x27, 0xDB, 0x4B,
    0x97, 0x98, 0x53, 0x0B, 0xC8, 0xFF, 0xF6, 0x8D, 0x49, 0x7C, 0x4F, 0x3F, 0x73, 0xD2, 0xBA, 0x7B,
    0x68, 0x04, 0xBC, 0xA1, 0xE1, 0xC6, 0x53, 0x8C, 0xE9, 0x99, 0x81, 0x8B, 0x88, 0x6D, 0x44, 0x73,
    0x86, 0x8C, 0x77, 0x1F, 0x68, 0x81, 0x2D, 0xE0, 0x7D, 0xE0, 0x0A, 0x95, 0x1F, 0x54, 0x4F, 0xCC,
    0x15, 0x20, 0x2C, 0xE9, 0xA8, 0x60, 0x7C, 0x5B, 0xB9, 0xC2, 0x48, 0x2B, 0x47, 0x13, 0x7C, 0xD3,
    0x24, 0xAE, 0x84, 0x76, 0x19, 0x4A, 0x07, 0x45, 0x0D, 0xCA, 0x04, 0xE8, 0xA3, 0xC8, 0xD7, 0xC1,
    0xF7, 0x1F, 0xDB, 0xF3, 0x4D, 0x0F, 0xF7, 0x7C, 0xBB, 0x40, 0x07, 0x98, 0x3D, 0x84, 0xAE, 0x26,
    0xF1, 0x96, 0xB1, 0xED, 0xFC, 0x81, 0xED, 0x74, 0x64, 0x7B, 0x05, 0xB6, 0x1D, 0x2C, 0x36, 0x90,
    0x47, 0xA5, 0xDA, 0x27, 0x79, 0xE7, 0xDF, 0x9E, 0x68, 0x5B, 0x3C, 0xE8, 0x75, 0xDB, 0x60, 0xDB,
    0xC0, 0xBF, 0x04, 0xBA, 0x20, 0x7C, 0x73, 0xAC, 0xED, 0x49, 0xBA, 0xBE, 0x16, 0x4E, 0x69, 0xDA,
    0x39, 0xD8, 0x59, 0x81, 0x6A, 0x92, 0xAE, 0x97, 0x16, 0x72, 0x07, 0xE5, 0xF1, 0xE9, 0x7A, 0xA0,
    0x9C, 0x60, 0x01, 0xB8, 0x0C, 0x8C, 0x72, 0x1D, 0xB9, 0xD9, 0x1E, 0xE7, 0x3A, 0xBE, 0x3E, 0x94,
    0xEB, 0x88, 0xF6, 0x62, 0xEE, 0xEE, 0x03, 0x47, 0xAE, 0xF7, 0xE9, 0xDD, 0xF2, 0x87, 0xA2, 0x41,
    0x06, 0xA4, 0x54, 0xBE, 0xDF, 0x75, 0x8B, 0xC3, 0xAD, 0xDC, 0xCC, 0xAF, 0xCC, 0x2B, 0x3D, 0xBF,
    0x72, 0x45, 0xE9, 0x57, 0x56, 0x5E, 0x51, 0x9A, 0x15, 0x9E, 0x8A, 0x92, 0x9B, 0xD7, 0x36, 0xD6,
    0x33, 0xEF, 0x7D, 0x0B, 0x30, 0xA2, 0x2D, 0x80, 0xF7, 0x1F, 0x10, 0x5D, 0xFF, 0xE5, 0xFE, 0x0F,
    0xFF, 0xDF, 0xA7, 0xEE, 0x7D, 0xF7, 0x89, 0xBB, 0xE2, 0x82, 0x33, 0x2E, 0x79, 0x04, 0xC9, 0x37,
    0xFF, 0xA4, 0x55, 0xDE, 0x1F, 0x38, 0x78, 0x61, 0x82, 0x97, 0xCE, 0x30, 0x75, 0xD0, 0x02, 0x01,
    0x13, 0x45, 0x9C, 0x38, 0xF3, 0x74, 0xF9, 0x9A, 0xBB, 0xA0, 0xBC, 0x06, 0x19, 0x01, 0x64, 0x80,
    0xE0, 0x58, 0x5F, 0x3E, 0x52, 0x64, 0xB7, 0x14, 0xC2, 0x6F, 0x8C, 0x7D, 0x11, 0x6A, 0x8C, 0xE4,
    0x88, 0x2F, 0xEE, 0x11, 0xBB, 0x97, 0x1D, 0x72, 0x38, 0xB1, 0x1B, 0xF6, 0xF9, 0xDB, 0x0F, 0xF2,
    0x44, 0xC7, 0xA7, 0xE5, 0xEF, 0xF4, 0x11, 0xF7, 0x7A, 0x93, 0x88, 0x1C, 0xA5, 0x32, 0x3B, 0x82,
    0x10, 0x39, 0x9B, 0xAA, 0x5F, 0xB5, 0x85, 0x86, 0x5E, 0x80, 0x3C, 0x8C, 0x37, 0x4F, 0x31, 0xD2,
    0x4D, 0x7A, 0x35, 0xC4, 0xB5, 0x1B, 0x14, 0xAC, 0xC1, 0x2A, 0x05, 0xF3, 0x7D, 0x72, 0x96, 0x1D,
    0x8A, 0xB5, 0x7B, 0xD7, 0x36, 0x28, 0xBC, 0xF7, 0x24, 0x0E, 0x60, 0x44, 0x2D, 0xC0, 0x0E, 0x40,
    0xA5, 0x5F, 0x00, 0xE5, 0xF7, 0x21, 0xF1, 0xBB, 0x20, 0x5B, 0xE8, 0x0E, 0x79, 0xD5, 0x29, 0xFE,
    0x79, 0x23, 0x75, 0xF7, 0xDE, 0x86, 0xAE, 0x0E, 0x16, 0x04, 0x34, 0x90, 0xB4, 0x80, 0xDF, 0x80,
    0xFC, 0x2E, 0xC7, 0x99, 0x7D, 0xED, 0x54, 0x66, 0xF3, 0x68, 0x36, 0x8D, 0x66, 0x99, 0xE5, 0x80,
    0x2E, 0x02, 0xBC, 0xCC, 0xE9, 0x5C, 0x11, 0x16, 0xD2, 0x09, 0x12, 0x73, 0xC2, 0x32, 0x1A, 0x84,
    0x59, 0x06, 0xC4, 0x67, 0x2D, 0x40, 0x6F, 0x1D, 0x00, 0xF8, 0x16, 0x67, 0xDD, 0x59, 0x50, 0x40,
    0x27, 0x07, 0x64, 0x1F, 0x00, 0x78, 0xC6, 0x04, 0xFE, 0xB8, 0x2B, 0xA8, 0x9C, 0xB0, 0x8B, 0x6F,
    0x09, 0xBB, 0x15, 0x87, 0x96, 0x88, 0x5B, 0x06, 0x71, 0xA7, 0x45, 0x8C, 0x16, 0xDB, 0xE4, 0x66,
    0x5C, 0xC1, 0x44, 0x7D, 0x80, 0xE3, 0xC7, 0x0D, 0x35, 0x95, 0x2B, 0xA7, 0xCC, 0x7E, 0x4C, 0xC6,
    0x7D, 0xA4, 0xB3, 0xBF, 0x24, 0xF3, 0xEB, 0xD9, 0x7F, 0x6D, 0x33, 0x13, 0xA2, 0x6E, 0x47, 0x9A,
    0xD9, 0x6A, 0x92, 0xDF, 0x0A, 0x25, 0xA4, 0xD8, 0x1B, 0x2A, 0x7D, 0x9A, 0x99, 0xF2, 0xF4, 0xE1,
    0x4C, 0xF9, 0x6E, 0x9C, 0x29, 0x9F, 0x68, 0x8C, 0x03, 0x6A, 0x48, 0x2C, 0xF0, 0x74, 0x79, 0x7D,
    0xEE, 0xB2, 0x92, 0x79, 0xFD, 0x50, 0x63, 0x2E, 0x02, 0xAF, 0xF1, 0x3C, 0xBA, 0x72, 0xDB, 0x54,
    0x83, 0x40, 0x13, 0xB7, 0xD2, 0x40, 0xC9, 0x86, 0x05, 0x86, 0x0F, 0x7A, 0x71, 0xE6, 0xC9, 0xBD,
    0x38, 0x45, 0xE5, 0x14, 0x90, 0x03, 0x73, 0x40, 0x09, 0xE7, 0x5A, 0x50, 0x35, 0xCF, 0x73, 0x36,
    0x1F, 0xA4, 0x06, 0x14, 0xC0, 0x25, 0x80, 0x19, 0x9E, 0xA1, 0xA7, 0x99, 0xD4, 0x87, 0x33, 0x01,
    0xCF, 0xAC, 0xD1, 0xA9, 0x77, 0xE3, 0xE6, 0x57, 0x03, 0x11, 0x16, 0x80, 0xD3, 0xE4, 0xD4, 0x51,
    0x80, 0x9C, 0xE0, 0x1C, 0x3C, 0xCB, 0x22, 0x8A, 0xFF, 0x73, 0xEC, 0x22, 0x8A, 0xFE, 0x03, 0x91,
    0x71, 0x4C, 0x2A, 0x59, 0x6A, 0x00, 0x4E, 0x33, 0x2D, 0x34, 0x9C, 0x28, 0x51, 0x09, 0x5C, 0x01,
    0xDE, 0xED, 0xB5, 0x45, 0x2D, 0xF5, 0xF1, 0x7F, 0x79, 0xD3, 0x6B, 0x69, 0x66, 0xA0, 0x5D, 0x85,
    0xA5, 0x5D, 0x80, 0x33, 0x2D, 0x95, 0x5A, 0x50, 0x74, 0x72, 0xA6, 0xFA, 0x00, 0x27, 0x4F, 0x6C,
    0x7E, 0x7C, 0x19, 0xFA, 0x3B, 0x63, 0xE3, 0x70, 0x66, 0xE3, 0x97, 0x5F, 0xA2, 0x53, 0x50, 0x4E,
    0x03, 0x4F, 0x67, 0x1F, 0xEF, 0x07, 0x50, 0xED, 0xED, 0xC0, 0xBF, 0xB0, 0x17, 0xE1, 0x6B, 0xFB,
    0x32, 0xC9, 0x2D, 0x0B, 0xE2, 0xA3, 0x40, 0x52, 0xEC, 0x39, 0xBE, 0x23, 0xBC, 0x63, 0xEE, 0xBA,
    0x85, 0xAE, 0x0F, 0xE4, 0x84, 0x25, 0xA9, 0x85, 0x3D, 0x1F, 0xC5, 0xF8, 0x82, 0xAC, 0xE5, 0xDE,
    0xCD, 0xAA, 0xAD, 0xFC, 0x7E, 0xD6, 0x2F, 0xEA, 0xEA, 0xA6, 0x6F, 0xB7, 0x55, 0xBD, 0xBA, 0xAC,
    0x4C, 0x89, 0xFA, 0x77, 0x3B, 0xE7, 0xC2, 0xDD, 0xAB, 0x0D, 0x43, 0x2B, 0x03, 0x54, 0xCD, 0xCD,
    0xE1, 0x70, 0xA7, 0xA8, 0xBB, 0x4D, 0x90, 0xEF, 0xB1, 0x78, 0xF7, 0xEA, 0x33, 0x2F, 0x4E, 0x95,
    0x49, 0x2D, 0x3F, 0xAA, 0x53, 0xAF, 0x9F, 0x66, 0x7A, 0x20, 0x06, 0x3C, 0x75, 0x7B, 0xC0, 0x2C,
    0x15, 0xAF, 0xA1, 0x0C, 0xC8, 0x83, 0xDB, 0xD6, 0x7F, 0xF7, 0xDA, 0xF5, 0x3A, 0xDC, 0x70, 0xB2,
    0x3A, 0x2D, 0x1B, 0xCD, 0x8B, 0xE7, 0x31, 0x70, 0xDF, 0xEB, 0x93, 0xF8, 0x75, 0xD2, 0x21, 0x79,
    0xCF, 0xCE, 0x8B, 0x9A, 0xC4, 0x41, 0xB8, 0x79, 0x34, 0x51, 0xE2, 0x3A, 0xA2, 0xCE, 0xEF, 0x18,
    0xB1, 0x3F, 0x5E, 0x76, 0xEB, 0x5A, 0x92, 0xC6, 0x01, 0x00, 0x70, 0x16, 0x83, 0xE7, 0x33, 0x9D,
    0x2B, 0xA3, 0xA4, 0x06, 0xE0, 0x64, 0xFB, 0x23, 0x07, 0x40, 0x7C, 0xE5, 0xE0, 0xD0, 0xDA, 0xDF,
    0x6F, 0x3F, 0x36, 0x86, 0x5A, 0x07, 0x9D, 0x02, 0x0E, 0x6A, 0xDE, 0xD9, 0x02, 0x64, 0xFA, 0x41,
    0x2D, 0x6F, 0x35, 0x21, 0xA8, 0x01, 0xC0, 0xA9, 0x16, 0xBC, 0x5D, 0x3A, 0x4F, 0xA1, 0xF4, 0xB4,
    0x02, 0x80, 0x93, 0x73, 0x45, 0xB9, 0x1F, 0x14, 0xD7, 0x06, 0x33, 0x89, 0xBB, 0x2C, 0x2C, 0x0A,
    0x4A, 0xE8, 0x19, 0xFE, 0xC2, 0x41, 0x1F, 0x56, 0xA1, 0x0C, 0xBC, 0x42, 0x5B, 0x6D, 0x34, 0x72,
    0xA8, 0x2B, 0x5F, 0x7F, 0xFF, 0xED, 0x3A, 0xF6, 0xD5, 0x67, 0x61, 0x85, 0xA4, 0x41, 0xB4, 0x08,
    0x0F, 0xCA, 0x32, 0x9E, 0x4D, 0x0B, 0x45, 0xD4, 0xCB, 0xD2, 0x76, 0x7B, 0x23, 0x05, 0x38, 0x7F,
    0x0D, 0x28, 0x3C, 0x00, 0xDF, 0xC2, 0x62, 0xD3, 0x3F, 0xFF, 0xF7, 0xE0, 0x5B, 0x80, 0x53, 0xCF,
    0x69, 0x10, 0x5E, 0x14, 0x54, 0xB9, 0x86, 0x59, 0xF5, 0x6D, 0xF9, 0xF7, 0xF1, 0x32, 0x49, 0x3B,
    0x00, 0xB7, 0xF5, 0x6C, 0x3E, 0x5E, 0xBE, 0x04, 0xAB, 0x15, 0x94, 0xB3, 0x00, 0x00, 0x9C, 0x65,
    0x61, 0x5C, 0xA8, 0x57, 0xD9, 0xE7, 0x4E, 0x7C, 0x5A, 0x03, 0xC0, 0x89, 0xEB, 0x01, 0xBE, 0xD5,
    0xF9, 0x8E, 0xE3, 0x1E, 0xEE, 0x2C, 0x06, 0x8F, 0x3E, 0xDC, 0xC9, 0xF6, 0xC3, 0xF9, 0xC8, 0x5B,
    0x8E, 0x6C, 0x72, 0xC5, 0x59, 0x57, 0x16, 0xBD, 0xF4, 0x68, 0xC3, 0x9B, 0xCC, 0x31, 0xBB, 0x63,
    0xE7, 0x98, 0xF9, 0x7B, 0x3F, 0x82, 0xEE, 0x00, 0xE0, 0xCC, 0x2B, 0xA5, 0xD3, 0x6B, 0x86, 0xCC,
    0x5B, 0x80, 0xE7, 0x32, 0x41, 0xC7, 0xF2, 0x65, 0x18, 0x74, 0x60, 0xA5, 0x7C, 0x3E, 0xFE, 0x7D,
    0x60, 0x08, 0x8A, 0x46, 0x90, 0xB4, 0xE7, 0xE7, 0x23, 0x10, 0x5B, 0x22, 0xEA, 0x5F, 0xD5, 0x2C,
    0xE6, 0x9A, 0x77, 0x2F, 0x9F, 0xD9, 0x4F, 0x5E, 0x79, 0x05, 0x16, 0xB6, 0x60, 0xCB, 0x41, 0xF0,
    0x23, 0xF9, 0x50, 0x3F, 0x1F, 0x5F, 0x1F, 0x08, 0xC1, 0x36, 0x70, 0xF6, 0xD5, 0x89, 0xE9, 0x1B,
    0xF1, 0x7D, 0xD6, 0x4C, 0x96, 0x05, 0x9C, 0xB6, 0xFB, 0x7A, 0xBA, 0x55, 0xE5, 0x74, 0x60, 0x66,
    0x54, 0x2E, 0x9E, 0xB0, 0x1E, 0x60, 0xB2, 0x0C, 0xB6, 0x3C, 0x38, 0xFF, 0xC5, 0xF1, 0x97, 0x1F,
    0x7D, 0xFA, 0x23, 0xDF, 0xFE, 0xF9, 0xAF, 0x29, 0xE4, 0x7B, 0xE7, 0x81, 0xC5, 0x02, 0x98, 0x9D,
    0x06, 0x00, 0xCE, 0xBC, 0x96, 0xE4, 0xE8, 0x6B, 0xFA, 0xDE, 0x63, 0xA7, 0xCB, 0x7E, 0x43, 0xE5,
    0x41, 0xE8, 0x58, 0xEE, 0xC0, 0xE0, 0x89, 0x53, 0x67, 0x35, 0xD1, 0xE5, 0xEF, 0xC4, 0x92, 0xFC,
    0x98, 0xA4, 0x1D, 0xE5, 0xE5, 0xF2, 0x26, 0x4A, 0x99, 0xD2, 0xC9, 0x24, 0x2F, 0xF7, 0xC8, 0x32,
    0xDA, 0x85, 0xA3, 0x79, 0xB9, 0x5C, 0x67, 0xD6, 0xBB, 0x51, 0xD3, 0x8A, 0xA8, 0xE1, 0x6D, 0x0B,
    0x37, 0x9F, 0x2A, 0x27, 0xA7, 0xF4, 0x36, 0x3D, 0xDB, 0x01, 0xA6, 0x01, 0x35, 0xDE, 0x26, 0x3B,
    0x20, 0x9A, 0x63, 0x7C, 0x59, 0x1D, 0xFB, 0x92, 0xD7, 0x64, 0xDE, 0x9B, 0x64, 0xE9, 0x1B, 0x58,
    0x68, 0xC1, 0xAD, 0x1E, 0xF2, 0x65, 0x9C, 0x23, 0x9C, 0xD8, 0x1E, 0x37, 0x8C, 0xD8, 0x28, 0xBA,
    0xA0, 0x7C, 0x1F, 0x7A, 0x87, 0x6D, 0xF7, 0x47, 0xF9, 0xC0, 0xBF, 0x01, 0xB5, 0xD6, 0x01, 0x84,
    0x25, 0xF7, 0x1D, 0x07, 0xF0, 0xCF, 0xCC, 0xAC, 0x9D, 0xEC, 0xCE, 0x25, 0x73, 0x08, 0xAE, 0x72,
    0xD9, 0x97, 0xD6, 0x61, 0x71, 0x77, 0xEF, 0x70, 0x58, 0xBC, 0xDD, 0xF7, 0x6F, 0x21, 0x2D, 0x52,
    0xA1, 0x00, 0x90, 0x02, 0xA5, 0xE8, 0xD1, 0xC3, 0x61, 0x73, 0xFB, 0x6F, 0x0E, 0x45, 0x4B, 0x57,
    0x51, 0x00, 0x07, 0xA0, 0xCA, 0x2D, 0x4E, 0x2D, 0xD9, 0xCB, 0x0E, 0x45, 0x50, 0x18, 0x0D, 0x8A,
    0x2A, 0x23, 0x09, 0x25, 0xB4, 0x9D, 0xCA, 0x13, 0xAF, 0xBD, 0xBB, 0x7D, 0x9D, 0x67, 0x1F, 0xEB,
    0x34, 0x69, 0xDF, 0xEE, 0x7B, 0xF5, 0xDE, 0x6F, 0x18, 0x66, 0xC6, 0xC7, 0xF7, 0xFF, 0xFF, 0xFD,
    0x66, 0xA4, 0x15, 0x45, 0x4D, 0xD9, 0xB2, 0xD1, 0x32, 0x38, 0x64, 0x6B, 0x97, 0x83, 0x01, 0xED,
    0x4D, 0xC9, 0xBF, 0x1E, 0xC9, 0x26, 0x93, 0x90, 0xC5, 0x22, 0x16, 0x21, 0xAB, 0x4A, 0x59, 0xDD,
    0x0F, 0xF9, 0x68, 0x52, 0xF7, 0x9F, 0x83, 0x22, 0x52, 0x56, 0xE4, 0x41, 0x3E, 0x36, 0x3C, 0x76,
    0x58, 0x7A, 0xA3, 0x0C, 0xCA, 0xB0, 0x3A, 0x09, 0x7B, 0x8F, 0xC2, 0xA8, 0x9C, 0xFE, 0x3F, 0x98,
    0x7C, 0xDA, 0xFF, 0xA8, 0x41, 0xD2, 0x4A, 0x5B, 0x49, 0x43, 0x82, 0x7E, 0xC3, 0xD6, 0x63, 0x6E,
    0x75, 0x95, 0xB6, 0x14, 0x91, 0x1C, 0x58, 0x08, 0x16, 0x14, 0x63, 0x2F, 0x0F, 0xBC, 0x74, 0x9D,
    0x43, 0x69, 0x23, 0x89, 0x98, 0x07, 0x98, 0x04, 0xB2, 0x8A, 0x82, 0xF4, 0xDB, 0x94, 0x0D, 0xDB,
    0x8F, 0xB9, 0xBB, 0xB9, 0x38, 0x4A, 0xA0, 0x91, 0xD6, 0xB2, 0x98, 0xFC, 0x52, 0x3E, 0xD2, 0xDB,
    0xB6, 0xB5, 0x3E, 0xA7, 0xEB, 0x16, 0xEE, 0xE1, 0x3A, 0xE9, 0x77, 0x96, 0xEC, 0x62, 0x8B, 0x01,
    0xAF, 0x48, 0x7E, 0x75, 0x5E, 0x57, 0x82, 0x5E, 0xC5, 0x66, 0x2D, 0xFD, 0x56, 0xA5, 0xFC, 0xE4,
    0xD4, 0x75, 0xB0, 0x04, 0x57, 0x12, 0x94, 0xAD, 0xAB, 0x77, 0xA5, 0x4D, 0xF2, 0xBD, 0xD0, 0x59,
    0xCA, 0x9B, 0x73, 0xBB, 0x56, 0xB0, 0xF7, 0x03, 0xBE, 0x31, 0x02, 0xD2, 0x70, 0x96, 0xD9, 0x9D,
    0xC5, 0x6D, 0x6B, 0x2B, 0x86, 0x7F, 0x75, 0xED, 0x08, 0x92, 0xB7, 0xA7, 0x9E, 0x5E, 0x67, 0x2B,
    0xE6, 0xB2, 0x9D, 0x59, 0x0E, 0x39, 0xB8, 0x0A, 0x96, 0xD9, 0x85, 0xC8, 0x5A, 0xD3, 0xB8, 0x6E,
    0xB8, 0xBE, 0x86, 0x73, 0xF6, 0xA5, 0x48, 0x52, 0x93, 0x45, 0xFE, 0x71, 0x95, 0x0F, 0x1E, 0xD3,
    0xAB, 0x17, 0x67, 0x5E, 0xE3, 0x1E, 0x2D, 0xD5, 0x74, 0x15, 0xFB, 0x4F, 0x14, 0x23, 0xCC, 0xE7,
    0x5B, 0x43, 0xE9, 0xD4, 0xD4, 0x2E, 0xCF, 0x94, 0x92, 0x47, 0x69, 0xCD, 0xFE, 0xF9, 0x4D, 0x09,
    0xCA, 0x9A, 0xAB, 0x0D, 0x66, 0x79, 0x7D, 0xFF, 0x25, 0xEE, 0x2F, 0xC7, 0x26, 0x4C, 0x0D, 0xEB,
    0x03, 0x1E, 0x5F, 0x28, 0xB2, 0x15, 0x0C, 0x7F, 0xC3, 0xD7, 0x47, 0xC0, 0x9D, 0x4B, 0xDC, 0x3F,
    0xA2, 0xD7, 0x2C, 0x63, 0xF7, 0xF7, 0x67, 0xBB, 0xDF, 0xED, 0x75, 0x3B, 0x9D, 0xEB, 0xD3, 0xB9,
    0x5D, 0xFC, 0xE7, 0x12, 0x2E, 0xBF, 0x03, 0x06, 0x67, 0x71, 0x9D, 0xBB, 0x03, 0x86, 0x93, 0x89,
    0xD7, 0x3E, 0x7B, 0x24, 0xAB, 0x8A, 0xAE, 0x56, 0xBB, 0x72, 0x5A, 0x9F, 0x1D, 0x76, 0x84, 0xF1,
    0xEC, 0xDC, 0xAC, 0xB2, 0x0E, 0x93, 0x87, 0xA2, 0xBB, 0x7E, 0x7A, 0x1F, 0xE8, 0xA1, 0x8F, 0x0D,
    0x92, 0x49, 0x28, 0xFE, 0x5E, 0x6F, 0xA4, 0xED, 0x40, 0xBB, 0xF3, 0xEB, 0x76, 0x38, 0x69, 0x07,
    0x0C, 0xE8, 0x53, 0x3E, 0x6D, 0xD2, 0x49, 0x84, 0x5D, 0x8E, 0xD8, 0x64, 0x05, 0x7B, 0x15, 0x1F,
    0xD7, 0xFC, 0xA1, 0x26, 0xAF, 0xD8, 0xC0, 0x25, 0xB0, 0x18, 0xEC, 0x72, 0x67, 0x91, 0x7D, 0x18,
    0xD2, 0x37, 0xA3, 0x1E, 0xBB, 0xDC, 0x62, 0x1E, 0xE0, 0xF8, 0xA1, 0x74, 0xD2, 0x4A, 0x7E, 0x5A,
    0x63, 0x71, 0x48, 0xD6, 0x54, 0xF9, 0xFB, 0xD5, 0x6A, 0x19, 0x61, 0xAE, 0x80, 0x56, 0x51, 0xE2,
    0x75, 0xD6, 0xAE, 0x31, 0x8C, 0xFC, 0xB6, 0x96, 0xD4, 0x0F, 0x17, 0xB6, 0x80, 0xEB, 0x0C, 0x38,
    0xF0, 0xEA, 0xBE, 0x4E, 0xF7, 0xA7, 0xAA, 0xF8, 0x66, 0x35, 0x9F, 0x2B, 0xA2, 0xC1, 0x5D, 0xD6,
    0x5E, 0x5D, 0xBA, 0xAB, 0xA0, 0x08, 0xD2, 0xCA, 0xAB, 0xD1, 0x49, 0xE7, 0x8A, 0x73, 0xBB, 0x56,
    0xB0, 0x17, 0xF8, 0x71, 0xB4, 0x56, 0x30, 0xFC, 0x79, 0xE7, 0x6A, 0x24, 0xF5, 0x3B, 0x4B, 0x70,
    0x5D, 0x96, 0x3E, 0x97, 0x7D, 0x97, 0x5D, 0x57, 0xEE, 0x98, 0xC8, 0xFE, 0x38, 0x77, 0x5E, 0x97,
    0x49, 0x4E, 0x1E, 0xF2, 0xB3, 0x1A, 0x58, 0xC3, 0x30, 0x2E, 0xCD, 0x96, 0xEC, 0x87, 0x7C, 0x52,
    0xAD, 0xF6, 0x02, 0x5C, 0x61, 0x12, 0xA6, 0xB6, 0x50, 0xCF, 0x65, 0x9B, 0x59, 0x7C, 0xD1, 0x48,
    0xEB, 0x3B, 0xB0, 0xD4, 0x29, 0x00, 0xEF, 0x32, 0x91, 0x7E, 0x18, 0xF3, 0x2E, 0xAE, 0xF3, 0xCE,
    0x85, 0x50, 0xB6, 0xD7, 0xEF, 0x6D, 0x6E, 0x25, 0xA3, 0xAC, 0xCE, 0x02, 0xC3, 0x67, 0xAF, 0xD5,
    0x59, 0xF5, 0x65, 0xBF, 0xE2, 0xD3, 0xE1, 0xB3, 0x44, 0xBF, 0xB9, 0x7D, 0xF0, 0xC6, 0x41, 0xDA,
    0x14, 0x71, 0x15, 0xFD, 0xB8, 0x17, 0xF3, 0x17, 0x7E, 0xBD, 0x66, 0x6F, 0xF4, 0xDF, 0x9F, 0x41,
    0x56, 0xE5, 0x75, 0x1A, 0x8B, 0x58, 0x76, 0x19, 0xFA, 0xCA, 0xA7, 0x90, 0x77, 0x57, 0xE4, 0x41,
    0xEF, 0x9F, 0x92, 0x93, 0xE3, 0xEE, 0x9E, 0xBC, 0x2D, 0xA3, 0x71, 0x8F, 0xA3, 0x9B, 0xEC, 0x6E,
    0xB3, 0x3D, 0xAB, 0xC1, 0x0E, 0xBB, 0x7D, 0x0E, 0xCB, 0x68, 0x54, 0xD4, 0x59, 0x93, 0x9E, 0x1C,
    0x47, 0x3F, 0x1A, 0x03, 0x59, 0x4D, 0xD6, 0x90, 0x46, 0x8E, 0x63, 0xFE, 0x74, 0xD4, 0x73, 0xB4,
    0x6D, 0x7B, 0xE0, 0xE6, 0xE9, 0x7F, 0xC7, 0xA0, 0x1F, 0x8E, 0xCA, 0xA7, 0x6D, 0x3A, 0x09, 0xD0,
    0xA3, 0xCF, 0x06, 0x02, 0xE5, 0x88, 0x1B, 0x03, 0xAE, 0x0E, 0x30, 0x26, 0xAB, 0x49, 0x03, 0x58,
    0x08, 0xB6, 0xC2, 0x24, 0x24, 0x1F, 0x55, 0x1E, 0x54, 0x8A, 0x68, 0x87, 0x4D, 0xCC, 0x01, 0x3C,
    0xFB, 0x86, 0xAA, 0x24, 0xEF, 0x91, 0xB7, 0x94, 0xBB, 0x0C, 0x5E, 0x5E, 0x1C, 0x65, 0x85, 0x57,
    0xB8, 0xC1, 0x96, 0x2B, 0xEF, 0x38, 0x0E, 0xC9, 0x27, 0x55, 0x16, 0xEB, 0xF9, 0x5C, 0x57, 0x70,
    0x1D, 0x25, 0xC9, 0x83, 0xE5, 0xBA, 0x12, 0xF2, 0x20, 0xAB, 0x24, 0xF5, 0xCC, 0xF5, 0x97, 0xF9,
    0x5D, 0x02, 0x45, 0xCB, 0xCB, 0x77, 0x24, 0x3F, 0x69, 0xE4, 0x5F, 0x44, 0xE5, 0x80, 0xAD, 0x25,
    0xB8, 0x5C, 0x26, 0x99, 0x90, 0xFC, 0x1E, 0x37, 0xF8, 0xDA, 0x6D, 0xF6, 0x82, 0xE4, 0xF3, 0x5A,
    0x16, 0x1F, 0x72, 0x0A, 0xD4, 0x09, 0x75, 0x44, 0x9D, 0x51, 0xC7, 0x33, 0x2B, 0x9D, 0x53, 0x07,
    0xD5, 0x49, 0x4D, 0xA9, 0x56, 0xD0, 0xFF, 0x33, 0xD7, 0x8E, 0x80, 0x24, 0x9A, 0xE5, 0xB8, 0x1C,
    0xEF, 0x7E, 0xC8, 0x4E, 0xAA, 0xAC, 0x8C, 0x74, 0x56, 0xF6, 0x62, 0xF2, 0x49, 0xD3, 0x41, 0xE7,
    0xC9, 0xF1, 0xD4, 0x32, 0xA2, 0xF7, 0x2E, 0x5B, 0xEB, 0x60, 0xA9, 0x9D, 0x89, 0x9D, 0x29, 0x63,
    0xB6, 0xE5, 0x9C, 0xB7, 0x57, 0xAF, 0xC0, 0x11, 0xB2, 0x31, 0xD6, 0x43, 0x01, 0x65, 0xE8, 0x8C,
    0xE5, 0x14, 0xF9, 0xCC, 0x54, 0x69, 0xCA, 0x30, 0x75, 0x9A, 0x42, 0x4D, 0x95, 0x66, 0x07, 0x03,
    0x53, 0xAC, 0x3E, 0x47, 0xA7, 0xD7, 0x4D, 0xBD, 0xA6, 0x60, 0x66, 0x62, 0xB2, 0x8A, 0x22, 0xB2,
    0x81, 0xCD, 0x22, 0x90, 0x47, 0xC7, 0xBF, 0x90, 0x3F, 0x7D, 0xF6, 0x15, 0x4B, 0xBC, 0xFD, 0xE2,
    0x12, 0x6F, 0xC2, 0x10, 0x7A, 0x35, 0x92, 0x83, 0xE5, 0x3B, 0x45, 0xD2, 0x86, 0x64, 0x84, 0x5D,
    0xAC, 0x5D, 0xC0, 0x29, 0xA0, 0x1C, 0xE1, 0xC6, 0xC0, 0x6C, 0xFC, 0x19, 0x23, 0xAB, 0x91, 0x2E,
    0x3F, 0x5E, 0x56, 0x30, 0x09, 0xA6, 0x43, 0xD1, 0x83, 0x59, 0xCC, 0x3B, 0x17, 0x8C, 0xB9, 0xFF,
    0x16, 0x86, 0xCF, 0x71, 0xFB, 0x08, 0x2C, 0xDF, 0x9B, 0xB4, 0xFB, 0xB2, 0xBF, 0x35, 0xD2, 0xA2,
    0xC2, 0x05, 0x8C, 0x2C, 0x1F, 0x75, 0xD6, 0x57, 0xB2, 0x06, 0x69, 0x74, 0x51, 0x1C, 0x37, 0xCC,
    0x16, 0x80, 0xE3, 0x51, 0x31, 0xE9, 0xD7, 0xAB, 0xA3, 0x22, 0x6A, 0xFF, 0x57, 0xE5, 0x55, 0xD2,
    0x64, 0x4D, 0x56, 0x25, 0x27, 0x8F, 0x82, 0xFE, 0x0C, 0x95, 0x9E, 0xB5, 0x7A, 0x3F, 0x3C, 0x71,
    0x9C, 0x3C, 0x57, 0xDA, 0xFE, 0xF2, 0x8A, 0x4F, 0x3A, 0xE7, 0x49, 0x4C, 0x4E, 0x7A, 0xF5, 0x0B,
    0x5F, 0x3B, 0xEB, 0xCE, 0xDE, 0xC9, 0xAF, 0xCF, 0xDE, 0xC9, 0x0E, 0xC9, 0x1A, 0x92, 0x88, 0x05,
    0x9D, 0x2B, 0x38, 0x8E, 0x7C, 0x5C, 0xF1, 0x5E, 0x45, 0x5E, 0x71, 0x13, 0x57, 0xC1, 0x39, 0xDD,
    0x97, 0xE0, 0x5D, 0xA4, 0xE3, 0x22, 0xC8, 0x43, 0x11, 0x51, 0x86, 0x0E, 0x78, 0xA2, 0x13, 0xB6,
    0x8A, 0x68, 0xFE, 0xC3, 0xD4, 0x6A, 0x8A, 0x35, 0xD5, 0x9A, 0xC5, 0x8A, 0x6C, 0xE6, 0x2C, 0x71,
    0x25, 0xAD, 0x49, 0xEB, 0x7E, 0xF8, 0x61, 0x9C, 0xDB, 0x79, 0x05, 0xFA, 0x50, 0xD6, 0x45, 0x90,
    0x1C, 0x2C, 0xDF, 0x29, 0x92, 0xB4, 0x18, 0x63, 0x1B, 0xEB, 0x70, 0x01, 0xAB, 0x80, 0x62, 0xEC,
    0x74, 0xF5, 0x5D, 0x1A, 0xC0, 0x21, 0xB2, 0x66, 0x4A, 0x8F, 0xCB, 0xA7, 0x7F, 0xF5, 0x96, 0xB8,
    0x00, 0xBF, 0xF7, 0x16, 0x86, 0x27, 0xB8, 0x76, 0x54, 0x04, 0x2C, 0xDF, 0x9B, 0x8C, 0xDE, 0x3E,
    0x9D, 0x49, 0x6F, 0x56, 0x17, 0x8C, 0xD8, 0xFF, 0x49, 0x06, 0xA4, 0x67, 0x83, 0xA9, 0x36, 0x87,
    0x70, 0x8E, 0x81, 0xB0, 0x8F, 0x31, 0xF6, 0x02, 0xAB, 0x11, 0x4C, 0x46, 0xC3, 0xB6, 0x1F, 0x8B,
    0xAA, 0xA8, 0x4A, 0x59, 0xBD, 0x21, 0x69, 0x07, 0x8C, 0xEE, 0x32, 0x68, 0xE9, 0xD7, 0x94, 0x91,
    0x32, 0xBC, 0x58, 0xBD, 0x7D, 0x26, 0x63, 0x49, 0x24, 0xAB, 0x49, 0x5A, 0xEC, 0xE2, 0x12, 0x70,
    0xDC, 0x4C, 0xE2, 0x30, 0xDC, 0x57, 0x1A, 0x28, 0xC2, 0x3D, 0x79, 0x75, 0x20, 0xAB, 0x1A, 0xC9,
    0xC7, 0x35, 0x9F, 0x57, 0xBC, 0x1F, 0x18, 0x62, 0x07, 0xB3, 0xB9, 0x94, 0xB7, 0x4C, 0x6A, 0xEE,
    0x2F, 0x68, 0xC2, 0xEC, 0x3C, 0xB2, 0x7E, 0x11, 0xCB, 0x6E, 0x67, 0x39, 0xEA, 0x2C, 0x9B, 0xEE,
    0x43, 0x82, 0x61, 0xCD, 0x41, 0xCB, 0x3B, 0x2D, 0x79, 0x4D, 0x19, 0x58, 0xC3, 0xA2, 0xD6, 0x15,
    0x4C, 0x48, 0x7F, 0x17, 0x25, 0x0F, 0x2A, 0xCA, 0xC0, 0x36, 0xAE, 0x2D, 0x27, 0x47, 0x4F, 0x6E,
    0x49, 0x26, 0x23, 0x3E, 0x6C, 0xB0, 0xB8, 0x37, 0x6D, 0x2A, 0xD9, 0x07, 0xB5, 0xAC, 0x88, 0x58,
    0x8E, 0xF1, 0xDF, 0x8D, 0x93, 0x01, 0x87, 0x24, 0x47, 0x14, 0xC7, 0x7F, 0x3D, 0x75, 0xBB, 0x25,
    0xDB, 0xC9, 0xD4, 0x20, 0xE1, 0x22, 0x3B, 0x5B, 0x77, 0xEC, 0x31, 0x56, 0xCF, 0xCE, 0xBA, 0x0C,
    0xFA, 0x4E, 0xDF, 0x4C, 0xC9, 0x06, 0x08, 0x6E, 0xE0, 0x00, 0x24, 0x80, 0x00, 0x42, 0x0E, 0xB0,
    0x32, 0x2F, 0x88, 0x20, 0xC2, 0x7D, 0x84, 0x46, 0x10, 0x8B, 0x18, 0xE7, 0xAC, 0xC3, 0x25, 0x5B,
    0x71, 0x88, 0x00, 0xFD, 0x11, 0x3A, 0xF9, 0x04, 0x13, 0x06, 0x23, 0x37, 0x99, 0x4E, 0x95, 0xB1,
    0x6E, 0x9D, 0xAC, 0x6C, 0xBD, 0xF7, 0xBA, 0xBA, 0x7E, 0xEF, 0xBD, 0x3F, 0xAD, 0x5E, 0x33, 0x79,
    0x63, 0xD1, 0x71, 0x07, 0x62, 0x18, 0xC8, 0x7B, 0x6E, 0x8B, 0xAB, 0x0C, 0x70, 0x94, 0xF4, 0xA6,
    0xAB, 0xC9, 0xFE, 0xE4, 0xC9, 0x84, 0xAB, 0xAC, 0x43, 0xC2, 0x0E, 0x3D, 0xC6, 0xFF, 0xDC, 0xDC,
    0xDA, 0xDE, 0xE2, 0x6A, 0xBB, 0x31, 0x5E, 0x1D, 0xFC, 0x18, 0x63, 0xDA, 0x2C, 0x0E, 0x4E, 0xCB,
    0xA6, 0x59, 0x9E, 0x9E, 0xFE, 0xD0, 0xC4, 0xE5, 0x4F, 0xE3, 0x92, 0xCB, 0xEF, 0xF3, 0x67, 0xD7,
    0xB5, 0xA0, 0xF3, 0xE8, 0xD1, 0x04, 0xB8, 0x78, 0xD1, 0xB4, 0xC9, 0x28, 0x78, 0xC0, 0x1E, 0x7D,
    0x6B, 0xDA, 0xD9, 0xF0, 0x62, 0x83, 0xC3, 0x40, 0x0B, 0xFA, 0xB4, 0xD1, 0x00, 0x5A, 0xBB, 0xB6,
    0x21, 0xEB, 0x52, 0xF4, 0x79, 0x30, 0x62, 0x2F, 0x34, 0xEC, 0x61, 0x2D, 0xC6, 0xB0, 0xE1, 0xC3,
    0x1C, 0xF8, 0x6F, 0x18, 0xD5, 0x6C, 0xEC, 0x0A, 0xBD, 0xFD, 0x6E, 0x4C, 0x69, 0xE5, 0x58, 0x10,
    0x7D, 0x16, 0xFD, 0xFE, 0x59, 0x3D, 0x6E, 0x6A, 0x66, 0xBC, 0xE9, 0x8B, 0x4B, 0x3E, 0xA3, 0x33,
    0x23, 0x94, 0xDD, 0x3B, 0x0B, 0x95, 0xAF, 0xE1, 0xBD, 0xB3, 0x32, 0xC0, 0xCE, 0xE5, 0x7A, 0xBE,
    0xA2, 0xA1, 0x09, 0xCF, 0x92, 0x35, 0x4D, 0xDD, 0xAC, 0x9A, 0x7A, 0x4D, 0x49, 0xF1, 0x73, 0xEF,
    0xF3, 0x1D, 0x56, 0x03, 0xF7, 0xDC, 0xD2, 0xE5, 0x71, 0x52, 0x8D, 0x59, 0xA9, 0xF9, 0x21, 0xCF,
    0x5B, 0x75, 0x48, 0x6D, 0xAE, 0xF0, 0x8B, 0xEB, 0x5E, 0xE1, 0x5B, 0xFF, 0x77, 0x85, 0x60, 0xB8,
    0xEF, 0xBF, 0x39, 0x8A, 0x87, 0xAB, 0x0D, 0x92, 0x77, 0xE1, 0x77, 0xB8, 0x2B, 0xE3, 0x95, 0xBF,
    0xF5, 0xA1, 0xBB, 0xFD, 0x3D, 0xB7, 0xE1, 0xD6, 0x35, 0xBC, 0x03, 0xC9, 0xC7, 0x6C, 0x1F, 0x71,
    0xD3, 0x73, 0xB7, 0xF1, 0xBB, 0x95, 0xA8, 0x7D, 0xE1, 0x86, 0xC0, 0x75, 0xDC, 0xA5, 0x75, 0x14,
    0x61, 0xB4, 0x62, 0x0E, 0x3C, 0xCE, 0x92, 0x0A, 0x98, 0x75, 0x95, 0x10, 0x37, 0x0D, 0x71, 0x7B,
    0x07, 0x62, 0x2E, 0x9B, 0xBA, 0x81, 0x1F, 0x2D, 0x8F, 0x5E, 0x55, 0xBF, 0xCC, 0x4D, 0xFD, 0xA7,
    0x9F, 0xD7, 0xCF, 0x48, 0x5E, 0xCA, 0x5F, 0x55, 0x8E, 0x3A, 0x96, 0xA7, 0x3E, 0x27, 0x55, 0xF1,
    0x44, 0x57, 0xF9, 0x3F, 0xEA, 0x19, 0x79, 0xF2, 0xCA, 0xFF, 0x1D, 0x6F, 0xE9, 0x9C, 0x81, 0x50,
    0x02, 0xA0, 0x9C, 0x16, 0xE3, 0x2C, 0x05, 0x43, 0x08, 0x6D, 0x4E, 0x7F, 0xEB, 0xCD, 0x43, 0x67,
    0x0D, 0x45, 0xC6, 0x30, 0xB0, 0x08, 0x23, 0xFD, 0x2D, 0xE0, 0x4F, 0xC4, 0x9A, 0x98, 0xE8, 0x87,
    0x4C, 0x0E, 0x40, 0x2F, 0x8E, 0x29, 0x96, 0xD4, 0x29, 0x09, 0xA7, 0x5D, 0x8A, 0x30, 0xA0, 0x06,
    0x9B, 0xBA, 0xF4, 0xD8, 0xAB, 0xAF, 0x3D, 0x11, 0xEE, 0x04, 0x6A, 0x02, 0x4E, 0xC5, 0x06, 0x9A,
    0x1E, 0xFF, 0x5A, 0x85, 0x4C, 0x09, 0xC0, 0x67, 0x24, 0x2B, 0xF4, 0x43, 0xFA, 0xCA, 0x53, 0x29,
    0x1F, 0xC6, 0x31, 0xCA, 0x11, 0x4F, 0x25, 0x45, 0x14, 0xF6, 0x69, 0xA0, 0x05, 0x25, 0x4F, 0x48,
    0x64, 0xD8, 0x55, 0xBC, 0x1D, 0x3E, 0x5F, 0x33, 0x24, 0xF1, 0x15, 0x7C, 0x29, 0x64, 0x87, 0xED,
    0x18, 0xF0, 0x54, 0x02, 0xAB, 0x63, 0x8E, 0xDD, 0x50, 0x73, 0x14, 0x6A, 0x63, 0x4F, 0xA6, 0x7C,
    0xA1, 0xFD, 0x49, 0x2A, 0x1B, 0xCF, 0x53, 0x97, 0xEB, 0x4B, 0xAE, 0xDC, 0xBE, 0x72, 0x40, 0xAF,
    0x25, 0x23, 0x5D, 0x85, 0xCA, 0xCD, 0x5F, 0x38, 0xAE, 0x0E, 0x24, 0x40, 0xC8, 0x61, 0x46, 0x52,
    0xA1, 0x04, 0x0D, 0x6D, 0xD8, 0x85, 0x21, 0x91, 0xF9, 0xD7, 0x2C, 0x83, 0x7D, 0x18, 0x88, 0xA9,
    0x99, 0xCE, 0x07, 0x2B, 0xEE, 0xBC, 0x78, 0x7F, 0x0A, 0x5D, 0xD2, 0x98, 0x55, 0x82, 0x45, 0xCB,
    0xF6, 0x3A, 0x39, 0x77, 0x76, 0x99, 0xAE, 0xB1, 0x92, 0xD6, 0xC4, 0x8F, 0x08, 0x0F, 0x05, 0x00,
    0xA4, 0xB4, 0x04, 0x23, 0xBA, 0xC2, 0x38, 0xE5, 0x81, 0x96, 0x1F, 0x88, 0xF2, 0xD3, 0xB9, 0xF6,
    0x77, 0x5E, 0x68, 0x4F, 0x37, 0x44, 0x5B, 0x0B, 0x56, 0x05, 0x21, 0x25, 0x76, 0x19, 0x42, 0x94,
    0x04, 0x81, 0x18, 0xEE, 0x42, 0xC2, 0x88, 0xAA, 0xA2, 0x40, 0x06, 0x14, 0x6A, 0xC1, 0x49, 0xDA,
    0x70, 0xB2, 0xFD, 0xA9, 0x9C, 0x04, 0xBD, 0x1C, 0xAA, 0x9C, 0x24, 0xC4, 0xB9, 0xCF, 0x5B, 0x8D,
    0xCB, 0x5B, 0x4B, 0xF2, 0xC4, 0xB3, 0x8F, 0x07, 0xA0, 0x47, 0xC9, 0x28, 0x59, 0x50, 0x30, 0x07,
    0x20, 0x99, 0xB4, 0xB0, 0xEB, 0x9F, 0xC8, 0x3F, 0x58, 0xD2, 0xD9, 0xCC, 0xC1, 0x47, 0x12, 0x06,
    0xE1, 0x65, 0x9C, 0x84, 0xEF, 0xC4, 0x9A, 0xCD, 0x2C, 0x74, 0xE3, 0x30, 0xE4, 0x00, 0xF0, 0x2F,
    0x7C, 0x4E, 0xC5, 0x59, 0xC4, 0x60, 0x10, 0x7D, 0xEB, 0x2E, 0x0D, 0xF0, 0xFD, 0x14, 0xB0, 0x1A,
    0xF7, 0xA4, 0x03, 0xF4, 0xCE, 0x1D, 0xB7, 0x5B, 0xB4, 0x04, 0x3A, 0xA0, 0x02, 0xDC, 0x9D, 0x12,
    0x52, 0xC2, 0x74, 0x80, 0xBB, 0xFB, 0x91, 0x71, 0x9F, 0x97, 0xBB, 0x07, 0x5B, 0x81, 0x51, 0x72,
    0x94, 0x5C, 0xA4, 0xA4, 0xA2, 0x0F, 0xFB, 0x11, 0xB7, 0x97, 0x51, 0xBA, 0x07, 0x1A, 0xC0, 0x21,
    0x92, 0xCF, 0xC8, 0x8D, 0xA3, 0xDA, 0x80, 0xE9, 0x3B, 0xF6, 0x5B, 0x84, 0x06, 0x3E, 0x84, 0x5D,
    0xF7, 0xF4, 0x37, 0xD0, 0x8E, 0xB3, 0xD7, 0x50, 0x30, 0x3F, 0x76, 0x1E, 0x3A, 0x89, 0xFB, 0xD2,
    0x42, 0x13, 0x21, 0xED, 0x1F, 0xAE, 0x36, 0x36, 0x1B, 0xD6, 0x21, 0x23, 0xFB, 0x45, 0xF5, 0x3A,
    0xF3, 0xA0, 0xE4, 0x69, 0x2A, 0xCA, 0xA1, 0x86, 0x22, 0x4A, 0x64, 0xED, 0x0A, 0x8A, 0xB5, 0xCA,
    0x68, 0xDE, 0x5B, 0x6D, 0xF8, 0xBB, 0x6D, 0x62, 0x1F, 0x95, 0x55, 0xE3, 0x63, 0xDE, 0x2B, 0x3D,
    0x63, 0x33, 0x47, 0x96, 0xD3, 0x3C, 0x42, 0x7B, 0x11, 0xD5, 0xD2, 0x9F, 0x38, 0xF6, 0xC8, 0xE9,
    0x3F, 0x20, 0x93, 0xA7, 0xF6, 0x69, 0xEA, 0x8F, 0x73, 0xB1, 0x7D, 0xFF, 0xF9, 0x65, 0xDA, 0xA8,
    0x2B, 0x38, 0x4F, 0x9D, 0xD6, 0x10, 0x0C, 0x87, 0xCF, 0x8C, 0xFC, 0xCD, 0xDE, 0xF9, 0x2C, 0xD5,
    0xCE, 0xA1, 0xE0, 0x7D, 0x15, 0xDA, 0x1F, 0xEA, 0x1B, 0x06, 0xC4, 0x6B, 0x00, 0x25, 0xCE, 0x21,
    0x4C, 0xC3, 0x40, 0x14, 0xC6, 0xF1, 0x7F, 0x5B, 0x71, 0xA2, 0x81, 0xF3, 0x21, 0xA4, 0x3E, 0xA1,
    0x01, 0x81, 0x1C, 0xE9, 0x73, 0x78, 0xEF, 0xBD, 0x27, 0x84, 0x1D, 0xDE, 0x4C, 0x30, 0x8F, 0x47,
    0xE0, 0xB0, 0xF7, 0x10, 0xA0, 0x4F, 0xCC, 0x67, 0x7A, 0x98, 0x92, 0x54, 0x94, 0xAC, 0xE1, 0xAD,
    0xB7, 0x25, 0xEF, 0xE5, 0xF7, 0xA9, 0x2F, 0x5F, 0xB4, 0xE1, 0x7A, 0x37, 0x78, 0xB9, 0xF5, 0x72,
    0xE3, 0x85, 0x7C, 0xBB, 0xE4, 0x2D, 0xCD, 0xA1, 0x59, 0x11, 0x27, 0x72, 0x78, 0x21, 0x8E, 0xD0,
    0x6C, 0x79, 0x9A, 0xE8, 0x17, 0x45, 0xBA, 0x2A, 0x95, 0xEA, 0x53, 0x3A, 0xD3, 0x4A, 0x89, 0x26,
    0x17, 0x6B, 0x6A, 0x38, 0x07, 0xB3, 0xF1, 0x61, 0x2E, 0xB4, 0x15, 0x40, 0xF7, 0x33, 0x66, 0x5C,
    0x78, 0x3C, 0x71, 0x77, 0x76, 0xE2, 0xF2, 0xC8, 0x62, 0xF9, 0xBA, 0x0C, 0xEE, 0x7B, 0xB0, 0x7E,
    0xAF, 0xCE, 0x52, 0x5B, 0xA8, 0xBA, 0x0D, 0x6D, 0x31, 0xE0, 0x02, 0x2D, 0x31, 0x1C, 0xB9, 0x4F,
    0x99, 0xF2, 0x39, 0xD5, 0x1B, 0x9A, 0x8F, 0xBD, 0x76, 0x13, 0xF5, 0xEF, 0x3F, 0xB8, 0xF9, 0xBB,
    0x77, 0x61, 0x74, 0x52, 0x6E, 0x2B, 0x2A, 0x05, 0xF7, 0x25, 0xCC, 0x8B, 0xF0, 0x6B, 0xF2, 0x26,
    0xEA, 0x00, 0x4E, 0xA1, 0xEA, 0x01, 0x7B, 0x13, 0x9A, 0x3F, 0x0E, 0x6D, 0x90, 0x31, 0x48, 0xC3,
    0x40, 0x14, 0x86, 0xBF, 0x24, 0x43, 0x87, 0x40, 0x3A, 0x75, 0x94, 0x3A, 0xCB, 0x81, 0x6B, 0x05,
    0x4B, 0x1F, 0xB8, 0x43, 0x97, 0x9B, 0x75, 0x9F, 0x32, 0x74, 0x88, 0x22, 0xF6, 0xC0, 0x1D, 0xBA,
    0xBB, 0x38, 0xD7, 0xC1, 0x0C, 0xEE, 0x2D, 0xAE, 0x2E, 0x5D, 0xDC, 0x77, 0x70, 0x70, 0xA7, 0xFA,
    0x7C, 0x8F, 0x20, 0x45, 0x0C, 0xFD, 0xE0, 0x7A, 0xF7, 0xBF, 0xFB, 0x5E, 0xEE, 0x65, 0x09, 0x4A,
    0x81, 0x00, 0x2C, 0x55, 0x65, 0x1A, 0x23, 0x15, 0x50, 0x24, 0xF0, 0x2C, 0xDB, 0x51, 0x7C, 0x52,
    0x7D, 0x30, 0x79, 0xE3, 0xF8, 0x15, 0xB6, 0x07, 0x32, 0x63, 0x47, 0x07, 0xAC, 0x80, 0x06, 0xA8,
    0x70, 0xCD, 0x28, 0x5E, 0xD2, 0x49, 0x5B, 0xCF, 0x0E, 0x85, 0x76, 0x89, 0x03, 0xA6, 0x34, 0xB1,
    0xE9, 0xAD, 0x89, 0xA7, 0xB9, 0x5C, 0x51, 0x4A, 0x43, 0xA0, 0x62, 0xA3, 0x9A, 0xA6, 0xA6, 0x39,
    0xB2, 0xDF, 0x40, 0x16, 0x96, 0xCD, 0xFB, 0xBE, 0xA6, 0xDF, 0xD4, 0x5F, 0xD9, 0xD5, 0x0C, 0xF7,
    0x1E, 0x8D, 0xDE, 0x51, 0xDD, 0x52, 0xA4, 0x5F, 0xC4, 0xC8, 0xEF, 0xA5, 0xBC, 0x90, 0x50, 0xC8,
    0x46, 0xE5, 0x6E, 0x6D, 0x8D, 0xAD, 0x33, 0x99, 0xD0, 0xF2, 0x87, 0xFA, 0x91, 0xBA, 0xA1, 0xF6,
    0xA7, 0xA6, 0x93, 0x67, 0xF1, 0xBA, 0x45, 0x37, 0x81, 0x73, 0x23, 0x27, 0x0C, 0x09, 0x13, 0x82,
    0xEA, 0xFE, 0x3A, 0xCE, 0x03, 0x94, 0x90, 0x03, 0x09, 0x8A, 0x2D, 0x94, 0x31, 0x72, 0xAA, 0x2A,
    0x35, 0xE0, 0xAB, 0xEF, 0xFD, 0x9C, 0x6E, 0xDC, 0x83, 0x17, 0xC6, 0x53, 0x96, 0x33, 0x79, 0x38,
    0x4B, 0xE5, 0x84, 0xFF, 0x40, 0x02, 0xEC, 0x05, 0xB1, 0x61, 0xA9, 0xDF, 0x40, 0x21, 0xBE, 0xFA,
    0xDE, 0xCF, 0x3D, 0xEF, 0xBD, 0x68, 0x42, 0xD3, 0x9A, 0xDC, 0x5A, 0xF8, 0x88, 0xD2, 0xCA, 0x07,
    0xCB, 0x58, 0xBF, 0xB8, 0x59, 0x3F, 0x49, 0x4B, 0x91, 0x66, 0xAA, 0x0C, 0xE3, 0xAD, 0xFD, 0x6B,
    0x21, 0x25, 0x7E, 0x00, 0xAD, 0x95, 0x01, 0x84, 0x1D, 0x57, 0x17, 0xC7, 0x7F, 0x33, 0x23, 0xDF,
    0x60, 0xEC, 0x9B, 0xE0, 0x8B, 0xF0, 0xED, 0xEE, 0xCE, 0x07, 0x20, 0x7D, 0xEF, 0x6D, 0x90, 0xF2,
    0x5A, 0xB3, 0xEF, 0x5D, 0x8A, 0x80, 0xB2, 0xE8, 0x83, 0x16, 0x02, 0xA0, 0x68, 0xB6, 0x3C, 0xBC,
    0xB2, 0xD9, 0xBD, 0x00, 0x80, 0x40, 0x40, 0xD1, 0x05, 0xC5, 0x8B, 0x76, 0x5F, 0x19, 0xBA, 0x2A,
    0xC9, 0xBB, 0x0D, 0x00, 0x98, 0xAA, 0x2A, 0x82, 0x4C, 0xB4, 0x2D, 0x4D, 0xE0, 0x4A, 0x37, 0xF2,
    0x76, 0xED, 0xEE, 0xED, 0x3D, 0x66, 0xD4, 0x5A, 0x59, 0x12, 0xED, 0xEC, 0x3D, 0xF7, 0x9E, 0x7B,
    0xCE, 0xFF, 0xFF, 0x3F, 0x33, 0xBB, 0x7B, 0xEF, 0xC9, 0xC1, 0xF6, 0x09, 0xAA, 0x8C, 0xB0, 0x4C,
    0x55, 0x64, 0x12, 0x1D, 0xAB, 0xC8, 0x39, 0xA2, 0xDF, 0x3E, 0xF1, 0xD1, 0x25, 0xB0, 0x39, 0x14,
    0x23, 0xD8, 0x9C, 0xC2, 0x5A, 0x05, 0xAB, 0x06, 0x52, 0x6F, 0x09, 0x04, 0x33, 0x15, 0x7F, 0x5E,
    0x82, 0x45, 0x46, 0xC1, 0x6C, 0x3F, 0xFA, 0x7D, 0x3F, 0xA5, 0xE8, 0x30, 0xCD, 0xB1, 0x3D, 0xEC,
    0x38, 0x28, 0xC7, 0x91, 0xC9, 0x13, 0x35, 0xF8, 0x8A, 0xA4, 0x62, 0xE0, 0xEC, 0xE0, 0xB0, 0x06,
    0x37, 0xE3, 0xD2, 0xD0, 0xAE, 0x3A, 0x0B, 0xA7, 0x87, 0x60, 0x3C, 0x12, 0x00, 0x16, 0x8F, 0x13,
    0x70, 0xBB, 0xC7, 0x44, 0x55, 0xB0, 0x4F, 0xA2, 0xC3, 0x23, 0x52, 0x92, 0x4D, 0x56, 0xE8, 0x74,
    0xE9, 0x50, 0xF8, 0x35, 0x28, 0xFD, 0x14, 0x6B, 0x3F, 0xF9, 0x41, 0x36, 0x26, 0x27, 0xAD, 0xD8,
    0x23, 0x2E, 0x43, 0x4B, 0x76, 0x32, 0x33, 0xF4, 0xB2, 0x03, 0x9A, 0x27, 0x56, 0x90, 0xEA, 0xFA,
    0x2B, 0xDE, 0x2D, 0xE1, 0xD3, 0x0A, 0xAC, 0x25, 0x28, 0x0B, 0x42, 0xB3, 0x49, 0xA4, 0x73, 0x0F,
    0xE9, 0x90, 0x92, 0xB1, 0x42, 0x4A, 0xDB, 0x83, 0xFB, 0x77, 0x6E, 0x9A, 0x6D, 0xE7, 0x8C, 0x73,
    0x4E, 0x3F, 0x18, 0xDE, 0xD4, 0x9B, 0x24, 0x6A, 0x8D, 0x94, 0x55, 0x96, 0x49, 0xA5, 0x98, 0xEA,
    0x11, 0x9B, 0x29, 0x91, 0xB1, 0x84, 0x4F, 0x4A, 0x82, 0xE7, 0x06, 0x5E, 0x6A, 0x98, 0x01, 0x03,
    0xA0, 0x0D, 0x64, 0xCE, 0x06, 0x27, 0x93, 0x9D, 0xB8, 0x84, 0x14, 0xE8, 0x02, 0x39, 0xB0, 0x36,
    0x1C, 0xAE, 0x0F, 0x9C, 0xB3, 0x39, 0xC1, 0x7A, 0xDE, 0xC4, 0x25, 0x2F, 0x38, 0xC1, 0x0B, 0x0F,
    0x92, 0x86, 0xBF, 0xEB, 0xF9, 0x6D, 0xA9, 0x49, 0x97, 0x1E, 0x39, 0x1B, 0x9E, 0xFF, 0xA2, 0xE6,
    0x87, 0x3F, 0xAC, 0xE7, 0xA1, 0xA1, 0x1B, 0x69, 0xD2, 0x58, 0x11, 0x3F, 0x82, 0xC0, 0x79, 0xBE,
    0xFC, 0x76, 0xDB, 0x4D, 0xB1, 0x99, 0xB3, 0xF1, 0xE1, 0x64, 0x27, 0x55, 0xD0, 0xA9, 0x6B, 0x2B,
    0xCF, 0x2D, 0x65, 0x95, 0xBD, 0xC4, 0x25, 0x2F, 0xB8, 0x81, 0x2B, 0xB9, 0x32, 0x39, 0x06, 0x32,
    0x05, 0x91, 0x81, 0xB0, 0x02, 0xF9, 0x7B, 0x0D, 0xAD, 0xD4, 0xBB, 0x04, 0x16, 0x31, 0x89, 0xFB,
    0xBC, 0xE0, 0x04, 0x2F, 0xBC, 0x48, 0x21, 0x2B, 0x6F, 0x3D, 0x3D, 0x86, 0xCA, 0xF3, 0xAD, 0xCF,
    0x4F, 0x3D, 0x6E, 0xE4, 0xF9, 0xB7, 0x1A, 0xFE, 0x0A, 0x96, 0x96, 0xB7, 0xC4, 0xC7, 0xE3, 0xF7,
    0x0C, 0xD1, 0x17, 0xEA, 0xCA, 0x5D, 0xE1, 0x57, 0x80, 0x98, 0xF5, 0xFE, 0xDC, 0xBF, 0xC3, 0x4C,
    0x41, 0x6C, 0x20, 0xA8, 0x2E, 0xF8, 0xDA, 0x99, 0xE7, 0xCA, 0x2A, 0x7B, 0x89, 0x4B, 0x5E, 0x70,
    0x5E, 0xD3, 0xB1, 0xF8, 0xC7, 0x87, 0x73, 0x22, 0x83, 0xFD, 0xE7, 0x53, 0xF2, 0x6B, 0x70, 0xC0,
    0xE0, 0x28, 0x75, 0xA2, 0xCC, 0x60, 0xB2, 0x4B, 0xA6, 0x63, 0x92, 0x32, 0x22, 0xB4, 0xC0, 0x1C,
    0x58, 0x03, 0x32, 0x20, 0x55, 0xF5, 0x9A, 0x03, 0xFB, 0xF5, 0x7B, 0x45, 0x26, 0xF0, 0xE1, 0x48,
    0x75, 0x89, 0xD5, 0x96, 0xE7, 0x8A, 0x06, 0x80, 0x73, 0xE6, 0xE3, 0x89, 0x26, 0x28, 0x3D, 0xC2,
    0xA7, 0x48, 0xA1, 0x05, 0x6D, 0xE8, 0x41, 0x01, 0x96, 0x26, 0xA3, 0x49, 0x9A, 0x8C, 0xA8, 0x8E,
    0x65, 0x66, 0x19, 0x81, 0x27, 0x8A, 0x48, 0x13, 0x1A, 0xA8, 0xC0, 0xC2, 0xE8, 0x74, 0x8E, 0x26,
    0x67, 0xC0, 0x70, 0xE3, 0xA1, 0xBE, 0xF5, 0x58, 0x27, 0x73, 0xFC, 0xD8, 0x7A, 0xAC, 0x76, 0x1E,
    0xEA, 0x3A, 0x9E, 0x95, 0xEF, 0x14, 0xD3, 0xBC, 0x6A, 0x4F, 0x7B, 0x9F, 0x15, 0x59, 0xB9, 0x77,
    0x34, 0x82, 0xC8, 0x34, 0xE7, 0x82, 0xDA, 0x56, 0xA0, 0xF9, 0x9F, 0x81, 0x31, 0x4E, 0x0E, 0xB6,
    0xB2, 0xC4, 0xA6, 0x22, 0xFA, 0xBE, 0x24, 0xFC, 0xD1, 0x10, 0xFC, 0xA2, 0xE1, 0xA5, 0x82, 0x19,
    0xB0, 0x05, 0xAC, 0xD5, 0x94, 0xA4, 0xBC, 0xD6, 0x2F, 0xAA, 0x8D, 0x55, 0xBD, 0x91, 0xB2, 0x91,
    0xA9, 0xFE, 0x37, 0x55, 0x66, 0x36, 0x52, 0xB3, 0x45, 0xFF, 0xF9, 0x33, 0xB5, 0x31, 0x88, 0xF4,
    0x74, 0x25, 0x34, 0xB2, 0xF6, 0xFF, 0x7C, 0x46, 0xA6, 0xEF, 0x63, 0xE1, 0x8D, 0x4D, 0xCE, 0xA1,
    0x18, 0x04, 0xDE, 0xA2, 0xB2, 0x39, 0xD0, 0xC0, 0x26, 0xB0, 0x0F, 0x51, 0x05, 0x89, 0x81, 0xAC,
    0x79, 0xB1, 0x39, 0x84, 0x16, 0x62, 0x03, 0xA9, 0x73, 0x47, 0x03, 0x6F, 0xD3, 0x57, 0x3D, 0x85,
    0x7D, 0xDD, 0x1F, 0x56, 0x80, 0x81, 0x98, 0x82, 0x6F, 0x0D, 0x3C, 0x37, 0x04, 0x4F, 0x2A, 0x42,
    0x63, 0x89, 0x4C, 0x41, 0xAC, 0xC6, 0xA4, 0xE4, 0xB4, 0xE8, 0xD0, 0x11, 0xCF, 0xDB, 0x98, 0x58,
    0xCB, 0x25, 0x21, 0x26, 0xBE, 0xC4, 0x24, 0xD7, 0xAA, 0x11, 0xC2, 0x11, 0xAE, 0x68, 0x88, 0x96,
    0x68, 0x8A, 0xB6, 0xD4, 0xF0, 0x06, 0x52, 0x33, 0x98, 0xDD, 0x26, 0x79, 0x3A, 0xA7, 0x4B, 0x17,
    0xE1, 0xF7, 0x48, 0x18, 0x93, 0xA8, 0x7F, 0xD3, 0x44, 0x53, 0xB4, 0xA5, 0x46, 0xEA, 0x6B, 0x05,
    0xAE, 0x84, 0xC4, 0xD2, 0xBD, 0x47, 0xFE, 0x5F, 0xC6, 0xC8, 0xD8, 0x7B, 0x8D, 0x51, 0xF0, 0x7F,
    0xCB, 0x77, 0x15, 0x03, 0x0D, 0x5D, 0x60, 0x00, 0x2C, 0x73, 0xEE, 0xB3, 0x49, 0xA2, 0x8F, 0x48,
    0x8D, 0xBC, 0xC2, 0x69, 0xFF, 0x3C, 0xFC, 0x69, 0xCD, 0x4E, 0x7F, 0x0D, 0x40, 0xD6, 0xD7, 0xA1,
    0x9E, 0xC5, 0x04, 0xEB, 0x21, 0xD9, 0xC9, 0xD7, 0xF4, 0x16, 0xE7, 0x5C, 0x04, 0xCE, 0x8B, 0xC9,
    0x31, 0xF6, 0x17, 0x20, 0x9C, 0xD9, 0xFF, 0x47, 0x5D, 0x5C, 0xB5, 0x1B, 0xBD, 0x2D, 0x7B, 0x35,
    0x31, 0xA7, 0x7D, 0x80, 0xFE, 0x9D, 0x5D, 0x16, 0xDD, 0x01, 0xCD, 0x23, 0x3E, 0xFD, 0x2F, 0x77,
    0x01, 0xE0, 0x02, 0x2C, 0x20, 0x97, 0xC2, 0xA1, 0xA6, 0x24, 0x34, 0xE2, 0xDF, 0x9C, 0xE8, 0x25,
    0x00, 0xEF, 0x1F, 0x0D, 0x87, 0x1F, 0x70, 0x9E, 0x1F, 0x2A, 0x56, 0x75, 0x30, 0x27, 0x2B, 0xB9,
    0x8F, 0x0C, 0xEF, 0x04, 0xC7, 0xF8, 0xA0, 0xA4, 0x68, 0xEE, 0x9A, 0x1B, 0xF0, 0x00, 0xD2, 0x3A,
    0x95, 0x69, 0x19, 0xC7, 0x24, 0x25, 0x5B, 0xE0, 0x53, 0x34, 0x30, 0xA1, 0xC4, 0x42, 0xDD, 0x56,
    0xE1, 0x3C, 0xDE, 0x47, 0x1C, 0xEE, 0x31, 0xA7, 0xF6, 0x24, 0x46, 0xE3, 0xEA, 0x98, 0x6B, 0x42,
    0xDD, 0x56, 0x5E, 0x37, 0xDE, 0x4F, 0xAA, 0xC6, 0x4D, 0x4C, 0xAA, 0xC5, 0x23, 0x91, 0x98, 0x38,
    0x8C, 0xD8, 0xE1, 0xCC, 0x25, 0x5E, 0x37, 0x11, 0x1A, 0x93, 0xFD, 0xE9, 0x4B, 0x1C, 0x52, 0xA0,
    0x05, 0x2C, 0x35, 0xCD, 0xEA, 0xC4, 0x37, 0xAB, 0x11, 0x5D, 0x2C, 0x39, 0x15, 0x79, 0x50, 0x92,
    0x47, 0x86, 0x8E, 0x34, 0xB9, 0xEB, 0x8A, 0xD8, 0xD5, 0xCD, 0x8A, 0x65, 0x20, 0x07, 0x7A, 0x00,
    0x53, 0xA0, 0x82, 0xA0, 0xAC, 0x6B, 0xDF, 0x75, 0x1E, 0x78, 0xDD, 0x48, 0xA3, 0xA1, 0x85, 0x60,
    0x2D, 0x6D, 0x6F, 0x3D, 0x69, 0x48, 0xBE, 0xF6, 0x61, 0x5D, 0xDB, 0xC3, 0x09, 0x0D, 0x44, 0xFA,
    0x74, 0xA3, 0x6C, 0x1A, 0xF5, 0x19, 0xEB, 0x9E, 0x69, 0x96, 0x00, 0xFF, 0x9B, 0x4C, 0x76, 0xA4,
    0x39, 0x9D, 0xF7, 0xBD, 0xE7, 0x7F, 0x33, 0x1E, 0x3F, 0xB9, 0x2D, 0x8D, 0x98, 0xC5, 0x03, 0xE0,
    0xE0, 0x91, 0x74, 0x00, 0x53, 0xD0, 0xC2, 0xB4, 0x59, 0xC2, 0x2C, 0xD0, 0xC3, 0x24, 0x5C, 0xC3,
    0xC4, 0x75, 0x9F, 0x7B, 0x7B, 0xF8, 0xD3, 0x47, 0xB2, 0x4D, 0xEA, 0xEC, 0x02, 0x66, 0x89, 0x58,
    0x99, 0x11, 0xC1, 0x8B, 0x9F, 0x0D, 0xA2, 0xD2, 0x4C, 0x2F, 0x2E, 0x8B, 0x14, 0x22, 0x85, 0x48,
    0x21, 0x52, 0x88, 0x14, 0x7F, 0x4B, 0x0D, 0x45, 0x0A, 0x91, 0x42, 0xA4, 0x10, 0x29, 0x44, 0xEA,
    0xF2, 0xAB, 0xA5, 0xD2, 0x32, 0x38, 0x62, 0xA9, 0x88, 0xDF, 0xA7, 0xB7, 0xBC, 0xEC, 0xA5, 0xE2,
    0x22, 0xE6, 0x6A, 0x58, 0x45, 0x88, 0x57, 0xC7, 0x96, 0x46, 0x3E, 0x2B, 0x38, 0x84, 0x71, 0xBE,
    0x54, 0x0B, 0x91, 0x42, 0xA4, 0x10, 0x29, 0x46, 0x5E, 0x2A, 0x28, 0x45, 0x4A, 0x89, 0x14, 0x22,
    0xC5, 0x82, 0x97, 0xA2, 0xCD, 0x59, 0xA9, 0xE5, 0x37, 0xB7, 0x6D, 0xE7, 0x94, 0x98, 0x6F, 0x7A,
    0x7B, 0x61, 0xE5, 0xEF, 0x80, 0xC8, 0xA6, 0x66, 0x14, 0x94, 0xB1, 0xFA, 0x0B, 0x9D, 0x91, 0x81,
    0x46, 0x04, 0x41, 0x18, 0xC7, 0xFF, 0x77, 0x73, 0x2C, 0x8E, 0x9B, 0x9E, 0x60, 0xE7, 0x01, 0xC2,
    0x42, 0x00, 0x69, 0x7A, 0xA2, 0x0D, 0x61, 0xB1, 0x35, 0x03, 0x20, 0xD0, 0x23, 0x84, 0x90, 0x50,
    0x3D, 0x40, 0x77, 0x33, 0x8F, 0x30, 0xF4, 0x02, 0x8B, 0xA0, 0x8B, 0x84, 0x8D, 0xB5, 0xED, 0xCC,
    0xF4, 0x7D, 0x02, 0x70, 0x3A, 0x61, 0x7F, 0x7C, 0xFB, 0xFD, 0xBF, 0x1F, 0x7F, 0x03, 0xF5, 0xE5,
    0x34, 0x92, 0x7B, 0xF7, 0x22, 0xC8, 0x53, 0x2B, 0xBC, 0x04, 0x0A, 0x5B, 0x02, 0x26, 0xE7, 0x88,
    0x7A, 0xFB, 0x78, 0x07, 0x1E, 0xFF, 0xC0, 0x32, 0x54, 0xD7, 0x30, 0x7D, 0xFE, 0x04, 0xAA, 0x1E,
    0x48, 0x11, 0x22, 0x94, 0x10, 0x7E, 0x41, 0x6B, 0x56, 0x25, 0x32, 0x3D, 0x70, 0x74, 0xE7, 0x47,
    0x06, 0x4D, 0x82, 0x0E, 0x2A, 0x01, 0x69, 0x83, 0x79, 0xC7, 0xF7, 0xBF, 0x3B, 0x93, 0x4A, 0xD4,
    0x6F, 0xE5, 0x9E, 0xF7, 0xBD, 0xEB, 0x80, 0x94, 0xC7, 0x01, 0xD4, 0x48, 0x37, 0xE0, 0x4A, 0x07,
    0x9C, 0x01, 0xB8, 0x54, 0x9E, 0xB8, 0xD5, 0xFD, 0x33, 0xFF, 0x41, 0xBB, 0x17, 0xD9, 0xBD, 0xE6,
    0x7A, 0x2F, 0xD9, 0x92, 0xDF, 0x4C, 0x40, 0x72, 0xE3, 0xC4, 0x7E, 0xDB, 0xB2, 0x1F, 0x9C, 0x54,
    0x44, 0xF2, 0x0F, 0x2D, 0xFB, 0x6F, 0xDB, 0xFF, 0xF9, 0x3D, 0x8C, 0xC6, 0xEC, 0xDB, 0x93, 0xF5,
    0x8A, 0xB6, 0x2B, 0x4E, 0xB0, 0x35, 0xF2, 0x4B, 0xEC, 0xEE, 0xAF, 0xC8, 0x21, 0x3F, 0x4C, 0x5F,
    0x0C, 0x28, 0x22, 0x80, 0xCA, 0x69, 0xA0, 0x29, 0x3C, 0x70, 0x26, 0x08, 0x47, 0x84, 0x65, 0x54,
    0xD9, 0x1F, 0x5F, 0x1E, 0x6E, 0xF5, 0xF9, 0x8A, 0xC6, 0x66, 0x41, 0x38, 0xB1, 0x04, 0x39, 0x10,
    0x66, 0x1B, 0xC2, 0x8D, 0x24, 0x3C, 0x49, 0x11, 0xB0, 0xBE, 0x98, 0x8F, 0xA1, 0x7E, 0x85, 0xB3,
    0x3F, 0x45, 0x8D, 0x01, 0x06, 0x80, 0x40, 0x14, 0x05, 0x87, 0x05, 0x14, 0xFF, 0x08, 0x5D, 0xA0,
    0x3B, 0xAC, 0x2E, 0xD4, 0x19, 0xD2, 0xC9, 0x96, 0xB0, 0x00, 0xEA, 0x24, 0x0B, 0x88, 0x96, 0x57,
    0x0F, 0xF4, 0xF1, 0x30, 0xCC, 0x7C, 0x18, 0xF1, 0x65, 0x0F, 0x2A, 0x40, 0x5A, 0x1A, 0x10, 0xCC,
    0xC6, 0x6B, 0x18, 0xAB, 0x16, 0x92, 0x74, 0x34, 0xE2, 0xDB, 0x4E, 0xD6, 0x3D, 0x88, 0xD0, 0x36,
    0x75, 0x92, 0x76, 0x35, 0x50, 0xB5, 0x9C, 0x25, 0xBB, 0x4F, 0x77, 0xE7, 0x74, 0x87, 0xAB, 0xFC,
    0x7D, 0xFF, 0x7A, 0x01,
};

static const EpdGlyph bookerly_10_regularGlyphs[] = {
    { 0, 0, 0, 0, 0, 0, 0 }, // U+0000
    { 0, 0, 0, 0, 0, 0, 0 }, // U+0008
    { 0, 0, 72, 0, 0, 0, 0 }, // U+0009
    { 0, 0, 72, 0, 0, 0, 0 }, // U+000D
    { 0, 0, 0, 0, 0, 0, 0 }, // U+001D
    { 0, 0, 72, 0, 0, 0, 0 }, // U+0020
    { 4, 16, 91, 1, 16, 16, 0 }, // !
    { 6, 7, 123, 1, 15, 11, 16 }, // "
    { 13, 13, 208, 0, 12, 43, 27 }, // #
    { 11, 21, 208, 1, 17, 58, 70 }, // $
    { 19, 16, 323, 1, 15, 76, 128 }, // %
    { 16, 15, 268, 1, 15, 60, 204 }, // &
    { 3, 7, 65, 1, 15, 6, 264 }, // '
    { 8, 19, 122, 0, 16, 38, 270 }, // (
    { 7, 19, 122, 0, 16, 34, 308 }, // )
    { 8, 7, 124, 0, 15, 14, 342 }, // *
    { 9, 10, 208, 2, 12, 23, 356 }, // +
    { 5, 7, 91, 0, 3, 9, 379 }, // ,
    { 8, 2, 125, 0, 6, 4, 388 }, // -
    { 4, 3, 91, 1, 3, 3, 392 }, // .
    { 10, 16, 164, 0, 15, 40, 395 }, // /
    { 13, 14, 208, 0, 14, 46, 435 }, // 0
    { 9, 14, 208, 2, 14, 32, 481 }, // 1
    { 11, 14, 208, 1, 14, 39, 513 }, // 2
    { 10, 14, 208, 1, 14, 35, 552 }, // 3
    { 12, 14, 208, 0, 14, 42, 587 }, // 4
    { 10, 14, 208, 1, 14, 35, 629 }, // 5
    { 11, 14, 208, 1, 14, 39, 664 }, // 6
    { 10, 14, 208, 2, 14, 35, 703 }, // 7
    { 11, 14, 208, 1, 14, 39, 738 }, // 8
    { 11, 14, 208, 1, 14, 39, 777 }, // 9
    { 4, 11, 91, 1, 11, 11, 816 }, // :
    { 5, 15, 91, 0, 11, 19, 827 }, // ;
    { 9, 10, 208, 2, 12, 23, 846 }, // <
    { 9, 6, 208, 2, 10, 14, 869 }, // =
    { 9, 10, 208, 2, 12, 23, 883 }, // >
    { 8, 15, 158, 1, 15, 30, 906 }, // ?
    { 19, 18, 318, 1, 14, 86, 936 }, // @
    { 16, 15, 247, 0, 15, 60, 1022 }, // A
    { 13, 15, 206, 0, 15, 49, 1082 }, // B
    { 13, 15, 214, 0, 15, 49, 1131 }, // C
    { 15, 16, 250, 0, 15, 60, 1180 }, // D
    { 13, 15, 210, 0, 15, 49, 1240 }, // E
    { 12, 15, 190, 0, 15, 45, 1289 }, // F
    { 15, 15, 242, 0, 15, 57, 1334 }, // G
    { 17, 15, 278, 0, 15, 64, 1391 }, // H
    { 8, 15, 126, 0, 15, 30, 1455 }, // I
    { 9, 20, 121, -1, 15, 45, 1485 }, // J
    { 16, 15, 242, 0, 15, 60, 1530 }, // K
    { 13, 15, 201, 0, 15, 49, 1590 }, // L
    { 19, 15, 298, 0, 15, 72, 1639 }, // M
    { 17, 15, 272, 0, 15, 64, 1711 }, // N
    { 16, 15, 259, 0, 15, 60, 1775 }, // O
    { 12, 15, 198, 0, 15, 45, 1835 }, // P
    { 17, 19, 259, 0, 15, 81, 1880 }, // Q
    { 15, 15, 226, 0, 15, 57, 1961 }, // R
    { 11, 15, 183, 0, 15, 42, 2018 }, // S
    { 14, 15, 228, 0, 15, 53, 2060 }, // T
    { 16, 15, 258, 0, 15, 60, 2113 }, // U
    { 16, 15, 245, 0, 15, 60, 2173 }, // V
    { 23, 15, 369, 0, 15, 87, 2233 }, // W
    { 16, 15, 242, 0, 15, 60, 2320 }, // X
    { 15, 15, 228, 0, 15, 57, 2380 }, // Y
    { 12, 16, 197, 0, 15, 48, 2437 }, // Z
    { 5, 19, 102, 1, 16, 24, 2485 }, // [
    { 10, 16, 164, 0, 15, 40, 2509 }, // <backslash>
    { 4, 19, 102, 1, 16, 19, 2549 }, // ]
    { 11, 9, 208, 1, 13, 25, 2568 }, // ^
    { 11, 2, 167, 0, -1, 6, 2593 }, // _
    { 6, 5, 224, 4, 17, 8, 2599 }, // `
    { 11, 11, 183, 1, 11, 31, 2607 }, // a
    { 13, 16, 199, -1, 16, 52, 2638 }, // b
    { 10, 11, 169, 0, 11, 28, 2690 }, // c
    { 13, 16, 208, 0, 16, 52, 2718 }, // d
    { 11, 11, 173, 0, 11, 31, 2770 }, // e
    { 11, 16, 135, 0, 16, 44, 2801 }, // f
    { 12, 16, 193, 0, 11, 48, 2845 }, // g
    { 14, 16, 220, 0, 16, 56, 2893 }, // h
    { 7, 16, 110, 0, 16, 28, 2949 }, // i
    { 7, 21, 96, -2, 16, 37, 2977 }, // j
    { 13, 16, 201, 0, 16, 52, 3014 }, // k
    { 7, 16, 108, 0, 16, 28, 3066 }, // l
    { 21, 11, 332, 0, 11, 58, 3094 }, // m
    { 14, 11, 224, 0, 11, 39, 3152 }, // n
    { 12, 11, 198, 0, 11, 33, 3191 }, // o
    { 13, 16, 204, 0, 11, 52, 3224 }, // p
    { 13, 16, 198, 0, 11, 52, 3276 }, // q
    { 10, 11, 154, 0, 11, 28, 3328 }, // r
    { 9, 11, 160, 1, 11, 25, 3356 }, // s
    { 9, 14, 137, 0, 14, 32, 3381 }, // t
    { 14, 11, 217, 0, 11, 39, 3413 }, // u
    { 13, 11, 200, 0, 11, 36, 3452 }, // v
    { 19, 11, 297, 0, 11, 53, 3488 }, // w
    { 13, 11, 198, 0, 11, 36, 3541 }, // x
    { 13, 16, 200, 0, 11, 52, 3577 }, // y
    { 10, 12, 167, 0, 11, 30, 3629 }, // z
    { 7, 19, 128, 1, 16, 34, 3659 }, // {
    { 2, 19, 91, 2, 16, 10, 3693 }, // |
    { 7, 19, 128, 0, 16, 34, 3703 }, // }
    { 11, 4, 208, 1, 9, 11, 3737 }, // ~
    { 0, 0, 72, 0, 0, 0, 0 }, // U+00A0
    { 4, 16, 91, 1, 11, 16, 0 }, // U+00A1
    { 10, 20, 208, 1, 16, 50, 16 }, // U+00A2
    { 12, 14, 208, 1, 14, 42, 66 }, // U+00A3
    { 13, 10, 208, 0, 12, 33, 108 }, // U+00A4
    { 15, 14, 208, -1, 14, 53, 141 }, // U+00A5
    { 2, 19, 91, 2, 16, 10, 194 }, // U+00A6
    { 10, 17, 170, 0, 15, 43, 204 }, // U+00A7
    { 8, 3, 224, 3, 16, 6, 247 }, // U+00A8
    { 16, 15, 261, 0, 15, 60, 253 }, // U+00A9
    { 8, 10, 149, 1, 15, 20, 313 }, // U+00AA
    { 11, 8, 175, 0, 9, 22, 333 }, // U+00AB
    { 9, 5, 208, 2, 9, 12, 355 }, // U+00AC
    { 8, 2, 125, 0, 6, 4, 367 }, // U+00AD
    { 12, 11, 194, 0, 16, 33, 371 }, // U+00AE
    { 8, 2, 224, 3, 15, 4, 404 }, // U+00AF
    { 7, 7, 176, 2, 15, 13, 408 }, // U+00B0
    { 9, 13, 208, 2, 13, 30, 421 }, // U+00B1
    { 8, 9, 149, 1, 17, 18, 451 }, // U+00B2
    { 7, 9, 149, 1, 17, 16, 469 }, // U+00B3
    { 5, 5, 224, 5, 17, 7, 485 }, // U+00B4
    { 14, 16, 222, 1, 11, 56, 492 }, // U+00B5
    { 11, 18, 182, 0, 15, 50, 548 }, // U+00B6
    { 4, 3, 91, 1, 8, 3, 598 }, // U+00B7
    { 4, 4, 224, 5, -1, 4, 601 }, // U+00B8
    { 7, 9, 149, 1, 17, 16, 605 }, // U+00B9
    { 8, 10, 151, 1, 15, 20, 621 }, // U+00BA
    { 11, 8, 175, 1, 9, 22, 641 }, // U+00BB
    { 21, 16, 359, 1, 15, 84, 663 }, // U+00BC
    { 21, 16, 359, 1, 15, 84, 747 }, // U+00BD
    { 21, 16, 359, 1, 15, 84, 831 }, // U+00BE
    { 8, 16, 158, 1, 11, 32, 915 }, // U+00BF
    { 16, 20, 247, 0, 20, 80, 947 }, // U+00C0
    { 16, 20, 247, 0, 20, 80, 1027 }, // U+00C1
    { 16, 20, 247, 0, 20, 80, 1107 }, // U+00C2
    { 16, 20, 247, 0, 20, 80, 1187 }, // U+00C3
    { 16, 20, 247, 0, 20, 80, 1267 }, // U+00C4
    { 16, 21, 247, 0, 21, 84, 1347 }, // U+00C5
    { 20, 15, 310, -1, 15, 75, 1431 }, // U+00C6
    { 13, 20, 214, 0, 15, 65, 1506 }, // U+00C7
    { 13, 20, 210, 0, 20, 65, 1571 }, // U+00C8
    { 13, 20, 210, 0, 20, 65, 1636 }, // U+00C9
    { 13, 20, 210, 0, 20, 65, 1701 }, // U+00CA
    { 13, 20, 210, 0, 20, 65, 1766 }, // U+00CB
    { 8, 20, 126, 0, 20, 40, 1831 }, // U+00CC
    { 8, 20, 126, 0, 20, 40, 1871 }, // U+00CD
    { 8, 20, 126, 0, 20, 40, 1911 }, // U+00CE
    { 8, 20, 126, 0, 20, 40, 1951 }, // U+00CF
    { 15, 15, 250, 0, 15, 57, 1991 }, // U+00D0
    { 17, 20, 272, 0, 20, 85, 2048 }, // U+00D1
    { 16, 20, 259, 0, 20, 80, 2133 }, // U+00D2
    { 16, 20, 259, 0, 20, 80, 2213 }, // U+00D3
    { 16, 20, 259, 0, 20, 80, 2293 }, // U+00D4
    { 16, 20, 259, 0, 20, 80, 2373 }, // U+00D5
    { 16, 20, 259, 0, 20, 80, 2453 }, // U+00D6
    { 9, 8, 208, 2, 11, 18, 2533 }, // U+00D7
    { 16, 15, 259, 0, 15, 60, 2551 }, // U+00D8
    { 16, 20, 258, 0, 20, 80, 2611 }, // U+00D9
    { 16, 20, 258, 0, 20, 80, 2691 }, // U+00DA
    { 16, 20, 258, 0, 20, 80, 2771 }, // U+00DB
    { 16, 20, 258, 0, 20, 80, 2851 }, // U+00DC
    { 15, 20, 228, 0, 20, 75, 2931 }, // U+00DD
    { 13, 15, 207, 0, 15, 49, 3006 }, // U+00DE
    { 13, 16, 217, 0, 16, 52, 3055 }, // U+00DF
    { 11, 17, 183, 1, 17, 47, 3107 }, // U+00E0
    { 11, 17, 183, 1, 17, 47, 3154 }, // U+00E1
    { 11, 17, 183, 1, 17, 47, 3201 }, // U+00E2
    { 11, 16, 183, 1, 16, 44, 3248 }, // U+00E3
    { 11, 16, 183, 1, 16, 44, 3292 }, // U+00E4
    { 11, 17, 183, 1, 17, 47, 3336 }, // U+00E5
    { 16, 11, 271, 1, 11, 44, 3383 }, // U+00E6
    { 10, 16, 169, 0, 11, 40, 3427 }, // U+00E7
    { 11, 17, 173, 0, 17, 47, 3467 }, // U+00E8
    { 11, 17, 173, 0, 17, 47, 3514 }, // U+00E9
    { 11, 17, 173, 0, 17, 47, 3561 }, // U+00EA
    { 11, 16, 173, 0, 16, 44, 3608 }, // U+00EB
    { 7, 17, 110, 0, 17, 30, 3652 }, // U+00EC
    { 7, 17, 110, 0, 17, 30, 3682 }, // U+00ED
    { 7, 17, 110, 0, 17, 30, 3712 }, // U+00EE
    { 8, 16, 110, -1, 16, 32, 3742 }, // U+00EF
    { 12, 17, 198, 0, 17, 51, 3774 }, // U+00F0
    { 14, 16, 224, 0, 16, 56, 3825 }, // U+00F1
    { 12, 17, 198, 0, 17, 51, 3881 }, // U+00F2
    { 12, 17, 198, 0, 17, 51, 3932 }, // U+00F3
    { 12, 17, 198, 0, 17, 51, 3983 }, // U+00F4
    { 12, 16, 198, 0, 16, 48, 4034 }, // U+00F5
    { 12, 16, 198, 0, 16, 48, 4082 }, // U+00F6
    { 9, 10, 208, 2, 12, 23, 4130 }, // U+00F7
    { 13, 11, 198, 0, 11, 36, 4153 }, // U+00F8
    { 14, 17, 217, 0, 17, 60, 4189 }, // U+00F9
    { 14, 17, 217, 0, 17, 60, 4249 }, // U+00FA
    { 14, 17, 217, 0, 17, 60, 4309 }, // U+00FB
    { 14, 16, 217, 0, 16, 56, 4369 }, // U+00FC
    { 13, 22, 200, 0, 17, 72, 4425 }, // U+00FD
    { 13, 21, 207, 0, 16, 69, 4497 }, // U+00FE
    { 13, 21, 200, 0, 16, 69, 4566 }, // U+00FF
    { 16, 19, 247, 0, 19, 76, 0 }, // U+0100
    { 11, 15, 183, 1, 15, 42, 76 }, // U+0101
    { 16, 21, 247, 0, 21, 84, 118 }, // U+0102
    { 11, 17, 183, 1, 17, 47, 202 }, // U+0103
    { 16, 19, 247, 0, 15, 76, 249 }, // U+0104
    { 11, 15, 183, 1, 11, 42, 325 }, // U+0105
    { 13, 20, 214, 0, 20, 65, 367 }, // U+0106
    { 10, 17, 169, 0, 17, 43, 432 }, // U+0107
    { 13, 20, 214, 0, 20, 65, 475 }, // U+0108
    { 10, 17, 169, 0, 17, 43, 540 }, // U+0109
    { 13, 20, 214, 0, 20, 65, 583 }, // U+010A
    { 10, 16, 169, 0, 16, 40, 648 }, // U+010B
    { 13, 20, 214, 0, 20, 65, 688 }, // U+010C
    { 10, 17, 169, 0, 17, 43, 753 }, // U+010D
    { 15, 21, 250, 0, 20, 79, 796 }, // U+010E
    { 15, 17, 214, 0, 17, 64, 875 }, // U+010F
    { 15, 15, 250, 0, 15, 57, 939 }, // U+0110
    { 13, 16, 208, 0, 16, 52, 996 }, // U+0111
    { 13, 19, 210, 0, 19, 62, 1048 }, // U+0112
    { 11, 15, 173, 0, 15, 42, 1110 }, // U+0113
    { 13, 21, 210, 0, 21, 69, 1152 }, // U+0114
    { 11, 17, 173, 0, 17, 47, 1221 }, // U+0115
    { 13, 20, 210, 0, 20, 65, 1268 }, // U+0116
    { 11, 16, 173, 0, 16, 44, 1333 }, // U+0117
    { 13, 19, 210, 0, 15, 62, 1377 }, // U+0118
    { 11, 15, 173, 0, 11, 42, 1439 }, // U+0119
    { 13, 20, 210, 0, 20, 65, 1481 }, // U+011A
    { 11, 17, 173, 0, 17, 47, 1546 }, // U+011B
    { 15, 20, 242, 0, 20, 75, 1593 }, // U+011C
    { 12, 22, 193, 0, 17, 66, 1668 }, // U+011D
    { 15, 21, 242, 0, 21, 79, 1734 }, // U+011E
    { 12, 22, 193, 0, 17, 66, 1813 }, // U+011F
    { 15, 20, 242, 0, 20, 75, 1879 }, // U+0120
    { 12, 21, 193, 0, 16, 63, 1954 }, // U+0121
    { 15, 21, 242, 0, 15, 79, 2017 }, // U+0122
    { 12, 23, 193, 0, 18, 69, 2096 }, // U+0123
    { 17, 20, 278, 0, 20, 85, 2165 }, // U+0124
    { 15, 21, 220, -1, 21, 79, 2250 }, // U+0125
    { 17, 15, 278, 0, 15, 64, 2329 }, // U+0126
    { 14, 16, 220, 0, 16, 56, 2393 }, // U+0127
    { 8, 20, 126, 0, 20, 40, 2449 }, // U+0128
    { 7, 16, 110, 0, 16, 28, 2489 }, // U+0129
    { 8, 19, 126, 0, 19, 38, 2517 }, // U+012A
    { 7, 15, 110, 0, 15, 27, 2555 }, // U+012B
    { 8, 21, 126, 0, 21, 42, 2582 }, // U+012C
    { 7, 17, 110, 0, 17, 30, 2624 }, // U+012D
    { 8, 19, 126, 0, 15, 38, 2654 }, // U+012E
    { 7, 20, 110, 0, 16, 35, 2692 }, // U+012F
    { 8, 20, 126, 0, 20, 40, 2727 }, // U+0130
    { 7, 11, 110, 0, 11, 20, 2767 }, // U+0131
    { 15, 20, 240, 0, 15, 75, 2787 }, // U+0132
    { 12, 21, 203, 0, 16, 63, 2862 }, // U+0133
    { 9, 25, 121, -1, 20, 57, 2925 }, // U+0134
    { 9, 22, 96, -2, 17, 50, 2982 }, // U+0135
    { 16, 21, 242, 0, 15, 84, 3032 }, // U+0136
    { 13, 22, 201, 0, 16, 72, 3116 }, // U+0137
    { 13, 11, 205, 0, 11, 36, 3188 }, // U+0138
    { 13, 20, 201, 0, 20, 65, 3224 }, // U+0139
    { 7, 21, 108, 0, 21, 37, 3289 }, // U+013A
    { 13, 21, 201, 0, 15, 69, 3326 }, // U+013B
    { 7, 22, 108, 0, 16, 39, 3395 }, // U+013C
    { 13, 17, 201, 0, 17, 56, 3434 }, // U+013D
    { 9, 17, 115, 0, 17, 39, 3490 }, // U+013E
    { 13, 15, 201, 0, 15, 49, 3529 }, // U+013F
    { 10, 16, 156, 0, 16, 40, 3578 }, // U+0140
    { 14, 15, 201, -1, 15, 53, 3618 }, // U+0141
    { 9, 16, 108, -1, 16, 36, 3671 }, // U+0142
    { 17, 20, 272, 0, 20, 85, 3707 }, // U+0143
    { 14, 17, 224, 0, 17, 60, 3792 }, // U+0144
    { 17, 21, 272, 0, 15, 90, 3852 }, // U+0145
    { 14, 17, 224, 0, 11, 60, 3942 }, // U+0146
    { 17, 20, 272, 0, 20, 85, 4002 }, // U+0147
    { 14, 17, 224, 0, 17, 60, 4087 }, // U+0148
    { 19, 16, 302, 0, 16, 76, 4147 }, // U+0149
    { 17, 19, 272, 0, 15, 81, 4223 }, // U+014A
    { 12, 16, 214, 0, 11, 48, 4304 }, // U+014B
    { 16, 19, 259, 0, 19, 76, 4352 }, // U+014C
    { 12, 15, 198, 0, 15, 45, 4428 }, // U+014D
    { 16, 21, 259, 0, 21, 84, 4473 }, // U+014E
    { 12, 17, 198, 0, 17, 51, 4557 }, // U+014F
    { 16, 21, 259, 0, 21, 84, 4608 }, // U+0150
    { 12, 17, 198, 0, 17, 51, 4692 }, // U+0151
    { 20, 15, 323, 0, 15, 75, 4743 }, // U+0152
    { 19, 11, 302, 0, 11, 53, 4818 }, // U+0153
    { 15, 20, 226, 0, 20, 75, 4871 }, // U+0154
    { 10, 17, 154, 0, 17, 43, 4946 }, // U+0155
    { 15, 21, 226, 0, 15, 79, 4989 }, // U+0156
    { 10, 17, 154, 0, 11, 43, 5068 }, // U+0157
    { 15, 20, 226, 0, 20, 75, 5111 }, // U+0158
    { 10, 17, 154, 0, 17, 43, 5186 }, // U+0159
    { 11, 20, 183, 0, 20, 55, 5229 }, // U+015A
    { 9, 17, 160, 1, 17, 39, 5284 }, // U+015B
    { 11, 20, 183, 0, 20, 55, 5323 }, // U+015C
    { 9, 17, 160, 1, 17, 39, 5378 }, // U+015D
    { 11, 20, 183, 0, 15, 55, 5417 }, // U+015E
    { 9, 16, 160, 1, 11, 36, 5472 }, // U+015F
    { 11, 20, 183, 0, 20, 55, 5508 }, // U+0160
    { 9, 17, 160, 1, 17, 39, 5563 }, // U+0161
    { 14, 20, 228, 0, 15, 70, 5602 }, // U+0162
    { 9, 19, 137, 0, 14, 43, 5672 }, // U+0163
    { 14, 20, 228, 0, 20, 70, 5715 }, // U+0164
    { 9, 16, 137, 0, 16, 36, 5785 }, // U+0165
    { 14, 15, 228, 0, 15, 53, 5821 }, // U+0166
    { 9, 14, 137, 0, 14, 32, 5874 }, // U+0167
    { 16, 20, 258, 0, 20, 80, 5906 }, // U+0168
    { 14, 16, 217, 0, 16, 56, 5986 }, // U+0169
    { 16, 19, 258, 0, 19, 76, 6042 }, // U+016A
    { 14, 15, 217, 0, 15, 53, 6118 }, // U+016B
    { 16, 21, 258, 0, 21, 84, 6171 }, // U+016C
    { 14, 17, 217, 0, 17, 60, 6255 }, // U+016D
    { 16, 21, 258, 0, 21, 84, 6315 }, // U+016E
    { 14, 17, 217, 0, 17, 60, 6399 }, // U+016F
    { 16, 21, 258, 0, 21, 84, 6459 }, // U+0170
    { 14, 17, 217, 0, 17, 60, 6543 }, // U+0171
    { 16, 19, 258, 0, 15, 76, 6603 }, // U+0172
    { 14, 15, 217, 0, 11, 53, 6679 }, // U+0173
    { 23, 20, 369, 0, 20, 115, 6732 }, // U+0174
    { 19, 17, 297, 0, 17, 81, 6847 }, // U+0175
    { 15, 20, 228, 0, 20, 75, 6928 }, // U+0176
    { 13, 22, 200, 0, 17, 72, 7003 }, // U+0177
    { 15, 20, 228, 0, 20, 75, 7075 }, // U+0178
    { 12, 21, 197, 0, 20, 63, 7150 }, // U+0179
    { 10, 18, 167, 0, 17, 45, 7213 }, // U+017A
    { 12, 21, 197, 0, 20, 63, 7258 }, // U+017B
    { 10, 17, 167, 0, 16, 43, 7321 }, // U+017C
    { 12, 21, 197, 0, 20, 63, 7364 }, // U+017D
    { 10, 18, 167, 0, 17, 45, 7427 }, // U+017E
    { 11, 16, 135, 0, 16, 44, 7472 }, // U+017F
    { 17, 17, 259, 0, 17, 73, 0 }, // U+01A0
    { 13, 13, 198, 0, 13, 43, 73 }, // U+01A1
    { 17, 18, 258, 0, 18, 77, 116 }, // U+01AF
    { 14, 13, 217, 0, 13, 46, 193 }, // U+01B0
    { 28, 21, 447, 0, 20, 147, 239 }, // U+01C4
    { 26, 18, 417, 0, 17, 117, 386 }, // U+01C5
    { 24, 18, 375, 0, 17, 108, 503 }, // U+01C6
    { 20, 20, 321, 0, 15, 100, 611 }, // U+01C7
    { 18, 21, 296, 0, 16, 95, 711 }, // U+01C8
    { 12, 21, 204, 0, 16, 63, 806 }, // U+01C9
    { 25, 20, 392, 0, 15, 125, 869 }, // U+01CA
    { 22, 21, 367, 0, 16, 116, 994 }, // U+01CB
    { 19, 21, 319, 0, 16, 100, 1110 }, // U+01CC
    { 16, 20, 247, 0, 20, 80, 1210 }, // U+01CD
    { 11, 17, 183, 1, 17, 47, 1290 }, // U+01CE
    { 8, 20, 126, 0, 20, 40, 1337 }, // U+01CF
    { 8, 17, 110, -1, 17, 34, 1377 }, // U+01D0
    { 16, 20, 259, 0, 20, 80, 1411 }, // U+01D1
    { 12, 17, 198, 0, 17, 51, 1491 }, // U+01D2
    { 16, 20, 258, 0, 20, 80, 1542 }, // U+01D3
    { 14, 17, 217, 0, 17, 60, 1622 }, // U+01D4
    { 16, 23, 258, 0, 23, 92, 1682 }, // U+01D5
    { 14, 19, 217, 0, 19, 67, 1774 }, // U+01D6
    { 16, 25, 258, 0, 25, 100, 1841 }, // U+01D7
    { 14, 22, 217, 0, 22, 77, 1941 }, // U+01D8
    { 16, 25, 258, 0, 25, 100, 2018 }, // U+01D9
    { 14, 21, 217, 0, 21, 74, 2118 }, // U+01DA
    { 16, 25, 258, 0, 25, 100, 2192 }, // U+01DB
    { 14, 22, 217, 0, 22, 77, 2292 }, // U+01DC
    { 11, 11, 174, 0, 11, 31, 2369 }, // U+01DD
    { 16, 23, 247, 0, 23, 92, 2400 }, // U+01DE
    { 11, 19, 183, 1, 19, 53, 2492 }, // U+01DF
    { 16, 23, 247, 0, 23, 92, 2545 }, // U+01E0
    { 11, 19, 183, 1, 19, 53, 2637 }, // U+01E1
    { 20, 19, 310, -1, 19, 95, 2690 }, // U+01E2
    { 16, 15, 271, 1, 15, 60, 2785 }, // U+01E3
    { 16, 15, 242, 0, 15, 60, 2845 }, // U+01E4
    { 14, 16, 193, -1, 11, 56, 2905 }, // U+01E5
    { 15, 20, 242, 0, 20, 75, 2961 }, // U+01E6
    { 12, 22, 193, 0, 17, 66, 3036 }, // U+01E7
    { 16, 20, 242, 0, 20, 80, 3102 }, // U+01E8
    { 14, 21, 201, -1, 21, 74, 3182 }, // U+01E9
    { 16, 19, 259, 0, 15, 76, 3256 }, // U+01EA
    { 12, 15, 198, 0, 11, 45, 3332 }, // U+01EB
    { 16, 23, 259, 0, 19, 92, 3377 }, // U+01EC
    { 12, 19, 198, 0, 15, 57, 3469 }, // U+01ED
    { 12, 20, 191, 0, 20, 60, 3526 }, // U+01EE
    { 10, 22, 167, 0, 17, 55, 3586 }, // U+01EF
    { 9, 22, 96, -2, 17, 50, 3641 }, // U+01F0
    { 28, 16, 447, 0, 15, 112, 3691 }, // U+01F1
    { 26, 16, 417, 0, 15, 104, 3803 }, // U+01F2
    { 24, 17, 375, 0, 16, 102, 3907 }, // U+01F3
    { 15, 20, 242, 0, 20, 75, 4009 }, // U+01F4
    { 12, 22, 193, 0, 17, 66, 4084 }, // U+01F5
    { 17, 20, 272, 0, 20, 85, 4150 }, // U+01F8
    { 14, 17, 224, 0, 17, 60, 4235 }, // U+01F9
    { 16, 22, 247, 0, 22, 88, 4295 }, // U+01FA
    { 11, 21, 183, 1, 21, 58, 4383 }, // U+01FB
    { 20, 20, 310, -1, 20, 100, 4441 }, // U+01FC
    { 16, 17, 271, 1, 17, 68, 4541 }, // U+01FD
    { 16, 20, 259, 0, 20, 80, 4609 }, // U+01FE
    { 13, 17, 198, 0, 17, 56, 4689 }, // U+01FF
    { 16, 21, 247, 0, 21, 84, 4745 }, // U+0200
    { 12, 17, 183, 0, 17, 51, 4829 }, // U+0201
    { 16, 21, 247, 0, 21, 84, 4880 }, // U+0202
    { 11, 17, 183, 1, 17, 47, 4964 }, // U+0203
    { 13, 21, 210, 0, 21, 69, 5011 }, // U+0204
    { 11, 17, 173, 0, 17, 47, 5080 }, // U+0205
    { 13, 21, 210, 0, 21, 69, 5127 }, // U+0206
    { 11, 17, 173, 0, 17, 47, 5196 }, // U+0207
    { 10, 21, 126, -2, 21, 53, 5243 }, // U+0208
    { 8, 17, 110, -1, 17, 34, 5296 }, // U+0209
    { 8, 21, 126, 0, 21, 42, 5330 }, // U+020A
    { 7, 17, 110, 0, 17, 30, 5372 }, // U+020B
    { 16, 21, 259, 0, 21, 84, 5402 }, // U+020C
    { 12, 17, 198, 0, 17, 51, 5486 }, // U+020D
    { 16, 21, 259, 0, 21, 84, 5537 }, // U+020E
    { 12, 17, 198, 0, 17, 51, 5621 }, // U+020F
    { 15, 21, 226, 0, 21, 79, 5672 }, // U+0210
    { 10, 17, 154, 0, 17, 43, 5751 }, // U+0211
    { 15, 21, 226, 0, 21, 79, 5794 }, // U+0212
    { 10, 17, 154, 0, 17, 43, 5873 }, // U+0213
    { 16, 21, 258, 0, 21, 84, 5916 }, // U+0214
    { 14, 17, 217, 0, 17, 60, 6000 }, // U+0215
    { 16, 21, 258, 0, 21, 84, 6060 }, // U+0216
    { 14, 17, 217, 0, 17, 60, 6144 }, // U+0217
    { 11, 21, 183, 0, 15, 58, 6204 }, // U+0218
    { 9, 17, 160, 1, 11, 39, 6262 }, // U+0219
    { 14, 21, 228, 0, 15, 74, 6301 }, // U+021A
    { 9, 20, 137, 0, 14, 45, 6375 }, // U+021B
    { 10, 17, 191, 1, 15, 43, 6420 }, // U+021C
    { 10, 16, 155, 0, 11, 40, 6463 }, // U+021D
    { 17, 20, 278, 0, 20, 85, 6503 }, // U+021E
    { 15, 21, 220, -1, 21, 79, 6588 }, // U+021F
    { 5, 5, 0, -3, 17, 7, 0 }, // U+0300
    { 4, 5, 0, -1, 17, 5, 7 }, // U+0301
    { 8, 5, 0, -4, 17, 10, 12 }, // U+0302
    { 8, 3, 0, -4, 16, 6, 22 }, // U+0303
    { 8, 2, 0, -4, 15, 4, 28 }, // U+0304
    { 8, 4, 0, -4, 17, 8, 32 }, // U+0306
    { 4, 3, 0, -2, 16, 3, 40 }, // U+0307
    { 8, 3, 0, -4, 16, 6, 43 }, // U+0308
    { 6, 7, 0, -3, 19, 11, 49 }, // U+0309
    { 6, 5, 0, -3, 17, 8, 60 }, // U+030A
    { 8, 5, 0, -3, 17, 10, 68 }, // U+030B
    { 8, 5, 0, -4, 17, 10, 78 }, // U+030C
    { 8, 5, 0, -5, 17, 10, 88 }, // U+030F
    { 8, 4, 0, -4, 17, 8, 98 }, // U+0311
    { 4, 6, 0, -2, 18, 6, 106 }, // U+0312
    { 4, 6, 0, -2, 19, 6, 112 }, // U+0313
    { 4, 6, 0, -2, 19, 6, 118 }, // U+0314
    { 3, 6, 0, -1, 19, 5, 124 }, // U+0315
    { 4, 5, 0, -2, 13, 5, 129 }, // U+031B
    { 4, 3, 0, -2, -1, 3, 134 }, // U+0323
    { 8, 3, 0, -4, -1, 6, 137 }, // U+0324
    { 6, 5, 0, -3, -1, 8, 143 }, // U+0325
    { 4, 5, 0, -2, -1, 5, 151 }, // U+0326
    { 4, 4, 0, -2, -1, 4, 156 }, // U+0327
    { 6, 5, 0, -3, 1, 8, 160 }, // U+0328
    { 3, 5, 90, 1, -1, 4, 168 }, // U+0329
    { 8, 4, 0, -4, -1, 8, 172 }, // U+032D
    { 8, 4, 0, -4, -1, 8, 180 }, // U+032E
    { 8, 3, 0, -4, -2, 6, 188 }, // U+0330
    { 8, 2, 0, -4, -2, 4, 194 }, // U+0331
    { 8, 4, 0, -4, 17, 8, 198 }, // U+0342
    { 8, 8, 0, -4, 21, 16, 206 }, // U+0344
    { 5, 4, 0, -2, -1, 5, 222 }, // U+0345
    { 13, 20, 210, 0, 20, 65, 0 }, // U+0400
    { 13, 20, 210, 0, 20, 65, 65 }, // U+0401
    { 17, 19, 270, 0, 15, 81, 130 }, // U+0402
    { 12, 20, 194, 0, 20, 60, 211 }, // U+0403
    { 14, 15, 223, 0, 15, 53, 271 }, // U+0404
    { 11, 15, 183, 0, 15, 42, 324 }, // U+0405
    { 8, 15, 126, 0, 15, 30, 366 }, // U+0406
    { 8, 20, 126, 0, 20, 40, 396 }, // U+0407
    { 9, 20, 121, -1, 15, 45, 436 }, // U+0408
    { 20, 15, 324, 0, 15, 75, 481 }, // U+0409
    { 21, 15, 342, 0, 15, 79, 556 }, // U+040A
    { 18, 15, 286, 0, 15, 68, 635 }, // U+040B
    { 15, 20, 238, 0, 20, 75, 703 }, // U+040C
    { 17, 20, 277, 0, 20, 85, 778 }, // U+040D
    { 16, 19, 241, 0, 19, 76, 863 }, // U+040E
    { 16, 20, 266, 0, 15, 80, 939 }, // U+040F
    { 16, 15, 247, 0, 15, 60, 1019 }, // U+0410
    { 13, 15, 211, 0, 15, 49, 1079 }, // U+0411
    { 13, 15, 206, 0, 15, 49, 1128 }, // U+0412
    { 12, 15, 194, 0, 15, 45, 1177 }, // U+0413
    { 16, 20, 248, 0, 15, 80, 1222 }, // U+0414
    { 13, 15, 210, 0, 15, 49, 1302 }, // U+0415
    { 21, 15, 338, 0, 15, 79, 1351 }, // U+0416
    { 12, 15, 194, 0, 15, 45, 1430 }, // U+0417
    { 17, 15, 277, 0, 15, 64, 1475 }, // U+0418
    { 17, 19, 277, 0, 19, 81, 1539 }, // U+0419
    { 15, 15, 238, 0, 15, 57, 1620 }, // U+041A
    { 15, 15, 247, 0, 15, 57, 1677 }, // U+041B
    { 19, 15, 298, 0, 15, 72, 1734 }, // U+041C
    { 17, 15, 278, 0, 15, 64, 1806 }, // U+041D
    { 16, 15, 259, 0, 15, 60, 1870 }, // U+041E
    { 17, 15, 270, 0, 15, 64, 1930 }, // U+041F
    { 12, 15, 198, 0, 15, 45, 1994 }, // U+0420
    { 13, 15, 214, 0, 15, 49, 2039 }, // U+0421
    { 14, 15, 228, 0, 15, 53, 2088 }, // U+0422
    { 16, 15, 241, 0, 15, 60, 2141 }, // U+0423
    { 16, 15, 264, 0, 15, 60, 2201 }, // U+0424
    { 16, 15, 242, 0, 15, 60, 2261 }, // U+0425
    { 17, 20, 266, 0, 15, 85, 2321 }, // U+0426
    { 15, 15, 238, 0, 15, 57, 2406 }, // U+0427
    { 22, 15, 355, 0, 15, 83, 2463 }, // U+0428
    { 22, 19, 355, 0, 15, 105, 2546 }, // U+0429
    { 16, 16, 256, 0, 15, 64, 2651 }, // U+042A
    { 19, 16, 314, 0, 15, 76, 2715 }, // U+042B
    { 13, 16, 211, 0, 15, 52, 2791 }, // U+042C
    { 14, 15, 223, 0, 15, 53, 2843 }, // U+042D
    { 22, 15, 352, 0, 15, 83, 2896 }, // U+042E
    { 15, 15, 223, -1, 15, 57, 2979 }, // U+042F
    { 11, 11, 183, 1, 11, 31, 3036 }, // U+0430
    { 12, 16, 194, 0, 16, 48, 3067 }, // U+0431
    { 11, 13, 182, 0, 12, 36, 3115 }, // U+0432
    { 10, 11, 166, 0, 11, 28, 3151 }, // U+0433
    { 13, 15, 214, 0, 11, 49, 3179 }, // U+0434
    { 11, 11, 173, 0, 11, 31, 3228 }, // U+0435
    { 17, 11, 268, 0, 11, 47, 3259 }, // U+0436
    { 10, 11, 158, 0, 11, 28, 3306 }, // U+0437
    { 14, 11, 231, 0, 11, 39, 3334 }, // U+0438
    { 14, 15, 231, 0, 15, 53, 3373 }, // U+0439
    { 13, 11, 196, 0, 11, 36, 3426 }, // U+043A
    { 13, 11, 207, 0, 11, 36, 3462 }, // U+043B
    { 16, 11, 258, 0, 11, 44, 3498 }, // U+043C
    { 14, 11, 231, 0, 11, 39, 3542 }, // U+043D
    { 12, 11, 198, 0, 11, 33, 3581 }, // U+043E
    { 14, 11, 228, 0, 11, 39, 3614 }, // U+043F
    { 13, 16, 204, 0, 11, 52, 3653 }, // U+0440
    { 10, 11, 169, 0, 11, 28, 3705 }, // U+0441
    { 11, 11, 187, 0, 11, 31, 3733 }, // U+0442
    { 13, 16, 200, 0, 11, 52, 3764 }, // U+0443
    { 15, 21, 246, 0, 16, 79, 3816 }, // U+0444
    { 13, 11, 198, 0, 11, 36, 3895 }, // U+0445
    { 14, 15, 230, 0, 11, 53, 3931 }, // U+0446
    { 13, 11, 203, 0, 11, 36, 3984 }, // U+0447
    { 18, 11, 294, 0, 11, 50, 4020 }, // U+0448
    { 19, 15, 294, 0, 11, 72, 4070 }, // U+0449
    { 13, 12, 214, 0, 11, 39, 4142 }, // U+044A
    { 17, 12, 271, 0, 11, 51, 4181 }, // U+044B
    { 11, 12, 179, 0, 11, 33, 4232 }, // U+044C
    { 10, 11, 171, 0, 11, 28, 4265 }, // U+044D
    { 17, 11, 281, 0, 11, 47, 4293 }, // U+044E
    { 12, 11, 192, 0, 11, 33, 4340 }, // U+044F
    { 11, 17, 173, 0, 17, 47, 4373 }, // U+0450
    { 11, 16, 173, 0, 16, 44, 4420 }, // U+0451
    { 12, 21, 209, 0, 16, 63, 4464 }, // U+0452
    { 10, 17, 166, 0, 17, 43, 4527 }, // U+0453
    { 11, 11, 172, 0, 11, 31, 4570 }, // U+0454
    { 9, 11, 160, 1, 11, 25, 4601 }, // U+0455
    { 7, 16, 110, 0, 16, 28, 4626 }, // U+0456
    { 8, 16, 110, -1, 16, 32, 4654 }, // U+0457
    { 7, 21, 96, -2, 16, 37, 4686 }, // U+0458
    { 17, 11, 266, 0, 11, 47, 4723 }, // U+0459
    { 18, 11, 284, 0, 11, 50, 4770 }, // U+045A
    { 14, 16, 220, 0, 16, 56, 4820 }, // U+045B
    { 13, 17, 196, 0, 17, 56, 4876 }, // U+045C
    { 14, 17, 231, 0, 17, 60, 4932 }, // U+045D
    { 13, 20, 200, 0, 15, 65, 4992 }, // U+045E
    { 14, 15, 226, 0, 11, 53, 5057 }, // U+045F
    { 15, 16, 243, 0, 16, 60, 5110 }, // U+0462
    { 13, 15, 205, 0, 15, 49, 5170 }, // U+0463
    { 16, 15, 259, 0, 15, 60, 5219 }, // U+0472
    { 12, 11, 198, 0, 11, 33, 5279 }, // U+0473
    { 16, 15, 250, 0, 15, 60, 5312 }, // U+0474
    { 13, 11, 203, 0, 11, 36, 5372 }, // U+0475
    { 17, 23, 277, 0, 19, 98, 5408 }, // U+048A
    { 14, 19, 231, 0, 15, 67, 5506 }, // U+048B
    { 13, 16, 211, 0, 15, 52, 5573 }, // U+048C
    { 11, 16, 174, 0, 15, 44, 5625 }, // U+048D
    { 12, 15, 198, 0, 15, 45, 5669 }, // U+048E
    { 13, 16, 204, 0, 11, 52, 5714 }, // U+048F
    { 12, 18, 188, 0, 18, 54, 5766 }, // U+0490
    { 10, 14, 159, 0, 14, 35, 5820 }, // U+0491
    { 12, 15, 194, 0, 15, 45, 5855 }, // U+0492
    { 10, 11, 166, 0, 11, 28, 5900 }, // U+0493
    { 14, 19, 223, 0, 15, 67, 5928 }, // U+0494
    { 12, 16, 203, 0, 11, 48, 5995 }, // U+0495
    { 21, 20, 338, 0, 15, 105, 6043 }, // U+0496
    { 17, 15, 268, 0, 11, 64, 6148 }, // U+0497
    { 12, 19, 194, 0, 15, 57, 6212 }, // U+0498
    { 10, 15, 158, 0, 11, 38, 6269 }, // U+0499
    { 15, 19, 238, 0, 15, 72, 6307 }, // U+049A
    { 13, 15, 196, 0, 11, 49, 6379 }, // U+049B
    { 16, 15, 248, 0, 15, 60, 6428 }, // U+049C
    { 13, 11, 203, 0, 11, 36, 6488 }, // U+049D
    { 15, 15, 238, 0, 15, 57, 6524 }, // U+049E
    { 12, 15, 187, 0, 15, 45, 6581 }, // U+049F
    { 18, 15, 278, 0, 15, 68, 6626 }, // U+04A0
    { 14, 11, 222, 0, 11, 39, 6694 }, // U+04A1
    { 17, 20, 278, 0, 15, 85, 6733 }, // U+04A2
    { 15, 15, 235, 0, 11, 57, 6818 }, // U+04A3
    { 20, 15, 324, 0, 15, 75, 6875 }, // U+04A4
    { 16, 11, 263, 0, 11, 44, 6950 }, // U+04A5
    { 22, 19, 350, 0, 15, 105, 6994 }, // U+04A6
    { 20, 16, 321, 0, 11, 80, 7099 }, // U+04A7
    { 17, 15, 274, 0, 15, 64, 7179 }, // U+04A8
    { 14, 11, 215, 0, 11, 39, 7243 }, // U+04A9
    { 13, 19, 214, 0, 15, 62, 7282 }, // U+04AA
    { 10, 15, 169, 0, 11, 38, 7344 }, // U+04AB
    { 14, 19, 228, 0, 15, 67, 7382 }, // U+04AC
    { 11, 15, 186, 0, 11, 42, 7449 }, // U+04AD
    { 15, 15, 228, 0, 15, 57, 7491 }, // U+04AE
    { 13, 16, 200, 0, 11, 52, 7548 }, // U+04AF
    { 15, 15, 228, 0, 15, 57, 7600 }, // U+04B0
    { 13, 16, 200, 0, 11, 52, 7657 }, // U+04B1
    { 16, 20, 243, 0, 15, 80, 7709 }, // U+04B2
    { 13, 15, 199, 0, 11, 49, 7789 }, // U+04B3
    { 19, 20, 303, 0, 15, 95, 7838 }, // U+04B4
    { 16, 15, 263, 0, 11, 60, 7933 }, // U+04B5
    { 15, 20, 238, 0, 15, 75, 7993 }, // U+04B6
    { 13, 15, 207, 0, 11, 49, 8068 }, // U+04B7
    { 15, 15, 238, 0, 15, 57, 8117 }, // U+04B8
    { 13, 11, 203, 0, 11, 36, 8174 }, // U+04B9
    { 15, 15, 239, 0, 15, 57, 8210 }, // U+04BA
    { 14, 16, 220, 0, 16, 56, 8267 }, // U+04BB
    { 17, 15, 272, 0, 15, 64, 8323 }, // U+04BC
    { 13, 11, 210, 0, 11, 36, 8387 }, // U+04BD
    { 17, 19, 272, 0, 15, 81, 8423 }, // U+04BE
    { 13, 15, 210, 0, 11, 49, 8504 }, // U+04BF
    { 8, 15, 126, 0, 15, 30, 8553 }, // U+04C0
    { 21, 19, 337, 0, 19, 100, 8583 }, // U+04C1
    { 17, 15, 268, 0, 15, 64, 8683 }, // U+04C2
    { 14, 19, 230, 0, 15, 67, 8747 }, // U+04C3
    { 12, 16, 197, 0, 11, 48, 8814 }, // U+04C4
    { 15, 20, 247, 0, 15, 75, 8862 }, // U+04C5
    { 13, 15, 207, 0, 11, 49, 8937 }, // U+04C6
    { 17, 19, 272, 0, 15, 81, 8986 }, // U+04C7
    { 14, 16, 231, 0, 11, 56, 9067 }, // U+04C8
    { 17, 20, 278, 0, 15, 85, 9123 }, // U+04C9
    { 14, 15, 231, 0, 11, 53, 9208 }, // U+04CA
    { 15, 20, 238, 0, 15, 75, 9261 }, // U+04CB
    { 13, 15, 203, 0, 11, 49, 9336 }, // U+04CC
    { 19, 20, 298, 0, 15, 95, 9385 }, // U+04CD
    { 16, 15, 258, 0, 11, 60, 9480 }, // U+04CE
    { 7, 16, 108, 0, 16, 28, 9540 }, // U+04CF
    { 16, 19, 247, 0, 19, 76, 9568 }, // U+04D0
    { 11, 15, 183, 1, 15, 42, 9644 }, // U+04D1
    { 16, 20, 247, 0, 20, 80, 9686 }, // U+04D2
    { 11, 16, 183, 1, 16, 44, 9766 }, // U+04D3
    { 20, 15, 310, -1, 15, 75, 9810 }, // U+04D4
    { 16, 11, 271, 1, 11, 44, 9885 }, // U+04D5
    { 13, 19, 210, 0, 19, 62, 9929 }, // U+04D6
    { 11, 15, 173, 0, 15, 42, 9991 }, // U+04D7
    { 14, 15, 227, 0, 15, 53, 10033 }, // U+04D8
    { 11, 11, 174, 0, 11, 31, 10086 }, // U+04D9
    { 14, 20, 227, 0, 20, 70, 10117 }, // U+04DA
    { 11, 16, 174, 0, 16, 44, 10187 }, // U+04DB
    { 21, 20, 337, 0, 20, 105, 10231 }, // U+04DC
    { 17, 16, 268, 0, 16, 68, 10336 }, // U+04DD
    { 12, 20, 194, 0, 20, 60, 10404 }, // U+04DE
    { 10, 16, 158, 0, 16, 40, 10464 }, // U+04DF
    { 12, 15, 191, 0, 15, 45, 10504 }, // U+04E0
    { 10, 16, 167, 0, 11, 40, 10549 }, // U+04E1
    { 17, 19, 277, 0, 19, 81, 10589 }, // U+04E2
    { 14, 15, 231, 0, 15, 53, 10670 }, // U+04E3
    { 17, 20, 277, 0, 20, 85, 10723 }, // U+04E4
    { 14, 16, 231, 0, 16, 56, 10808 }, // U+04E5
    { 16, 20, 259, 0, 20, 80, 10864 }, // U+04E6
    { 12, 16, 198, 0, 16, 48, 10944 }, // U+04E7
    { 16, 15, 259, 0, 15, 60, 10992 }, // U+04E8
    { 12, 11, 198, 0, 11, 33, 11052 }, // U+04E9
    { 16, 20, 278, 0, 20, 80, 11085 }, // U+04EA
    { 12, 16, 198, 0, 16, 48, 11165 }, // U+04EB
    { 14, 20, 223, 0, 20, 70, 11213 }, // U+04EC
    { 10, 16, 171, 0, 16, 40, 11283 }, // U+04ED
    { 16, 19, 241, 0, 19, 76, 11323 }, // U+04EE
    { 13, 20, 200, 0, 15, 65, 11399 }, // U+04EF
    { 16, 20, 241, 0, 20, 80, 11464 }, // U+04F0
    { 13, 21, 200, 0, 16, 69, 11544 }, // U+04F1
    { 16, 21, 241, 0, 21, 84, 11613 }, // U+04F2
    { 13, 22, 200, 0, 17, 72, 11697 }, // U+04F3
    { 15, 20, 237, 0, 20, 75, 11769 }, // U+04F4
    { 13, 16, 208, 0, 16, 52, 11844 }, // U+04F5
    { 12, 20, 194, 0, 15, 60, 11896 }, // U+04F6
    { 10, 15, 166, 0, 11, 38, 11956 }, // U+04F7
    { 19, 21, 325, 0, 20, 100, 11994 }, // U+04F8
    { 17, 17, 271, 0, 16, 73, 12094 }, // U+04F9
    { 12, 19, 194, 0, 15, 57, 12167 }, // U+04FA
    { 10, 15, 166, 0, 11, 38, 12224 }, // U+04FB
    { 15, 19, 235, 0, 15, 72, 12262 }, // U+04FC
    { 13, 16, 197, 0, 11, 52, 12334 }, // U+04FD
    { 16, 15, 242, 0, 15, 60, 12386 }, // U+04FE
    { 13, 11, 198, 0, 11, 36, 12446 }, // U+04FF
    { 16, 19, 247, 0, 15, 76, 0 }, // U+1EA0
    { 11, 15, 183, 1, 11, 42, 76 }, // U+1EA1
    { 16, 23, 247, 0, 23, 92, 118 }, // U+1EA2
    { 11, 19, 183, 1, 19, 53, 210 }, // U+1EA3
    { 16, 23, 247, 0, 23, 92, 263 }, // U+1EA4
    { 11, 20, 183, 1, 20, 55, 355 }, // U+1EA5
    { 16, 23, 247, 0, 23, 92, 410 }, // U+1EA6
    { 11, 20, 183, 1, 20, 55, 502 }, // U+1EA7
    { 16, 23, 247, 0, 23, 92, 557 }, // U+1EA8
    { 11, 20, 183, 1, 20, 55, 649 }, // U+1EA9
    { 16, 24, 247, 0, 24, 96, 704 }, // U+1EAA
    { 11, 20, 183, 1, 20, 55, 800 }, // U+1EAB
    { 16, 24, 247, 0, 20, 96, 855 }, // U+1EAC
    { 11, 21, 183, 1, 17, 58, 951 }, // U+1EAD
    { 16, 22, 247, 0, 22, 88, 1009 }, // U+1EAE
    { 11, 20, 183, 1, 20, 55, 1097 }, // U+1EAF
    { 16, 22, 247, 0, 22, 88, 1152 }, // U+1EB0
    { 11, 20, 183, 1, 20, 55, 1240 }, // U+1EB1
    { 16, 24, 247, 0, 24, 96, 1295 }, // U+1EB2
    { 11, 21, 183, 1, 21, 58, 1391 }, // U+1EB3
    { 16, 23, 247, 0, 23, 92, 1449 }, // U+1EB4
    { 11, 20, 183, 1, 20, 55, 1541 }, // U+1EB5
    { 16, 25, 247, 0, 21, 100, 1596 }, // U+1EB6
    { 11, 21, 183, 1, 17, 58, 1696 }, // U+1EB7
    { 13, 19, 210, 0, 15, 62, 1754 }, // U+1EB8
    { 11, 15, 173, 0, 11, 42, 1816 }, // U+1EB9
    { 13, 23, 210, 0, 23, 75, 1858 }, // U+1EBA
    { 11, 19, 173, 0, 19, 53, 1933 }, // U+1EBB
    { 13, 20, 210, 0, 20, 65, 1986 }, // U+1EBC
    { 11, 16, 173, 0, 16, 44, 2051 }, // U+1EBD
    { 13, 23, 210, 0, 23, 75, 2095 }, // U+1EBE
    { 12, 20, 173, 0, 20, 60, 2170 }, // U+1EBF
    { 13, 23, 210, 0, 23, 75, 2230 }, // U+1EC0
    { 11, 20, 173, 0, 20, 55, 2305 }, // U+1EC1
    { 13, 23, 213, 0, 23, 75, 2360 }, // U+1EC2
    { 12, 20, 173, 0, 20, 60, 2435 }, // U+1EC3
    { 13, 24, 210, 0, 24, 78, 2495 }, // U+1EC4
    { 11, 20, 173, 0, 20, 55, 2573 }, // U+1EC5
    { 13, 24, 210, 0, 20, 78, 2628 }, // U+1EC6
    { 11, 21, 173, 0, 17, 58, 2706 }, // U+1EC7
    { 8, 23, 126, 0, 23, 46, 2764 }, // U+1EC8
    { 7, 19, 110, 0, 19, 34, 2810 }, // U+1EC9
    { 8, 19, 126, 0, 15, 38, 2844 }, // U+1ECA
    { 7, 20, 110, 0, 16, 35, 2882 }, // U+1ECB
    { 16, 19, 259, 0, 15, 76, 2917 }, // U+1ECC
    { 12, 15, 198, 0, 11, 45, 2993 }, // U+1ECD
    { 16, 23, 259, 0, 23, 92, 3038 }, // U+1ECE
    { 12, 19, 198, 0, 19, 57, 3130 }, // U+1ECF
    { 16, 23, 259, 0, 23, 92, 3187 }, // U+1ED0
    { 12, 20, 198, 0, 20, 60, 3279 }, // U+1ED1
    { 16, 23, 259, 0, 23, 92, 3339 }, // U+1ED2
    { 12, 20, 198, 0, 20, 60, 3431 }, // U+1ED3
    { 16, 23, 259, 0, 23, 92, 3491 }, // U+1ED4
    { 13, 20, 198, 0, 20, 65, 3583 }, // U+1ED5
    { 16, 24, 259, 0, 24, 96, 3648 }, // U+1ED6
    { 12, 20, 198, 0, 20, 60, 3744 }, // U+1ED7
    { 16, 24, 259, 0, 20, 96, 3804 }, // U+1ED8
    { 12, 21, 198, 0, 17, 63, 3900 }, // U+1ED9
    { 17, 20, 259, 0, 20, 85, 3963 }, // U+1EDA
    { 13, 17, 198, 0, 17, 56, 4048 }, // U+1EDB
    { 17, 20, 259, 0, 20, 85, 4104 }, // U+1EDC
    { 13, 17, 198, 0, 17, 56, 4189 }, // U+1EDD
    { 17, 23, 259, 0, 23, 98, 4245 }, // U+1EDE
    { 13, 19, 198, 0, 19, 62, 4343 }, // U+1EDF
    { 17, 20, 259, 0, 20, 85, 4405 }, // U+1EE0
    { 13, 16, 198, 0, 16, 52, 4490 }, // U+1EE1
    { 17, 21, 259, 0, 17, 90, 4542 }, // U+1EE2
    { 13, 17, 198, 0, 13, 56, 4632 }, // U+1EE3
    { 16, 19, 258, 0, 15, 76, 4688 }, // U+1EE4
    { 14, 15, 217, 0, 11, 53, 4764 }, // U+1EE5
    { 16, 23, 258, 0, 23, 92, 4817 }, // U+1EE6
    { 14, 19, 217, 0, 19, 67, 4909 }, // U+1EE7
    { 17, 20, 258, 0, 20, 85, 4976 }, // U+1EE8
    { 14, 17, 217, 0, 17, 60, 5061 }, // U+1EE9
    { 17, 20, 258, 0, 20, 85, 5121 }, // U+1EEA
    { 14, 18, 217, 0, 18, 63, 5206 }, // U+1EEB
    { 17, 23, 258, 0, 23, 98, 5269 }, // U+1EEC
    { 14, 19, 217, 0, 19, 67, 5367 }, // U+1EED
    { 17, 20, 258, 0, 20, 85, 5434 }, // U+1EEE
    { 14, 16, 217, 0, 16, 56, 5519 }, // U+1EEF
    { 17, 22, 258, 0, 18, 94, 5575 }, // U+1EF0
    { 14, 17, 217, 0, 13, 60, 5669 }, // U+1EF1
    { 15, 20, 228, 0, 20, 75, 5729 }, // U+1EF2
    { 13, 22, 200, 0, 17, 72, 5804 }, // U+1EF3
    { 15, 19, 228, 0, 15, 72, 5876 }, // U+1EF4
    { 13, 16, 200, 0, 11, 52, 5948 }, // U+1EF5
    { 15, 23, 228, 0, 23, 87, 6000 }, // U+1EF6
    { 13, 24, 200, 0, 19, 78, 6087 }, // U+1EF7
    { 15, 20, 228, 0, 20, 75, 6165 }, // U+1EF8
    { 13, 21, 200, 0, 16, 69, 6240 }, // U+1EF9
    { 0, 0, 167, 0, 0, 0, 0 }, // U+2000
    { 0, 0, 333, 0, 0, 0, 0 }, // U+2001
    { 0, 0, 167, 0, 0, 0, 0 }, // U+2002
    { 0, 0, 333, 0, 0, 0, 0 }, // U+2003
    { 0, 0, 111, 0, 0, 0, 0 }, // U+2004
    { 0, 0, 83, 0, 0, 0, 0 }, // U+2005
    { 0, 0, 55, 0, 0, 0, 0 }, // U+2006
    { 0, 0, 208, 0, 0, 0, 0 }, // U+2007
    { 0, 0, 91, 0, 0, 0, 0 }, // U+2008
    { 0, 0, 67, 0, 0, 0, 0 }, // U+2009
    { 0, 0, 17, 0, 0, 0, 0 }, // U+200A
    { 0, 0, 0, 0, 0, 0, 0 }, // U+200B
    { 2, 18, 0, -1, 13, 9, 0 }, // U+200C
    { 6, 19, 0, -3, 14, 29, 9 }, // U+200D
    { 8, 20, 0, -4, 15, 40, 38 }, // U+200E
    { 8, 20, 0, -4, 15, 40, 78 }, // U+200F
    { 8, 2, 125, 0, 6, 4, 118 }, // U+2010
    { 8, 2, 125, 0, 6, 4, 122 }, // U+2011
    { 11, 2, 208, 1, 8, 6, 126 }, // U+2012
    { 11, 2, 167, 0, 6, 6, 132 }, // U+2013
    { 21, 2, 333, 0, 6, 11, 138 }, // U+2014
    { 21, 2, 333, 0, 6, 11, 149 }, // U+2015
    { 7, 21, 167, 2, 16, 37, 160 }, // U+2016
    { 11, 5, 167, 0, -1, 14, 197 }, // U+2017
    { 5, 7, 79, 0, 16, 9, 211 }, // U+2018
    { 4, 7, 79, 0, 16, 7, 220 }, // U+2019
    { 4, 7, 79, 0, 3, 7, 227 }, // U+201A
    { 5, 7, 79, 0, 16, 9, 234 }, // U+201B
    { 9, 7, 146, 0, 16, 16, 243 }, // U+201C
    { 9, 7, 146, 0, 16, 16, 259 }, // U+201D
    { 9, 7, 146, 0, 3, 16, 275 }, // U+201E
    { 9, 7, 146, 0, 16, 16, 291 }, // U+201F
    { 10, 14, 167, 0, 15, 35, 307 }, // U+2020
    { 10, 16, 167, 0, 15, 40, 342 }, // U+2021
    { 5, 5, 100, 1, 8, 7, 382 }, // U+2022
    { 8, 7, 208, 3, 11, 14, 389 }, // U+2023
    { 4, 3, 91, 1, 2, 3, 403 }, // U+2024
    { 9, 3, 167, 1, 3, 7, 406 }, // U+2025
    { 19, 3, 333, 1, 3, 15, 413 }, // U+2026
    { 4, 3, 91, 1, 7, 3, 428 }, // U+2027
    { 0, 0, 0, 0, 0, 0, 431 }, // U+2028
    { 0, 0, 0, 0, 0, 0, 431 }, // U+2029
    { 8, 20, 0, -4, 15, 40, 431 }, // U+202A
    { 8, 20, 0, -4, 15, 40, 471 }, // U+202B
    { 6, 20, 0, -3, 15, 30, 511 }, // U+202C
    { 10, 20, 0, -5, 15, 50, 541 }, // U+202D
    { 10, 20, 0, -5, 15, 50, 591 }, // U+202E
    { 0, 0, 36, 0, 0, 0, 641 }, // U+202F
    { 27, 16, 459, 1, 15, 108, 641 }, // U+2030
    { 5, 7, 87, 0, 15, 9, 749 }, // U+2032
    { 9, 7, 152, 0, 15, 16, 758 }, // U+2033
    { 13, 7, 217, 0, 15, 23, 774 }, // U+2034
    { 5, 7, 87, 0, 15, 9, 797 }, // U+2035
    { 10, 7, 160, 0, 15, 18, 806 }, // U+2036
    { 14, 7, 233, 0, 15, 25, 824 }, // U+2037
    { 10, 4, 166, 0, 0, 10, 849 }, // U+2038
    { 6, 8, 107, 0, 9, 12, 859 }, // U+2039
    { 5, 8, 107, 1, 9, 10, 871 }, // U+203A
    { 13, 14, 208, 0, 14, 46, 881 }, // U+203B
    { 10, 16, 182, 1, 16, 40, 927 }, // U+203C
    { 11, 2, 167, 0, 17, 6, 967 }, // U+203E
    { 6, 2, 100, 0, 6, 3, 973 }, // U+2043
    { 11, 16, 61, -4, 15, 44, 976 }, // U+2044
    { 17, 15, 298, 1, 15, 64, 1020 }, // U+2047
    { 14, 16, 249, 1, 16, 56, 1084 }, // U+2048
    { 14, 16, 249, 1, 16, 56, 1140 }, // U+2049
    { 13, 5, 333, 4, 9, 17, 1196 }, // U+2053
    { 18, 7, 282, 0, 15, 32, 1213 }, // U+2057
    { 0, 0, 74, 0, 0, 0, 1245 }, // U+205F
    { 0, 0, 0, 0, 0, 0, 1245 }, // U+2060
    { 0, 0, 0, 0, 0, 0, 1245 }, // U+2061
    { 0, 0, 0, 0, 0, 0, 1245 }, // U+2062
    { 0, 0, 0, 0, 0, 0, 1245 }, // U+2063
    { 0, 0, 0, 0, 0, 0, 1245 }, // U+2064
    { 9, 9, 149, 0, 17, 21, 0 }, // U+2070
    { 9, 9, 149, 0, 17, 21, 21 }, // U+2074
    { 7, 9, 149, 1, 17, 16, 42 }, // U+2075
    { 8, 9, 149, 1, 17, 18, 58 }, // U+2076
    { 8, 9, 149, 1, 17, 18, 76 }, // U+2077
    { 8, 9, 149, 1, 17, 18, 94 }, // U+2078
    { 8, 9, 149, 1, 17, 18, 112 }, // U+2079
    { 10, 7, 189, 1, 15, 18, 130 }, // U+207F
    { 9, 9, 149, 0, 6, 21, 148 }, // U+2080
    { 7, 9, 149, 1, 6, 16, 169 }, // U+2081
    { 8, 9, 149, 1, 6, 18, 185 }, // U+2082
    { 7, 9, 149, 1, 6, 16, 203 }, // U+2083
    { 9, 9, 149, 0, 6, 21, 219 }, // U+2084
    { 7, 9, 149, 1, 6, 16, 240 }, // U+2085
    { 8, 9, 149, 1, 6, 18, 256 }, // U+2086
    { 8, 9, 149, 1, 6, 18, 274 }, // U+2087
    { 8, 9, 149, 1, 6, 18, 292 }, // U+2088
    { 8, 9, 149, 1, 6, 18, 310 }, // U+2089
    { 11, 14, 208, 1, 14, 39, 0 }, // U+20A3
    { 12, 14, 208, 1, 14, 42, 39 }, // U+20A4
    { 26, 14, 417, 0, 14, 91, 81 }, // U+20A7
    { 13, 14, 208, 0, 14, 46, 172 }, // U+20AC
    { 13, 8, 333, 4, 11, 26, 0 }, // U+2190
    { 9, 13, 333, 6, 14, 30, 26 }, // U+2191
    { 13, 8, 333, 4, 11, 26, 56 }, // U+2192
    { 9, 13, 333, 6, 14, 30, 82 }, // U+2193
    { 13, 8, 333, 4, 11, 26, 112 }, // U+2194
    { 9, 14, 333, 6, 15, 32, 138 }, // U+2195
    { 9, 13, 333, 6, 14, 30, 170 }, // U+21A8
    { 9, 13, 333, 6, 14, 30, 200 }, // U+21B2
    { 9, 13, 333, 6, 14, 30, 230 }, // U+21B3
    { 11, 10, 333, 5, 12, 28, 260 }, // U+21B5
    { 13, 9, 333, 4, 12, 30, 288 }, // U+21D0
    { 9, 12, 333, 6, 13, 27, 318 }, // U+21D1
    { 13, 9, 333, 4, 12, 30, 345 }, // U+21D2
    { 9, 12, 333, 6, 13, 27, 375 }, // U+21D3
    { 13, 9, 333, 4, 12, 30, 402 }, // U+21D4
    { 15, 15, 333, 3, 15, 57, 0 }, // U+2200
    { 11, 16, 208, 1, 16, 44, 57 }, // U+2202
    { 11, 15, 333, 5, 15, 42, 101 }, // U+2203
    { 17, 17, 333, 2, 16, 73, 143 }, // U+2205
    { 14, 15, 219, 0, 15, 53, 216 }, // U+2206
    { 13, 15, 333, 4, 15, 49, 269 }, // U+2207
    { 15, 15, 333, 3, 15, 57, 318 }, // U+2208
    { 15, 18, 333, 3, 16, 68, 375 }, // U+2209
    { 15, 11, 333, 3, 13, 42, 443 }, // U+220A
    { 15, 15, 333, 3, 15, 57, 485 }, // U+220B
    { 15, 18, 333, 3, 16, 68, 542 }, // U+220C
    { 15, 11, 333, 3, 13, 42, 610 }, // U+220D
    { 17, 18, 270, 0, 15, 77, 652 }, // U+220F
    { 13, 19, 204, 0, 15, 62, 729 }, // U+2211
    { 9, 2, 208, 2, 8, 5, 791 }, // U+2212
    { 10, 16, 164, 0, 15, 40, 796 }, // U+2215
    { 10, 16, 176, 1, 15, 40, 836 }, // U+2216
    { 9, 10, 208, 2, 12, 23, 876 }, // U+2217
    { 7, 7, 208, 3, 11, 13, 899 }, // U+2218
    { 4, 3, 208, 5, 7, 3, 912 }, // U+2219
    { 13, 19, 208, 0, 17, 62, 915 }, // U+221A
    { 11, 7, 208, 1, 10, 20, 977 }, // U+221D
    { 13, 7, 208, 0, 10, 23, 997 }, // U+221E
    { 13, 15, 333, 4, 15, 49, 1020 }, // U+221F
    { 15, 15, 333, 2, 15, 57, 1069 }, // U+2220
    { 3, 21, 167, 4, 16, 16, 1126 }, // U+2223
    { 7, 21, 167, 2, 16, 37, 1142 }, // U+2225
    { 14, 15, 333, 4, 15, 53, 1179 }, // U+2227
    { 14, 15, 333, 4, 15, 53, 1232 }, // U+2228
    { 13, 15, 333, 4, 15, 49, 1285 }, // U+2229
    { 13, 15, 333, 4, 15, 49, 1334 }, // U+222A
    { 11, 21, 208, 1, 16, 58, 1383 }, // U+222B
    { 13, 12, 333, 4, 11, 39, 1441 }, // U+2234
    { 13, 12, 333, 4, 11, 39, 1480 }, // U+2235
    { 4, 11, 104, 1, 13, 11, 1519 }, // U+2236
    { 13, 12, 333, 4, 11, 39, 1530 }, // U+2237
    { 13, 5, 333, 4, 9, 17, 1569 }, // U+223C
    { 13, 12, 333, 4, 13, 39, 1586 }, // U+2245
    { 11, 8, 208, 1, 11, 22, 1625 }, // U+2248
    { 13, 8, 333, 4, 10, 26, 1647 }, // U+224D
    { 9, 10, 208, 2, 12, 23, 1673 }, // U+2260
    { 11, 10, 333, 5, 11, 28, 1696 }, // U+2261
    { 9, 13, 208, 2, 13, 30, 1724 }, // U+2264
    { 9, 13, 208, 2, 13, 30, 1754 }, // U+2265
    { 17, 9, 333, 2, 12, 39, 1784 }, // U+226A
    { 17, 9, 333, 2, 12, 39, 1823 }, // U+226B
    { 15, 11, 333, 3, 13, 42, 1862 }, // U+2283
    { 15, 17, 333, 3, 16, 64, 1904 }, // U+2284
    { 15, 17, 333, 3, 16, 64, 1968 }, // U+2285
    { 15, 15, 333, 3, 15, 57, 2032 }, // U+2286
    { 15, 15, 333, 3, 15, 57, 2089 }, // U+2287
    { 17, 15, 333, 2, 15, 64, 2146 }, // U+2295
    { 17, 15, 333, 2, 15, 64, 2210 }, // U+2296
    { 17, 15, 333, 2, 15, 64, 2274 }, // U+2297
    { 17, 15, 333, 2, 15, 64, 2338 }, // U+2298
    { 13, 15, 333, 4, 15, 49, 2402 }, // U+22A5
    { 4, 3, 208, 5, 7, 3, 2451 }, // U+22C5
    { 18, 3, 333, 2, 7, 14, 2454 }, // U+22EF
    { 18, 16, 248, 0, 16, 72, 0 }, // U+FB00
    { 14, 16, 223, 0, 16, 56, 72 }, // U+FB01
    { 14, 16, 224, 0, 16, 56, 128 }, // U+FB02
    { 21, 16, 336, 0, 16, 84, 184 }, // U+FB03
    { 21, 16, 336, 0, 16, 84, 268 }, // U+FB04
    { 16, 16, 257, 0, 16, 64, 352 }, // U+FB05
    { 18, 16, 296, 1, 16, 72, 416 }, // U+FB06
    { 21, 19, 333, 0, 17, 100, 0 }, // U+FFFD
};

static const EpdUnicodeInterval bookerly_10_regularIntervals[] = {
    { 0x0, 0x0, 0x0 },
    { 0x8, 0x9, 0x1 },
    { 0xD, 0xD, 0x3 },
    { 0x1D, 0x1D, 0x4 },
    { 0x20, 0x7E, 0x5 },
    { 0xA0, 0xFF, 0x64 },
    { 0x100, 0x17F, 0xC4 },
    { 0x1A0, 0x1A1, 0x144 },
    { 0x1AF, 0x1B0, 0x146 },
    { 0x1C4, 0x1F5, 0x148 },
    { 0x1F8, 0x21F, 0x17A },
    { 0x300, 0x304, 0x1A2 },
    { 0x306, 0x30C, 0x1A7 },
    { 0x30F, 0x30F, 0x1AE },
    { 0x311, 0x315, 0x1AF },
    { 0x31B, 0x31B, 0x1B4 },
    { 0x323, 0x329, 0x1B5 },
    { 0x32D, 0x32E, 0x1BC },
    { 0x330, 0x331, 0x1BE },
    { 0x342, 0x342, 0x1C0 },
    { 0x344, 0x345, 0x1C1 },
    { 0x400, 0x45F, 0x1C3 },
    { 0x462, 0x463, 0x223 },
    { 0x472, 0x475, 0x225 },
    { 0x48A, 0x4FF, 0x229 },
    { 0x1EA0, 0x1EF9, 0x29F },
    { 0x2000, 0x2030, 0x2F9 },
    { 0x2032, 0x203C, 0x32A },
    { 0x203E, 0x203E, 0x335 },
    { 0x2043, 0x2044, 0x336 },
    { 0x2047, 0x2049, 0x338 },
    { 0x2053, 0x2053, 0x33B },
    { 0x2057, 0x2057, 0x33C },
    { 0x205F, 0x2064, 0x33D },
    { 0x2070, 0x2070, 0x343 },
    { 0x2074, 0x2079, 0x344 },
    { 0x207F, 0x2089, 0x34A },
    { 0x20A3, 0x20A4, 0x355 },
    { 0x20A7, 0x20A7, 0x357 },
    { 0x20AC, 0x20AC, 0x358 },
    { 0x2190, 0x2195, 0x359 },
    { 0x21A8, 0x21A8, 0x35F },
    { 0x21B2, 0x21B3, 0x360 },
    { 0x21B5, 0x21B5, 0x362 },
    { 0x21D0, 0x21D4, 0x363 },
    { 0x2200, 0x2200, 0x368 },
    { 0x2202, 0x2203, 0x369 },
    { 0x2205, 0x220D, 0x36B },
    { 0x220F, 0x220F, 0x374 },
    { 0x2211, 0x2212, 0x375 },
    { 0x2215, 0x221A, 0x377 },
    { 0x221D, 0x2220, 0x37D },
    { 0x2223, 0x2223, 0x381 },
    { 0x2225, 0x2225, 0x382 },
    { 0x2227, 0x222B, 0x383 },
    { 0x2234, 0x2237, 0x388 },
    { 0x223C, 0x223C, 0x38C },
    { 0x2245, 0x2245, 0x38D },
    { 0x2248, 0x2248, 0x38E },
    { 0x224D, 0x224D, 0x38F },
    { 0x2260, 0x2261, 0x390 },
    { 0x2264, 0x2265, 0x392 },
    { 0x226A, 0x226B, 0x394 },
    { 0x2283, 0x2287, 0x396 },
    { 0x2295, 0x2298, 0x39B },
    { 0x22A5, 0x22A5, 0x39F },
    { 0x22C5, 0x22C5, 0x3A0 },
    { 0x22EF, 0x22EF, 0x3A1 },
    { 0xFB00, 0xFB06, 0x3A2 },
    { 0xFFFD, 0xFFFD, 0x3A9 },
};

static const EpdFontGroup bookerly_10_regularGroups[] = {
    { 0, 2213, 4219, 100, 0 },
    { 2213, 1960, 5032, 96, 100 },
    { 4173, 2522, 8345, 128, 196 },
    { 6695, 2506, 7098, 94, 324 },
    { 9201, 225, 244, 33, 418 },
    { 9426, 4746, 13809, 220, 451 },
    { 14172, 1463, 6904, 90, 671 },
    { 15635, 733, 1449, 74, 761 },
    { 16368, 205, 363, 18, 835 },
    { 16573, 190, 238, 4, 853 },
    { 16763, 281, 543, 15, 857 },
    { 17044, 1241, 2821, 58, 872 },
    { 18285, 260, 544, 7, 930 },
    { 18545, 83, 114, 1, 937 },
};

static const EpdKernClassEntry bookerly_10_regularKernLeftClasses[] = {
    { 0x0022, 1 }, // "
    { 0x0027, 1 }, // '
    { 0x0028, 2 }, // (
    { 0x002A, 3 }, // *
    { 0x002C, 4 }, // ,
    { 0x002D, 5 }, // -
    { 0x002E, 4 }, // .
    { 0x002F, 6 }, // /
    { 0x003A, 7 }, // :
    { 0x003B, 7 }, // ;
    { 0x0040, 8 }, // @
    { 0x0041, 9 }, // A
    { 0x0042, 10 }, // B
    { 0x0043, 11 }, // C
    { 0x0044, 12 }, // D
    { 0x0045, 13 }, // E
    { 0x0046, 14 }, // F
    { 0x0047, 15 }, // G
    { 0x0048, 16 }, // H
    { 0x0049, 16 }, // I
    { 0x004A, 17 }, // J
    { 0x004B, 18 }, // K
    { 0x004C, 19 }, // L
    { 0x004D, 20 }, // M
    { 0x004E, 21 }, // N
    { 0x004F, 12 }, // O
    { 0x0050, 22 }, // P
    { 0x0051, 23 }, // Q
    { 0x0052, 24 }, // R
    { 0x0053, 25 }, // S
    { 0x0054, 26 }, // T
    { 0x0055, 27 }, // U
    { 0x0056, 28 }, // V
    { 0x0057, 28 }, // W
    { 0x0058, 29 }, // X
    { 0x0059, 30 }, // Y
    { 0x005A, 31 }, // Z
    { 0x005B, 32 }, // [
    { 0x005C, 33 }, // <backslash>
    { 0x0061, 34 }, // a
    { 0x0062, 35 }, // b
    { 0x0063, 36 }, // c
    { 0x0064, 37 }, // d
    { 0x0065, 38 }, // e
    { 0x0066, 39 }, // f
    { 0x0067, 40 }, // g
    { 0x0068, 41 }, // h
    { 0x0069, 42 }, // i
    { 0x006A, 43 }, // j
    { 0x006B, 44 }, // k
    { 0x006C, 45 }, // l
    { 0x006D, 41 }, // m
    { 0x006E, 41 }, // n
    { 0x006F, 35 }, // o
    { 0x0070, 35 }, // p
    { 0x0071, 46 }, // q
    { 0x0072, 47 }, // r
    { 0x0073, 48 }, // s
    { 0x0074, 49 }, // t
    { 0x0075, 50 }, // u
    { 0x0076, 51 }, // v
    { 0x0077, 51 }, // w
    { 0x0078, 52 }, // x
    { 0x0079, 51 }, // y
    { 0x007A, 53 }, // z
    { 0x007B, 54 }, // {
    { 0x00A1, 55 }, // U+00A1
    { 0x00AB, 56 }, // U+00AB
    { 0x00AD, 5 }, // U+00AD
    { 0x00BB, 57 }, // U+00BB
    { 0x00BF, 58 }, // U+00BF
    { 0x00C0, 9 }, // U+00C0
    { 0x00C1, 9 }, // U+00C1
    { 0x00C2, 9 }, // U+00C2
    { 0x00C3, 9 }, // U+00C3
    { 0x00C4, 9 }, // U+00C4
    { 0x00C5, 9 }, // U+00C5
    { 0x00C6, 13 }, // U+00C6
    { 0x00C7, 11 }, // U+00C7
    { 0x00C8, 13 }, // U+00C8
    { 0x00C9, 13 }, // U+00C9
    { 0x00CA, 13 }, // U+00CA
    { 0x00CB, 13 }, // U+00CB
    { 0x00CC, 16 }, // U+00CC
    { 0x00CD, 16 }, // U+00CD
    { 0x00CE, 16 }, // U+00CE
    { 0x00CF, 16 }, // U+00CF
    { 0x00D0, 12 }, // U+00D0
    { 0x00D1, 21 }, // U+00D1
    { 0x00D2, 12 }, // U+00D2
    { 0x00D3, 12 }, // U+00D3
    { 0x00D4, 12 }, // U+00D4
    { 0x00D5, 12 }, // U+00D5
    { 0x00D6, 12 }, // U+00D6
    { 0x00D8, 59 }, // U+00D8
    { 0x00D9, 27 }, // U+00D9
    { 0x00DA, 27 }, // U+00DA
    { 0x00DB, 27 }, // U+00DB
    { 0x00DC, 27 }, // U+00DC
    { 0x00DD, 30 }, // U+00DD
    { 0x00DE, 60 }, // U+00DE
    { 0x00DF, 61 }, // U+00DF
    { 0x00E0, 34 }, // U+00E0
    { 0x00E1, 34 }, // U+00E1
    { 0x00E2, 34 }, // U+00E2
    { 0x00E3, 34 }, // U+00E3
    { 0x00E4, 34 }, // U+00E4
    { 0x00E5, 34 }, // U+00E5
    { 0x00E6, 38 }, // U+00E6
    { 0x00E7, 36 }, // U+00E7
    { 0x00E8, 38 }, // U+00E8
    { 0x00E9, 38 }, // U+00E9
    { 0x00EA, 38 }, // U+00EA
    { 0x00EB, 38 }, // U+00EB
    { 0x00EC, 42 }, // U+00EC
    { 0x00ED, 42 }, // U+00ED
    { 0x00EE, 62 }, // U+00EE
    { 0x00EF, 62 }, // U+00EF
    { 0x00F0, 63 }, // U+00F0
    { 0x00F1, 41 }, // U+00F1
    { 0x00F2, 35 }, // U+00F2
    { 0x00F3, 35 }, // U+00F3
    { 0x00F4, 35 }, // U+00F4
    { 0x00F5, 35 }, // U+00F5
    { 0x00F6, 35 }, // U+00F6
    { 0x00F8, 64 }, // U+00F8
    { 0x00F9, 50 }, // U+00F9
    { 0x00FA, 50 }, // U+00FA
    { 0x00FB, 50 }, // U+00FB
    { 0x00FC, 50 }, // U+00FC
    { 0x00FD, 51 }, // U+00FD
    { 0x00FE, 35 }, // U+00FE
    { 0x00FF, 51 }, // U+00FF
    { 0x0100, 9 }, // U+0100
    { 0x0101, 34 }, // U+0101
    { 0x0102, 9 }, // U+0102
    { 0x0103, 34 }, // U+0103
    { 0x0104, 65 }, // U+0104
    { 0x0105, 66 }, // U+0105
    { 0x0106, 11 }, // U+0106
    { 0x0107, 36 }, // U+0107
    { 0x0108, 11 }, // U+0108
    { 0x0109, 36 }, // U+0109
    { 0x010A, 11 }, // U+010A
    { 0x010B, 36 }, // U+010B
    { 0x010C, 11 }, // U+010C
    { 0x010D, 36 }, // U+010D
    { 0x010E, 12 }, // U+010E
    { 0x010F, 67 }, // U+010F
    { 0x0110, 12 }, // U+0110
    { 0x0111, 37 }, // U+0111
    { 0x0112, 13 }, // U+0112
    { 0x0113, 38 }, // U+0113
    { 0x0114, 13 }, // U+0114
    { 0x0115, 38 }, // U+0115
    { 0x0116, 13 }, // U+0116
    { 0x0117, 38 }, // U+0117
    { 0x0118, 68 }, // U+0118
    { 0x0119, 69 }, // U+0119
    { 0x011A, 13 }, // U+011A
    { 0x011B, 38 }, // U+011B
    { 0x011C, 15 }, // U+011C
    { 0x011D, 40 }, // U+011D
    { 0x011E, 15 }, // U+011E
    { 0x011F, 40 }, // U+011F
    { 0x0120, 15 }, // U+0120
    { 0x0121, 40 }, // U+0121
    { 0x0122, 15 }, // U+0122
    { 0x0123, 40 }, // U+0123
    { 0x0124, 16 }, // U+0124
    { 0x0125, 41 }, // U+0125
    { 0x0126, 16 }, // U+0126
    { 0x0127, 41 }, // U+0127
    { 0x0128, 16 }, // U+0128
    { 0x0129, 62 }, // U+0129
    { 0x012A, 16 }, // U+012A
    { 0x012B, 62 }, // U+012B
    { 0x012C, 16 }, // U+012C
    { 0x012D, 62 }, // U+012D
    { 0x012E, 70 }, // U+012E
    { 0x012F, 71 }, // U+012F
    { 0x0130, 16 }, // U+0130
    { 0x0131, 42 }, // U+0131
    { 0x0132, 17 }, // U+0132
    { 0x0133, 43 }, // U+0133
    { 0x0134, 17 }, // U+0134
    { 0x0135, 72 }, // U+0135
    { 0x0136, 18 }, // U+0136
    { 0x0137, 44 }, // U+0137
    { 0x0138, 44 }, // U+0138
    { 0x0139, 19 }, // U+0139
    { 0x013A, 45 }, // U+013A
    { 0x013B, 19 }, // U+013B
    { 0x013C, 45 }, // U+013C
    { 0x013E, 67 }, // U+013E
    { 0x0141, 19 }, // U+0141
    { 0x0142, 73 }, // U+0142
    { 0x0143, 21 }, // U+0143
    { 0x0144, 41 }, // U+0144
    { 0x0145, 21 }, // U+0145
    { 0x0146, 41 }, // U+0146
    { 0x0147, 21 }, // U+0147
    { 0x0148, 41 }, // U+0148
    { 0x0149, 41 }, // U+0149
    { 0x014A, 21 }, // U+014A
    { 0x014B, 41 }, // U+014B
    { 0x014C, 12 }, // U+014C
    { 0x014D, 35 }, // U+014D
    { 0x014E, 12 }, // U+014E
    { 0x014F, 35 }, // U+014F
    { 0x0150, 12 }, // U+0150
    { 0x0151, 35 }, // U+0151
    { 0x0152, 13 }, // U+0152
    { 0x0153, 38 }, // U+0153
    { 0x0154, 24 }, // U+0154
    { 0x0155, 47 }, // U+0155
    { 0x0156, 24 }, // U+0156
    { 0x0157, 47 }, // U+0157
    { 0x0158, 24 }, // U+0158
    { 0x0159, 47 }, // U+0159
    { 0x015A, 25 }, // U+015A
    { 0x015B, 48 }, // U+015B
    { 0x015C, 25 }, // U+015C
    { 0x015D, 48 }, // U+015D
    { 0x015E, 25 }, // U+015E
    { 0x015F, 48 }, // U+015F
    { 0x0160, 25 }, // U+0160
    { 0x0161, 48 }, // U+0161
    { 0x0162, 26 }, // U+0162
    { 0x0163, 74 }, // U+0163
    { 0x0164, 26 }, // U+0164
    { 0x0166, 26 }, // U+0166
    { 0x0167, 49 }, // U+0167
    { 0x0168, 27 }, // U+0168
    { 0x0169, 50 }, // U+0169
    { 0x016A, 27 }, // U+016A
    { 0x016B, 50 }, // U+016B
    { 0x016C, 27 }, // U+016C
    { 0x016D, 50 }, // U+016D
    { 0x016E, 27 }, // U+016E
    { 0x016F, 50 }, // U+016F
    { 0x0170, 27 }, // U+0170
    { 0x0171, 50 }, // U+0171
    { 0x0172, 27 }, // U+0172
    { 0x0173, 75 }, // U+0173
    { 0x0174, 28 }, // U+0174
    { 0x0175, 51 }, // U+0175
    { 0x0176, 30 }, // U+0176
    { 0x0177, 51 }, // U+0177
    { 0x0178, 30 }, // U+0178
    { 0x0179, 31 }, // U+0179
    { 0x017A, 53 }, // U+017A
    { 0x017B, 31 }, // U+017B
    { 0x017C, 53 }, // U+017C
    { 0x017D, 31 }, // U+017D
    { 0x017E, 53 }, // U+017E
    { 0x01A0, 76 }, // U+01A0
    { 0x01A1, 77 }, // U+01A1
    { 0x01AF, 78 }, // U+01AF
    { 0x01B0, 79 }, // U+01B0
    { 0x01C4, 31 }, // U+01C4
    { 0x01C5, 53 }, // U+01C5
    { 0x01C6, 53 }, // U+01C6
    { 0x01C7, 17 }, // U+01C7
    { 0x01C8, 43 }, // U+01C8
    { 0x01C9, 43 }, // U+01C9
    { 0x01CA, 17 }, // U+01CA
    { 0x01CB, 43 }, // U+01CB
    { 0x01CC, 43 }, // U+01CC
    { 0x01CD, 9 }, // U+01CD
    { 0x01CE, 34 }, // U+01CE
    { 0x01CF, 16 }, // U+01CF
    { 0x01D0, 62 }, // U+01D0
    { 0x01D1, 12 }, // U+01D1
    { 0x01D2, 35 }, // U+01D2
    { 0x01D3, 27 }, // U+01D3
    { 0x01D4, 50 }, // U+01D4
    { 0x01D5, 27 }, // U+01D5
    { 0x01D6, 50 }, // U+01D6
    { 0x01D7, 27 }, // U+01D7
    { 0x01D8, 50 }, // U+01D8
    { 0x01D9, 27 }, // U+01D9
    { 0x01DA, 50 }, // U+01DA
    { 0x01DB, 27 }, // U+01DB
    { 0x01DC, 50 }, // U+01DC
    { 0x01DD, 35 }, // U+01DD
    { 0x01DE, 9 }, // U+01DE
    { 0x01DF, 34 }, // U+01DF
    { 0x01E0, 9 }, // U+01E0
    { 0x01E1, 34 }, // U+01E1
    { 0x01E2, 13 }, // U+01E2
    { 0x01E3, 38 }, // U+01E3
    { 0x01E4, 15 }, // U+01E4
    { 0x01E5, 80 }, // U+01E5
    { 0x01E6, 15 }, // U+01E6
    { 0x01E7, 40 }, // U+01E7
    { 0x01E8, 18 }, // U+01E8
    { 0x01E9, 44 }, // U+01E9
    { 0x01EA, 12 }, // U+01EA
    { 0x01EB, 35 }, // U+01EB
    { 0x01EC, 12 }, // U+01EC
    { 0x01ED, 35 }, // U+01ED
    { 0x01EF, 81 }, // U+01EF
    { 0x01F0, 72 }, // U+01F0
    { 0x01F1, 31 }, // U+01F1
    { 0x01F2, 53 }, // U+01F2
    { 0x01F3, 53 }, // U+01F3
    { 0x01F4, 15 }, // U+01F4
    { 0x01F5, 40 }, // U+01F5
    { 0x01F8, 21 }, // U+01F8
    { 0x01F9, 41 }, // U+01F9
    { 0x01FA, 9 }, // U+01FA
    { 0x01FB, 34 }, // U+01FB
    { 0x01FC, 13 }, // U+01FC
    { 0x01FD, 38 }, // U+01FD
    { 0x01FE, 82 }, // U+01FE
    { 0x01FF, 35 }, // U+01FF
    { 0x0200, 9 }, // U+0200
    { 0x0201, 34 }, // U+0201
    { 0x0202, 9 }, // U+0202
    { 0x0203, 34 }, // U+0203
    { 0x0204, 13 }, // U+0204
    { 0x0205, 38 }, // U+0205
    { 0x0206, 13 }, // U+0206
    { 0x0207, 38 }, // U+0207
    { 0x0208, 16 }, // U+0208
    { 0x0209, 62 }, // U+0209
    { 0x020A, 16 }, // U+020A
    { 0x020B, 62 }, // U+020B
    { 0x020C, 12 }, // U+020C
    { 0x020D, 35 }, // U+020D
    { 0x020E, 12 }, // U+020E
    { 0x020F, 35 }, // U+020F
    { 0x0210, 24 }, // U+0210
    { 0x0211, 47 }, // U+0211
    { 0x0212, 24 }, // U+0212
    { 0x0213, 47 }, // U+0213
    { 0x0214, 27 }, // U+0214
    { 0x0215, 50 }, // U+0215
    { 0x0216, 27 }, // U+0216
    { 0x0217, 50 }, // U+0217
    { 0x0218, 25 }, // U+0218
    { 0x0219, 48 }, // U+0219
    { 0x021A, 26 }, // U+021A
    { 0x021B, 49 }, // U+021B
    { 0x021C, 10 }, // U+021C
    { 0x021D, 83 }, // U+021D
    { 0x021E, 16 }, // U+021E
    { 0x021F, 41 }, // U+021F
    { 0x0400, 84 }, // U+0400
    { 0x0401, 84 }, // U+0401
    { 0x0402, 85 }, // U+0402
    { 0x0404, 86 }, // U+0404
    { 0x0405, 87 }, // U+0405
    { 0x0406, 88 }, // U+0406
    { 0x0407, 88 }, // U+0407
    { 0x0408, 89 }, // U+0408
    { 0x0409, 90 }, // U+0409
    { 0x040A, 90 }, // U+040A
    { 0x040B, 91 }, // U+040B
    { 0x040C, 92 }, // U+040C
    { 0x040D, 88 }, // U+040D
    { 0x040E, 93 }, // U+040E
    { 0x040F, 88 }, // U+040F
    { 0x0410, 94 }, // U+0410
    { 0x0411, 95 }, // U+0411
    { 0x0412, 96 }, // U+0412
    { 0x0413, 97 }, // U+0413
    { 0x0414, 98 }, // U+0414
    { 0x0415, 84 }, // U+0415
    { 0x0416, 92 }, // U+0416
    { 0x0417, 96 }, // U+0417
    { 0x0418, 88 }, // U+0418
    { 0x0419, 88 }, // U+0419
    { 0x041A, 92 }, // U+041A
    { 0x041B, 88 }, // U+041B
    { 0x041C, 99 }, // U+041C
    { 0x041D, 88 }, // U+041D
    { 0x041E, 100 }, // U+041E
    { 0x041F, 88 }, // U+041F
    { 0x0420, 101 }, // U+0420
    { 0x0421, 102 }, // U+0421
    { 0x0422, 97 }, // U+0422
    { 0x0423, 93 }, // U+0423
    { 0x0424, 103 }, // U+0424
    { 0x0425, 104 }, // U+0425
    { 0x0426, 98 }, // U+0426
    { 0x0427, 88 }, // U+0427
    { 0x0428, 88 }, // U+0428
    { 0x0429, 98 }, // U+0429
    { 0x042A, 90 }, // U+042A
    { 0x042B, 88 }, // U+042B
    { 0x042C, 90 }, // U+042C
    { 0x042D, 100 }, // U+042D
    { 0x042E, 100 }, // U+042E
    { 0x042F, 88 }, // U+042F
    { 0x0430, 105 }, // U+0430
    { 0x0431, 106 }, // U+0431
    { 0x0432, 107 }, // U+0432
    { 0x0433, 108 }, // U+0433
    { 0x0434, 109 }, // U+0434
    { 0x0435, 110 }, // U+0435
    { 0x0436, 111 }, // U+0436
    { 0x0437, 112 }, // U+0437
    { 0x0438, 113 }, // U+0438
    { 0x0439, 113 }, // U+0439
    { 0x043A, 111 }, // U+043A
    { 0x043B, 113 }, // U+043B
    { 0x043C, 113 }, // U+043C
    { 0x043D, 113 }, // U+043D
    { 0x043E, 106 }, // U+043E
    { 0x043F, 113 }, // U+043F
    { 0x0440, 106 }, // U+0440
    { 0x0441, 114 }, // U+0441
    { 0x0442, 108 }, // U+0442
    { 0x0443, 115 }, // U+0443
    { 0x0444, 106 }, // U+0444
    { 0x0445, 116 }, // U+0445
    { 0x0446, 109 }, // U+0446
    { 0x0447, 113 }, // U+0447
    { 0x0448, 113 }, // U+0448
    { 0x0449, 109 }, // U+0449
    { 0x044A, 117 }, // U+044A
    { 0x044B, 113 }, // U+044B
    { 0x044C, 117 }, // U+044C
    { 0x044D, 106 }, // U+044D
    { 0x044E, 106 }, // U+044E
    { 0x044F, 113 }, // U+044F
    { 0x0450, 110 }, // U+0450
    { 0x0451, 110 }, // U+0451
    { 0x0452, 118 }, // U+0452
    { 0x0453, 108 }, // U+0453
    { 0x0454, 119 }, // U+0454
    { 0x0455, 120 }, // U+0455
    { 0x0456, 121 }, // U+0456
    { 0x0457, 122 }, // U+0457
    { 0x0458, 123 }, // U+0458
    { 0x0459, 117 }, // U+0459
    { 0x045A, 117 }, // U+045A
    { 0x045B, 124 }, // U+045B
    { 0x045C, 111 }, // U+045C
    { 0x045D, 113 }, // U+045D
    { 0x045E, 115 }, // U+045E
    { 0x045F, 113 }, // U+045F
    { 0x0462, 125 }, // U+0462
    { 0x0463, 126 }, // U+0463
    { 0x0472, 100 }, // U+0472
    { 0x0473, 106 }, // U+0473
    { 0x0474, 127 }, // U+0474
    { 0x0475, 128 }, // U+0475
    { 0x048A, 98 }, // U+048A
    { 0x048B, 109 }, // U+048B
    { 0x048C, 90 }, // U+048C
    { 0x048D, 117 }, // U+048D
    { 0x048E, 101 }, // U+048E
    { 0x048F, 106 }, // U+048F
    { 0x0490, 129 }, // U+0490
    { 0x0491, 130 }, // U+0491
    { 0x0492, 131 }, // U+0492
    { 0x0493, 108 }, // U+0493
    { 0x0496, 132 }, // U+0496
    { 0x0497, 133 }, // U+0497
    { 0x0498, 96 }, // U+0498
    { 0x0499, 112 }, // U+0499
    { 0x049A, 132 }, // U+049A
    { 0x049B, 133 }, // U+049B
    { 0x049C, 92 }, // U+049C
    { 0x049D, 111 }, // U+049D
    { 0x049E, 92 }, // U+049E
    { 0x049F, 111 }, // U+049F
    { 0x04A0, 92 }, // U+04A0
    { 0x04A1, 111 }, // U+04A1
    { 0x04A2, 98 }, // U+04A2
    { 0x04A3, 109 }, // U+04A3
    { 0x04A8, 134 }, // U+04A8
    { 0x04A9, 135 }, // U+04A9
    { 0x04AA, 102 }, // U+04AA
    { 0x04AB, 114 }, // U+04AB
    { 0x04AC, 97 }, // U+04AC
    { 0x04AD, 108 }, // U+04AD
    { 0x04AE, 136 }, // U+04AE
    { 0x04AF, 115 }, // U+04AF
    { 0x04B0, 136 }, // U+04B0
    { 0x04B1, 115 }, // U+04B1
    { 0x04B2, 137 }, // U+04B2
    { 0x04B3, 138 }, // U+04B3
    { 0x04B4, 98 }, // U+04B4
    { 0x04B5, 109 }, // U+04B5
    { 0x04B6, 98 }, // U+04B6
    { 0x04B7, 109 }, // U+04B7
    { 0x04B8, 88 }, // U+04B8
    { 0x04B9, 113 }, // U+04B9
    { 0x04BA, 139 }, // U+04BA
    { 0x04BB, 124 }, // U+04BB
    { 0x04BC, 140 }, // U+04BC
    { 0x04BD, 110 }, // U+04BD
    { 0x04BE, 140 }, // U+04BE
    { 0x04BF, 110 }, // U+04BF
    { 0x04C0, 88 }, // U+04C0
    { 0x04C1, 92 }, // U+04C1
    { 0x04C2, 111 }, // U+04C2
    { 0x04C3, 141 }, // U+04C3
    { 0x04C4, 142 }, // U+04C4
    { 0x04C5, 98 }, // U+04C5
    { 0x04C6, 109 }, // U+04C6
    { 0x04C7, 89 }, // U+04C7
    { 0x04C8, 143 }, // U+04C8
    { 0x04C9, 98 }, // U+04C9
    { 0x04CA, 109 }, // U+04CA
    { 0x04CB, 88 }, // U+04CB
    { 0x04CC, 113 }, // U+04CC
    { 0x04CD, 98 }, // U+04CD
    { 0x04CE, 109 }, // U+04CE
    { 0x04CF, 144 }, // U+04CF
    { 0x04D0, 94 }, // U+04D0
    { 0x04D1, 105 }, // U+04D1
    { 0x04D2, 94 }, // U+04D2
    { 0x04D3, 105 }, // U+04D3
    { 0x04D4, 84 }, // U+04D4
    { 0x04D5, 110 }, // U+04D5
    { 0x04D6, 84 }, // U+04D6
    { 0x04D7, 110 }, // U+04D7
    { 0x04D8, 100 }, // U+04D8
    { 0x04D9, 106 }, // U+04D9
    { 0x04DA, 100 }, // U+04DA
    { 0x04DB, 106 }, // U+04DB
    { 0x04DC, 92 }, // U+04DC
    { 0x04DD, 111 }, // U+04DD
    { 0x04DE, 96 }, // U+04DE
    { 0x04DF, 112 }, // U+04DF
    { 0x04E0, 145 }, // U+04E0
    { 0x04E1, 146 }, // U+04E1
    { 0x04E2, 88 }, // U+04E2
    { 0x04E3, 113 }, // U+04E3
    { 0x04E4, 88 }, // U+04E4
    { 0x04E5, 113 }, // U+04E5
    { 0x04E6, 100 }, // U+04E6
    { 0x04E7, 106 }, // U+04E7
    { 0x04E8, 100 }, // U+04E8
    { 0x04E9, 106 }, // U+04E9
    { 0x04EA, 100 }, // U+04EA
    { 0x04EB, 106 }, // U+04EB
    { 0x04EC, 100 }, // U+04EC
    { 0x04ED, 106 }, // U+04ED
    { 0x04EE, 93 }, // U+04EE
    { 0x04EF, 115 }, // U+04EF
    { 0x04F0, 93 }, // U+04F0
    { 0x04F1, 115 }, // U+04F1
    { 0x04F2, 93 }, // U+04F2
    { 0x04F3, 115 }, // U+04F3
    { 0x04F4, 88 }, // U+04F4
    { 0x04F5, 113 }, // U+04F5
    { 0x04F6, 97 }, // U+04F6
    { 0x04F7, 108 }, // U+04F7
    { 0x04F8, 88 }, // U+04F8
    { 0x04F9, 113 }, // U+04F9
    { 0x04FA, 131 }, // U+04FA
    { 0x04FB, 108 }, // U+04FB
    { 0x04FC, 147 }, // U+04FC
    { 0x04FD, 116 }, // U+04FD
    { 0x04FE, 104 }, // U+04FE
    { 0x04FF, 116 }, // U+04FF
    { 0x1EA0, 9 }, // U+1EA0
    { 0x1EA1, 34 }, // U+1EA1
    { 0x1EA2, 9 }, // U+1EA2
    { 0x1EA3, 34 }, // U+1EA3
    { 0x1EA4, 9 }, // U+1EA4
    { 0x1EA5, 34 }, // U+1EA5
    { 0x1EA6, 9 }, // U+1EA6
    { 0x1EA7, 34 }, // U+1EA7
    { 0x1EA8, 9 }, // U+1EA8
    { 0x1EA9, 34 }, // U+1EA9
    { 0x1EAA, 9 }, // U+1EAA
    { 0x1EAB, 34 }, // U+1EAB
    { 0x1EAC, 9 }, // U+1EAC
    { 0x1EAD, 34 }, // U+1EAD
    { 0x1EAE, 9 }, // U+1EAE
    { 0x1EAF, 34 }, // U+1EAF
    { 0x1EB0, 9 }, // U+1EB0
    { 0x1EB1, 34 }, // U+1EB1
    { 0x1EB2, 9 }, // U+1EB2
    { 0x1EB3, 34 }, // U+1EB3
    { 0x1EB4, 9 }, // U+1EB4
    { 0x1EB5, 34 }, // U+1EB5
    { 0x1EB6, 9 }, // U+1EB6
    { 0x1EB7, 34 }, // U+1EB7
    { 0x1EB8, 13 }, // U+1EB8
    { 0x1EB9, 38 }, // U+1EB9
    { 0x1EBA, 13 }, // U+1EBA
    { 0x1EBB, 38 }, // U+1EBB
    { 0x1EBC, 13 }, // U+1EBC
    { 0x1EBD, 38 }, // U+1EBD
    { 0x1EBE, 13 }, // U+1EBE
    { 0x1EBF, 38 }, // U+1EBF
    { 0x1EC0, 13 }, // U+1EC0
    { 0x1EC1, 38 }, // U+1EC1
    { 0x1EC2, 13 }, // U+1EC2
    { 0x1EC3, 38 }, // U+1EC3
    { 0x1EC4, 13 }, // U+1EC4
    { 0x1EC5, 38 }, // U+1EC5
    { 0x1EC6, 13 }, // U+1EC6
    { 0x1EC7, 38 }, // U+1EC7
    { 0x1EC8, 16 }, // U+1EC8
    { 0x1EC9, 62 }, // U+1EC9
    { 0x1ECA, 16 }, // U+1ECA
    { 0x1ECB, 42 }, // U+1ECB
    { 0x1ECC, 12 }, // U+1ECC
    { 0x1ECD, 35 }, // U+1ECD
    { 0x1ECE, 12 }, // U+1ECE
    { 0x1ECF, 35 }, // U+1ECF
    { 0x1ED0, 12 }, // U+1ED0
    { 0x1ED1, 35 }, // U+1ED1
    { 0x1ED2, 12 }, // U+1ED2
    { 0x1ED3, 35 }, // U+1ED3
    { 0x1ED4, 12 }, // U+1ED4
    { 0x1ED5, 35 }, // U+1ED5
    { 0x1ED6, 12 }, // U+1ED6
    { 0x1ED7, 35 }, // U+1ED7
    { 0x1ED8, 12 }, // U+1ED8
    { 0x1ED9, 35 }, // U+1ED9
    { 0x1EDA, 76 }, // U+1EDA
    { 0x1EDB, 77 }, // U+1EDB
    { 0x1EDC, 76 }, // U+1EDC
    { 0x1EDD, 77 }, // U+1EDD
    { 0x1EDE, 76 }, // U+1EDE
    { 0x1EDF, 77 }, // U+1EDF
    { 0x1EE0, 76 }, // U+1EE0
    { 0x1EE1, 77 }, // U+1EE1
    { 0x1EE2, 76 }, // U+1EE2
    { 0x1EE3, 77 }, // U+1EE3
    { 0x1EE4, 27 }, // U+1EE4
    { 0x1EE5, 50 }, // U+1EE5
    { 0x1EE6, 27 }, // U+1EE6
    { 0x1EE7, 50 }, // U+1EE7
    { 0x1EE8, 78 }, // U+1EE8
    { 0x1EE9, 79 }, // U+1EE9
    { 0x1EEA, 78 }, // U+1EEA
    { 0x1EEB, 79 }, // U+1EEB
    { 0x1EEC, 78 }, // U+1EEC
    { 0x1EED, 79 }, // U+1EED
    { 0x1EEE, 78 }, // U+1EEE
    { 0x1EEF, 79 }, // U+1EEF
    { 0x1EF0, 78 }, // U+1EF0
    { 0x1EF1, 79 }, // U+1EF1
    { 0x1EF2, 30 }, // U+1EF2
    { 0x1EF3, 51 }, // U+1EF3
    { 0x1EF4, 30 }, // U+1EF4
    { 0x1EF5, 51 }, // U+1EF5
    { 0x1EF6, 30 }, // U+1EF6
    { 0x1EF7, 51 }, // U+1EF7
    { 0x1EF8, 30 }, // U+1EF8
    { 0x1EF9, 51 }, // U+1EF9
    { 0x2010, 5 }, // U+2010
    { 0x2011, 5 }, // U+2011
    { 0x2013, 5 }, // U+2013
    { 0x2014, 5 }, // U+2014
    { 0x2015, 5 }, // U+2015
    { 0x2018, 148 }, // U+2018
    { 0x2019, 149 }, // U+2019
    { 0x201A, 4 }, // U+201A
    { 0x201B, 148 }, // U+201B
    { 0x201C, 148 }, // U+201C
    { 0x201D, 149 }, // U+201D
    { 0x201E, 4 }, // U+201E
    { 0x201F, 148 }, // U+201F
    { 0x2025, 4 }, // U+2025
    { 0x2026, 4 }, // U+2026
    { 0x2039, 56 }, // U+2039
    { 0x203A, 57 }, // U+203A
    { 0xFB00, 39 }, // U+FB00
    { 0xFB01, 42 }, // U+FB01
    { 0xFB02, 45 }, // U+FB02
    { 0xFB03, 42 }, // U+FB03
    { 0xFB04, 45 }, // U+FB04
    { 0xFB05, 49 }, // U+FB05
    { 0xFB06, 49 }, // U+FB06
};

static const EpdKernClassEntry bookerly_10_regularKernRightClasses[] = {
    { 0x0021, 1 }, // !
    { 0x0022, 2 }, // "
    { 0x0027, 2 }, // '
    { 0x0029, 3 }, // )
    { 0x002A, 4 }, // *
    { 0x002C, 5 }, // ,
    { 0x002D, 6 }, // -
    { 0x002E, 7 }, // .
    { 0x002F, 8 }, // /
    { 0x003A, 9 }, // :
    { 0x003B, 10 }, // ;
    { 0x003F, 11 }, // ?
    { 0x0041, 12 }, // A
    { 0x0042, 13 }, // B
    { 0x0043, 14 }, // C
    { 0x0044, 13 }, // D
    { 0x0045, 13 }, // E
    { 0x0046, 13 }, // F
    { 0x0047, 14 }, // G
    { 0x0048, 13 }, // H
    { 0x0049, 13 }, // I
    { 0x004A, 15 }, // J
    { 0x004B, 13 }, // K
    { 0x004C, 13 }, // L
    { 0x004D, 16 }, // M
    { 0x004E, 13 }, // N
    { 0x004F, 14 }, // O
    { 0x0050, 13 }, // P
    { 0x0051, 14 }, // Q
    { 0x0052, 13 }, // R
    { 0x0053, 17 }, // S
    { 0x0054, 18 }, // T
    { 0x0055, 19 }, // U
    { 0x0056, 20 }, // V
    { 0x0057, 20 }, // W
    { 0x0058, 21 }, // X
    { 0x0059, 22 }, // Y
    { 0x005A, 23 }, // Z
    { 0x005C, 24 }, // <backslash>
    { 0x005D, 25 }, // ]
    { 0x0061, 26 }, // a
    { 0x0062, 27 }, // b
    { 0x0063, 28 }, // c
    { 0x0064, 28 }, // d
    { 0x0065, 28 }, // e
    { 0x0066, 29 }, // f
    { 0x0067, 30 }, // g
    { 0x0068, 31 }, // h
    { 0x0069, 32 }, // i
    { 0x006A, 33 }, // j
    { 0x006B, 31 }, // k
    { 0x006C, 31 }, // l
    { 0x006D, 34 }, // m
    { 0x006E, 34 }, // n
    { 0x006F, 28 }, // o
    { 0x0070, 35 }, // p
    { 0x0071, 28 }, // q
    { 0x0072, 34 }, // r
    { 0x0073, 36 }, // s
    { 0x0074, 37 }, // t
    { 0x0075, 38 }, // u
    { 0x0076, 39 }, // v
    { 0x0077, 39 }, // w
    { 0x0078, 40 }, // x
    { 0x0079, 41 }, // y
    { 0x007A, 42 }, // z
    { 0x007D, 43 }, // }
    { 0x00AB, 44 }, // U+00AB
    { 0x00AD, 6 }, // U+00AD
    { 0x00BB, 45 }, // U+00BB
    { 0x00BF, 46 }, // U+00BF
    { 0x00C0, 12 }, // U+00C0
    { 0x00C1, 12 }, // U+00C1
    { 0x00C2, 12 }, // U+00C2
    { 0x00C3, 12 }, // U+00C3
    { 0x00C4, 12 }, // U+00C4
    { 0x00C5, 12 }, // U+00C5
    { 0x00C6, 47 }, // U+00C6
    { 0x00C7, 14 }, // U+00C7
    { 0x00C8, 13 }, // U+00C8
    { 0x00C9, 13 }, // U+00C9
    { 0x00CA, 13 }, // U+00CA
    { 0x00CB, 13 }, // U+00CB
    { 0x00CC, 13 }, // U+00CC
    { 0x00CD, 13 }, // U+00CD
    { 0x00CE, 13 }, // U+00CE
    { 0x00CF, 13 }, // U+00CF
    { 0x00D0, 13 }, // U+00D0
    { 0x00D1, 13 }, // U+00D1
    { 0x00D2, 14 }, // U+00D2
    { 0x00D3, 14 }, // U+00D3
    { 0x00D4, 14 }, // U+00D4
    { 0x00D5, 14 }, // U+00D5
    { 0x00D6, 14 }, // U+00D6
    { 0x00D8, 48 }, // U+00D8
    { 0x00D9, 19 }, // U+00D9
    { 0x00DA, 19 }, // U+00DA
    { 0x00DB, 19 }, // U+00DB
    { 0x00DC, 19 }, // U+00DC
    { 0x00DD, 22 }, // U+00DD
    { 0x00DE, 13 }, // U+00DE
    { 0x00DF, 49 }, // U+00DF
    { 0x00E0, 26 }, // U+00E0
    { 0x00E1, 26 }, // U+00E1
    { 0x00E2, 26 }, // U+00E2
    { 0x00E3, 50 }, // U+00E3
    { 0x00E4, 51 }, // U+00E4
    { 0x00E5, 26 }, // U+00E5
    { 0x00E6, 26 }, // U+00E6
    { 0x00E7, 28 }, // U+00E7
    { 0x00E8, 28 }, // U+00E8
    { 0x00E9, 28 }, // U+00E9
    { 0x00EA, 28 }, // U+00EA
    { 0x00EB, 52 }, // U+00EB
    { 0x00EC, 53 }, // U+00EC
    { 0x00ED, 32 }, // U+00ED
    { 0x00EE, 54 }, // U+00EE
    { 0x00EF, 55 }, // U+00EF
    { 0x00F0, 28 }, // U+00F0
    { 0x00F1, 34 }, // U+00F1
    { 0x00F2, 28 }, // U+00F2
    { 0x00F3, 28 }, // U+00F3
    { 0x00F4, 28 }, // U+00F4
    { 0x00F5, 28 }, // U+00F5
    { 0x00F6, 28 }, // U+00F6
    { 0x00F8, 56 }, // U+00F8
    { 0x00F9, 38 }, // U+00F9
    { 0x00FA, 38 }, // U+00FA
    { 0x00FB, 38 }, // U+00FB
    { 0x00FC, 38 }, // U+00FC
    { 0x00FD, 41 }, // U+00FD
    { 0x00FE, 57 }, // U+00FE
    { 0x00FF, 41 }, // U+00FF
    { 0x0100, 12 }, // U+0100
    { 0x0101, 58 }, // U+0101
    { 0x0102, 12 }, // U+0102
    { 0x0103, 59 }, // U+0103
    { 0x0104, 12 }, // U+0104
    { 0x0105, 26 }, // U+0105
    { 0x0106, 14 }, // U+0106
    { 0x0107, 28 }, // U+0107
    { 0x0108, 14 }, // U+0108
    { 0x0109, 28 }, // U+0109
    { 0x010A, 14 }, // U+010A
    { 0x010B, 28 }, // U+010B
    { 0x010C, 14 }, // U+010C
    { 0x010D, 28 }, // U+010D
    { 0x010E, 13 }, // U+010E
    { 0x010F, 28 }, // U+010F
    { 0x0110, 13 }, // U+0110
    { 0x0111, 28 }, // U+0111
    { 0x0112, 13 }, // U+0112
    { 0x0113, 60 }, // U+0113
    { 0x0114, 13 }, // U+0114
    { 0x0115, 60 }, // U+0115
    { 0x0116, 13 }, // U+0116
    { 0x0117, 28 }, // U+0117
    { 0x0118, 13 }, // U+0118
    { 0x0119, 28 }, // U+0119
    { 0x011A, 13 }, // U+011A
    { 0x011B, 28 }, // U+011B
    { 0x011C, 14 }, // U+011C
    { 0x011D, 30 }, // U+011D
    { 0x011E, 14 }, // U+011E
    { 0x011F, 30 }, // U+011F
    { 0x0120, 14 }, // U+0120
    { 0x0121, 30 }, // U+0121
    { 0x0122, 14 }, // U+0122
    { 0x0123, 30 }, // U+0123
    { 0x0124, 13 }, // U+0124
    { 0x0125, 31 }, // U+0125
    { 0x0126, 13 }, // U+0126
    { 0x0127, 61 }, // U+0127
    { 0x0128, 13 }, // U+0128
    { 0x0129, 55 }, // U+0129
    { 0x012A, 13 }, // U+012A
    { 0x012B, 55 }, // U+012B
    { 0x012C, 13 }, // U+012C
    { 0x012D, 55 }, // U+012D
    { 0x012E, 13 }, // U+012E
    { 0x012F, 32 }, // U+012F
    { 0x0130, 13 }, // U+0130
    { 0x0131, 32 }, // U+0131
    { 0x0132, 13 }, // U+0132
    { 0x0133, 32 }, // U+0133
    { 0x0134, 15 }, // U+0134
    { 0x0135, 62 }, // U+0135
    { 0x0136, 13 }, // U+0136
    { 0x0137, 31 }, // U+0137
    { 0x0138, 34 }, // U+0138
    { 0x0139, 13 }, // U+0139
    { 0x013A, 31 }, // U+013A
    { 0x013B, 13 }, // U+013B
    { 0x013C, 31 }, // U+013C
    { 0x013D, 13 }, // U+013D
    { 0x013E, 31 }, // U+013E
    { 0x013F, 13 }, // U+013F
    { 0x0140, 31 }, // U+0140
    { 0x0141, 13 }, // U+0141
    { 0x0142, 63 }, // U+0142
    { 0x0143, 13 }, // U+0143
    { 0x0144, 34 }, // U+0144
    { 0x0145, 13 }, // U+0145
    { 0x0146, 34 }, // U+0146
    { 0x0147, 13 }, // U+0147
    { 0x0148, 34 }, // U+0148
    { 0x0149, 34 }, // U+0149
    { 0x014A, 13 }, // U+014A
    { 0x014B, 34 }, // U+014B
    { 0x014C, 14 }, // U+014C
    { 0x014D, 28 }, // U+014D
    { 0x014E, 14 }, // U+014E
    { 0x014F, 28 }, // U+014F
    { 0x0150, 14 }, // U+0150
    { 0x0151, 28 }, // U+0151
    { 0x0152, 14 }, // U+0152
    { 0x0153, 28 }, // U+0153
    { 0x0154, 13 }, // U+0154
    { 0x0155, 34 }, // U+0155
    { 0x0156, 13 }, // U+0156
    { 0x0157, 34 }, // U+0157
    { 0x0158, 13 }, // U+0158
    { 0x0159, 64 }, // U+0159
    { 0x015A, 17 }, // U+015A
    { 0x015B, 36 }, // U+015B
    { 0x015C, 17 }, // U+015C
    { 0x015D, 36 }, // U+015D
    { 0x015E, 17 }, // U+015E
    { 0x015F, 36 }, // U+015F
    { 0x0160, 17 }, // U+0160
    { 0x0161, 65 }, // U+0161
    { 0x0162, 18 }, // U+0162
    { 0x0163, 37 }, // U+0163
    { 0x0164, 18 }, // U+0164
    { 0x0165, 37 }, // U+0165
    { 0x0166, 18 }, // U+0166
    { 0x0167, 37 }, // U+0167
    { 0x0168, 19 }, // U+0168
    { 0x0169, 38 }, // U+0169
    { 0x016A, 19 }, // U+016A
    { 0x016B, 38 }, // U+016B
    { 0x016C, 19 }, // U+016C
    { 0x016D, 38 }, // U+016D
    { 0x016E, 19 }, // U+016E
    { 0x016F, 38 }, // U+016F
    { 0x0170, 19 }, // U+0170
    { 0x0171, 38 }, // U+0171
    { 0x0172, 19 }, // U+0172
    { 0x0173, 38 }, // U+0173
    { 0x0174, 20 }, // U+0174
    { 0x0175, 39 }, // U+0175
    { 0x0176, 22 }, // U+0176
    { 0x0177, 41 }, // U+0177
    { 0x0178, 22 }, // U+0178
    { 0x0179, 23 }, // U+0179
    { 0x017A, 42 }, // U+017A
    { 0x017B, 23 }, // U+017B
    { 0x017C, 42 }, // U+017C
    { 0x017D, 23 }, // U+017D
    { 0x017E, 66 }, // U+017E
    { 0x017F, 49 }, // U+017F
    { 0x01A0, 14 }, // U+01A0
    { 0x01A1, 28 }, // U+01A1
    { 0x01AF, 19 }, // U+01AF
    { 0x01B0, 38 }, // U+01B0
    { 0x01C4, 13 }, // U+01C4
    { 0x01C5, 13 }, // U+01C5
    { 0x01C6, 28 }, // U+01C6
    { 0x01C7, 13 }, // U+01C7
    { 0x01C8, 13 }, // U+01C8
    { 0x01C9, 31 }, // U+01C9
    { 0x01CA, 13 }, // U+01CA
    { 0x01CB, 13 }, // U+01CB
    { 0x01CC, 34 }, // U+01CC
    { 0x01CD, 12 }, // U+01CD
    { 0x01CE, 26 }, // U+01CE
    { 0x01CF, 13 }, // U+01CF
    { 0x01D0, 55 }, // U+01D0
    { 0x01D1, 14 }, // U+01D1
    { 0x01D2, 28 }, // U+01D2
    { 0x01D3, 19 }, // U+01D3
    { 0x01D4, 38 }, // U+01D4
    { 0x01D5, 19 }, // U+01D5
    { 0x01D6, 38 }, // U+01D6
    { 0x01D7, 19 }, // U+01D7
    { 0x01D8, 38 }, // U+01D8
    { 0x01D9, 19 }, // U+01D9
    { 0x01DA, 38 }, // U+01DA
    { 0x01DB, 19 }, // U+01DB
    { 0x01DC, 38 }, // U+01DC
    { 0x01DD, 67 }, // U+01DD
    { 0x01DE, 12 }, // U+01DE
    { 0x01DF, 26 }, // U+01DF
    { 0x01E0, 12 }, // U+01E0
    { 0x01E1, 26 }, // U+01E1
    { 0x01E2, 47 }, // U+01E2
    { 0x01E3, 26 }, // U+01E3
    { 0x01E4, 14 }, // U+01E4
    { 0x01E5, 68 }, // U+01E5
    { 0x01E6, 14 }, // U+01E6
    { 0x01E7, 30 }, // U+01E7
    { 0x01E8, 13 }, // U+01E8
    { 0x01E9, 31 }, // U+01E9
    { 0x01EA, 14 }, // U+01EA
    { 0x01EB, 28 }, // U+01EB
    { 0x01EC, 14 }, // U+01EC
    { 0x01ED, 28 }, // U+01ED
    { 0x01EE, 69 }, // U+01EE
    { 0x01EF, 70 }, // U+01EF
    { 0x01F1, 13 }, // U+01F1
    { 0x01F2, 13 }, // U+01F2
    { 0x01F3, 28 }, // U+01F3
    { 0x01F4, 14 }, // U+01F4
    { 0x01F5, 30 }, // U+01F5
    { 0x01F8, 13 }, // U+01F8
    { 0x01F9, 34 }, // U+01F9
    { 0x01FA, 12 }, // U+01FA
    { 0x01FB, 26 }, // U+01FB
    { 0x01FC, 47 }, // U+01FC
    { 0x01FD, 26 }, // U+01FD
    { 0x01FE, 71 }, // U+01FE
    { 0x01FF, 28 }, // U+01FF
    { 0x0200, 12 }, // U+0200
    { 0x0201, 26 }, // U+0201
    { 0x0202, 12 }, // U+0202
    { 0x0203, 26 }, // U+0203
    { 0x0204, 13 }, // U+0204
    { 0x0205, 28 }, // U+0205
    { 0x0206, 13 }, // U+0206
    { 0x0207, 28 }, // U+0207
    { 0x0208, 13 }, // U+0208
    { 0x0209, 55 }, // U+0209
    { 0x020A, 13 }, // U+020A
    { 0x020B, 55 }, // U+020B
    { 0x020C, 14 }, // U+020C
    { 0x020D, 28 }, // U+020D
    { 0x020E, 14 }, // U+020E
    { 0x020F, 28 }, // U+020F
    { 0x0210, 13 }, // U+0210
    { 0x0211, 34 }, // U+0211
    { 0x0212, 13 }, // U+0212
    { 0x0213, 34 }, // U+0213
    { 0x0214, 19 }, // U+0214
    { 0x0215, 38 }, // U+0215
    { 0x0216, 19 }, // U+0216
    { 0x0217, 38 }, // U+0217
    { 0x0218, 17 }, // U+0218
    { 0x0219, 36 }, // U+0219
    { 0x021A, 18 }, // U+021A
    { 0x021B, 37 }, // U+021B
    { 0x021C, 72 }, // U+021C
    { 0x021D, 73 }, // U+021D
    { 0x021E, 13 }, // U+021E
    { 0x021F, 31 }, // U+021F
    { 0x0400, 74 }, // U+0400
    { 0x0401, 74 }, // U+0401
    { 0x0402, 75 }, // U+0402
    { 0x0403, 74 }, // U+0403
    { 0x0404, 76 }, // U+0404
    { 0x0405, 77 }, // U+0405
    { 0x0406, 74 }, // U+0406
    { 0x0407, 74 }, // U+0407
    { 0x0408, 78 }, // U+0408
    { 0x0409, 79 }, // U+0409
    { 0x040A, 74 }, // U+040A
    { 0x040B, 75 }, // U+040B
    { 0x040C, 74 }, // U+040C
    { 0x040D, 74 }, // U+040D
    { 0x040E, 80 }, // U+040E
    { 0x040F, 74 }, // U+040F
    { 0x0410, 81 }, // U+0410
    { 0x0411, 74 }, // U+0411
    { 0x0412, 74 }, // U+0412
    { 0x0413, 74 }, // U+0413
    { 0x0414, 82 }, // U+0414
    { 0x0415, 74 }, // U+0415
    { 0x0416, 83 }, // U+0416
    { 0x0417, 84 }, // U+0417
    { 0x0418, 74 }, // U+0418
    { 0x0419, 74 }, // U+0419
    { 0x041A, 74 }, // U+041A
    { 0x041B, 79 }, // U+041B
    { 0x041C, 85 }, // U+041C
    { 0x041D, 74 }, // U+041D
    { 0x041E, 76 }, // U+041E
    { 0x041F, 74 }, // U+041F
    { 0x0420, 74 }, // U+0420
    { 0x0421, 76 }, // U+0421
    { 0x0422, 75 }, // U+0422
    { 0x0423, 80 }, // U+0423
    { 0x0424, 86 }, // U+0424
    { 0x0425, 87 }, // U+0425
    { 0x0426, 74 }, // U+0426
    { 0x0427, 88 }, // U+0427
    { 0x0428, 74 }, // U+0428
    { 0x0429, 74 }, // U+0429
    { 0x042A, 75 }, // U+042A
    { 0x042B, 74 }, // U+042B
    { 0x042C, 74 }, // U+042C
    { 0x042D, 89 }, // U+042D
    { 0x042E, 74 }, // U+042E
    { 0x042F, 90 }, // U+042F
    { 0x0430, 91 }, // U+0430
    { 0x0431, 92 }, // U+0431
    { 0x0432, 93 }, // U+0432
    { 0x0433, 93 }, // U+0433
    { 0x0434, 94 }, // U+0434
    { 0x0435, 95 }, // U+0435
    { 0x0436, 96 }, // U+0436
    { 0x0437, 97 }, // U+0437
    { 0x0438, 93 }, // U+0438
    { 0x0439, 93 }, // U+0439
    { 0x043A, 93 }, // U+043A
    { 0x043B, 98 }, // U+043B
    { 0x043C, 93 }, // U+043C
    { 0x043D, 93 }, // U+043D
    { 0x043E, 95 }, // U+043E
    { 0x043F, 93 }, // U+043F
    { 0x0440, 99 }, // U+0440
    { 0x0441, 95 }, // U+0441
    { 0x0442, 100 }, // U+0442
    { 0x0443, 101 }, // U+0443
    { 0x0444, 95 }, // U+0444
    { 0x0445, 102 }, // U+0445
    { 0x0446, 93 }, // U+0446
    { 0x0447, 103 }, // U+0447
    { 0x0448, 93 }, // U+0448
    { 0x0449, 93 }, // U+0449
    { 0x044A, 100 }, // U+044A
    { 0x044B, 93 }, // U+044B
    { 0x044C, 93 }, // U+044C
    { 0x044D, 97 }, // U+044D
    { 0x044E, 93 }, // U+044E
    { 0x044F, 104 }, // U+044F
    { 0x0450, 95 }, // U+0450
    { 0x0451, 95 }, // U+0451
    { 0x0452, 105 }, // U+0452
    { 0x0453, 93 }, // U+0453
    { 0x0454, 95 }, // U+0454
    { 0x0455, 106 }, // U+0455
    { 0x0456, 107 }, // U+0456
    { 0x0457, 108 }, // U+0457
    { 0x0458, 109 }, // U+0458
    { 0x0459, 98 }, // U+0459
    { 0x045A, 93 }, // U+045A
    { 0x045B, 105 }, // U+045B
    { 0x045C, 93 }, // U+045C
    { 0x045D, 93 }, // U+045D
    { 0x045E, 110 }, // U+045E
    { 0x045F, 93 }, // U+045F
    { 0x0462, 75 }, // U+0462
    { 0x0463, 100 }, // U+0463
    { 0x0472, 76 }, // U+0472
    { 0x0473, 95 }, // U+0473
    { 0x0474, 111 }, // U+0474
    { 0x0475, 101 }, // U+0475
    { 0x048A, 74 }, // U+048A
    { 0x048B, 93 }, // U+048B
    { 0x048C, 112 }, // U+048C
    { 0x048D, 113 }, // U+048D
    { 0x048E, 74 }, // U+048E
    { 0x048F, 99 }, // U+048F
    { 0x0490, 74 }, // U+0490
    { 0x0491, 93 }, // U+0491
    { 0x0492, 74 }, // U+0492
    { 0x0493, 93 }, // U+0493
    { 0x0494, 74 }, // U+0494
    { 0x0495, 93 }, // U+0495
    { 0x0496, 83 }, // U+0496
    { 0x0497, 96 }, // U+0497
    { 0x0498, 84 }, // U+0498
    { 0x0499, 97 }, // U+0499
    { 0x049A, 74 }, // U+049A
    { 0x049B, 93 }, // U+049B
    { 0x049C, 74 }, // U+049C
    { 0x049D, 93 }, // U+049D
    { 0x04A0, 75 }, // U+04A0
    { 0x04A1, 100 }, // U+04A1
    { 0x04A2, 74 }, // U+04A2
    { 0x04A3, 93 }, // U+04A3
    { 0x04A4, 74 }, // U+04A4
    { 0x04A5, 93 }, // U+04A5
    { 0x04A6, 74 }, // U+04A6
    { 0x04A7, 93 }, // U+04A7
    { 0x04A8, 76 }, // U+04A8
    { 0x04A9, 95 }, // U+04A9
    { 0x04AA, 76 }, // U+04AA
    { 0x04AB, 95 }, // U+04AB
    { 0x04AC, 75 }, // U+04AC
    { 0x04AD, 100 }, // U+04AD
    { 0x04AE, 114 }, // U+04AE
    { 0x04AF, 101 }, // U+04AF
    { 0x04B0, 114 }, // U+04B0
    { 0x04B1, 101 }, // U+04B1
    { 0x04B2, 87 }, // U+04B2
    { 0x04B3, 102 }, // U+04B3
    { 0x04B5, 100 }, // U+04B5
    { 0x04B6, 88 }, // U+04B6
    { 0x04B7, 103 }, // U+04B7
    { 0x04B8, 88 }, // U+04B8
    { 0x04B9, 103 }, // U+04B9
    { 0x04BA, 74 }, // U+04BA
    { 0x04BB, 105 }, // U+04BB
    { 0x04BC, 115 }, // U+04BC
    { 0x04BD, 116 }, // U+04BD
    { 0x04BE, 115 }, // U+04BE
    { 0x04BF, 116 }, // U+04BF
    { 0x04C0, 74 }, // U+04C0
    { 0x04C1, 83 }, // U+04C1
    { 0x04C2, 96 }, // U+04C2
    { 0x04C3, 74 }, // U+04C3
    { 0x04C4, 93 }, // U+04C4
    { 0x04C5, 79 }, // U+04C5
    { 0x04C6, 98 }, // U+04C6
    { 0x04C7, 74 }, // U+04C7
    { 0x04C8, 93 }, // U+04C8
    { 0x04C9, 74 }, // U+04C9
    { 0x04CA, 93 }, // U+04CA
    { 0x04CB, 88 }, // U+04CB
    { 0x04CC, 103 }, // U+04CC
    { 0x04CE, 93 }, // U+04CE
    { 0x04CF, 105 }, // U+04CF
    { 0x04D0, 81 }, // U+04D0
    { 0x04D1, 91 }, // U+04D1
    { 0x04D2, 81 }, // U+04D2
    { 0x04D3, 91 }, // U+04D3
    { 0x04D4, 117 }, // U+04D4
    { 0x04D5, 91 }, // U+04D5
    { 0x04D6, 74 }, // U+04D6
    { 0x04D7, 95 }, // U+04D7
    { 0x04D8, 118 }, // U+04D8
    { 0x04D9, 119 }, // U+04D9
    { 0x04DB, 119 }, // U+04DB
    { 0x04DC, 83 }, // U+04DC
    { 0x04DD, 96 }, // U+04DD
    { 0x04DE, 84 }, // U+04DE
    { 0x04DF, 97 }, // U+04DF
    { 0x04E0, 120 }, // U+04E0
    { 0x04E1, 121 }, // U+04E1
    { 0x04E2, 74 }, // U+04E2
    { 0x04E3, 93 }, // U+04E3
    { 0x04E4, 74 }, // U+04E4
    { 0x04E5, 93 }, // U+04E5
    { 0x04E6, 76 }, // U+04E6
    { 0x04E7, 95 }, // U+04E7
    { 0x04E8, 76 }, // U+04E8
    { 0x04E9, 95 }, // U+04E9
    { 0x04EA, 76 }, // U+04EA
    { 0x04EB, 95 }, // U+04EB
    { 0x04ED, 97 }, // U+04ED
    { 0x04EE, 80 }, // U+04EE
    { 0x04EF, 110 }, // U+04EF
    { 0x04F0, 80 }, // U+04F0
    { 0x04F1, 110 }, // U+04F1
    { 0x04F2, 80 }, // U+04F2
    { 0x04F3, 110 }, // U+04F3
    { 0x04F5, 103 }, // U+04F5
    { 0x04F6, 74 }, // U+04F6
    { 0x04F7, 93 }, // U+04F7
    { 0x04F8, 74 }, // U+04F8
    { 0x04F9, 93 }, // U+04F9
    { 0x04FA, 74 }, // U+04FA
    { 0x04FB, 93 }, // U+04FB
    { 0x04FC, 87 }, // U+04FC
    { 0x04FD, 102 }, // U+04FD
    { 0x04FE, 87 }, // U+04FE
    { 0x04FF, 102 }, // U+04FF
    { 0x1EA0, 12 }, // U+1EA0
    { 0x1EA1, 26 }, // U+1EA1
    { 0x1EA2, 12 }, // U+1EA2
    { 0x1EA3, 26 }, // U+1EA3
    { 0x1EA4, 12 }, // U+1EA4
    { 0x1EA5, 26 }, // U+1EA5
    { 0x1EA6, 12 }, // U+1EA6
    { 0x1EA7, 26 }, // U+1EA7
    { 0x1EA8, 12 }, // U+1EA8
    { 0x1EA9, 26 }, // U+1EA9
    { 0x1EAA, 12 }, // U+1EAA
    { 0x1EAB, 26 }, // U+1EAB
    { 0x1EAC, 12 }, // U+1EAC
    { 0x1EAD, 26 }, // U+1EAD
    { 0x1EAE, 12 }, // U+1EAE
    { 0x1EAF, 26 }, // U+1EAF
    { 0x1EB0, 12 }, // U+1EB0
    { 0x1EB1, 26 }, // U+1EB1
    { 0x1EB2, 12 }, // U+1EB2
    { 0x1EB3, 26 }, // U+1EB3
    { 0x1EB4, 12 }, // U+1EB4
    { 0x1EB5, 26 }, // U+1EB5
    { 0x1EB6, 12 }, // U+1EB6
    { 0x1EB7, 26 }, // U+1EB7
    { 0x1EB8, 13 }, // U+1EB8
    { 0x1EB9, 28 }, // U+1EB9
    { 0x1EBA, 13 }, // U+1EBA
    { 0x1EBB, 28 }, // U+1EBB
    { 0x1EBC, 13 }, // U+1EBC
    { 0x1EBD, 28 }, // U+1EBD
    { 0x1EBE, 13 }, // U+1EBE
    { 0x1EBF, 28 }, // U+1EBF
    { 0x1EC0, 13 }, // U+1EC0
    { 0x1EC1, 28 }, // U+1EC1
    { 0x1EC2, 13 }, // U+1EC2
    { 0x1EC3, 28 }, // U+1EC3
    { 0x1EC4, 13 }, // U+1EC4
    { 0x1EC5, 28 }, // U+1EC5
    { 0x1EC6, 13 }, // U+1EC6
    { 0x1EC7, 28 }, // U+1EC7
    { 0x1EC8, 13 }, // U+1EC8
    { 0x1EC9, 55 }, // U+1EC9
    { 0x1ECA, 13 }, // U+1ECA
    { 0x1ECB, 32 }, // U+1ECB
    { 0x1ECC, 14 }, // U+1ECC
    { 0x1ECD, 28 }, // U+1ECD
    { 0x1ECE, 14 }, // U+1ECE
    { 0x1ECF, 28 }, // U+1ECF
    { 0x1ED0, 14 }, // U+1ED0
    { 0x1ED1, 28 }, // U+1ED1
    { 0x1ED2, 14 }, // U+1ED2
    { 0x1ED3, 28 }, // U+1ED3
    { 0x1ED4, 14 }, // U+1ED4
    { 0x1ED5, 28 }, // U+1ED5
    { 0x1ED6, 14 }, // U+1ED6
    { 0x1ED7, 28 }, // U+1ED7
    { 0x1ED8, 14 }, // U+1ED8
    { 0x1ED9, 28 }, // U+1ED9
    { 0x1EDA, 14 }, // U+1EDA
    { 0x1EDB, 28 }, // U+1EDB
    { 0x1EDC, 14 }, // U+1EDC
    { 0x1EDD, 28 }, // U+1EDD
    { 0x1EDE, 14 }, // U+1EDE
    { 0x1EDF, 28 }, // U+1EDF
    { 0x1EE0, 14 }, // U+1EE0
    { 0x1EE1, 28 }, // U+1EE1
    { 0x1EE2, 14 }, // U+1EE2
    { 0x1EE3, 28 }, // U+1EE3
    { 0x1EE4, 19 }, // U+1EE4
    { 0x1EE5, 38 }, // U+1EE5
    { 0x1EE6, 19 }, // U+1EE6
    { 0x1EE7, 38 }, // U+1EE7
    { 0x1EE8, 19 }, // U+1EE8
    { 0x1EE9, 38 }, // U+1EE9
    { 0x1EEA, 19 }, // U+1EEA
    { 0x1EEB, 38 }, // U+1EEB
    { 0x1EEC, 19 }, // U+1EEC
    { 0x1EED, 38 }, // U+1EED
    { 0x1EEE, 19 }, // U+1EEE
    { 0x1EEF, 38 }, // U+1EEF
    { 0x1EF0, 19 }, // U+1EF0
    { 0x1EF1, 38 }, // U+1EF1
    { 0x1EF2, 22 }, // U+1EF2
    { 0x1EF3, 41 }, // U+1EF3
    { 0x1EF4, 22 }, // U+1EF4
    { 0x1EF5, 39 }, // U+1EF5
    { 0x1EF6, 22 }, // U+1EF6
    { 0x1EF7, 41 }, // U+1EF7
    { 0x1EF8, 22 }, // U+1EF8
    { 0x1EF9, 41 }, // U+1EF9
    { 0x2010, 6 }, // U+2010
    { 0x2011, 6 }, // U+2011
    { 0x2013, 6 }, // U+2013
    { 0x2014, 6 }, // U+2014
    { 0x2015, 6 }, // U+2015
    { 0x2018, 122 }, // U+2018
    { 0x2019, 123 }, // U+2019
    { 0x201A, 7 }, // U+201A
    { 0x201B, 122 }, // U+201B
    { 0x201C, 122 }, // U+201C
    { 0x201D, 123 }, // U+201D
    { 0x201E, 7 }, // U+201E
    { 0x201F, 122 }, // U+201F
    { 0x2025, 7 }, // U+2025
    { 0x2026, 7 }, // U+2026
    { 0x2039, 44 }, // U+2039
    { 0x203A, 45 }, // U+203A
    { 0x203C, 1 }, // U+203C
    { 0x2047, 11 }, // U+2047
    { 0x2048, 11 }, // U+2048
    { 0x2049, 1 }, // U+2049
    { 0xFB00, 29 }, // U+FB00
    { 0xFB01, 29 }, // U+FB01
    { 0xFB02, 29 }, // U+FB02
    { 0xFB03, 29 }, // U+FB03
    { 0xFB04, 29 }, // U+FB04
    { 0xFB05, 29 }, // U+FB05
    { 0xFB06, 36 }, // U+FB06
};

static const int8_t bookerly_10_regularKernMatrix[] = {
       0,    0,    0,    0,    0,    0,    0,    0,    0,    0,    0,  -17,    0,    0,    0,    0,    0,    0,    0,    0,    0,    0,    0,    0,    0,    0,    0,    0,    0,  -13,    0,    0,    0,    0,    0,    0,   13,    0,    0,    0,    0,    0,    0,    0,    0,    0,    0,    0,    0,    0,    0,    0,    0,    0,    0,    0,    0,    0,    0,    0,    0,    0,    0,    0,    0,    0,    0,  -13,    0,    0,    0,    0,    0,    0,    0,    0,    0,    0,    0,    0,  -17,    0,    0,    0,    0,    0,    0,    0,    0,    0,    0,    0,    0,    0,    0,    0,    0,    0,    0,    0,    0,    0,    0,    0,    0,    0,    0,    0,    0,    0,    0,    0,    0,    0,    0,    0,    0,    0,    0,    0,    0,    0,    0,
       0,    0,    0,    0,    0,    0,    0,    0,    0,    0,    0,    0,    0,  -10,   17,    0,    0,    0,    0,    0,    0,    0,    0,    0,    0,   -7,    0,   -7,    0,    0,    0,    0,   17,    0,    0,    0,    0,    0,    7,    0,    7,    0,    0,    0,    0,    0,    0,  -10,    0,   -7,   -7,   -7,    0,    7,    7,   -7,    0,   -7,   -7,   -7,    0,   17,    0,    0,    0,    0,    0,    0,    0,    0,  -10,    0,    0,    0,    0,  -10,    0,   17,    0,    0,    0,    0,    0,    0,    0,    0,    0,    0,    0,    0,   -7,    0,    0,    0,   -7,    0,    0,    0,    0,    0,    7,    0,    0,    0,    0,    0,    0,    7,   17,    7,    0,    0,    0,    0,    0,    0,    0,    0,    0,    0,    0,    0,    0,
       0,    0,    0,    0,    0,    0,    0,    0,    0,    0,    0,  -27,    0,    0,    0,    0,    0,    0,    0,   13,   13,    0,    0,    0,    0,    0,    0,   -7,    0,  -10,    0,    0,    0,    0,    0,    0,    0,    0,    0,    0,    0,    0,    0,    0,    0,    0,  -45,    0,    0,    0,    0,   -7,    0,    0,    0,   -7,    0,    0,    0,   -7,    0,    0,    0,    0,    0,    0,    0,  -10,    0,    0,    0,    0,    0,    0,    0,    0,    0,    0,  -27,    0,  -27,    0,    0,    0,    0,    0,   13,    0,    0,    0,    0,    0,    0,    0,   -7,    0,    0,    0,    0,    0,    0,    0,    0,    0,    0,    0,    0,    0,    0,    0,   13,    0,    0,    0,    0,    0,  -45,    0,    0,    0,    0,    0,    0,
       0,    0,    0,    0,    0,    0,    0,    0,    0,    0,    0,   10,    0,  -13,   10,    0,    0,  -23,  -13,  -30,    0,  -27,    0,    0,    0,    0,   -5,   -5,    0,    0,    0,    0,    0,   -3,   -5,    0,  -10,  -13,  -20,    0,  -20,    0,    0,    0,    0,    0,    0,  -13,    0,    0,    0,   -5,    0,    0,    0,   -5,    0,    0,    0,   -5,    0,   -7,    0,   -3,    0,    0,    0,    0,    0,    0,  -13,    0,    0,    0,  -23,  -13,    0,   10,    0,  -23,   10,    7,    0,    0,    0,  -10,    0,  -33,    0,    0,    0,    0,    0,    0,   -5,    0,    0,    0,   -5,  -17,  -13,    7,  -20,    0,    0,    0,    0,    0,    0,  -13,  -30,    0,    0,  -27,  -23,  -13,    0,    0,    0,    0,    0,  -27,  -13,
       0,    0,    0,    0,    0,    0,    0,    0,    0,    0,    0,  -10,    0,    0,   -7,    0,    0,  -13,    0,  -17,    0,  -17,    0,    0,    0,    0,    0,    0,    0,    0,    0,    0,    0,    0,    0,    0,    0,    0,   -5,    0,   -5,    0,    0,    0,    0,    0,  -10,    0,    0,    0,    0,    0,    0,    0,    0,    0,    0,    0,    0,    0,    0,    0,    0,    0,    0,    0,    0,    0,    0,    0,    0,  -10,    0,    0,  -13,    0,    0,   -7,    0,    0,  -10,   -7,    0,    0,    0,    7,    0,   -7,    0,    0,    0,    0,    0,    0,    0,    0,    0,    0,    0,    0,   -5,    0,    0,    0,    0,    0,    0,    0,    0,   -5,  -17,    0,    0,  -17,    0,    0,  -10,    0,    0,    0,    0,    0,    0,
       0,    0,    0,    0,    0,    0,    0,    0,    0,    0,    0,  -33,    0,  -13,    0,    0,  -10,    0,    0,    0,    0,    0,   -7,    0,    0,  -33,    0,  -30,  -13,  -27,    0,    0,    0,  -17,  -17,  -30,    0,  -10,   -7,  -13,   -7,  -13,    0,    0,    0,    0,  -47,  -13,    0,  -33,  -33,  -30,    0,   13,   13,  -30,    0,  -33,  -33,  -30,    0,    0,    0,  -17,  -30,  -13,    0,  -27,    0,  -10,  -13,    0,  -23,    0,    0,  -13,  -10,    0,  -23,    0,  -33,  -23,    0,    0,    0,  -13,    0,    0,    0,    0,  -33,    0,   -7,  -35,  -30,  -17,  -17,  -22,  -17,  -10,   -7,  -13,    0,  -30,    0,  -30,    0,   13,    0,   -7,    0,    0,    0,    0,    0,   -7,  -47,    0,    0,    0,  -10,    0,    0,
       0,    0,    0,    0,    0,    0,    0,    0,    0,    0,    0,    0,    0,    0,    0,    0,    0,    0,    0,   -5,    0,   -5,    0,    0,    0,    0,    0,    0,    0,    0,    0,    0,    0,    0,    0,    0,    0,    0,    0,    0,    0,    0,    0,    0,    0,    0,    0,    0,    0,    0,    0,    0,    0,    0,    0,    0,    0,    0,    0,    0,    0,    0,    0,    0,    0,    0,    0,    0,    0,    0,    0,    0,    0,    0,    0,    0,    0,    0,    0,    0,    0,    0,    0,    0,    0,    0,    0,    0,    0,    0,    0,    0,    0,    0,    0,    0,    0,    0,    0,    0,    0,    0,    0,    0,    0,    0,    0,    0,    0,    0,   -5,    0,    0,   -5,    0,    0,    0,    0,    0,    0,    0,    0,    0,
       0,    0,    0,    0,    0,    0,    0,    0,    0,    0,    0,    0,    0,    0,    0,    0,    0,    0,    0,    0,    0,   -7,    0,    0,    0,    0,    0,    0,    0,    0,    0,    0,    0,    0,    0,    0,    0,    0,    0,    0,    0,    0,    0,    0,    0,    0,    0,    0,    0,    0,    0,    0,    0,    0,    0,    0,    0,    0,    0,    0,    0,    0,    0,    0,    0,    0,    0,    0,    0,    0,    0,   -7,    0,    0,    0,    0,    0,    0,    0,    0,    0,    0,    0,    0,    0,    0,    0,    0,    0,    0,    0,    0,    0,    0,    0,    0,    0,    0,    0,    0,    0,    0,    0,    0,    0,    0,    0,    0,    0,    0,    0,    0,    0,   -7,    0,    0,    0,    0,    0,    0,    0,    0,    0,
       0,  -17,    0,  -27,    0,  -10,    0,    7,    0,    0,  -18,    8,    0,   -6,    0,    7,    0,  -33,  -20,  -37,    7,  -35,    3,  -33,    0,    0,   -5,    0,    0,    0,    0,    0,    0,    0,    0,    0,   -5,   -7,  -22,    7,  -22,    0,    0,  -10,    0,    0,   10,   -1,    0,    0,    0,    0,    0,    0,    0,    0,    0,    0,    0,    0,    0,    0,    0,    0,    0,    0,    0,    0,    0,    0,   -1,    0,    0,    0,    0,    0,    0,    0,    0,    0,    0,    0,    0,    0,    0,    0,    0,    0,    0,    0,    0,    0,    0,    0,    0,    0,    0,    0,    0,    0,    0,    0,    0,    0,    0,    0,    0,    0,    0,    0,    0,    0,    0,    0,    0,    0,    0,    0,    0,    0,    0,  -30,  -23,
       0,    0,    0,    0,   -5,    0,   -5,    0,    0,    0,    0,   -3,    0,    0,    0,    0,    0,   -5,    0,   -8,   -5,   -7,    0,  -13,    0,    0,    0,    8,    0,    0,    0,    0,    7,    0,    0,    0,    0,    0,    0,    0,    0,    0,    0,    0,    0,    0,   -8,    0,    0,    0,    0,    8,    0,    0,    0,    8,    0,    0,    0,    8,    0,    0,    0,    0,    0,    0,    0,    0,    0,    0,    0,   -7,    0,    0,    0,    0,    0,    0,    0,    0,    0,    0,    0,    0,    0,    0,    0,    0,    0,    0,    0,    0,    0,    0,    0,    0,    0,    0,    0,    0,    0,    0,    0,    0,    0,    0,    0,    0,    0,    0,    0,    0,    0,    0,    0,    0,    0,    0,    0,    0,    0,    0,    0,
       0,    0,    0,    0,    0,   -7,    0,    0,    0,    0,    0,    0,    0,   -8,    0,    0,    0,    0,    0,    0,    0,    0,    0,    0,    0,   -5,    0,   -5,    0,   -5,    0,    0,    0,    0,    0,   -7,    0,   -3,   -4,    0,   -4,    0,    0,    0,    0,    0,    0,   -8,    0,   -5,   -5,   -5,    0,    0,    0,   -5,    0,   -5,   -5,   -5,    0,    0,    0,    0,   -7,    0,    0,   -5,    0,    0,   -8,    0,    0,    0,    0,    0,    0,    0,    0,    0,    0,    0,    0,    0,    0,    0,    0,    0,    0,    0,    0,    0,    0,    0,    0,    0,    0,    0,    0,    0,    0,    0,    0,    0,    0,    0,    0,    0,    0,    0,    0,    0,    0,    0,    0,    0,    0,    0,    0,    0,    0,    0,    0,
       0,    0,  -10,    0,  -13,    0,  -13,  -13,    0,    0,    0,  -10,   -5,    0,   -7,   -3,    0,    0,   -5,   -7,  -10,  -13,   -3,  -10,    0,    0,    0,    0,    0,   -3,    0,    0,    0,    0,    0,    0,   10,    0,    0,    0,    0,    0,    0,    0,    0,    0,  -23,    0,   -7,    0,    0,    0,    0,    0,    0,    0,    0,    0,    0,    0,    0,    0,    0,    0,    0,    0,    0,   -3,   -3,    0,    0,    0,    0,    0,    0,    0,    0,    0,    0,    0,    0,    0,    0,    0,    0,    0,    0,    0,    0,    0,    0,    0,    0,    0,    0,    0,    0,    0,    0,    0,    0,    0,    0,    0,    0,    0,    0,    0,    0,    0,    0,    0,    0,    0,    0,    0,    0,    0,    0,    0,    0,    0,    0,
       0,    0,    0,    0,    0,    0,    0,    0,    0,    0,    0,    0,    0,    0,    0,    0,    0,    0,    0,    0,    0,    0,    0,    0,    0,    0,    0,    0,    0,    0,    0,    0,    0,    0,    0,    0,    0,    0,    0,    0,    0,    0,    0,    0,    0,    0,    0,    0,    0,    0,    0,    0,    0,    0,    0,    0,    0,    0,    0,    0,    0,    0,    0,    0,    0,    0,    0,    0,    0,    0,    0,    0,    0,    0,    0,    0,    0,    0,    0,    0,    0,    0,    0,    0,    0,    0,    0,    0,    0,    0,    0,    0,    0,    0,    0,    0,    0,    0,    0,    0,    0,    0,    0,    0,    0,    0,    0,    0,    0,    0,    0,    0,    0,    0,    0,    0,    0,    0,    0,    0,    0,    0,    3,
       0,    0,    0,   13,  -30,    0,  -30,  -28,    0,    0,    0,  -30,    0,    0,    0,   -7,    0,    0,    0,    0,    0,    0,    0,    0,    0,  -10,    3,   -7,    0,  -13,    3,    0,    0,    0,    0,  -10,    0,    0,    0,    0,    0,   -7,    0,    0,    0,    0,  -38,    0,    0,  -10,  -10,   -7,    0,   13,   13,   -7,    3,  -10,  -10,   -7,    3,   13,    3,    0,  -10,   -7,    0,  -13,    0,    0,    0,    0,    0,    0,    0,    0,    0,    0,    0,    0,    0,    0,    0,    0,    0,    0,    0,    0,    0,    0,    0,    0,    0,    0,    0,    0,    0,    0,    0,    0,    0,    0,    0,    0,    0,    0,    0,    0,    0,    0,    0,    0,    0,    0,    0,    0,    0,    0,    0,    0,    0,    7,    7,
       0,    0,    0,    0,    0,    0,    0,    0,    0,    0,    0,    0,    0,    0,    0,    0,    0,   -7,    0,   -7,    0,   -7,    0,    0,    0,    0,    0,    0,    0,   -3,    0,    0,    0,    0,    0,    0,    0,    0,    0,    0,    0,    0,    0,    0,    0,    0,   -7,    0,    0,    0,    0,    0,    0,    0,    0,    0,    0,    0,    0,    0,    0,    0,    0,    0,    0,    0,    0,   -3,    0,    0,    0,    0,    0,    0,    0,    0,    0,    0,    0,    0,    0,    0,    0,    0,    0,    0,    0,    0,    0,    0,    0,    0,    0,    0,    0,    0,    0,    0,    0,    0,    0,    0,    0,    0,    0,    0,    0,    0,    0,    0,    0,    0,    0,    0,    0,    0,    0,    0,    0,    0,    0,    0,    0,
       0,    0,    0,    0,    0,    0,    0,    0,    0,    0,    0,    0,    0,   -5,    0,    0,    0,    0,    0,    0,    0,    0,    0,    0,    0,    0,    0,   -5,    0,    0,    0,    0,    0,    0,    0,    0,    0,   -4,  -10,    0,  -10,    0,    0,   -7,    0,    0,    0,   -5,    0,    0,    0,   -5,    0,    7,    7,   -5,    0,    0,    0,   -5,    0,    7,    0,    0,    0,    0,    0,    0,    0,    0,   -5,    0,    0,    0,    0,    0,    0,    0,    0,    0,    0,    0,    0,    0,    0,    0,    0,    0,    0,    0,    0,    0,    0,    0,    0,    0,    0,    0,    0,    0,    0,    0,    0,    0,    0,    0,    0,    0,    0,    0,    0,    0,    0,    0,    0,    0,    0,    0,    0,    0,    0,    0,    0,
       0,    0,    0,    0,  -17,   -7,  -17,  -13,  -10,  -10,    0,  -13,    0,   -3,    0,    0,    0,    0,    0,    0,    0,    0,    0,    0,    0,  -10,    0,   -7,    0,   -7,    0,    0,    0,    0,    0,   -9,    0,   -3,   -5,   -7,   -5,   -5,    0,    0,    0,    0,  -17,   -3,    0,  -10,  -10,   -7,    0,   10,   10,   -7,    0,  -10,  -10,   -7,    0,    0,    0,    0,   -9,   -5,    0,   -7,    0,    0,   -3,    0,    0,    0,    0,    0,    0,    0,    0,    0,    0,    0,    0,    0,    0,    0,    0,    0,    0,    0,    0,    0,    0,    0,    0,    0,    0,    0,    0,    0,    0,    0,    0,    0,    0,    0,    0,    0,    0,    0,    0,    0,    0,    0,    0,    0,    0,    0,    0,    0,    0,    0,    0,
       0,    0,    0,    0,    0,  -10,    0,    0,    0,    0,    0,    8,    0,  -13,    0,    7,    0,    0,    0,    0,    3,    0,    0,    0,    0,   -5,    0,   -8,    0,    0,    0,    0,    0,    0,   -3,   -4,  -10,  -12,  -20,    0,  -20,    0,    0,    0,    0,    0,    3,  -13,    0,   -5,   -5,   -8,    0,   10,   10,   -8,    0,   -5,   -5,   -8,    0,   10,    0,    0,   -4,    0,    0,    0,    0,    0,  -13,    0,   -7,    0,    0,    0,    0,    0,    0,    0,    0,    0,    0,    0,    0,    0,    0,    0,    0,    0,    0,    0,    0,    0,    0,    0,    0,    0,    0,    0,    0,    0,    0,    0,    0,    0,    0,    0,    0,    0,    0,    0,    0,    0,    0,    0,    0,    0,    0,    0,    0,    0,    0,
       0,    0,    0,  -13,    0,    0,    0,    0,    0,    0,    0,   13,    0,    0,    0,    0,    0,  -17,   -8,  -27,    3,  -27,    0,  -37,    0,    0,    0,    0,    0,    0,    0,    0,    0,    0,    0,    0,    0,    0,  -10,    0,  -10,    0,    0,    0,    0,    0,    0,    0,    0,    0,    0,    0,    0,    0,    0,    0,    0,    0,    0,    0,    0,    0,    0,    0,    0,    0,    0,    0,    0,    0,    0,    0,    0,    0,    0,    0,    0,    0,    0,    0,    0,    0,    0,    0,    0,    0,    0,    0,    0,    0,    0,    0,    0,    0,    0,    0,    0,    0,    0,    0,    0,    0,    0,    0,    0,    0,    0,    0,    0,    0,    0,    0,    0,    0,    0,    0,    0,    0,    0,    0,    0,  -13,   -7,
       0,    0,    0,    0,    0,    0,    0,    0,    0,    0,    0,    7,    0,   -3,    0,    0,    0,   -8,   -5,   -5,   10,   -7,    0,    0,    0,    0,    0,    0,    0,    0,    0,    0,    0,    0,    0,    0,    0,   -3,   -5,    0,   -5,    0,    0,    0,    0,    0,    7,   -3,    0,    0,    0,    0,    0,   13,   13,    0,    0,    0,    0,    0,    0,    0,    0,    0,    0,    0,    0,    0,    0,    0,   -3,    0,    0,    0,    0,    0,    0,    0,    0,    0,    0,    0,    0,    0,    0,    0,    0,    0,    0,    0,    0,    0,    0,    0,    0,    0,    0,    0,    0,    0,    0,    0,    0,    0,    0,    0,    0,    0,    0,    0,    0,    0,    0,    0,    0,    0,    0,    0,    0,    0,    0,   -7,    0,
       0,    0,    0,    0,  -15,   -7,  -15,    0,    0,    0,    0,  -12,    0,   -5,    0,    0,    0,    0,    0,    0,    0,    0,    0,    0,    0,   -7,    0,   -5,    0,  -10,    0,    0,    0,    0,    0,   -8,    0,    0,   -5,   -3,   -5,   -3,    0,    0,    0,    0,  -13,   -5,    0,   -7,   -7,   -5,    0,   13,   13,   -5,    0,   -7,   -7,   -5,    0,    0,    0,    0,   -8,   -3,    0,  -10,    0,    0,   -5,    0,  -10,    0,    0,    0,    0,    0,    0,    0,    0,    0,    0,    0,    0,    0,    0,    0,    0,    0,    0,    0,    0,    0,    0,    0,    0,    0,    0,    0,    0,    0,    0,    0,    0,    0,    0,    0,    0,    0,    0,    0,    0,    0,    0,    0,    0,    0,    0,    0,    0,    0,    0,
       0,    7,    0,   12,  -33,    0,  -33,  -33,    0,    0,    0,  -33,   -5,    0,    0,   -5,    0,   10,    0,    0,   -3,    0,    0,    0,    0,   -5,    0,   -5,    0,   -9,    0,    0,   10,    0,    0,   -6,    7,    8,   10,    0,   10,    0,    0,    0,    0,    0,  -45,    0,    0,   -5,   -5,   -5,    0,    7,    7,   -5,    0,   -5,   -5,   -5,    0,   17,    0,    0,   -6,    0,    0,   -9,    0,    0,    0,    0,    0,    0,    0,    0,    0,    0,    0,    0,    0,    0,    0,    0,    0,    0,    0,    0,    0,    0,    0,    0,    0,    0,    0,    0,    0,    0,    0,    0,    0,    0,    0,    0,    0,    0,    0,    0,    0,    0,    0,    0,    0,    0,    0,    0,    0,    0,    0,    0,    0,    7,   10,
       0,    0,    7,    0,   -3,    0,  -13,  -13,    0,   10,    0,  -10,   -5,    0,   25,   -3,    0,    0,   -5,   -7,  -10,  -13,   -3,  -10,   17,    0,    0,    0,    0,    3,    0,    0,   30,    0,    0,    0,   10,    0,    0,    0,   18,    0,   23,    0,    0,    0,  -23,    0,   -7,    0,    0,    0,    0,    0,    0,    0,    0,    0,    0,    0,    0,   30,    0,    0,    0,    0,    0,   15,   -3,    7,    0,    0,    0,    0,    0,    0,    0,    0,    0,    0,    0,    0,    0,    0,    0,    0,    0,    0,    0,    0,    0,    0,    0,    0,    0,    0,    0,    0,    0,    0,    0,    0,    0,    0,    0,    0,    0,    0,    0,    0,    0,    0,    0,    0,    0,    0,    0,    0,    0,    0,    0,    0,    0,
       0,    0,    0,  -10,    0,  -10,    0,    0,    0,    0,  -10,   13,    0,  -10,    0,   10,    0,  -17,  -12,  -22,   10,  -23,    0,    0,    0,    0,    0,    0,    0,    0,    0,    0,    0,    0,    0,    0,   -3,   -7,  -10,    7,  -10,    0,    0,    0,    0,    0,   10,   -7,    0,    0,    0,    0,    0,    0,    0,    0,    0,    0,    0,    0,    0,    0,    0,    0,    0,    0,    0,    0,    0,    0,  -10,   -7,    0,    0,    0,    0,    0,    0,    0,    0,    0,    0,    0,    0,    0,    0,    0,    0,    0,    0,    0,    0,    0,    0,    0,    0,    0,    0,    0,    0,    0,    0,    0,    0,    0,    0,    0,    0,    0,    0,    0,    0,    0,    0,    0,    0,    0,    0,    0,    0,    0,  -20,  -13,
       0,    0,    0,    0,   -6,    0,   -6,   -7,    0,    0,    0,   -7,    0,    0,    0,    0,    0,    0,    0,   -3,   -3,   -3,    0,    0,    0,    0,    0,    0,    0,  -10,    0,    0,    0,    0,    0,    0,    0,    0,   -7,   -3,   -7,    0,    0,    0,    0,    0,  -10,    0,    0,    0,    0,    0,    0,    0,    0,    0,    0,    0,    0,    0,    0,    0,    0,    0,    0,    0,    0,  -10,    0,    0,    0,    0,   -7,    0,    0,    0,    0,    0,    0,    0,    0,    0,    0,    0,    0,    0,    0,    0,    0,    0,    0,    0,    0,    0,    0,    0,    0,    0,    0,    0,    0,    0,    0,    0,    0,    0,    0,    0,    0,    0,    0,    0,    0,    0,    0,    0,    0,    0,    0,    0,    0,    0,    0,
       0,    0,    0,    0,  -30,  -13,  -30,  -42,  -13,  -13,    0,  -37,    0,  -10,    0,   -8,   -5,    0,    0,    0,    0,    0,   -3,    0,    0,  -18,    0,  -20,    0,  -21,    0,    0,    0,    0,    0,  -23,    0,    0,    0,    0,    0,   -7,    0,  -17,   -7,    0,  -33,  -10,    0,  -18,  -18,  -20,    0,   13,   13,  -20,    0,  -18,  -18,  -20,    0,    0,    0,    0,  -23,   -7,   -7,  -21,    0,    0,  -10,    0,   -7,    0,    0,    0,    0,    0,    0,    0,    0,    0,    0,    0,    0,    0,    0,    0,    0,    0,    0,    0,    0,    0,    0,    0,    0,    0,    0,    0,    0,    0,    0,    0,    0,    0,    0,    0,    0,    0,    0,    0,    0,    0,    0,    0,    0,    0,    0,    0,    0,    7,    7,
       0,    0,    0,    0,  -13,    0,  -13,  -19,    0,    0,    0,  -23,    0,   -5,    0,   -5,   -5,    0,    0,    0,    0,    0,   -3,    0,    0,   -7,    0,   -5,    0,  -13,    0,    0,    0,    0,    0,   -8,    0,    0,    0,   -7,    0,   -7,    0,    0,   -7,    0,  -23,   -5,  -10,   -7,   -7,   -5,    0,   13,   13,   -5,    0,   -7,   -7,   -5,    0,    0,    0,    0,   -8,   -7,    0,  -13,    0,    0,   -5,    0,    0,    0,    0,    0,    0,    0,    0,    0,    0,    0,    0,    0,    0,    0,    0,    0,    0,    0,    0,    0,    0,    0,    0,    0,    0,    0,    0,    0,    0,    0,    0,    0,    0,    0,    0,    0,    0,    0,    0,    0,    0,    0,    0,    0,    0,    0,    0,    0,    0,    0,    0,
       0,    0,    0,   13,  -33,  -17,  -33,  -45,   -7,   -7,    0,  -38,    0,  -13,    0,   -5,   -8,    0,    0,   10,    0,    7,    0,    0,    0,  -21,    8,  -24,   -7,  -30,    8,    0,    0,   -8,   -7,  -21,    0,   -7,   -7,  -10,   -7,  -11,    0,  -13,  -10,    0,  -47,  -13,    0,  -35,  -31,  -24,    0,   20,   20,  -24,    8,  -35,  -21,  -24,    8,   20,    8,   -8,  -21,  -11,    0,  -30,    0,    0,  -13,    0,  -13,    0,    0,    0,    0,    0,    0,    0,    0,    0,    0,    0,    0,    0,    0,    0,    0,    0,    0,    0,    0,    0,    0,    0,    0,    0,    0,    0,    0,    0,    0,    0,    0,    0,    0,    0,    0,    0,    0,    0,    0,    0,    0,    0,    0,    0,    0,    0,    0,    0,    7,
       0,    0,    0,   10,    0,    0,    0,    0,    0,    0,    0,    7,    0,  -10,    0,    8,    0,    0,    0,    0,   10,    0,    0,    0,    0,    0,    7,    0,    0,    0,    7,    0,    0,    0,    0,    0,    0,  -10,  -15,    7,  -15,    0,    0,    0,    0,    0,   10,   -3,    0,    0,    0,    0,    0,   17,   17,    0,    7,    0,    0,    0,    7,   17,    7,    0,    0,    0,    0,    0,    0,    0,   -3,    0,    0,    0,    0,    0,    0,    0,    0,    0,    0,    0,    0,    0,    0,    0,    0,    0,    0,    0,    0,    0,    0,    0,    0,    0,    0,    0,    0,    0,    0,    0,    0,    0,    0,    0,    0,    0,    0,    0,    0,    0,    0,    0,    0,    0,    0,    0,    0,    0,    0,    0,    0,
       0,    0,    0,    0,  -27,  -17,  -27,  -35,  -10,  -10,    0,  -34,    0,  -17,    0,   -5,   -9,    0,    0,    8,    0,    8,    0,    0,    0,  -22,    7,  -27,   -7,  -22,    7,    0,    0,  -10,   -7,  -27,    0,  -10,  -10,  -12,  -10,  -10,    0,  -17,  -13,    0,  -37,  -17,    0,  -22,  -32,  -27,    0,   37,   23,  -27,    7,  -32,  -32,  -27,    7,   17,    7,  -10,  -27,  -10,  -13,  -22,    0,   -7,  -17,    0,  -13,    0,    0,    0,    0,    0,    0,    0,    0,    0,    0,    0,    0,    0,    0,    0,    0,    0,    0,    0,    0,    0,    0,    0,    0,    0,    0,    0,    0,    0,    0,    0,    0,    0,    0,    0,    0,    0,    0,    0,    0,    0,    0,    0,    0,    0,    0,    0,    0,    0,    7,
       0,    0,    0,    0,    0,    0,    0,    0,    0,    0,    0,    0,    0,   -3,    0,    0,    0,    0,    0,    0,    0,    0,    0,    0,    0,    0,    0,    0,    0,    0,    0,    0,    0,    0,    0,    0,    0,    0,   -3,    0,   -3,    0,    0,    0,    0,    0,    0,   -3,    0,    0,    0,    0,    0,    7,    7,    0,    0,    0,    0,    0,    0,   10,    0,    0,    0,    0,    0,    0,    0,    0,   -3,    0,    0,    0,    0,    0,    0,    0,    0,    0,    0,    0,    0,    0,    0,    0,    0,    0,    0,    0,    0,    0,    0,    0,    0,    0,    0,    0,    0,    0,    0,    0,    0,    0,    0,    0,    0,    0,    0,    0,    0,    0,    0,    0,    0,    0,    0,    0,    0,    0,    0,    0,    0,
       0,    0,    0,    0,    0,    0,    0,    0,    0,    0,    0,    0,    0,    0,   13,    0,    0,    0,    0,    0,    0,    0,    0,    0,    0,    0,    0,    0,    0,    0,    0,    0,   14,    0,    0,    0,    0,    0,    0,    0,   17,    0,    0,    0,    0,    0,    0,    0,    0,    0,    0,    0,    0,    7,    7,    0,    0,    0,    0,    0,    0,   14,    0,    0,    0,    0,    0,    0,    0,    0,    0,    0,    0,    0,    0,    0,    0,   13,    0,    0,    0,    0,    0,    0,    0,    0,    0,    0,    0,    0,    0,    0,    0,    0,    0,    0,    0,    0,    0,    0,   17,    0,    0,    0,    0,    0,    0,    7,   14,   17,    0,    0,    0,    0,    0,    0,    0,    0,    0,    0,    0,    0,    0,
       0,    0,    0,    0,    0,    0,    0,    0,    0,    0,    0,    0,    0,  -10,    0,    0,    0,  -27,  -17,  -33,    0,  -27,    0,    0,    0,    0,    0,   -7,    0,    7,    0,    0,    0,    0,    0,    0,   -7,  -10,  -10,    0,  -10,    0,    0,    0,    0,    0,    0,  -10,    0,    0,    0,   -7,    0,    0,    0,   -7,    0,    0,    0,   -7,    0,    0,    0,    0,    0,    0,    0,    7,    0,    0,  -10,    0,    0,    0,  -27,  -10,    0,    0,    0,  -13,    0,    0,    0,    0,    0,    0,    0,  -33,    0,    0,    0,    0,    0,    0,   -7,    0,    0,    0,    0,  -10,  -10,    0,  -10,    0,    0,    0,    0,    0,    0,  -10,  -33,    0,    0,  -27,  -22,    0,    0,    0,    0,    0,    0,    0,    0,
       0,    0,    0,  -13,    0,    0,    0,    0,    0,    0,   -8,    0,    0,    0,    0,    0,    0,    0,    0,    0,    0,    0,    0,  -33,    0,    0,   -3,    0,    0,    0,    0,    0,    0,    0,    0,    0,    0,   -3,  -12,    0,  -12,    0,    0,    0,    0,    0,    0,    0,    0,    0,    0,    0,    0,    0,    0,    0,   -4,    0,    0,    0,    0,    0,    0,    0,    0,    0,    0,    0,    0,   -7,    0,    0,    0,    0,    0,    0,    0,    0,    0,    0,    0,    0,    0,    0,    0,    0,    0,    0,    0,    0,    0,    0,    0,    0,    0,    0,    0,    0,    0,    0,    0,    0,    0,    0,    0,    0,    0,    0,    0,    0,    0,    0,    0,    0,    0,    0,    0,    0,    0,    0,    0,  -13,  -10,
       0,    0,   -7,   -7,   -5,    0,   -5,  -13,    0,    0,   -5,    0,    0,    0,    0,    0,    0,    0,    0,    0,    0,    0,    0,  -20,    0,    0,   -4,    0,    0,    0,   -4,    0,    0,    0,    0,    0,    3,    0,   -3,   -5,   -3,    0,    0,    0,    0,    0,    0,    0,    0,    0,    0,    0,    0,    0,    0,    0,   -4,    0,    0,    0,   -4,    0,   13,    0,    0,    0,    0,    0,    0,    0,    0,    0,    0,    0,    0,    0,    0,    0,    0,    0,    0,    0,    0,    0,    0,    0,    0,    0,    0,    0,    0,    0,    0,    0,    0,    0,    0,    0,    0,    0,    0,    0,    0,    0,    0,    0,    0,    0,    0,    0,    0,    0,    0,    0,    0,    0,    0,    0,    0,    0,    0,  -17,   -7,
       0,    0,    0,    0,    0,    0,    0,    0,    0,    0,    0,    0,    0,    0,    0,    0,    0,    0,    0,    0,    0,    0,    0,  -20,    0,   -3,   -3,    0,    0,   -5,   -3,    0,    0,    0,    0,    0,    0,    0,    0,    0,    0,    0,    0,    0,    0,    0,    0,    0,    0,   -3,   -3,    0,    0,    0,    0,    0,   -3,   -3,   -3,    0,   -3,    0,   -3,    0,    0,    0,    0,   -5,    0,    0,    0,    0,    0,    0,    0,    0,    0,    0,    0,    0,    0,    0,    0,    0,    0,    0,    0,    0,    0,    0,    0,    0,    0,    0,    0,    0,    0,    0,    0,    0,    0,    0,    0,    0,    0,    0,    0,    0,    0,    0,    0,    0,    0,    0,    0,    0,    0,    0,    0,    0,    0,    0,    7,
       0,    0,    0,    0,    0,    0,    0,    0,    0,    0,    0,    0,    0,    0,    0,    0,    0,    0,    0,    0,    0,    0,    0,    0,    0,    0,    0,    0,    0,    0,    0,    0,    0,    0,    0,    0,    0,    0,  -10,    3,  -10,    0,    0,    0,    0,    0,    0,    0,    0,    0,    0,    0,    0,    0,    0,    0,    0,    0,    0,    0,    0,    0,    0,    0,    0,    0,    0,    0,    0,    0,    0,    0,    0,    0,    0,    0,    0,    0,    0,    0,    0,    0,    0,    0,    0,    0,    0,    0,    0,    0,    0,    0,    0,    0,    0,    0,    0,    0,    0,    0,    0,    0,    0,    0,    0,    0,    0,    0,    0,    0,    0,    0,    0,    0,    0,    0,    0,    0,    0,    0,    0,   -7,    0,
       0,    0,    0,    0,    0,    0,    0,    0,    0,    0,   -8,    0,    0,    0,    0,    0,    0,    0,    0,    0,    0,    0,    0,  -13,    0,   -3,    0,    0,    0,    0,    0,    0,    0,    0,    0,    0,    0,    0,   -3,    0,   -3,    0,    0,    0,    0,    0,    0,    0,    0,   -3,   -3,    0,    0,    0,    0,    0,    0,   -3,   -3,    0,    0,    0,   10,    0,    0,    0,    0,    0,    0,    0,    0,    0,    0,    0,    0,    0,    0,    0,    0,    0,    0,    0,    0,    0,    0,    0,    0,    0,    0,    0,    0,    0,    0,    0,    0,    0,    0,    0,    0,    0,    0,    0,    0,    0,    0,    0,    0,    0,    0,    0,    0,    0,    0,    0,    0,    0,    0,    0,    0,    0,    0,   -7,    0,
      20,   34,   33,   33,   -7,    0,   -7,  -10,    0,    0,   18,    0,    0,    0,    0,    0,    0,    0,    0,    0,    0,    0,    0,   27,   28,   -4,    0,   -5,    0,   -3,    0,    7,   10,    0,    0,   -6,    0,    0,    7,    0,    7,    0,   33,    0,    0,    0,    0,    0,    0,    2,   12,    3,   40,   70,   43,   -5,    0,    5,    1,   -2,   32,   33,    0,   13,    4,   10,    0,   -3,    0,    0,    0,    0,    0,    0,    0,    0,    0,    0,    0,    0,    0,    0,    0,    0,    0,    0,    0,    0,    0,    0,    0,    0,    0,    0,    0,    0,    0,    0,    0,    0,    0,    0,    0,    0,    0,    0,    0,    0,    0,    0,    0,    0,    0,    0,    0,    0,    0,    0,    0,    0,    0,   27,   32,
       0,   10,    0,    7,    0,    0,    0,    0,    0,    0,    0,    0,    0,    0,    0,    0,    0,    0,    0,    0,    0,    0,    0,  -10,    0,   -5,    0,   -3,    0,    0,    0,    0,    8,    0,    5,    0,    8,    0,    3,    0,    3,    0,    0,    0,    0,    0,    0,    0,    0,   -5,   -5,   -3,    0,    0,    0,   -3,    0,   -5,   -5,   -3,    0,    8,    0,    0,    0,    0,    0,   17,    0,    0,    0,    0,    0,    0,    0,    0,    0,    0,    0,    0,    0,    0,    0,    0,    0,    0,    0,    0,    0,    0,    0,    0,    0,    0,    0,    0,    0,    0,    0,    0,    0,    0,    0,    0,    0,    0,    0,    0,    0,    0,    0,    0,    0,    0,    0,    0,    0,    0,    0,    0,    0,    5,   13,
       0,    0,    0,   -7,    0,    0,    0,    0,    0,    0,   -5,    0,    0,    0,    0,    0,    0,    0,    0,    0,    0,    0,    0,  -30,    0,    0,    0,    0,    0,    0,    0,    0,    0,    0,    0,    0,   -3,   -3,  -18,    0,  -18,    0,    0,    0,    0,    0,    0,    0,    0,    0,    0,    0,    0,    0,    0,    0,    0,    0,    0,    0,    0,    0,    0,    0,    0,    0,    0,    0,    0,    0,    0,    0,    0,    0,    0,    0,    0,    0,    0,    0,    0,    0,    0,    0,    0,    0,    0,    0,    0,    0,    0,    0,    0,    0,    0,    0,    0,    0,    0,    0,    0,    0,    0,    0,    0,    0,    0,    0,    0,    0,    0,    0,    0,    0,    0,    0,    0,    0,    0,    0,    0,  -17,  -10,
       0,    0,    0,    0,    0,    0,    0,    0,    0,    0,    0,    0,    0,    0,    0,    0,    0,    0,    0,    0,    0,    0,    0,    0,    0,    0,    0,    0,    0,    0,    0,    0,    0,    0,    0,    0,    0,    0,  -12,    0,  -12,    0,    0,    0,    0,    0,    0,    0,    0,    0,    0,    0,    0,    0,    0,    0,    0,    0,    0,    0,    0,    0,    0,    0,    0,    0,    0,    0,    0,    0,    0,    0,    0,    0,    0,    0,    0,    0,    0,    0,    0,    0,    0,    0,    0,    0,    0,    0,    0,    0,    0,    0,    0,    0,    0,    0,    0,    0,    0,    0,    0,    0,    0,    0,    0,    0,    0,    0,    0,    0,    0,    0,    0,    0,    0,    0,    0,    0,    0,    0,    0,  -10,    0,
       0,    0,    0,    0,   -7,    0,   -7,    0,    0,    0,    0,    0,    0,    0,    0,    0,    0,    0,    0,    0,    0,    0,    0,    0,    0,    0,    0,    0,    0,   -7,    0,    0,    0,    0,    0,    0,    0,    0,    0,    0,    0,    0,    0,    0,    0,    0,    0,    0,    0,    0,    0,    0,    0,    0,    0,    0,    0,    0,    0,    0,    0,    0,    0,    0,    0,    0,    0,   -7,    0,    0,    0,    0,    0,    0,    0,    0,    0,    0,    0,    0,    0,    0,    0,    0,    0,    0,    0,    0,    0,    0,    0,    0,    0,    0,    0,    0,    0,    0,    0,    0,    0,    0,    0,    0,    0,    0,    0,    0,    0,    0,    0,    0,    0,    0,    0,    0,    0,    0,    0,    0,    0,    0,    0,
       0,    0,    0,    0,    0,    0,    0,    0,    0,    0,   -5,    0,    0,    0,    0,    0,    0,    0,    0,    0,    0,    0,    0,   -7,    0,   -5,   -7,   -7,    0,    0,    0,    0,    3,    0,    0,   -5,    0,    0,    0,    3,    0,    0,    0,    0,    0,    0,    0,    0,    0,   -5,   -5,   -7,    0,    0,    0,   -3,    0,   -5,   -5,   -7,    0,    0,    0,    0,   -5,    0,    0,    0,    0,    0,    0,    0,    0,    0,    0,    0,    0,    0,    0,    0,    0,    0,    0,    0,    0,    0,    0,    0,    0,    0,    0,    0,    0,    0,    0,    0,    0,    0,    0,    0,    0,    0,    0,    0,    0,    0,    0,    0,    0,    0,    0,    0,    0,    0,    0,    0,    0,    0,    0,    0,    0,    0,    0,
       0,    0,    0,    0,    0,    0,    0,    0,    0,    0,   -7,    0,    0,    0,    0,    0,    0,    0,    0,    0,    0,    0,    0,    0,    0,    0,    0,    0,    0,    0,    0,    0,    0,    0,    0,    0,    0,    0,   -7,    0,   -7,    0,    0,    0,    0,    0,    0,    0,    0,    0,    0,    0,    0,    0,    0,    0,    0,    0,    0,    0,    0,    0,    0,    0,    0,    0,    0,    0,    0,    0,    0,    0,    0,    0,    0,    0,    0,    0,    0,    0,    0,    0,    0,    0,    0,    0,    0,    0,    0,    0,    0,    0,    0,    0,    0,    0,    0,    0,    0,    0,    0,    0,    0,    0,    0,    0,    0,    0,    0,    0,    0,    0,    0,    0,    0,    0,    0,    0,    0,    0,    0,  -10,   -7,
       0,    0,    0,    0,    0,    0,    0,    0,    0,    0,   -5,    0,    0,    0,    0,    0,    0,    0,    0,    0,    0,    0,    0,  -17,    0,    0,    0,    0,    0,    0,    0,    0,   22,    0,    3,    0,    0,    0,   -7,    0,   10,    0,    0,    0,    0,    0,    0,    0,    0,    0,    0,    0,    0,    0,    0,    0,    0,    0,    0,    0,    0,   22,    0,    0,    0,    0,    0,    0,    0,    0,    0,    0,    0,    0,    0,    0,    0,    0,    0,    0,    0,    0,    0,    0,    0,    0,    0,    0,    0,    0,    0,    0,    0,    0,    0,    0,    0,    0,    0,    0,    0,    0,    0,    0,    0,    0,    0,    0,    0,    0,    0,    0,    0,    0,    0,    0,    0,    0,    0,    0,    0,  -10,    0,
       0,    0,    0,    7,  -20,   -7,  -20,  -20,    0,    0,   -7,    0,    0,    0,    0,    0,    0,    0,    0,    0,    0,    0,    0,    0,    0,   -8,   -5,   -7,    0,  -11,   -5,    0,    0,    0,    0,   -8,    5,    0,    0,    0,    0,    0,    0,    0,    0,    0,    0,    0,    0,   -8,   -8,   -7,    0,    0,    0,   -7,   -5,   -8,   -8,   -7,   -5,    0,   -5,    0,   -8,    0,    0,  -11,    0,    0,    0,    0,    0,    0,    0,    0,    0,    0,    0,    0,    0,    0,    0,    0,    0,    0,    0,    0,    0,    0,    0,    0,    0,    0,    0,    0,    0,    0,    0,    0,    0,    0,    0,    0,    0,    0,    0,    0,    0,    0,    0,    0,    0,    0,    0,    0,    0,    0,    0,    0,    0,   10,   10,
       0,    0,    0,    0,   -5,    0,   -5,  -10,    0,    0,   -8,    0,    0,    0,    0,    0,    0,    0,    0,    0,    0,    0,    0,  -17,    0,   -5,    0,    0,    0,   -5,    0,    0,    0,    0,    0,    0,    0,    0,   -3,   -3,   -3,    0,    0,    0,    0,    0,    0,    0,    0,   -5,   -5,    0,    0,    0,    0,    0,    0,   -5,   -5,    0,    0,    0,    0,    0,    0,    0,    0,   -5,    0,    0,    0,    0,    0,    0,    0,    0,    0,    0,    0,    0,    0,    0,    0,    0,    0,    0,    0,    0,    0,    0,    0,    0,    0,    0,    0,    0,    0,    0,    0,    0,    0,    0,    0,    0,    0,    0,    0,    0,    0,    0,    0,    0,    0,    0,    0,    0,    0,    0,    0,    0,    0,   -7,    0,
       0,    0,    0,    0,    0,    0,    0,    0,    0,    0,    0,    0,    0,    0,    0,    0,    0,    0,    0,    0,    0,    0,    0,  -17,    0,    0,    0,    0,    0,    0,    0,    0,    0,    0,    0,    0,    0,    0,   -3,    0,   -3,    0,    0,    0,    0,    0,    0,    0,    0,    0,    0,    0,    0,    0,    0,    0,    0,    0,    0,    0,    0,    0,    0,    0,    0,    0,    0,    0,    0,    0,    0,    0,    0,    0,    0,    0,    0,    0,    0,    0,    0,    0,    0,    0,    0,    0,    0,    0,    0,    0,    0,    0,    0,    0,    0,    0,    0,    0,    0,    0,    0,    0,    0,    0,    0,    0,    0,    0,    0,    0,    0,    0,    0,    0,    0,    0,    0,    0,    0,    0,    0,    5,    7,
       0,    0,    0,    0,    0,    0,    0,    0,    0,    0,   -8,    0,    0,    0,    0,    0,    0,    0,    0,    0,    0,    0,    0,  -20,    0,    0,    0,    0,    0,    0,    0,    0,    0,    0,    0,    0,    0,    0,   -7,    7,   -7,    0,    0,    0,    0,    0,    0,    0,    0,    0,    0,    0,    0,    0,    0,    0,    0,    0,    0,    0,    0,    0,    0,    0,    0,    0,    0,    0,    0,    0,    0,    0,    0,    0,    0,    0,    0,    0,    0,    0,    0,    0,    0,    0,    0,    0,    0,    0,    0,    0,    0,    0,    0,    0,    0,    0,    0,    0,    0,    0,    0,    0,    0,    0,    0,    0,    0,    0,    0,    0,    0,    0,    0,    0,    0,    0,    0,    0,    0,    0,    0,   -7,   -7,
       0,    0,    0,   17,  -27,   -5,  -27,  -18,    0,    0,    0,    0,    0,    0,    0,    0,    0,    0,    0,    0,    0,    0,    0,    0,    0,   -4,   -9,   -7,    8,  -15,   -9,    3,    8,    3,    7,  -11,   10,   13,    5,    5,    5,    0,    0,    0,    0,    0,    0,    0,    0,   -4,   -4,   -7,    3,    0,    0,   -7,   -9,   -4,   -4,   -7,   -9,   13,   -9,    3,  -11,    0,    0,  -15,    0,    0,    0,    0,    0,    0,    0,    0,    0,    0,    0,    0,    0,    0,    0,    0,    0,    0,    0,    0,    0,    0,    0,    0,    0,    0,    0,    0,    0,    0,    0,    0,    0,    0,    0,    0,    0,    0,    0,    0,    0,    0,    0,    0,    0,    0,    0,    0,    0,    0,    0,    0,    0,   13,   17,
       0,    0,    0,    7,    0,    0,    0,    0,    0,    0,    0,    0,    0,    0,    0,    0,    0,    0,    0,    0,    0,    0,    0,    0,    0,    0,    0,   -5,    0,    0,    0,    0,    0,    0,   10,    0,    7,    0,    5,    3,    5,    0,    0,    0,    0,    0,    0,    0,    0,    0,    0,   -5,    0,    0,    0,   -5,    0,    0,    0,   -5,    0,    0,    0,    0,    0,    0,    0,    0,    0,    0,    0,    0,    0,    0,    0,    0,    0,    0,    0,    0,    0,    0,    0,    0,    0,    0,    0,    0,    0,    0,    0,    0,    0,    0,    0,    0,    0,    0,    0,    0,    0,    0,    0,    0,    0,    0,    0,    0,    0,    0,    0,    0,    0,    0,    0,    0,    0,    0,    0,    0,    0,   13,   17,
       0,    0,    0,    0,    0,    0,    0,    0,    0,    0,    0,    0,    0,    0,    0,    0,    0,    0,    0,    0,    0,    0,    0,  -17,    0,    0,    0,    0,    0,   -3,    0,    0,    0,    0,    0,    0,    0,    0,    0,    0,    0,    0,    0,    0,    0,    0,    0,    0,    0,    0,    0,    0,    0,    0,    0,    0,    0,    0,    0,    0,    0,    0,    0,    0,    0,    0,    0,   -3,    0,    0,    0,    0,    0,    0,    0,    0,    0,    0,    0,    0,    0,    0,    0,    0,    0,    0,    0,    0,    0,    0,    0,    0,    0,    0,    0,    0,    0,    0,    0,    0,    0,    0,    0,    0,    0,    0,    0,    0,    0,    0,    0,    0,    0,    0,    0,    0,    0,    0,    0,    0,    0,    0,    0,
       0,    0,    0,    0,    0,    0,    0,    0,    0,    0,    0,    0,    0,    0,   20,    0,    0,    0,    0,    0,    0,    0,    0,    0,    0,    0,    0,    0,    0,    0,    0,    0,   17,    0,    0,    0,    0,    0,   18,    0,   18,    0,    0,    0,    0,    0,    0,    0,    0,    0,    0,    0,    0,    7,    7,    0,    0,    0,    0,    0,    0,   17,    0,    0,    0,    0,    0,    0,    0,    0,    0,    0,    0,    0,    0,    0,    0,   20,    0,    0,    0,    0,    0,    0,    0,    0,    0,    0,    0,    0,    0,    0,    0,    0,    0,    0,    0,    0,    0,    0,   18,    0,    0,    0,    0,    0,    0,    7,   17,   18,    0,    0,    0,    0,    0,    0,    0,    0,    0,    0,    0,    0,    0,
       0,    0,    0,    0,    0,    0,    0,    0,    0,    0,    0,    0,    0,    0,   13,    0,    0,    0,    0,  -10,    0,  -13,    0,    0,    0,    0,    0,    0,    0,    0,    0,    0,   13,    0,    0,    0,    0,    0,    0,    0,    0,    0,    0,    0,    0,    0,    0,    0,    0,    0,    0,    0,    0,    0,    0,    0,    0,    0,    0,    0,    0,    0,    0,    0,    0,    0,    0,    0,    0,    0,    0,    0,    0,    0,    0,    0,    0,   13,    0,    0,    0,    0,    0,    0,    0,    0,    0,    0,    0,    0,    0,    0,    0,    0,    0,    0,    0,    0,    0,    0,    0,    0,    0,    0,    0,    0,    0,    0,   13,    0,  -10,    0,    0,   -7,    0,    0,    0,    0,    0,    0,    0,    0,    0,
       0,    0,    0,    0,    0,    0,    0,    0,    0,    0,    0,    0,    0,    0,    0,    0,    0,   -7,   -7,  -10,    0,  -13,    0,    0,    0,    0,    0,    0,    0,    0,    0,    0,    0,    0,    0,    0,    0,    0,    0,    0,    0,    0,    0,    0,    0,    0,    0,    0,    0,    0,    0,    0,    0,    0,    0,    0,    0,    0,    0,    0,    0,    0,    0,    0,    0,    0,    0,    0,    0,    0,    0,    0,    0,    0,   -7,    0,    0,    0,    0,   -3,    0,    0,    0,    0,    0,    0,    0,   -7,    0,    0,    0,    0,    0,    0,    0,    0,    0,    0,    0,    0,    0,    0,    0,    0,    0,    0,    0,    0,    0,    0,  -10,    0,    0,  -13,    0,    0,    0,    0,    0,    0,    0,    0,    0,
       0,    0,    0,    0,   -7,    0,   -7,    0,    0,    0,    0,  -10,   -7,    0,    0,    0,    0,  -10,    0,  -13,    0,  -17,    0,    0,    0,    0,    0,    0,    0,    0,    0,    0,    0,    0,    0,    0,    0,    0,    0,    0,    0,    0,    0,    0,    0,    0,  -17,    0,    0,    0,    0,    0,    0,    0,    0,    0,    0,    0,    0,    0,    0,    0,    0,    0,    0,    0,    0,    0,    0,    0,    0,    0,    0,   -7,  -10,    0,    0,    0,    0,   -7,  -10,   -7,  -10,    0,    0,    0,    0,  -10,    0,    0,    0,    0,    0,    0,    0,  -10,    0,    0,    0,    0,    0,    0,    0,    0,    0,    0,    0,    0,    0,    0,  -13,    0,    0,  -17,    0,    0,  -17,    0,    0,    0,    0,    0,    0,
       0,    0,    0,    0,    0,    0,    0,    0,    0,    0,    0,    0,   -7,   -8,   10,    0,    0,  -13,  -10,  -25,    0,  -18,    0,    0,    0,  -10,  -10,  -10,   -7,    0,  -10,    0,    0,   -7,    0,  -13,   -7,   -7,  -10,  -10,  -10,  -10,    0,    0,    0,    0,    0,   -8,  -10,  -10,  -10,  -10,    0,    0,    0,  -10,  -10,  -10,  -10,  -10,  -10,    0,  -10,   -7,  -13,  -10,    0,    0,    0,    0,   -8,    0,    0,   -7,  -13,   -8,    0,   10,    0,    0,    0,    0,    0,    0,    0,    0,    0,    0,    0,    0,  -10,    0,    0,    0,  -10,    0,    0,    0,    0,    0,  -10,  -10,    0,    0,  -10,  -13,    0,    0,    0,  -10,  -20,    0,    0,  -10,    0,    0,    0,    0,    0,    0,    0,    0,    0,
       0,    0,  -10,    0,  -13,    0,  -13,  -13,    0,    0,    0,  -10,   -5,    0,   -7,   -3,    0,    0,   -5,   -3,   -7,  -10,   -3,  -10,    0,    0,    0,    0,    0,   -3,    0,    0,    0,    0,    0,    0,   10,    0,    0,    0,    0,    0,    0,    0,    0,    0,  -23,    0,   -7,    0,    0,    0,    0,    0,    0,    0,    0,    0,    0,    0,    0,    0,    0,    0,    0,    0,    0,   -3,   -3,    0,    0,    0,    0,    0,    0,    0,    0,    0,    0,    0,    0,    0,    0,    0,    0,    0,    0,    0,    0,    0,    0,    0,    0,    0,    0,    0,    0,    0,    0,    0,    0,    0,    0,    0,    0,    0,    0,    0,    0,    0,    0,    0,    0,    0,    0,    0,    0,    0,    0,    0,    0,    0,    0,
       0,    0,  -10,    0,  -26,    0,  -26,  -33,    0,    0,   -7,  -33,  -15,    0,  -13,  -15,   -7,  -10,  -12,  -22,  -23,  -25,    0,  -27,  -10,   -5,   -7,    0,    0,   -7,   -7,    0,    0,    0,    0,   -5,    0,    0,    0,   -3,    0,    0,    0,    0,    0,    0,  -37,    0,    0,   -5,   -5,    0,    0,    0,    0,    0,   -7,   -5,   -5,    0,   -7,    0,   -7,    0,   -5,    0,    0,   -7,  -13,    0,    0,    0,    0,    0,    0,    0,    0,    0,    0,    0,    0,    0,    0,    0,    0,    0,    0,    0,    0,    0,    0,    0,    0,    0,    0,    0,    0,    0,    0,    0,    0,    0,    0,    0,    0,    0,    0,    0,    0,    0,    0,    0,    0,    0,    0,    0,    0,    0,    0,    0,    0,    0,    0,
       0,    0,    0,   -7,   -5,    0,   -5,   -7,    0,    0,  -10,    0,    0,    0,    0,    0,    0,    0,    0,    0,    0,    0,    0,  -17,    0,    0,    0,    0,    0,    0,    0,    0,    0,   -5,   -5,    0,    0,   -7,  -13,    0,  -13,    0,    0,    0,    0,    0,    0,    0,    0,    0,    0,    0,    0,    0,    0,    0,    0,    0,    0,    0,    0,    0,    0,   -5,    0,    0,    0,    0,    0,    0,    0,    0,    0,    0,    0,    0,    0,    0,    0,    0,    0,    0,    0,    0,    0,    0,    0,    0,    0,    0,    0,    0,    0,    0,    0,    0,    0,    0,    0,    0,    0,    0,    0,    0,    0,    0,    0,    0,    0,    0,    0,    0,    0,    0,    0,    0,    0,    0,    0,    0,    0,  -13,  -10,
       0,    0,    7,    7,    0,    0,    0,    0,    0,    0,    0,    0,    0,    0,    0,    0,    0,    0,    0,    0,    0,    0,    0,    7,    7,    0,   17,    0,    0,    0,   17,    0,    0,    0,    0,    0,    0,    0,    0,    0,    0,    0,    7,    0,    0,    0,    0,    0,    0,    0,    0,    0,    0,   17,   17,    0,   17,    0,    0,    0,   17,    0,   17,    0,    0,    0,    0,    0,    0,    0,    0,    0,    0,    0,    0,    0,    0,    0,    0,    0,    0,    0,    0,    0,    0,    0,    0,    0,    0,    0,    0,    0,    0,    0,    0,    0,    0,    0,    0,    0,    0,    0,    0,    0,    0,    0,    0,    0,    0,    0,    0,    0,    0,    0,    0,    0,    0,    0,    0,    0,    0,    0,    7,
       0,    0,   -7,   -7,   -5,    0,   -5,  -33,    0,    0,   -5,    0,    0,    0,    0,    0,    0,    0,    0,    0,    0,    0,    0,  -30,    0,    0,   -4,    0,    0,    0,   -4,    0,    0,    0,    0,    0,    3,    0,   -3,   -5,   -3,    0,    0,    0,    0,    0,    0,    0,    0,    0,    0,    0,    0,    0,    0,    0,   -4,    0,    0,    0,   -4,    0,   13,    0,    0,    0,    0,    0,    0,    0,    0,    0,    0,    0,    0,    0,    0,    0,    0,    0,    0,    0,    0,    0,    0,    0,    0,    0,    0,    0,    0,    0,    0,    0,    0,    0,    0,    0,    0,    0,    0,    0,    0,    0,    0,    0,    0,    0,    0,    0,    0,    0,    0,    0,    0,    0,    0,    0,    0,    0,    0,  -27,   -7,
       0,    0,   -7,   -7,   -5,    0,   -5,  -13,    0,    0,   -5,    0,    0,    0,    0,    0,    0,    0,    0,    0,    0,    0,    0,  -20,    0,    0,   -4,    0,    0,    0,   -4,    0,    0,    0,    0,    0,    3,    0,    0,   -5,    0,    0,    0,    0,    0,    0,    0,    0,    0,    0,    0,    0,    0,    0,    0,    0,   -4,    0,    0,    0,   -4,    0,   13,    0,    0,    0,    0,    0,    0,    0,    0,    0,    0,    0,    0,    0,    0,    0,    0,    0,    0,    0,    0,    0,    0,    0,    0,    0,    0,    0,    0,    0,    0,    0,    0,    0,    0,    0,    0,    0,    0,    0,    0,    0,    0,    0,    0,    0,    0,    0,    0,    0,    0,    0,    0,    0,    0,    0,    0,    0,    0,  -17,   -7,
       0,  -17,    0,  -27,    0,  -10,    0,    7,    0,    0,  -18,    8,    0,   -6,    7,    7,    0,  -33,  -20,  -37,    7,  -35,    3,  -33,    0,    0,   -5,    0,    0,    0,    0,    0,   13,    0,    0,    0,   -5,   -7,  -22,    7,  -22,    0,    0,  -10,    0,    0,   10,   -1,    0,    0,    0,    0,    0,    0,    0,    0,    0,    0,    0,    0,    0,   13,    0,    0,    0,    0,    0,    0,    0,    0,   -1,    0,    0,    0,    0,    0,    0,    0,    0,    0,    0,    0,    0,    0,    0,    0,    0,    0,    0,    0,    0,    0,    0,    0,    0,    0,    0,    0,    0,    0,    0,    0,    0,    0,    0,    0,    0,    0,    0,    0,    0,    0,    0,    0,    0,    0,    0,    0,    0,    0,    0,  -30,  -23,
       0,    0,    0,  -13,    0,    0,    0,    0,    0,    0,   -8,    0,    0,    0,    0,    0,    0,    0,    0,    0,    0,    0,    0,  -33,    0,    0,   -3,    0,    0,    0,    0,    0,   30,    0,    0,    0,    0,   -3,  -12,    0,  -12,    0,    0,    0,    0,    0,    0,    0,    0,    0,    0,    0,    0,    0,    0,    0,   -4,    0,    0,    0,    0,   30,    0,    0,    0,    0,    0,    0,    0,   -7,    0,    0,    0,    0,    0,    0,    0,    0,    0,    0,    0,    0,    0,    0,    0,    0,    0,    0,    0,    0,    0,    0,    0,    0,    0,    0,    0,    0,    0,    0,    0,    0,    0,    0,    0,    0,    0,    0,    0,    0,    0,    0,    0,    0,    0,    0,    0,    0,    0,    0,    0,  -13,  -10,
      10,    0,   30,   23,    0,    0,    0,    0,    0,    0,   17,    0,    0,    0,    0,    0,    0,    0,    0,    0,    0,    0,    0,   20,   20,    0,   35,    0,   13,    0,   35,   13,   20,    0,    0,    0,   13,   10,   10,    0,   10,    0,   27,    0,    0,    0,    0,    0,    0,    0,   13,    0,   13,    0,    0,    0,   35,    0,    0,    0,   35,   30,   35,   17,   17,   12,    0,    0,    0,    0,    0,    0,    0,    0,    0,    0,    0,    0,    0,    0,    0,    0,    0,    0,    0,    0,    0,    0,    0,    0,    0,    0,    0,    0,    0,    0,    0,    0,    0,    0,    0,    0,    0,    0,    0,    0,    0,    0,    0,    0,    0,    0,    0,    0,    0,    0,    0,    0,    0,    0,    0,   20,   27,
       0,    0,    0,    0,    0,    0,    0,    0,    0,    0,    0,    0,    0,    0,    0,    0,    0,    0,    0,    0,    0,    0,    0,    0,    0,    0,    0,    0,    0,    0,    0,    0,   10,    0,    0,    0,    0,    0,    0,    0,    0,    0,    0,    0,    0,    0,    0,    0,    0,    0,    0,    0,    0,    0,    0,    0,    0,    0,    0,    0,    0,    0,    0,    0,    0,    0,    0,    0,    0,    0,    0,    0,    0,    0,    0,    0,    0,    0,    0,    0,    0,    0,    0,    0,    0,    0,    0,    0,    0,    0,    0,    0,    0,    0,    0,    0,    0,    0,    0,    0,    0,    0,    0,    0,    0,    0,    0,    0,    0,    0,    0,    0,    0,    0,    0,    0,    0,    0,    0,    0,    0,    0,    3,
       0,    0,    0,    0,    0,    0,    0,    0,    0,    0,   -8,    0,    0,    0,    0,    0,    0,    0,    0,    0,    0,    0,    0,  -13,    0,   -3,    0,    0,    0,    0,    0,    0,   10,    0,    0,    0,    0,    0,   -3,    0,   -3,    0,    0,    0,    0,    0,    0,    0,    0,   -3,   -3,    0,    0,    0,    0,    0,    0,   -3,   -3,    0,    0,   10,   10,    0,    0,    0,    0,    0,    0,    0,    0,    0,    0,    0,    0,    0,    0,    0,    0,    0,    0,    0,    0,    0,    0,    0,    0,    0,    0,    0,    0,    0,    0,    0,    0,    0,    0,    0,    0,    0,    0,    0,    0,    0,    0,    0,    0,    0,    0,    0,    0,    0,    0,    0,    0,    0,    0,    0,    0,    0,    0,   -7,    0,
       0,    0,    0,    0,    0,    0,    0,    0,    0,    0,    0,    0,    0,   -5,    0,    0,    0,    0,    0,    0,    0,    0,    0,    0,    0,    0,    0,   -5,    0,    0,    0,    0,   10,    0,    0,    0,    0,   -4,  -10,    0,  -10,    0,    0,   -7,    0,    0,    0,   -5,    0,    0,    0,   -5,    0,    7,    7,   -5,    0,    0,    0,   -5,    0,    7,    0,    0,    0,    0,    0,    0,    0,    0,   -5,    0,    0,    0,    0,    0,    0,    0,    0,    0,    0,    0,    0,    0,    0,    0,    0,    0,    0,    0,    0,    0,    0,    0,    0,    0,    0,    0,    0,    0,    0,    0,    0,    0,    0,    0,    0,    0,    0,    0,    0,    0,    0,    0,    0,    0,    0,    0,    0,    0,    0,    0,    0,
       0,    0,    0,    0,    0,    0,    0,    0,    0,    0,    0,    0,    0,    0,    0,    0,    0,    0,    0,    0,    0,    0,    0,    0,    0,    0,    0,    0,    0,    0,    0,    0,   23,    0,    0,    0,    0,    0,  -12,    0,  -12,    0,    0,    0,    0,    0,    0,    0,    0,    0,    0,    0,    0,    0,    0,    0,    0,    0,    0,    0,    0,   23,    0,    0,    0,    0,    0,    0,    0,    0,    0,    0,    0,    0,    0,    0,    0,    0,    0,    0,    0,    0,    0,    0,    0,    0,    0,    0,    0,    0,    0,    0,    0,    0,    0,    0,    0,    0,    0,    0,    0,    0,    0,    0,    0,    0,    0,    0,    0,    0,    0,    0,    0,    0,    0,    0,    0,    0,    0,    0,    0,  -10,    0,
       0,    0,    0,    0,   -7,    0,   -7,    0,    0,    0,    0,    0,    0,    0,    0,    0,    0,    0,    0,    0,    0,    0,    0,    0,    0,    0,   13,    0,    0,   -7,   13,    0,    0,    0,    0,    0,    0,    0,    0,    0,    0,    0,    0,    0,    0,    0,    0,    0,    0,    0,    0,    0,    0,    0,    0,    0,   13,    0,    0,    0,   13,    0,   13,    0,    0,    0,    0,   -7,    0,    0,    0,    0,    0,    0,    0,    0,    0,    0,    0,    0,    0,    0,    0,    0,    0,    0,    0,    0,    0,    0,    0,    0,    0,    0,    0,    0,    0,    0,    0,    0,    0,    0,    0,    0,    0,    0,    0,    0,    0,    0,    0,    0,    0,    0,    0,    0,    0,    0,    0,    0,    0,   13,   13,
       0,    0,    0,    0,    0,    0,    0,    0,    0,    0,   -7,    0,    0,    0,    0,    0,    0,    0,    0,    0,    0,    0,    0,    0,    0,    0,    0,    0,   13,    0,    0,   13,   17,   13,   17,    0,   13,   13,   10,   10,   10,    0,    0,    0,    0,    0,    0,    0,    0,    0,    0,    0,   13,    0,    0,    0,    0,    0,    0,    0,    0,    0,    0,   13,    0,    0,    0,    0,    0,    0,    0,    0,    0,    0,    0,    0,    0,    0,    0,    0,    0,    0,    0,    0,    0,    0,    0,    0,    0,    0,    0,    0,    0,    0,    0,    0,    0,    0,    0,    0,    0,    0,    0,    0,    0,    0,    0,    0,    0,    0,    0,    0,    0,    0,    0,    0,    0,    0,    0,    0,    0,  -10,   -7,
       0,    0,    0,    0,    0,    0,    0,    0,    0,    0,    0,    0,    0,    0,    0,    0,    0,    0,    0,    0,    0,    0,    0,  -17,    0,    0,    0,    0,    0,    0,    0,    0,    7,    0,    0,    0,    0,    0,   -3,    0,   -3,    0,    0,    0,    0,    0,    0,    0,    0,    0,    0,    0,    0,    0,    0,    0,    0,    0,    0,    0,    0,    0,    0,    0,    0,    0,    0,    0,    0,    0,    0,    0,    0,    0,    0,    0,    0,    0,    0,    0,    0,    0,    0,    0,    0,    0,    0,    0,    0,    0,    0,    0,    0,    0,    0,    0,    0,    0,    0,    0,    0,    0,    0,    0,    0,    0,    0,    0,    0,    0,    0,    0,    0,    0,    0,    0,    0,    0,    0,    0,    0,    5,    7,
       0,    0,    0,    0,    0,    0,    0,    0,    0,    0,   -8,    0,    0,    0,    0,    0,    0,    0,    0,    0,    0,    0,    0,  -20,    0,    0,    0,    0,    0,    0,    0,    0,   23,    0,    0,    0,    0,    0,   -7,    7,   -7,    0,    0,    0,    0,    0,    0,    0,    0,    0,    0,    0,    0,    0,    0,    0,    0,    0,    0,    0,    0,   23,    0,    0,    0,    0,    0,    0,    0,    0,    0,    0,    0,    0,    0,    0,    0,    0,    0,    0,    0,    0,    0,    0,    0,    0,    0,    0,    0,    0,    0,    0,    0,    0,    0,    0,    0,    0,    0,    0,    0,    0,    0,    0,    0,    0,    0,    0,    0,    0,    0,    0,    0,    0,    0,    0,    0,    0,    0,    0,    0,   -7,   -7,
       0,    0,   13,    0,  -13,    0,  -13,  -13,    0,    0,    0,   -9,    5,    0,    0,    0,    0,    7,   10,   13,    3,   13,    3,   10,    7,    0,   20,    0,    0,   -3,   20,    0,    0,    0,    0,    0,   10,    0,    0,    0,    0,    0,   10,    0,    0,    0,  -23,    0,    0,    0,    0,    0,    0,    0,    0,    0,   20,    0,    0,    0,   20,    0,   20,    0,    0,    0,    0,   -3,    0,    0,    0,    0,    0,    0,    0,    0,    0,    0,    0,    0,    0,    0,    0,    0,    0,    0,    0,    0,    0,    0,    0,    0,    0,    0,    0,    0,    0,    0,    0,    0,    0,    0,    0,    0,    0,    0,    0,    0,    0,    0,    0,    0,    0,    0,    0,    0,    0,    0,    0,    0,    0,    0,   10,
       0,   10,    0,   13,   -5,    0,   -5,  -13,    0,    0,    0,    0,    0,    0,    0,    0,    0,    0,    0,    0,    0,    0,    0,    0,    0,    0,   10,    0,    7,    0,   10,    0,    0,    7,   10,    0,   10,    7,   13,    7,   13,    0,    0,    0,    0,    0,    0,    0,    0,    0,    0,    0,    0,    0,    0,    0,   10,    0,    0,    0,   10,    0,   10,    7,    0,    0,    0,    0,    0,    0,    0,    0,    0,    0,    0,    0,    0,    0,    0,    0,    0,    0,    0,    0,    0,    0,    0,    0,    0,    0,    0,    0,    0,    0,    0,    0,    0,    0,    0,    0,    0,    0,    0,    0,    0,    0,    0,    0,    0,    0,    0,    0,    0,    0,    0,    0,    0,    0,    0,    0,    0,   20,   13,
       0,    0,   17,   10,  -13,    0,  -13,  -19,    0,    0,    0,  -22,    3,   -5,    0,    0,   -5,    0,   10,   13,    0,   13,    0,   12,    7,   -7,   17,   -5,    0,  -13,   17,    0,    0,    0,    0,   -8,    0,    0,    0,   -7,    0,   -7,   13,    0,   -7,    0,  -23,   -5,    0,   -7,   -7,   -5,    0,   27,   27,   -5,   17,   -7,   -7,   -5,   17,    0,   17,    0,   -8,   -7,    0,  -13,    0,    0,   -5,    0,    0,    0,    0,    0,    0,    0,    0,    0,    0,    0,    0,    0,    0,    0,    0,    0,    0,    0,    0,    0,    0,    0,    0,    0,    0,    0,    0,    0,    0,    0,    0,    0,    0,    0,    0,    0,    0,    0,    0,    0,    0,    0,    0,    0,    0,    0,    0,    0,    0,    0,   10,
       0,    0,    0,   13,    0,    0,    0,    0,    0,    0,    0,    0,    0,    0,    0,    0,    0,    0,    0,    0,    0,    0,    0,    0,    0,    0,    0,    0,    0,    0,    0,    0,    0,    0,    0,    0,    7,    0,    7,    7,    7,    0,    0,    0,    0,    0,    0,    0,    0,    0,    0,    0,    0,    0,    0,    0,    0,    0,    0,    0,    0,    0,    0,    0,    0,    0,    0,    0,    0,    0,    0,    0,    0,    0,    0,    0,    0,    0,    0,    0,    0,    0,    0,    0,    0,    0,    0,    0,    0,    0,    0,    0,    0,    0,    0,    0,    0,    0,    0,    0,    0,    0,    0,    0,    0,    0,    0,    0,    0,    0,    0,    0,    0,    0,    0,    0,    0,    0,    0,    0,    0,    7,   10,
       0,   10,    0,    7,    0,    0,    0,    0,    0,    0,    0,    0,    0,    0,    0,    0,    0,    0,    0,    0,    0,    0,    0,  -10,    0,   -5,    0,   -3,    0,   23,    0,    0,    8,    0,    5,    0,    8,    0,    3,    0,    3,    0,    0,    0,    0,    0,    0,    0,    0,   -5,   -5,   -3,    0,    0,    0,   -3,    0,   -5,   -5,   -3,    0,    8,    0,    0,    0,    0,    0,   17,    0,    0,    0,    0,    0,    0,    0,    0,    0,    0,    0,    0,    0,    0,    0,    0,    0,    0,    0,    0,    0,    0,    0,    0,    0,    0,    0,    0,    0,    0,    0,    0,    0,    0,    0,    0,    0,    0,    0,    0,    0,    0,    0,    0,    0,    0,    0,    0,    0,    0,    0,    0,    0,    5,   13,
       0,    0,    0,    0,    0,    0,    0,    0,    0,    0,    0,    0,    0,    0,    0,    0,    0,    0,    0,    0,    0,    0,    0,    0,    0,    0,    0,   -5,    0,    0,    0,    0,    0,    0,    0,    0,    0,    0,    0,    0,    0,    0,    0,    0,    0,    0,    0,    0,    0,    0,    0,   -5,    0,    0,    0,   -5,    0,    0,    0,   -5,    0,    0,    0,    0,    0,    0,    0,    0,    0,    0,    0,    0,    0,    0,    0,    0,    0,    0,    0,    0,    0,    0,    0,    0,    0,    0,    0,    0,    0,    0,    0,    0,    0,    0,    0,    0,    0,    0,    0,    0,    0,    0,    0,    0,    0,    0,    0,    0,    0,    0,    0,    0,    0,    0,    0,    0,    0,    0,    0,    0,    0,    0,    0,
       0,    0,  -10,    0,  -13,    0,  -13,  -13,    0,    0,    0,  -10,   -5,    0,   -7,   -3,    0,    0,   -5,   -7,   -7,  -13,   -3,  -10,    0,    0,    0,    0,    0,   -3,    0,    0,    0,    0,    0,    0,   10,    0,    0,    0,    0,    0,    0,    0,    0,    0,  -23,    0,   -7,    0,    0,    0,    0,    0,    0,    0,    0,    0,    0,    0,    0,    0,    0,    0,    0,    0,    0,   -3,   -3,    0,    0,    0,    0,    0,    0,    0,    0,    0,    0,    0,    0,    0,    0,    0,    0,    0,    0,    0,    0,    0,    0,    0,    0,    0,    0,    0,    0,    0,    0,    0,    0,    0,    0,    0,    0,    0,    0,    0,    0,    0,    0,    0,    0,    0,    0,    0,    0,    0,    0,    0,    0,    0,    0,
       0,    0,    0,    0,    0,    0,    0,    0,    0,    0,    0,    0,    0,    0,    0,    0,    0,    0,    0,    0,    0,    0,    0,  -17,    0,    0,    0,    7,    0,    0,    0,    0,    0,    0,    0,    0,    0,    0,    0,    0,    0,    0,    0,    0,    0,    0,    0,    0,    0,    0,    0,    7,    0,    0,    0,    7,    0,    0,    0,    7,    0,    0,    0,    0,    0,    0,    0,    0,    0,    0,    0,    0,    0,    0,    0,    0,    0,    0,    0,    0,    0,    0,    0,    0,    0,    0,    0,    0,    0,    0,    0,    0,    0,    0,    0,    0,    0,    0,    0,    0,    0,    0,    0,    0,    0,    0,    0,    0,    0,    0,    0,    0,    0,    0,    0,    0,    0,    0,    0,    0,    0,    0,    0,
       0,    0,    0,    0,    0,    0,    0,    0,    0,    0,    0,    0,    0,    0,    0,    0,    0,    0,    0,    0,    0,    0,    0,    0,    0,    0,    0,    0,    0,    0,    0,    0,    0,    0,    0,    0,    0,    0,    0,    0,    0,    0,    0,    0,    0,    0,    0,    0,    0,    0,    0,    0,    0,    0,    0,    0,    0,    0,    0,    0,    0,    0,    0,    0,    0,    0,    0,    0,    0,    0,    0,    0,    0,    0,    0,    0,    0,    0,    0,    0,    0,    0,    0,    0,    0,   -3,    0,    0,    0,    0,    0,    0,    0,    0,    0,    0,    0,    0,    0,    0,    0,    0,    0,    0,    0,    0,    0,    0,    0,    0,    0,    0,    0,    0,  -10,    0,    0,    0,    0,    0,    0,    0,    3,
       0,    0,    0,  -13,    0,    0,    0,    0,    0,    0,    0,    0,    0,    0,    0,    0,    0,    0,    0,    0,    0,    0,    0,  -20,    0,    0,    0,    0,    0,    0,    0,    0,    0,    0,    0,    0,    0,    0,    0,    0,    0,    0,    0,    0,    0,    0,    0,    0,    0,    0,    0,    0,    0,    0,    0,    0,    0,    0,    0,    0,    0,    0,    0,    0,    0,    0,    0,    0,    0,    0,    0,    0,    0,    0,  -13,    0,    0,    0,    0,  -17,    0,    0,    0,    0,    0,    0,    0,  -20,    0,    0,    0,    0,    0,    0,    0,    0,    0,    0,    0,    0,  -10,    0,  -10,    0,    0,    0,    0,    0,    0,  -10,  -23,    0,    0,  -20,  -10,    0,    0,    0,    0,    0,    0,  -10,   -7,
       0,    0,    0,    0,    0,    0,    0,    0,    0,    0,    0,    0,    0,    0,    0,    0,    0,    0,    0,    0,    0,    0,    0,    0,    0,    0,    0,    0,    0,    0,    0,    0,    0,    0,    0,    0,    0,    0,    0,    0,    0,    0,    0,    0,    0,    0,    0,    0,    0,    0,    0,    0,    0,    0,    0,    0,    0,    0,    0,    0,    0,    0,    0,    0,    0,    0,    0,    0,    0,    0,    0,    0,    0,    0,    0,    0,    0,    0,    0,    0,    0,    0,    0,    0,    0,   -8,    0,   -7,    0,    0,    0,    0,    0,    0,    0,    0,    0,    0,    0,    0,    0,    0,    0,    0,    0,    0,    0,    0,    0,    0,    0,    0,    0,    0,  -10,    0,    0,    0,    0,    0,    0,    0,    0,
       0,    0,    0,    0,   -6,    0,   -6,   -7,    0,    0,    0,    0,    0,    0,    0,    0,    0,    0,    0,    0,    0,    0,    0,    0,    0,    0,    0,    0,    0,    0,    0,    0,    0,    0,    0,    0,    0,    0,    0,    0,    0,    0,    0,    0,    0,    0,    0,    0,    0,    0,    0,    0,    0,    0,    0,    0,    0,    0,    0,    0,    0,    0,    0,    0,    0,    0,    0,    0,    0,    0,    0,    0,    0,    0,    0,    0,    0,    0,    0,    0,   -7,    0,   -7,    0,    0,    0,   -3,    0,    0,   -7,    0,    0,    0,  -13,    0,  -10,    0,    0,    0,    0,   -7,   -3,    0,   -7,    0,    0,    0,    0,    0,   -7,   -3,    0,    0,    0,    0,    0,  -10,    0,    0,    0,    0,    0,    0,
       0,    0,    0,    0,    0,    0,    0,    0,    0,    0,    0,    0,    0,    0,    0,    0,    0,    0,    0,    0,    0,    0,    0,    0,    0,    0,    0,    0,    0,    0,    0,    0,    0,    0,    0,    0,    0,    0,    0,    0,    0,    0,    0,   -7,    0,    0,    0,    0,    0,    0,    0,    0,    0,    0,    0,    0,    0,    0,    0,    0,    0,    0,    0,    0,    0,    0,    0,    0,    0,    0,    0,    0,    0,    0,    0,   -5,    0,    0,    0,    0,    0,    0,    0,    0,    0,  -13,    0,    0,    0,    0,    0,    0,    0,    0,   -5,    0,    0,    0,    0,  -10,   -7,    0,  -10,    0,    0,    0,    0,    7,    0,   -7,    0,    0,    0,    0,  -17,  -20,    0,    0,    0,    0,    0,    0,    0,
       0,    0,    0,    0,  -17,   -7,  -17,  -13,  -10,  -10,    0,    0,    0,    0,    0,    0,    0,    0,    0,    0,    0,    0,    0,    0,    0,    0,    0,    0,    0,    0,    0,    0,    0,    0,    0,    0,    0,    0,    0,    0,    0,    0,    0,    0,    0,    0,    0,    0,    0,    0,    0,    0,    0,    0,    0,    0,    0,    0,    0,    0,    0,    0,    0,    0,    0,    0,    0,    0,    0,    0,    0,    0,    0,    0,    0,   -3,    0,    0,  -13,    0,  -13,  -10,    0,    0,    0,  -10,    0,    0,    0,   -7,   -7,    0,   -7,   -7,   -7,   -5,   -7,   -7,    0,    0,   -5,   -7,    0,  -13,    0,   -9,    0,   10,    0,   -5,    0,    0,    0,    0,  -13,  -13,  -17,    0,    0,    0,    0,    0,    0,
       0,    0,    0,  -17,    0,    7,    0,    0,    0,    0,    0,    0,    0,    0,    0,    0,    0,    0,    0,    0,    0,    0,    0,  -22,    0,    0,    0,    0,    0,    0,    0,    0,    0,    0,    0,    0,    0,    0,    0,    0,    0,    0,    0,    0,    0,    0,    0,    0,    0,    0,    0,    0,    0,    0,    0,    0,    0,    0,    0,    0,    0,    0,    0,    0,    0,    0,    0,    0,    0,    0,    0,    0,    0,   -3,  -20,    0,    0,  -10,    0,  -24,    0,  -10,  -10,    0,    0,    0,   -3,  -27,    0,   -7,    7,    7,   -3,   -7,    7,   -8,    0,    0,    0,   -7,  -12,    0,   -7,   -7,    0,    0,    0,    0,    0,  -12,  -23,    0,    0,  -30,   -7,    0,    0,    0,    0,    0,    0,  -13,   -7,
       0,    0,    0,  -27,    0,    0,    0,    0,    0,    0,    0,    0,    0,    0,    0,    0,    0,    0,    0,    0,    0,    0,    0,  -40,    0,    0,    0,    0,    0,    0,    0,    0,    0,    0,    0,    0,    0,    0,    0,    0,    0,    0,    0,    0,    0,    0,    0,    0,    0,    0,    0,    0,    0,    0,    0,    0,    0,    0,    0,    0,    0,    0,    0,    0,    0,    0,    0,    0,    0,    0,    0,    0,    0,    0,  -20,   -7,    0,    0,    0,  -23,    0,    0,    0,    0,    0,   -7,    0,  -37,    0,    0,    0,   -7,    0,    0,   -3,    0,    0,    0,    0,  -13,  -23,    0,  -23,    0,    0,    0,    0,    0,    0,  -23,  -30,    0,    0,  -22,  -23,  -15,    0,    0,    0,    0,    0,  -10,  -17,
       0,    0,    0,    0,    0,    0,    0,    0,    0,    0,    0,    0,    0,    0,    0,    0,    0,    0,    0,    0,    0,    0,    0,    0,    0,    0,    0,    0,    0,    0,    0,    0,    0,    0,    0,    0,    0,    0,    0,    0,    0,    0,    0,  -10,    0,    0,    0,    0,    0,    0,    0,    0,    0,    0,    0,    0,    0,    0,    0,    0,    0,    0,    0,    0,    0,    0,    0,    0,    0,    0,    0,    0,    0,    0,  -13,  -13,    0,    0,    0,  -10,    5,    0,    0,   -3,    0,  -23,    0,  -10,    0,    0,    0,  -10,    0,    0,  -10,    0,    0,    0,    0,  -23,  -17,    0,  -27,    0,    0,    0,    0,    0,    0,  -17,  -10,    0,    0,   -8,  -25,  -30,    0,   -7,   -7,    0,   -7,  -13,    0,
       0,    0,    0,    0,  -42,  -17,  -42,  -38,    0,    0,    0,    0,    0,    0,    0,    0,    0,    0,    0,    0,    0,    0,    0,    0,    0,    0,    0,    0,    0,    0,    0,    0,    0,    0,    0,    0,    0,    0,    0,    0,    0,    0,    0,  -27,  -17,    0,    0,    0,    0,    0,    0,    0,    0,    0,    0,    0,    0,    0,    0,    0,    0,    0,    0,    0,    0,    0,    0,    0,    0,    0,    0,    0,    0,    0,    0,  -27,   -9,    0,  -33,    7,  -53,  -37,   -7,   -7,  -10,  -23,    0,    0,   -7,  -28,  -33,   -3,  -27,  -43,  -37,  -20,  -30,  -33,  -10,  -17,  -13,  -13,  -17,  -50,    0,  -30,    0,   23,    0,  -13,    8,    0,    0,   13,  -10,  -37,  -57,   -7,  -20,    0,  -10,    0,    7,
       0,  -17,    0,  -27,    0,  -10,    0,    7,    0,    0,  -18,    0,    0,    0,    0,    0,    0,    0,    0,    0,    0,    0,    0,  -33,    0,    0,    0,    0,    0,    0,    0,    0,    0,    0,    0,    0,    0,    0,    0,    0,    0,    0,    0,  -10,    0,    0,    0,    0,    0,    0,    0,    0,    0,    0,    0,    0,    0,    0,    0,    0,    0,    0,    0,    0,    0,    0,    0,    0,    0,    0,    0,    0,    0,    0,  -33,   -6,    0,    0,    7,  -23,    8,    7,    5,    0,    7,  -17,    7,  -43,    0,    3,    0,   -3,    0,    5,    0,    0,    0,   10,    0,  -20,  -11,    7,  -23,    0,    0,    0,    0,    0,    0,  -11,  -37,    0,    0,  -30,  -30,  -17,   10,    0,    0,    0,    0,  -30,  -23,
       0,    0,    0,    0,    0,    0,    0,    0,    0,    0,    0,    0,    0,    0,    0,    0,    0,    0,    0,    0,    0,    0,    0,    0,    0,    0,    0,    0,    0,    0,    0,    0,    0,    0,    0,    0,    0,    0,    0,    0,    0,    0,    0,    0,    0,    0,    0,    0,    0,    0,    0,    0,    0,    0,    0,    0,    0,    0,    0,    0,    0,    0,    0,    0,    0,    0,    0,    0,    0,    0,    0,    0,    0,    0,  -10,    0,    0,    0,    0,   -3,   -7,    0,  -10,    0,    0,    0,    0,   -7,    0,   -7,    0,    0,    0,   -7,    0,   -7,    0,    0,    0,    0,    0,    0,    0,   -7,    0,    0,    0,    0,    0,    0,    0,    0,    0,    0,  -12,    0,    0,    0,    0,    0,    0,    0,    0,
       0,    0,    0,    0,   -5,    0,   -5,    0,    0,    0,    0,    0,    0,    0,    0,    0,    0,    0,    0,    0,    0,    0,    0,  -13,    0,    0,    0,    0,    0,    0,    0,    0,    0,    0,    0,    0,    0,    0,    0,    0,    0,    0,    0,    0,    0,    0,    0,    0,    0,    0,    0,    0,    0,    0,    0,    0,    0,    0,    0,    0,    0,    0,    0,    0,    0,    0,    0,    0,    0,    0,    0,    0,    0,    0,   -5,    0,    0,    0,    0,   -8,   -3,   -5,   -3,    0,    0,    0,   -5,   -8,    0,    0,    0,    7,    0,   -5,    8,    0,    0,    0,    0,    0,    0,    0,    0,   -7,    0,    0,    0,    0,    7,    0,   -8,    0,    0,   -7,    0,    0,   -8,    0,    0,    0,    0,    0,    0,
       0,    0,    0,    0,  -30,  -13,  -30,  -42,  -13,  -13,    0,    0,    0,    0,    0,    0,    0,    0,    0,    0,    0,    0,    0,    0,    0,    0,    0,    0,    0,    0,    0,    0,    0,    0,    0,    0,    0,    0,    0,    0,    0,    0,    0,  -17,   -7,    0,    0,    0,    0,    0,    0,    0,    0,    0,    0,    0,    0,    0,    0,    0,    0,    0,    0,    0,    0,    0,    0,    0,    0,    0,    0,    0,    0,    0,    0,  -10,   -5,    0,  -27,    0,  -37,  -27,   -7,    0,   -8,  -10,    0,    0,    0,  -22,  -18,    0,    0,  -27,  -20,    0,   -7,  -30,    0,    0,    0,    0,    0,  -37,    0,  -23,    0,   13,    0,    0,    0,    0,    0,    0,   -7,  -33,  -33,    0,   -7,    0,    0,    7,    7,
       0,    0,    0,    0,    0,    0,    0,    0,    0,    0,    0,    0,    0,    0,    0,    0,    0,    0,    0,    0,    0,    0,    0,    0,    0,    0,    0,    0,    0,    0,    0,    0,    0,    0,    0,    0,    0,    0,    0,    0,    0,    0,    0,    0,    0,    0,    0,    0,    0,    0,    0,    0,    0,    0,    0,    0,    0,    0,    0,    0,    0,    0,    0,    0,    0,    0,    0,    0,    0,    0,    0,    0,    0,    0,    0,   -5,    0,   13,    0,    0,    7,    0,    0,    0,    0,  -13,    0,    0,    0,    0,    0,    0,    0,    0,   -5,    0,    0,    0,    0,  -10,    7,    0,  -10,    0,    0,    0,    0,    0,   13,    7,    0,    0,    0,    0,  -17,  -20,    0,    0,    0,    0,    0,    0,    0,
       0,    0,    0,    0,    0,    0,    0,    0,    0,    0,    0,    0,    0,    0,    0,    0,    0,    0,    0,    0,    0,    0,    0,    0,    0,    0,    0,    0,    0,    0,    0,    0,    0,    0,    0,    0,    0,    0,    0,    0,    0,    0,    0,    0,    0,    0,    0,    0,    0,    0,    0,    0,    0,    0,    0,    0,    0,    0,    0,    0,    0,    0,    0,    0,    0,    0,    0,    0,    0,    0,    0,    0,    0,    0,   -8,   -3,    0,    0,    7,    0,    7,    0,    0,    0,    0,  -10,   10,   -3,    0,    3,    0,    0,    0,    0,    0,    0,    0,    0,    0,    0,   -5,    0,  -10,    0,    0,    0,    0,   13,    0,   -5,   -5,    0,    0,   -7,   -7,  -10,    7,    0,    0,    0,    0,   -7,    0,
       0,    0,  -10,    0,  -13,    0,  -13,  -13,    0,    0,    0,    0,    0,    0,    0,    0,    0,    0,    0,    0,    0,    0,    0,  -10,    0,    0,    0,    0,    0,    0,    0,    0,    0,    0,    0,    0,    0,    0,    0,    0,    0,    0,    0,    0,    0,    0,    0,    0,    0,    0,    0,    0,    0,    0,    0,    0,    0,    0,    0,    0,    0,    0,    0,    0,    0,    0,    0,    0,    0,    0,    0,    0,    0,   -5,    0,    0,    0,   -7,   -3,   -7,  -10,  -13,  -13,    0,   -3,    0,  -10,  -10,    0,  -10,    0,    0,    0,  -13,    0,    0,    0,  -13,    0,    0,    0,    0,    0,  -13,    0,    0,    0,    0,    0,    0,   -7,    0,    0,  -13,    0,    0,  -23,    0,    0,   -3,    0,    0,    0,
       0,    7,    0,   12,  -33,    0,  -33,  -33,    0,    0,    0,    0,    0,    0,    0,    0,    0,    0,    0,    0,    0,    0,    0,    0,    0,    0,    0,    0,    0,    0,    0,    0,    0,    0,    0,    0,    0,    0,    0,    0,    0,    0,    0,    0,    0,    0,    0,    0,    0,    0,    0,    0,    0,    0,    0,    0,    0,    0,    0,    0,    0,    0,    0,    0,    0,    0,    0,    0,    0,    0,    0,    0,    0,   -5,   10,    0,    0,    0,  -27,    0,  -33,  -27,  -10,    0,   -5,    0,   -3,    0,    0,   -8,   -5,    0,    0,  -18,   -5,    0,    0,  -15,    0,    0,   10,    0,    0,  -17,    0,   -6,    0,    7,   10,   10,    0,    0,    0,    0,    0,    0,  -45,    0,    0,    0,    0,    7,   10,
       0,    0,    0,    0,    0,   -7,    0,    0,    0,    0,    0,    0,    0,    0,    0,    0,    0,    0,    0,    0,    0,    0,    0,    0,    0,    0,    0,    0,    0,    0,    0,    0,    0,    0,    0,    0,    0,    0,    0,    0,    0,    0,    0,    0,    0,    0,    0,    0,    0,    0,    0,    0,    0,    0,    0,    0,    0,    0,    0,    0,    0,    0,    0,    0,    0,    0,    0,    0,    0,    0,    0,    0,    0,    0,    0,   -8,    0,    0,    0,    0,    0,    0,    0,    0,    0,    0,    0,    0,    0,    7,   -5,    0,    0,    0,   -5,    0,    0,    0,    0,    0,   -4,    0,    0,    0,    0,   -7,    0,    0,    0,   -4,    0,    0,    0,    0,    0,    0,    0,    0,    0,    0,    0,    0,    0,
       0,    0,    0,    0,  -17,    7,  -17,  -20,    0,    0,    0,    0,    0,    0,    0,    0,    0,    0,    0,    0,    0,    0,    0,    0,    0,    0,    0,    0,    0,    0,    0,    0,    0,    0,    0,    0,    0,    0,    0,    0,    0,    0,    0,    0,    0,    0,    0,    0,    0,    0,    0,    0,    0,    0,    0,    0,    0,    0,    0,    0,    0,    0,    0,    0,    0,    0,    0,    0,    0,    0,    0,    0,    0,  -10,   -3,    0,    0,    0,  -13,  -13,  -22,  -27,  -23,    0,  -10,    0,  -17,   -7,   -7,  -13,    0,    0,    0,  -13,    0,    0,    0,  -10,    0,    0,    0,    0,    0,   -8,    0,    0,    0,    0,    0,    0,  -10,    0,    0,  -10,    0,    0,  -23,    0,    0,    0,    0,    0,    0,
       0,    0,    0,   10,    0,    0,    0,    0,    0,    0,    0,    0,    0,    0,    0,    0,    0,    0,    0,    0,    0,    0,    0,    0,    0,    0,    0,    0,    0,    0,    0,    0,    0,    0,    0,    0,    0,    0,    0,    0,    0,    0,    0,    0,    0,    0,    0,    0,    0,    0,    0,    0,    0,    0,    0,    0,    0,    0,    0,    0,    0,    0,    0,    0,    0,    0,    0,    0,    0,    0,    0,    0,    0,    0,    0,  -10,    0,    0,    7,    0,    7,    7,    0,    0,    8,  -17,   10,    0,    0,    0,    0,    0,    0,   10,    0,    0,    0,   10,    0,  -20,  -15,    7,  -20,    0,    7,    0,    0,   17,    0,  -15,    0,    0,    0,    0,  -23,  -20,   10,   -3,    0,    0,    0,    0,    0,
       0,    0,    0,  -13,    0,    0,    0,    0,    0,    0,   -8,    0,    0,    0,    0,    0,    0,    0,    0,    0,    0,    0,    0,  -33,    0,    0,    0,    0,    0,    0,    0,    0,    0,    0,    0,    0,    0,    0,    0,    0,    0,    0,    0,    0,    0,    0,    0,    0,    0,    0,    0,    0,    0,    0,    0,    0,    0,    0,    0,    0,    0,    0,    0,    0,    0,    0,    0,    0,    0,    0,    0,    0,    0,    0,    0,    0,    0,    0,    0,    0,    0,    0,    0,    0,    0,    0,    0,    0,    0,    0,    0,    0,    0,    0,    0,    0,    0,    7,    0,  -10,  -10,    0,  -13,    0,    0,    0,    0,    0,    0,  -10,    0,    0,    0,    0,    0,  -10,    0,    0,    0,    0,   -7,  -13,  -10,
       0,    0,   -7,   -7,   -5,    0,   -5,  -13,    0,    0,   -5,    0,    0,    0,    0,    0,    0,    0,    0,    0,    0,    0,    0,  -20,    0,    0,    0,    0,    0,    0,    0,    0,    0,    0,    0,    0,    0,    0,    0,    0,    0,    0,    0,    0,    0,    0,    0,    0,    0,    0,    0,    0,    0,    0,    0,    0,    0,    0,    0,    0,    0,    0,    0,    0,    0,    0,    0,    0,    0,    0,    0,    0,    0,    0,    0,    0,    0,    0,    0,    0,    0,    0,    0,    0,    0,    0,    0,    0,    0,    0,    0,    0,   -3,   -7,    0,   -3,   -3,   -7,    0,    0,   -3,   -5,    0,   -8,    0,    0,    0,    0,    0,   -3,    0,    0,    0,    0,    0,    0,    0,    0,    0,    0,    0,  -17,   -7,
       0,    0,    0,    0,    0,    0,    0,    0,    0,    0,    0,    0,    0,    0,    0,    0,    0,    0,    0,    0,    0,    0,    0,    0,    0,    0,    0,    0,    0,    0,    0,    0,    0,    0,    0,    0,    0,    0,    0,    0,    0,    0,    0,    0,    0,    0,    0,    0,    0,    0,    0,    0,    0,    0,    0,    0,    0,    0,    0,    0,    0,    0,    0,    0,    0,    0,    0,    0,    0,    0,    0,    0,    0,    0,    0,    0,    0,    0,    0,    0,    0,    0,    0,    0,    0,    0,    0,    0,    0,    0,    0,    0,   -3,   -5,    0,   -7,    0,    0,    0,   -3,   -7,   -5,    0,   -7,    0,    0,    0,    0,    0,   -7,    0,    0,    0,    0,    0,   -3,    0,    0,    0,    0,    0,    0,    0,
       0,    0,    0,    0,  -23,    0,  -23,  -23,    0,    0,    0,    0,    0,    0,    0,    0,    0,    0,    0,    0,    0,    0,    0,    0,    0,    0,    0,    0,    0,    0,    0,    0,    0,    0,    0,    0,    0,    0,    0,    0,    0,    0,    0,    0,    0,    0,    0,    0,    0,    0,    0,    0,    0,    0,    0,    0,    0,    0,    0,    0,    0,    0,    0,    0,    0,    0,    0,    0,    0,    0,    0,    0,    0,    0,    0,    0,    0,    0,    0,    0,    0,    0,    0,    0,    0,    0,    0,    0,    0,    0,   -3,    3,    0,  -17,   -5,    0,    0,  -17,    7,    0,    0,    0,    0,  -13,   -3,   -3,    0,    0,    0,    0,    0,    0,    0,    0,    0,    0,    0,    0,    0,    0,    0,    0,    7,
       0,    0,    0,    0,    3,    0,    3,    0,    0,    0,    0,    0,    0,    0,    0,    0,    0,    0,    0,    0,    0,    0,    0,  -13,    0,    0,    0,    0,    0,    0,    0,    0,    0,    0,    0,    0,    0,    0,    0,    0,    0,    0,    0,    0,    0,    0,    0,    0,    0,    0,    0,    0,    0,    0,    0,    0,    0,    0,    0,    0,    0,    0,    0,    0,    0,    0,    0,    0,    0,    0,    0,    0,    0,    0,    0,    0,    0,    0,    0,    0,    0,    0,    0,    0,    0,    0,    0,    0,    0,    0,    0,    0,    0,    0,   -3,    0,    0,    0,    0,    0,    7,    0,    0,    0,    0,    0,    0,    0,   10,   17,    0,    0,    0,    0,    0,  -10,    0,    0,    0,    0,    0,    0,    0,
       0,    0,    0,    0,    0,    0,    0,    0,    0,    0,   -8,    0,    0,    0,    0,    0,    0,    0,    0,    0,    0,    0,    0,  -13,    0,    0,    0,    0,    0,    0,    0,    0,    0,    0,    0,    0,    0,    0,    0,    0,    0,    0,    0,    0,    0,    0,    0,    0,    0,    0,    0,    0,    0,    0,    0,    0,    0,    0,    0,    0,    0,    0,    0,    0,    0,    0,    0,    0,    0,    0,    0,    0,    0,    0,    0,    0,    0,    0,    0,    0,    0,    0,    0,    0,    0,    0,    0,    0,    0,    0,   -3,    0,    0,    0,    0,   -3,    0,    0,    0,    0,    0,    0,    0,   -7,    0,    0,    0,    0,    0,    0,    0,    0,    0,    0,    0,    0,    0,    0,    0,    0,    0,   -7,    0,
       0,    0,    0,    0,    0,    0,    0,    0,    0,    0,    0,    0,    0,    0,    0,    0,    0,    0,    0,    0,    0,    0,    0,  -17,    0,    0,    0,    0,    0,    0,    0,    0,    0,    0,    0,    0,    0,    0,    0,    0,    0,    0,    0,  -10,    0,    0,    0,    0,    0,    0,    0,    0,    0,    0,    0,    0,    0,    0,    0,    0,    0,    0,    0,    0,    0,    0,    0,    0,    0,    0,    0,    0,    0,    0,    0,    0,    0,    0,    0,    0,    0,    0,    0,    0,    0,    0,    0,    0,    0,    0,   -7,   -3,    0,    0,  -10,    0,   -3,    0,    0,    0,   -3,    0,    0,    0,    0,    0,    0,    0,    0,   -3,    0,    0,    0,    0,    0,  -20,    0,    0,    0,    0,    0,    0,    0,
       0,    0,    0,    0,   -7,    0,   -7,    0,    0,    0,    0,    0,    0,    0,    0,    0,    0,    0,    0,    0,    0,    0,    0,  -17,    0,    0,    0,    0,    0,    0,    0,    0,    0,    0,    0,    0,    0,    0,    0,    0,    0,    0,    0,    0,    0,    0,    0,    0,    0,    0,    0,    0,    0,    0,    0,    0,    0,    0,    0,    0,    0,    0,    0,    0,    0,    0,    0,    0,    0,    0,    0,    0,    0,    0,    0,    0,    0,    0,    0,    0,    0,    0,    0,    0,    0,    0,    0,    0,    0,    0,    0,    0,    0,    0,    0,   -4,    0,    0,    0,    0,    0,    0,    0,   -5,    0,    0,    0,    0,    0,    0,    0,    0,    0,    0,    0,    0,    0,    0,    0,    0,    0,   -7,    0,
       0,    0,    0,    0,    0,    0,    0,    0,    0,    0,    0,    0,    0,    0,    0,    0,    0,    0,    0,    0,    0,    0,    0,    0,    0,    0,    0,    0,    0,    0,    0,    0,    0,    0,    0,    0,    0,    0,    0,    0,    0,    0,    0,    0,    0,    0,    0,    0,    0,    0,    0,    0,    0,    0,    0,    0,    0,    0,    0,    0,    0,    0,    0,    0,    0,    0,    0,    0,    0,    0,    0,    0,    0,    0,    0,    0,    0,    0,    0,    0,    0,    0,    0,    0,    0,    0,    0,    0,    0,    0,   -3,    0,    0,    0,   -3,    0,    0,    0,    0,    0,   -3,    0,    0,   -3,    0,    0,    0,    0,    0,   -3,    0,    0,    0,    0,    0,  -10,    0,    0,    0,    0,    0,    0,    0,
       0,    0,    0,    0,    0,    0,    0,    0,    0,    0,    0,    0,    0,    0,    0,    0,    0,    0,    0,    0,    0,    0,    0,  -20,    0,    0,    0,    0,    0,    0,    0,    0,    0,    0,    0,    0,    0,    0,    0,    0,    0,    0,    0,    0,    0,    0,    0,    0,    0,    0,    0,    0,    0,    0,    0,    0,    0,    0,    0,    0,    0,    0,    0,    0,    0,    0,    0,    0,    0,    0,    0,    0,    0,    0,    0,    0,    0,    0,    0,    0,    0,    0,    0,    0,    0,    0,    0,    0,    0,    0,   -3,    0,    0,    0,    0,    0,    0,    0,    0,    0,    0,    0,    0,   -7,    0,    0,    0,    0,    0,    0,    0,    0,    0,    0,    0,    0,    0,    0,    0,    0,    0,    0,    7,
       0,    0,    0,   17,  -27,   -5,  -27,  -18,    0,    0,    0,    0,    0,    0,    0,    0,    0,    0,    0,    0,    0,    0,    0,    0,    0,    0,    0,    0,    0,    0,    0,    0,    0,    0,    0,    0,    0,    0,    0,    0,    0,    0,    0,    0,    0,    0,    0,    0,    0,    0,    0,    0,    0,    0,    0,    0,    0,    0,    0,    0,    0,    0,    0,    0,    0,    0,    0,    0,    0,    0,    0,    0,    0,    0,    0,    0,    0,    0,    0,    0,    0,    0,    0,    0,    0,    0,    0,    0,    0,    0,   -6,    0,    0,  -17,   -7,    0,    0,  -20,   10,    0,   10,    5,   13,  -19,   -3,   -7,    7,    0,   13,   10,    0,    0,    0,    0,    0,    0,    0,    0,    0,    0,    0,   13,   17,
       0,    0,    0,    7,    3,    0,    3,    0,    0,    0,    0,    0,    0,    0,    0,    0,    0,    0,    0,    0,    0,    0,    0,    0,    0,    0,    0,    0,    0,    0,    0,    0,    0,    0,    0,    0,    0,    0,    0,    0,    0,    0,    0,    0,    0,    0,    0,    0,    0,    0,    0,    0,    0,    0,    0,    0,    0,    0,    0,    0,    0,    0,    0,    0,    0,    0,    0,    0,    0,    0,    0,    0,    0,    0,    0,    0,    0,    0,    0,    0,    0,    0,    0,    0,    0,    0,    0,    0,    0,    0,   -3,    0,    0,    0,   -5,    0,    0,    0,   10,    0,    5,    3,    0,    0,    0,    0,    0,    0,    0,    5,    0,    0,    0,    0,    0,   -7,    0,    0,    0,    0,    0,   13,   17,
       0,    0,    0,  -20,    0,    0,    0,    0,    0,    0,    0,    0,    0,    0,    0,    0,    0,    0,    0,    0,    0,    0,    0,  -40,    0,    0,    0,    0,    0,    0,    0,    0,    0,    0,    0,    0,    0,    0,    0,    0,    0,    0,    0,    0,    0,    0,    0,    0,    0,    0,    0,    0,    0,    0,    0,    0,    0,    0,    0,    0,    0,    0,    0,    0,    0,    0,    0,    0,    0,    0,    0,    0,    0,    0,    0,    0,    0,    0,    0,    0,    0,    0,    0,    0,    0,    0,    0,    0,    0,    0,    0,    0,   -3,   -3,    0,   -3,    0,    0,   -7,  -13,  -25,   -7,  -17,   -7,    0,    0,    0,    0,    0,  -25,    0,    0,    0,    0,    0,   -7,    0,    0,    0,    0,   -3,  -10,  -10,
       0,    0,    0,   -7,    0,    0,    0,    0,    0,    0,   -5,    0,    0,    0,    0,    0,    0,    0,    0,    0,    0,    0,    0,  -30,    0,    0,    0,    0,    0,    0,    0,    0,    0,    0,    0,    0,    0,    0,    0,    0,    0,    0,    0,    0,    0,    0,    0,    0,    0,    0,    0,    0,    0,    0,    0,    0,    0,    0,    0,    0,    0,    0,    0,    0,    0,    0,    0,    0,    0,    0,    0,    0,    0,    0,    0,    0,    0,    0,    0,    0,    0,    0,    0,    0,    0,    0,    0,    0,    0,    0,    0,    0,    0,    0,    0,    0,    0,    0,    0,  -10,  -15,    0,  -17,  -10,    0,    0,    0,    0,    0,  -15,    0,    0,    0,    0,    0,  -10,    0,    0,    0,    0,    0,  -17,  -10,
       0,    0,    0,    0,    0,    0,    0,    0,    0,    0,    0,    0,    0,    0,    0,    0,    0,    0,    0,    0,    0,    0,    0,    0,    0,    0,    0,    0,    0,    0,    0,    0,    0,    0,    0,    0,    0,    0,    0,    0,    0,    0,    0,    0,    0,    0,    0,    0,    0,    0,    0,    0,    0,    0,    0,    0,    0,    0,    0,    0,    0,    0,    0,    0,    0,    0,    0,    0,    0,    0,    0,    0,    0,    0,    0,    0,    0,    0,    0,    0,    0,    0,    0,    0,    0,    0,    0,    0,    0,    0,    0,    0,    0,    0,    0,    0,    0,    0,    0,    0,    0,    0,    0,    0,    0,    0,    0,    0,    0,    0,    0,    0,    0,    0,    0,    0,    0,    0,    0,    0,    0,    0,    7,
       0,    0,    0,    0,   -5,    0,   -5,  -10,    0,    0,   -8,    0,    0,    0,    0,    0,    0,    0,    0,    0,    0,    0,    0,  -17,    0,    0,    0,    0,    0,    0,    0,    0,    0,    0,    0,    0,    0,    0,    0,    0,    0,    0,    0,    0,    0,    0,    0,    0,    0,    0,    0,    0,    0,    0,    0,    0,    0,    0,    0,    0,    0,    0,    0,    0,    0,    0,    0,    0,    0,    0,    0,    0,    0,    0,    0,    0,    0,    0,    0,    0,    0,    0,    0,    0,    0,    0,    0,    0,    0,    0,   -5,    0,   -3,   -5,    0,   -3,    0,    0,    0,    0,   -3,   -3,    0,   -7,    0,    0,    0,    0,    0,   -3,    0,    0,    0,    0,    0,    0,    0,    0,    0,    0,    0,   -7,    0,
       0,    0,    0,    0,    0,    0,    0,    0,    0,    0,    0,    0,    0,    0,    0,    0,    0,    0,    0,    0,    0,    0,    0,    0,    0,    0,    0,    0,    0,    0,    0,    0,    0,    0,    0,    0,    0,    0,    0,    0,    0,    0,    0,    0,    0,    0,    0,    0,    0,    0,    0,    0,    0,    0,    0,    0,    0,    0,    0,    0,    0,    0,    0,    0,    0,    0,    0,    0,    0,    0,    0,    0,    0,    0,    0,    0,    0,    0,    0,    0,    0,    0,    0,    0,    0,    0,    0,    0,    0,    0,    0,    0,    0,    0,    0,    0,    0,    0,    0,   -8,   -8,    0,  -10,    0,    0,    0,    0,    0,    0,   -8,    0,    0,    0,    0,    0,  -10,    0,    0,    0,    0,    0,  -10,    0,
       0,    0,    7,    7,    0,    0,    0,    0,    0,    0,    0,    0,    0,    0,    0,    0,    0,    0,    0,    0,    0,    0,    0,    7,    7,    0,    0,    0,    0,    0,    0,    0,    0,    0,    0,    0,    0,    0,    0,    0,    0,    0,    7,    0,    0,    0,    0,    0,    0,    0,    0,    0,    0,    0,    0,    0,    0,    0,    0,    0,    0,    0,    0,    0,    0,    0,    0,    0,    0,    0,    0,    0,    0,    0,    0,    0,    0,    0,    0,    0,    0,    0,    0,    0,    0,    0,    0,    0,    0,    0,    0,    0,    0,    0,    0,    0,    0,    0,    0,    0,    0,    0,    0,    0,   17,    0,    0,   17,    0,    0,    0,    0,    0,    0,    0,    0,    0,    0,    0,    0,    0,    0,    7,
       0,    0,    0,    0,   -7,    0,   -7,    0,    0,    0,    0,    0,    0,    0,    0,    0,    0,    0,    0,    0,    0,    0,    0,    0,    0,    0,    0,    0,    0,    0,    0,    0,    0,    0,    0,    0,    0,    0,    0,    0,    0,    0,    0,    0,    0,    0,    0,    0,    0,    0,    0,    0,    0,    0,    0,    0,    0,    0,    0,    0,    0,    0,    0,    0,    0,    0,    0,    0,    0,    0,    0,    0,    0,    0,    0,    0,    0,    0,    0,    0,    0,    0,    0,    0,    0,    0,    0,    0,    0,    0,    0,    0,    0,    0,    0,    0,    0,    0,    0,    0,    0,    0,    0,    0,    0,    0,    0,    0,    0,    0,    0,    0,    0,    0,    0,    0,    0,    0,    0,    0,    0,    0,    0,
       0,    0,    0,   -7,    0,    0,    0,    0,    0,    0,   -5,    0,    0,    0,    0,    0,    0,    0,    0,    0,    0,    0,    0,  -30,    0,    0,    0,    0,    0,    0,    0,    0,    0,    0,    0,    0,    0,    0,    0,    0,    0,    0,    0,    0,    0,    0,    0,    0,    0,    0,    0,    0,    0,    0,    0,    0,    0,    0,    0,    0,    0,    0,    0,    0,    0,    0,    0,    0,    0,    0,    0,    0,    0,    0,    0,    0,    0,    0,    0,    0,    0,    0,    0,    0,    0,    0,    0,    0,    0,    0,    0,    0,    0,    0,    0,    0,    0,    0,    0,  -10,  -15,    0,  -17,    0,    0,    0,    0,    0,    0,  -15,    0,    0,    0,    0,    0,  -10,    0,    0,    0,    0,    0,  -17,  -10,
       0,    0,    0,    0,    0,    7,    0,    0,    0,    0,    0,    0,    0,    0,    0,    0,    0,    0,    0,    0,    0,    0,    0,  -13,    0,    0,    0,    0,    0,    0,    0,    0,    0,    0,    0,    0,    0,    0,    0,    0,    0,    0,    0,    0,    0,    0,    0,    0,    0,    0,    0,    0,    0,    0,    0,    0,    0,    0,    0,    0,    0,    0,    0,    0,    0,    0,    0,    0,    0,    0,    0,    0,    0,    0,  -17,    0,    0,    0,    0,  -17,    0,    0,   -7,    0,    0,    0,    0,  -13,    0,    0,    0,    0,    0,    0,    0,    0,    0,    0,    0,    0,    0,    0,    0,    0,    0,    0,    0,    0,    0,    0,  -13,    0,    0,  -20,  -10,    0,    0,    0,    0,    0,    0,    0,    0,
       0,    0,    0,    0,   -7,    0,   -7,    0,    0,    0,    0,    0,    0,    0,    0,    0,    0,    0,    0,    0,    0,    0,    0,    0,    0,    0,    0,    0,    0,    0,    0,    0,    0,    0,    0,    0,    0,    0,    0,    0,    0,    0,    0,    0,    0,    0,    0,    0,    0,    0,    0,    0,    0,    0,    0,    0,    0,    0,    0,    0,    0,    0,    0,    0,    0,    0,    0,    0,    0,    0,    0,    0,    0,    0,    0,    0,    0,    0,    0,    0,    0,    0,    0,    0,    0,    0,    0,    0,    0,    0,    0,    0,    0,    0,    0,    0,    0,    0,    0,  -10,  -10,    0,  -13,   -7,    0,    0,    0,    0,    0,  -10,    0,    0,    0,    0,    0,    0,    0,    0,    0,    0,    0,   -7,    0,
       0,    0,    0,    0,  -23,  -17,  -23,    0,    0,    0,    0,    0,    0,    0,    0,    0,    0,    0,    0,    0,    0,    0,    0,    0,    0,    0,    0,    0,    0,    0,    0,    0,    0,    0,    0,    0,    0,    0,    0,    0,    0,    0,    0,  -10,  -10,    0,    0,    0,    0,    0,    0,    0,    0,    0,    0,    0,    0,    0,    0,    0,    0,    0,    0,    0,    0,    0,    0,    0,    0,    0,    0,    0,    0,    0,    0,   -7,    0,    0,  -27,    7,  -43,  -32,   -7,   -3,    0,  -13,    0,    0,    0,  -17,  -18,    0,  -13,  -33,  -27,  -17,  -23,  -30,    0,  -10,   -3,   -7,   -7,  -37,    0,  -23,    0,    0,    0,   -3,    0,    0,    0,   13,  -17,  -30,  -53,    0,  -17,    0,  -13,    7,    7,
       0,    0,    0,    0,  -23,    0,  -23,  -10,    0,    0,    0,    0,    0,    0,    0,    0,    0,    0,    0,    0,    0,    0,    0,    0,    0,    0,    0,    0,    0,    0,    0,    0,    0,    0,    0,    0,    0,    0,    0,    0,    0,    0,    0,    0,    0,    0,    0,    0,    0,    0,    0,    0,    0,    0,    0,    0,    0,    0,    0,    0,    0,    0,    0,    0,    0,    0,    0,    0,    0,    0,    0,    0,    0,    0,    0,    0,    0,    0,    0,    0,    0,    0,    0,    0,    0,    0,    0,    0,    0,    0,    0,    0,    0,  -13,    0,    0,    0,  -13,   13,    0,   13,    0,   10,  -10,    0,    0,    0,    0,   13,   13,    0,    0,    0,    0,    0,    0,    0,    0,    0,    0,    0,   10,   12,
       0,    0,    0,    7,  -23,  -10,  -23,  -38,    0,    0,    0,    0,    0,    0,    0,    0,    0,    0,    0,    0,    0,    0,    0,    3,    0,    0,    0,    0,    0,    0,    0,    0,    0,    0,    0,    0,    0,    0,    0,    0,    0,    0,    0,    0,    0,    0,    0,    0,    0,    0,    0,    0,    0,    0,    0,    0,    0,    0,    0,    0,    0,    0,    0,    0,    0,    0,    0,    0,    0,    0,    0,    0,    0,    0,    0,  -13,  -13,    0,  -20,    0,  -37,  -30,   -7,    0,    0,  -17,    0,    0,    0,  -17,  -27,    0,  -20,  -30,  -23,  -17,  -20,  -25,  -17,  -17,  -10,  -13,  -20,  -30,    0,  -27,    0,    0,    0,  -10,    0,    0,    0,    0,  -30,  -37,  -43,    0,  -17,    0,  -13,    7,    0,
       0,    0,    0,   10,  -20,    0,  -20,    0,    0,    0,    0,    0,    0,    0,    0,    0,    0,    0,    0,    0,    0,    0,    0,    0,    0,    0,    0,    0,    0,    0,    0,    0,    0,    0,    0,    0,    0,    0,    0,    0,    0,    0,    0,    0,    0,    0,    0,    0,    0,    0,    0,    0,    0,    0,    0,    0,    0,    0,    0,    0,    0,    0,    0,    0,    0,    0,    0,    0,    0,    0,    0,    0,    0,    0,    0,    0,    0,    0,    0,    0,    0,    0,    0,    0,    0,    0,    0,    0,    0,    0,    0,    0,    0,  -17,   -7,    0,    0,  -17,    0,    0,    0,    0,    0,  -17,    0,   -7,    0,    0,    0,    0,    0,    0,    0,    0,    0,    0,    0,    0,    0,    0,    0,    0,   10,
       0,    0,    0,   13,  -20,    0,  -20,  -28,    0,    0,    0,    0,    0,    0,    0,    0,    0,    0,    0,    0,    0,    0,    0,    0,    0,    0,    0,    0,    0,    0,    0,    0,    0,    0,    0,    0,    0,    0,    0,    0,    0,    0,    0,    0,    0,    0,    0,    0,    0,    0,    0,    0,    0,    0,    0,    0,    0,    0,    0,    0,    0,    0,    0,    0,    0,    0,    0,    0,    0,    0,    0,    0,    0,    0,    0,    0,    0,    0,  -23,    0,  -23,  -27,    0,    0,   -7,    0,    0,    0,    0,   -8,  -10,    0,    0,  -20,   -7,    0,    0,  -17,    0,    0,    0,    0,    0,  -20,    3,  -10,    0,   13,    0,    0,    0,    0,    0,    0,   -7,   -7,  -38,    0,    0,    0,    0,    7,    7,
       0,    0,    0,    0,    0,    0,    0,    0,    0,    0,    0,    0,    0,    0,    0,    0,    0,    0,    0,    0,    0,    0,    0,    0,    0,    0,    0,    0,    0,    0,    0,    0,    0,    0,    0,    0,    0,    0,    0,    0,    0,    0,    0,  -10,    0,    0,    0,    0,    0,    0,    0,    0,    0,    0,    0,    0,    0,    0,    0,    0,    0,    0,    0,    0,    0,    0,    0,    0,    0,    0,    0,    0,    0,    0,  -13,  -13,    0,   17,    0,  -10,    7,    0,    0,   -3,    0,  -23,   10,  -10,    0,    0,    0,   -7,    0,    0,  -10,    0,    0,    0,    0,  -23,    7,    0,  -27,    0,    0,    0,    0,    0,   13,    7,  -10,    0,    0,  -10,  -25,  -30,   10,   -5,   -7,    0,    0,   -7,    0,
       0,    0,    0,    0,    0,    0,    0,    0,    0,    0,    0,    0,    0,    0,    0,    0,    0,    0,    0,    0,    0,    0,    0,    0,    0,    0,    0,    0,    0,    0,    0,    0,    0,    0,    0,    0,    0,    0,    0,    0,    0,    0,    0,  -10,    0,    0,    0,    0,    0,    0,    0,    0,    0,    0,    0,    0,    0,    0,    0,    0,    0,    0,    0,    0,    0,    0,    0,    0,    0,    0,    0,    0,    0,    0,    0,    0,    0,    0,    0,    0,    0,    0,    0,    0,    0,    0,    0,    0,    0,    0,    0,   -3,    0,    0,   -7,    0,    0,    0,    0,    0,   10,    0,    0,    0,    0,    0,    0,    0,   17,   10,    0,    0,    0,    0,    0,  -20,    0,    0,    0,    0,    0,    0,    0,
       0,    0,    0,    0,    0,    0,    0,    0,    0,    0,    0,    0,    0,    0,    0,    0,    0,    0,    0,    0,    0,    0,    0,    0,    0,    0,    0,    0,    0,    0,    0,    0,    0,    0,    0,    0,    0,    0,    0,    0,    0,    0,    0,    0,    0,    0,    0,    0,    0,    0,    0,    0,    0,    0,    0,    0,    0,    0,    0,    0,    0,    0,    0,    0,    0,    0,    0,    0,    0,    0,    0,    0,    0,    0,  -13,    0,    0,    0,    0,  -13,    0,    0,    0,    0,    0,    0,    0,  -17,    0,    0,    0,    0,    0,    0,    0,    0,    0,    0,    0,    0,    0,    0,    0,    0,    0,    0,    0,    0,    0,    0,  -22,    0,    0,  -20,  -13,    0,    0,    0,    0,    0,    0,   -7,    0,
       0,    0,    0,    0,    0,    0,    0,    0,    0,    0,    0,    0,    0,    0,    0,    0,    0,    0,    0,    0,    0,    0,    0,  -33,    0,    0,    0,    0,    0,    0,    0,    0,    0,    0,    0,    0,    0,    0,    0,    0,    0,    0,    0,    0,    0,    0,    0,    0,    0,    0,    0,    0,    0,    0,    0,    0,    0,    0,    0,    0,    0,    0,    0,    0,    0,    0,    0,    0,    0,    0,    0,    0,    0,    0,    0,    0,    0,    0,    0,    0,    0,    0,    0,    0,    0,    0,    0,    0,    0,    0,    0,    0,    0,    0,    0,    0,    0,    0,    0,   -7,  -10,    0,  -10,    0,    0,    0,    0,    0,    0,  -10,    0,    0,    0,    0,    0,    0,    0,    0,    0,    0,    0,  -13,    0,
       0,    0,    0,    0,  -27,  -17,  -27,  -35,  -10,  -10,    0,    0,    0,    0,    0,    0,    0,    0,    0,    0,    0,    0,    0,    0,    0,    0,    0,    0,    0,    0,    0,    0,    0,    0,    0,    0,    0,    0,    0,    0,    0,    0,    0,  -17,  -13,    0,    0,    0,    0,    0,    0,    0,    0,    0,    0,    0,    0,    0,    0,    0,    0,    0,    0,    0,    0,    0,    0,    0,    0,    0,    0,    0,    0,    0,    0,  -17,   -9,    0,  -23,   10,  -28,  -17,   -8,    0,   -5,  -10,    0,    0,    0,  -20,  -20,    0,  -10,  -23,  -18,  -17,  -17,  -23,   -7,  -17,  -10,  -12,  -10,  -33,    7,  -18,    0,   23,    0,  -10,   10,    0,    0,    8,  -17,  -23,  -33,    0,  -13,    0,   -7,    0,    7,
       0,    0,    0,   10,    3,    0,    0,    0,    0,    3,    0,    0,    0,    0,    0,    0,    0,    0,    0,    0,    0,    0,    0,    0,    0,    0,    0,    0,    0,    0,    0,    0,    0,    0,    0,    0,    0,    0,    0,    0,    0,    0,    0,    0,    0,    0,    0,    0,    0,    0,    0,    0,    0,    0,    0,    0,    0,    0,    0,    0,    0,    0,    0,    0,    0,    0,    0,    0,    0,    0,    0,    0,    0,    0,    0,  -10,    0,   20,    7,    0,    7,    7,    7,    0,    8,  -17,   10,    0,    0,   13,    0,    0,    0,   10,    0,   13,    0,   10,    0,  -20,    0,    7,  -20,    7,    7,    0,    7,   17,   20,    0,    0,    0,    7,    0,  -23,  -20,   10,   -3,    0,    0,    0,    0,    0,
       0,    0,    0,    7,    3,    0,    3,    0,    0,    0,    0,    0,    0,    0,    0,    0,    0,    0,    0,    0,    0,    0,    0,    0,    0,    0,    0,    0,    0,    0,    0,    0,    0,    0,    0,    0,    0,    0,    0,    0,    0,    0,    0,    0,    0,    0,    0,    0,    0,    0,    0,    0,    0,    0,    0,    0,    0,    0,    0,    0,    0,    0,    0,    0,    0,    0,    0,    0,    0,    0,    0,    0,    0,    0,    0,    0,    0,    0,    0,    0,    0,    0,    0,    0,    0,    0,    0,    0,    0,    0,   -3,    0,    0,    0,   -5,    0,    0,    0,   10,    0,    5,    3,    0,    0,    0,    0,    0,    0,   23,    5,    0,    0,    0,    0,    0,   -7,    0,    0,    0,    0,    0,   13,   17,
       0,    0,    0,    0,    0,    0,    0,    0,    0,    0,    0,    0,    0,    0,    0,    0,    0,    0,    0,    0,    0,    0,    0,  -42,    0,    0,    0,    0,    0,    0,    0,    0,    0,    0,    0,    0,    0,    0,    0,    0,    0,    0,    0,    0,    0,    0,    0,    0,    0,    0,    0,    0,    0,    0,    0,    0,    0,    0,    0,    0,    0,    0,    0,    0,    0,    0,    0,    0,    0,    0,    0,    0,    0,    0,  -30,   -7,    0,    0,    0,  -27,    0,    0,    0,    0,    0,  -10,    0,  -37,    0,    0,    0,    0,    0,    0,    0,    0,    0,    0,    0,  -17,  -17,    0,  -17,    0,    0,    0,    0,    0,    0,  -17,  -33,    0,    0,  -33,  -17,  -13,    0,    0,    0,    0,    0,    0,    0,
       0,    0,    0,    0,    0,    0,    0,    0,    0,    0,    0,    0,    0,    0,    0,    0,    0,    0,    0,    0,    0,    0,    0,    0,    0,    0,    0,    0,    0,    0,    0,    0,    0,    0,    0,    0,    0,    0,    0,    0,    0,    0,    0,    0,    0,    0,    0,    0,    0,    0,    0,    0,    0,    0,    0,    0,    0,    0,    0,    0,    0,    0,    0,    0,    0,    0,    0,    0,    0,    0,    0,    0,    0,    0,    0,    0,    0,    0,    0,    0,    0,   -7,  -10,    0,    0,    0,    0,    0,    0,  -10,    0,    0,    0,    0,    0,    0,    0,    0,    0,    0,    0,    0,    0,    0,    0,    0,    0,    0,    0,    0,    0,    0,    0,    0,    0,    0,    0,    0,    0,    0,    0,    0,    0,
       0,    0,    0,    0,    0,    0,    0,    0,    0,    0,    0,    0,    0,    0,    0,    0,    0,    0,    0,    0,    0,    0,    0,    0,    0,    0,    0,    0,    0,    0,    0,    0,    0,    0,    0,    0,    0,    0,    0,    0,    0,    0,    0,    0,    0,    0,    0,    0,    0,    0,    0,    0,    0,    0,    0,    0,    0,    0,    0,    0,    0,    0,    0,    0,    0,    0,    0,    0,    0,    0,    0,    0,    0,    0,    0,    0,    0,    0,    0,    0,    0,    0,   -7,    0,    0,    0,    0,    0,    0,    0,    0,    0,    0,    0,    0,    0,    0,    0,    0,    0,    0,    0,    0,    0,    0,    0,    0,    0,    0,    0,    0,    0,    0,    0,  -10,    0,    0,    0,    0,    0,    0,    0,    0,
       0,    0,    0,    0,    0,    0,    0,    0,    0,    0,    0,    0,    0,    0,    0,    0,    0,    0,    0,    0,    0,    0,    0,    0,    0,    0,    0,    0,    0,    0,    0,    0,    0,    0,    0,    0,    0,    0,    0,    0,    0,    0,    0,    0,    0,    0,    0,    0,    0,    0,    0,    0,    0,    0,    0,    0,    0,    0,    0,    0,    0,    0,    0,    0,    0,    0,    0,    0,    0,    0,    0,    0,    0,    0,    0,    0,    0,    0,    0,    0,    0,    0,    0,    0,    0,    0,    0,    0,    0,    0,    0,    0,    0,    0,    0,    0,    0,    0,    0,   -7,    0,    0,    0,    0,    0,    0,    0,    0,    0,    0,    0,    0,    0,    0,    0,  -10,    0,    0,    0,    0,    0,    0,    0,
       0,    0,    0,    0,  -23,    0,  -23,    0,    0,    0,    0,    0,    0,    0,    0,    0,    0,    0,    0,    0,    0,    0,    0,    0,    0,    0,    0,    0,    0,    0,    0,    0,    0,    0,    0,    0,    0,    0,    0,    0,    0,    0,    0,    0,    0,    0,    0,    0,    0,    0,    0,    0,    0,    0,    0,    0,    0,    0,    0,    0,    0,    0,    0,    0,    0,    0,    0,    0,    0,    0,    0,    0,    0,    0,    0,    0,    0,    0,    0,    0,    0,    0,    0,    0,    0,    0,    0,    0,    0,    0,  -10,    0,    0,  -17,   -7,   -3,   -3,  -13,    0,    0,    0,    0,    0,  -17,  -10,   -7,    0,    0,    0,    0,    0,    0,    0,    0,    0,  -10,    0,    0,    0,    0,    0,    0,    0,
       0,    0,    0,    0,    0,    0,    0,    0,    0,    0,   -7,    0,    0,    0,    0,    0,    0,    0,    0,    0,    0,    0,    0,    0,    0,    0,    0,    0,    0,    0,    0,    0,    0,    0,    0,    0,    0,    0,    0,    0,    0,    0,    0,    0,    0,    0,    0,    0,    0,    0,    0,    0,    0,    0,    0,    0,    0,    0,    0,    0,    0,    0,    0,    0,    0,    0,    0,    0,    0,    0,    0,    0,    0,    0,    0,    0,    0,    0,    0,    0,    0,    0,    0,    0,    0,    0,    0,    0,    0,    0,    0,    0,    0,    0,    0,    0,    0,    0,    0,    0,   -5,    0,    0,    0,    0,    0,    0,    0,    0,   -5,    0,    0,    0,    0,    0,  -10,    0,    0,    0,    0,    0,  -10,   -7,
       0,    0,    0,    0,    0,    0,    0,    0,    0,    0,    0,    0,    0,    0,    0,    0,    0,    0,    0,    0,    0,    0,    0,    0,    0,    0,    0,    0,    0,    0,    0,    0,    0,    0,    0,    0,    0,    0,    0,    0,    0,    0,    0,    0,    0,    0,    0,    0,    0,    0,    0,    0,    0,    0,    0,    0,    0,    0,    0,    0,    0,    0,    0,    0,    0,    0,    0,    0,    0,    0,    0,    0,    0,    0,    0,    0,    0,    0,    0,    0,    0,    0,   -7,    0,    0,    0,    0,    0,    0,   -3,    0,    0,    0,    0,    0,    0,    0,    0,    0,    0,    0,    0,    0,   -7,    0,    0,    0,    0,    0,    0,    0,    0,    0,    0,    0,    0,    0,    0,    0,    0,    0,    0,    0,
       0,    0,    0,    0,    0,    0,    0,    0,    0,    0,    0,    0,    0,    0,    0,    0,    0,    0,    0,    0,    0,    0,    0,    0,    0,    0,    0,    0,    0,    0,    0,    0,    0,    0,    0,    0,    0,    0,    0,    0,    0,    0,    0,    0,    0,    0,    0,    0,    0,    0,    0,    0,    0,    0,    0,    0,    0,    0,    0,    0,    0,    0,    0,    0,    0,    0,    0,    0,    0,    0,    0,    0,    0,    0,    0,    0,    0,    0,    0,    0,    0,    0,    0,    0,    0,    0,    0,    0,    0,    0,    0,    0,    0,    0,   -5,    0,    0,    0,    0,    0,    0,    0,    0,    0,    0,    0,    0,    0,    0,    0,    0,    0,    0,    0,    0,   -7,    0,    0,    0,    0,    0,    0,    0,
       0,    0,    0,   10,    0,    0,    0,    0,    0,    0,    0,    0,    0,    0,    0,    0,    0,    0,    0,    0,    0,    0,    0,    0,    0,    0,    0,    0,    0,    0,    0,    0,    0,    0,    0,    0,    0,    0,    0,    0,    0,    0,    0,    0,    0,    0,    0,    0,    0,    0,    0,    0,    0,    0,    0,    0,    0,    0,    0,    0,    0,    0,    0,    0,    0,    0,    0,    0,    0,    0,    0,    0,    0,    0,    0,  -23,    0,    0,    3,    0,    3,    7,    0,    0,    8,  -37,   10,    0,    0,    0,  -13,  -10,    0,   10,   -7,    0,   -7,   10,    0,  -20,  -27,    7,  -20,    0,    7,   -7,    0,   17,    0,  -27,    0,    0,    0,    0,  -23,  -53,   10,   -3,   -7,    0,    0,    0,    0,
       0,    0,    0,    0,  -27,    0,  -27,    0,    0,    0,    0,  -23,    0,    0,    0,    0,    0,   13,    0,    7,    0,    7,    0,    0,    0,    0,    7,  -10,    0,  -10,    7,    0,    3,    0,    0,  -10,    0,    0,    3,    0,    3,    0,    0,    0,    0,  -37,  -40,    0,    0,    0,    0,  -10,    0,   17,   17,  -10,    7,    0,    0,  -10,    7,   17,    7,    0,  -10,    0,    0,  -10,    0,    0,    0,    0,    0,    0,   13,    0,    0,    0,  -18,    7,  -23,  -22,    0,    0,    0,    0,    0,    0,    0,  -10,    0,    0,    0,  -10,  -10,    0,    0,  -13,    0,    0,    3,    0,    0,  -17,    7,  -10,    0,   17,    3,    3,    7,    7,    0,    7,    0,    0,  -40,    0,    0,    0,    0,    0,    0,
       0,    0,    0,    0,  -27,    0,  -27,    0,    0,    0,    0,  -33,    0,  -13,    0,    0,   -7,    0,    0,    7,    0,    7,    0,    0,    0,  -13,    3,  -17,    0,  -28,    3,    0,    0,    0,    0,  -27,    3,    0,    0,    0,    0,   -7,    0,    0,    0,    0,  -55,  -13,    0,  -13,  -13,  -17,    0,    7,    7,  -17,    3,  -13,  -13,  -17,    3,   13,    3,    0,  -27,   -7,    0,  -28,    0,    0,  -13,    0,    0,    0,    0,  -13,   -7,    0,  -25,    0,  -33,  -25,   -7,    0,    0,    0,    0,    0,    0,  -13,  -13,    0,    0,  -23,  -17,    0,    0,  -23,    0,    0,    0,    0,    0,  -27,    3,  -27,    0,    7,    0,    0,    7,    0,    0,    7,    0,  -17,  -55,    0,    0,    0,    0,    0,    0,
};

static const EpdLigaturePair bookerly_10_regularLigaturePairs[] = {
    { 0x00660066, 0xFB00 }, // f f -> U+FB00
    { 0x00660069, 0xFB01 }, // f i -> U+FB01
    { 0x0066006C, 0xFB02 }, // f l -> U+FB02
    { 0xFB000069, 0xFB03 }, // U+FB00 i -> U+FB03
    { 0xFB00006C, 0xFB04 }, // U+FB00 l -> U+FB04
};

static const EpdFontData bookerly_10_regular = {
    bookerly_10_regularBitmaps,
    bookerly_10_regularGlyphs,
    bookerly_10_regularIntervals,
    70,
    27,
    23,
    -6,
    true,
    bookerly_10_regularGroups,
    14,
    nullptr,
    bookerly_10_regularKernLeftClasses,
    bookerly_10_regularKernRightClasses,
    bookerly_10_regularKernMatrix,
    676,
    685,
    149,
    123,
    bookerly_10_regularLigaturePairs,
    5,
};
