/**
 * generated by fontconvert.py
 * name: bookerly_14_bolditalic
 * size: 14
 * mode: 2-bit  compressed: zopfli
 * Command used: fontconvert.py bookerly_14_bolditalic 14 ../builtinFonts/source/Bookerly/Bookerly-BoldItalic.ttf --2bit --compress --zopfli
 */
#pragma once
#include "EpdFontData.h"

static const uint8_t bookerly_14_bolditalicBitmaps[34216] = {
    0x9D, 0x79, 0x01, 0xA4, 0x2E, 0xC9, 0x95, 0xFF, 0xAF, 0xBB, 0x73, 0xA7, 0xF3, 0x9F, 0xFE, 0xAF,
    0x1A, 0xEC, 0x1B, 0xD9, 0xCC, 0x4A, 0x43, 0x96, 0x35, 0x6C, 0x0A, 0x20, 0x48, 0x5E, 0x75, 0x66,
    0x30, 0x08, 0xE6, 0x22, 0xB3, 0x61, 0xC7, 0xEE, 0xC0, 0x82, 0x59, 0xF6, 0x01, 0x0C, 0xCC, 0xEB,
    0x4E, 0x06, 0x41, 0x30, 0x0F, 0x59, 0xB0, 0xC8, 0x62, 0x90, 0x77, 0x83, 0x07, 0x8B, 0xC5, 0xDE,
    0xD7, 0x3D, 0x33, 0x18, 0x0C, 0xA6, 0x93, 0x6C, 0x04, 0xC1, 0xF4, 0xF2, 0x56, 0x98, 0xC1, 0xAB,
    0x5D, 0xFD, 0x36, 0xF5, 0xEE, 0xAB, 0xAE, 0xB3, 0xF5, 0xEB, 0xAA, 0xF9, 0xEE, 0xFD, 0xE6, 0x66,
    0x2C, 0x5B, 0xB7, 0xEB, 0x57, 0x7D, 0xFB, 0xAB, 0xAF, 0xCE, 0x39, 0xE7, 0xFC, 0xCE, 0xA9, 0xBA,
    0x7D, 0xF1, 0xD5, 0x0E, 0x63, 0x07, 0x41, 0x19, 0x50, 0x6D, 0xA8, 0x3C, 0x2A, 0x87, 0x7A, 0x45,
    0x6D, 0xD1, 0xC4, 0x6B, 0x81, 0x9A, 0xA1, 0xA6, 0xFD, 0x1A, 0xA0, 0x3A, 0x7C, 0x09, 0x6C, 0x6D,
    0x87, 0x7E, 0xC2, 0x38, 0xA0, 0x07, 0xFE, 0x18, 0x28, 0xE7, 0x7F, 0x51, 0xBF, 0x5A, 0xF5, 0x07,
    0x56, 0x7F, 0x68, 0xCD, 0x8F, 0x17, 0xF3, 0xF2, 0x6C, 0xD4, 0x74, 0x53, 0x4D, 0x6F, 0xAA, 0xE1,
    0x99, 0xF8, 0x85, 0x93, 0xD3, 0x1B, 0x88, 0xEB, 0xDC, 0x8E, 0x30, 0x9D, 0x03, 0xED, 0xE4, 0x01,
    0x3D, 0x78, 0x28, 0x11, 0xB1, 0x84, 0xE5, 0x64, 0xFC, 0xFE, 0xA3, 0x0E, 0xF7, 0x2B, 0x0B, 0x9C,
    0xD7, 0x0B, 0xE0, 0x9B, 0x19, 0xCF, 0x87, 0x7B, 0x9F, 0x74, 0xA3, 0x88, 0x60, 0x87, 0xCA, 0xEA,
    0x2E, 0x82, 0xE9, 0x50, 0x2F, 0x06, 0x68, 0xE6, 0x1E, 0x57, 0x5B, 0x3D, 0x01, 0xCD, 0x00, 0xAA,
    0x88, 0x16, 0x68, 0x64, 0x81, 0x11, 0x8F, 0x70, 0x73, 0x2B, 0xDD, 0xB7, 0xEE, 0x57, 0xEB, 0x1B,
    0xDF, 0xAE, 0xFC, 0x3F, 0x7F, 0xB3, 0x14, 0x8B, 0x22, 0x76, 0x8C, 0x54, 0x41, 0xE2, 0x5A, 0x32,
    0xC5, 0x6E, 0xFF, 0xA2, 0x79, 0xDB, 0xDE, 0x57, 0x8D, 0x95, 0xD8, 0xC7, 0xBF, 0x69, 0x67, 0x13,
    0xC6, 0xA9, 0x95, 0x80, 0x52, 0x1E, 0x00, 0x6F, 0x00, 0x58, 0x01, 0x58, 0xA0, 0x88, 0xBD, 0x5C,
    0xE2, 0xD8, 0xE1, 0x6A, 0xAB, 0x06, 0xA0, 0x5F, 0xE8, 0xB3, 0x52, 0x1C, 0x3D, 0xD6, 0x3C, 0xF2,
    0x30, 0x43, 0xB4, 0x74, 0xC3, 0x88, 0x78, 0xB7, 0xC1, 0xC7, 0x01, 0x5B, 0xB5, 0x02, 0x3D, 0x7C,
    0xB3, 0xC4, 0xA1, 0xF0, 0x6A, 0x8A, 0x43, 0xB5, 0x1A, 0xDC, 0x45, 0xFF, 0x5D, 0x7B, 0xDE, 0xC8,
    0x64, 0xE4, 0x5D, 0x67, 0x1E, 0x2E, 0x4D, 0xA8, 0xEC, 0xD8, 0x58, 0xFA, 0xCB, 0xD7, 0x71, 0xD0,
    0x2F, 0xEC, 0xC3, 0xED, 0xCA, 0xF1, 0xA1, 0xAF, 0x56, 0xB5, 0xA0, 0x5A, 0xE3, 0x30, 0xA1, 0x59,
    0x2A, 0xB7, 0x4B, 0x2A, 0x83, 0x00, 0xA6, 0x83, 0x38, 0xE0, 0x26, 0x18, 0x56, 0x7C, 0x19, 0x57,
    0x5B, 0xEB, 0x89, 0x22, 0xD4, 0x77, 0xEB, 0x3B, 0xA0, 0xA1, 0x47, 0xA1, 0x66, 0x03, 0xC6, 0xE4,
    0x36, 0xF1, 0x3D, 0x8F, 0xFF, 0x8F, 0xF6, 0xE3, 0x05, 0xE7, 0x68, 0x03, 0x6E, 0x79, 0xF4, 0xB6,
    0x91, 0xB5, 0x94, 0xC5, 0x04, 0x34, 0x4F, 0xEC, 0x4D, 0x0F, 0xFD, 0xBE, 0x83, 0x87, 0xF9, 0xA1,
    0x2F, 0x57, 0xF4, 0x9D, 0x54, 0x16, 0x23, 0xC6, 0x8F, 0xE6, 0x78, 0x6F, 0x64, 0x42, 0x3F, 0x29,
    0x6A, 0xF1, 0xF8, 0x96, 0x0C, 0x7B, 0x74, 0x43, 0x57, 0xCA, 0xD6, 0xCA, 0x8A, 0x13, 0xD0, 0xF5,
    0x00, 0x4E, 0xBA, 0x72, 0x56, 0xB3, 0x9E, 0xF4, 0x64, 0x06, 0xD3, 0x99, 0xA8, 0xEA, 0x9B, 0x78,
    0x06, 0x59, 0x43, 0x00, 0x23, 0xC8, 0x41, 0x28, 0x0B, 0x98, 0x09, 0x10, 0xA0, 0xF4, 0x20, 0x21,
    0xF7, 0x47, 0xED, 0x0C, 0xE8, 0x09, 0x30, 0x74, 0x38, 0x67, 0xE7, 0x1E, 0xAE, 0x74, 0xC9, 0xCF,
    0x68, 0x22, 0xE7, 0x71, 0x19, 0x7E, 0x8F, 0xDF, 0xAF, 0x1C, 0x50, 0x70, 0xD2, 0x9B, 0x20, 0x71,
    0x53, 0x6B, 0x76, 0xFB, 0xD3, 0x84, 0xDA, 0x25, 0x81, 0x08, 0xD7, 0x57, 0x81, 0xBE, 0xD6, 0xF3,
    0x67, 0xDD, 0x41, 0x8B, 0xC2, 0x27, 0x21, 0x4D, 0x56, 0x96, 0x1F, 0x4B, 0x32, 0xA9, 0x5D, 0xD2,
    0xCC, 0xAF, 0x60, 0x6F, 0x5F, 0xD2, 0xDD, 0xD7, 0x74, 0x67, 0xFE, 0x1E, 0x7A, 0x7B, 0xA7, 0x10,
    0xF7, 0x5C, 0x70, 0xE6, 0x1C, 0xDF, 0xD0, 0xF1, 0xF9, 0x41, 0x33, 0x3D, 0x5C, 0xEB, 0xBD, 0xC8,
    0xCC, 0xFE, 0xFC, 0xF8, 0xC9, 0x70, 0xED, 0x73, 0xC6, 0x1C, 0xC0, 0x7D, 0x14, 0x02, 0xA4, 0x6B,
    0xCF, 0xE8, 0xC6, 0x52, 0xFD, 0x3F, 0x01, 0xDB, 0x28, 0x93, 0xEC, 0x17, 0xB0, 0x9B, 0x6D, 0xA6,
    0x7E, 0xEA, 0x3B, 0x0A, 0xA4, 0xAE, 0xC9, 0xAB, 0xD8, 0x90, 0xBD, 0x40, 0xBF, 0x43, 0x2D, 0xD9,
    0x41, 0x54, 0x3F, 0x59, 0x5A, 0x6C, 0x48, 0x76, 0x92, 0xF3, 0xE4, 0x10, 0xE8, 0x8D, 0xEC, 0x2E,
    0x04, 0x24, 0x47, 0x80, 0x74, 0x47, 0x93, 0x66, 0x1C, 0x09, 0xC8, 0x06, 0x26, 0x8D, 0x56, 0xA0,
    0x16, 0xD2, 0x46, 0x64, 0x80, 0xFC, 0x42, 0x22, 0x95, 0x61, 0xE6, 0xDA, 0xC3, 0x2C, 0x6A, 0x8D,
    0xD0, 0x5A, 0x98, 0x59, 0x2F, 0x11, 0xCC, 0x4C, 0x98, 0x40, 0xA5, 0xD1, 0x13, 0xA4, 0x1B, 0x23,
    0xC4, 0xFB, 0x6A, 0x8B, 0xD0, 0x78, 0x18, 0xAB, 0x2D, 0x34, 0xED, 0x53, 0x12, 0x80, 0x52, 0x56,
    0xFA, 0xFA, 0x20, 0xEC, 0x9C, 0x69, 0x8F, 0x4A, 0x42, 0xEC, 0x1B, 0x50, 0xC7, 0xDE, 0xF8, 0xD4,
    0x95, 0x8B, 0x7D, 0x05, 0x5A, 0x26, 0x5C, 0xEC, 0x86, 0x9D, 0x89, 0x3A, 0xC7, 0x3E, 0x01, 0x63,
    0xEC, 0x32, 0xE1, 0x29, 0x79, 0x80, 0x5E, 0x36, 0x88, 0x78, 0xA4, 0x56, 0xCA, 0xC2, 0x55, 0x37,
    0x3A, 0x57, 0x50, 0xCA, 0x77, 0x64, 0xA8, 0x3C, 0x22, 0xD8, 0x08, 0x38, 0x85, 0x74, 0x9C, 0x43,
    0x4F, 0xD0, 0x6B, 0x9A, 0x0A, 0x8D, 0x0B, 0x1F, 0x0D, 0xF9, 0x11, 0x25, 0x71, 0xEA, 0xAE, 0x0E,
    0xF4, 0xA3, 0x57, 0xBE, 0xC7, 0x95, 0x3C, 0x44, 0xC4, 0x31, 0xE2, 0xCB, 0xB1, 0x20, 0x9F, 0x04,
    0x15, 0x51, 0x10, 0xDD, 0x2C, 0x80, 0x25, 0xA0, 0x0C, 0x94, 0xE1, 0xF2, 0xF2, 0x5A, 0xC8, 0x4E,
    0xB1, 0xC0, 0x37, 0xEE, 0xED, 0xA1, 0x24, 0x54, 0x84, 0x86, 0x40, 0x35, 0xB8, 0xDE, 0xEB, 0x74,
    0xFA, 0x48, 0xE5, 0x8D, 0xDC, 0x01, 0x0A, 0x5C, 0x69, 0x0C, 0x55, 0x21, 0xFC, 0x2E, 0x57, 0x6E,
    0x37, 0x3E, 0xF2, 0x7C, 0x14, 0xA1, 0xFE, 0xEF, 0x08, 0xED, 0xAF, 0x1C, 0xD0, 0xBF, 0xB8, 0xA2,
    0xD8, 0x6A, 0x8B, 0x7A, 0x6D, 0x2C, 0xDA, 0x59, 0x2D, 0xD4, 0x59, 0x06, 0x21, 0x8C, 0x11, 0xBA,
    0x1B, 0xAF, 0xF4, 0xBF, 0x3E, 0x84, 0x3F, 0x53, 0x08, 0x10, 0x6A, 0x91, 0xE3, 0x0E, 0xF4, 0x84,
    0x31, 0x5A, 0xCE, 0xE7, 0x99, 0x42, 0x74, 0x5C, 0x25, 0x8E, 0xC0, 0xDB, 0x57, 0x65, 0xCA, 0xB6,
    0xC1, 0x10, 0xF4, 0x01, 0x18, 0xA2, 0x82, 0x9F, 0xB6, 0x82, 0x14, 0x98, 0xDD, 0x69, 0xE3, 0x63,
    0x1C, 0xB7, 0xA7, 0xA4, 0xA3, 0xA4, 0x09, 0x95, 0xC4, 0x8F, 0xDA, 0xC0, 0xBC, 0xB5, 0xFC, 0xEA,
    0x90, 0x6D, 0x54, 0xE1, 0x67, 0x5C, 0x44, 0x06, 0x18, 0xAE, 0xD0, 0xCF, 0xBD, 0xC5, 0x38, 0xA8,
    0x15, 0x63, 0x17, 0x41, 0x32, 0xF0, 0x59, 0x6B, 0xD1, 0x93, 0x8F, 0x24, 0xED, 0xE7, 0xA9, 0xA6,
    0x44, 0x9C, 0x16, 0x09, 0x46, 0x64, 0x33, 0x67, 0xF7, 0x7C, 0x8F, 0xD6, 0x9E, 0xA3, 0x9F, 0xBE,
    0x05, 0x61, 0xED, 0x4D, 0x54, 0xD3, 0x36, 0xD1, 0x4A, 0x3A, 0x54, 0x72, 0x60, 0x60, 0x62, 0xDE,
    0x67, 0x8C, 0xCB, 0x55, 0xEE, 0x04, 0x38, 0x30, 0x60, 0xCE, 0x0C, 0x90, 0x4F, 0x03, 0x03, 0x2E,
    0xA8, 0x3C, 0xC1, 0x11, 0x7C, 0xB9, 0xA1, 0x94, 0x97, 0x57, 0x40, 0x38, 0xCF, 0x08, 0x50, 0x50,
    0xBD, 0x66, 0x93, 0x19, 0x66, 0xD1, 0x16, 0x3D, 0x6D, 0x11, 0x34, 0x19, 0x64, 0x88, 0xCF, 0xC6,
    0x0B, 0x99, 0x52, 0x0C, 0x6A, 0x59, 0x99, 0x9B, 0xC7, 0xA9, 0xD9, 0x88, 0x50, 0x24, 0xE7, 0xCC,
    0xFD, 0x1C, 0x75, 0xD2, 0x0B, 0x84, 0x49, 0x22, 0x50, 0x04, 0xDE, 0x75, 0xED, 0x02, 0x99, 0xCC,
    0x8C, 0x9E, 0xF3, 0x34, 0x65, 0x96, 0x22, 0xC8, 0x84, 0x6E, 0x13, 0x25, 0xB9, 0xFE, 0x80, 0x62,
    0xDC, 0xA9, 0x46, 0x82, 0x06, 0x5C, 0xF2, 0xED, 0xBC, 0x0C, 0x55, 0xA8, 0x3C, 0x4E, 0x91, 0xDB,
    0xB5, 0xEA, 0x84, 0x72, 0x45, 0xE3, 0xE8, 0xA3, 0xC6, 0x7E, 0x7E, 0xFF, 0xC5, 0xFF, 0x5A, 0xF7,
    0xD8, 0x9A, 0x61, 0x4F, 0xE2, 0x46, 0x3A, 0x8C, 0x0F, 0xD0, 0x04, 0xEE, 0xD9, 0xA9, 0xB7, 0x81,
    0x9E, 0x3A, 0xDC, 0x90, 0x48, 0x03, 0x50, 0x1E, 0xAA, 0x2D, 0x3B, 0x72, 0x7B, 0xFE, 0xEC, 0x6C,
    0xF8, 0xEC, 0xD9, 0x8D, 0x57, 0x5E, 0xD9, 0x15, 0xF9, 0x1A, 0x00, 0x93, 0x4C, 0xCA, 0x49, 0xBA,
    0xF1, 0x66, 0xDA, 0x43, 0xC9, 0x3C, 0xBF, 0xE5, 0x76, 0xE3, 0x0D, 0x03, 0x3C, 0x1C, 0x36, 0xE6,
    0x66, 0x83, 0x16, 0xEE, 0x9B, 0x66, 0x9C, 0xBF, 0xAE, 0x66, 0xF0, 0x9A, 0x60, 0x3A, 0x6A, 0xBF,
    0xF2, 0x37, 0x03, 0xF4, 0xA7, 0xE8, 0x59, 0x04, 0x33, 0x09, 0x74, 0x87, 0x7E, 0xC0, 0x18, 0xAF,
    0xE3, 0x22, 0x5A, 0x8C, 0xCC, 0x5E, 0x52, 0x77, 0xA3, 0x05, 0x32, 0x32, 0xEC, 0xA1, 0x63, 0x66,
    0x30, 0x43, 0x48, 0x59, 0x26, 0xD3, 0x5A, 0x6C, 0xB8, 0xFD, 0xD5, 0xCA, 0xC5, 0x1F, 0x91, 0xD2,
    0x35, 0x56, 0x3D, 0x09, 0x85, 0xE3, 0x7E, 0xEC, 0x4B, 0x17, 0xDD, 0x8D, 0x38, 0xE8, 0x61, 0x84,
    0xAB, 0x56, 0xD3, 0x6D, 0xE5, 0x5A, 0x59, 0x03, 0x5F, 0xD9, 0x66, 0x89, 0x43, 0x63, 0x39, 0x61,
    0xD3, 0xB6, 0xEF, 0x0C, 0x64, 0x7B, 0x12, 0x60, 0xBA, 0xF1, 0x3F, 0x65, 0x85, 0x19, 0xE2, 0x57,
    0xBA, 0x54, 0xFF, 0xD3, 0x36, 0x87, 0xC4, 0xE5, 0xFF, 0xC7, 0xCC, 0xFD, 0xC9, 0xB3, 0x8C, 0xB3,
    0xA4, 0x72, 0xD9, 0x66, 0x47, 0xFE, 0xD5, 0x4F, 0x72, 0x42, 0x76, 0x44, 0x33, 0x11, 0x47, 0x62,
    0xB1, 0x7F, 0x5E, 0xED, 0xD8, 0x3C, 0xE4, 0x52, 0xEA, 0x23, 0x4B, 0xBB, 0xDF, 0x26, 0xF6, 0x0D,
    0x71, 0x6B, 0x56, 0xEE, 0x2F, 0xB5, 0xA3, 0x41, 0xAC, 0x68, 0xCD, 0xA3, 0xEF, 0x47, 0x54, 0xBB,
    0x08, 0xE6, 0x1C, 0xD0, 0xBF, 0xF2, 0x97, 0x01, 0x08, 0x28, 0x85, 0xFB, 0x58, 0x21, 0xAC, 0x7E,
    0xA5, 0xDC, 0xE9, 0xA5, 0xD3, 0xB2, 0x8E, 0xF4, 0xB9, 0x8D, 0x4A, 0xBC, 0x83, 0xC4, 0x55, 0x11,
    0xB1, 0xF8, 0x74, 0xD3, 0x0E, 0x95, 0xAF, 0x7D, 0x9C, 0x5B, 0x45, 0x88, 0x3E, 0x42, 0xB3, 0xD6,
    0x2B, 0xD4, 0xAA, 0x2C, 0x54, 0x18, 0xA7, 0x54, 0x18, 0xB4, 0xC8, 0xBE, 0x15, 0xAD, 0x30, 0x93,
    0x72, 0x11, 0x1A, 0x87, 0x9E, 0x30, 0x0E, 0x8A, 0xA9, 0xA0, 0x97, 0x42, 0xCE, 0x64, 0x6A, 0x45,
    0x42, 0x2A, 0x22, 0xC8, 0xA6, 0xDE, 0xA5, 0x8D, 0xB2, 0x32, 0xA1, 0x1C, 0x74, 0xF8, 0xB9, 0x83,
    0x2C, 0xE5, 0x5A, 0x0A, 0x2A, 0xCB, 0x83, 0xF7, 0x12, 0x97, 0x28, 0x58, 0x60, 0x80, 0x76, 0xB7,
    0x98, 0x60, 0x76, 0x58, 0xF2, 0x5D, 0x86, 0x15, 0xC5, 0xA0, 0x3D, 0x9A, 0x49, 0xC9, 0x3F, 0x8C,
    0x43, 0x23, 0x22, 0x28, 0x77, 0xDB, 0x7B, 0xBA, 0x6D, 0x4F, 0xA1, 0xE2, 0x75, 0x3A, 0x78, 0xA4,
    0xBE, 0x95, 0x50, 0x5E, 0xF5, 0xF0, 0xF1, 0x18, 0xC8, 0x83, 0x5A, 0xB8, 0x7E, 0x21, 0x43, 0x44,
    0xC8, 0x44, 0x76, 0xF4, 0x4C, 0x6D, 0x32, 0xC5, 0xA4, 0x9B, 0x89, 0xD7, 0x98, 0x70, 0xE0, 0x8D,
    0x74, 0xA0, 0x97, 0x50, 0xEC, 0x57, 0xB5, 0x17, 0x1E, 0xE5, 0x79, 0x33, 0x5A, 0xD4, 0xC2, 0x9C,
    0xEF, 0x77, 0xB7, 0x8B, 0x90, 0x85, 0x47, 0xCD, 0x50, 0xBD, 0x8C, 0x75, 0x38, 0x0B, 0x60, 0x62,
    0xDE, 0x06, 0x03, 0xF2, 0xE6, 0x8E, 0x6F, 0xE4, 0x3D, 0x8B, 0x7B, 0x2F, 0xF1, 0xF1, 0xEB, 0x5D,
    0x2E, 0xC1, 0x74, 0x75, 0x32, 0x9F, 0x38, 0x67, 0xA6, 0x74, 0xAC, 0x8D, 0x25, 0xAB, 0xFB, 0x50,
    0x45, 0x94, 0x4E, 0xCD, 0x28, 0xE4, 0x53, 0xD9, 0xC3, 0x13, 0x91, 0xA2, 0xBA, 0x4B, 0xE1, 0x1B,
    0xC1, 0xA3, 0x96, 0x33, 0xCF, 0xD2, 0xCB, 0xE8, 0xC2, 0x11, 0x2C, 0xC5, 0x66, 0xA9, 0x04, 0x7E,
    0xBD, 0xCB, 0x1B, 0xD2, 0xC5, 0xDD, 0x24, 0x30, 0x31, 0xB3, 0x27, 0x8C, 0x04, 0x2A, 0x55, 0xC8,
    0xBF, 0x71, 0x2E, 0xA9, 0x46, 0x00, 0x4E, 0xEE, 0x76, 0x74, 0xB5, 0x63, 0x60, 0x03, 0x03, 0xBB,
    0x41, 0x66, 0xF8, 0x52, 0x00, 0xCF, 0x62, 0xBF, 0xB2, 0xB4, 0x5F, 0x09, 0xAC, 0x49, 0x50, 0x9C,
    0x9D, 0x99, 0xA5, 0x94, 0x10, 0xEF, 0x46, 0x6F, 0x2C, 0xD4, 0x6A, 0x56, 0x28, 0xDB, 0xFA, 0x08,
    0x8A, 0x15, 0x95, 0x8E, 0x9D, 0x0B, 0x49, 0x15, 0xF5, 0xF1, 0x71, 0x61, 0x36, 0x62, 0xE3, 0x95,
    0x86, 0x05, 0x75, 0xE0, 0x95, 0xFF, 0x7C, 0xC3, 0xCE, 0x60, 0x0E, 0x34, 0x90, 0x3D, 0x1D, 0x6C,
    0x78, 0x41, 0x5D, 0x9C, 0xDD, 0xB3, 0x54, 0x9F, 0x8C, 0xA7, 0xB1, 0xB2, 0xD0, 0xC1, 0x34, 0x96,
    0x7D, 0x1F, 0xF6, 0xC0, 0x67, 0x0A, 0xB0, 0x8F, 0x03, 0x0D, 0x27, 0x09, 0x0A, 0xB9, 0x13, 0x93,
    0x08, 0xAD, 0x38, 0xCD, 0xB4, 0x97, 0x95, 0x3A, 0x64, 0x7D, 0xF8, 0x3B, 0xC9, 0xB0, 0xAB, 0x91,
    0xF5, 0x38, 0x3E, 0x57, 0x29, 0x0A, 0xA6, 0x54, 0x8A, 0x9C, 0xAF, 0xEC, 0x72, 0xEC, 0x03, 0x33,
    0x9F, 0x2B, 0xEF, 0x4B, 0xE5, 0xA6, 0xC5, 0xE5, 0x23, 0x4C, 0x2D, 0x1D, 0xC8, 0xB7, 0xB4, 0x3A,
    0x97, 0x4F, 0xEB, 0x5F, 0x8B, 0xA1, 0xCD, 0x40, 0x29, 0x5F, 0x1C, 0x43, 0x1A, 0x43, 0x2A, 0xA7,
    0x35, 0xFF, 0x88, 0x2B, 0x45, 0xB1, 0x84, 0x85, 0xD0, 0x01, 0x4F, 0xBF, 0x73, 0xE4, 0x6C, 0x09,
    0xFC, 0x8C, 0x3C, 0xE2, 0xD1, 0x94, 0xF2, 0x85, 0x0A, 0x24, 0x3F, 0x53, 0x5E, 0xE3, 0xFA, 0x01,
    0x50, 0x8F, 0x02, 0x22, 0x3E, 0x71, 0xD4, 0x82, 0x6B, 0x41, 0xCB, 0x1E, 0xED, 0x87, 0x8E, 0xF8,
    0x1B, 0x4F, 0x7C, 0x5F, 0x76, 0x7D, 0x64, 0xA0, 0xD9, 0xE3, 0x4E, 0x61, 0xE3, 0xE8, 0xDB, 0x36,
    0xA0, 0x95, 0xB5, 0x96, 0xC9, 0xC8, 0x9E, 0xA0, 0xF9, 0x34, 0x91, 0x55, 0xC8, 0x50, 0x1F, 0x9C,
    0x50, 0xFF, 0x21, 0x27, 0xD8, 0xE3, 0xF2, 0x71, 0xC5, 0x09, 0xC5, 0x1D, 0x9E, 0x92, 0x17, 0x8C,
    0x53, 0xBD, 0x40, 0x06, 0x35, 0xEF, 0x49, 0x43, 0x26, 0x0C, 0x29, 0x3B, 0x73, 0x53, 0x32, 0xA3,
    0x0F, 0x71, 0x58, 0x20, 0x9E, 0xBB, 0x59, 0x29, 0x33, 0x87, 0x6A, 0x3F, 0x36, 0xD9, 0x26, 0xFD,
    0xC1, 0xAC, 0x1E, 0x4E, 0x68, 0x7E, 0x6B, 0x75, 0x3F, 0x41, 0x7D, 0x68, 0x6F, 0x9A, 0x38, 0x7C,
    0xB0, 0xFA, 0x38, 0xE8, 0xB7, 0x1E, 0xBB, 0x38, 0x98, 0x17, 0x9F, 0x58, 0x33, 0xC0, 0x54, 0xB2,
    0xF4, 0x03, 0x6E, 0x97, 0x32, 0xC5, 0x61, 0x2B, 0xA5, 0x8B, 0x83, 0x2F, 0x24, 0x5A, 0x5E, 0x78,
    0x6C, 0x18, 0xBB, 0xD2, 0xC1, 0xC7, 0xA1, 0x76, 0x38, 0x2D, 0x64, 0xA6, 0xEF, 0x5B, 0x56, 0xE8,
    0xE4, 0xB9, 0xDC, 0xF6, 0x53, 0xF0, 0x40, 0x75, 0x7A, 0x7E, 0x1E, 0xD0, 0x90, 0x4E, 0x82, 0xDA,
    0x72, 0x18, 0x9A, 0x85, 0xDE, 0x9E, 0xD4, 0xCC, 0x2F, 0xCD, 0x8A, 0xBB, 0xEE, 0x68, 0x5B, 0x0E,
    0xAF, 0xAD, 0x9A, 0x54, 0x56, 0x4E, 0xD3, 0xD9, 0xB5, 0x37, 0x1D, 0x70, 0xBF, 0x0A, 0x06, 0xA0,
    0x2E, 0x3D, 0x00, 0x0F, 0x9A, 0x5E, 0x78, 0xB0, 0x3A, 0x96, 0x1E, 0x86, 0xE4, 0x75, 0xD0, 0x0C,
    0xEC, 0x63, 0xB4, 0x1E, 0x94, 0x4C, 0x06, 0x8F, 0xD2, 0xD5, 0x89, 0x98, 0x45, 0x2A, 0xE7, 0x24,
    0x48, 0x21, 0x32, 0x53, 0x05, 0x72, 0xA7, 0x0F, 0xA3, 0x07, 0x64, 0x6E, 0x02, 0x2A, 0xE1, 0xD5,
    0x6C, 0x88, 0xF6, 0x2A, 0x6E, 0x3F, 0x5D, 0xBB, 0x46, 0x1C, 0xB4, 0xE5, 0xBD, 0xC9, 0x88, 0x92,
    0xC8, 0x99, 0xC4, 0x40, 0x6C, 0x36, 0xA2, 0xF2, 0xD0, 0x6E, 0xBF, 0x09, 0x4C, 0x0A, 0x16, 0xF8,
    0x2E, 0x57, 0x78, 0xDC, 0x4A, 0x05, 0xB6, 0x23, 0x20, 0x6F, 0x60, 0x33, 0x84, 0x1A, 0x3C, 0x09,
    0xB7, 0x3C, 0x2A, 0xDF, 0x6C, 0xDC, 0xC0, 0x42, 0x82, 0xC6, 0x55, 0x1B, 0xD4, 0x5A, 0xEF, 0x45,
    0xC5, 0xA1, 0xB5, 0xBD, 0x4D, 0x5B, 0x9E, 0x91, 0x0D, 0x30, 0x9F, 0x74, 0x47, 0xE9, 0x31, 0x1C,
    0x4A, 0xDC, 0x7C, 0x54, 0xE2, 0x68, 0x6C, 0xB2, 0x76, 0x42, 0x36, 0x37, 0xDB, 0x9B, 0x0D, 0xCE,
    0x16, 0x67, 0x93, 0x91, 0x6C, 0x46, 0x32, 0x1A, 0xC9, 0x6A, 0x98, 0xC3, 0xC0, 0x29, 0xC9, 0xF0,
    0x6C, 0x79, 0x36, 0x3D, 0xDB, 0x9E, 0x8D, 0x87, 0xDA, 0x76, 0x3D, 0x58, 0x06, 0x01, 0xDA, 0xEF,
    0x40, 0x25, 0x43, 0xC7, 0xA1, 0x7D, 0x4C, 0x4C, 0xEF, 0x67, 0xA8, 0x8C, 0xFC, 0x07, 0x07, 0xBA,
    0x2A, 0xFD, 0x2A, 0xBB, 0xDA, 0x49, 0x7B, 0x14, 0x5D, 0x76, 0x56, 0xF2, 0x56, 0x72, 0x57, 0xDC,
    0xF0, 0x5B, 0x0F, 0xEE, 0xF8, 0x1B, 0xE8, 0x2C, 0x22, 0xBD, 0x45, 0x9F, 0x79, 0xA6, 0x53, 0x43,
    0xB4, 0x4C, 0xA6, 0xF6, 0x82, 0x86, 0x6B, 0x09, 0x39, 0x13, 0x99, 0xCA, 0x8E, 0xF8, 0xFE, 0x46,
    0x61, 0xEF, 0xCA, 0xEE, 0x3C, 0xCE, 0x91, 0xAE, 0xB7, 0x4C, 0x65, 0xED, 0x49, 0x63, 0xB5, 0x1F,
    0x34, 0x4A, 0x01, 0xDB, 0x33, 0x00, 0x5E, 0x3F, 0xA5, 0x3D, 0x61, 0xD7, 0xA3, 0xC3, 0xF8, 0xEB,
    0xB1, 0x83, 0xC0, 0xA0, 0xC8, 0xF0, 0x6D, 0xA4, 0xB4, 0xA7, 0x08, 0x12, 0x92, 0xF3, 0x26, 0x5A,
    0xC5, 0xDF, 0x69, 0x3E, 0x79, 0xA9, 0xBA, 0xC6, 0xA3, 0xED, 0x6A, 0x0F, 0x3D, 0x44, 0x30, 0x33,
    0x0F, 0x21, 0x41, 0xF2, 0x1F, 0xBD, 0xA5, 0x6C, 0x07, 0x8A, 0xA6, 0x58, 0xC9, 0xD6, 0x46, 0xF0,
    0xFA, 0x42, 0x7E, 0xEE, 0x4D, 0x21, 0x85, 0x37, 0xA5, 0x14, 0xEB, 0xCD, 0x32, 0x94, 0xF6, 0x2B,
    0xD5, 0x56, 0x0C, 0x57, 0x8B, 0x29, 0x41, 0xFD, 0xA1, 0x62, 0xB2, 0x1C, 0x15, 0x93, 0xF1, 0x01,
    0x57, 0xDE, 0x08, 0xFE, 0x78, 0x47, 0x32, 0xB2, 0x18, 0x99, 0xB9, 0x1F, 0x91, 0x85, 0x5C, 0xBA,
    0xE1, 0x51, 0x0A, 0x4D, 0xBC, 0x56, 0xAE, 0xDA, 0x58, 0xA8, 0xFD, 0x6A, 0x23, 0x2E, 0xE4, 0x46,
    0x3B, 0x73, 0x65, 0x1D, 0x71, 0x86, 0x9E, 0x60, 0xF6, 0xAB, 0x8F, 0x38, 0x10, 0x47, 0xA0, 0x9F,
    0x0B, 0x89, 0xB8, 0x3E, 0x47, 0x86, 0x90, 0x05, 0xB4, 0x6A, 0x66, 0xEC, 0xC3, 0xBE, 0xFD, 0x1E,
    0x15, 0x6A, 0xB5, 0xEB, 0xA0, 0x76, 0x1D, 0x4A, 0xC9, 0x5B, 0x22, 0xB3, 0x61, 0xDD, 0x0F, 0x2D,
    0x0C, 0x0E, 0x25, 0xD2, 0xED, 0x03, 0xB1, 0x07, 0x91, 0x0B, 0x8D, 0x2F, 0x78, 0xEC, 0x7F, 0xCC,
    0x12, 0x7F, 0xBC, 0x07, 0xF9, 0xED, 0x89, 0xF8, 0x70, 0x20, 0x0A, 0xE8, 0x87, 0x8D, 0x48, 0xDA,
    0x64, 0x17, 0xD1, 0x86, 0xCF, 0xB7, 0x51, 0xE6, 0x96, 0x85, 0x8A, 0x85, 0x35, 0x8E, 0x68, 0x1D,
    0xFA, 0x2E, 0x6D, 0xC3, 0xD2, 0xD1, 0x78, 0xC7, 0x82, 0x30, 0x91, 0x67, 0xD2, 0x99, 0x21, 0x8E,
    0xB5, 0x74, 0x3D, 0xE2, 0xA8, 0x64, 0x08, 0x64, 0x61, 0x3B, 0xFE, 0xC0, 0x73, 0x34, 0xE6, 0x2D,
    0xC7, 0x72, 0x74, 0x5B, 0xFF, 0xC8, 0x92, 0xA9, 0x5E, 0xBF, 0xBD, 0xB0, 0xF8, 0x3B, 0xFD, 0xF1,
    0x14, 0xC7, 0xB0, 0xB6, 0x32, 0x80, 0x45, 0xB9, 0x4D, 0x19, 0x32, 0xB7, 0x61, 0x1F, 0x27, 0x6A,
    0xC8, 0x34, 0xA3, 0x8E, 0xB4, 0x58, 0x59, 0x8E, 0x1B, 0xD4, 0x8C, 0x6B, 0xCD, 0xC8, 0x2C, 0x12,
    0x71, 0x92, 0x0D, 0x4D, 0xDA, 0xDD, 0x04, 0x23, 0x37, 0xFB, 0x82, 0xD6, 0xCA, 0x8F, 0x76, 0x87,
    0x7C, 0xBC, 0x07, 0x9F, 0xE2, 0xB0, 0x0B, 0x81, 0xF2, 0x97, 0xAE, 0x30, 0x81, 0x18, 0x04, 0x54,
    0x96, 0x73, 0x94, 0x65, 0x41, 0x31, 0x13, 0x29, 0x33, 0x32, 0xD4, 0x65, 0x60, 0xC6, 0x6A, 0x99,
    0xE9, 0x14, 0x79, 0x57, 0xA4, 0xBB, 0x2E, 0x9C, 0x65, 0x6F, 0x01, 0x29, 0x3D, 0x30, 0x6E, 0x02,
    0x94, 0xA1, 0xE0, 0xFA, 0x52, 0xAD, 0xC4, 0x97, 0xA9, 0xC2, 0x78, 0x6F, 0x3A, 0x44, 0xC3, 0xA4,
    0x68, 0x38, 0x22, 0x2D, 0xCC, 0x64, 0xE5, 0x2A, 0xC7, 0xC7, 0x46, 0x12, 0x36, 0x31, 0xF6, 0x88,
    0xB2, 0x10, 0x11, 0x4B, 0x58, 0x8B, 0x70, 0x36, 0xAE, 0xA5, 0xC3, 0xB8, 0x94, 0xDC, 0x79, 0x0B,
    0x5B, 0x4B, 0x36, 0x31, 0xBF, 0x9B, 0x21, 0xDD, 0x0E, 0x2F, 0x09, 0xDA, 0xCB, 0xE7, 0xD3, 0x53,
    0x1D, 0xDD, 0x3C, 0x35, 0xD1, 0xBE, 0xA9, 0x75, 0x34, 0xF9, 0xE2, 0x1E, 0xB3, 0x5E, 0x84, 0xF9,
    0x18, 0x90, 0x5A, 0xC5, 0x4D, 0x33, 0xF6, 0x46, 0x06, 0x32, 0x66, 0x8F, 0x43, 0x3B, 0x5F, 0x7F,
    0x89, 0xD8, 0x5F, 0x79, 0x9D, 0xB9, 0x01, 0xB4, 0xBE, 0xCC, 0x2F, 0x14, 0xE9, 0x03, 0xEE, 0x77,
    0x8D, 0x4D, 0xC6, 0x1E, 0x96, 0xF9, 0x6C, 0x89, 0x2D, 0xF5, 0xE7, 0x7F, 0x16, 0x47, 0x70, 0xC9,
    0xF4, 0x19, 0xE7, 0x34, 0x4B, 0xFA, 0x2E, 0xD7, 0xE0, 0x7A, 0x60, 0x0F, 0x48, 0xF2, 0x28, 0x57,
    0x5F, 0x9D, 0x6C, 0xF3, 0x64, 0x97, 0x27, 0x6F, 0x57, 0x26, 0xDF, 0x48, 0xB6, 0x34, 0x7B, 0xFF,
    0x02, 0xA5, 0x63, 0x2F, 0xBF, 0x48, 0xF1, 0x23, 0xA5, 0xAF, 0xDB, 0x2D, 0x5C, 0x26, 0xD9, 0xD1,
    0xFB, 0x68, 0x0B, 0x4B, 0xF6, 0x53, 0x77, 0xF2, 0xD1, 0x71, 0x05, 0x8C, 0x4F, 0xFD, 0xFC, 0x36,
    0xE0, 0x0D, 0x0A, 0x67, 0xBA, 0x6A, 0x6D, 0xA7, 0xDA, 0xAA, 0xB9, 0x59, 0x9A, 0x45, 0xCD, 0xB5,
    0xD5, 0x53, 0xE5, 0xF4, 0x50, 0xBA, 0xB3, 0xB3, 0xB3, 0x77, 0x44, 0xC4, 0xB1, 0x63, 0x6F, 0xDF,
    0xC4, 0x39, 0x13, 0x7E, 0x6A, 0xE7, 0xCA, 0x62, 0x40, 0x71, 0x7A, 0x02, 0xB4, 0x1B, 0x0B, 0x8C,
    0x04, 0x14, 0xF2, 0x53, 0x96, 0x2B, 0x16, 0xAC, 0x35, 0x6A, 0xAD, 0x6C, 0xBD, 0xA2, 0x5D, 0x94,
    0x85, 0x9E, 0x5A, 0xBB, 0x33, 0x39, 0x42, 0x3F, 0x47, 0x90, 0x08, 0xEF, 0x3F, 0xFC, 0x74, 0x30,
    0xF2, 0x91, 0x0C, 0x5A, 0x54, 0x80, 0x72, 0x71, 0x32, 0xBA, 0x5C, 0x8C, 0x18, 0x67, 0x15, 0xFB,
    0x09, 0xB7, 0xD3, 0xBE, 0xBB, 0x62, 0x58, 0xD1, 0x15, 0x5E, 0xAF, 0x85, 0x17, 0x5F, 0x5E, 0x88,
    0xAF, 0x9E, 0xBC, 0xBF, 0x55, 0x52, 0x6E, 0xF5, 0x56, 0xF9, 0x26, 0x0A, 0x56, 0x6B, 0xEC, 0xB6,
    0x76, 0x2A, 0x4A, 0xD5, 0x73, 0xBB, 0x98, 0x99, 0x64, 0x92, 0xAE, 0x97, 0x0D, 0xB7, 0xC7, 0x25,
    0x17, 0xF5, 0xEF, 0x01, 0x8D, 0x74, 0xE8, 0x65, 0x2A, 0x84, 0xAF, 0x19, 0xEB, 0x83, 0x5F, 0xF5,
    0xCC, 0x8C, 0xBB, 0xDA, 0x9F, 0x86, 0xB1, 0x3D, 0x77, 0x7A, 0xEE, 0x45, 0xA8, 0x65, 0xE0, 0x26,
    0x94, 0xB5, 0x4C, 0xBF, 0x52, 0xCF, 0xA8, 0xE8, 0xB5, 0xF7, 0x72, 0xC5, 0x69, 0x60, 0x9E, 0x33,
    0x0C, 0xE2, 0x0F, 0xBE, 0x71, 0xF4, 0xCD, 0x4A, 0xDF, 0xD8, 0xFF, 0x83, 0x6F, 0x8E, 0x74, 0xDF,
    0x62, 0x98, 0x6C, 0x3B, 0xA9, 0xC5, 0x0C, 0x6A, 0x1A, 0xA1, 0xDF, 0xF3, 0x30, 0x0F, 0x2D, 0x8C,
    0x74, 0x30, 0x0F, 0xC8, 0x8B, 0x86, 0x4B, 0xEE, 0x5B, 0xAE, 0x3A, 0xD6, 0x1D, 0x77, 0x09, 0x24,
    0x60, 0x3E, 0xAE, 0x63, 0x6C, 0x66, 0x7A, 0xB7, 0xEC, 0x80, 0x72, 0x03, 0x58, 0x28, 0x2F, 0xF1,
    0x56, 0x7E, 0x7D, 0x48, 0xE6, 0xDF, 0xBB, 0xB8, 0x73, 0x59, 0x29, 0x96, 0x4B, 0xA4, 0xE7, 0xE8,
    0xAF, 0x4B, 0xEC, 0x07, 0xE2, 0xD8, 0x5D, 0xA2, 0xE0, 0x80, 0x45, 0x00, 0x8E, 0x44, 0x7D, 0x99,
    0x34, 0x87, 0xFE, 0xAE, 0xCD, 0x2A, 0x11, 0xB9, 0x40, 0x93, 0x89, 0x77, 0x83, 0x9A, 0x89, 0x78,
    0x28, 0x82, 0x99, 0xC3, 0x29, 0xFA, 0x6E, 0xA4, 0xB7, 0x77, 0x90, 0x08, 0x5C, 0xCD, 0xFC, 0xA3,
    0x03, 0x5A, 0x99, 0x91, 0x5F, 0x03, 0x4F, 0xC8, 0x8A, 0x18, 0x07, 0x14, 0x23, 0x4B, 0xC7, 0x85,
    0xAC, 0xF1, 0x91, 0xF6, 0x90, 0x54, 0x21, 0xCB, 0x08, 0x3C, 0x04, 0xF4, 0x22, 0x36, 0xFD, 0xCD,
    0x5C, 0xB0, 0xD4, 0xE5, 0x00, 0x4F, 0x87, 0x00, 0xE7, 0xA5, 0xB2, 0x31, 0x82, 0x9D, 0x8D, 0xA7,
    0x28, 0xB6, 0xD6, 0xA1, 0xF4, 0xA3, 0x47, 0x19, 0x64, 0x43, 0x25, 0xBF, 0xF4, 0x11, 0x5E, 0xF4,
    0xA8, 0x03, 0x83, 0xED, 0xF7, 0x97, 0x1F, 0xFB, 0x8E, 0xAD, 0xF6, 0x88, 0x73, 0x9B, 0x6E, 0xB9,
    0x51, 0xEB, 0xDF, 0x74, 0x31, 0xEC, 0x42, 0x08, 0xD1, 0x96, 0x76, 0xBD, 0x3C, 0x73, 0x18, 0x40,
    0xBA, 0x42, 0x3A, 0x4A, 0xF9, 0x5B, 0xB0, 0x9D, 0x42, 0x3B, 0x88, 0xC7, 0xAB, 0x0E, 0xF5, 0xE1,
    0x00, 0x90, 0x76, 0xFC, 0xB4, 0xCB, 0x77, 0x18, 0xFF, 0x1A, 0xE3, 0x86, 0xD1, 0xA1, 0x9F, 0xAF,
    0xBC, 0xAB, 0xBF, 0x4F, 0xB7, 0x31, 0x7A, 0xD9, 0xDB, 0xFF, 0x84, 0xBD, 0x45, 0xC5, 0x31, 0xE6,
    0x7F, 0xE3, 0xBD, 0x46, 0xF2, 0xE7, 0xDE, 0xA6, 0x24, 0x48, 0x85, 0x85, 0x7D, 0xA0, 0xD1, 0xC9,
    0x66, 0x01, 0xFB, 0xA1, 0x36, 0x55, 0x1E, 0x5F, 0x6F, 0x56, 0xDC, 0xBE, 0xB5, 0x60, 0x94, 0x09,
    0xBD, 0x00, 0xCF, 0x3D, 0xF8, 0x7C, 0xFA, 0x4E, 0xF9, 0xEB, 0x47, 0xE9, 0x6B, 0x0B, 0x2F, 0xAE,
    0x7C, 0xF2, 0x3B, 0x5F, 0xC9, 0x0B, 0xAE, 0xDA, 0xAA, 0xB5, 0x76, 0x8D, 0x6D, 0xAC, 0x9E, 0xD4,
    0x13, 0x52, 0x75, 0x46, 0xFB, 0x70, 0x86, 0xFE, 0xD0, 0xEE, 0x67, 0x43, 0xF3, 0xAE, 0x3C, 0x30,
    0xC3, 0xE8, 0xA2, 0x87, 0xEC, 0xEE, 0xA0, 0x13, 0x32, 0x39, 0xAE, 0xCE, 0x94, 0xA3, 0xD9, 0x80,
    0xF0, 0x2A, 0x02, 0x0D, 0xAC, 0xFC, 0x7E, 0x1D, 0x7B, 0xA9, 0x4D, 0x8E, 0xFA, 0x2D, 0x8C, 0x70,
    0x9B, 0xD5, 0x2B, 0x8A, 0x3D, 0x93, 0x4E, 0xE3, 0x4F, 0xBB, 0x35, 0x4E, 0xF9, 0xF8, 0xD8, 0xF8,
    0xDE, 0xE3, 0xD9, 0x4D, 0xE2, 0x0F, 0x0A, 0xF9, 0x77, 0x86, 0xB1, 0x90, 0xF7, 0xE4, 0x2D, 0x8F,
    0x52, 0x2A, 0xE1, 0xA2, 0x5B, 0xE5, 0x6B, 0x87, 0x08, 0x3E, 0x9A, 0x1D, 0x55, 0x5E, 0x95, 0x05,
    0x21, 0x4A, 0x88, 0x60, 0xDB, 0x19, 0x11, 0x96, 0x18, 0xD6, 0x08, 0xB3, 0x96, 0x2E, 0xC2, 0xA4,
    0x85, 0xB9, 0x3D, 0xEC, 0xC1, 0xC5, 0x41, 0x6C, 0x1B, 0x9A, 0x8D, 0x22, 0x05, 0xCF, 0x06, 0x11,
    0x46, 0x81, 0x30, 0x45, 0x0B, 0xA4, 0x88, 0x36, 0x84, 0x32, 0x97, 0xD1, 0xDA, 0xD5, 0xAC, 0x17,
    0x51, 0x1C, 0x05, 0x10, 0xFE, 0x6B, 0x8A, 0x14, 0x92, 0x49, 0xCF, 0x8A, 0xC4, 0x49, 0xC9, 0xD1,
    0x71, 0x55, 0xB2, 0x7E, 0xC2, 0xC8, 0x93, 0xF2, 0x2D, 0xFA, 0x93, 0x65, 0xD0, 0xB7, 0x4B, 0xE5,
    0xF5, 0x5C, 0x79, 0x33, 0xD5, 0x2E, 0xCE, 0x5E, 0xCD, 0xA4, 0xAC, 0x99, 0x58, 0x16, 0xFB, 0x49,
    0x5F, 0x08, 0x94, 0xD0, 0xBA, 0x65, 0x7F, 0x2B, 0xC2, 0x5A, 0xDE, 0x61, 0xB4, 0xFD, 0x02, 0x79,
    0x24, 0x2B, 0x5E, 0x7D, 0x22, 0x0E, 0xB5, 0xBC, 0xE4, 0xD0, 0x6C, 0x51, 0x0B, 0xE5, 0x09, 0x36,
    0x42, 0xBB, 0x44, 0x7D, 0xDA, 0x39, 0x95, 0x2E, 0x56, 0xAD, 0x9D, 0x81, 0x0C, 0x46, 0x8C, 0x1E,
    0x46, 0x71, 0x80, 0x8C, 0x33, 0x10, 0xBE, 0x94, 0xD3, 0xBC, 0x3C, 0xBC, 0x6D, 0x68, 0x24, 0xD2,
    0xCF, 0x88, 0xE5, 0x0B, 0xE0, 0x3B, 0xC0, 0xD1, 0xF6, 0xB1, 0x5D, 0xDF, 0x3E, 0xA2, 0x1C, 0x4D,
    0x39, 0xE6, 0x5A, 0x89, 0x9C, 0x58, 0x22, 0x23, 0xC8, 0x4F, 0x27, 0x68, 0xD1, 0x03, 0x94, 0x23,
    0x53, 0x3B, 0x43, 0x5F, 0xF4, 0xB8, 0xAC, 0xC2, 0x94, 0x39, 0x53, 0xE6, 0x42, 0x99, 0x43, 0xB4,
    0xB4, 0xE8, 0xDA, 0xA0, 0x6C, 0x74, 0xBE, 0xBD, 0xB1, 0x8D, 0x16, 0x5B, 0x98, 0x0B, 0x49, 0xEF,
    0x97, 0xF7, 0x3C, 0x09, 0x49, 0xD5, 0x68, 0x67, 0xD4, 0xE2, 0x7A, 0x5E, 0x64, 0x4F, 0x0F, 0xA9,
    0x00, 0xBF, 0x36, 0x95, 0xBE, 0xEC, 0xAA, 0x2D, 0x1F, 0x6C, 0xC4, 0xA6, 0x9D, 0xB5, 0x09, 0x7C,
    0x80, 0x16, 0x0C, 0x7E, 0xEC, 0x17, 0x1B, 0x34, 0x9D, 0x49, 0x4D, 0x98, 0x99, 0xCD, 0x71, 0x62,
    0x3D, 0x25, 0x02, 0x13, 0xFB, 0xF3, 0x72, 0x97, 0xBE, 0x3A, 0xBC, 0xFB, 0xB9, 0xAE, 0xC7, 0x9F,
    0x42, 0x3D, 0x3A, 0x67, 0xD4, 0x62, 0xB7, 0xA8, 0xA5, 0x4B, 0x05, 0xFD, 0x14, 0x27, 0x68, 0x37,
    0xEC, 0xE4, 0x96, 0xC8, 0xE1, 0x22, 0xA0, 0xD8, 0xFF, 0x8D, 0x41, 0x5F, 0x26, 0x22, 0xAD, 0x24,
    0x92, 0x55, 0x24, 0x52, 0xCB, 0x9C, 0x30, 0x16, 0xED, 0x3C, 0xDA, 0x4E, 0xBF, 0xF7, 0xFB, 0xDF,
    0x4F, 0x5A, 0x3E, 0x94, 0x08, 0xB5, 0x40, 0xB9, 0xCA, 0x25, 0x42, 0xC5, 0x44, 0xED, 0xF4, 0xAA,
    0xD6, 0xDE, 0x2B, 0xF7, 0x77, 0x91, 0xF2, 0x91, 0xFD, 0xAE, 0xD8, 0xEA, 0xB5, 0x08, 0xB5, 0x45,
    0x68, 0x16, 0x04, 0x35, 0x81, 0x9E, 0x1F, 0x0D, 0x30, 0xFA, 0xD8, 0x57, 0xA0, 0x5F, 0x92, 0x51,
    0xB7, 0x01, 0xE4, 0x35, 0x4E, 0xA0, 0x63, 0x66, 0x98, 0x69, 0x74, 0xDC, 0x91, 0x5F, 0xF5, 0x8D,
    0x25, 0x29, 0xEB, 0x55, 0xCD, 0x71, 0x35, 0x17, 0xD7, 0x88, 0xF9, 0xD7, 0x4E, 0x08, 0xCA, 0xEB,
    0x0E, 0xA1, 0xF5, 0x06, 0xB8, 0x6F, 0x7C, 0x5C, 0x60, 0x7C, 0xD3, 0x7B, 0xA0, 0x77, 0x81, 0xEB,
    0x5A, 0xE1, 0xCA, 0xB3, 0x4C, 0x11, 0x3B, 0x01, 0x70, 0x13, 0xFF, 0x8A, 0xDC, 0xA2, 0xF1, 0x27,
    0x2C, 0x96, 0x66, 0xA9, 0x65, 0x92, 0x08, 0xBF, 0x64, 0x05, 0xF9, 0xDD, 0x02, 0x28, 0x06, 0xA5,
    0x16, 0xD0, 0xA5, 0x07, 0x1E, 0x4A, 0x04, 0x45, 0xD0, 0xE3, 0x80, 0x3F, 0xBB, 0x4F, 0xF2, 0x7A,
    0x2D, 0x43, 0x6F, 0xDB, 0x3D, 0xA3, 0xB6, 0x5C, 0x3B, 0xF7, 0xE2, 0xD0, 0x6C, 0x15, 0xF7, 0xFD,
    0x32, 0xE0, 0x59, 0x29, 0x84, 0xC1, 0x0A, 0x40, 0xFF, 0x1D, 0xEE, 0x33, 0x3F, 0xF0, 0x11, 0x7E,
    0xE8, 0x22, 0xBC, 0xB5, 0x02, 0xFA, 0x03, 0x1B, 0xE1, 0xA3, 0x19, 0x68, 0x3F, 0x1E, 0x22, 0x08,
    0x22, 0x6C, 0x04, 0x47, 0xB0, 0x87, 0x37, 0x68, 0xC0, 0x97, 0x59, 0x3F, 0xF5, 0xBD, 0x95, 0xA4,
    0x9C, 0x22, 0x04, 0xA4, 0xB3, 0x25, 0x93, 0xF0, 0xB4, 0x90, 0x5F, 0xF8, 0x4A, 0xC4, 0xD7, 0x22,
    0x6B, 0x3D, 0xF7, 0x73, 0x3D, 0x99, 0xE8, 0x43, 0xF2, 0x81, 0x1C, 0x58, 0x12, 0x6D, 0x48, 0x51,
    0x57, 0xCE, 0xEA, 0xF1, 0x4B, 0xD6, 0x88, 0xD8, 0x7E, 0x94, 0xD9, 0xD4, 0x34, 0x35, 0x6B, 0x5E,
    0x48, 0xB2, 0x50, 0x5F, 0x5C, 0x1E, 0x0C, 0xEF, 0x03, 0xD8, 0xAE, 0x74, 0x7F, 0xF9, 0x5F, 0x76,
    0x6D, 0x93, 0x72, 0xED, 0x72, 0x79, 0x6E, 0xA5, 0x42, 0x8A, 0xCF, 0x62, 0xD7, 0x1D, 0x60, 0x72,
    0x5A, 0x31, 0xB0, 0x23, 0xEF, 0x7D, 0x66, 0xFA, 0x03, 0xB0, 0xA5, 0x7F, 0xBA, 0x70, 0xB6, 0x1E,
    0x78, 0x99, 0x0E, 0x86, 0x5F, 0xA0, 0xD8, 0x6D, 0xBF, 0x3C, 0xC5, 0x95, 0x8E, 0x76, 0x54, 0x96,
    0x57, 0x6D, 0x29, 0x24, 0x7F, 0x8F, 0x57, 0xFE, 0xDE, 0x0D, 0xA4, 0x56, 0x6F, 0xC9, 0x88, 0xA7,
    0x69, 0x98, 0x66, 0xA7, 0x1A, 0xEC, 0x59, 0x8D, 0x6C, 0x45, 0xE9, 0x62, 0x5F, 0xD3, 0x48, 0xC3,
    0x0F, 0xFF, 0x1D, 0xB4, 0xD4, 0xEA, 0x60, 0xC5, 0xA1, 0x73, 0xA9, 0xEC, 0x14, 0x1D, 0x00, 0x43,
    0x07, 0xDC, 0x21, 0x55, 0x19, 0xAB, 0x72, 0x31, 0xF2, 0x92, 0x95, 0x51, 0x16, 0xDF, 0xC8, 0xF4,
    0xE7, 0x05, 0xBD, 0x06, 0xFC, 0x0F, 0xCD, 0x9A, 0x01, 0xC4, 0x26, 0x47, 0x9A, 0xC7, 0x7F, 0xD5,
    0x35, 0x33, 0x9D, 0x9B, 0xB2, 0xA9, 0x41, 0x26, 0x76, 0x93, 0xDB, 0x74, 0x10, 0xDC, 0xAE, 0x64,
    0x1A, 0x16, 0xE3, 0x4C, 0xA6, 0x2A, 0x7B, 0x38, 0x40, 0x3E, 0x64, 0xEE, 0xB0, 0x56, 0x0E, 0x7B,
    0xAC, 0x75, 0x4C, 0x70, 0x58, 0x4C, 0xA6, 0x7B, 0x27, 0x58, 0x1C, 0xF6, 0xC3, 0xDD, 0xC1, 0x61,
    0x17, 0x81, 0xCD, 0xE2, 0x5B, 0x2C, 0x06, 0x33, 0xD3, 0xB5, 0x09, 0xE2, 0x04, 0xE9, 0xBB, 0x70,
    0x00, 0xE9, 0xBD, 0x0D, 0x77, 0x36, 0x98, 0x4A, 0xB6, 0x57, 0x7A, 0x92, 0xEA, 0x7E, 0xAE, 0xAB,
    0xBF, 0xEF, 0xF5, 0x99, 0x89, 0x83, 0x35, 0x73, 0xF7, 0x3D, 0xAA, 0x7F, 0xD5, 0xFD, 0xBD, 0x6F,
    0x3D, 0xCF, 0xFF, 0xA9, 0x7E, 0x54, 0xD5, 0xBC, 0x06, 0x05, 0x55, 0xC0, 0xF5, 0xB8, 0x40, 0xED,
    0x01, 0x14, 0xD4, 0xE0, 0xE0, 0x32, 0x5C, 0x87, 0x3B, 0x30, 0xE7, 0xA6, 0x12, 0x45, 0x42, 0x27,
    0xCA, 0x09, 0x33, 0x62, 0x23, 0x55, 0xA4, 0xEE, 0xF9, 0xA6, 0x07, 0x00, 0x4C, 0x00, 0xDB, 0x82,
    0xF5, 0x50, 0x01, 0x35, 0xA8, 0x66, 0x9F, 0x4A, 0x26, 0x3A, 0x49, 0x5A, 0x6E, 0x27, 0x33, 0xDD,
    0x7C, 0xC2, 0x0E, 0x23, 0x75, 0x88, 0xB8, 0x5F, 0xAF, 0xD7, 0x8D, 0x01, 0xF7, 0x46, 0xBF, 0x5E,
    0x01, 0xF7, 0x6E, 0xF8, 0x65, 0xFD, 0xC5, 0x8F, 0xA3, 0x15, 0xE9, 0x4B, 0x11, 0xE8, 0x3E, 0x82,
    0x1A, 0xB8, 0xC0, 0xA6, 0x84, 0x17, 0x81, 0x6B, 0xC0, 0x2D, 0x60, 0x8F, 0x9D, 0xA9, 0xAE, 0x07,
    0x2B, 0x23, 0xB8, 0xBB, 0x09, 0xBA, 0x62, 0xC5, 0xAC, 0x26, 0x8A, 0xA4, 0x06, 0xF4, 0x04, 0x94,
    0x23, 0x64, 0xB5, 0x14, 0x22, 0x09, 0x9D, 0x51, 0x74, 0xBF, 0x7B, 0x13, 0x5C, 0x00, 0x5C, 0x0B,
    0x34, 0x1E, 0xE8, 0x80, 0x27, 0x16, 0x4E, 0xB7, 0x4E, 0x44, 0x42, 0xB3, 0xE1, 0xDF, 0x3A, 0xE1,
    0x6B, 0x00, 0x0A, 0xF0, 0xA6, 0xBD, 0x52, 0x06, 0xF3, 0xB1, 0xDC, 0xED, 0x0B, 0x11, 0x01, 0xF9,
    0xCB, 0x04, 0x29, 0xCF, 0xCB, 0x48, 0x42, 0x47, 0x35, 0xAD, 0xD0, 0x23, 0x7A, 0x34, 0x11, 0x23,
    0x5D, 0xA4, 0xC9, 0xD1, 0x6E, 0x57, 0x1F, 0x5D, 0xE7, 0x59, 0xF8, 0x2A, 0x8D, 0xFC, 0x5A, 0x52,
    0x27, 0xEF, 0x48, 0xBA, 0x3A, 0xD3, 0x0D, 0x76, 0xA2, 0xA3, 0x4C, 0x6A, 0x46, 0x27, 0x3D, 0x51,
    0xCC, 0x26, 0x82, 0x54, 0x81, 0xA7, 0xC4, 0xFD, 0x37, 0x75, 0x1E, 0x7B, 0xBA, 0xB9, 0xF7, 0x0A,
    0xD4, 0x91, 0xFC, 0x18, 0xA9, 0x44, 0x86, 0xFB, 0x84, 0xAF, 0x50, 0xB2, 0x0F, 0x95, 0x24, 0xA8,
    0x65, 0x02, 0x00, 0xDB, 0x63, 0x03, 0x55, 0xA0, 0x6E, 0x73, 0x73, 0x1E, 0x07, 0xCD, 0xEE, 0x55,
    0xDE, 0x6F, 0xC5, 0xCF, 0xD0, 0x91, 0x32, 0x62, 0x86, 0xDD, 0xB8, 0xDC, 0x8E, 0xC6, 0x9D, 0x07,
    0xE8, 0x5A, 0x8C, 0x44, 0x9A, 0x83, 0x48, 0x5A, 0x13, 0x4C, 0xC5, 0x50, 0xCE, 0x60, 0x9D, 0xC7,
    0x56, 0x3D, 0xB6, 0x9C, 0xB0, 0xAD, 0x60, 0x7A, 0x17, 0xF4, 0x68, 0x7B, 0xB5, 0xE8, 0x81, 0xE6,
    0xED, 0x88, 0xFD, 0x24, 0xA2, 0xEF, 0x0D, 0xB0, 0xF4, 0x96, 0x26, 0x38, 0x9A, 0xD6, 0xB5, 0x1D,
    0x4E, 0x12, 0x56, 0x7A, 0xD4, 0xDF, 0x02, 0x50, 0x97, 0x7D, 0x67, 0xA3, 0x54, 0xFD, 0x0F, 0x8D,
    0x87, 0xF3, 0x1E, 0x28, 0x65, 0x01, 0xDC, 0xFE, 0x77, 0x06, 0x98, 0xE0, 0x26, 0xBA, 0x87, 0x0B,
    0x18, 0x5F, 0x8F, 0xC6, 0x5B, 0x25, 0x49, 0x87, 0x17, 0x74, 0xBC, 0x56, 0x84, 0x4B, 0x26, 0x5C,
    0x54, 0xC3, 0x25, 0x1B, 0x60, 0xB8, 0x98, 0x19, 0x0F, 0x79, 0xF8, 0x97, 0x4B, 0x76, 0x40, 0x0D,
    0x2F, 0x94, 0xCB, 0xDF, 0x15, 0xE1, 0xF1, 0x22, 0x8F, 0x32, 0xFE, 0xEA, 0x60, 0xFC, 0xA1, 0x37,
    0x46, 0xB8, 0x95, 0xA3, 0x3C, 0x3D, 0xEC, 0x22, 0x72, 0x7E, 0x0F, 0xF8, 0xDA, 0x13, 0x4A, 0x52,
    0xF9, 0xC5, 0x64, 0x7F, 0x1D, 0xAB, 0x6F, 0xC7, 0x5A, 0x0F, 0x97, 0xD7, 0xCC, 0xAA, 0x7F, 0x75,
    0x32, 0x57, 0xBF, 0x9F, 0x4E, 0xFB, 0x3D, 0x38, 0x57, 0xCB, 0xD8, 0xC8, 0x70, 0xFE, 0x15, 0x78,
    0x86, 0x8B, 0x74, 0x6A, 0xD6, 0xC9, 0x8C, 0x55, 0x74, 0x7D, 0x13, 0xC4, 0x77, 0x2F, 0x2D, 0xC8,
    0x0D, 0xC1, 0xAD, 0xF7, 0x76, 0x70, 0xA1, 0x1C, 0xED, 0xC0, 0x58, 0x0C, 0x5B, 0x80, 0x2B, 0x57,
    0x7C, 0x23, 0xD2, 0xE7, 0xEB, 0xFC, 0x95, 0x57, 0x7B, 0x30, 0xC7, 0x17, 0x67, 0xF6, 0x81, 0x4E,
    0x82, 0x6C, 0x0D, 0x40, 0x65, 0x41, 0x8D, 0x78, 0x8A, 0xA1, 0x18, 0x30, 0x9E, 0xBF, 0xE7, 0x2B,
    0x6E, 0x7C, 0x9E, 0xE7, 0x9F, 0xB9, 0xF4, 0x38, 0x17, 0x1F, 0x7F, 0xC1, 0xF0, 0x2D, 0x7B, 0x2D,
    0x23, 0x1A, 0x2E, 0xDA, 0x9B, 0x86, 0x4B, 0xD5, 0xE5, 0xC7, 0xF9, 0x53, 0xF7, 0x93, 0xEF, 0x62,
    0xE1, 0x22, 0xBA, 0x57, 0x11, 0xEE, 0x1C, 0xB4, 0x70, 0x26, 0x57, 0xBC, 0xF4, 0x5D, 0x6E, 0x01,
    0x28, 0xC4, 0x5B, 0x19, 0xDC, 0xDD, 0xB1, 0x29, 0xA6, 0xD7, 0x49, 0xB7, 0x49, 0xEB, 0x8D, 0xBB,
    0x1B, 0x2B, 0xE9, 0xCF, 0x2C, 0x1E, 0xA0, 0x6E, 0xBF, 0x74, 0xED, 0xB4, 0x7F, 0xB3, 0xFB, 0xDD,
    0xFE, 0x97, 0x3E, 0xAF, 0x3C, 0x00, 0xDF, 0x7C, 0xEB, 0xAD, 0xFD, 0xDD, 0xF7, 0x00, 0x78, 0x7A,
    0xC8, 0xAF, 0xEC, 0xF3, 0xA5, 0xEC, 0xAF, 0x17, 0xFE, 0x0E, 0x2A, 0x51, 0x46, 0xAA, 0x40, 0x87,
    0x9E, 0xA8, 0x7A, 0x9C, 0x24, 0x27, 0x23, 0xC0, 0xD5, 0x56, 0x4B, 0x34, 0xFF, 0x35, 0x1A, 0x35,
    0xA2, 0xF3, 0x77, 0xB4, 0xB4, 0xFA, 0x6E, 0x4F, 0x39, 0x60, 0x7A, 0xAA, 0xF0, 0x0B, 0xF1, 0x32,
    0xF1, 0x94, 0x47, 0xA1, 0x7B, 0x3B, 0x54, 0xBD, 0x6B, 0xEF, 0xF0, 0xAB, 0xA3, 0x89, 0xDA, 0xA3,
    0x5A, 0xFF, 0x86, 0x0B, 0x75, 0xBF, 0xC2, 0x05, 0x9A, 0x36, 0xC3, 0xBB, 0x96, 0x6E, 0xED, 0x10,
    0x3A, 0x0E, 0xB1, 0x20, 0xA8, 0x45, 0x2D, 0x2B, 0xF4, 0x42, 0x21, 0xAF, 0xCA, 0x57, 0xB4, 0x48,
    0x33, 0x6B, 0x99, 0xEB, 0xA9, 0xBC, 0x3B, 0xDA, 0xC1, 0x0C, 0x5E, 0x61, 0x07, 0xC0, 0xF6, 0x40,
    0x95, 0x51, 0x07, 0xC0, 0x65, 0xFC, 0x39, 0xC7, 0x76, 0xF5, 0x70, 0x4D, 0x99, 0xA8, 0xE4, 0xA7,
    0x9E, 0x46, 0x5E, 0x06, 0x91, 0x57, 0x51, 0x22, 0x17, 0x28, 0x44, 0x2E, 0xAF, 0x58, 0x5E, 0x5C,
    0x31, 0x5F, 0x5A, 0x91, 0xAE, 0xA1, 0x24, 0xDD, 0x04, 0x49, 0x13, 0x5C, 0x98, 0x46, 0x60, 0x8C,
    0xC0, 0x27, 0x11, 0xD4, 0xA7, 0x11, 0x8A, 0xDF, 0x0E, 0xA0, 0x3F, 0xE8, 0x57, 0xBC, 0x1B, 0xC0,
    0xBC, 0xEF, 0xC1, 0x76, 0xF0, 0x9A, 0x4B, 0xD0, 0x2D, 0xFB, 0xE0, 0x06, 0x8E, 0xEC, 0x34, 0xAE,
    0xED, 0x82, 0xF8, 0xEB, 0xC0, 0x99, 0xB6, 0x8A, 0x65, 0xD4, 0x83, 0x09, 0x0D, 0xDF, 0x83, 0xA7,
    0xFD, 0x19, 0x69, 0x8D, 0x78, 0xD5, 0x40, 0x03, 0xD7, 0xE1, 0x36, 0xA4, 0xDC, 0xD4, 0xDA, 0xB2,
    0x58, 0xEF, 0xC4, 0x03, 0x9C, 0xF1, 0x74, 0x63, 0x71, 0x2F, 0x95, 0xC3, 0x2D, 0x1B, 0x6E, 0x55,
    0x6D, 0xAA, 0x5E, 0x9A, 0xAA, 0xBF, 0x18, 0xED, 0x87, 0x43, 0x29, 0x9E, 0x57, 0xD8, 0xAA, 0x3D,
    0x36, 0x6B, 0xB9, 0xEE, 0x51, 0xF4, 0x65, 0x8B, 0xCE, 0xE5, 0x5C, 0xCC, 0x7A, 0x02, 0xF9, 0xF6,
    0x02, 0xB9, 0xE4, 0x71, 0xA1, 0xF3, 0x74, 0x3F, 0x12, 0x8A, 0xA5, 0x4C, 0x98, 0xB1, 0x1A, 0xA8,
    0xFB, 0xA6, 0xE5, 0x19, 0x5E, 0xE4, 0xCB, 0xC6, 0xD7, 0x81, 0xCA, 0x83, 0xF3, 0x18, 0x69, 0xA1,
    0x03, 0x23, 0x64, 0x6D, 0xE0, 0x40, 0x8F, 0x40, 0x03, 0x66, 0x00, 0xEE, 0x40, 0x15, 0xD8, 0x12,
    0x70, 0x00, 0x29, 0xDF, 0xDA, 0x96, 0x2D, 0x0F, 0xD7, 0xAE, 0xD0, 0x11, 0xF1, 0xC5, 0x84, 0x0D,
    0x5A, 0x7C, 0xBD, 0x36, 0x6F, 0x0F, 0x70, 0xC2, 0x75, 0x2E, 0x1F, 0x8D, 0x48, 0x97, 0xC9, 0x5E,
    0x75, 0x7C, 0x9D, 0xEC, 0xD5, 0x8A, 0x84, 0xEC, 0xF5, 0xB0, 0x77, 0xA8, 0x2B, 0xB3, 0x87, 0x05,
    0x98, 0xA0, 0x48, 0xA0, 0x46, 0x28, 0x22, 0x00, 0xB0, 0xC7, 0x97, 0xEC, 0x97, 0x47, 0xFA, 0x13,
    0x9B, 0x7E, 0x3D, 0xE5, 0x1E, 0x4C, 0x04, 0xDC, 0x91, 0xDE, 0x66, 0x4B, 0x2F, 0xEB, 0xCF, 0x2D,
    0x8B, 0xDE, 0xD2, 0xDB, 0x36, 0x0A, 0x33, 0x43, 0xC2, 0xF4, 0x4E, 0x7C, 0x7E, 0x19, 0xED, 0x72,
    0x35, 0x14, 0x13, 0x8E, 0xD1, 0x86, 0x55, 0x7F, 0x62, 0xAF, 0x6A, 0x9D, 0x14, 0x23, 0x34, 0x40,
    0x39, 0xA0, 0x66, 0xC0, 0x06, 0xCA, 0xC8, 0xE6, 0xB5, 0x0E, 0xEC, 0x16, 0xF3, 0xEC, 0xB5, 0xBC,
    0x77, 0x25, 0xA7, 0x87, 0x15, 0x01, 0x3B, 0x60, 0x64, 0x01, 0x13, 0x00, 0x40, 0xF1, 0x65, 0x7B,
    0x1E, 0xE8, 0x02, 0x34, 0xA0, 0x25, 0xC2, 0x02, 0xF6, 0x83, 0x71, 0x4B, 0xBD, 0x2C, 0xE2, 0x61,
    0x18, 0x1D, 0xB1, 0x3D, 0x70, 0x75, 0xDB, 0x0A, 0xD0, 0xD2, 0xD2, 0x00, 0xFA, 0xA0, 0x27, 0x61,
    0x5B, 0xCA, 0xA1, 0x18, 0x71, 0x2D, 0xA6, 0x2F, 0x7B, 0xC4, 0x73, 0x35, 0xD8, 0x56, 0x8B, 0xEF,
    0x04, 0x87, 0x3D, 0xA0, 0x9B, 0xB8, 0x9D, 0xE7, 0xFF, 0x3C, 0x6A, 0x3A, 0x9A, 0xFF, 0x78, 0x38,
    0xFF, 0xB6, 0x3F, 0x9C, 0xF7, 0xBA, 0x3D, 0xEC, 0x9B, 0x6D, 0xFE, 0x73, 0x1E, 0x30, 0x81, 0x9E,
    0x40, 0x8D, 0x5B, 0x7C, 0x00, 0xF0, 0xBB, 0x3C, 0xB0, 0xFD, 0xD1, 0x39, 0xA5, 0xF2, 0x00, 0xA7,
    0x40, 0xDA, 0x42, 0x82, 0x7A, 0x35, 0x50, 0x65, 0x75, 0x45, 0xC2, 0x44, 0xEA, 0x80, 0x3B, 0x9C,
    0x76, 0xE5, 0xBB, 0x83, 0xE0, 0x24, 0xD4, 0xD2, 0x96, 0x33, 0xC7, 0x86, 0x6E, 0x81, 0xC3, 0x34,
    0x31, 0x33, 0x80, 0x16, 0xCF, 0x61, 0xB2, 0x80, 0x6A, 0xD9, 0x19, 0x67, 0x3C, 0x90, 0x63, 0x02,
    0x5D, 0xA6, 0x92, 0x1E, 0xD0, 0x1B, 0xCD, 0xDD, 0x01, 0xB0, 0xEF, 0x47, 0xA0, 0xFE, 0x49, 0x66,
    0x63, 0x32, 0x67, 0x33, 0x82, 0x4A, 0xE5, 0xB4, 0x55, 0x5D, 0x02, 0xF3, 0x87, 0xBF, 0x5E, 0x69,
    0x45, 0x56, 0x3A, 0x91, 0x19, 0x9A, 0x2B, 0x7F, 0xB5, 0xC0, 0x42, 0x21, 0x59, 0xB6, 0x12, 0xCA,
    0x44, 0x21, 0xFB, 0x4D, 0xAE, 0xE0, 0xB1, 0x13, 0xEF, 0x24, 0xDE, 0xFF, 0xBE, 0x20, 0x1D, 0xCB,
    0x75, 0x13, 0x80, 0xB4, 0x00, 0x3F, 0xE3, 0x64, 0xA9, 0x35, 0x01, 0xA0, 0x8E, 0x00, 0x5D, 0x02,
    0xF4, 0x34, 0x03, 0x76, 0x70, 0xC0, 0x59, 0xFF, 0xD8, 0x49, 0x51, 0x7B, 0x0E, 0xA0, 0x98, 0x9F,
    0x01, 0x8C, 0xDC, 0x01, 0xEC, 0x87, 0x33, 0x60, 0xCA, 0x11, 0x00, 0x4E, 0x88, 0x4E, 0xB5, 0xFF,
    0x0D, 0xC0, 0x44, 0x01, 0xEC, 0x27, 0x1B, 0xFB, 0x04, 0x28, 0xCE, 0x9D, 0x10, 0x85, 0x9C, 0xF6,
    0x00, 0x4D, 0x04, 0xD4, 0xE7, 0x23, 0x50, 0xF4, 0x37, 0x8F, 0xF9, 0x79, 0x04, 0xD8, 0x94, 0x70,
    0xFE, 0xC4, 0x54, 0x29, 0xD4, 0x22, 0xDB, 0x73, 0x75, 0xD4, 0x2B, 0xF9, 0xFC, 0x20, 0x02, 0x5A,
    0x06, 0x3D, 0x6C, 0xE5, 0xD0, 0xEB, 0x1E, 0xA8, 0x5F, 0x0D, 0xC5, 0xB6, 0x90, 0xD7, 0x01, 0xB2,
    0x04, 0xD7, 0x02, 0xE8, 0xE8, 0xFE, 0xF9, 0x4D, 0xC0, 0xF6, 0x9D, 0x4C, 0x80, 0x6B, 0x0F, 0xDD,
    0x74, 0x08, 0x9B, 0x37, 0x59, 0x00, 0xCA, 0xAC, 0xEC, 0x14, 0xD8, 0x41, 0x27, 0x2E, 0x80, 0x0B,
    0x6B, 0x7F, 0x19, 0x3A, 0xD6, 0xFE, 0x0E, 0xC5, 0xCC, 0xD3, 0xCB, 0xC1, 0x4C, 0x25, 0xAD, 0xE4,
    0x4C, 0xDC, 0xD6, 0x4F, 0xC0, 0x99, 0x9F, 0x03, 0x9D, 0x8C, 0x98, 0xFC, 0x5C, 0x2F, 0xBF, 0x98,
    0x90, 0xA1, 0x18, 0x0B, 0x41, 0x47, 0x3D, 0xA3, 0x07, 0x33, 0xA1, 0xBC, 0x1D, 0x81, 0x2A, 0x02,
    0x75, 0x86, 0xDB, 0x30, 0x64, 0x1C, 0x3F, 0x8E, 0xA8, 0xB6, 0x4E, 0x98, 0x60, 0xE5, 0x9F, 0xBA,
    0xD6, 0x88, 0x08, 0x45, 0x8E, 0x45, 0x23, 0x3D, 0xB0, 0x07, 0xA8, 0x9F, 0x41, 0x16, 0x04, 0xEA,
    0x36, 0xC0, 0x2D, 0xA0, 0xD8, 0x5C, 0xF7, 0xC0, 0x59, 0x8E, 0xCD, 0xC0, 0x96, 0x34, 0x40, 0x35,
    0x02, 0x98, 0x05, 0x80, 0xCE, 0x93, 0x55, 0x73, 0xBF, 0x39, 0x11, 0xD9, 0xB1, 0x5C, 0xDE, 0x5A,
    0xB6, 0x28, 0xD7, 0xA1, 0x4C, 0xBC, 0xBE, 0xF1, 0x87, 0x60, 0x26, 0x00, 0x3B, 0x6E, 0xBC, 0xF7,
    0x03, 0x0F, 0x95, 0x48, 0x0B, 0xB5, 0xC8, 0x2E, 0x1B, 0x5C, 0xBF, 0x31, 0xE0, 0xA1, 0x09, 0xC5,
    0x00, 0x5D, 0xAB, 0x57, 0x8A, 0xB7, 0x3D, 0x4A, 0x3E, 0x96, 0x90, 0x07, 0xAD, 0xCC, 0xA1, 0x3C,
    0xC7, 0xF6, 0x1A, 0xBB, 0x54, 0xA8, 0x26, 0x00, 0x89, 0x40, 0xB1, 0x78, 0x40, 0xED, 0x9F, 0x30,
    0xB5, 0x95, 0x87, 0x3C, 0x02, 0x28, 0x24, 0x02, 0xE6, 0xD3, 0x69, 0x73, 0x74, 0x0B, 0x78, 0x81,
    0xE7, 0x4E, 0x88, 0xDA, 0x33, 0xED, 0xF7, 0x80, 0xEA, 0xDF, 0x13, 0xE0, 0x3E, 0xC8, 0xAC, 0xDF,
    0x18, 0x81, 0x53, 0xF8, 0x93, 0x33, 0x9F, 0x25, 0x60, 0x7B, 0xB0, 0x13, 0x94, 0x42, 0x1E, 0x72,
    0x5F, 0x79, 0x3A, 0x19, 0x71, 0x12, 0x29, 0x05, 0xF4, 0x9C, 0x95, 0x6D, 0x8A, 0x30, 0x69, 0x1B,
    0xB3, 0x29, 0xB2, 0x11, 0xAA, 0x08, 0xF5, 0x90, 0x35, 0xE4, 0x2B, 0xC7, 0x87, 0x2E, 0x5F, 0x2D,
    0x4A, 0x7A, 0x2A, 0x99, 0x36, 0x57, 0x47, 0xF6, 0x2D, 0x28, 0x26, 0xA8, 0x12, 0x74, 0x11, 0x25,
    0x1E, 0xB5, 0xFF, 0x88, 0x63, 0x56, 0x1E, 0x9A, 0x3C, 0x0D, 0x23, 0xE5, 0x27, 0x89, 0x3A, 0xBC,
    0xCE, 0x33, 0xFC, 0xD9, 0x23, 0x8B, 0x59, 0xB4, 0xDF, 0xC7, 0xFE, 0x66, 0xA6, 0xFE, 0xED, 0x4C,
    0xF5, 0xF6, 0x84, 0xC2, 0x3F, 0xB2, 0x58, 0xEA, 0x07, 0xFF, 0x08, 0x74, 0x22, 0x2D, 0x5A, 0x44,
    0x26, 0xF4, 0xDD, 0x7B, 0xDD, 0x92, 0x7D, 0x94, 0x92, 0xBD, 0x28, 0x69, 0x57, 0x22, 0x21, 0x7B,
    0x6B, 0x42, 0xF6, 0xD5, 0xF4, 0xB8, 0xDC, 0x6A, 0x91, 0xD0, 0x84, 0x95, 0x6D, 0x13, 0x90, 0x96,
    0x6E, 0xA5, 0xCF, 0x37, 0x82, 0xDA, 0x9A, 0x5E, 0x28, 0x16, 0x6C, 0xCA, 0x37, 0x5D, 0x96, 0x2C,
    0x12, 0x68, 0x44, 0x66, 0x10, 0x91, 0x7D, 0x8E, 0x6D, 0x6F, 0xA3, 0x4E, 0x5F, 0x67, 0x77, 0x54,
    0x00, 0x7B, 0x90, 0x78, 0xF0, 0xB0, 0x70, 0xBF, 0xC9, 0x44, 0x93, 0xC3, 0x25, 0x1A, 0xF1, 0x54,
    0x0B, 0x26, 0x27, 0x2F, 0x94, 0x31, 0x77, 0xAD, 0x19, 0xA0, 0x92, 0x60, 0x7B, 0xA8, 0xA5, 0xB7,
    0x01, 0x5C, 0x17, 0xAB, 0xDC, 0xBD, 0x3A, 0xD6, 0x01, 0x1A, 0x3B, 0xD5, 0x2D, 0x74, 0x65, 0x72,
    0x1E, 0xEE, 0xE8, 0xC5, 0x01, 0x73, 0x21, 0x0D, 0x90, 0x10, 0x01, 0x95, 0xE8, 0x16, 0x28, 0x12,
    0x6E, 0x06, 0x3D, 0x51, 0x27, 0x28, 0xEF, 0x51, 0x25, 0x72, 0x64, 0x3B, 0x41, 0x27, 0xFE, 0x48,
    0xA0, 0xE2, 0xD8, 0x0E, 0x6B, 0xA3, 0x39, 0x64, 0x0F, 0x50, 0x4F, 0x00, 0xC5, 0x0C, 0xC0, 0x57,
    0xD9, 0xD9, 0xF6, 0x9B, 0x01, 0x4A, 0xA4, 0x07, 0x2B, 0x32, 0x42, 0xB3, 0x74, 0x09, 0xA4, 0x37,
    0x0B, 0x5A, 0x72, 0x33, 0x33, 0x85, 0x78, 0x9B, 0x50, 0xE2, 0xAB, 0x71, 0x65, 0x5B, 0xC7, 0x7C,
    0xEF, 0x76, 0x2C, 0x36, 0x6A, 0x21, 0x73, 0xC9, 0x34, 0x73, 0xA6, 0x4D, 0x39, 0x6A, 0xBE, 0x59,
    0x94, 0xF4, 0x18, 0x11, 0xF1, 0x47, 0xDB, 0x12, 0x57, 0x65, 0x1F, 0xC0, 0x73, 0x6C, 0xA8, 0x70,
    0xBC, 0xEF, 0x34, 0x99, 0x5A, 0x5A, 0xC0, 0xDE, 0x03, 0x38, 0xEB, 0x4F, 0xA4, 0xE6, 0x5B, 0x00,
    0x85, 0x00, 0x18, 0x09, 0x40, 0xFD, 0xFE, 0x00, 0x2C, 0x3A, 0x02, 0xBF, 0x62, 0xFF, 0x44, 0x69,
    0x56, 0x1B, 0xEB, 0x3E, 0x02, 0xCD, 0x17, 0x99, 0xB3, 0xF4, 0xC0, 0x6B, 0xCE, 0x03, 0xC0, 0x89,
    0x52, 0xFB, 0x54, 0x91, 0x1F, 0x9A, 0x97, 0x23, 0x20, 0x36, 0x73, 0xB1, 0x3D, 0x70, 0x4E, 0x9D,
    0x24, 0x9D, 0x8F, 0xF1, 0x1C, 0xD7, 0xB9, 0x4D, 0x77, 0x63, 0xA1, 0xFE, 0x78, 0xC2, 0x48, 0x76,
    0x19, 0x72, 0x20, 0xCA, 0x6D, 0xA1, 0x1B, 0x69, 0xDE, 0x99, 0xE9, 0x58, 0x78, 0x9E, 0x8B, 0xC0,
    0xB1, 0xA9, 0x9F, 0xF3, 0x2D, 0x68, 0x24, 0x26, 0xB4, 0x88, 0x44, 0x2A, 0x39, 0x90, 0x80, 0x1B,
    0x0B, 0x69, 0x91, 0xB0, 0xB6, 0x22, 0xE7, 0xD0, 0xEB, 0x85, 0x4A, 0xFA, 0x32, 0x71, 0xDD, 0x0D,
    0x26, 0xA9, 0xC9, 0xF5, 0x76, 0x2A, 0x87, 0xCC, 0xAA, 0x6D, 0x56, 0xBE, 0x4E, 0x17, 0xEC, 0xE7,
    0x23, 0xD2, 0x5A, 0xE9, 0x95, 0x78, 0x2B, 0x3E, 0x67, 0x7E, 0xB8, 0xF4, 0x89, 0x6F, 0xC6, 0x4D,
    0x7D, 0x8F, 0xEB, 0x44, 0xE0, 0xD6, 0xD3, 0xF2, 0x11, 0x3C, 0xCB, 0xB9, 0x07, 0x8F, 0x50, 0xCC,
    0x1B, 0xA5, 0x05, 0xE8, 0x06, 0x00, 0x33, 0x02, 0xF0, 0x37, 0x0F, 0xEE, 0xF9, 0x71, 0x6B, 0x83,
    0x5B, 0x55, 0x2D, 0x94, 0x33, 0x65, 0x42, 0x27, 0x4C, 0xA2, 0x9C, 0x30, 0x6B, 0x1B, 0xB1, 0x23,
    0x26, 0x62, 0xB7, 0x56, 0xAD, 0x1C, 0xA8, 0x23, 0x55, 0x8F, 0x1B, 0xA8, 0x57, 0xF6, 0xD4, 0x01,
    0xB7, 0xB5, 0x66, 0x65, 0x9B, 0xD9, 0x41, 0xB3, 0xCA, 0x5F, 0x39, 0x3E, 0x3D, 0x83, 0x13, 0x99,
    0xC0, 0x66, 0xE1, 0x14, 0xB2, 0x00, 0x9C, 0x06, 0x8E, 0xAD, 0xDC, 0x58, 0xB7, 0x80, 0x92, 0x4C,
    0x23, 0x00, 0xF5, 0x08, 0xF0, 0x35, 0x4E, 0xA2, 0x66, 0x35, 0x02, 0x39, 0x38, 0x50, 0x09, 0x40,
    0x57, 0x07, 0x28, 0x92, 0xC9, 0x1C, 0x0A, 0x7F, 0xA2, 0x34, 0x7F, 0xFF, 0x4C, 0x0B, 0x6A, 0xA9,
    0xF3, 0x07, 0xB3, 0xDB, 0x74, 0xBA, 0x16, 0xF0, 0xA7, 0x4E, 0x64, 0x3D, 0x7C, 0x65, 0x63, 0x07,
    0xA0, 0x05, 0xA0, 0x9E, 0x8F, 0xF7, 0xBF, 0xE7, 0x78, 0x50, 0x73, 0x2F, 0xB2, 0x32, 0xC8, 0x8C,
    0x4D, 0xD4, 0x43, 0xD6, 0xEC, 0x5A, 0xF4, 0x8C, 0x40, 0xB1, 0xA8, 0x04, 0x88, 0x1E, 0x33, 0x5F,
    0x1E, 0x80, 0xEE, 0x20, 0x00, 0x4E, 0xC8, 0x9C, 0x8F, 0xFF, 0xB1, 0x61, 0x23, 0x40, 0x95, 0x99,
    0xBD, 0x3C, 0x70, 0xA0, 0xED, 0x3E, 0x02, 0xAC, 0xCC, 0x1B, 0x13, 0xC7, 0xD1, 0xC7, 0x8C, 0x01,
    0xCA, 0x05, 0xD0, 0x8B, 0x87, 0x52, 0xC4, 0x67, 0x0C, 0x98, 0xE9, 0x6A, 0x9E, 0x30, 0x9B, 0xB0,
    0xB1, 0x4C, 0x54, 0x19, 0x75, 0x34, 0x13, 0x6E, 0xB0, 0x23, 0xAE, 0x77, 0x03, 0xEE, 0x3F, 0xA4,
    0xA5, 0x91, 0x19, 0x3A, 0xD9, 0x07, 0x69, 0x41, 0x65, 0x54, 0x32, 0x1D, 0x79, 0x07, 0xC8, 0x47,
    0x6D, 0x4A, 0x99, 0x80, 0x7A, 0xD3, 0xD0, 0xFD, 0x68, 0x01, 0x16, 0x56, 0x16, 0x89, 0xED, 0x4C,
    0x91, 0x13, 0x2D, 0xC7, 0x9C, 0xA8, 0x89, 0x66, 0x00, 0x1B, 0xAB, 0x36, 0xD3, 0x01, 0x76, 0x58,
    0x80, 0xAA, 0x17, 0xA0, 0x0E, 0x5D, 0x00, 0x17, 0x5C, 0x04, 0xD7, 0xDA, 0x09, 0x1A, 0x5F, 0xE6,
    0xF8, 0xBE, 0x58, 0x56, 0x9E, 0x52, 0x2B, 0xA5, 0xCA, 0xDE, 0x16, 0xF7, 0xC5, 0x84, 0x9A, 0x73,
    0x7A, 0x45, 0xB2, 0xE2, 0xD1, 0x09, 0x9F, 0x43, 0x01, 0xA7, 0xCA, 0x11, 0xB8, 0x60, 0x23, 0xE0,
    0x24, 0x6C, 0xF4, 0x80, 0xF9, 0xE8, 0x81, 0x73, 0x80, 0x8E, 0x40, 0x39, 0x01, 0x7A, 0x06, 0xE8,
    0x00, 0x2A, 0x80, 0x82, 0x23, 0x53, 0x7B, 0xA7, 0xA1, 0x9A, 0x3B, 0x68, 0x64, 0x41, 0xC9, 0x4F,
    0x73, 0xD1, 0xE5, 0xB2, 0x1B, 0xF5, 0x94, 0x67, 0x6E, 0xA4, 0x1A, 0x6C, 0xA4, 0x0E, 0x55, 0xCC,
    0xBA, 0x87, 0x15, 0x4D, 0xBF, 0x42, 0x56, 0xBC, 0x73, 0xF7, 0xE3, 0xD6, 0xC9, 0xFB, 0xD2, 0xD6,
    0x62, 0x17, 0xEC, 0x94, 0x65, 0x79, 0x00, 0x78, 0x96, 0xDD, 0xBE, 0x3E, 0x43, 0xD6, 0x0E, 0x65,
    0x04, 0x6C, 0xC8, 0x00, 0xE0, 0xD1, 0x2A, 0x38, 0xDB, 0xEE, 0xCA, 0xA7, 0x8B, 0x47, 0x3F, 0xB7,
    0x94, 0xC3, 0x04, 0x55, 0xB8, 0x06, 0x67, 0x79, 0xF6, 0x91, 0x06, 0x7F, 0xF3, 0x31, 0x28, 0xE7,
    0x0B, 0x47, 0x45, 0x6B, 0x6D, 0x82, 0x33, 0xC5, 0xF0, 0xE8, 0x93, 0x06, 0xD0, 0xC3, 0x6D, 0xB0,
    0x9F, 0x2C, 0x60, 0xFF, 0x33, 0x41, 0xD9, 0xBE, 0xF9, 0x7F, 0x13, 0x97, 0xA6, 0x07, 0x24, 0x42,
    0xD1, 0x8F, 0xA0, 0xC3, 0xAF, 0x56, 0xF4, 0xF9, 0x51, 0x06, 0xA0, 0xF3, 0x8F, 0x54, 0xC1, 0x2B,
    0x9C, 0x07, 0x2B, 0x37, 0xA4, 0xA7, 0x11, 0x91, 0xA8, 0xE4, 0x5F, 0xE4, 0xE5, 0xA8, 0x93, 0x4A,
    0x26, 0xAE, 0x9E, 0x47, 0x3B, 0xAC, 0xAE, 0x63, 0x1D, 0xB2, 0xEF, 0x2E, 0x3B, 0xFF, 0x62, 0xCA,
    0xDE, 0xA5, 0xCF, 0xEE, 0xEF, 0xB1, 0x52, 0x86, 0x22, 0xAC, 0x01, 0x62, 0x15, 0x9C, 0xBC, 0x27,
    0x39, 0x84, 0x96, 0x19, 0x3B, 0x29, 0x19, 0xC0, 0x73, 0xEA, 0x30, 0x0A, 0x46, 0x3C, 0x8D, 0x04,
    0x25, 0xD2, 0xEA, 0x54, 0x62, 0x22, 0xD8, 0x01, 0xEA, 0x3E, 0xFB, 0x80, 0xE3, 0xEB, 0x2C, 0x2E,
    0x36, 0x38, 0x99, 0xA9, 0x64, 0xA4, 0x94, 0x16, 0xCE, 0x01, 0xDF, 0x83, 0x62, 0x01, 0x1A, 0xE0,
    0x32, 0x90, 0xD8, 0x7C, 0x9C, 0xF1, 0x00, 0x80, 0x01, 0xAA, 0x16, 0xAA, 0x1E, 0x6C, 0x04, 0x9D,
    0x80, 0x5B, 0xC0, 0x13, 0xC0, 0x03, 0x1A, 0xE6, 0x3A, 0xE8, 0x55, 0xAF, 0x1D, 0x5C, 0x6B, 0x43,
    0x47, 0xFD, 0x76, 0xC2, 0xDD, 0x8D, 0x38, 0xF1, 0xB8, 0x8F, 0xC0, 0xB5, 0x26, 0x67, 0x47, 0x2D,
    0x0B, 0xF6, 0x58, 0x03, 0x80, 0x87, 0x22, 0x42, 0x19, 0x0F, 0x83, 0xD4, 0x59, 0x31, 0x70, 0x09,
    0x38, 0xF7, 0x10, 0xE3, 0x7C, 0x03, 0x10, 0xD0, 0xD2, 0x62, 0x3E, 0x0C, 0x54, 0x6F, 0x0C, 0x5C,
    0x2F, 0x06, 0x9E, 0xC3, 0x3F, 0xC4, 0x5C, 0xA0, 0xBA, 0x11, 0x71, 0xEF, 0x8D, 0xB8, 0x7F, 0x88,
    0xBC, 0xA0, 0x5B, 0xE0, 0x21, 0xE6, 0xA0, 0x5B, 0xDB, 0xDB, 0x58, 0x4E, 0x6A, 0xE6, 0x32, 0x8F,
    0x01, 0x7B, 0xF5, 0x24, 0xE9, 0x3B, 0x53, 0x39, 0x9A, 0x68, 0xA3, 0x1D, 0xEA, 0xDE, 0x05, 0xD7,
    0x36, 0xBE, 0xFB, 0x6E, 0x37, 0x77, 0x53, 0xD3, 0x9F, 0x02, 0x3C, 0x8C, 0x14, 0x13, 0xE5, 0xB8,
    0xED, 0xD1, 0x2D, 0x2F, 0x70, 0x64, 0x7B, 0xD4, 0x13, 0x92, 0xF8, 0x4E, 0xFE, 0x70, 0xB7, 0x99,
    0x1F, 0xEE, 0xDE, 0x87, 0x3B, 0xB6, 0xA7, 0xFB, 0x2E, 0xDD, 0x4C, 0x37, 0xD1, 0xF4, 0x64, 0x67,
    0x4F, 0x41, 0xD3, 0x2A, 0x09, 0xFA, 0xB3, 0xC1, 0xBE, 0x1D, 0x9D, 0x1F, 0xBF, 0xCA, 0xDE, 0x1F,
    0xE9, 0x0A, 0x4C, 0x98, 0xAA, 0x0F, 0x52, 0xFD, 0xCE, 0x74, 0xB6, 0x18, 0xFE, 0x78, 0x49, 0x00,
    0x2A, 0xBE, 0x46, 0x29, 0x23, 0x85, 0xF4, 0xB0, 0x9D, 0xD3, 0x03, 0xE6, 0x27, 0x03, 0xAA, 0x8C,
    0xA0, 0x47, 0x8C, 0x4C, 0x34, 0x92, 0x94, 0x48, 0xD2, 0x73, 0x99, 0xEC, 0xA8, 0x53, 0x35, 0xE8,
    0x54, 0xF7, 0x3A, 0xB9, 0xA0, 0x27, 0x17, 0xCA, 0xD1, 0x05, 0x1B, 0x5D, 0xA8, 0x7A, 0x37, 0x6C,
    0xBF, 0x40, 0x78, 0x2B, 0x33, 0x85, 0x0C, 0x70, 0xEA, 0x7F, 0x59, 0x44, 0x4F, 0xDF, 0xBF, 0x88,
    0xBE, 0xC2, 0x1E, 0xD5, 0x62, 0x66, 0xDC, 0xE2, 0x84, 0x27, 0x17, 0x11, 0x94, 0xC4, 0x8C, 0xB0,
    0x50, 0x88, 0x9A, 0xD1, 0x4B, 0x71, 0xB4, 0xBC, 0x94, 0x53, 0x39, 0x61, 0x46, 0x33, 0x62, 0xA3,
    0x8D, 0x19, 0x9F, 0xE6, 0xC5, 0x40, 0x42, 0xDD, 0x5B, 0xF1, 0x2E, 0x98, 0x09, 0xC0, 0x1F, 0x6F,
    0x9E, 0x3A, 0xA7, 0x31, 0x41, 0x31, 0x03, 0x1D, 0x50, 0x79, 0x28, 0xD8, 0x45, 0xA6, 0x92, 0x40,
    0x27, 0xB1, 0x90, 0xAB, 0x63, 0x39, 0x99, 0x94, 0x0F, 0x19, 0xC7, 0xF9, 0x95, 0xD3, 0xEA, 0x71,
    0x97, 0xDF, 0xE0, 0xFA, 0x35, 0xBF, 0xCF, 0x05, 0x2B, 0xE9, 0x30, 0xBF, 0x27, 0xD8, 0xED, 0x91,
    0xD7, 0x80, 0x19, 0x8A, 0x04, 0xE5, 0x08, 0xB6, 0x07, 0x0B, 0xF0, 0x10, 0xE3, 0x9C, 0x6D, 0xC1,
    0xF5, 0xD0, 0xC5, 0x6D, 0x1B, 0x2C, 0x63, 0xC2, 0x86, 0x6B, 0x9C, 0xE1, 0xD9, 0x87, 0x16, 0x23,
    0xBF, 0x2B, 0x3D, 0x5F, 0xC0, 0xCA, 0x82, 0x7D, 0x39, 0xE5, 0xCD, 0xEE, 0xE1, 0xE6, 0x00, 0xE8,
    0xF8, 0x7A, 0xDE, 0xD6, 0xD6, 0x6B, 0xCE, 0x9B, 0xDA, 0x43, 0xF5, 0xAF, 0x80, 0xFA, 0x78, 0xF5,
    0xE6, 0x2C, 0x00, 0x1C, 0xFF, 0x0F, 0x94, 0x2B, 0x1E, 0x80, 0xAA, 0x3D, 0xFE, 0x4E, 0xE5, 0x81,
    0xD3, 0xFE, 0x1C, 0x4A, 0xD2, 0x2D, 0x8C, 0x48, 0xA4, 0xFE, 0x83, 0x04, 0x9A, 0xB6, 0x09, 0x08,
    0x79, 0xC9, 0xD1, 0x12, 0x8A, 0x54, 0x35, 0x41, 0xA7, 0x6B, 0xAE, 0xD5, 0x4B, 0x6C, 0xBC, 0x96,
    0x20, 0xE8, 0x45, 0x2D, 0xE8, 0x54, 0x26, 0xB4, 0x1C, 0x44, 0xAC, 0x48, 0xE0, 0xC5, 0x7A, 0x81,
    0x67, 0xF1, 0x1C, 0x59, 0x11, 0x80, 0x72, 0x00, 0xCC, 0x08, 0xE8, 0x04, 0xB0, 0x00, 0xD4, 0xF7,
    0x9D, 0xD9, 0xF7, 0x38, 0x4D, 0x35, 0x23, 0xB8, 0x05, 0xE1, 0xC9, 0x59, 0x2D, 0xA8, 0x54, 0xCC,
    0x14, 0x49, 0xEF, 0x0A, 0x7F, 0xCC, 0x85, 0x1F, 0x6D, 0x2E, 0xFC, 0x2A, 0x62, 0x07, 0x17, 0xA9,
    0xFA, 0x2E, 0xFA, 0xFA, 0xED, 0xCF, 0x3E, 0x0B, 0xB5, 0xBC, 0x27, 0x2B, 0x4A, 0xC1, 0x4E, 0x7A,
    0x62, 0x27, 0xE0, 0x1C, 0xC0, 0x4D, 0x40, 0xA5, 0x5D, 0x74, 0x73, 0xFF, 0xF1, 0xED, 0xD4, 0xA3,
    0x55, 0x70, 0xD6, 0x03, 0x2E, 0x00, 0x32, 0x40, 0xF1, 0x59, 0x04, 0xF3, 0x9B, 0x09, 0xAA, 0xF6,
    0x26, 0xFC, 0x09, 0xE7, 0x1E, 0x6D, 0xFA, 0x40, 0xD9, 0xDF, 0x02, 0xFB, 0xE9, 0x7C, 0xF4, 0xFB,
    0xBD, 0x79, 0x69, 0x00, 0xE0, 0x11, 0xC7, 0x6D, 0x81, 0x22, 0x02, 0x7A, 0x04, 0x6C, 0x04, 0xAA,
    0x1E, 0x70, 0x00, 0x97, 0xB8, 0x5F, 0xC2, 0x1E, 0x66, 0xD6, 0x33, 0x95, 0x14, 0x0B, 0x4F, 0x8A,
    0x12, 0xE8, 0xFC, 0x02, 0xCD, 0x4B, 0x33, 0xB8, 0x1F, 0x25, 0x70, 0x37, 0x26, 0x70, 0x6F, 0x8C,
    0x50, 0xBF, 0x1B, 0x57, 0xBC, 0xDF, 0x43, 0xF5, 0x61, 0xBB, 0x42, 0x58, 0x31, 0x67, 0x4C, 0x19,
    0x71, 0x37, 0xD9, 0x0D, 0x3C, 0xA6, 0x66, 0xA8, 0x0F, 0x46, 0x70, 0x12, 0xC8, 0x09, 0x82, 0x19,
    0x00, 0x78, 0x05, 0xA8, 0x16, 0xC0, 0x09, 0xF0, 0xE4, 0x02, 0x14, 0x73, 0x46, 0x02, 0xF4, 0x86,
    0xF1, 0x34, 0x94, 0xB1, 0xEB, 0x31, 0xBF, 0x97, 0x88, 0xBD, 0xBB, 0xC1, 0x46, 0xAA, 0x94, 0x31,
    0xAE, 0xA8, 0x87, 0x15, 0x2E, 0x6C, 0xA8, 0x7A, 0x9A, 0xD6, 0x05, 0x3A, 0xDF, 0xB4, 0x6C, 0x19,
    0xC8, 0xC7, 0x09, 0x44, 0x46, 0xD4, 0x22, 0xED, 0xCE, 0xF1, 0x0E, 0xE5, 0x04, 0xD4, 0xD2, 0x42,
    0x23, 0x3D, 0xFC, 0xE0, 0xAD, 0x96, 0x9D, 0xD9, 0x1B, 0x59, 0xF0, 0xBB, 0x39, 0xDF, 0x1F, 0x8F,
    0xF0, 0x4C, 0xB1, 0xFF, 0xFF, 0x3A, 0x57, 0xFF, 0x03, 0xD5, 0x5B, 0x01, 0xA4, 0x26, 0xD9, 0x95,
    0xFE, 0x6E, 0xD5, 0x7B, 0x53, 0xA3, 0xCB, 0xB8, 0x83, 0x9E, 0x91, 0x4D, 0xB2, 0x5B, 0x8B, 0xC6,
    0x24, 0x66, 0x53, 0x10, 0x40, 0x66, 0xEE, 0xCD, 0x86, 0x0D, 0x16, 0x79, 0xD8, 0xEC, 0xAE, 0x8C,
    0xEC, 0x04, 0xC1, 0x6E, 0xA0, 0x83, 0x20, 0xC8, 0x74, 0xD5, 0x66, 0xD8, 0x20, 0x98, 0xB6, 0x76,
    0x61, 0x17, 0x3B, 0x08, 0x76, 0x7A, 0xD8, 0x09, 0x82, 0x45, 0x27, 0x55, 0xC9, 0x20, 0x18, 0xA4,
    0x26, 0xB1, 0x06, 0x8B, 0xA9, 0xCD, 0x0E, 0xCB, 0x0E, 0xFA, 0x26, 0xA9, 0x24, 0xD5, 0xDD, 0xB7,
    0xEA, 0x6C, 0x7D, 0xA7, 0xDE, 0x5F, 0xEF, 0xBD, 0x4E, 0xA7, 0xCD, 0x64, 0xDE, 0x9B, 0xF7, 0xF6,
    0xF8, 0xEB, 0xBB, 0x7F, 0xB7, 0xF7, 0xEE, 0x3D, 0xE7, 0x3B, 0xE7, 0x9E, 0x7B, 0xEE, 0xF9, 0xFF,
    0x07, 0x64, 0x32, 0x01, 0xC8, 0x65, 0x56, 0x8C, 0xB8, 0x47, 0x1E, 0xF2, 0x44, 0xD7, 0x12, 0x1B,
    0xA2, 0x91, 0x0E, 0x40, 0xAA, 0x98, 0xDF, 0xEA, 0x01, 0xD8, 0x1F, 0x05, 0x00, 0xE5, 0x0B, 0xC4,
    0x2A, 0x27, 0x4E, 0xF9, 0x00, 0x98, 0x98, 0x8D, 0x40, 0x3A, 0xA4, 0x11, 0xC8, 0x7F, 0xF9, 0x17,
    0x0B, 0x5A, 0xE1, 0xFC, 0x4E, 0xB8, 0x62, 0xF5, 0xD9, 0x3F, 0x9F, 0x81, 0x19, 0x89, 0x20, 0x89,
    0x30, 0x82, 0x2C, 0x22, 0x91, 0xEB, 0x95, 0xF8, 0x52, 0x86, 0x46, 0xBC, 0x93, 0x80, 0x4C, 0xF8,
    0x4B, 0x1B, 0x1C, 0x89, 0x39, 0xD8, 0x07, 0x8A, 0xA9, 0x01, 0x2A, 0x99, 0x61, 0xE4, 0x5F, 0x22,
    0xD2, 0x98, 0x46, 0xE4, 0x43, 0x3A, 0xC2, 0x86, 0x6C, 0x40, 0xD1, 0xDB, 0x80, 0xB2, 0x2D, 0x02,
    0x5C, 0xEB, 0xFA, 0x05, 0xAA, 0x6E, 0x01, 0x59, 0xE0, 0xD5, 0x5B, 0x6F, 0xD7, 0x4E, 0x7E, 0x24,
    0x75, 0x29, 0x76, 0x86, 0x1D, 0xB3, 0x01, 0xF0, 0x50, 0xD1, 0x21, 0x6B, 0x2F, 0x11, 0x87, 0xE7,
    0x88, 0x32, 0xAA, 0xC5, 0xB4, 0x12, 0x8F, 0x5D, 0x10, 0x56, 0x0C, 0xB8, 0x46, 0xFB, 0x08, 0x60,
    0xFB, 0x9B, 0xF4, 0xD9, 0x00, 0x24, 0xBA, 0xF0, 0xE5, 0x33, 0xE3, 0xE7, 0xFC, 0xAD, 0x06, 0xF0,
    0xEF, 0x84, 0xB4, 0x5F, 0xCD, 0x27, 0xDA, 0x4E, 0x51, 0x88, 0xE9, 0x74, 0x26, 0xC6, 0x8F, 0x80,
    0x37, 0x3D, 0xE7, 0xE7, 0x8A, 0xB6, 0xDE, 0x80, 0xCB, 0x65, 0x23, 0x4E, 0x88, 0x69, 0xA9, 0x5A,
    0x4F, 0xD3, 0x17, 0x48, 0xA4, 0x05, 0xF2, 0xDB, 0x1B, 0x6F, 0xCA, 0xE0, 0x4B, 0xA4, 0x4E, 0x06,
    0xE4, 0x22, 0x23, 0xCA, 0xF9, 0xE5, 0x11, 0xD2, 0x27, 0x43, 0x22, 0x48, 0x43, 0x3A, 0x21, 0xED,
    0xF3, 0x11, 0xC6, 0xDB, 0x01, 0x40, 0xA1, 0x44, 0x12, 0x9C, 0x42, 0x4F, 0x08, 0x1B, 0x0C, 0x30,
    0x75, 0x19, 0x91, 0xB7, 0x56, 0xFE, 0xB1, 0xA9, 0x73, 0x11, 0x41, 0xA2, 0x94, 0x56, 0xEA, 0x8D,
    0x83, 0x5D, 0x40, 0x27, 0x01, 0xC8, 0x02, 0x60, 0x03, 0x50, 0xB6, 0x80, 0x03, 0xF0, 0x09, 0x00,
    0x8F, 0x62, 0x95, 0x3F, 0x63, 0x04, 0x79, 0x54, 0xD2, 0x1A, 0x91, 0x3A, 0x8D, 0x19, 0xE8, 0x35,
    0xDB, 0x03, 0x65, 0x47, 0x5F, 0x1F, 0x7F, 0x2E, 0xC1, 0x85, 0x0A, 0x4E, 0x26, 0x14, 0x32, 0x20,
    0x93, 0x7A, 0x9B, 0x86, 0xC2, 0x0D, 0x63, 0xC4, 0x03, 0x19, 0x0D, 0x2F, 0x5F, 0x0B, 0x40, 0xC3,
    0xD5, 0xBF, 0x83, 0xEB, 0xE7, 0x62, 0xFD, 0x47, 0x00, 0x08, 0xA3, 0xB3, 0x46, 0xFE, 0x66, 0x8B,
    0xE2, 0xF9, 0x1E, 0xD7, 0x92, 0x1E, 0x57, 0xE0, 0x4F, 0xDB, 0xF2, 0x08, 0x20, 0x99, 0x00, 0xA4,
    0xFA, 0x8E, 0xFA, 0xE3, 0x9C, 0x5C, 0xFE, 0x04, 0x80, 0x19, 0x48, 0xF8, 0x50, 0xA3, 0x6F, 0x81,
    0x72, 0xCA, 0x06, 0x7F, 0x95, 0x5B, 0xF1, 0xBB, 0xE9, 0x00, 0xB8, 0xA2, 0x03, 0x4A, 0x01, 0x90,
    0xAB, 0xE9, 0xE1, 0x5C, 0xAC, 0xA6, 0xFC, 0x01, 0x46, 0x94, 0x69, 0x40, 0xF1, 0x42, 0xAB, 0x19,
    0x21, 0x9B, 0x0E, 0x3D, 0xE1, 0x4F, 0x3D, 0xD0, 0x9F, 0xD4, 0x50, 0x77, 0x09, 0x2D, 0x2E, 0xBF,
    0xA9, 0x59, 0x8F, 0x3F, 0x81, 0x74, 0x06, 0x65, 0xC4, 0x4E, 0xCC, 0x97, 0xFE, 0x41, 0x59, 0x90,
    0x1A, 0xA9, 0x90, 0x87, 0xF4, 0xD6, 0xED, 0x66, 0x06, 0x93, 0x90, 0xD0, 0x6E, 0x23, 0xF5, 0x82,
    0x90, 0x16, 0x65, 0x8F, 0xAA, 0x85, 0xEB, 0xA0, 0x99, 0x48, 0xDF, 0xB4, 0x7C, 0x35, 0x2B, 0xD6,
    0x7C, 0x23, 0x1E, 0x52, 0x43, 0x60, 0xF4, 0x95, 0xCE, 0x74, 0xB2, 0x8D, 0x7C, 0xD3, 0xF0, 0xA8,
    0x14, 0x69, 0x51, 0x69, 0x3A, 0x15, 0x91, 0xEB, 0x38, 0x92, 0x7D, 0xA3, 0x7B, 0xF2, 0xF9, 0x9E,
    0x7A, 0xFE, 0x70, 0xC1, 0xFD, 0xE6, 0x9B, 0x64, 0xAE, 0xFA, 0x4C, 0x4B, 0xED, 0x2C, 0x09, 0x12,
    0xCB, 0xBC, 0x39, 0xEF, 0x01, 0xC5, 0x3C, 0x81, 0xDC, 0x46, 0xAC, 0xA9, 0x93, 0xB9, 0x73, 0x04,
    0x93, 0xE7, 0xA0, 0x8A, 0x07, 0xAC, 0xE9, 0x73, 0xCD, 0x9F, 0x9A, 0x40, 0x89, 0x55, 0x47, 0x14,
    0x22, 0x73, 0x28, 0x34, 0x89, 0x42, 0xB3, 0xE8, 0xE1, 0x19, 0x02, 0xFF, 0x5E, 0x38, 0xE1, 0xAB,
    0x14, 0x69, 0xAB, 0x76, 0xC1, 0xBA, 0x6A, 0x21, 0xEF, 0x8D, 0x13, 0x60, 0x75, 0xAB, 0x95, 0x96,
    0x84, 0xD4, 0xB4, 0xD9, 0xD3, 0xEE, 0x91, 0x10, 0xD6, 0x5D, 0x94, 0xDD, 0x9E, 0x00, 0x47, 0x2A,
    0xE4, 0x56, 0x44, 0x3A, 0xA5, 0x23, 0xB2, 0x31, 0x1D, 0x94, 0x86, 0xC3, 0x43, 0xA4, 0x7B, 0x57,
    0x27, 0xA8, 0xE5, 0xF4, 0x28, 0x24, 0x2A, 0x0E, 0xB8, 0x8F, 0x38, 0x11, 0xD9, 0x61, 0x36, 0xDF,
    0x98, 0xE9, 0x00, 0x5C, 0x03, 0x8F, 0xC4, 0xE7, 0x14, 0xBF, 0x0A, 0xE4, 0xA3, 0x4E, 0x36, 0x28,
    0xDE, 0xFE, 0x92, 0xE7, 0x64, 0x34, 0xA6, 0x14, 0xD9, 0x6D, 0x20, 0x32, 0x46, 0x6C, 0x41, 0xAB,
    0xDA, 0xA4, 0x07, 0x9A, 0x3A, 0x5D, 0x50, 0xBC, 0xED, 0x60, 0xE4, 0x6D, 0x69, 0x51, 0x28, 0x3F,
    0x5C, 0xCA, 0xF3, 0x77, 0x7B, 0xF0, 0x9C, 0x75, 0xD2, 0xDF, 0x37, 0x63, 0x4C, 0x65, 0x9B, 0x86,
    0xA2, 0xB5, 0xBD, 0xAB, 0x6D, 0xDB, 0xA0, 0xFC, 0x41, 0x84, 0xBB, 0xC5, 0x1F, 0xF7, 0x70, 0x6F,
    0x01, 0xAE, 0xCE, 0x49, 0x01, 0x4A, 0x99, 0x61, 0x4F, 0xEC, 0x19, 0x83, 0x3D, 0xAA, 0xE9, 0x9F,
    0x24, 0xBE, 0x3E, 0x12, 0x95, 0x5F, 0xE6, 0x65, 0xD6, 0x2C, 0x17, 0xC4, 0xFE, 0x3D, 0x3C, 0x8A,
    0x8F, 0xE1, 0xCB, 0x70, 0x7F, 0x17, 0x50, 0x4A, 0x8B, 0x5C, 0x98, 0x5C, 0x4E, 0x8F, 0x87, 0xCD,
    0x3E, 0xC5, 0xC6, 0x13, 0x85, 0x80, 0x49, 0xF1, 0xD1, 0x0B, 0xC2, 0xC3, 0xFD, 0x4F, 0x90, 0xD3,
    0xE6, 0xE1, 0xDC, 0xAC, 0xE3, 0xF4, 0x80, 0x09, 0x47, 0xA5, 0x64, 0xB6, 0xBE, 0x97, 0xB5, 0x9E,
    0x7D, 0xEF, 0xB6, 0x8E, 0xC8, 0xA4, 0x03, 0x0A, 0x0F, 0x7C, 0x4C, 0x6B, 0xAD, 0x75, 0xCD, 0x2A,
    0xE8, 0x41, 0x73, 0x5C, 0x7E, 0x5F, 0x7F, 0xA0, 0xFC, 0x24, 0x59, 0x2E, 0x7E, 0x48, 0x35, 0x72,
    0xD5, 0x22, 0x11, 0x50, 0x6E, 0x5E, 0x94, 0x88, 0x78, 0xF0, 0xE9, 0x7A, 0xDA, 0x3B, 0x84, 0x9C,
    0x80, 0xFF, 0x97, 0x0A, 0x4F, 0xAC, 0x9F, 0x04, 0x66, 0xE6, 0x91, 0x45, 0xC7, 0x17, 0x76, 0xC9,
    0xFB, 0x25, 0x0F, 0x34, 0x32, 0x22, 0x17, 0x99, 0x59, 0x5B, 0x4C, 0x90, 0x0E, 0x91, 0xB4, 0xC5,
    0x74, 0x02, 0x86, 0x3C, 0x02, 0xC7, 0x6A, 0x0B, 0xB7, 0x82, 0xB9, 0x71, 0xC3, 0xF5, 0x89, 0xCC,
    0xCB, 0xBB, 0x26, 0xBA, 0x00, 0x3B, 0x38, 0xA6, 0xF2, 0x22, 0x2E, 0x60, 0xC5, 0x17, 0x3D, 0xCF,
    0x8B, 0xCE, 0xA8, 0xE9, 0xA5, 0xDC, 0xDE, 0x72, 0xD3, 0xDF, 0x10, 0x04, 0x40, 0x4A, 0x36, 0xEC,
    0x9B, 0x2C, 0x6E, 0x3F, 0xDD, 0xB1, 0x00, 0x5A, 0xE0, 0x8A, 0xD9, 0x31, 0xF0, 0x98, 0xC7, 0x5A,
    0x98, 0x58, 0x82, 0xEB, 0xE6, 0x03, 0x54, 0xBE, 0x01, 0x1A, 0x28, 0xC8, 0x02, 0xDC, 0x4F, 0xEE,
    0x9F, 0x47, 0x3A, 0xA5, 0x5B, 0x39, 0xD4, 0x92, 0x1C, 0x55, 0x4D, 0x05, 0x47, 0xC0, 0x34, 0x52,
    0xC3, 0xDE, 0x91, 0x01, 0x15, 0x6B, 0x1E, 0x41, 0x3A, 0x41, 0x90, 0x2C, 0x50, 0x67, 0x91, 0x27,
    0x59, 0x58, 0xFD, 0x69, 0x9A, 0xB7, 0x94, 0x08, 0x42, 0x81, 0x8F, 0x03, 0xE5, 0xDF, 0x07, 0x9D,
    0x55, 0xBD, 0xA0, 0xEE, 0x38, 0x17, 0xAE, 0x1E, 0xA6, 0x23, 0x9F, 0xC2, 0x97, 0x01, 0xF7, 0x27,
    0xFD, 0x02, 0x0C, 0x67, 0x3B, 0x43, 0x33, 0xE9, 0xF9, 0xD1, 0x84, 0x3D, 0xC2, 0xB5, 0x9D, 0x1B,
    0xCD, 0x4C, 0x88, 0xA0, 0x9C, 0x0F, 0x4D, 0x78, 0x82, 0x30, 0x9D, 0xB8, 0x35, 0x98, 0x1E, 0x94,
    0x73, 0xA4, 0xE9, 0xFD, 0xE5, 0x40, 0x29, 0x98, 0x37, 0x98, 0x08, 0x71, 0x97, 0x8E, 0x79, 0x61,
    0xE6, 0x40, 0x78, 0x8A, 0x30, 0xEE, 0x92, 0x76, 0x7A, 0x04, 0x03, 0xF9, 0x0B, 0xE7, 0x48, 0xD8,
    0x26, 0x23, 0x70, 0x54, 0xFE, 0x5B, 0xF1, 0x1C, 0xAA, 0x67, 0xF5, 0x40, 0x99, 0xB2, 0x8E, 0x43,
    0x6F, 0xEA, 0xDF, 0x2C, 0xF4, 0xC2, 0xF2, 0x5A, 0x87, 0x1E, 0xD9, 0xCC, 0x17, 0x17, 0x64, 0x34,
    0x64, 0x91, 0x2F, 0x3E, 0xF9, 0x08, 0x3E, 0x76, 0x64, 0x56, 0xE7, 0x6B, 0xD1, 0xEF, 0xC6, 0x2B,
    0xBA, 0xD9, 0xA9, 0x0E, 0x13, 0xBB, 0xF4, 0x9A, 0xD9, 0x5D, 0x07, 0x3E, 0x3A, 0xE8, 0xAD, 0xE1,
    0xF0, 0xFE, 0xC0, 0xA7, 0xA9, 0x35, 0xA5, 0x8A, 0x87, 0x91, 0xEB, 0x89, 0x5C, 0x47, 0x21, 0x63,
    0x29, 0x03, 0x9C, 0x0C, 0xD4, 0x01, 0xE6, 0x45, 0x70, 0x19, 0x12, 0x42, 0x56, 0x9A, 0x0A, 0x48,
    0xC6, 0xC2, 0x23, 0xED, 0xF2, 0x93, 0x15, 0x73, 0xBB, 0x55, 0xCC, 0x1B, 0x71, 0x5A, 0xCA, 0x88,
    0x3A, 0xD2, 0x1C, 0xC0, 0x4C, 0xC5, 0x88, 0x24, 0x36, 0x11, 0xC9, 0x2C, 0x13, 0x52, 0xF9, 0x71,
    0x5C, 0xE0, 0x53, 0x11, 0xD9, 0x9C, 0x8E, 0xC8, 0x63, 0x46, 0x23, 0xF2, 0xC0, 0xD8, 0xD0, 0x12,
    0xBA, 0x67, 0x09, 0xAD, 0xC5, 0xFD, 0x1B, 0xDE, 0xB5, 0x4E, 0x08, 0x33, 0x2A, 0x5F, 0x0C, 0xA4,
    0xED, 0x9D, 0xB1, 0xF5, 0xF2, 0x7C, 0xE3, 0xE5, 0xF9, 0xBA, 0x11, 0x4A, 0x8F, 0x67, 0xA7, 0xCF,
    0x3E, 0x7B, 0xDB, 0x9F, 0x1D, 0x5B, 0xBF, 0x9D, 0x8A, 0x52, 0x26, 0x42, 0x24, 0x15, 0xEA, 0xFB,
    0x7C, 0x40, 0x12, 0x2B, 0xDE, 0x1C, 0x48, 0xC5, 0xDD, 0xFF, 0x3E, 0xA2, 0x22, 0x92, 0x0A, 0xBA,
    0x75, 0xA3, 0x22, 0x6C, 0x54, 0xB4, 0xBF, 0x95, 0x8A, 0x03, 0x20, 0x1B, 0x9F, 0xD4, 0x66, 0x68,
    0x71, 0x35, 0xE2, 0x91, 0xBC, 0xBF, 0x27, 0xA2, 0x06, 0xAC, 0x6D, 0x53, 0xA5, 0x66, 0x17, 0x49,
    0xC8, 0x23, 0x76, 0x01, 0x04, 0x4B, 0x32, 0xC8, 0x44, 0x8F, 0x1D, 0x07, 0x6A, 0xBD, 0x9A, 0x5E,
    0xC3, 0x48, 0x47, 0x6B, 0x75, 0x2A, 0xF3, 0xE2, 0x65, 0x1B, 0x3F, 0x51, 0x48, 0xFC, 0x58, 0x39,
    0x3C, 0x9C, 0xD7, 0xA0, 0x50, 0x87, 0x72, 0x84, 0x44, 0x3C, 0x33, 0x22, 0x1B, 0xA0, 0xEA, 0x43,
    0x55, 0x27, 0x8F, 0xAE, 0x46, 0xE5, 0xD1, 0x7C, 0x1E, 0xCD, 0x84, 0x66, 0x44, 0xD5, 0x69, 0xEA,
    0xCD, 0xB9, 0x2B, 0xF5, 0x19, 0xCF, 0x52, 0x5F, 0x2B, 0xC3, 0xF2, 0xB6, 0x90, 0xF0, 0xBB, 0x6B,
    0x6A, 0x16, 0xB4, 0xF5, 0x87, 0x61, 0x5F, 0xBF, 0xA9, 0xB7, 0x14, 0x6D, 0xE1, 0x5D, 0x3E, 0x3B,
    0x86, 0xB1, 0x67, 0xF1, 0x44, 0xF1, 0xFA, 0x60, 0x25, 0xB0, 0x0C, 0xBA, 0xFC, 0x3B, 0xE9, 0x7D,
    0x36, 0xBA, 0x81, 0x89, 0xAB, 0x00, 0xF0, 0x34, 0x80, 0x8A, 0xF3, 0x47, 0xFE, 0xEE, 0x11, 0x15,
    0x80, 0x78, 0x23, 0x1E, 0x02, 0x7C, 0xF1, 0x77, 0xD1, 0xBB, 0x60, 0x6D, 0xCC, 0x46, 0x52, 0x04,
    0xA4, 0xE7, 0xCF, 0x6C, 0x52, 0x7A, 0xDD, 0x50, 0x9A, 0x5A, 0xBE, 0x87, 0xB3, 0x8C, 0x19, 0x1C,
    0x94, 0xA3, 0xC4, 0x67, 0xC6, 0x6C, 0xC8, 0x83, 0x0D, 0xB6, 0x2F, 0x3B, 0xD7, 0xBA, 0xBA, 0xF2,
    0xCD, 0xE7, 0x9B, 0xA9, 0x19, 0xAB, 0x6E, 0xEF, 0xF8, 0xC2, 0x87, 0x09, 0xA8, 0x62, 0x02, 0x92,
    0xE3, 0x09, 0x28, 0x3D, 0x99, 0xAE, 0xE3, 0xAA, 0xC5, 0xC8, 0x81, 0x4F, 0x11, 0x54, 0xA7, 0x52,
    0xD5, 0x52, 0xAD, 0xCA, 0xA3, 0x04, 0xD4, 0xEA, 0x70, 0x32, 0x01, 0x09, 0x6D, 0x3F, 0x4C, 0x40,
    0x1D, 0x04, 0x54, 0x37, 0x11, 0xD5, 0x81, 0x36, 0x83, 0x2B, 0x12, 0x9F, 0xA4, 0xC5, 0x40, 0xD5,
    0x04, 0x0E, 0x8D, 0x28, 0x85, 0xD5, 0x4C, 0xC4, 0x07, 0xAF, 0x1F, 0x73, 0x55, 0x16, 0x58, 0xDD,
    0x0F, 0x46, 0x7C, 0x11, 0x20, 0x28, 0x7A, 0x7C, 0x71, 0x6B, 0x4A, 0x1F, 0xE0, 0x31, 0x94, 0x63,
    0x26, 0xB5, 0x44, 0x2B, 0xF5, 0x33, 0xE3, 0x7E, 0xE3, 0xB3, 0x01, 0x8D, 0xCF, 0x03, 0x1A, 0xAA,
    0x2D, 0x74, 0xA2, 0xA0, 0xEC, 0xCC, 0x0C, 0xD7, 0x26, 0x13, 0x5C, 0x9D, 0x46, 0x54, 0x7E, 0x81,
    0xE6, 0xF3, 0xD9, 0x88, 0x86, 0x69, 0xAE, 0x19, 0x6D, 0x40, 0xD5, 0x2D, 0xB0, 0xC7, 0xD9, 0xD7,
    0x83, 0xB5, 0xAE, 0x6A, 0xA4, 0x77, 0x04, 0xC8, 0x84, 0x9E, 0x22, 0xDD, 0xF8, 0x37, 0x8F, 0x4D,
    0xF2, 0x16, 0x50, 0x56, 0xD0, 0x90, 0xC4, 0x71, 0x02, 0x6C, 0xEF, 0x80, 0xDC, 0x3F, 0x8C, 0x63,
    0x52, 0xCA, 0x08, 0xF2, 0xCE, 0x79, 0xFC, 0xE1, 0x31, 0x9B, 0x6E, 0x75, 0x53, 0x46, 0x20, 0xED,
    0xCA, 0xB6, 0x82, 0x12, 0xAE, 0x40, 0xA2, 0xC9, 0x2F, 0x41, 0xB3, 0x34, 0xA1, 0x21, 0x48, 0x4D,
    0xF0, 0x80, 0x11, 0xAC, 0x73, 0x3E, 0x92, 0x45, 0x65, 0x98, 0xD0, 0x13, 0x3C, 0x70, 0xE9, 0x5B,
    0x50, 0xF9, 0x08, 0x41, 0x00, 0x24, 0xFC, 0xBD, 0xFC, 0x56, 0x0B, 0x6D, 0x27, 0x6B, 0x3F, 0x19,
    0x57, 0x50, 0x6F, 0x9F, 0x3C, 0x70, 0xFA, 0xC0, 0x49, 0x17, 0xC0, 0xB3, 0x04, 0xBB, 0xC1, 0xCA,
    0x4B, 0x47, 0xA0, 0x06, 0x4E, 0xA1, 0xFE, 0xCD, 0x63, 0x94, 0x60, 0xB4, 0x38, 0x8C, 0x87, 0x46,
    0x5E, 0xC9, 0x07, 0xE0, 0xDA, 0xD5, 0xFE, 0xD0, 0xC7, 0x95, 0x00, 0xF8, 0xD0, 0x5B, 0x27, 0x0E,
    0x47, 0x99, 0xA9, 0xB6, 0xF0, 0x70, 0xA1, 0xBD, 0x69, 0x84, 0x90, 0x9B, 0x2C, 0x12, 0x8B, 0x40,
    0x8A, 0xB8, 0x8C, 0xFD, 0x25, 0xD9, 0xB3, 0x77, 0xD7, 0x36, 0x94, 0x2A, 0xA4, 0xAA, 0xBA, 0x5B,
    0x23, 0xF1, 0x8D, 0x48, 0x7C, 0x55, 0x94, 0xAA, 0x35, 0x0A, 0x9B, 0x9E, 0x3C, 0xB9, 0x91, 0x67,
    0x61, 0x31, 0xB3, 0x6B, 0x95, 0x49, 0xEB, 0x24, 0x18, 0x65, 0x10, 0x7B, 0x5B, 0xB5, 0xA6, 0x46,
    0xC1, 0x1E, 0xC3, 0xD2, 0x13, 0xBF, 0x4B, 0xC0, 0x8B, 0x84, 0x7D, 0x3D, 0x37, 0xF5, 0xD8, 0xD4,
    0x53, 0x53, 0xF7, 0xF8, 0xA1, 0xC5, 0xB3, 0xF1, 0x26, 0x96, 0xC1, 0x44, 0x19, 0x93, 0xBB, 0xFF,
    0x13, 0x53, 0xF9, 0xE3, 0x31, 0x9D, 0xD2, 0x21, 0x1B, 0xF3, 0x90, 0x87, 0xB2, 0xB5, 0x77, 0x67,
    0x58, 0x6E, 0xDC, 0x5B, 0x9D, 0x7E, 0xB4, 0xE0, 0x5E, 0x9D, 0xE0, 0xBE, 0x2F, 0x6F, 0xB9, 0xBA,
    0x19, 0x2B, 0x4F, 0x03, 0x8D, 0xCE, 0x0F, 0xE7, 0xD7, 0xA7, 0x3C, 0x2C, 0x1D, 0x69, 0x57, 0xAD,
    0x37, 0xA2, 0xCB, 0xC5, 0x64, 0x66, 0x37, 0xE7, 0xF2, 0xF8, 0x54, 0xCC, 0x26, 0x56, 0x7F, 0x69,
    0xE2, 0x88, 0x44, 0x7A, 0xBD, 0xFB, 0xA7, 0xDC, 0xD4, 0x77, 0x03, 0xF2, 0x5F, 0x0C, 0xB0, 0x3F,
    0x8B, 0x7B, 0xB6, 0x97, 0xBF, 0x2A, 0xBA, 0x66, 0x2A, 0x3B, 0x37, 0xBA, 0x96, 0xAE, 0x3B, 0x92,
    0x8F, 0xD3, 0x37, 0xCA, 0x60, 0xDC, 0xFC, 0xED, 0x17, 0xB8, 0x7E, 0x6F, 0x7D, 0x77, 0x08, 0xD9,
    0x16, 0xB1, 0xD9, 0xFD, 0x22, 0x36, 0x9C, 0xEC, 0x81, 0x1F, 0x8B, 0xD8, 0x65, 0xC6, 0xAA, 0x4D,
    0x7B, 0x34, 0x6D, 0xD6, 0x43, 0x6A, 0xDB, 0xE9, 0xED, 0x9C, 0xB5, 0x4C, 0xED, 0x16, 0x80, 0xCA,
    0xD7, 0x38, 0x61, 0x15, 0x8D, 0xF4, 0x86, 0x21, 0x41, 0x16, 0x32, 0xA9, 0xAD, 0xB4, 0xFB, 0xCD,
    0x9A, 0x73, 0x01, 0xE1, 0xCB, 0xCC, 0x48, 0x98, 0xAE, 0xF4, 0x75, 0x32, 0x45, 0x17, 0x6B, 0x96,
    0xFE, 0x4F, 0x38, 0x81, 0x9B, 0x51, 0x0E, 0x30, 0xEF, 0xB7, 0x15, 0xC0, 0x17, 0x77, 0x11, 0x6F,
    0x36, 0xD0, 0xEA, 0x3E, 0xE7, 0x2C, 0x97, 0xC0, 0xFF, 0xF3, 0x46, 0xFA, 0x54, 0x82, 0xB9, 0xDA,
    0xA3, 0xE8, 0x18, 0x70, 0x8E, 0x2F, 0x86, 0x51, 0xE3, 0x57, 0x23, 0x31, 0x73, 0xEB, 0x24, 0x9B,
    0x91, 0x23, 0xF2, 0x01, 0xF6, 0x57, 0xAD, 0x95, 0xE5, 0x55, 0xE7, 0x13, 0xE0, 0x61, 0x3C, 0xE3,
    0xD3, 0x76, 0x8A, 0x1E, 0x4F, 0x6D, 0x97, 0x53, 0x1D, 0xE2, 0x0A, 0x4E, 0x7E, 0x36, 0x2E, 0xF0,
    0xF3, 0xC0, 0x6A, 0xAD, 0x67, 0xEF, 0xB7, 0x45, 0x16, 0x8D, 0x3F, 0x45, 0xBB, 0xD9, 0x98, 0x67,
    0x5B, 0x9E, 0x4D, 0x79, 0x6D, 0xC9, 0xB3, 0x21, 0xCF, 0x76, 0xBC, 0x58, 0x40, 0xF6, 0xE8, 0x30,
    0x7A, 0x8C, 0xA6, 0xAC, 0xCF, 0x08, 0x7A, 0x8D, 0x6E, 0x83, 0xE5, 0xD3, 0x83, 0x9E, 0xA3, 0xEB,
    0xE8, 0x3B, 0x3A, 0x8F, 0xDE, 0xA3, 0xFB, 0x60, 0xDE, 0x71, 0x18, 0x1A, 0xDE, 0xD8, 0x58, 0x8A,
    0x06, 0x3D, 0xA9, 0xF4, 0x9C, 0x4A, 0xEA, 0x77, 0x69, 0x08, 0x18, 0x72, 0x87, 0xFB, 0xBA, 0x06,
    0x2A, 0xBF, 0xED, 0x6B, 0x3E, 0x47, 0x86, 0xD8, 0x3A, 0x8D, 0xAE, 0x4D, 0xC7, 0xAA, 0xCD, 0x06,
    0xE7, 0xF3, 0x70, 0xF9, 0x14, 0x0D, 0xF9, 0x82, 0x36, 0x96, 0x09, 0xD7, 0x81, 0x62, 0x3C, 0xDC,
    0x99, 0xB9, 0x36, 0x91, 0x9A, 0x77, 0x64, 0xC8, 0x83, 0x23, 0xEC, 0x26, 0x64, 0x84, 0xD4, 0xE9,
    0x8C, 0x72, 0x82, 0x7B, 0x60, 0x84, 0x1D, 0x93, 0x27, 0x14, 0x4D, 0x24, 0x22, 0x5F, 0x87, 0x6A,
    0x24, 0x42, 0x6A, 0x22, 0xAE, 0xE3, 0x5E, 0xE1, 0x42, 0x95, 0xD4, 0x90, 0xB8, 0x0C, 0x1E, 0xC5,
    0xCC, 0x25, 0x60, 0x45, 0xEF, 0xC6, 0x5C, 0x84, 0x7C, 0x49, 0x6B, 0x3B, 0xA0, 0x94, 0x8E, 0xB9,
    0xD6, 0x35, 0xA1, 0xE0, 0xF0, 0xEC, 0x50, 0x32, 0xAD, 0xDA, 0xB1, 0x64, 0x66, 0xCD, 0xA2, 0x63,
    0x01, 0x95, 0xCE, 0x0E, 0xC0, 0x94, 0x48, 0xA5, 0x91, 0xAD, 0x76, 0x46, 0x34, 0x74, 0x4A, 0x84,
    0x9B, 0x40, 0x33, 0x4A, 0x9E, 0x13, 0xB7, 0x99, 0xD0, 0xB8, 0xB2, 0x1D, 0x81, 0x46, 0x58, 0x06,
    0x00, 0x9B, 0x0B, 0xFE, 0x70, 0xEB, 0x49, 0x1E, 0x9D, 0xBD, 0x41, 0x73, 0x3D, 0x01, 0x38, 0xD1,
    0x26, 0x3E, 0x40, 0x31, 0xE7, 0x13, 0xDC, 0xEC, 0x04, 0x8F, 0xCF, 0x22, 0x3C, 0x11, 0x09, 0xED,
    0x8C, 0x44, 0xCC, 0x84, 0x74, 0xD6, 0x3D, 0xCA, 0xC2, 0x69, 0x54, 0x0A, 0x49, 0x62, 0xB0, 0x81,
    0xF0, 0xF3, 0xB6, 0xE8, 0xAD, 0xB4, 0x65, 0x67, 0x79, 0x05, 0xCA, 0x95, 0x2C, 0x7F, 0xA1, 0xB9,
    0xF9, 0x3D, 0x45, 0x86, 0x3D, 0xC5, 0xD5, 0xEB, 0xE0, 0x89, 0xB8, 0xA6, 0x68, 0xC6, 0x75, 0xB8,
    0x7E, 0x76, 0xFC, 0x18, 0xAE, 0x67, 0xBB, 0x1D, 0xE4, 0xEA, 0x16, 0xCF, 0x02, 0x7E, 0xE7, 0xBD,
    0x4D, 0x72, 0x14, 0x5E, 0x3D, 0xD7, 0xE8, 0xBF, 0x7E, 0xCA, 0x29, 0x78, 0x02, 0x1E, 0x0F, 0xCB,
    0xE7, 0xFE, 0x7F, 0x84, 0x25, 0x25, 0xAB, 0xDD, 0x02, 0x2D, 0x53, 0xE4, 0x2F, 0xC2, 0xEE, 0xBB,
    0x30, 0xE2, 0x71, 0x78, 0x79, 0xB8, 0x7C, 0xA6, 0x61, 0xF9, 0xA2, 0x72, 0x17, 0x8F, 0x30, 0x21,
    0x52, 0x79, 0x62, 0x20, 0xDA, 0x7E, 0x1F, 0x8F, 0xA1, 0xF8, 0x81, 0x7C, 0x5D, 0xFC, 0xD3, 0x56,
    0x5E, 0x60, 0x9A, 0xAC, 0x5E, 0x11, 0x32, 0x13, 0x1D, 0x89, 0x09, 0x8E, 0xBC, 0x74, 0x95, 0x27,
    0xFB, 0x6B, 0xE2, 0x24, 0x1B, 0x02, 0x4D, 0x9C, 0x46, 0x53, 0x27, 0xA7, 0xA5, 0x66, 0xDF, 0x26,
    0xF2, 0x02, 0x34, 0xA6, 0xD2, 0x21, 0x0F, 0x89, 0x1A, 0x8A, 0x47, 0x2F, 0xA8, 0x97, 0xB2, 0x40,
    0xBC, 0x62, 0x7B, 0x0E, 0xD5, 0xD5, 0x96, 0x43, 0xB3, 0xAA, 0x5C, 0x4D, 0x47, 0x17, 0x15, 0xFA,
    0x86, 0xAE, 0xA1, 0x67, 0xE8, 0x18, 0xFA, 0x85, 0x6E, 0xA1, 0x57, 0x16, 0xA7, 0x4C, 0xB4, 0x7C,
    0xB1, 0x38, 0xE6, 0x43, 0x36, 0xDA, 0x90, 0x0F, 0x74, 0x0A, 0x3F, 0x80, 0x65, 0xC7, 0xC4, 0xB5,
    0xD4, 0x5B, 0x89, 0xF4, 0xA8, 0x05, 0xC9, 0xAF, 0xD8, 0x77, 0x1A, 0x35, 0xA0, 0xD7, 0xFB, 0x86,
    0xE3, 0x3B, 0x34, 0x8A, 0x95, 0x74, 0x38, 0x29, 0x0F, 0xB1, 0xC8, 0x37, 0x22, 0x1D, 0xF9, 0x91,
    0x01, 0xA8, 0xE6, 0x26, 0x02, 0xD2, 0xE5, 0x33, 0x52, 0xE1, 0x2B, 0x9F, 0x90, 0x88, 0xB7, 0x11,
    0xBC, 0x40, 0x0D, 0x0B, 0xD6, 0x65, 0xE0, 0x7B, 0xB7, 0xC3, 0x44, 0x31, 0x15, 0x10, 0x67, 0x62,
    0x3E, 0x11, 0x6D, 0x44, 0x39, 0xEA, 0x9B, 0xD9, 0xD0, 0x5B, 0x22, 0xE2, 0xD7, 0x2E, 0x25, 0x70,
    0x55, 0xD4, 0x70, 0x4F, 0xC8, 0xB4, 0x3B, 0x32, 0x21, 0x97, 0x78, 0x3C, 0x8B, 0xD2, 0x51, 0x68,
    0x24, 0x24, 0x72, 0x95, 0x85, 0x70, 0xB4, 0x21, 0x8B, 0x45, 0x9F, 0xC6, 0xB2, 0xE3, 0x31, 0x9A,
    0x8D, 0xAE, 0xCD, 0x07, 0xD7, 0xDA, 0xC0, 0x02, 0xD5, 0x75, 0x55, 0x5B, 0xDE, 0x11, 0x58, 0x89,
    0x5A, 0xD4, 0xAE, 0x61, 0xBF, 0xA7, 0x81, 0xF1, 0x09, 0x8D, 0xD2, 0xEA, 0xD3, 0x9D, 0x72, 0xD1,
    0x02, 0x0C, 0x0B, 0xBD, 0xAF, 0x5C, 0x28, 0x16, 0xCC, 0x82, 0x59, 0xFB, 0x08, 0xF2, 0xFE, 0x26,
    0x32, 0x19, 0xD6, 0x8D, 0x7C, 0xF9, 0xD4, 0xD8, 0xD8, 0xE4, 0x2B, 0x49, 0xCB, 0xF0, 0x65, 0x4C,
    0xDA, 0x58, 0x75, 0x40, 0xF5, 0x53, 0xF1, 0xC0, 0xAC, 0x21, 0xDB, 0x25, 0xFE, 0xE2, 0x70, 0xB2,
    0x55, 0x11, 0x0F, 0x31, 0x8F, 0x73, 0xB3, 0xCE, 0xAE, 0x46, 0x32, 0x36, 0x40, 0xF6, 0x5F, 0x11,
    0xB0, 0x5F, 0xEF, 0x01, 0x03, 0x8F, 0x23, 0x92, 0x94, 0x25, 0xD2, 0x04, 0xF2, 0x04, 0x12, 0x05,
    0x32, 0x05, 0x52, 0x05, 0x72, 0x05, 0x92, 0x05, 0xB2, 0x05, 0xD2, 0x05, 0xF2, 0x05, 0x12, 0x06,
    0x32, 0xA6, 0x94, 0x29, 0x67, 0x3B, 0xD2, 0x0C, 0x67, 0x05, 0xE7, 0x5C, 0xA4, 0x56, 0x55, 0x39,
    0x96, 0xF2, 0x4F, 0x72, 0x83, 0x75, 0x77, 0x6F, 0x04, 0x25, 0x0D, 0x4D, 0x66, 0x94, 0xC8, 0x26,
    0x96, 0x66, 0x7F, 0x44, 0x03, 0x35, 0x1F, 0x16, 0xC3, 0x3A, 0x96, 0x01, 0xD9, 0xF4, 0x39, 0x16,
    0x96, 0x9C, 0xA1, 0x85, 0xEB, 0xC8, 0x69, 0xAD, 0xE3, 0x00, 0x70, 0x2C, 0x02, 0x47, 0x5E, 0x47,
    0x38, 0x06, 0xD6, 0x83, 0x83, 0xB2, 0xD4, 0x26, 0x03, 0xEC, 0xCC, 0xDA, 0x2D, 0xE8, 0xF2, 0xFF,
    0xAB, 0xD6, 0x51, 0x58, 0x35, 0x72, 0x6C, 0x69, 0xFC, 0x46, 0xC2, 0xBE, 0x47, 0x21, 0xBE, 0x19,
    0xD0, 0xC8, 0x1B, 0x12, 0x17, 0x1E, 0xE4, 0x27, 0x71, 0x21, 0x42, 0x12, 0xC6, 0xCC, 0x94, 0x8E,
    0xA4, 0x22, 0x0F, 0x0B, 0x17, 0xA3, 0x6B, 0x17, 0x32, 0xEE, 0xCC, 0x64, 0x43, 0x94, 0x8E, 0x19,
    0xE4, 0x63, 0xC0, 0xB7, 0x17, 0x42, 0x62, 0x16, 0xCA, 0x3B, 0x5C, 0xC4, 0xCA, 0x6D, 0x11, 0x9F,
    0x4A, 0x57, 0x8D, 0xCC, 0xB4, 0x06, 0x47, 0x62, 0x5A, 0x62, 0xDE, 0x11, 0x2B, 0x62, 0xAA, 0xBA,
    0xD8, 0xDB, 0x58, 0x2F, 0xC6, 0x9B, 0x7C, 0x8E, 0xB1, 0x54, 0x6A, 0x2C, 0x89, 0xC6, 0xD2, 0xDB,
    0x53, 0xA1, 0x29, 0x3D, 0x9B, 0x80, 0x2C, 0xA6, 0xC4, 0x91, 0x98, 0x8F, 0xE4, 0xCB, 0x0E, 0x39,
    0x31, 0x90, 0x93, 0xE2, 0x0E, 0xE7, 0x2C, 0x65, 0x5E, 0xAB, 0x60, 0xE2, 0x1B, 0x23, 0xF1, 0xD5,
    0x89, 0xAB, 0x7E, 0x5F, 0xE8, 0x9C, 0x9A, 0x3F, 0x23, 0xBE, 0x0A, 0xBC, 0xA8, 0x97, 0x91, 0x17,
    0x75, 0x1E, 0x54, 0xDC, 0x2E, 0xD8, 0x0E, 0x08, 0x0F, 0x24, 0xFD, 0x03, 0xBF, 0x0F, 0x78, 0xD9,
    0xF8, 0x62, 0xB6, 0xC1, 0xCD, 0x2E, 0x3C, 0x36, 0x35, 0x01, 0xD3, 0xDC, 0x31, 0x3E, 0xD9, 0xF7,
    0xE0, 0x44, 0xE9, 0x4C, 0x95, 0xA9, 0x2A, 0xD6, 0x73, 0x45, 0x67, 0xDA, 0xCA, 0xF7, 0x0B, 0x62,
    0xE7, 0xA5, 0xAD, 0x0E, 0xDB, 0xD0, 0x13, 0x9F, 0x26, 0x98, 0x78, 0x54, 0x89, 0xED, 0xE3, 0x20,
    0x93, 0xE7, 0xA3, 0x95, 0x17, 0xE2, 0x7E, 0x75, 0x35, 0xC2, 0x55, 0xDF, 0x41, 0x35, 0x00, 0x4D,
    0x0F, 0x34, 0x5C, 0xA7, 0xBE, 0xE7, 0x02, 0x73, 0xD2, 0xFA, 0x5D, 0xD2, 0xE2, 0x61, 0x9A, 0xF3,
    0x69, 0x01, 0x5B, 0x73, 0x9D, 0x93, 0x05, 0xD7, 0x57, 0x40, 0x33, 0x6E, 0x6A, 0x7E, 0xA9, 0x8A,
    0x56, 0x09, 0x02, 0x98, 0x7D, 0x88, 0x69, 0x7F, 0xC1, 0xA2, 0xE4, 0xFE, 0x1F, 0xF7, 0xA7, 0xD4,
    0xDE, 0x9F, 0x46, 0x94, 0x6C, 0xF2, 0x08, 0xA1, 0x21, 0x05, 0x42, 0xB3, 0xA7, 0xDD, 0x1E, 0xBA,
    0x82, 0x9D, 0x7C, 0xE9, 0x00, 0xC8, 0x64, 0x56, 0x4E, 0x3C, 0x9A, 0xFF, 0x60, 0xBE, 0x81, 0x83,
    0x39, 0x84, 0xA7, 0x16, 0xA0, 0x7F, 0xD5, 0xDC, 0x66, 0x56, 0xEE, 0x5A, 0x20, 0xD7, 0x7F, 0x0B,
    0xAD, 0x2F, 0x23, 0xAC, 0xCF, 0x23, 0x0A, 0x9F, 0x45, 0x94, 0xF5, 0x02, 0xAE, 0xB3, 0x23, 0xDC,
    0x2C, 0x81, 0x73, 0xB6, 0x48, 0x64, 0x3A, 0x2A, 0x26, 0x6B, 0xC0, 0x84, 0xD5, 0xD4, 0x9C, 0xFA,
    0x76, 0x8C, 0x1C, 0xDD, 0x1F, 0x27, 0x4F, 0xE5, 0x7A, 0xFD, 0xA2, 0xC3, 0xB3, 0x6D, 0x12, 0x13,
    0x4F, 0x77, 0xD0, 0x72, 0xD5, 0xC2, 0x45, 0x20, 0x9F, 0x41, 0x1A, 0x0A, 0xAA, 0xDA, 0x0A, 0xDC,
    0x9D, 0x09, 0xE5, 0xEE, 0x6B, 0x21, 0x47, 0x0D, 0xE5, 0x8C, 0x6E, 0xB7, 0xE3, 0x61, 0x21, 0x64,
    0xA6, 0x8A, 0x5C, 0x15, 0x1E, 0x59, 0x7D, 0xE9, 0x7C, 0xAC, 0xFF, 0x28, 0x67, 0xE1, 0x21, 0xD4,
    0x22, 0x7B, 0xBB, 0x83, 0x7D, 0x35, 0xC0, 0x99, 0x80, 0x0F, 0xA0, 0x3E, 0x1D, 0xCB, 0xDF, 0x77,
    0x8B, 0x2E, 0xD5, 0xBB, 0xB6, 0x4C, 0x46, 0x48, 0x95, 0xF0, 0x96, 0x33, 0x6B, 0xBF, 0xE9, 0xB4,
    0x8C, 0xFA, 0x6B, 0x00, 0xC2, 0x63, 0x9B, 0xAB, 0xAD, 0x0D, 0x4F, 0xEE, 0xF4, 0xA3, 0x3A, 0x22,
    0xAD, 0xF3, 0x16, 0x59, 0xEF, 0x6A, 0xA4, 0x03, 0x5D, 0x2D, 0xC3, 0x2E, 0xD0, 0xCB, 0xF3, 0x0A,
    0x74, 0xC0, 0xE2, 0x26, 0x8A, 0x4F, 0x05, 0xD8, 0xD7, 0x58, 0x7D, 0x78, 0xDD, 0xB3, 0x26, 0x32,
    0x05, 0x9C, 0x6E, 0xA0, 0x5B, 0x11, 0x99, 0x8A, 0x05, 0x62, 0x79, 0x47, 0x5E, 0x8E, 0xCE, 0x88,
    0x89, 0x2E, 0x11, 0x33, 0x3C, 0x9D, 0xCC, 0x49, 0xF8, 0x40, 0x3A, 0x99, 0xFA, 0x78, 0x23, 0x9F,
    0x60, 0xEF, 0xD7, 0x5D, 0xEB, 0x4F, 0x74, 0xD7, 0x9A, 0xB7, 0x38, 0xF3, 0x44, 0xD8, 0x2A, 0xE6,
    0x7F, 0xDD, 0xBE, 0xC0, 0x55, 0x6D, 0xC9, 0x5E, 0xE7, 0x1C, 0xB6, 0xA3, 0x98, 0x09, 0xDA, 0xD5,
    0xDB, 0x87, 0x4B, 0x0F, 0x89, 0xC0, 0x89, 0xE0, 0xA3, 0xF2, 0xD2, 0x9A, 0xDF, 0xF9, 0xC4, 0xFB,
    0xE5, 0xAE, 0x0F, 0xC3, 0xFE, 0xF2, 0xBB, 0xBA, 0x98, 0xE5, 0xDD, 0x4B, 0x3C, 0x79, 0xD2, 0x43,
    0x84, 0x3F, 0xA7, 0xBC, 0x8D, 0xEB, 0x75, 0xAF, 0x68, 0xB5, 0x1F, 0x70, 0xE4, 0xFA, 0x1A, 0x59,
    0x77, 0xD2, 0xF5, 0x4D, 0xBB, 0xB9, 0xFE, 0x7D, 0x27, 0x29, 0xE9, 0x55, 0x4D, 0xDD, 0x0C, 0x59,
    0x8B, 0xFC, 0xB5, 0x1A, 0xEE, 0x85, 0x53, 0x23, 0xE4, 0xDD, 0x1B, 0x93, 0x88, 0x04, 0xA4, 0x84,
    0x77, 0x67, 0xCC, 0x3B, 0xF4, 0x64, 0x23, 0x2C, 0x02, 0xC3, 0x3B, 0x50, 0x7C, 0x8F, 0x80, 0xEA,
    0x79, 0xFA, 0x46, 0x6E, 0x2D, 0x98, 0xFC, 0x5A, 0x78, 0x1C, 0x74, 0x33, 0xEE, 0x23, 0x4E, 0x82,
    0xBE, 0x7A, 0x27, 0x5D, 0x36, 0x23, 0x9B, 0x68, 0x8C, 0x7E, 0xAA, 0x4F, 0x9E, 0xF2, 0xB5, 0x29,
    0xB8, 0x75, 0xD8, 0x03, 0x2D, 0xB2, 0x3D, 0x73, 0x51, 0xD1, 0xD1, 0xA6, 0x72, 0xC1, 0xE3, 0xED,
    0xC5, 0x05, 0x6B, 0x62, 0xC3, 0xBC, 0x60, 0x64, 0xC1, 0xE1, 0x43, 0x13, 0x68, 0xD1, 0xA8, 0x7C,
    0x76, 0x24, 0x4A, 0x15, 0xD9, 0x27, 0xC0, 0x7C, 0x6B, 0x8F, 0xF4, 0x3D, 0xB5, 0xA3, 0x84, 0xC1,
    0xB0, 0xFF, 0x50, 0x87, 0x63, 0x72, 0x80, 0x7D, 0x14, 0x13, 0xB4, 0xA1, 0x2F, 0x78, 0x7C, 0x32,
    0x33, 0x4C, 0x4C, 0xD8, 0x1B, 0x4F, 0x77, 0x2D, 0x8E, 0x81, 0xAA, 0xB2, 0xED, 0x6B, 0x83, 0xEA,
    0xE7, 0xA8, 0x5E, 0x13, 0x7C, 0xF9, 0x83, 0x5F, 0xFF, 0xBA, 0x2D, 0xE5, 0x35, 0x59, 0x20, 0x13,
    0xD8, 0x31, 0x1D, 0x77, 0x27, 0xBF, 0x56, 0xDA, 0x66, 0x87, 0xFE, 0xE2, 0x31, 0x93, 0xAF, 0xFF,
    0x1F, 0x09, 0xE3, 0xD9, 0xF3, 0xF1, 0xA8, 0x8E, 0x83, 0xDE, 0x02, 0xA6, 0xA2, 0x56, 0x86, 0x94,
    0x85, 0x91, 0x68, 0xFC, 0xC5, 0x8A, 0x1A, 0x06, 0x39, 0xBF, 0xDE, 0xA0, 0xDF, 0x6F, 0xD0, 0xC3,
    0x43, 0x4F, 0x7B, 0xE0, 0xF2, 0xD9, 0xB2, 0x64, 0x0E, 0x8E, 0xAA, 0xDD, 0xA7, 0x2B, 0xE2, 0xD7,
    0xAC, 0x62, 0xA1, 0xFF, 0xF3, 0x3D, 0x62, 0xB9, 0x31, 0x76, 0xFE, 0x5C, 0x6D, 0x52, 0x31, 0xCE,
    0xEF, 0x32, 0x5D, 0x76, 0x84, 0x96, 0xF0, 0x7D, 0x82, 0x68, 0x4A, 0xF2, 0x67, 0xC7, 0xDA, 0x26,
    0xA6, 0xCF, 0x3D, 0x90, 0x85, 0x92, 0xC5, 0x7D, 0xD0, 0xD3, 0xF7, 0x1B, 0xDA, 0x76, 0xB3, 0x3D,
    0x90, 0xD4, 0x8F, 0x40, 0xE5, 0x42, 0xB1, 0xF6, 0xF1, 0x4B, 0xAC, 0x82, 0x0A, 0x0F, 0x4C, 0xCE,
    0x23, 0x1D, 0x66, 0x20, 0xFF, 0x31, 0x7F, 0xE1, 0x53, 0xAC, 0x0B, 0xCC, 0x99, 0xB1, 0xF6, 0x7E,
    0xB2, 0x10, 0x95, 0x85, 0x01, 0x28, 0x8E, 0xB3, 0x90, 0xF5, 0x44, 0x5B, 0x13, 0x4B, 0x02, 0x9C,
    0x57, 0x8C, 0xC4, 0x7C, 0x3C, 0xA3, 0x74, 0x14, 0x69, 0x7C, 0x00, 0x90, 0x74, 0x54, 0xA2, 0xE5,
    0x5A, 0x84, 0x4C, 0xA0, 0x17, 0xD7, 0x7B, 0x25, 0x09, 0x44, 0x90, 0x0F, 0x95, 0x52, 0xA0, 0xD2,
    0xF0, 0x44, 0xD5, 0xD8, 0x6A, 0xA1, 0xB3, 0x25, 0xF7, 0xC9, 0xF0, 0x8D, 0x74, 0x05, 0x2A, 0xF1,
    0x22, 0xB5, 0x5B, 0x46, 0x14, 0x23, 0x2A, 0xBF, 0x7E, 0x45, 0x51, 0x3C, 0xF9, 0x1C, 0xD9, 0x0B,
    0x6B, 0x79, 0x43, 0x15, 0xEF, 0xEA, 0x65, 0xCC, 0xC4, 0x57, 0xB4, 0xDE, 0x4A, 0x3D, 0x03, 0xD9,
    0x58, 0x34, 0x7F, 0x1B, 0x39, 0x3A, 0xF7, 0xFC, 0xC8, 0xD5, 0xAE, 0x95, 0xDF, 0xE0, 0x9E, 0x8A,
    0xB1, 0x7C, 0xA1, 0xE7, 0xD1, 0x3D, 0x96, 0x6F, 0xB6, 0x40, 0x3A, 0x0F, 0xAC, 0x3F, 0x91, 0x4A,
    0x28, 0xD4, 0x0E, 0xE9, 0x8A, 0x59, 0xC7, 0xB6, 0x88, 0x3A, 0x7A, 0xAD, 0x18, 0x8C, 0xC0, 0x06,
    0x8E, 0x13, 0x6C, 0x87, 0xE3, 0x62, 0x5E, 0x24, 0x66, 0x23, 0xD1, 0x4E, 0x44, 0x57, 0x11, 0x63,
    0x49, 0x23, 0x07, 0xEB, 0x01, 0x53, 0x6F, 0x81, 0x6B, 0xBC, 0xF1, 0xFB, 0x28, 0x03, 0x1B, 0xCA,
    0xCD, 0xC8, 0xD6, 0xF2, 0x33, 0x31, 0x0F, 0x6C, 0x15, 0x65, 0x83, 0xED, 0xCC, 0x94, 0x91, 0x95,
    0x29, 0x1F, 0x8B, 0x16, 0xB3, 0x8D, 0xA5, 0xC7, 0x5C, 0x44, 0x07, 0x7C, 0xCF, 0xC5, 0x6B, 0x40,
    0xF3, 0x5C, 0x8C, 0x40, 0x35, 0xCE, 0xC3, 0x82, 0x41, 0x7A, 0x46, 0x8A, 0x68, 0x47, 0x5A, 0xB4,
    0x14, 0xBD, 0x89, 0x13, 0xB2, 0x45, 0xCA, 0xB0, 0x35, 0xC2, 0xF5, 0x02, 0xB8, 0xDE, 0x00, 0xB7,
    0x2B, 0xE0, 0x26, 0x4E, 0x3A, 0x91, 0x05, 0x5B, 0x99, 0xB4, 0x73, 0xD8, 0x33, 0xA0, 0x59, 0x54,
    0x32, 0x82, 0x90, 0xCC, 0x86, 0x84, 0x48, 0x3A, 0x10, 0x3F, 0xC3, 0x99, 0x9B, 0x57, 0x5A, 0xFD,
    0x35, 0x10, 0x27, 0x62, 0xB1, 0xD2, 0x10, 0x88, 0x05, 0x91, 0xB3, 0x9C, 0xFC, 0x9B, 0x00, 0xD6,
    0x58, 0x5A, 0x51, 0x28, 0x46, 0x6C, 0xB7, 0x42, 0x88, 0x57, 0xDE, 0xA1, 0x17, 0x43, 0x14, 0xAF,
    0xF6, 0xD0, 0xAB, 0x21, 0xEF, 0x86, 0x5B, 0x3C, 0x1F, 0x20, 0x9F, 0xD2, 0x09, 0x85, 0x24, 0x33,
    0x1E, 0x17, 0x23, 0xCC, 0x8F, 0x33, 0x50, 0x7D, 0x92, 0x09, 0x83, 0x0E, 0x77, 0x5F, 0x1F, 0x17,
    0x78, 0x7E, 0x00, 0xCA, 0x1F, 0x86, 0x05, 0x7E, 0xC4, 0xA9, 0xDE, 0xAC, 0x17, 0x10, 0x2C, 0x30,
    0x11, 0x46, 0x42, 0xD8, 0xBE, 0xAE, 0x03, 0x3C, 0x6C, 0x26, 0xA0, 0x7C, 0x65, 0x00, 0xAD, 0x5F,
    0x60, 0x26, 0x49, 0x3D, 0x28, 0x2F, 0x7E, 0x50, 0x63, 0xB5, 0x22, 0x61, 0xA3, 0x10, 0x83, 0x9E,
    0x24, 0xFE, 0xD1, 0x0B, 0x43, 0x9E, 0xCA, 0x25, 0x02, 0x9D, 0x9B, 0x6C, 0x76, 0xEA, 0xEF, 0x5D,
    0xC1, 0x71, 0x11, 0x91, 0x40, 0x18, 0xCC, 0x7C, 0xA3, 0x19, 0x92, 0x11, 0x4D, 0x9F, 0x04, 0x23,
    0xB5, 0x09, 0x99, 0xEC, 0x0E, 0x4F, 0xC7, 0xA5, 0xD7, 0x74, 0x53, 0x03, 0x19, 0xB9, 0x28, 0x8E,
    0xFE, 0xBF, 0x7D, 0xC8, 0x73, 0x4F, 0xB4, 0xF9, 0x8C, 0xA2, 0x2D, 0xD8, 0x36, 0x75, 0x77, 0x5E,
    0x61, 0x73, 0x47, 0x04, 0xA5, 0xAC, 0x09, 0xEA, 0xC1, 0x7F, 0x15, 0xBC, 0xC9, 0x65, 0x1C, 0x18,
    0x79, 0x3D, 0xA6, 0x22, 0x31, 0x13, 0x19, 0xB2, 0xAE, 0xEA, 0xB2, 0xD6, 0x79, 0xE3, 0xD7, 0x3E,
    0x10, 0xB3, 0x25, 0x19, 0xC4, 0x4C, 0x07, 0x24, 0x9D, 0xBD, 0xFD, 0xE9, 0xE0, 0x44, 0x42, 0xD5,
    0x48, 0xE7, 0x32, 0xEA, 0xB6, 0xA7, 0xEB, 0xA8, 0xAF, 0x4E, 0xD4, 0xF3, 0x05, 0x99, 0xC5, 0xB9,
    0x18, 0xBE, 0xFD, 0x65, 0x93, 0xD9, 0xFE, 0xB2, 0xE9, 0x94, 0x0D, 0xA6, 0x24, 0x6D, 0xD6, 0x22,
    0xED, 0xCB, 0x1A, 0xE9, 0xC8, 0x85, 0x8F, 0xEE, 0xFA, 0x85, 0x3F, 0x07, 0xAB, 0x1F, 0xF0, 0xD7,
    0x3B, 0x23, 0x00, 0x7F, 0xAA, 0xD6, 0xBF, 0x44, 0xC8, 0xA5, 0x3D, 0xFA, 0xC4, 0x2D, 0xA7, 0xE1,
    0x73, 0xE2, 0x49, 0xF8, 0x89, 0xCF, 0x49, 0xB7, 0xBC, 0x9C, 0x0F, 0x44, 0x1B, 0xEE, 0xC5, 0xA2,
    0x27, 0x96, 0x1D, 0xD1, 0xB5, 0x47, 0x58, 0xD5, 0x8A, 0x9E, 0xD8, 0x28, 0x0A, 0x36, 0xA4, 0x67,
    0x4F, 0x2C, 0xF5, 0x70, 0x3A, 0x72, 0x96, 0x3F, 0x0D, 0xAB, 0x4A, 0x8A, 0xF5, 0x76, 0x12, 0xFF,
    0x1F, 0x7C, 0x96, 0x01, 0xA4, 0x1E, 0xCB, 0x1D, 0xC5, 0xCF, 0xEE, 0x36, 0x77, 0xD5, 0x62, 0x20,
    0x42, 0x85, 0x6E, 0x51, 0x3C, 0x94, 0x05, 0x80, 0xEA, 0x2C, 0x50, 0x14, 0x2E, 0x5E, 0xFB, 0x00,
    0xAF, 0x00, 0x0A, 0x01, 0x00, 0x7D, 0xBB, 0x40, 0x51, 0xF4, 0xA2, 0x00, 0xB4, 0x28, 0x3C, 0xC5,
    0x03, 0x50, 0x5E, 0xB2, 0xA3, 0x05, 0x04, 0xD9, 0x02, 0x08, 0x2C, 0x8A, 0x6A, 0x90, 0x91, 0x6E,
    0x64, 0x6F, 0x32, 0x3B, 0xA7, 0x73, 0xCC, 0x2C, 0x91, 0x56, 0x8F, 0x2F, 0xE7, 0xCC, 0xB7, 0xC6,
    0xDE, 0xFF, 0xFF, 0x37, 0xFF, 0x7C, 0xBB, 0x90, 0x9E, 0x42, 0x8A, 0xB2, 0x2A, 0xF9, 0xCD, 0x9F,
    0xEA, 0x80, 0x8A, 0x7C, 0xB9, 0xC3, 0x90, 0x74, 0x98, 0xE2, 0x12, 0x01, 0xAE, 0x5D, 0x44, 0x43,
    0x7D, 0xBA, 0x13, 0x35, 0x47, 0xA3, 0x5D, 0x63, 0xBF, 0x27, 0x9F, 0x07, 0xAF, 0xB5, 0xBD, 0xBC,
    0x96, 0x6B, 0xA7, 0x3C, 0xCA, 0xBB, 0x53, 0x6E, 0x02, 0x86, 0x03, 0x5A, 0xC4, 0x8A, 0x2B, 0x3A,
    0x92, 0x23, 0x6A, 0x32, 0x00, 0x78, 0xC2, 0x3B, 0x24, 0x8D, 0x90, 0x50, 0x29, 0xBB, 0xAD, 0xD8,
    0xE7, 0xC6, 0xA1, 0xD7, 0xDE, 0x85, 0xFA, 0xD3, 0x4F, 0x76, 0xB4, 0x47, 0x17, 0x60, 0x7C, 0x1B,
    0xD0, 0x6F, 0x4D, 0xC0, 0xB0, 0x26, 0xB3, 0xAE, 0x3D, 0x92, 0x75, 0x7B, 0x32, 0xE3, 0x93, 0xF5,
    0x1B, 0xEC, 0x3A, 0x39, 0x0C, 0xEF, 0x09, 0x18, 0x06, 0xA0, 0xA6, 0x6E, 0xF9, 0x10, 0x45, 0x8F,
    0x67, 0x48, 0x83, 0x83, 0x64, 0x15, 0x50, 0x07, 0xF4, 0x96, 0xA9, 0x60, 0x6E, 0xE9, 0x83, 0x36,
    0xA2, 0x0D, 0xD0, 0xBF, 0x26, 0x45, 0x17, 0xD0, 0x1E, 0x29, 0x0E, 0x74, 0x3B, 0x60, 0x76, 0x74,
    0x3E, 0x85, 0xD7, 0x07, 0x7D, 0x8A, 0x0D, 0x48, 0x30, 0xFA, 0x15, 0xB0, 0x1B, 0x06, 0xC5, 0x0A,
    0xDD, 0xDF, 0x3A, 0x7D, 0x30, 0xA5, 0x98, 0xA1, 0x58, 0x90, 0x62, 0xAD, 0xA8, 0xD8, 0x1F, 0x9F,
    0x00, 0x2C, 0x79, 0x00, 0x82, 0xBE, 0x42, 0xA5, 0x46, 0x48, 0x0F, 0x50, 0x54, 0x56, 0xF6, 0xF2,
    0x5B, 0xDC, 0x9C, 0xE8, 0x4F, 0x2C, 0x3B, 0x6C, 0x04, 0x81, 0x47, 0xA7, 0x8E, 0xAF, 0x0A, 0xF5,
    0x09, 0xD4, 0x41, 0xC5, 0x36, 0x87, 0xBC, 0xDD, 0x55, 0x71, 0xE7, 0x8D, 0x0A, 0xF6, 0xBD, 0xEA,
    0xDD, 0xAC, 0xCA, 0x5D, 0x17, 0x3F, 0x62, 0xF8, 0xEB, 0xBB, 0x77, 0x09, 0x11, 0x9F, 0x53, 0xDE,
    0x8A, 0xD4, 0xD1, 0x1C, 0xD7, 0x49, 0xFC, 0xB7, 0x7E, 0x84, 0x5F, 0xA3, 0xC8, 0x56, 0x01, 0x45,
    0xC3, 0x73, 0x8F, 0x22, 0xC3, 0x19, 0x45, 0x4D, 0xC4, 0x25, 0x1C, 0x25, 0x8B, 0xAA, 0x5F, 0xFD,
    0x1E, 0x45, 0x0B, 0x39, 0xE7, 0x59, 0x68, 0x28, 0x04, 0x26, 0xF9, 0xDC, 0xBC, 0xBE, 0x5F, 0x22,
    0xCC, 0xFB, 0x3F, 0x73, 0xD6, 0x39, 0x13, 0xBD, 0x6B, 0xA3, 0x10, 0x57, 0x9C, 0xFB, 0xB1, 0x0F,
    0x5A, 0x82, 0xCE, 0x40, 0x9D, 0x0C, 0x9B, 0x88, 0x82, 0x19, 0xF7, 0xB4, 0x6A, 0x00, 0x33, 0xF2,
    0x15, 0x5D, 0x84, 0x78, 0xEB, 0xD3, 0xAB, 0x86, 0x45, 0x4B, 0x4C, 0x5E, 0xCB, 0x59, 0xDF, 0xE8,
    0x00, 0x70, 0x04, 0xE7, 0x26, 0x39, 0x40, 0x54, 0x1A, 0x71, 0x7C, 0xA6, 0x6C, 0xA2, 0x26, 0xF6,
    0x5B, 0xD4, 0x51, 0xC3, 0x3B, 0x6D, 0x08, 0xBA, 0xB4, 0xE8, 0x4F, 0xD7, 0x01, 0x2D, 0x49, 0xD7,
    0xF0, 0x5F, 0x3C, 0x30, 0x91, 0x27, 0x54, 0xFF, 0x8E, 0x64, 0x77, 0xA8, 0x93, 0x7B, 0xFC, 0x1F,
    0xD5, 0x6B, 0x3F, 0x16, 0x4A, 0xFE, 0xAB, 0xEB, 0xDA, 0xDB, 0x70, 0x91, 0xA1, 0x2F, 0x60, 0x54,
    0x62, 0xE6, 0x02, 0x3B, 0x22, 0x63, 0xC1, 0x77, 0x80, 0x4C, 0x45, 0xCA, 0x50, 0xAA, 0xF1, 0x41,
    0x61, 0x32, 0xDC, 0x0F, 0x73, 0x46, 0x32, 0x71, 0x99, 0x33, 0x91, 0x85, 0x2C, 0x40, 0x9E, 0xB6,
    0xA1, 0xF0, 0xF8, 0xB6, 0xF5, 0x05, 0xC7, 0x0F, 0x7A, 0x77, 0xD1, 0x98, 0x2E, 0x18, 0xD5, 0x79,
    0xB1, 0x68, 0x77, 0x14, 0x14, 0xFD, 0x8A, 0x42, 0xC2, 0x8E, 0x3F, 0xBE, 0x40, 0xDC, 0x3D, 0xBB,
    0x38, 0x30, 0x66, 0x0C, 0xDD, 0x07, 0x9E, 0x99, 0x42, 0xE3, 0x97, 0x1D, 0x45, 0x55, 0xC9, 0x4B,
    0xDF, 0x47, 0xD0, 0x50, 0xA3, 0x6F, 0x3C, 0xD0, 0x72, 0x36, 0x2F, 0x1C, 0x60, 0xE8, 0x3A, 0x8E,
    0xE9, 0xF2, 0x32, 0x37, 0x2A, 0x00, 0xD3, 0x58, 0x1F, 0xCA, 0x05, 0xB8, 0x55, 0x12, 0x52, 0x75,
    0x1B, 0xF1, 0x30, 0x5D, 0xE8, 0xE3, 0x59, 0xF1, 0xEF, 0x01, 0x13, 0x43, 0x43, 0x86, 0x8A, 0x7F,
    0x50, 0xEE, 0x4D, 0x68, 0x8E, 0x76, 0x9B, 0xD6, 0x6E, 0x6F, 0xF6, 0xD6, 0xD9, 0x31, 0xA1, 0xF2,
    0xD5, 0x18, 0xD1, 0x6F, 0xC6, 0xA3, 0x39, 0x30, 0xB8, 0xFC, 0x5F, 0xD5, 0x3A, 0x9B, 0x6C, 0x4E,
    0x39, 0xAD, 0x88, 0x48, 0xC9, 0xB5, 0x39, 0xEA, 0xD5, 0xFE, 0xED, 0xF5, 0xAB, 0xDF, 0xDE, 0xFF,
    0xD4, 0x5B, 0xBE, 0xE0, 0x37, 0xA4, 0x1F, 0x68, 0xA2, 0x25, 0x37, 0x73, 0xB4, 0xFB, 0x90, 0x4A,
    0xC5, 0x08, 0xE4, 0x43, 0x28, 0xB2, 0xF4, 0x30, 0x3C, 0x4B, 0x06, 0xB4, 0x51, 0xC8, 0x66, 0xA8,
    0x07, 0xE1, 0x6C, 0x83, 0x12, 0x4A, 0xA1, 0x44, 0x77, 0x40, 0x20, 0x61, 0x76, 0x40, 0x7B, 0x8C,
    0xCF, 0xD9, 0xFB, 0xBC, 0x67, 0x48, 0xD9, 0xA5, 0xB4, 0x5B, 0xDE, 0x6B, 0xD7, 0xBC, 0xD7, 0xBA,
    0xEA, 0x4E, 0x7B, 0x27, 0xD7, 0x6C, 0xDA, 0xBB, 0xB8, 0x76, 0xD3, 0xDE, 0x44, 0x6F, 0x4D, 0x7B,
    0x2B, 0xBE, 0xA2, 0x4B, 0x7B, 0x7B, 0x92, 0xB3, 0x7E, 0x6A, 0x52, 0xEA, 0x5C, 0x21, 0x71, 0x94,
    0xB7, 0x35, 0x21, 0xA9, 0x4A, 0xA9, 0xE7, 0x5E, 0xBE, 0x3B, 0x48, 0xF5, 0xD7, 0xF8, 0x54, 0x76,
    0xCC, 0xC9, 0x59, 0xFD, 0x7D, 0x94, 0x80, 0xFA, 0xC4, 0x67, 0x50, 0xED, 0x52, 0xEE, 0xF3, 0xB6,
    0xF4, 0x10, 0x72, 0xED, 0x4B, 0xC8, 0xB5, 0x7F, 0x11, 0x4A, 0x9F, 0x47, 0xE9, 0xF3, 0x28, 0x7D,
    0xEE, 0xB9, 0x4F, 0xE3, 0x4B, 0x9F, 0xBE, 0xF4, 0xB9, 0x95, 0x3E, 0xB7, 0xD2, 0xE7, 0x5A, 0xFA,
    0x74, 0xA5, 0x4F, 0x57, 0xFA, 0x9C, 0x4B, 0x9F, 0x57, 0x99, 0x39, 0xAA, 0x08, 0xE9, 0xBB, 0x4D,
    0x80, 0x34, 0x7C, 0xB3, 0x97, 0x93, 0xDA, 0xF2, 0x77, 0x66, 0x2C, 0x37, 0xFF, 0x2C, 0x3F, 0xAD,
    0x1A, 0xC1, 0xFA, 0x48, 0x18, 0xDA, 0x90, 0x86, 0xAF, 0x0B, 0x98, 0xC6, 0x6E, 0xC7, 0x82, 0xFA,
    0x0E, 0xCC, 0xB7, 0x7D, 0x30, 0x56, 0x7A, 0x6C, 0xD5, 0x67, 0xC3, 0xB5, 0x09, 0xD5, 0x94, 0x9F,
    0x39, 0xCD, 0x91, 0xAC, 0xDD, 0x61, 0xE7, 0xCE, 0x63, 0x9A, 0x8D, 0xC7, 0x32, 0x9A, 0x0D, 0x44,
    0x2F, 0x1B, 0xD6, 0x2A, 0xC2, 0xBE, 0xAC, 0x35, 0x1A, 0xDA, 0x1E, 0x93, 0x0D, 0xFA, 0x3D, 0xAE,
    0xD4, 0x77, 0x6E, 0xF6, 0x97, 0xFD, 0x8A, 0xEA, 0x5C, 0x1C, 0x6A, 0x12, 0x00, 0x83, 0xCA, 0xBB,
    0xC3, 0xC7, 0xE2, 0x81, 0x89, 0xBF, 0x21, 0x01, 0x6A, 0xD8, 0x7F, 0x46, 0xCD, 0x4A, 0x84, 0x0A,
    0x14, 0x39, 0xA2, 0xF5, 0x89, 0x95, 0x56, 0x73, 0xB7, 0x25, 0x5A, 0x3A, 0x57, 0x67, 0x56, 0x70,
    0x56, 0xA7, 0xAB, 0x71, 0xD0, 0xE9, 0xDB, 0xC5, 0xF7, 0x69, 0x25, 0x0A, 0x5F, 0xEE, 0x83, 0xCB,
    0xCF, 0x1E, 0x73, 0x0C, 0x73, 0x2D, 0x56, 0x4B, 0x1B, 0xEC, 0xA8, 0x83, 0xC4, 0xB3, 0x26, 0x5A,
    0x68, 0x85, 0xB3, 0xE6, 0x94, 0x0F, 0x35, 0x80, 0x84, 0x46, 0xB2, 0x0A, 0x58, 0x62, 0x1E, 0xE0,
    0x00, 0x7B, 0xE6, 0x11, 0x3E, 0x74, 0xDA, 0xEA, 0xA5, 0xBD, 0x47, 0x1F, 0xA0, 0xE3, 0x9D, 0x38,
    0x9B, 0x74, 0x59, 0x87, 0xC7, 0x51, 0x7C, 0x56, 0x48, 0x15, 0xA0, 0x42, 0xA5, 0x7A, 0x66, 0x39,
    0xB2, 0xF6, 0x03, 0x91, 0xD5, 0x31, 0xA0, 0x5C, 0xE3, 0x86, 0xAC, 0xEA, 0x6B, 0xFC, 0x0F, 0xF5,
    0x2E, 0xA7, 0x6E, 0x2C, 0x3C, 0x1A, 0xF8, 0x4C, 0x67, 0x9C, 0xE6, 0x02, 0xE7, 0x7B, 0x17, 0x1B,
    0x5C, 0x68, 0x1E, 0x16, 0x32, 0x7D, 0x2C, 0x60, 0x6C, 0x2C, 0x5C, 0x1E, 0xC5, 0x0B, 0xCB, 0x79,
    0x51, 0x09, 0x17, 0x94, 0x70, 0x31, 0x09, 0x17, 0x92, 0xE3, 0x22, 0xB2, 0x17, 0x20, 0xC6, 0x5F,
    0x3C, 0x7C, 0xC1, 0xD1, 0x6F, 0x17, 0x8D, 0xF5, 0x82, 0xE1, 0x2E, 0x16, 0xEE, 0x42, 0x31, 0x23,
    0x6B, 0x29, 0x48, 0x10, 0xF3, 0xC2, 0xBC, 0x2A, 0x1C, 0x7A, 0xEE, 0xE5, 0x0A, 0xD7, 0xB2, 0xE7,
    0x2F, 0xF8, 0x44, 0x4F, 0xF3, 0x75, 0x42, 0x6A, 0x72, 0xD4, 0x27, 0x20, 0xFD, 0x11, 0x45, 0x9F,
    0xE3, 0x16, 0xD5, 0xD8, 0xC7, 0xEE, 0xC4, 0xE2, 0x6D, 0xB4, 0xAC, 0xE8, 0x1F, 0x45, 0x12, 0x5F,
    0xFA, 0xB4, 0x22, 0x4C, 0x0A, 0xA7, 0x3E, 0x6A, 0x26, 0x02, 0xFD, 0xD6, 0xC4, 0x3A, 0xBF, 0x57,
    0x95, 0x37, 0xAB, 0xF2, 0x6E, 0xD5, 0x69, 0xD2, 0x8D, 0x37, 0x1E, 0x93, 0xE2, 0x8D, 0x5B, 0xC6,
    0x7E, 0x33, 0x74, 0x1A, 0x75, 0xC3, 0x91, 0xDA, 0x74, 0x08, 0x21, 0x30, 0x0A, 0x20, 0x34, 0x1D,
    0xF2, 0x1F, 0x76, 0xBB, 0xE2, 0xAB, 0x27, 0x9B, 0x62, 0xA1, 0x53, 0x4C, 0x11, 0xD2, 0xE3, 0x7F,
    0x00, 0x97, 0x3A, 0xF4, 0x23, 0x60, 0xDC, 0xA4, 0xF5, 0x1B, 0xDD, 0xA1, 0xC9, 0x93, 0xC0, 0x59,
    0xFE, 0x13, 0x59, 0xD1, 0xCD, 0x28, 0xCF, 0x30, 0x17, 0x79, 0xC5, 0x15, 0xDA, 0x2F, 0xEF, 0x5E,
    0x6F, 0xA2, 0xF6, 0xC2, 0x03, 0x18, 0x7E, 0x27, 0x9F, 0x3A, 0xF9, 0xA9, 0x3A, 0xAA, 0xA0, 0x13,
    0x6C, 0x76, 0x1D, 0x68, 0xF7, 0xF6, 0x8B, 0x20, 0xBC, 0x4C, 0x6E, 0x49, 0x9D, 0xFE, 0xCF, 0x7F,
    0x11, 0x81, 0x28, 0xA2, 0x7A, 0x15, 0x26, 0xDA, 0x90, 0xD6, 0x77, 0x13, 0xC7, 0x81, 0xFB, 0x42,
    0xBD, 0x1F, 0x96, 0x19, 0x9D, 0x6D, 0x32, 0x17, 0x80, 0xE6, 0xDF, 0x5E, 0x27, 0xB0, 0x5E, 0x75,
    0x3E, 0x43, 0x79, 0xCF, 0x2C, 0x8F, 0x2B, 0x3D, 0x9B, 0xFF, 0x53, 0xBD, 0x15, 0x40, 0xDA, 0x71,
    0xA5, 0xE1, 0x7F, 0x66, 0xDC, 0x4E, 0x6A, 0xB6, 0x3B, 0x59, 0x1A, 0x5A, 0xC9, 0x9A, 0x02, 0xBA,
    0xBB, 0x36, 0x13, 0x14, 0xB0, 0xC9, 0x39, 0xDB, 0x20, 0x58, 0xE4, 0x61, 0xA3, 0x6C, 0xAD, 0x14,
    0x05, 0x85, 0x2C, 0x16, 0x45, 0x5E, 0x66, 0xDA, 0x05, 0x14, 0x1B, 0xD8, 0x42, 0x21, 0x28, 0x34,
    0xC5, 0x2B, 0x16, 0x45, 0x93, 0x99, 0x36, 0x28, 0xC0, 0xED, 0xD6, 0x0A, 0x60, 0x47, 0xB7, 0x2C,
    0xBB, 0xC8, 0x94, 0x09, 0x27, 0x2F, 0x67, 0xE6, 0xEC, 0xFD, 0xBE, 0x99, 0x73, 0xEF, 0xBD, 0xFA,
    0xBA, 0xDA, 0x6D, 0xDE, 0xEB, 0xCD, 0x63, 0xFE, 0xDB, 0xDE, 0xF7, 0xCC, 0x9C, 0xF3, 0xCD, 0x39,
    0xFF, 0xFF, 0x7F, 0xDF, 0x77, 0xD2, 0x57, 0xD8, 0x15, 0x83, 0xA0, 0x4A, 0x09, 0x71, 0x4D, 0xBA,
    0xC8, 0xA0, 0x8E, 0x77, 0xAC, 0x4C, 0x2C, 0x4B, 0xAC, 0x49, 0x2C, 0x48, 0xAC, 0x46, 0x82, 0x52,
    0x54, 0xA2, 0x0E, 0x95, 0x28, 0x42, 0x82, 0x0A, 0xB4, 0xDE, 0x9A, 0xFD, 0x58, 0x4E, 0x8B, 0x64,
    0x1A, 0xA5, 0xE4, 0xF3, 0x0E, 0x9B, 0x66, 0xEE, 0x17, 0xC2, 0x47, 0x9B, 0x39, 0xDC, 0x75, 0x08,
    0xAC, 0xB4, 0x82, 0x7C, 0x8D, 0x60, 0x7D, 0xC6, 0x4E, 0x10, 0x52, 0x83, 0xE0, 0x93, 0x92, 0x64,
    0x08, 0x79, 0xC3, 0x0D, 0xE6, 0x03, 0x77, 0x6E, 0xC5, 0x50, 0x4E, 0x68, 0x67, 0x6C, 0x4C, 0x7C,
    0x11, 0x91, 0xDD, 0xF4, 0x4D, 0x93, 0xDC, 0x6D, 0x90, 0x4B, 0x1D, 0xB6, 0x88, 0x1C, 0x17, 0x61,
    0x49, 0xC8, 0x0D, 0x36, 0xE7, 0xCB, 0x46, 0x62, 0xB6, 0xCC, 0xE8, 0x98, 0xD9, 0x1F, 0x2B, 0x36,
    0xC4, 0x85, 0x96, 0xEA, 0xF7, 0x52, 0xF5, 0x52, 0x19, 0xB4, 0x6F, 0x6B, 0x95, 0xF5, 0x8F, 0x6C,
    0x1C, 0x2D, 0xF7, 0x70, 0xC1, 0x3D, 0x9F, 0x3B, 0x3E, 0xCA, 0x22, 0x46, 0x3E, 0x47, 0x08, 0x78,
    0x0B, 0x57, 0x00, 0x06, 0x95, 0xA2, 0x0D, 0x03, 0x6F, 0xB1, 0x47, 0xCD, 0x5B, 0x30, 0xA6, 0x3A,
    0x17, 0x89, 0xE7, 0x5C, 0x14, 0xDD, 0xC6, 0xA2, 0xB8, 0xE6, 0x17, 0x85, 0xDF, 0x91, 0x4C, 0x46,
    0xD8, 0x0C, 0xED, 0x23, 0x64, 0x35, 0x40, 0xA1, 0x09, 0x1B, 0x91, 0xB0, 0x4B, 0xF1, 0x68, 0x5B,
    0x68, 0x60, 0x47, 0xBC, 0xF2, 0x16, 0x31, 0xA9, 0x65, 0xE3, 0x87, 0x7C, 0xA7, 0x25, 0xDD, 0x99,
    0x83, 0xED, 0xF4, 0x13, 0xD9, 0x21, 0xD7, 0x99, 0xA8, 0x4E, 0xBA, 0x7C, 0x6D, 0xED, 0xC4, 0x73,
    0x48, 0x73, 0x26, 0x96, 0x43, 0x92, 0x33, 0x71, 0x1C, 0x52, 0x1C, 0xC4, 0xCA, 0x13, 0x1C, 0xF0,
    0x1B, 0x4F, 0x6F, 0xC8, 0x6E, 0x3C, 0xB9, 0x99, 0x21, 0xF8, 0xAD, 0x74, 0x0E, 0x03, 0x03, 0x5D,
    0xF9, 0x27, 0x9A, 0x04, 0xE0, 0x12, 0xB0, 0x3E, 0xF4, 0x22, 0x7E, 0x19, 0x71, 0x25, 0xCD, 0x40,
    0x7A, 0x1C, 0x39, 0x0F, 0x29, 0x0F, 0x19, 0xCF, 0x48, 0x78, 0x22, 0x04, 0xD2, 0x1D, 0xB2, 0x1D,
    0x92, 0x1D, 0x72, 0x1D, 0x52, 0x1D, 0x32, 0x1D, 0x12, 0x1D, 0xF2, 0x1C, 0xD0, 0x9C, 0x4D, 0x96,
    0x53, 0x10, 0xC7, 0x8A, 0x2F, 0xEC, 0xC4, 0xA5, 0xD5, 0x6F, 0x6C, 0x5A, 0x23, 0xA1, 0x2A, 0x44,
    0xAB, 0x4A, 0x8C, 0x62, 0xB6, 0x55, 0x08, 0x46, 0xF8, 0x9F, 0x18, 0xED, 0x41, 0x78, 0xF3, 0x3D,
    0xBF, 0x1D, 0xCA, 0x77, 0x45, 0xB2, 0xCF, 0xD1, 0x88, 0xDD, 0x01, 0x5B, 0xFA, 0x13, 0x5F, 0xFD,
    0x51, 0xC0, 0x28, 0x41, 0x8D, 0x98, 0xFA, 0xBC, 0xEC, 0x8B, 0xD1, 0x4F, 0x7E, 0x2D, 0x00, 0x30,
    0x2F, 0x91, 0x7A, 0x0A, 0xC4, 0x4E, 0x6D, 0xDF, 0x42, 0x04, 0xC3, 0x45, 0x02, 0xF7, 0xC3, 0x66,
    0xD9, 0xCA, 0xF0, 0xD2, 0x4F, 0xB1, 0xE4, 0xBC, 0x22, 0x92, 0xDD, 0x41, 0xCE, 0xFB, 0x14, 0xE1,
    0x42, 0x0B, 0x1E, 0xA0, 0x8F, 0x00, 0xD5, 0xB3, 0xDC, 0xB5, 0x4A, 0x69, 0x9F, 0xFC, 0xA6, 0xBE,
    0xE6, 0xF8, 0xB6, 0xA3, 0x1A, 0x94, 0xA7, 0x90, 0x0F, 0x6F, 0x23, 0x1F, 0x1A, 0x5F, 0xA3, 0x99,
    0x93, 0x9E, 0x25, 0xA0, 0x37, 0xB0, 0x42, 0x09, 0x68, 0x27, 0x92, 0x9F, 0x6F, 0x8E, 0x6A, 0x99,
    0x9E, 0x61, 0xEC, 0x19, 0xC9, 0x91, 0x30, 0x5F, 0x00, 0xFA, 0xC6, 0xE3, 0xB0, 0x4C, 0x63, 0x84,
    0xB4, 0x44, 0x00, 0x62, 0x71, 0x07, 0xA4, 0x2D, 0x97, 0xEF, 0x0F, 0xB3, 0x4C, 0x67, 0x3B, 0x22,
    0x05, 0x25, 0x10, 0x9D, 0xDE, 0xAF, 0xEA, 0x54, 0xE7, 0xF5, 0x93, 0x98, 0x64, 0x48, 0x5D, 0xA9,
    0x5E, 0xD4, 0xB7, 0x3A, 0xE9, 0x54, 0x99, 0xD7, 0x85, 0x56, 0xDA, 0x49, 0x11, 0xF6, 0x52, 0xBC,
    0x63, 0x44, 0xB9, 0xB9, 0xA4, 0xC3, 0xA6, 0xDC, 0x14, 0xA2, 0xBC, 0xE2, 0x4E, 0x98, 0xD3, 0xA5,
    0x4B, 0xAB, 0x39, 0x37, 0xBB, 0xEC, 0x4E, 0x06, 0xC4, 0x79, 0xCF, 0x16, 0x7A, 0x67, 0x3B, 0xDA,
    0x41, 0x52, 0xB7, 0x68, 0xCC, 0xC0, 0x37, 0xFD, 0x34, 0xCA, 0x57, 0x45, 0xD2, 0x2F, 0x2C, 0xD2,
    0x30, 0xC2, 0x9B, 0x6C, 0x92, 0x0E, 0xBF, 0x27, 0x24, 0x80, 0xBE, 0x2A, 0x88, 0x5C, 0xFA, 0xAD,
    0x5F, 0x3A, 0x5E, 0xE9, 0x54, 0x63, 0x2C, 0x11, 0x7F, 0xB6, 0x25, 0xFD, 0x74, 0x00, 0xD8, 0x00,
    0x20, 0x86, 0xBD, 0x21, 0x19, 0xE5, 0xA5, 0x1F, 0x54, 0x51, 0x92, 0x00, 0x1C, 0x05, 0x8A, 0x9E,
    0xA0, 0x88, 0xDB, 0xFC, 0xFC, 0x86, 0x9F, 0x7C, 0x52, 0xFB, 0x32, 0x7C, 0x12, 0xB8, 0xFD, 0xBD,
    0x76, 0xA4, 0x2E, 0x11, 0x61, 0xFB, 0xC7, 0x3C, 0x02, 0x88, 0xF9, 0xE5, 0x3A, 0xD4, 0xA8, 0x2E,
    0xF9, 0xC8, 0x00, 0xD1, 0x4D, 0x50, 0x01, 0x54, 0x6F, 0xBF, 0xCB, 0x45, 0x5D, 0x39, 0xC3, 0x57,
    0x33, 0xDE, 0xA6, 0x12, 0x27, 0xBC, 0x1B, 0x20, 0x61, 0x85, 0xEF, 0xD1, 0x1B, 0xA7, 0x68, 0x0E,
    0x4F, 0x03, 0x94, 0xC8, 0x02, 0x8F, 0x0A, 0xC9, 0xE7, 0x36, 0xCA, 0xD5, 0xC9, 0x61, 0xAF, 0x97,
    0xCC, 0x95, 0x0E, 0xE8, 0x2B, 0x7E, 0x1A, 0x0E, 0xAF, 0x19, 0xD3, 0x16, 0xE3, 0x46, 0x86, 0x65,
    0x1F, 0x7A, 0x02, 0xEF, 0xEB, 0x4D, 0x37, 0x97, 0x02, 0xE3, 0x0F, 0xDC, 0x3B, 0xEE, 0x62, 0x1B,
    0xD9, 0xC0, 0x26, 0x2D, 0x14, 0xB4, 0xB4, 0x81, 0x7E, 0x96, 0xD7, 0x40, 0xB2, 0x02, 0x94, 0x0F,
    0x0D, 0xB0, 0x74, 0xC0, 0xB1, 0x78, 0x20, 0x40, 0xB3, 0x09, 0xEB, 0x05, 0x9C, 0x6D, 0x56, 0xAB,
    0x45, 0x6A, 0x00, 0xA0, 0x91, 0xEB, 0x25, 0x35, 0x01, 0x9E, 0xA5, 0xC7, 0x76, 0x7E, 0xF6, 0x1E,
    0x26, 0xCE, 0xF9, 0x25, 0x9C, 0x4F, 0x3E, 0xBC, 0xDF, 0x53, 0xB3, 0xB5, 0x42, 0xAE, 0x40, 0x52,
    0xD2, 0x91, 0x8B, 0x68, 0xA4, 0x4F, 0xCF, 0x41, 0x44, 0x4D, 0x11, 0xAB, 0x5A, 0x35, 0xA1, 0x63,
    0x63, 0x7E, 0x19, 0xFD, 0x78, 0x70, 0xF9, 0xBE, 0xA8, 0x0E, 0x29, 0x27, 0xB3, 0xE1, 0xDE, 0xBE,
    0xA4, 0x4E, 0x83, 0x75, 0x3B, 0xE4, 0xCC, 0x00, 0x9A, 0x24, 0xA6, 0xFE, 0x60, 0xAD, 0xEB, 0x66,
    0x2E, 0x49, 0x08, 0xAE, 0x62, 0x74, 0xE7, 0x1F, 0x68, 0x09, 0xFA, 0xD0, 0x22, 0xE5, 0x8F, 0x31,
    0x62, 0x64, 0xD9, 0x1F, 0x48, 0x56, 0x0B, 0xB6, 0xA1, 0x19, 0x47, 0x54, 0xAD, 0x49, 0x4B, 0x04,
    0xF2, 0x09, 0x47, 0x7D, 0xF9, 0x2E, 0x9E, 0xD8, 0x43, 0x56, 0xFE, 0xC5, 0x70, 0x73, 0x6F, 0xD0,
    0x50, 0xA4, 0x1C, 0x98, 0x6F, 0x0C, 0x6E, 0xF1, 0x97, 0xAA, 0xE6, 0x02, 0xE5, 0xDF, 0x5F, 0x5F,
    0x6B, 0x34, 0xAE, 0x8A, 0x28, 0x3C, 0x35, 0x7F, 0xAB, 0x99, 0x84, 0xF3, 0x98, 0x69, 0x8D, 0xCF,
    0xF2, 0xA8, 0x01, 0x34, 0x62, 0x46, 0xC8, 0x88, 0x18, 0x01, 0x23, 0x5E, 0x84, 0x2B, 0xED, 0x3C,
    0x58, 0x6A, 0x0C, 0x8B, 0xDD, 0x44, 0xA4, 0x54, 0x1B, 0x54, 0x16, 0xBC, 0xA5, 0x53, 0x4C, 0xE5,
    0x60, 0x17, 0x04, 0x89, 0x18, 0x11, 0x22, 0x20, 0xB4, 0xC1, 0x1E, 0x7E, 0x89, 0xA7, 0xAB, 0xB8,
    0x11, 0xC9, 0x2E, 0x53, 0x52, 0xF2, 0x04, 0x31, 0xEA, 0x36, 0x88, 0xCE, 0x09, 0x2D, 0x23, 0x07,
    0x4A, 0x11, 0xD4, 0x7C, 0xD8, 0x91, 0x42, 0x57, 0x80, 0x88, 0xC1, 0x2D, 0x42, 0x88, 0x32, 0xF6,
    0x8E, 0xC1, 0xBE, 0x98, 0x4F, 0x53, 0xCB, 0x97, 0x1B, 0x59, 0xA1, 0x19, 0xA8, 0x20, 0xEF, 0xEF,
    0xBB, 0x4E, 0x8A, 0x32, 0xB7, 0xE2, 0xB0, 0x06, 0x1C, 0x16, 0xB2, 0x2B, 0x63, 0x8B, 0xD5, 0xD8,
    0x62, 0x4B, 0x95, 0x12, 0x54, 0x6B, 0x0A, 0x41, 0xAC, 0xD3, 0xA5, 0x42, 0x10, 0x7F, 0x65, 0x99,
    0xEF, 0xDA, 0x03, 0x15, 0x02, 0x5F, 0xAD, 0xDD, 0x80, 0x65, 0x4F, 0x5D, 0x16, 0xA5, 0x37, 0xB2,
    0xA3, 0x16, 0x1B, 0x5B, 0x44, 0xE0, 0x96, 0x18, 0x0C, 0x29, 0xBD, 0xCF, 0xCA, 0xF2, 0xD0, 0x70,
    0x27, 0x37, 0xDC, 0x38, 0xC4, 0xF3, 0x9E, 0x41, 0xBC, 0x6B, 0x11, 0xEF, 0x38, 0x12, 0x61, 0x2A,
    0xF3, 0x25, 0xD4, 0x37, 0xA7, 0x95, 0x91, 0xC0, 0x5D, 0xCF, 0x06, 0x88, 0x35, 0xB1, 0xAB, 0x15,
    0xB6, 0x50, 0x39, 0x29, 0xC4, 0x37, 0xE2, 0x52, 0xBA, 0x5C, 0x8B, 0xBD, 0x85, 0xBA, 0x3E, 0x29,
    0x9C, 0xE5, 0xD2, 0xD0, 0x89, 0x5D, 0x4D, 0xE9, 0x75, 0xC6, 0x15, 0x82, 0x7B, 0x4E, 0x0A, 0xE6,
    0x10, 0xE8, 0xC0, 0xE6, 0x6D, 0x60, 0x9D, 0x09, 0x1F, 0xFE, 0xCB, 0x46, 0xEE, 0x45, 0x13, 0xF5,
    0x51, 0x17, 0x9B, 0xA4, 0x4D, 0xDA, 0xBC, 0x4E, 0x1F, 0x0E, 0x54, 0x84, 0xB2, 0x7B, 0x73, 0x7A,
    0x2F, 0xEA, 0x4E, 0x2F, 0xEA, 0x63, 0xF7, 0xA5, 0x2A, 0x2B, 0x53, 0x68, 0x4C, 0x29, 0xF8, 0x3E,
    0x94, 0xB8, 0xFC, 0x6E, 0x94, 0xB8, 0x26, 0x25, 0xE6, 0x72, 0x30, 0xA4, 0xC4, 0xF5, 0x52, 0x96,
    0x0A, 0xDB, 0x15, 0x4F, 0x8F, 0xC7, 0x48, 0x6C, 0x02, 0xB7, 0x91, 0x81, 0x40, 0x84, 0xC1, 0x83,
    0x41, 0x83, 0xC1, 0x82, 0x41, 0x82, 0xC1, 0x81, 0x41, 0x81, 0xC1, 0x80, 0x41, 0x80, 0xC1, 0x7F,
    0x41, 0x7F, 0xC1, 0x7E, 0x41, 0x7E, 0xC1, 0x7D, 0x41, 0x7D, 0x69, 0xE3, 0xA5, 0xE3, 0x9B, 0xE7,
    0xA5, 0x3A, 0x91, 0x8C, 0xCF, 0x5A, 0xE6, 0xBB, 0x8A, 0xB1, 0x00, 0x12, 0xAB, 0x9F, 0xC7, 0x07,
    0xA1, 0x98, 0xDB, 0xAC, 0x87, 0x3C, 0x7A, 0x34, 0xA8, 0x79, 0x15, 0x61, 0x12, 0x11, 0xA8, 0x21,
    0x54, 0xD6, 0x2B, 0x08, 0x1B, 0x02, 0x02, 0xB6, 0x69, 0x23, 0x15, 0xF6, 0xAA, 0xDB, 0xAF, 0xE0,
    0x90, 0x55, 0xA5, 0x18, 0x48, 0xCA, 0x6D, 0xC2, 0xE2, 0x43, 0xE4, 0xA9, 0x17, 0xB1, 0xAB, 0x6B,
    0x11, 0xA8, 0x3A, 0x51, 0x84, 0x9A, 0x42, 0xA2, 0xA1, 0x75, 0x94, 0x31, 0x32, 0x49, 0xD6, 0x89,
    0xC2, 0x3D, 0xB3, 0x51, 0x66, 0x31, 0xDC, 0x49, 0xAB, 0x51, 0xA5, 0xB5, 0x04, 0xAD, 0x02, 0x2F,
    0xC7, 0x5D, 0xAA, 0xCE, 0xAB, 0x53, 0x79, 0xC9, 0x3D, 0xB5, 0x39, 0x34, 0x00, 0x84, 0xE0, 0x90,
    0x46, 0x0C, 0x3A, 0xDD, 0x96, 0x2D, 0x6B, 0xDA, 0xF8, 0x16, 0x88, 0xAD, 0x12, 0xC7, 0xE3, 0x4A,
    0x84, 0x16, 0xEF, 0xC7, 0x2C, 0x93, 0xDE, 0x7A, 0x38, 0x85, 0x3E, 0xFB, 0x9A, 0x40, 0xE3, 0x2F,
    0xD1, 0x46, 0x60, 0x7C, 0x19, 0xE6, 0x12, 0xDC, 0x2E, 0xD7, 0x7C, 0x2D, 0x18, 0x1B, 0x30, 0xB5,
    0xD2, 0x3F, 0x33, 0x7F, 0xEA, 0x29, 0xF5, 0x85, 0x66, 0x23, 0x7F, 0x06, 0x3B, 0x18, 0x3D, 0x76,
    0x2A, 0x1F, 0x79, 0x19, 0x21, 0x5D, 0x86, 0x8C, 0xE9, 0x67, 0xEE, 0x33, 0xA6, 0x62, 0x28, 0x7D,
    0xEE, 0xAC, 0xF4, 0x34, 0x70, 0x86, 0x80, 0x77, 0xF7, 0x03, 0xA5, 0xD0, 0x4A, 0x99, 0xB5, 0x72,
    0x2C, 0x3B, 0x14, 0x58, 0x37, 0x3D, 0x57, 0x3A, 0x8B, 0xB9, 0x73, 0x3D, 0x9D, 0x45, 0x4C, 0x64,
    0x18, 0x9D, 0x45, 0xF5, 0xEF, 0xBD, 0x61, 0x74, 0x16, 0x0B, 0xD8, 0xA5, 0x74, 0x16, 0x77, 0x51,
    0xD6, 0xE8, 0x2C, 0xFE, 0x6A, 0x71, 0x4D, 0x66, 0x6B, 0xE4, 0xF4, 0xE4, 0xB5, 0x26, 0xBD, 0xB7,
    0x5A, 0x73, 0xE3, 0x9D, 0xD6, 0xA2, 0xF1, 0x46, 0xAB, 0xF3, 0xCE, 0x62, 0xE4, 0xBC, 0xB3, 0x98,
    0x2E, 0x9D, 0xC5, 0xBC, 0x93, 0x1B, 0xA3, 0xB3, 0x58, 0x35, 0x61, 0x4B, 0x67, 0x31, 0x70, 0x65,
    0xD4, 0xD2, 0x59, 0xC4, 0xDE, 0x6B, 0xE9, 0x2C, 0xA6, 0xEE, 0x7D, 0xD7, 0xD0, 0x59, 0x4C, 0x51,
    0xB6, 0xE8, 0x2C, 0x26, 0x6E, 0xB3, 0x23, 0xDB, 0x9C, 0x1B, 0x3E, 0xBD, 0x6B, 0x2A, 0xE2, 0x5D,
    0x53, 0xF9, 0xBA, 0x6B, 0x3A, 0x43, 0xE1, 0xE3, 0xDC, 0x94, 0x29, 0x26, 0x23, 0x99, 0x1B, 0x95,
    0x73, 0x73, 0xCE, 0xCF, 0xCD, 0x9C, 0xF4, 0x73, 0x6B, 0x53, 0x3F, 0xB7, 0x1D, 0x55, 0x7A, 0xD7,
    0x74, 0x58, 0x5A, 0xC8, 0x66, 0xE9, 0x20, 0xB7, 0xE2, 0x0D, 0xE4, 0xDA, 0xBB, 0xA6, 0x95, 0xBC,
    0x2E, 0x9C, 0x5B, 0x38, 0xEC, 0x4C, 0xEE, 0x71, 0x82, 0xE2, 0xE9, 0xE7, 0x66, 0x64, 0x9C, 0xDB,
    0x67, 0xAB, 0x1E, 0x2D, 0xF0, 0x95, 0xC2, 0x27, 0x86, 0x75, 0xB3, 0x6E, 0xE6, 0xBD, 0xBD, 0x42,
    0xAF, 0x6C, 0x84, 0x03, 0x5D, 0x52, 0xF9, 0x46, 0x97, 0xF4, 0x4A, 0x83, 0x1E, 0x2F, 0xAA, 0x55,
    0xF9, 0xAD, 0x5C, 0xD2, 0x6A, 0x74, 0x49, 0x43, 0x1B, 0x34, 0xA3, 0x4B, 0x7A, 0xFE, 0x60, 0x97,
    0xF4, 0xC2, 0x01, 0x2E, 0xE9, 0x0D, 0x2F, 0x5A, 0xE4, 0xC4, 0x66, 0x3E, 0x1D, 0x10, 0x08, 0xF5,
    0x0F, 0xD5, 0xED, 0x68, 0x9F, 0x78, 0xF1, 0xB2, 0x30, 0x55, 0x4F, 0x34, 0xF0, 0xCB, 0xD7, 0x11,
    0x8E, 0xFF, 0xE0, 0xDD, 0x8E, 0x44, 0x1A, 0x91, 0xE7, 0x60, 0x7C, 0x52, 0x12, 0x6E, 0x3F, 0xF1,
    0x8A, 0xBC, 0x87, 0xF0, 0xEB, 0x96, 0x61, 0x39, 0x39, 0x62, 0x93, 0x1F, 0xE6, 0xDD, 0x30, 0x7A,
    0x61, 0xDE, 0x23, 0x1C, 0x7D, 0x30, 0xEF, 0x0E, 0x8E, 0x1E, 0xD8, 0xE4, 0x80, 0x4D, 0xFE, 0xD7,
    0xE8, 0x7E, 0x79, 0x3B, 0x70, 0x74, 0xBE, 0xBC, 0x11, 0x38, 0xBA, 0x5E, 0xDE, 0x02, 0x1C, 0x1D,
    0xAF, 0xC9, 0xFC, 0xF3, 0xCE, 0x1F, 0x97, 0xE2, 0xA6, 0x38, 0x88, 0xEC, 0x48, 0x13, 0x0D, 0x19,
    0xCB, 0xAF, 0xDB, 0x0C, 0x21, 0x5C, 0xF7, 0xAB, 0xE8, 0x56, 0xC1, 0xAB, 0x12, 0x3A, 0x55, 0xF4,
    0xA9, 0xE8, 0x52, 0xD1, 0xA3, 0xA2, 0x43, 0x45, 0xB6, 0x47, 0x77, 0x8A, 0xDE, 0x14, 0x9D, 0x29,
    0xFA, 0x52, 0x74, 0xA5, 0xE8, 0x49, 0xC1, 0x91, 0x5A, 0x65, 0xDE, 0x63, 0x08, 0x01, 0x2B, 0x6F,
    0xD6, 0x13, 0x42, 0x02, 0xFB, 0xEA, 0xDA, 0x30, 0x15, 0xBF, 0x19, 0x0C, 0xBE, 0x68, 0xAF, 0x62,
    0x50, 0x0D, 0x62, 0x70, 0x9F, 0x73, 0x71, 0x0D, 0x23, 0x75, 0x4D, 0xC6, 0xE8, 0xDE, 0x9C, 0xCC,
    0x18, 0xDF, 0x67, 0x64, 0xC6, 0x2A, 0x41, 0xBC, 0x35, 0x31, 0xE3, 0x8E, 0xCC, 0xD8, 0x6C, 0x32,
    0xE3, 0xFC, 0xBB, 0x38, 0x4D, 0x9E, 0x12, 0xE4, 0x08, 0x7C, 0xBE, 0x4F, 0x76, 0x90, 0x8C, 0xA6,
    0xD3, 0x22, 0xE1, 0x1C, 0x0F, 0xAA, 0xFF, 0xBA, 0x08, 0xF3, 0xD6, 0x9B, 0x02, 0x95, 0x3E, 0x02,
    0xB9, 0x41, 0x36, 0xD6, 0x20, 0x16, 0x91, 0x47, 0x88, 0x39, 0x8B, 0xDF, 0xA3, 0x9A, 0x8C, 0x86,
    0xFC, 0xE3, 0x48, 0xA0, 0xA7, 0xF9, 0x72, 0x28, 0xDE, 0x4F, 0x6E, 0x56, 0x82, 0x4A, 0x21, 0x4C,
    0x18, 0x8C, 0xC7, 0x8F, 0x9A, 0x58, 0xFB, 0x9F, 0x3F, 0xC8, 0x92, 0xA3, 0x65, 0xAB, 0x85, 0x1A,
    0x0D, 0x18, 0x79, 0x48, 0xD2, 0xB9, 0xB4, 0xD3, 0x5F, 0xC0, 0x2A, 0x68, 0x2D, 0x2B, 0x24, 0x72,
    0xCE, 0x9E, 0xAB, 0x45, 0x75, 0x21, 0xD2, 0x05, 0x2A, 0x76, 0xE8, 0xA0, 0xF9, 0x44, 0x03, 0x12,
    0x59, 0x6C, 0xE5, 0x9A, 0x6A, 0x12, 0x1B, 0x18, 0x35, 0x4F, 0x4D, 0xDC, 0x20, 0x66, 0x65, 0xB1,
    0x88, 0xBB, 0x52, 0xD5, 0xE9, 0x7E, 0x87, 0x82, 0x8E, 0xE4, 0xAA, 0x53, 0xA7, 0x51, 0xB2, 0x51,
    0xE8, 0x90, 0x9E, 0x8A, 0x0E, 0x59, 0x1C, 0x73, 0xE1, 0xD9, 0xA3, 0x8F, 0x4E, 0xBA, 0x2F, 0x45,
    0x9E, 0xF3, 0xF0, 0x84, 0x04, 0xB2, 0xE6, 0x2B, 0x5B, 0xE6, 0xC9, 0xA5, 0xDB, 0xB3, 0x79, 0x70,
    0x6A, 0xA6, 0x8F, 0x4B, 0xE0, 0xEC, 0x47, 0x23, 0x71, 0xCF, 0xEF, 0xE3, 0x48, 0x22, 0xCD, 0x7E,
    0x71, 0x75, 0xD0, 0x47, 0x38, 0x89, 0x95, 0x15, 0x75, 0x64, 0xAF, 0xAA, 0x32, 0x1A, 0xDA, 0x42,
    0x47, 0xAE, 0x46, 0xDD, 0x0D, 0x06, 0x89, 0x6C, 0x8C, 0xB1, 0xEC, 0xB5, 0x92, 0x22, 0xF7, 0x9F,
    0xCD, 0x07, 0x0C, 0x61, 0x6D, 0xE9, 0x7E, 0x70, 0x0A, 0xD1, 0x28, 0xC4, 0x81, 0x83, 0x50, 0x6F,
    0xB1, 0x14, 0x7C, 0x42, 0x3D, 0xB5, 0x3C, 0xB3, 0x1D, 0xE2, 0xD8, 0x0C, 0x70, 0x65, 0x60, 0xBD,
    0x39, 0xB8, 0x63, 0x86, 0xBE, 0x32, 0xF9, 0x14, 0xF5, 0xF3, 0x93, 0x45, 0x08, 0x74, 0x79, 0xB8,
    0x9B, 0x7C, 0xC6, 0xCF, 0xAA, 0x13, 0xDF, 0xB9, 0xA7, 0x9F, 0xF5, 0xF4, 0x9E, 0xAF, 0xB2, 0xBE,
    0x3F, 0xB7, 0x1D, 0x20, 0x8D, 0xC3, 0x74, 0x1D, 0xD9, 0x12, 0x48, 0xF6, 0x22, 0x3C, 0xE5, 0xAB,
    0xF8, 0xA1, 0x27, 0xC1, 0xA0, 0x7E, 0x81, 0x79, 0xE8, 0x16, 0x5B, 0x71, 0x26, 0x84, 0x61, 0xB4,
    0xAB, 0x2F, 0x50, 0x9F, 0x97, 0xCD, 0x03, 0x3D, 0x98, 0x97, 0xF3, 0x31, 0x1E, 0x6E, 0x0E, 0xAC,
    0x84, 0xD7, 0xE8, 0xC7, 0xEF, 0x22, 0x62, 0xE0, 0x63, 0xD9, 0x4A, 0x3B, 0xC6, 0x07, 0xAF, 0x69,
    0x61, 0x7B, 0xC0, 0x64, 0xE9, 0xAB, 0x14, 0x99, 0x0F, 0x11, 0xD7, 0x68, 0x06, 0x42, 0xF4, 0xA6,
    0x65, 0x44, 0x55, 0x22, 0x9D, 0x8F, 0xE7, 0xA4, 0x98, 0x53, 0x6B, 0x3E, 0x4A, 0x8B, 0x3C, 0x7D,
    0x4C, 0xE4, 0xC3, 0xAB, 0x22, 0x76, 0x57, 0x64, 0x57, 0x89, 0x9C, 0xCB, 0xB1, 0xB2, 0x44, 0x8E,
    0x05, 0x2B, 0x56, 0x89, 0x13, 0x78, 0x05, 0xF6, 0x56, 0x5E, 0x47, 0x6D, 0x56, 0xA7, 0x8D, 0x2A,
    0xD3, 0xBA, 0x92, 0xFC, 0x13, 0x2B, 0xEA, 0x5E, 0x2B, 0x0A, 0xAD, 0xFF, 0x97, 0x48, 0xB2, 0x09,
    0x00, 0x92, 0xDC, 0x41, 0x8B, 0xE8, 0xD0, 0x9D, 0x7A, 0xA8, 0x4F, 0x20, 0xD0, 0xF9, 0xC6, 0x6F,
    0x80, 0xC2, 0x4B, 0x86, 0x27, 0xC5, 0x3A, 0xBE, 0x8D, 0x9D, 0xED, 0xC0, 0x02, 0x72, 0x60, 0xCC,
    0x2F, 0x1B, 0x39, 0x17, 0xB7, 0x72, 0x26, 0xC4, 0x6D, 0xF4, 0x23, 0xC4, 0x41, 0x64, 0xFE, 0xBC,
    0x84, 0xDD, 0x35, 0x14, 0x2A, 0x2D, 0x55, 0x36, 0xA7, 0x0F, 0x1B, 0xCA, 0x8D, 0x8D, 0x83, 0x19,
    0x58, 0xBD, 0xB1, 0x03, 0x0D, 0xE6, 0xCC, 0x31, 0x63, 0xF6, 0x79, 0xA9, 0xE1, 0x8C, 0xFD, 0xD9,
    0x62, 0x32, 0x69, 0x35, 0xE7, 0xC5, 0xC6, 0xAF, 0xC2, 0x55, 0x72, 0x8F, 0x65, 0xCE, 0xF0, 0x56,
    0xC7, 0x66, 0x72, 0xF6, 0xB4, 0x9C, 0x53, 0xA2, 0x32, 0x9D, 0x5D, 0x2C, 0x93, 0x0B, 0x75, 0x18,
    0xFE, 0xDF, 0x27, 0x30, 0x66, 0x22, 0x28, 0x34, 0x89, 0x33, 0x92, 0xBD, 0x0D, 0xF6, 0x6B, 0x70,
    0xA3, 0xC3, 0x1A, 0xBA, 0x3C, 0x8B, 0x9E, 0x25, 0x75, 0x5D, 0xF6, 0x62, 0xF7, 0x3C, 0x4A, 0x80,
    0xFE, 0x5E, 0x27, 0x47, 0x62, 0x99, 0x33, 0x91, 0xB7, 0x88, 0x5F, 0x90, 0x1C, 0x9B, 0x8A, 0x07,
    0x63, 0x68, 0xE6, 0x3E, 0x13, 0x6E, 0xD5, 0xC9, 0x11, 0x64, 0x78, 0x24, 0xF8, 0xFC, 0x62, 0x09,
    0xD9, 0x00, 0xD9, 0x1D, 0xC9, 0x1D, 0xB9, 0xFD, 0x91, 0x88, 0x3D, 0x4F, 0xFB, 0x9B, 0x70, 0x55,
    0xF3, 0xE5, 0xD5, 0x68, 0x51, 0x2F, 0x03, 0xA4, 0x26, 0xC2, 0x7F, 0xEB, 0x60, 0xAB, 0x10, 0x61,
    0x2D, 0xA9, 0x3A, 0x56, 0x1C, 0xE4, 0xF2, 0xA7, 0x58, 0x6D, 0x8E, 0x3F, 0x3A, 0x34, 0x36, 0x56,
    0x49, 0x87, 0xF8, 0xD5, 0xDA, 0x2A, 0xB9, 0x35, 0xAD, 0x92, 0x55, 0x8A, 0xFF, 0x1D, 0x30, 0xC9,
    0x89, 0x89, 0x23, 0x26, 0xFF, 0xE9, 0x33, 0x2B, 0xE8, 0x31, 0x7A, 0xAC, 0xFB, 0x08, 0xD1, 0x20,
    0x26, 0x3C, 0x75, 0x9F, 0x92, 0xAC, 0xD2, 0x3E, 0x95, 0x6C, 0x7F, 0xB4, 0x22, 0x86, 0x95, 0x0B,
    0x73, 0xD7, 0x20, 0xDE, 0x41, 0x1D, 0x2D, 0x3E, 0x76, 0xB4, 0xA0, 0xF1, 0x37, 0x4E, 0x17, 0x00,
    0xF0, 0x7A, 0x6E, 0x21, 0x26, 0x83, 0xBC, 0x60, 0x8A, 0xBE, 0xB1, 0xFC, 0xC6, 0xE4, 0x3D, 0xE9,
    0x03, 0x4F, 0xE3, 0x80, 0x5F, 0x8A, 0xD3, 0x7D, 0xED, 0x89, 0xBE, 0x6A, 0xA5, 0x1F, 0xE6, 0xC0,
    0x18, 0x8D, 0x1D, 0x6E, 0x12, 0x0D, 0xD3, 0x26, 0x05, 0x17, 0xE1, 0xE6, 0xE4, 0x45, 0xAD, 0x29,
    0x9F, 0xFF, 0xEF, 0x15, 0x82, 0xA8, 0x83, 0xAD, 0x42, 0xE3, 0xE0, 0xF4, 0xFD, 0xA8, 0x90, 0xC0,
    0xCF, 0x4F, 0xA3, 0x92, 0x6C, 0x8E, 0x2D, 0xEA, 0xA7, 0x1D, 0xA0, 0x19, 0xFD, 0x86, 0x8E, 0x05,
    0xFE, 0xCC, 0x93, 0x5B, 0x75, 0x2E, 0x80, 0x5D, 0xE2, 0xE9, 0x0C, 0x03, 0xC9, 0x50, 0x1F, 0x2F,
    0x42, 0xE0, 0x7D, 0xAB, 0x16, 0x89, 0xEF, 0x40, 0x81, 0x0A, 0x0E, 0xD5, 0xFE, 0xA7, 0x9C, 0x09,
    0x53, 0x0F, 0x91, 0xD5, 0x35, 0x78, 0x70, 0xA5, 0x14, 0x09, 0xEB, 0x14, 0xFF, 0x2D, 0xDB, 0x75,
    0x60, 0x8A, 0x72, 0x0E, 0x75, 0xD7, 0x98, 0x7F, 0xF1, 0x86, 0x15, 0xF9, 0x91, 0x7C, 0x78, 0xF8,
    0x47, 0x4F, 0x5E, 0xC3, 0xE1, 0x78, 0xBA, 0x9F, 0xC0, 0xA8, 0xFA, 0x7B, 0xA5, 0xF1, 0x04, 0x09,
    0xA6, 0x70, 0x56, 0x46, 0xE7, 0x68, 0x24, 0xAF, 0x03, 0xB7, 0x58, 0xED, 0x45, 0x69, 0x8C, 0x94,
    0xE7, 0xAC, 0x75, 0x62, 0x25, 0xD3, 0xB1, 0x95, 0x7C, 0xD4, 0xCB, 0x53, 0x23, 0x6A, 0x00, 0x35,
    0x42, 0x6F, 0x13, 0x3A, 0x3A, 0x88, 0xCB, 0x6E, 0x3C, 0x5F, 0x92, 0xAC, 0x94, 0xED, 0xA8, 0xF6,
    0xA7, 0x53, 0x5F, 0x59, 0x65, 0xD2, 0x72, 0x6C, 0x73, 0x16, 0xDC, 0xDA, 0x86, 0x3C, 0x02, 0x8E,
    0x7D, 0xC2, 0x41, 0x28, 0xD4, 0xF3, 0x01, 0x5F, 0x48, 0x86, 0x91, 0xD6, 0x8B, 0x6B, 0xBF, 0x97,
    0xDC, 0x19, 0x9E, 0x35, 0x65, 0xBD, 0x45, 0x36, 0xED, 0x91, 0x2A, 0xA6, 0x53, 0xA7, 0x86, 0x44,
    0xD9, 0xEB, 0x01, 0xC4, 0xDF, 0xF5, 0x19, 0x18, 0x75, 0xBE, 0xEF, 0xDE, 0xB7, 0x2A, 0x70, 0x81,
    0x55, 0xA1, 0x0B, 0xBA, 0x73, 0xE1, 0x10, 0xB6, 0xCF, 0x44, 0x7D, 0x50, 0x7E, 0xFB, 0xB3, 0xA8,
    0x0C, 0x98, 0x0D, 0x34, 0xB2, 0xD4, 0xF5, 0x08, 0x4B, 0x4F, 0xE4, 0x55, 0x2F, 0x86, 0x0B, 0xC3,
    0xB8, 0x55, 0xBD, 0x76, 0xF6, 0x84, 0xF8, 0xB3, 0x8F, 0xAA, 0x9C, 0xBC, 0x36, 0x2D, 0x4F, 0x38,
    0x87, 0x55, 0x22, 0x3F, 0x77, 0xEF, 0x81, 0xFE, 0xFB, 0x3E, 0xE6, 0x80, 0xE4, 0x70, 0x4A, 0xD2,
    0xFB, 0xB7, 0xF8, 0xB0, 0x94, 0x3D, 0x8F, 0x1E, 0x73, 0xD0, 0xF5, 0x51, 0x0F, 0x88, 0xC6, 0x8B,
    0x94, 0x36, 0xD3, 0xBE, 0xC2, 0xB0, 0x4D, 0xC5, 0xF0, 0x48, 0x81, 0xDD, 0x4B, 0xB4, 0xB9, 0x9D,
    0x16, 0x83, 0x85, 0xFA, 0x81, 0x38, 0xEF, 0x25, 0x73, 0xE2, 0x79, 0x07, 0x98, 0xFD, 0x71, 0x50,
    0xAE, 0xDC, 0xE1, 0x37, 0x56, 0x38, 0x26, 0x1F, 0x3C, 0x40, 0x64, 0xF8, 0x34, 0x0F, 0x4E, 0x8E,
    0x06, 0x87, 0x2C, 0x02, 0xDC, 0xC5, 0xC1, 0x83, 0xCE, 0xEC, 0x98, 0x50, 0x79, 0xE8, 0xC4, 0xBD,
    0x6C, 0xB1, 0x6C, 0x83, 0x36, 0xB2, 0xF2, 0xCA, 0xE2, 0xE2, 0xB4, 0x58, 0xAF, 0x91, 0x3D, 0xB5,
    0x60, 0x83, 0xDC, 0xBE, 0xD2, 0x02, 0xF2, 0xCD, 0xB6, 0xAD, 0x18, 0x53, 0xE6, 0x15, 0x47, 0x55,
    0xB6, 0x72, 0xD7, 0x25, 0x5F, 0x97, 0x26, 0xE5, 0x83, 0x80, 0x62, 0x8D, 0x21, 0xC0, 0x32, 0x00,
    0x58, 0xA1, 0x1C, 0xE8, 0x87, 0x88, 0x93, 0x5F, 0x88, 0x07, 0x6C, 0x7E, 0x7C, 0xF8, 0x7F, 0x5F,
    0x37, 0x60, 0x82, 0xBE, 0x81, 0x8C, 0xF9, 0x81, 0x24, 0x80, 0x6B, 0xEA, 0x24, 0x39, 0xAA, 0xFD,
    0x9B, 0x7B, 0xAD, 0xD7, 0x88, 0x28, 0x19, 0x35, 0x58, 0x11, 0xBE, 0xB1, 0xE4, 0x07, 0x93, 0x01,
    0xAE, 0xAA, 0x16, 0x5C, 0x55, 0x49, 0x5F, 0xD8, 0x69, 0xD4, 0x91, 0xD0, 0x5D, 0x47, 0xBB, 0x99,
    0xB3, 0x71, 0xED, 0x30, 0x06, 0xFA, 0xB3, 0x34, 0x68, 0xE9, 0xD0, 0x4A, 0xE1, 0xDD, 0xA4, 0xA5,
    0x49, 0xCB, 0x94, 0xC1, 0x3A, 0x23, 0x29, 0x02, 0x9C, 0xDA, 0xAF, 0xB9, 0x30, 0x43, 0xB0, 0x23,
    0x41, 0x9F, 0x19, 0x09, 0x6D, 0x65, 0x25, 0x1C, 0xF8, 0x6F, 0xC1, 0xFE, 0x66, 0x17, 0xE1, 0x3C,
    0x4C, 0xE7, 0xC8, 0x48, 0x62, 0x63, 0x4C, 0x82, 0x09, 0x0D, 0xF9, 0xAC, 0x61, 0x13, 0x9B, 0x61,
    0xD4, 0xF9, 0x5D, 0x0D, 0xD5, 0x07, 0x61, 0x90, 0x02, 0xDD, 0x14, 0xF7, 0xEF, 0x7F, 0x01, 0x3D,
    0x91, 0x01, 0x64, 0xDD, 0x50, 0x18, 0x85, 0xBF, 0x9B, 0x74, 0x2F, 0xB5, 0xD8, 0x6E, 0x51, 0xB4,
    0xC3, 0x52, 0x0C, 0x43, 0x35, 0x03, 0x0C, 0x69, 0xFE, 0x9F, 0xA1, 0x00, 0x0F, 0x05, 0xC0, 0x30,
    0x00, 0x0C, 0x50, 0x34, 0x4D, 0x00, 0x80, 0x15, 0x00, 0x30, 0x00, 0x60, 0x50, 0x14, 0xEB, 0xCB,
    0x65, 0x18, 0xC0, 0x35, 0x00, 0x90, 0x0D, 0x00, 0x5C, 0x04, 0xA1, 0xAF, 0xBB, 0x4B, 0x78, 0xE6,
    0xFF, 0x81, 0xE3, 0x38, 0xCE, 0x77, 0xE0, 0x05, 0x82, 0xB8, 0x72, 0xC8, 0x82, 0x19, 0x39, 0x31,
    0x9A, 0xFA, 0x7C, 0x28, 0xBC, 0x74, 0x1B, 0xEE, 0x00, 0x5E, 0x41, 0xDF, 0x99, 0xE8, 0xD2, 0xC7,
    0xC1, 0xFE, 0x08, 0x42, 0x38, 0x62, 0xFD, 0xBC, 0xEB, 0xE4, 0x77, 0xE8, 0x63, 0x18, 0x7B, 0x77,
    0x72, 0x86, 0x44, 0xDF, 0x2F, 0xEF, 0xF6, 0xE0, 0x9A, 0xA1, 0xBF, 0xF0, 0x6D, 0xEC, 0x8A, 0xBF,
    0x98, 0x35, 0x2B, 0x2D, 0x9D, 0x38, 0xE9, 0xCE, 0x00, 0xCA, 0x6C, 0xE8, 0x6D, 0x88, 0xD6, 0x5F,
    0xE5, 0xCA, 0x9A, 0xE2, 0x09, 0xE9, 0xB9, 0x16, 0x0E, 0x6B, 0xCC, 0x84, 0xF5, 0x58, 0x65, 0x05,
    0x60, 0x27, 0x79, 0xBA, 0x3A, 0xBB, 0x7B, 0x7D, 0x7F, 0xDE, 0x6E, 0x8B, 0x01, 0x00, 0xE3, 0xDE,
    0xA5, 0x61, 0x9B, 0xFF, 0xD9, 0x16, 0x3F, 0x83, 0x58, 0xF7, 0xBD, 0xE0, 0x60, 0x1F, 0xA0, 0x4A,
    0xC2, 0x79, 0xEE, 0xA5, 0xD4, 0x39, 0xCF, 0x4E, 0x64, 0x01, 0x94, 0xFD, 0x7D, 0xAA, 0x9A, 0x46,
    0x90, 0x92, 0xC2, 0x76, 0xF6, 0xA2, 0x4B, 0x12, 0xF8, 0x44, 0x1E, 0x3B, 0x89, 0xEE, 0xC1, 0xFA,
    0xAF, 0xA9, 0xC3, 0xC0, 0x6D, 0xE6, 0xAC, 0x0A, 0x37, 0x6C, 0xE8, 0xA9, 0x31, 0x6A, 0x43, 0x36,
    0xA6, 0x21, 0x0B, 0xB9, 0x2B, 0xBA, 0x1A, 0x30, 0xBA, 0x90, 0x68, 0xB9, 0xA1, 0x46, 0xB0, 0x0A,
    0xB9, 0xDA, 0x59, 0x2B, 0xA9, 0xA9, 0x78, 0x0F, 0x8B, 0xC7, 0xCF, 0xE7, 0x44, 0x1B, 0x3E, 0xFE,
    0xAF, 0x7B, 0xCC, 0x1E, 0x2A, 0xF9, 0xAE, 0xEE, 0x9B, 0x15, 0xE6, 0xD6, 0x4E, 0xE7, 0x55, 0x75,
    0x5A, 0x55, 0xE5, 0xB8, 0xD2, 0x44, 0x0B, 0x67, 0xE7, 0x2B, 0x68, 0x58, 0xCF, 0x5A, 0x36, 0x99,
    0x2D, 0x53, 0x1A, 0x0A, 0x77, 0x8C, 0xD1, 0x97, 0x54, 0xDC, 0x33, 0x11, 0x87, 0xD6, 0xC1, 0x33,
    0x9D, 0xE3, 0x3A, 0x51, 0xA1, 0x65, 0xC3, 0x25, 0x00, 0xA2, 0xCC, 0x83, 0xC4, 0x60, 0x7F, 0x8D,
    0xA2, 0xD3, 0x21, 0x07, 0xC0, 0x5B, 0x0E, 0x1A, 0xE3, 0xFB, 0x6F, 0x4E, 0xA2, 0xE6, 0x13, 0x2C,
    0x4E, 0x2D, 0x7D, 0x68, 0x1F, 0xC3, 0x14, 0xFD, 0x67, 0x51, 0xD8, 0x0D, 0xD5, 0x46, 0xC7, 0xE5,
    0xC2, 0xA2, 0x8C, 0xBE, 0xC9, 0x87, 0x1D, 0x0B, 0x80, 0x91, 0x64, 0x41, 0x88, 0xF5, 0x08, 0x9C,
    0x02, 0x94, 0x1F, 0x42, 0xFB, 0x25, 0xB4, 0x76, 0x38, 0x4A, 0xB4, 0xA6, 0xE1, 0x81, 0xDE, 0xB5,
    0x0A, 0xFF, 0x00, 0xCC, 0x98, 0x3F, 0xAC, 0xDE, 0xE6, 0x75, 0xC6, 0x5F, 0x92, 0x96, 0x18, 0x87,
    0x48, 0xD9, 0x21, 0x11, 0x8C, 0x1A, 0x01, 0x97, 0xB4, 0x40, 0x02, 0xB4, 0xEC, 0x8E, 0x46, 0x64,
    0xEA, 0x02, 0xE9, 0x16, 0x0D, 0x56, 0x02, 0x34, 0x28, 0x5C, 0x14, 0x19, 0xDA, 0x0C, 0xD1, 0xEA,
    0xC1, 0x36, 0xE9, 0x68, 0xC8, 0x90, 0x21, 0xEA, 0xD0, 0x74, 0xAC, 0x07, 0x17, 0x88, 0x25, 0xA0,
    0xEA, 0xD0, 0xD1, 0x15, 0x69, 0x7B, 0xF0, 0xE0, 0xC1, 0x8C, 0xDD, 0xB4, 0x40, 0x33, 0x98, 0x46,
    0x92, 0x06, 0x95, 0x06, 0x31, 0x0E, 0xD5, 0xF0, 0x5E, 0xBD, 0xE4, 0xE9, 0xF3, 0xC3, 0x7B, 0xA9,
    0x4F, 0x57, 0x4E, 0x5C, 0x20, 0x50, 0x5A, 0xF1, 0x5E, 0x3E, 0xE7, 0xBB, 0xF7, 0xE3, 0xF7, 0x9E,
    0x73, 0x9E, 0xF3, 0xE7, 0x3D, 0xEF, 0xE7, 0x4E, 0xAE, 0x0C, 0x70, 0xF9, 0x00, 0x16, 0x33, 0x98,
    0x6D, 0xA0, 0xEB, 0x6A, 0xF0, 0xAC, 0x3B, 0x7D, 0x55, 0x66, 0xB6, 0x63, 0xBA, 0x5D, 0xD5, 0xA3,
    0x89, 0x77, 0x2F, 0xE8, 0xB5, 0x77, 0xCF, 0x3B, 0xF0, 0x59, 0x2D, 0xB0, 0x38, 0x96, 0x9C, 0x1D,
    0x78, 0xF4, 0xF5, 0x5A, 0x0B, 0x9B, 0xB5, 0xCE, 0x95, 0x66, 0xAC, 0x30, 0x3A, 0x70, 0x70, 0x60,
    0xEF, 0xF4, 0x6E, 0xD3, 0xC7, 0xA3, 0xF4, 0xB5, 0x89, 0xD0, 0x6A, 0x99, 0x12, 0xD9, 0x2D, 0xEB,
    0xF9, 0x90, 0x10, 0x55, 0x35, 0x86, 0xB4, 0x5F, 0xC3, 0xC2, 0x77, 0x3C, 0x1F, 0x7B, 0x17, 0x2C,
    0x2F, 0xA3, 0xE1, 0x31, 0x57, 0x3F, 0x1A, 0x16, 0x72, 0xF1, 0x0F, 0x5F, 0x02, 0xD5, 0xB1, 0x5D,
    0xF3, 0x55, 0x64, 0xF1, 0x52, 0xC5, 0x5B, 0x3C, 0x9F, 0x4F, 0xD6, 0x78, 0xC4, 0x10, 0x07, 0x60,
    0xD8, 0x56, 0xBB, 0xCC, 0x6C, 0x72, 0xB9, 0x1E, 0x76, 0xF9, 0x94, 0x79, 0x57, 0x4C, 0xC9, 0x0A,
    0x6C, 0xAE, 0x1C, 0xE3, 0x4D, 0xFA, 0x81, 0x3E, 0x59, 0xA3, 0x6E, 0x48, 0x7C, 0x6E, 0x3E, 0xF1,
    0x85, 0x79, 0x2C, 0xD7, 0xE3, 0xB8, 0x2F, 0x2B, 0x86, 0xAE, 0x75, 0x89, 0x6C, 0x16, 0x2C, 0x0E,
    0x03, 0x0F, 0x34, 0xBC, 0x84, 0x16, 0x9E, 0x2B, 0x05, 0x91, 0x0D, 0x7A, 0x86, 0xB8, 0xC6, 0xF5,
    0x03, 0x5C, 0x6D, 0x01, 0x52, 0xBB, 0xB6, 0x3A, 0xE9, 0xF7, 0x62, 0x28, 0xC0, 0x02, 0x4B, 0x93,
    0x48, 0xDA, 0x15, 0x16, 0xFB, 0x6A, 0x10, 0x04, 0x3F, 0x40, 0x2F, 0x68, 0x80, 0x0E, 0xB0, 0x16,
    0x5D, 0xFF, 0x0A, 0x11, 0x5E, 0x6F, 0x0A, 0x74, 0x9D, 0xF9, 0x07, 0xFE, 0x69, 0x23, 0xAE, 0x2E,
    0xAE, 0xD9, 0xAE, 0xCD, 0xCE, 0xFA, 0x04, 0x3F, 0x13, 0xDC, 0x4E, 0x06, 0xA9, 0x88, 0x4E, 0x56,
    0xBF, 0x73, 0xB5, 0xC6, 0x9E, 0x16, 0xD0, 0x02, 0x3F, 0xB9, 0xB8, 0xEB, 0x19, 0xF5, 0x48, 0x35,
    0xB9, 0xB4, 0x2F, 0xC4, 0xD6, 0x90, 0xDB, 0x17, 0xBA, 0x3E, 0x35, 0x3D, 0xA8, 0x85, 0x37, 0xE2,
    0x86, 0x45, 0xBF, 0x8D, 0xB6, 0xAF, 0x5F, 0x90, 0xDF, 0xE1, 0x7F, 0x8A, 0x4A, 0xF7, 0x03, 0xA5,
    0xB1, 0xB9, 0x4A, 0x06, 0x04, 0xF8, 0xBC, 0x00, 0x96, 0x0C, 0x75, 0xDD, 0x86, 0x4E, 0x93, 0xE5,
    0x99, 0xF1, 0xB7, 0x41, 0x62, 0x29, 0x05, 0x35, 0xE1, 0xA8, 0x45, 0x42, 0xD9, 0x0A, 0xAA, 0x21,
    0x5F, 0x5C, 0xB5, 0xE9, 0x91, 0x92, 0x78, 0xC7, 0xB6, 0x3A, 0x79, 0x74, 0xE0, 0x70, 0xD6, 0x2D,
    0xD3, 0x08, 0xC3, 0x1A, 0xE2, 0x9B, 0xEA, 0xCE, 0x74, 0xEB, 0x73, 0x10, 0x08, 0x7F, 0x38, 0xA8,
    0xC0, 0xE2, 0x4F, 0xB8, 0x61, 0xAD, 0xE3, 0x6E, 0x09, 0x8F, 0x18, 0x5B, 0x58, 0x4A, 0x11, 0x6A,
    0xFF, 0xCA, 0xE5, 0xEF, 0xAF, 0xAE, 0xFC, 0x91, 0xB2, 0xE1, 0xF5, 0x45, 0x8A, 0x6A, 0xF7, 0x9B,
    0xD2, 0x15, 0xAE, 0x12, 0xBF, 0x59, 0x56, 0xEB, 0xD6, 0x21, 0x4F, 0x58, 0x7D, 0x4F, 0x55, 0x20,
    0xA4, 0xDD, 0xBC, 0x43, 0x71, 0xC8, 0x87, 0x8F, 0x4A, 0x05, 0xC7, 0x72, 0x22, 0x3D, 0xAC, 0xF9,
    0x09, 0x56, 0x42, 0xAD, 0x00, 0xDB, 0x78, 0xF3, 0xE3, 0x2F, 0xBB, 0xFB, 0x2E, 0xD3, 0xA5, 0x0F,
    0x08, 0xD1, 0x5E, 0xDC, 0xEC, 0x06, 0x14, 0xF6, 0x1D, 0x4B, 0x15, 0x3D, 0xCF, 0x2B, 0x20, 0x08,
    0xC5, 0xD2, 0x1C, 0x22, 0x32, 0xC4, 0x0B, 0xB1, 0xBD, 0x22, 0xB1, 0x26, 0xC6, 0xC2, 0x5E, 0x62,
    0x71, 0xF1, 0x92, 0xFA, 0x4C, 0x29, 0x3D, 0xA5, 0x5E, 0xCA, 0xB3, 0x31, 0x5B, 0xE2, 0x4D, 0x6B,
    0xE5, 0x33, 0x55, 0xD5, 0xE6, 0xAA, 0xB5, 0xCF, 0x9B, 0x5C, 0xC8, 0x7C, 0xB3, 0xBA, 0xE6, 0xB8,
    0x9B, 0x9A, 0x99, 0x7C, 0xEA, 0xAB, 0x21, 0x33, 0x3B, 0x52, 0x57, 0x39, 0x75, 0xC1, 0x8E, 0xDE,
    0x44, 0x0E, 0x86, 0x01, 0xA9, 0x8A, 0x74, 0x0E, 0x0C, 0xC1, 0x00, 0x24, 0x95, 0x03, 0x72, 0x09,
    0x3C, 0x64, 0x33, 0x92, 0x60, 0x88, 0x12, 0xE4, 0xF1, 0x55, 0xBB, 0x19, 0xDA, 0x8C, 0xC1, 0x40,
    0x89, 0xDC, 0xC8, 0x6B, 0xB5, 0x08, 0x83, 0x3C, 0x79, 0x62, 0xAD, 0x64, 0xBC, 0x11, 0xA5, 0x46,
    0x75, 0x2F, 0xA9, 0x5F, 0x69, 0x30, 0x88, 0x4C, 0x7D, 0x6C, 0xE4, 0x6E, 0xB6, 0x5D, 0xF7, 0x5A,
    0x66, 0x6A, 0xCC, 0xA6, 0x60, 0xD6, 0x76, 0xAA, 0xA4, 0xF7, 0x2E, 0x84, 0x0A, 0x21, 0x7D, 0x48,
    0x28, 0x2D, 0xB2, 0x8C, 0x4E, 0xE4, 0x68, 0x45, 0x53, 0x88, 0xED, 0x8E, 0xE9, 0xDA, 0x8D, 0xB2,
    0x99, 0xE7, 0x29, 0x52, 0x23, 0xCA, 0xB1, 0x11, 0xE1, 0xC8, 0x40, 0x67, 0x04, 0x9A, 0xD7, 0x34,
    0x25, 0x21, 0xD6, 0xA9, 0x2D, 0xA5, 0x5B, 0x9D, 0x9B, 0x6F, 0xAC, 0x57, 0x42, 0x75, 0xD0, 0x73,
    0x7A, 0x53, 0xA9, 0x80, 0xD8, 0x6A, 0x4C, 0xD2, 0xA7, 0xF0, 0x16, 0xFC, 0xCC, 0x29, 0x63, 0x5F,
    0xC6, 0x89, 0x6C, 0x15, 0x8E, 0xE5, 0x06, 0xAF, 0x9D, 0x97, 0x55, 0xD1, 0xFA, 0x84, 0x53, 0xE0,
    0x66, 0x27, 0xCC, 0x07, 0xF2, 0xAF, 0x68, 0xB1, 0xAA, 0x72, 0x70, 0xE9, 0x59, 0xD1, 0xC0, 0xF2,
    0xEE, 0xEA, 0x58, 0x77, 0x03, 0x07, 0x03, 0xFB, 0xA6, 0x25, 0x0F, 0xA1, 0xBF, 0x6B, 0x09, 0x8E,
    0xD5, 0xF2, 0x20, 0xB2, 0x2B, 0x39, 0xBC, 0x29, 0xCA, 0x28, 0x8C, 0xB0, 0x8A, 0x8E, 0x71, 0xAA,
    0x61, 0x52, 0xD6, 0x3E, 0x08, 0x0B, 0xA4, 0xC2, 0x4B, 0x08, 0x27, 0x97, 0xFB, 0x0B, 0xE0, 0xC1,
    0xC4, 0xD0, 0x6F, 0x10, 0x23, 0xE6, 0xEB, 0x97, 0xE2, 0xD1, 0xAF, 0x4C, 0xA7, 0x30, 0x11, 0x95,
    0xC7, 0x05, 0x67, 0x94, 0xA8, 0x2C, 0xA0, 0x4A, 0xA7, 0xF2, 0xF6, 0x04, 0xB7, 0x1D, 0x65, 0x54,
    0xFE, 0xDC, 0x97, 0x12, 0xAC, 0x32, 0x22, 0x5A, 0x2A, 0xAA, 0x5A, 0x1D, 0x4E, 0x34, 0xF3, 0x5E,
    0xBE, 0xD4, 0x81, 0xB5, 0xFC, 0xCA, 0x9B, 0xD8, 0xAE, 0x50, 0xC7, 0xA5, 0xCD, 0xD4, 0x14, 0x36,
    0x70, 0x61, 0xF5, 0x05, 0xA7, 0xC7, 0xA3, 0x39, 0x11, 0x6A, 0xCB, 0x10, 0xC6, 0x66, 0x0E, 0x5F,
    0x16, 0xF0, 0xCC, 0x03, 0xD9, 0x52, 0x62, 0x79, 0xAD, 0xBC, 0xAE, 0x0C, 0xDB, 0xB3, 0x99, 0x5A,
    0x15, 0xE5, 0x8A, 0x73, 0xD9, 0x53, 0xBC, 0x0D, 0x85, 0xE9, 0x56, 0x16, 0xF8, 0x63, 0xC8, 0x69,
    0x2E, 0xA3, 0xAA, 0x7A, 0x7B, 0xE0, 0xC3, 0xEF, 0x11, 0xF4, 0xC2, 0x58, 0x28, 0x5F, 0x1D, 0xE8,
    0xC1, 0x6C, 0x82, 0xDC, 0x9C, 0x47, 0x9E, 0x6D, 0xDA, 0xBD, 0xD3, 0xE2, 0x3F, 0x0B, 0x0C, 0xE0,
    0x63, 0xBF, 0xAC, 0xBE, 0xC4, 0xA1, 0x59, 0x8B, 0x1D, 0xC5, 0x02, 0x8D, 0xD4, 0x0F, 0xFC, 0x15,
    0x08, 0x4A, 0x0D, 0x1A, 0x15, 0x6E, 0x68, 0x54, 0xBC, 0xF7, 0xFA, 0xE2, 0xFD, 0x4E, 0xA2, 0x94,
    0x68, 0x49, 0x07, 0x1A, 0x0F, 0xEF, 0x87, 0x84, 0x20, 0x71, 0xD9, 0xC2, 0x25, 0x28, 0x28, 0x4C,
    0xB1, 0x9A, 0x00, 0x45, 0x76, 0xF3, 0xFA, 0x56, 0x87, 0xA2, 0x1C, 0x5C, 0x85, 0xC0, 0x9F, 0x4A,
    0x6B, 0x20, 0xEA, 0x20, 0x82, 0x85, 0xE7, 0x83, 0x78, 0x3E, 0x88, 0xE7, 0x80, 0x43, 0xFE, 0x9C,
    0xAD, 0xC1, 0xAA, 0x07, 0x3B, 0x90, 0x2E, 0xCB, 0xAE, 0x0C, 0x66, 0xB7, 0x47, 0x88, 0x79, 0x1B,
    0x4E, 0xCA, 0xEF, 0x80, 0x4D, 0x06, 0xAE, 0x64, 0x55, 0xE4, 0x53, 0x3C, 0x9D, 0x29, 0xC4, 0xEC,
    0xCE, 0x57, 0x42, 0x01, 0x0A, 0x2B, 0xA3, 0x07, 0x36, 0x17, 0xBF, 0x2C, 0x6B, 0x37, 0x27, 0xD3,
    0x63, 0xAF, 0x45, 0x21, 0x41, 0x81, 0x6F, 0xAC, 0x56, 0xDC, 0x3B, 0xAB, 0xF7, 0xB0, 0x87, 0xC7,
    0x05, 0x5E, 0xDC, 0x5D, 0xA3, 0x80, 0xF6, 0x3D, 0x3C, 0x5D, 0xA2, 0x91, 0xA0, 0x42, 0x15, 0xB0,
    0xBD, 0x4C, 0xBC, 0xAC, 0xA6, 0x3D, 0x8C, 0xA2, 0xA8, 0xA4, 0x51, 0xE5, 0x8B, 0x40, 0xC4, 0x36,
    0x40, 0xD7, 0xEA, 0x49, 0x29, 0x50, 0x8D, 0x5C, 0xA5, 0xB2, 0x99, 0x10, 0x78, 0xF6, 0xE4, 0xFA,
    0x33, 0x2D, 0x50, 0x12, 0x24, 0xA3, 0x01, 0xDD, 0x5A, 0xCB, 0x45, 0xDA, 0x52, 0xB4, 0x25, 0x82,
    0x25, 0x59, 0xA4, 0x2D, 0x9D, 0x15, 0x9F, 0x7C, 0x92, 0x36, 0x91, 0xC1, 0x64, 0xB5, 0x6B, 0xAB,
    0x7E, 0xA5, 0xB6, 0xF1, 0xB4, 0xB6, 0xFF, 0xEB, 0x21, 0x65, 0xBF, 0xCC, 0xE0, 0x26, 0x42, 0xB0,
    0xD8, 0x7F, 0x75, 0x2C, 0x92, 0xF7, 0x2C, 0xE3, 0x0A, 0x7A, 0x0A, 0x3B, 0x50, 0x83, 0xA8, 0xEA,
    0xAE, 0x45, 0x84, 0x39, 0xF9, 0x86, 0x33, 0x04, 0xBD, 0x9A, 0x98, 0x86, 0x3D, 0x8F, 0xAD, 0x86,
    0x21, 0x4C, 0x16, 0x33, 0x61, 0x13, 0x62, 0xD5, 0x14, 0x42, 0x9F, 0x4E, 0x11, 0x1B, 0xE6, 0xBB,
    0x27, 0xB7, 0xAB, 0xD7, 0xD7, 0x7A, 0xCF, 0xBF, 0x26, 0x88, 0x8E, 0xA7, 0xDA, 0x20, 0x6A, 0xF7,
    0x2F, 0x78, 0xE0, 0xDC, 0xAB, 0x64, 0x60, 0x10, 0xCA, 0xC0, 0x7F, 0xA6, 0xBC, 0xFE, 0xDF, 0xE7,
    0xDE, 0xB3, 0xD0, 0xE0, 0xFE, 0x9A, 0xD3, 0x43, 0x62, 0x4B, 0x62, 0x4C, 0x50, 0x6A, 0x71, 0xB9,
    0xD5, 0x74, 0xFD, 0x4E, 0x39, 0xAA, 0x62, 0x6F, 0xE4, 0x48, 0xF7, 0x38, 0xFE, 0xD7, 0x16, 0x5A,
    0x6C, 0xDE, 0x6E, 0xC9, 0xE4, 0x78, 0xF1, 0xDA, 0x9A, 0xA1, 0xD2, 0x65, 0xAF, 0x7B, 0x9A, 0xBC,
    0x6C, 0xFD, 0xE9, 0xDA, 0x20, 0x29, 0x85, 0x2D, 0xF8, 0x76, 0x17, 0x03, 0x09, 0xE0, 0xB7, 0xE6,
    0x06, 0xA2, 0x63, 0xCB, 0x26, 0xA2, 0xC1, 0xF6, 0x10, 0x5E, 0x14, 0x4B, 0x3E, 0x16, 0x38, 0xD0,
    0x4C, 0xF9, 0x88, 0x87, 0x91, 0xD2, 0x69, 0xC8, 0x28, 0x2B, 0x73, 0xE5, 0x40, 0xD5, 0x57, 0x6B,
    0x6C, 0x3E, 0x26, 0x1B, 0x27, 0xE6, 0x65, 0x86, 0x21, 0x77, 0xAF, 0x15, 0x89, 0x8C, 0x30, 0x08,
    0x19, 0x3A, 0xB7, 0xAF, 0x48, 0x1F, 0x61, 0x8C, 0x66, 0x42, 0x3A, 0x02, 0x2E, 0x84, 0xD3, 0x6B,
    0x6A, 0xE9, 0x46, 0x8C, 0x03, 0xCC, 0xA3, 0x9B, 0x00, 0xA3, 0x01, 0xC8, 0x80, 0x12, 0xF2, 0xAB,
    0xBE, 0x58, 0x60, 0x69, 0x0A, 0x2C, 0xC7, 0x76, 0x44, 0xFF, 0x7D, 0x74, 0x37, 0x0F, 0x57, 0x03,
    0x17, 0x22, 0xE8, 0x8C, 0xA7, 0x04, 0x91, 0x68, 0xDF, 0xE5, 0xAF, 0x9D, 0xFE, 0x19, 0x64, 0x0F,
    0x79, 0x74, 0xF7, 0xC1, 0x47, 0x6B, 0xAC, 0x38, 0x8C, 0xB4, 0xDB, 0xFD, 0x0D, 0x05, 0x4F, 0x5C,
    0x11, 0x44, 0xD9, 0x9E, 0x74, 0x92, 0xFB, 0x27, 0xDB, 0x17, 0x22, 0x43, 0x28, 0x63, 0x11, 0x3E,
    0x9C, 0xDD, 0x96, 0x30, 0x95, 0x4F, 0x09, 0x36, 0x66, 0xA3, 0x08, 0x65, 0xAD, 0x0C, 0x51, 0xB5,
    0xCC, 0xFF, 0x1A, 0x69, 0x49, 0x7D, 0x8D, 0xB4, 0x97, 0x8E, 0x60, 0x2C, 0xA1, 0x42, 0xAB, 0x21,
    0x35, 0x7B, 0x60, 0xC3, 0x25, 0x73, 0x07, 0xD7, 0x6C, 0x64, 0xB1, 0x33, 0x36, 0x95, 0x31, 0xB6,
    0x01, 0x91, 0xA8, 0xB2, 0x13, 0x51, 0x27, 0x91, 0xDA, 0x94, 0xDF, 0xEE, 0x5D, 0xF6, 0xC3, 0xA9,
    0x94, 0xA1, 0xF9, 0x5B, 0xD3, 0xF9, 0x4A, 0xE2, 0xCD, 0xD9, 0x4B, 0x94, 0x97, 0x8F, 0x16, 0x89,
    0xEA, 0xA9, 0xBB, 0x93, 0xBA, 0x54, 0x95, 0xD8, 0xD8, 0xB4, 0xCC, 0xE1, 0xD0, 0x24, 0xA3, 0x6B,
    0x09, 0xCA, 0xA7, 0x6B, 0x55, 0xED, 0x9A, 0x64, 0x6B, 0x8D, 0x9F, 0x5E, 0x22, 0x5D, 0x94, 0x5F,
    0xCC, 0x1A, 0x35, 0xA4, 0x75, 0x46, 0xCD, 0x4D, 0xFF, 0x6B, 0x0E, 0x85, 0xE4, 0x49, 0x83, 0x50,
    0xFE, 0x70, 0x87, 0xE3, 0x0E, 0xBF, 0x0C, 0xD7, 0xD7, 0xA7, 0x30, 0xF6, 0x4A, 0x94, 0x12, 0x23,
    0xC1, 0x3B, 0x39, 0xFD, 0x04, 0xD1, 0x93, 0x3C, 0xDC, 0xDD, 0xE9, 0x1C, 0xAA, 0x7F, 0x55, 0x0E,
    0x9D, 0xD5, 0x3E, 0x47, 0xDC, 0x06, 0xA8, 0x32, 0x48, 0xDD, 0x3A, 0x19, 0x60, 0x43, 0xB6, 0x89,
    0x1F, 0x7E, 0xB3, 0x95, 0xE1, 0x36, 0xF7, 0x0C, 0x8B, 0xC5, 0x2C, 0x6C, 0xCB, 0x89, 0xD7, 0xD5,
    0x8E, 0x31, 0xC8, 0x93, 0xE0, 0x06, 0x66, 0x2B, 0xA8, 0x8F, 0x94, 0x8B, 0xE3, 0xC5, 0xC6, 0x9C,
    0x90, 0xD1, 0x47, 0x29, 0x31, 0xE2, 0x78, 0x49, 0xA6, 0xEC, 0x95, 0xB8, 0xD3, 0x72, 0x6A, 0x3C,
    0x49, 0xED, 0x66, 0xE7, 0xA1, 0x05, 0xD7, 0xE1, 0xE3, 0x30, 0x22, 0x41, 0x8B, 0x4C, 0xE0, 0x8D,
    0xC3, 0x88, 0xC4, 0x1B, 0x24, 0x6D, 0xC9, 0xA4, 0x04, 0x2D, 0xB8, 0xCE, 0x1B, 0x86, 0xE8, 0x61,
    0xC0, 0x35, 0x61, 0x44, 0xEA, 0x10, 0xD0, 0xA2, 0x46, 0x07, 0x2D, 0xA9, 0xD5, 0xD0, 0xD2, 0xB0,
    0x75, 0x13, 0xAC, 0xE1, 0xB0, 0xFD, 0xEB, 0xE3, 0x90, 0x72, 0x77, 0xBB, 0x44, 0x59, 0xC9, 0x2D,
    0x4E, 0x59, 0x01, 0x32, 0xB2, 0x54, 0xD5, 0x8D, 0x65, 0xF9, 0x22, 0xF5, 0xCD, 0x14, 0x06, 0x86,
    0x8A, 0x89, 0xA6, 0xBA, 0x59, 0x9F, 0xDA, 0x90, 0xDB, 0x7B, 0x1B, 0xF2, 0x70, 0x7A, 0x43, 0x3E,
    0xFB, 0x0A, 0x6F, 0xDB, 0x0C, 0x3D, 0x72, 0x6B, 0xBB, 0xB6, 0x38, 0xE5, 0x28, 0xC7, 0x92, 0x64,
    0x22, 0x27, 0x46, 0x39, 0x1B, 0xD5, 0xF9, 0x7C, 0x7A, 0xCF, 0x3F, 0x6C, 0xFC, 0x87, 0x3F, 0x15,
    0x9A, 0xB6, 0x54, 0xDE, 0xF4, 0xB9, 0xFD, 0x6D, 0xD7, 0xC2, 0xF6, 0x09, 0xD9, 0x8D, 0x0D, 0xF4,
    0xBB, 0x7B, 0x05, 0x61, 0xB6, 0x86, 0x2F, 0x70, 0x4E, 0xBE, 0xBB, 0x89, 0x7C, 0x15, 0x5B, 0x34,
    0x9F, 0x8F, 0xB7, 0x78, 0x7A, 0x22, 0x59, 0xA3, 0xF6, 0xFE, 0x03, 0x31, 0x40, 0x0E, 0x7E, 0x68,
    0xF6, 0x18, 0x4F, 0xCD, 0x1E, 0xDD, 0x8F, 0x59, 0x79, 0x05, 0xFC, 0xA3, 0x32, 0x72, 0x4B, 0x33,
    0xEF, 0x1B, 0x0B, 0x3D, 0xC9, 0x12, 0x61, 0x40, 0x8C, 0x3A, 0x72, 0xAF, 0x81, 0x9A, 0xD8, 0xAE,
    0xDF, 0x35, 0xF9, 0x58, 0x8C, 0xD6, 0x16, 0x53, 0x39, 0xA8, 0xEF, 0x0D, 0x55, 0x7F, 0xF8, 0x69,
    0xDA, 0x06, 0xAC, 0xE5, 0xC5, 0xD0, 0x29, 0x24, 0xE5, 0x6C, 0x7C, 0x2F, 0x43, 0xE5, 0x51, 0x33,
    0x1B, 0xF1, 0x03, 0x20, 0x0C, 0x9B, 0x0D, 0x55, 0x21, 0x81, 0x2E, 0x5E, 0xAC, 0x85, 0xF7, 0x0C,
    0x31, 0x13, 0xF6, 0x22, 0x28, 0xDB, 0x20, 0x2C, 0x31, 0xE6, 0x29, 0x51, 0x8F, 0x59, 0xF6, 0x2D,
    0xCC, 0x6A, 0xDE, 0x83, 0xCC, 0xCA, 0x5A, 0xDC, 0xDE, 0x0E, 0x0E, 0x17, 0xA0, 0xAB, 0x36, 0x70,
    0x33, 0x74, 0x2D, 0xD6, 0x12, 0x09, 0x12, 0x4B, 0x46, 0x32, 0xB8, 0x28, 0x24, 0xB0, 0x5A, 0x1C,
    0xB9, 0x12, 0x55, 0x6D, 0x65, 0xAF, 0x99, 0xD5, 0x8F, 0xCE, 0xA1, 0x83, 0x66, 0x87, 0x38, 0x7C,
    0x07, 0xCB, 0xAE, 0x10, 0x44, 0x0B, 0xBA, 0xB2, 0x0E, 0x22, 0x58, 0xFC, 0xE9, 0x83, 0xE9, 0x3F,
    0x33, 0xDC, 0x79, 0xC7, 0x48, 0x21, 0xF6, 0xC6, 0x04, 0x4B, 0xB1, 0x57, 0x16, 0x60, 0x6E, 0x0F,
    0xD2, 0xB6, 0x17, 0xAC, 0xCC, 0x3C, 0x55, 0x96, 0xD9, 0x77, 0x65, 0x63, 0x12, 0x86, 0xDB, 0x80,
    0x67, 0xBF, 0x1B, 0xE2, 0x14, 0x10, 0xD6, 0x59, 0x23, 0xE0, 0x3E, 0xD9, 0x44, 0xB0, 0xC4, 0xC7,
    0xDA, 0x53, 0x5D, 0xE9, 0x5D, 0x5B, 0xCC, 0x78, 0xF1, 0xA6, 0x8C, 0xD9, 0xF8, 0x16, 0x41, 0x3A,
    0xA0, 0x49, 0xA6, 0x98, 0x0C, 0x60, 0x8D, 0xFD, 0xC5, 0x22, 0x3A, 0xE0, 0x2C, 0x63, 0x26, 0x86,
    0x2E, 0xBE, 0x80, 0x81, 0x30, 0x5E, 0xF0, 0x14, 0x74, 0xA6, 0xEC, 0x18, 0x54, 0x50, 0xBA, 0xC4,
    0x61, 0xE7, 0xD5, 0xE3, 0x2B, 0x2F, 0xFA, 0x7C, 0x4E, 0x4E, 0x5E, 0xF0, 0x38, 0xC4, 0xF2, 0xB8,
    0x0B, 0x7B, 0x71, 0x46, 0x8E, 0x93, 0x8A, 0x61, 0xEC, 0xBB, 0xDA, 0xDD, 0xBC, 0x7E, 0xE4, 0x20,
    0x98, 0xAB, 0x86, 0x62, 0x2E, 0xF7, 0xD1, 0xC6, 0x6F, 0x1F, 0x65, 0xFC, 0xF6, 0x80, 0xF1, 0xF3,
    0x47, 0x18, 0x9F, 0xE9, 0xF1, 0xDD, 0xF8, 0xED, 0xD7, 0x33, 0xBE, 0xDE, 0x8D, 0x27, 0x39, 0xC3,
    0x8B, 0xDD, 0xF0, 0x3D, 0x04, 0x8D, 0x7B, 0xF0, 0xC5, 0xF3, 0x00, 0xD7, 0xAB, 0x00, 0xD7, 0xB3,
    0x87, 0xCE, 0xE6, 0x59, 0x71, 0x76, 0xE5, 0x2D, 0xF8, 0xC0, 0xAC, 0x0A, 0x93, 0xCE, 0x63, 0xCE,
    0x13, 0x80, 0x9C, 0x14, 0x64, 0x3A, 0x1D, 0xF2, 0x74, 0x0B, 0x4C, 0x72, 0xAA, 0x9C, 0x5D, 0x31,
    0x66, 0x7C, 0xB7, 0x95, 0x7A, 0x3C, 0x5A, 0x70, 0x82, 0x39, 0xAC, 0x9C, 0x94, 0xC6, 0x36, 0xE4,
    0x10, 0xAC, 0x95, 0x7F, 0xFC, 0xA1, 0x69, 0x70, 0x0E, 0xB7, 0x56, 0xE1, 0x4E, 0x61, 0xD8, 0x42,
    0x3B, 0x08, 0x13, 0x21, 0xAF, 0xD1, 0xCA, 0x6B, 0x98, 0xA5, 0xC6, 0xE0, 0x53, 0x37, 0xF2, 0xF8,
    0x0A, 0xC5, 0x86, 0xD1, 0xB2, 0x82, 0x79, 0xCC, 0x7A, 0xA4, 0xBA, 0xD0, 0x48, 0x3D, 0x56, 0xFA,
    0xAB, 0x1A, 0x0E, 0x12, 0x46, 0x89, 0x10, 0x84, 0x52, 0x93, 0x56, 0x37, 0x3D, 0xE3, 0xA1, 0x5D,
    0xB3, 0x17, 0x6D, 0x60, 0x99, 0x35, 0xB7, 0x05, 0x32, 0xAF, 0x94, 0x36, 0x7F, 0xD8, 0x58, 0x80,
    0x6A, 0x27, 0x5E, 0x81, 0x8E, 0x03, 0x27, 0xE1, 0x4B, 0xCF, 0x87, 0x71, 0x76, 0x8E, 0x38, 0x63,
    0x34, 0xEC, 0x03, 0xC6, 0x2A, 0xDB, 0x97, 0xAD, 0x67, 0x28, 0x1A, 0xA3, 0x99, 0x9D, 0x0A, 0xBE,
    0xC9, 0xA4, 0x13, 0x7D, 0xD1, 0xC5, 0x67, 0x66, 0x71, 0x66, 0x01, 0xF4, 0xE7, 0xA5, 0x7B, 0x3B,
    0x5A, 0x33, 0xA4, 0x5A, 0xA2, 0x2F, 0xDB, 0x98, 0xBC, 0xC9, 0xD0, 0x61, 0x0B, 0x96, 0x31, 0xC0,
    0xAD, 0xF7, 0x9F, 0x31, 0x7E, 0xE7, 0x8A, 0xC3, 0xB3, 0xD4, 0x36, 0xE4, 0x58, 0x91, 0x48, 0x64,
    0xFA, 0xB1, 0x4D, 0xF2, 0x33, 0xD1, 0xC7, 0x67, 0xC9, 0xCC, 0x43, 0x7A, 0xEA, 0x19, 0xA7, 0x98,
    0xAF, 0xCA, 0xC9, 0xF1, 0xAF, 0x59, 0xE5, 0x80, 0x3C, 0xEA, 0x06, 0x87, 0xE4, 0xC3, 0x92, 0x05,
    0x92, 0x11, 0x06, 0xA6, 0xF1, 0x7E, 0x90, 0x2C, 0xA0, 0x42, 0xB2, 0xA4, 0x35, 0x36, 0x83, 0x4C,
    0x14, 0x17, 0x32, 0xD6, 0x7A, 0x4E, 0x80, 0x8B, 0x62, 0xCF, 0xA4, 0x6C, 0x16, 0x66, 0x65, 0x28,
    0x81, 0xF0, 0x6E, 0xAB, 0x03, 0x31, 0x12, 0xFB, 0xF5, 0xA4, 0x19, 0xF3, 0x13, 0x8F, 0xA4, 0xF6,
    0x77, 0x1B, 0xF9, 0x40, 0x44, 0xCA, 0x09, 0x54, 0x6B, 0x10, 0x56, 0x2A, 0x1A, 0xFE, 0x43, 0x54,
    0x0A, 0x4F, 0xCE, 0x64, 0x66, 0xC2, 0x28, 0x50, 0xBD, 0x75, 0xC2, 0xD8, 0x93, 0x17, 0xC9, 0x44,
    0x01, 0xE7, 0xA3, 0x30, 0x4C, 0xF0, 0xBF, 0x67, 0x75, 0x57, 0xBB, 0x66, 0x93, 0x35, 0xAE, 0x59,
    0x64, 0x0B, 0x61, 0xB4, 0x69, 0xDF, 0x1A, 0xA3, 0x0B, 0x67, 0xE8, 0x79, 0x1D, 0x61, 0xDA, 0xB4,
    0xDE, 0xDF, 0x7B, 0x68, 0x12, 0x27, 0x73, 0xB2, 0x28, 0x39, 0x53, 0xCA, 0x41, 0xFA, 0x4A, 0x92,
    0x91, 0x2D, 0x86, 0x45, 0x07, 0x81, 0x09, 0xDE, 0xB8, 0x7D, 0xAB, 0xAD, 0xEC, 0x6D, 0x6B, 0x4B,
    0xCB, 0x37, 0x59, 0x9D, 0xCE, 0xA7, 0xC7, 0xB8, 0x78, 0xFF, 0x02, 0x82, 0xDD, 0x30, 0x22, 0x01,
    0x32, 0xEA, 0xA6, 0xD4, 0x1D, 0x8A, 0xD8, 0xF3, 0xD0, 0xF2, 0x29, 0x59, 0xFD, 0x01, 0x53, 0xE1,
    0x6D, 0x9B, 0xC4, 0xF9, 0x25, 0x05, 0x76, 0x49, 0x3D, 0xFE, 0x53, 0x81, 0x40, 0x9F, 0x2C, 0x02,
    0x2D, 0x4F, 0x43, 0x11, 0x14, 0xE4, 0x22, 0x23, 0xF9, 0xB1, 0xD5, 0x61, 0xD6, 0x88, 0xE1, 0xE1,
    0xC4, 0xA7, 0x8B, 0xB0, 0xA3, 0x80, 0xD8, 0x14, 0xAD, 0xD9, 0x94, 0x4C, 0xE9, 0x94, 0x0F, 0xF9,
    0xC8, 0xD1, 0xA3, 0xBC, 0xCD, 0x10, 0x62, 0x43, 0x75, 0x45, 0x45, 0x54, 0xE7, 0x9A, 0xE3, 0x21,
    0xAA, 0xEA, 0xCB, 0x3B, 0x56, 0xB3, 0x4C, 0xCA, 0x2A, 0x9F, 0x24, 0x9D, 0x2E, 0x68, 0x36, 0xE0,
    0x6F, 0x73, 0xF9, 0x4F, 0xBA, 0x3A, 0x77, 0x4D, 0x4D, 0x89, 0x51, 0xD1, 0x0C, 0xB2, 0x1C, 0x1C,
    0x98, 0x44, 0xE8, 0x9E, 0x4D, 0xFB, 0x09, 0xDD, 0x8D, 0x6B, 0x6E, 0xAD, 0xD4, 0x95, 0x54, 0xB7,
    0x1C, 0x87, 0x18, 0xA7, 0xE1, 0xB4, 0x25, 0x44, 0xF1, 0xA8, 0xC2, 0xA9, 0xB3, 0xE5, 0xD0, 0x06,
    0x60, 0xD8, 0x3C, 0xA5, 0x11, 0xD9, 0x75, 0x0F, 0xE3, 0x74, 0xCA, 0x62, 0x4C, 0x7C, 0xD9, 0xA7,
    0x8B, 0xCA, 0x6B, 0xC6, 0x55, 0xDD, 0xB2, 0xAF, 0xEC, 0x95, 0x70, 0x75, 0x79, 0x77, 0x73, 0x54,
    0x74, 0x62, 0x43, 0xB0, 0xD1, 0x3D, 0x8D, 0x9F, 0x0A, 0xAD, 0xF5, 0xD1, 0x5A, 0xF6, 0xC9, 0x54,
    0xF0, 0x74, 0x9B, 0xF7, 0x9D, 0x2B, 0x5F, 0x17, 0x69, 0xB7, 0xC5, 0x14, 0xBD, 0x4F, 0x6C, 0x57,
    0x6D, 0x46, 0xDC, 0x14, 0x07, 0xD6, 0xA0, 0xBE, 0xB0, 0x11, 0x3F, 0x5D, 0xC4, 0xD1, 0xB6, 0x1B,
    0xCA, 0xBA, 0x19, 0x13, 0x9B, 0xAA, 0x98, 0x73, 0xD0, 0x5C, 0x89, 0x88, 0xFC, 0xA9, 0xE5, 0x46,
    0xDE, 0xD7, 0x67, 0xE2, 0xA3, 0xB5, 0x22, 0x4C, 0x77, 0xFD, 0x0D, 0x84, 0xAD, 0x04, 0x2D, 0x31,
    0xF3, 0x88, 0xFF, 0x36, 0x44, 0xFA, 0xA3, 0x15, 0x91, 0xBF, 0x71, 0xC7, 0xC7, 0xEE, 0x0F, 0xAB,
    0xF4, 0xFD, 0xAD, 0xA8, 0xBB, 0x35, 0x63, 0xD2, 0xB1, 0x25, 0xEF, 0xF1, 0x73, 0xC8, 0xD9, 0x6A,
    0xF6, 0x71, 0x2C, 0x92, 0xE9, 0xB2, 0x8D, 0x5D, 0x36, 0x39, 0xBA, 0x34, 0x24, 0x6D, 0x3E, 0x84,
    0x29, 0x40, 0x34, 0x17, 0x6B, 0x18, 0x71, 0x3E, 0xD5, 0xB5, 0x64, 0xF0, 0xE3, 0xBA, 0x4B, 0x11,
    0x5C, 0xFD, 0x9B, 0x31, 0x27, 0x13, 0x59, 0x4C, 0x67, 0x88, 0x3D, 0xC3, 0xB3, 0xA6, 0x87, 0x05,
    0xE7, 0xD6, 0x48, 0xD9, 0xEB, 0xB5, 0x77, 0xC6, 0x64, 0x6F, 0x02, 0xA4, 0xB3, 0xDA, 0x59, 0x36,
    0x51, 0xE3, 0x53, 0x31, 0x51, 0x13, 0x6A, 0x38, 0x43, 0x37, 0xD5, 0xE5, 0xEB, 0xBF, 0xF8, 0x45,
    0x5F, 0xDA, 0x5B, 0x26, 0x48, 0x8D, 0x72, 0x5B, 0x4E, 0x27, 0xEE, 0xC7, 0xC4, 0x6C, 0xFB, 0x69,
    0x4E, 0x9A, 0x7F, 0x24, 0xF8, 0xCF, 0x45, 0x40, 0x66, 0x44, 0x30, 0xC0, 0xF5, 0x9B, 0x51, 0xFE,
    0xB4, 0xC2, 0x5A, 0x6C, 0x11, 0x8B, 0x66, 0x2C, 0x5A, 0xB2, 0x68, 0x53, 0x0B, 0xBC, 0x88, 0x3F,
    0x9E, 0xC4, 0xF7, 0x5D, 0xC0, 0x04, 0xA9, 0xB1, 0x7F, 0x7C, 0xE0, 0x65, 0xD9, 0xCF, 0xD6, 0xC7,
    0xA4, 0xC3, 0xFE, 0x40, 0x85, 0xDA, 0xAC, 0xAE, 0x1C, 0x2A, 0x1F, 0x2A, 0x44, 0xF6, 0x86, 0x72,
    0xB8, 0x40, 0x9E, 0x4C, 0x27, 0x43, 0xF0, 0x8D, 0x46, 0xA5, 0xC8, 0x39, 0x36, 0xE6, 0x14, 0x9B,
    0x8C, 0x5A, 0x3F, 0x1D, 0x3A, 0x5C, 0xDD, 0x04, 0x2F, 0x8A, 0xFC, 0x92, 0x01, 0xBC, 0x92, 0x0B,
    0x9F, 0xBD, 0x91, 0xF8, 0x7F, 0xAA, 0x3C, 0x69, 0x31, 0x2B, 0xEB, 0xAA, 0x81, 0x91, 0x09, 0xF2,
    0xD5, 0x34, 0x1C, 0x59, 0xE3, 0x39, 0x69, 0x10, 0x64, 0xCA, 0x96, 0x0A, 0xCC, 0xBB, 0xA7, 0x6E,
    0xAB, 0x32, 0x2E, 0x7D, 0xFB, 0x6D, 0xF5, 0xC7, 0x67, 0xBE, 0xF3, 0x8C, 0xB0, 0xB8, 0x5D, 0xAA,
    0x4E, 0x8B, 0xB5, 0x6C, 0xDD, 0xF9, 0xDC, 0x57, 0xB5, 0xFB, 0x7C, 0x3E, 0x0B, 0x5F, 0x55, 0x72,
    0x7F, 0xEC, 0x33, 0x3E, 0x1F, 0x9B, 0xE7, 0xAA, 0x39, 0xEF, 0x1B, 0x5F, 0x4D, 0xC2, 0x89, 0x78,
    0x57, 0x2D, 0x69, 0xA2, 0x5B, 0x49, 0xB2, 0x7F, 0x9F, 0x26, 0x38, 0x07, 0xD3, 0xD1, 0x06, 0x40,
    0x77, 0x0C, 0xDD, 0xA4, 0x61, 0x80, 0xF4, 0xF8, 0xDA, 0xFE, 0x35, 0xEC, 0x94, 0x4D, 0x82, 0xFC,
    0x03, 0x71, 0x90, 0x8B, 0xE4, 0x21, 0xB7, 0x5A, 0xF5, 0x74, 0xB4, 0x9F, 0x31, 0xB5, 0x6A, 0x41,
    0x8F, 0xB6, 0x29, 0xB6, 0x4B, 0x0A, 0x52, 0xA6, 0xCA, 0x4B, 0x43, 0xE5, 0xA9, 0xD7, 0x54, 0xA7,
    0xAA, 0xAF, 0x18, 0xAB, 0x41, 0x5D, 0xE3, 0x58, 0x61, 0xE2, 0x88, 0x10, 0xBA, 0x03, 0x4B, 0x5C,
    0x90, 0x61, 0x9C, 0x6C, 0xB7, 0x4A, 0x81, 0xDA, 0x8C, 0x5E, 0x3F, 0x01, 0xBD, 0x0C, 0x63, 0x92,
    0x4F, 0xB6, 0x78, 0xCF, 0x83, 0x25, 0xC5, 0xB0, 0x0C, 0xC3, 0xF2, 0x5F, 0x66, 0xD8, 0x12, 0x0C,
    0x13, 0xA7, 0x50, 0x3A, 0x35, 0xA3, 0xB3, 0x3B, 0x0A, 0xEE, 0x57, 0xEF, 0xDA, 0xA2, 0x28, 0x7F,
    0x51, 0x1F, 0x5E, 0xB5, 0x42, 0xEE, 0x81, 0x49, 0x50, 0x8C, 0x5A, 0xAB, 0x18, 0xE8, 0xC9, 0x44,
    0x99, 0xF6, 0x25, 0xCA, 0x54, 0x2C, 0x8D, 0x1A, 0x84, 0xDC, 0xD2, 0x7A, 0xD6, 0x29, 0xD0, 0x9B,
    0x18, 0x8C, 0x08, 0x58, 0xBC, 0xEE, 0x5B, 0x7C, 0x66, 0x2F, 0x9D, 0x6C, 0xFB, 0x9F, 0xBB, 0x7A,
    0xE5, 0x81, 0x0E, 0x62, 0xD6, 0x26, 0x3E, 0x55, 0xC6, 0xB2, 0x79, 0x38, 0xA5, 0x11, 0xC5, 0x77,
    0xFF, 0xFD, 0x71, 0x57, 0x4D, 0x0D, 0x27, 0x5A, 0xD1, 0x77, 0xE8, 0x20, 0x70, 0x01, 0x1B, 0x6B,
    0xB6, 0xE4, 0x1E, 0x3E, 0x7C, 0xE3, 0x95, 0xBA, 0xA6, 0x1F, 0xD1, 0xF1, 0xBE, 0xBD, 0xE3, 0x25,
    0x5E, 0xB7, 0xCB, 0xB0, 0x97, 0x18, 0xC5, 0xB1, 0x26, 0xB8, 0x22, 0xF0, 0xF2, 0x43, 0xF4, 0xF3,
    0xAD, 0x39, 0x20, 0xAD, 0x30, 0x54, 0x0C, 0x4E, 0x30, 0x96, 0xFF, 0x5E, 0x0B, 0x86, 0xD2, 0x6A,
    0x81, 0x2A, 0x05, 0x3F, 0x5B, 0x06, 0x85, 0x3D, 0xAD, 0xD1, 0x9A, 0xAD, 0x09, 0xD6, 0xC4, 0x9B,
    0x3B, 0x67, 0x8C, 0xA2, 0x5D, 0x2D, 0x7F, 0x9B, 0x2F, 0xD0, 0x40, 0x5E, 0xF4, 0x82, 0x6F, 0x2E,
    0x82, 0xCB, 0xFA, 0x50, 0xF9, 0xE6, 0x24, 0xE0, 0x30, 0x59, 0xBC, 0xD7, 0x0A, 0xCC, 0x09, 0x56,
    0x60, 0x01, 0xA6, 0x7B, 0xDF, 0x98, 0xAB, 0xF4, 0x23, 0x4A, 0xE0, 0xFA, 0x0C, 0x51, 0xF8, 0xBD,
    0xC1, 0xDB, 0xB8, 0xEF, 0x95, 0x82, 0x12, 0x26, 0x6D, 0x83, 0xD7, 0x1B, 0x6C, 0xB7, 0x4F, 0xF0,
    0xFE, 0x7E, 0x96, 0x01, 0x52, 0xDB, 0xA0, 0x94, 0xAF, 0x97, 0xBA, 0xDB, 0x4A, 0xAF, 0xF2, 0xF2,
    0xAA, 0x5C, 0xFA, 0xC2, 0xA6, 0xCA, 0xAC, 0x4D, 0x6E, 0x38, 0x41, 0xE3, 0x36, 0x41, 0xB4, 0x56,
    0xBD, 0x6A, 0xAC, 0x1A, 0xC4, 0x5E, 0x31, 0xAD, 0xE5, 0x94, 0x31, 0xF7, 0xC6, 0xC6, 0xEA, 0x4F,
    0x72, 0x32, 0x8D, 0x31, 0x2F, 0x99, 0x01, 0xD9, 0xF8, 0x5B, 0xE8, 0x61, 0x2B, 0x0D, 0x0E, 0xA4,
    0x6C, 0xA3, 0xEE, 0x8C, 0x2A, 0x91, 0xEF, 0x5E, 0xC6, 0xD4, 0x7A, 0x13, 0xBC, 0xC3, 0xF0, 0xF7,
    0xD3, 0x91, 0x8E, 0xD5, 0x62, 0x4B, 0x38, 0xE3, 0xEC, 0x59, 0x60, 0xD8, 0x08, 0x94, 0x4A, 0x98,
    0xDF, 0xBD, 0x41, 0xEA, 0xF8, 0xD2, 0xDA, 0x66, 0x2A, 0xC8, 0x45, 0x65, 0xF4, 0x63, 0x0F, 0xA1,
    0xBD, 0xFD, 0x7C, 0xB8, 0xD7, 0xDE, 0x5A, 0xB5, 0xB7, 0x5B, 0xAD, 0xD2, 0x3B, 0x6F, 0xD1, 0xDC,
    0xEF, 0x50, 0x92, 0xF0, 0x86, 0xAA, 0x97, 0x29, 0x29, 0x0E, 0xE5, 0x68, 0x43, 0xD1, 0x39, 0x1F,
    0xFB, 0x13, 0x45, 0x6A, 0x8D, 0x82, 0x0C, 0x28, 0xF8, 0xC6, 0xC0, 0xF8, 0x82, 0x49, 0xE0, 0xBE,
    0xF1, 0x25, 0x18, 0x2F, 0x60, 0x5C, 0x89, 0x42, 0xA8, 0x80, 0x6D, 0x9F, 0x25, 0x23, 0x5C, 0x90,
    0x2B, 0x9F, 0x2C, 0x7C, 0xB4, 0x26, 0x4B, 0xA5, 0x94, 0xCB, 0xA6, 0x73, 0x7A, 0x95, 0x4F, 0x91,
    0x4F, 0xE6, 0x7C, 0x8C, 0x3D, 0x33, 0x81, 0x96, 0x9E, 0x0A, 0x4D, 0x15, 0xEC, 0xB1, 0x7A, 0x35,
    0x54, 0x2D, 0x35, 0xDF, 0x69, 0x33, 0xEA, 0x5E, 0xB3, 0xBA, 0x78, 0xCD, 0x9E, 0xB2, 0x3F, 0x29,
    0xDF, 0xB4, 0x2F, 0x35, 0xFF, 0x58, 0x5A, 0xB3, 0x55, 0xEA, 0xC7, 0xD5, 0x52, 0x2D, 0xF9, 0x5C,
    0x8C, 0x68, 0x8E, 0xDC, 0x43, 0xD3, 0xF2, 0xA7, 0x25, 0x5A, 0xBE, 0x71, 0x9F, 0x16, 0x8F, 0x96,
    0xF2, 0x39, 0x69, 0xD9, 0x0F, 0x37, 0xFE, 0x80, 0x11, 0x28, 0xDE, 0xC1, 0xB3, 0xAD, 0xF6, 0xD2,
    0x3A, 0x33, 0x1B, 0x4B, 0xDD, 0xD5, 0xC5, 0xA6, 0x3E, 0xAF, 0x87, 0xAA, 0x74, 0x72, 0x8F, 0x17,
    0xFF, 0x51, 0x53, 0xEC, 0xCE, 0x6E, 0x2F, 0xB2, 0x47, 0xAC, 0x46, 0xBA, 0xF9, 0x49, 0x96, 0x68,
    0xD3, 0x68, 0xCD, 0x50, 0x5B, 0xC2, 0x59, 0x4D, 0x15, 0x87, 0x5E, 0xAB, 0x9E, 0x02, 0x8D, 0x55,
    0x7F, 0x6E, 0x05, 0x63, 0xCF, 0x7C, 0x93, 0x08, 0xBB, 0x3A, 0x39, 0xFA, 0x9E, 0x33, 0x26, 0xA2,
    0xDA, 0x5C, 0xB6, 0xD9, 0x6B, 0x9B, 0x82, 0x5E, 0x7C, 0x7F, 0x15, 0xE6, 0x2A, 0x72, 0x4D, 0x58,
    0xEF, 0x82, 0xE5, 0x1B, 0x7E, 0xCA, 0xEF, 0x74, 0x5F, 0x64, 0x8C, 0x58, 0x53, 0xFA, 0xCA, 0x98,
    0x6C, 0xFB, 0x60, 0x26, 0x2D, 0xE8, 0x40, 0x03, 0xEB, 0xB3, 0x7A, 0xC2, 0x7D, 0xF4, 0x0A, 0xEB,
    0xB6, 0x5A, 0x55, 0x73, 0x1A, 0x3F, 0xD9, 0xA8, 0xF5, 0x74, 0xAB, 0xCD, 0x1D, 0xF1, 0xFD, 0x15,
    0x83, 0xE9, 0xCC, 0x2A, 0xA1, 0x06, 0x2B, 0x73, 0x61, 0x74, 0xD0, 0xCC, 0xD2, 0x8B, 0x6D, 0xB8,
    0xE0, 0x66, 0xAC, 0xC5, 0xE3, 0xCF, 0x5D, 0x9F, 0xC8, 0x8E, 0xC7, 0x5D, 0x79, 0xDF, 0xE8, 0xB0,
    0x1C, 0x46, 0x87, 0xA7, 0xF5, 0x8B, 0x25, 0x85, 0xB5, 0x6C, 0x2D, 0x36, 0x9C, 0xDB, 0x54, 0xAB,
    0x53, 0xB4, 0xA5, 0xC4, 0x6E, 0x65, 0x07, 0x89, 0x7D, 0x31, 0x68, 0x76, 0x94, 0x96, 0x80, 0x6A,
    0xBD, 0x9B, 0x62, 0xA6, 0xDE, 0x5B, 0xB5, 0x34, 0x5F, 0xDA, 0xAE, 0x70, 0x30, 0xDA, 0x94, 0xB1,
    0xED, 0xE6, 0xC6, 0x78, 0x4A, 0x5F, 0x64, 0x8F, 0x04, 0x3E, 0x75, 0xD1, 0xE1, 0x17, 0x35, 0x4B,
    0x5F, 0xFA, 0x1B, 0xB9, 0x6C, 0xF8, 0xBC, 0x26, 0x00, 0x65, 0x6D, 0x5F, 0x9C, 0x68, 0xD9, 0x82,
    0x12, 0xA8, 0x48, 0xEB, 0x1B, 0xF9, 0xF7, 0xDD, 0x5F, 0xFA, 0xE2, 0x87, 0x75, 0x37, 0x97, 0xE6,
    0x14, 0x57, 0xBE, 0x4B, 0x2E, 0x98, 0x9D, 0x22, 0x17, 0xAE, 0x8C, 0x58, 0xB5, 0x78, 0x88, 0xD7,
    0x81, 0x43, 0x65, 0x49, 0x28, 0xA4, 0x87, 0x34, 0x18, 0x72, 0x15, 0xDF, 0xD4, 0x83, 0x6F, 0xC9,
    0xAB, 0x6F, 0x4F, 0xEE, 0xF7, 0x13, 0xFC, 0x7A, 0x78, 0xEB, 0x9F, 0x81, 0x9A, 0xDE, 0xE5, 0xBA,
    0xCF, 0x74, 0x0C, 0x7E, 0x2F, 0xD6, 0x9C, 0xE6, 0x74, 0xF7, 0x6E, 0x73, 0x6C, 0xF1, 0x75, 0xEC,
    0x39, 0x01, 0xD8, 0x92, 0xDC, 0x35, 0x9F, 0xD8, 0x1B, 0x3E, 0x35, 0x15, 0x98, 0xB8, 0xCB, 0x17,
    0xDD, 0xB3, 0x86, 0x65, 0xBD, 0x5B, 0x8E, 0x2A, 0xBC, 0x21, 0x9D, 0x29, 0x2D, 0x02, 0xD2, 0xC0,
    0x94, 0xC2, 0x8E, 0xE6, 0x88, 0x74, 0x25, 0x35, 0xA5, 0x17, 0x3D, 0xF1, 0xD1, 0xBE, 0x79, 0x64,
    0xB4, 0x50, 0x9E, 0xD1, 0xDD, 0x9D, 0x54, 0xD5, 0xE4, 0xC2, 0xF5, 0x90, 0x86, 0x7F, 0x0E, 0x21,
    0x28, 0xED, 0xD8, 0x06, 0xAE, 0x0F, 0xE9, 0x12, 0x2B, 0x79, 0x42, 0xC8, 0xF6, 0x2C, 0xAD, 0x7E,
    0x70, 0x41, 0x56, 0x62, 0x45, 0xC2, 0x91, 0xAC, 0x2D, 0xD1, 0xC7, 0x3C, 0x13, 0xD2, 0x74, 0x1F,
    0x55, 0xDA, 0xC0, 0xF3, 0x33, 0x2A, 0xC6, 0xB8, 0x4E, 0x28, 0x1B, 0x74, 0x18, 0xE9, 0xE2, 0xE5,
    0xCA, 0xC6, 0x3F, 0x5C, 0xE1, 0xD8, 0x21, 0x75, 0x1F, 0x2B, 0x15, 0x19, 0x1C, 0xB4, 0xC6, 0x3E,
    0x6D, 0x57, 0x18, 0x1F, 0xC9, 0x7E, 0x99, 0xFF, 0xB5, 0xD0, 0xDE, 0x71, 0x43, 0x9A, 0xBE, 0xAA,
    0x07, 0x67, 0xC7, 0xB8, 0x44, 0x07, 0x67, 0xCF, 0xAF, 0x98, 0x25, 0xF0, 0xB7, 0xFB, 0x73, 0x27,
    0x0A, 0xBA, 0x85, 0x63, 0x2D, 0xEB, 0x40, 0xDA, 0x52, 0xBC, 0xEB, 0xCB, 0x37, 0x96, 0x8F, 0xC7,
    0x72, 0xE4, 0xD7, 0x5F, 0x87, 0xEB, 0x06, 0x46, 0xB3, 0x1D, 0x9D, 0xEC, 0x4B, 0x2F, 0x1D, 0xF6,
    0xD7, 0x6E, 0x72, 0x11, 0xCE, 0x3D, 0x43, 0x49, 0x9F, 0xDC, 0x45, 0x18, 0x48, 0x42, 0x5C, 0xB9,
    0x5B, 0x98, 0xA7, 0x29, 0x39, 0x9C, 0xE2, 0x8E, 0x0E, 0xFD, 0xE4, 0x33, 0x9A, 0x2B, 0x5E, 0xB8,
    0x34, 0xF2, 0x6D, 0xAF, 0xA8, 0xD3, 0xD6, 0xA2, 0x3C, 0x24, 0x20, 0x35, 0x4E, 0xC0, 0x0B, 0x3B,
    0x3B, 0x46, 0xB0, 0x84, 0x46, 0xE1, 0x5A, 0x9F, 0x9C, 0x1A, 0x76, 0xC7, 0xB1, 0xFB, 0x1C, 0xD3,
    0xB0, 0x31, 0xCF, 0xF6, 0x6A, 0x9B, 0x9A, 0x87, 0xD5, 0x38, 0x19, 0x88, 0x23, 0xA5, 0x35, 0xAD,
    0xF3, 0xB3, 0x37, 0x62, 0xB5, 0xF6, 0xCA, 0xC7, 0x6A, 0xA0, 0xCC, 0xBE, 0xD6, 0x57, 0x83, 0x53,
    0x85, 0x62, 0xFC, 0xA1, 0x8D, 0x46, 0x1B, 0x3A, 0xF0, 0xEC, 0xDC, 0x46, 0x71, 0x46, 0x01, 0xB5,
    0x35, 0x60, 0x64, 0x7A, 0xE7, 0x7B, 0xF2, 0x5C, 0x57, 0x2D, 0xDC, 0xAC, 0x4F, 0x8F, 0xAF, 0x6B,
    0x43, 0xD1, 0x08, 0x34, 0xE8, 0x67, 0xDA, 0x91, 0xE1, 0x4E, 0x8D, 0x54, 0xE3, 0x4F, 0x6A, 0xCA,
    0x2D, 0x1A, 0xA9, 0x0B, 0x63, 0x31, 0xB5, 0x43, 0xF1, 0x84, 0x04, 0x0B, 0xE5, 0x43, 0xFD, 0x38,
    0x0A, 0x08, 0xE8, 0x1D, 0x25, 0x04, 0x25, 0xB5, 0xD4, 0xB1, 0x73, 0xFA, 0x4E, 0x69, 0x75, 0x6C,
    0x02, 0xD5, 0x91, 0x3E, 0x9B, 0x30, 0x55, 0x32, 0x2B, 0x2F, 0x04, 0x8D, 0x09, 0xAC, 0x98, 0x08,
    0x1C, 0x1B, 0xDB, 0xFF, 0x74, 0x73, 0xF5, 0xC0, 0x76, 0x53, 0xDB, 0x79, 0x4B, 0x72, 0x7C, 0x5E,
    0xD0, 0x3C, 0xE4, 0xE2, 0xE5, 0x0D, 0xE3, 0xBC, 0x58, 0xAF, 0xA0, 0xF1, 0x0C, 0xA0, 0x96, 0xC2,
    0xBE, 0xDA, 0x0E, 0x93, 0x50, 0xDA, 0x05, 0x0C, 0x25, 0x4D, 0x0A, 0x33, 0x99, 0xE0, 0xC9, 0x0C,
    0x05, 0x05, 0xB6, 0x14, 0x32, 0x19, 0x0A, 0x0A, 0x6E, 0x95, 0xC6, 0x05, 0x2E, 0x68, 0x82, 0x0B,
    0x17, 0xA1, 0x34, 0x96, 0x48, 0x43, 0x41, 0x11, 0xD9, 0x30, 0x43, 0x41, 0x61, 0x81, 0x3D, 0x78,
    0x42, 0x0A, 0x6F, 0x40, 0xC6, 0xBA, 0x46, 0x47, 0xFB, 0xED, 0xEF, 0x5B, 0x67, 0xDF, 0x73, 0xCE,
    0x5C, 0x5F, 0x8C, 0xF1, 0xB9, 0x3F, 0x70, 0x98, 0xFB, 0xED, 0x53, 0xE0, 0x23, 0xAD, 0xA5, 0xAD,
    0xBD, 0xD6, 0xFE, 0xD6, 0xB7, 0x76, 0xDE, 0xB8, 0x90, 0x9A, 0xD7, 0xB9, 0x05, 0x8C, 0xAA, 0xD0,
    0x3E, 0xA4, 0xFA, 0xC2, 0x41, 0xAF, 0xC4, 0xD5, 0x2A, 0xF2, 0xC2, 0x4C, 0x61, 0x6E, 0x8F, 0xCC,
    0x09, 0xF7, 0x9D, 0xDB, 0xCC, 0x78, 0x56, 0x61, 0xD2, 0x0A, 0x51, 0xE5, 0xF9, 0xF6, 0xD1, 0x53,
    0xC6, 0x9E, 0x09, 0xDA, 0xD9, 0x0D, 0x22, 0x14, 0x5D, 0xA9, 0x7A, 0x16, 0x2F, 0x57, 0xE7, 0xE0,
    0x0B, 0x33, 0x4B, 0xCC, 0x0E, 0x72, 0x8D, 0xD9, 0xFD, 0xFC, 0x74, 0xD5, 0xF6, 0xFE, 0xB7, 0xBB,
    0xEE, 0x09, 0x03, 0x67, 0x03, 0x22, 0x3A, 0x9B, 0x6F, 0x4E, 0xE9, 0x3D, 0x7C, 0xF8, 0x7D, 0x96,
    0xC5, 0x3A, 0x25, 0x6B, 0x5E, 0x38, 0x15, 0xFA, 0xB9, 0xC9, 0x28, 0x29, 0xBC, 0x38, 0x5E, 0xAA,
    0xF3, 0xB8, 0x4F, 0xCA, 0xE3, 0x6E, 0x5E, 0xEB, 0xA7, 0x12, 0xF3, 0xB8, 0x9F, 0x29, 0xF7, 0x4E,
    0xCD, 0xE2, 0x21, 0x78, 0x18, 0xC4, 0x06, 0xE3, 0x09, 0x56, 0x07, 0x55, 0xE9, 0xC0, 0xEA, 0xC4,
    0xC0, 0x8A, 0x36, 0x74, 0x8C, 0x62, 0x99, 0x09, 0xA3, 0x28, 0x35, 0x42, 0xC6, 0xB8, 0x53, 0x78,
    0xC5, 0xE2, 0x01, 0xB6, 0xE7, 0x7C, 0xC5, 0x2C, 0x6B, 0x77, 0xDF, 0x4E, 0x81, 0x1F, 0x61, 0x76,
    0xD9, 0x70, 0x78, 0x45, 0x45, 0x23, 0xE2, 0x36, 0x28, 0xBF, 0xCA, 0x2D, 0xBF, 0x13, 0x93, 0x98,
    0xB8, 0x8B, 0x8D, 0xB3, 0x1E, 0x7F, 0x2D, 0x30, 0x6D, 0xD2, 0x36, 0x76, 0xF9, 0x45, 0xD6, 0x44,
    0x76, 0x84, 0x83, 0x61, 0x0D, 0xCD, 0xDB, 0xBE, 0x16, 0x5A, 0xCF, 0x6B, 0xA1, 0xAC, 0x82, 0x82,
    0xBA, 0xB5, 0x7C, 0x45, 0xDC, 0xAD, 0xDE, 0x7B, 0xFF, 0x7D, 0xF2, 0x4B, 0x76, 0x13, 0x5B, 0xAC,
    0x73, 0x0E, 0xA3, 0x11, 0x38, 0xD9, 0xAC, 0x85, 0x76, 0xFC, 0x32, 0xFD, 0xA9, 0x5A, 0xE8, 0xF2,
    0x4E, 0xF5, 0x65, 0xF7, 0xE8, 0x66, 0x1C, 0x51, 0x13, 0xB9, 0x72, 0xDD, 0xC5, 0x01, 0x0C, 0x68,
    0xFE, 0xCD, 0xA5, 0x8E, 0xF9, 0x64, 0x99, 0x82, 0xC7, 0xDA, 0xBA, 0x53, 0x65, 0x86, 0x88, 0x60,
    0x53, 0xA0, 0xC0, 0x1C, 0x58, 0x33, 0xC1, 0xED, 0xA3, 0x10, 0x11, 0x6F, 0x34, 0xD1, 0x88, 0x78,
    0x14, 0xD2, 0x74, 0xBC, 0xA8, 0x5C, 0x49, 0xAF, 0x10, 0x07, 0x20, 0x77, 0x1F, 0xD5, 0x73, 0xE4,
    0x5F, 0x9F, 0x6F, 0x81, 0xEF, 0x50, 0x06, 0xF4, 0x6E, 0x09, 0xBC, 0xED, 0x6B, 0x51, 0xDC, 0x12,
    0xF9, 0xB9, 0x8A, 0xA7, 0x0C, 0x6C, 0x17, 0xB3, 0x85, 0x40, 0xA7, 0x90, 0x79, 0xE7, 0x28, 0x08,
    0xFF, 0x11, 0x74, 0x41, 0xC0, 0x3C, 0xC8, 0x46, 0xC6, 0x41, 0xD2, 0x38, 0x48, 0x4B, 0x07, 0xB8,
    0x81, 0xF1, 0xB2, 0xAF, 0xE0, 0x59, 0x03, 0x68, 0x00, 0xA4, 0x11, 0x29, 0x11, 0x50, 0xF2, 0xF9,
    0x35, 0x6B, 0x37, 0x3E, 0x93, 0xBA, 0xFB, 0x20, 0x75, 0x77, 0x78, 0x0E, 0xF7, 0x2D, 0x83, 0xE1,
    0x30, 0x99, 0x0D, 0xCD, 0x2C, 0xEE, 0x72, 0x98, 0x94, 0xBB, 0xC0, 0x4E, 0x7D, 0x59, 0xBA, 0x95,
    0xE0, 0xD6, 0x7C, 0x25, 0xA8, 0x93, 0x3E, 0xB2, 0x5A, 0x69, 0x59, 0x59, 0x8F, 0xFB, 0x52, 0x4B,
    0xC0, 0x95, 0xA1, 0x79, 0x50, 0x45, 0xE1, 0x22, 0xAA, 0x07, 0x7C, 0x79, 0x5E, 0xDE, 0x38, 0xB5,
    0xAA, 0x8A, 0xC2, 0x2B, 0xB0, 0x16, 0x4B, 0x88, 0x7B, 0xAE, 0x96, 0x0B, 0x3F, 0x63, 0x7F, 0x81,
    0x39, 0x8E, 0x47, 0x89, 0x05, 0xC9, 0xA7, 0x0E, 0x5F, 0xBF, 0xE7, 0x2E, 0x35, 0xA2, 0x94, 0xA2,
    0xF3, 0x12, 0xFF, 0x65, 0x65, 0x8E, 0x6F, 0xBA, 0xD0, 0xF9, 0xD7, 0xE3, 0x3C, 0x51, 0x3A, 0xA4,
    0xB6, 0x2B, 0xF3, 0x4F, 0x50, 0xE6, 0x0F, 0x47, 0x07, 0xCE, 0x87, 0xA2, 0xA7, 0xBE, 0x73, 0x03,
    0x65, 0xFE, 0xBB, 0x3D, 0x26, 0x81, 0xC1, 0x6F, 0x97, 0x2A, 0xE7, 0x7A, 0x76, 0xEF, 0x0C, 0x0B,
    0x5E, 0x28, 0xCD, 0x1C, 0xD8, 0xB6, 0xCC, 0xFF, 0xD3, 0x3C, 0xCF, 0xB0, 0x85, 0xE7, 0xB9, 0xEA,
    0x8C, 0xC9, 0x3E, 0x39, 0xE9, 0x3C, 0xF5, 0xF1, 0xF5, 0xDA, 0x05, 0x0B, 0xA4, 0xDD, 0xB7, 0x10,
    0x4A, 0x58, 0x53, 0xA9, 0x7A, 0xF0, 0x3C, 0xC7, 0xC0, 0xF3, 0x3C, 0x8D, 0x25, 0xF8, 0x89, 0xFB,
    0xF3, 0x3C, 0x3E, 0x2E, 0xA7, 0x80, 0x7C, 0xF3, 0x45, 0x12, 0xF9, 0xA4, 0xC0, 0xC4, 0xBA, 0xF5,
    0x9C, 0x44, 0xC1, 0x64, 0x59, 0x01, 0xBF, 0x1A, 0x9D, 0x61, 0x68, 0x66, 0x64, 0x06, 0xF2, 0xA0,
    0x3E, 0xB2, 0x16, 0x54, 0x47, 0x7D, 0xB0, 0xBA, 0xB9, 0xCC, 0x32, 0x31, 0xB1, 0xD3, 0x4B, 0x89,
    0xDD, 0xBF, 0x82, 0xD4, 0x82, 0xAD, 0x9D, 0x1B, 0x91, 0xD4, 0xFE, 0x7C, 0x91, 0x64, 0x3B, 0xBF,
    0x79, 0x5C, 0x11, 0x09, 0x7D, 0xFB, 0x90, 0x37, 0x8F, 0xAD, 0x80, 0x9D, 0x22, 0x04, 0xA8, 0xD4,
    0x6D, 0x05, 0x7E, 0x8F, 0xBB, 0xD3, 0x95, 0x0A, 0x6E, 0x8C, 0x5C, 0xA5, 0x42, 0x6E, 0x61, 0xB4,
    0xCA, 0x3F, 0xAF, 0x5D, 0x06, 0xF6, 0x0F, 0xAA, 0x28, 0x33, 0x55, 0x7C, 0xE3, 0x89, 0xEA, 0x75,
    0xCE, 0xAC, 0x2D, 0x6A, 0x55, 0x4B, 0xB5, 0x6A, 0x80, 0xFB, 0x0C, 0x7A, 0x80, 0x59, 0xF4, 0x34,
    0x48, 0x3C, 0x26, 0x72, 0x19, 0x6B, 0xE5, 0x6D, 0x8A, 0x72, 0x53, 0x8C, 0x2C, 0xC8, 0x99, 0x55,
    0x00, 0xAA, 0xD2, 0x01, 0xD4, 0xF1, 0x6E, 0x39, 0x89, 0x51, 0xD0, 0x49, 0xB0, 0x96, 0xF9, 0x06,
    0x19, 0x5A, 0x14, 0xFD, 0x9B, 0x15, 0xF9, 0x85, 0x10, 0xBF, 0xE1, 0xA8, 0x7D, 0x55, 0xD4, 0xA4,
    0xEE, 0x2F, 0x18, 0x23, 0x13, 0x4C, 0x43, 0x13, 0x0E, 0x61, 0xC3, 0x0D, 0x78, 0x7F, 0x8A, 0x0D,
    0x24, 0x31, 0x37, 0xBA, 0x45, 0x4B, 0x1E, 0xAE, 0x45, 0x80, 0x8C, 0x4D, 0x86, 0x9D, 0x55, 0xE9,
    0x69, 0xC1, 0x94, 0x0F, 0x29, 0x6A, 0x2A, 0x85, 0xAC, 0x94, 0xC9, 0xDB, 0x95, 0x5F, 0xB5, 0x20,
    0xB2, 0x45, 0x5E, 0xE9, 0xB9, 0xA4, 0xB9, 0x16, 0xC1, 0xE7, 0xB4, 0x3E, 0xAB, 0xE4, 0xE7, 0x19,
    0xFF, 0xE5, 0xA9, 0x5D, 0xAB, 0x9C, 0x58, 0xA9, 0x9C, 0xBC, 0xCB, 0x69, 0xEF, 0xEF, 0x24, 0x5F,
    0x1A, 0x0A, 0x62, 0x34, 0x13, 0xF1, 0x5F, 0xD8, 0x09, 0x5D, 0xE7, 0xF4, 0xFE, 0xBA, 0x4E, 0xE6,
    0xE0, 0x91, 0x07, 0x6E, 0x5B, 0x23, 0xBE, 0x44, 0x1B, 0xAB, 0xA8, 0xF1, 0xA4, 0xF0, 0x8B, 0x9B,
    0x5A, 0x99, 0x2C, 0xF8, 0xF1, 0xC0, 0xC0, 0xE6, 0xAD, 0xC4, 0x8C, 0x1F, 0x58, 0xE0, 0x1D, 0x58,
    0xDE, 0xC5, 0x2B, 0x15, 0x0E, 0x4F, 0x3A, 0x9B, 0x26, 0x86, 0x33, 0xA2, 0xC6, 0xFA, 0x95, 0x69,
    0xBC, 0x56, 0x6B, 0xCA, 0xE1, 0x9D, 0x05, 0xA9, 0xA3, 0xDD, 0x2A, 0x75, 0xAC, 0xB6, 0x4A, 0x1D,
    0xBB, 0xAD, 0x52, 0xC7, 0x5A, 0x04, 0x09, 0x44, 0x35, 0xC7, 0xB3, 0x0B, 0x02, 0xF9, 0xD7, 0x56,
    0xB2, 0xF5, 0x19, 0xB1, 0xF5, 0xA1, 0xDB, 0xA7, 0xA2, 0xC4, 0xF7, 0x70, 0x0E, 0xF0, 0xA1, 0xAF,
    0xD4, 0x87, 0xB3, 0xD5, 0xFD, 0x28, 0x97, 0xFB, 0x90, 0xCA, 0x8F, 0x06, 0xF9, 0xF8, 0x04, 0x34,
    0x00, 0x67, 0x45, 0xF1, 0x8F, 0x7C, 0xD0, 0x9C, 0x6C, 0x1B, 0xD7, 0x3A, 0xBC, 0x63, 0x3F, 0x7C,
    0x4C, 0xBE, 0xFA, 0xBB, 0xFF, 0xAD, 0x31, 0xDC, 0xBD, 0xAD, 0xE9, 0x19, 0xF8, 0x01, 0x6A, 0x09,
    0x26, 0x77, 0x9F, 0x9F, 0xA9, 0x31, 0x7C, 0x92, 0xB6, 0x54, 0x61, 0x25, 0xCC, 0x01, 0xFF, 0x83,
    0xFB, 0xAD, 0x4A, 0x74, 0xDC, 0x56, 0x47, 0x22, 0x99, 0xC3, 0x55, 0x53, 0xD0, 0x8C, 0x8D, 0xB0,
    0x1A, 0xAD, 0xC4, 0x1B, 0x9F, 0xF8, 0x8D, 0x2A, 0x91, 0xC4, 0x0F, 0xF5, 0x9B, 0xD6, 0xAD, 0x3A,
    0xCE, 0xAD, 0xC3, 0x8D, 0x46, 0x85, 0xC3, 0x75, 0xAD, 0xA2, 0xF1, 0x36, 0xFC, 0x00, 0x6E, 0xE5,
    0xAE, 0xCB, 0x2A, 0xE3, 0xBB, 0x27, 0x6B, 0x77, 0x43, 0x27, 0x1B, 0x9D, 0x98, 0xF8, 0xBB, 0x36,
    0x6D, 0x23, 0xDB, 0x20, 0x39, 0xC7, 0x73, 0x91, 0xD2, 0xD3, 0x83, 0x94, 0xAE, 0x17, 0x47, 0x6C,
    0xA7, 0xAC, 0x7D, 0xBB, 0x41, 0xD2, 0x91, 0xCC, 0x95, 0xAE, 0x1B, 0x97, 0x57, 0xAB, 0x74, 0x0D,
    0xB8, 0xC0, 0xF2, 0x4F, 0x5E, 0xC1, 0x2B, 0xCC, 0x45, 0xFE, 0x90, 0xD9, 0x8F, 0xA6, 0x99, 0x7D,
    0x7B, 0x0C, 0x87, 0x6C, 0x1A, 0xF6, 0x85, 0x8A, 0xBA, 0x5E, 0x45, 0xDF, 0xB7, 0x6A, 0xF2, 0x23,
    0x32, 0xFD, 0x56, 0x25, 0xEE, 0xC9, 0x27, 0xDF, 0xF7, 0x2A, 0xFD, 0x6A, 0x38, 0x90, 0x5D, 0x1D,
    0x8F, 0x67, 0x8D, 0x1D, 0xDC, 0xE5, 0xBB, 0xBC, 0xCC, 0xE6, 0xF9, 0xD4, 0x69, 0xF6, 0x0D, 0xBA,
    0xAB, 0xA6, 0x5C, 0xB0, 0xA9, 0x61, 0xC9, 0x47, 0xAA, 0x58, 0xC6, 0xDF, 0x41, 0xC7, 0x12, 0xF6,
    0x54, 0xB2, 0x60, 0xAA, 0x3F, 0xC1, 0xB9, 0x8E, 0x67, 0x9C, 0x91, 0xE0, 0x40, 0x51, 0x42, 0xF4,
    0x77, 0x3E, 0x9A, 0x20, 0x72, 0xCB, 0xC3, 0x6D, 0x8B, 0x92, 0x96, 0xE7, 0x35, 0x4D, 0xE7, 0x15,
    0xA1, 0x27, 0x61, 0xD0, 0x48, 0x7A, 0xE6, 0x2A, 0x13, 0x11, 0xEE, 0x45, 0x22, 0x84, 0x54, 0xB6,
    0xF4, 0x8F, 0x33, 0x78, 0x51, 0x05, 0x3A, 0x46, 0xB4, 0xC9, 0x50, 0x10, 0x5C, 0x8B, 0x8D, 0x35,
    0x6B, 0xC9, 0x8D, 0x5E, 0xE5, 0xC9, 0x17, 0x8D, 0x63, 0x9B, 0xAF, 0x73, 0xD5, 0x51, 0x7C, 0xE9,
    0x01, 0x35, 0xF6, 0x0B, 0x8D, 0x83, 0x93, 0xED, 0x21, 0x55, 0xC5, 0x77, 0x8C, 0xB2, 0x91, 0x75,
    0x10, 0x82, 0xCD, 0x52, 0x5E, 0x9B, 0xB4, 0x6F, 0x74, 0xB0, 0xCB, 0xF9, 0x78, 0xB7, 0x94, 0x88,
    0xB7, 0x1C, 0xE2, 0xE5, 0x7C, 0x5C, 0x3F, 0x4A, 0x81, 0xB2, 0x44, 0x1D, 0xB0, 0xF5, 0x75, 0x40,
    0x4C, 0xF0, 0xF8, 0x6E, 0xED, 0x7F, 0x3C, 0xD9, 0x84, 0x14, 0x60, 0x65, 0x4A, 0x2C, 0xFB, 0xCA,
    0x1A, 0x3F, 0x8A, 0xB7, 0x9C, 0x17, 0xE8, 0xAE, 0xB8, 0x15, 0x7F, 0xC5, 0x8D, 0x38, 0x2C, 0xAE,
    0xC5, 0x63, 0x07, 0xBD, 0xCB, 0xBC, 0xCF, 0xBC, 0xD3, 0xBC, 0xD7, 0xBC, 0xDB, 0xBC, 0xDF, 0xBC,
    0xE3, 0xBC, 0xE7, 0xBC, 0xEB, 0xBC, 0xEF, 0xBC, 0xF3, 0xBC, 0x8A, 0xD8, 0xCB, 0x88, 0xE7, 0xB5,
    0x84, 0x0A, 0x6A, 0x4F, 0x87, 0x7C, 0xF3, 0x5F, 0x32, 0xF0, 0x4C, 0xD4, 0xC2, 0x35, 0x69, 0x0D,
    0xDF, 0xA4, 0x5A, 0x42, 0x21, 0x51, 0xDC, 0x23, 0xFE, 0x91, 0x0A, 0xAE, 0x54, 0x4A, 0x15, 0x5D,
    0xA4, 0x58, 0x2B, 0x55, 0xBE, 0x8A, 0xBB, 0x55, 0x2A, 0x5C, 0xCF, 0x46, 0xAD, 0x28, 0x16, 0x16,
    0x5A, 0x88, 0x09, 0xAB, 0x97, 0x33, 0x62, 0xA4, 0x55, 0x22, 0x14, 0xA4, 0x37, 0x0A, 0x8E, 0x46,
    0x55, 0xB7, 0x6F, 0x4A, 0xCB, 0x1F, 0xB9, 0x7A, 0x8E, 0x35, 0xC5, 0x8D, 0xAA, 0x82, 0x2B, 0xB0,
    0x90, 0x1B, 0x69, 0x53, 0xA4, 0xD6, 0x07, 0xDB, 0x66, 0x03, 0x81, 0xE3, 0x14, 0xA3, 0x2D, 0xA9,
    0x9B, 0x44, 0x9B, 0xE2, 0xD4, 0x5D, 0x89, 0x6D, 0x8A, 0x90, 0x8E, 0xDA, 0xB6, 0xE2, 0xBA, 0xC5,
    0x0F, 0xFD, 0x06, 0x97, 0x89, 0xA4, 0x71, 0x32, 0xF8, 0x07, 0x29, 0x23, 0x5F, 0x32, 0xDE, 0x9A,
    0xD4, 0x53, 0xA5, 0xB8, 0x2C, 0xD5, 0x65, 0x96, 0x97, 0xC9, 0x6F, 0x10, 0x3F, 0x1A, 0xC9, 0x6F,
    0x8C, 0x8B, 0xFC, 0x86, 0x35, 0xE0, 0x06, 0xDC, 0xB3, 0xEE, 0x30, 0x82, 0xE7, 0x08, 0x1D, 0x26,
    0xA8, 0x61, 0xB4, 0xC0, 0xAC, 0x49, 0xDB, 0x70, 0xC8, 0xEB, 0xB4, 0x89, 0xFA, 0xF9, 0xEC, 0x8E,
    0x8D, 0x57, 0x60, 0x06, 0x6D, 0x5E, 0xF2, 0x39, 0x30, 0x4B, 0xE1, 0xFF, 0xF2, 0x2A, 0x79, 0x9E,
    0x0B, 0xBC, 0x67, 0xE6, 0xA6, 0xE4, 0x25, 0xD0, 0x30, 0xAA, 0x21, 0x1A, 0x64, 0x51, 0xC7, 0xBE,
    0x6B, 0xE2, 0x21, 0x1C, 0x26, 0x7D, 0xD2, 0x45, 0x5D, 0xD4, 0xA7, 0x26, 0x36, 0x51, 0x9F, 0xB5,
    0x89, 0xC3, 0xBC, 0x49, 0xDA, 0x49, 0x07, 0x8C, 0x4D, 0xDE, 0xE0, 0x2E, 0xF0, 0x3D, 0x6D, 0x72,
    0x7C, 0xAB, 0x33, 0x77, 0x6F, 0x95, 0x4E, 0xBB, 0xC9, 0xC6, 0x54, 0x25, 0xD3, 0x88, 0x9A, 0x96,
    0x1F, 0xED, 0x9D, 0x7F, 0x61, 0x0F, 0x12, 0x16, 0xDC, 0xFF, 0xC7, 0x7C, 0x3C, 0xC4, 0x45, 0x07,
    0x34, 0x4C, 0x26, 0x7A, 0xC1, 0x17, 0xB0, 0x1F, 0xB3, 0x3A, 0x36, 0x99, 0xAD, 0x93, 0xA6, 0x80,
    0xA2, 0x67, 0x88, 0xDD, 0xAD, 0x03, 0x4E, 0x0C, 0x49, 0x93, 0x9F, 0xE8, 0x93, 0xDA, 0x11, 0x6B,
    0x59, 0x99, 0xD7, 0x43, 0xAE, 0xB2, 0x7A, 0x74, 0xBF, 0xD5, 0x15, 0xE6, 0x50, 0x6C, 0xED, 0x3D,
    0x13, 0xB8, 0x4B, 0x34, 0x2E, 0x6B, 0xFB, 0xC3, 0xEE, 0x08, 0xAD, 0x85, 0xC8, 0xE9, 0xD5, 0x22,
    0xD8, 0x0E, 0xD0, 0x22, 0x8A, 0xEB, 0x15, 0x54, 0xDF, 0x91, 0x6F, 0x1C, 0x73, 0x01, 0xE0, 0xB2,
    0x54, 0x02, 0xD8, 0xF4, 0xAE, 0x77, 0x41, 0xD9, 0x6D, 0x01, 0x42, 0x30, 0x03, 0x44, 0xC3, 0x05,
    0x30, 0x9B, 0xD0, 0xEC, 0x84, 0x30, 0xE0, 0xAA, 0xA6, 0x30, 0xE0, 0x56, 0x2D, 0xC2, 0x80, 0x52,
    0x84, 0x01, 0x9A, 0xC2, 0x80, 0xEB, 0xF2, 0x7E, 0xA5, 0x62, 0x7F, 0xB6, 0x34, 0xE4, 0xC4, 0x70,
    0xEA, 0x7B, 0x5E, 0xB7, 0x0A, 0xB1, 0x93, 0x4D, 0x21, 0xB1, 0xF3, 0x0A, 0x63, 0x53, 0x38, 0xD2,
    0x2E, 0x1B, 0x75, 0x40, 0x56, 0x9B, 0xAB, 0x4B, 0x35, 0xFF, 0x99, 0x02, 0x4E, 0x97, 0x09, 0x2F,
    0xBA, 0x4B, 0xFC, 0xB5, 0xDC, 0x54, 0x46, 0x97, 0x31, 0x1A, 0xFB, 0x04, 0x3B, 0xD0, 0x81, 0xCE,
    0xBA, 0xA4, 0x2B, 0x86, 0xA4, 0xFF, 0x67, 0x67, 0x70, 0x38, 0x8D, 0xFA, 0xC0, 0x71, 0xF1, 0xC1,
    0x38, 0x31, 0x6A, 0x8C, 0x5B, 0x35, 0x26, 0xB5, 0xAA, 0xDC, 0xAD, 0x57, 0x2E, 0xDF, 0x2B, 0x50,
    0x7F, 0x35, 0x22, 0x66, 0x2F, 0xB4, 0x24, 0x1A, 0xD5, 0x8C, 0xED, 0x9E, 0x8A, 0xEF, 0x27, 0xA3,
    0x86, 0x15, 0x6E, 0xA7, 0xAF, 0x57, 0x66, 0x59, 0x58, 0x8D, 0xEB, 0x98, 0x9B, 0x64, 0x95, 0xCE,
    0xDC, 0xD1, 0x3B, 0x65, 0x59, 0x47, 0xCB, 0x0E, 0xDB, 0xFF, 0x93, 0x46, 0x09, 0xBB, 0xBD, 0x65,
    0x7B, 0xA4, 0x9E, 0xAF, 0xA9, 0x9E, 0xAF, 0xF9, 0x68, 0x4B, 0xA2, 0x9E, 0xCF, 0xA8, 0x35, 0xE2,
    0x71, 0xE2, 0xB1, 0x47, 0x10, 0x62, 0xBC, 0x09, 0x21, 0xC6, 0xF5, 0x12, 0x42, 0x0C, 0x5D, 0x98,
    0xC4, 0x22, 0xCE, 0xDD, 0xC6, 0xE2, 0x97, 0xFA, 0x2B, 0x0A, 0xE4, 0xFE, 0x1F, 0x07, 0x7E, 0x0E,
    0xB3, 0x8C, 0x94, 0x20, 0x3F, 0xC5, 0x60, 0xE2, 0x5B, 0xD3, 0x2B, 0x91, 0x75, 0x9B, 0xC9, 0xE1,
    0x38, 0x24, 0xFD, 0x6F, 0xF5, 0x6F, 0x40, 0x65, 0xF8, 0x7C, 0xF7, 0x3A, 0x3B, 0x6D, 0x0D, 0xDF,
    0xF5, 0xC4, 0x78, 0xD5, 0x31, 0xA5, 0xA4, 0x78, 0xB5, 0xB8, 0xDC, 0x50, 0x6A, 0x8C, 0x70, 0xCB,
    0x21, 0xC3, 0x50, 0xF2, 0x41, 0x17, 0xA5, 0x94, 0x49, 0x35, 0xC3, 0xA5, 0x9D, 0x1D, 0xA8, 0xE0,
    0x7A, 0xFB, 0x6F, 0x8A, 0x62, 0x7B, 0x90, 0xC8, 0xBB, 0xCC, 0x63, 0x76, 0x4B, 0x74, 0x66, 0x2B,
    0xC3, 0x9C, 0xC7, 0x8C, 0x6D, 0xCF, 0x49, 0x03, 0xE8, 0xBD, 0x2D, 0xBB, 0xAF, 0x3B, 0xD9, 0xDD,
    0xB6, 0x82, 0x51, 0xFB, 0x82, 0x42, 0x04, 0xC4, 0xCD, 0x6C, 0xB3, 0x9D, 0xF4, 0x53, 0xEA, 0x11,
    0x94, 0x31, 0xD7, 0x1C, 0x64, 0x5F, 0xD4, 0x3E, 0x19, 0xC7, 0xFD, 0xC9, 0x1A, 0x99, 0xF9, 0xCB,
    0x08, 0x14, 0x9E, 0x3A, 0x08, 0xE6, 0xEB, 0xA2, 0xE1, 0xBC, 0xBF, 0x6A, 0xAD, 0x96, 0x23, 0x1F,
    0x24, 0x93, 0x92, 0x3C, 0x2A, 0x9E, 0x79, 0xE5, 0x59, 0x87, 0x49, 0xFF, 0x7A, 0x01, 0x7F, 0x7C,
    0x00, 0xAF, 0x8C, 0x1B, 0xB6, 0xA4, 0x3F, 0xF4, 0xA6, 0x3F, 0xEE, 0x00, 0xC3, 0x6B, 0xC4, 0x4F,
    0x47, 0xE0, 0xBF, 0x4F, 0x3D, 0x55, 0xE1, 0xBB, 0x70, 0xF8, 0x72, 0x85, 0xC4, 0xB9, 0xAD, 0x03,
    0x9E, 0xFD, 0x10, 0x4C, 0x67, 0x29, 0x74, 0x0F, 0x83, 0xBB, 0x4F, 0x1D, 0xDC, 0xF9, 0xBC, 0xC7,
    0x96, 0xB1, 0x9B, 0xD9, 0x7A, 0x06, 0xFD, 0xE5, 0xD1, 0x3B, 0xAD, 0x83, 0x97, 0x6F, 0xB1, 0x6C,
    0x46, 0xF0, 0xB1, 0x2C, 0x58, 0x22, 0xA7, 0x81, 0xCC, 0x07, 0xFD, 0xF3, 0x01, 0xFA, 0xE7, 0xE3,
    0x93, 0x2F, 0x28, 0xBF, 0xD7, 0x19, 0xE3, 0x7A, 0x22, 0x8A, 0x5A, 0x1D, 0xFE, 0x05, 0x8E, 0xA7,
    0x59, 0x3A, 0x0A, 0x42, 0x15, 0x44, 0x1E, 0x56, 0x41, 0x46, 0x0E, 0xF9, 0x70, 0xCA, 0xE8, 0x8C,
    0xE9, 0x84, 0x49, 0xA5, 0xEF, 0x5F, 0xA8, 0x2D, 0xB9, 0x87, 0xF6, 0x79, 0xFD, 0x18, 0x38, 0x86,
    0x71, 0x9A, 0xF6, 0x2A, 0x44, 0x8D, 0x36, 0x1C, 0xC9, 0xAA, 0x5D, 0x1B, 0x1C, 0x3C, 0x07, 0x62,
    0x03, 0x85, 0xDA, 0x81, 0xBD, 0xE5, 0xAC, 0xAE, 0xA3, 0x50, 0xDB, 0xB2, 0xC2, 0xFE, 0x80, 0x42,
    0xED, 0x1F, 0xD7, 0xE1, 0x6F, 0x69, 0xC0, 0xA4, 0x77, 0x2B, 0xD7, 0xBA, 0x90, 0xFE, 0x3D, 0x32,
    0xD9, 0x73, 0xCC, 0x57, 0xA7, 0x49, 0x07, 0x4C, 0x8D, 0x33, 0x6D, 0x44, 0x0D, 0xBB, 0x91, 0x26,
    0xEC, 0x8C, 0x18, 0x02, 0xB5, 0xA4, 0xFD, 0xCA, 0x12, 0x2B, 0x8F, 0x8F, 0x39, 0x1B, 0x5A, 0xCC,
    0xA3, 0xBC, 0x0F, 0x2D, 0x7F, 0x7E, 0x98, 0xAB, 0xD1, 0x47, 0x2D, 0xB7, 0x00, 0x94, 0xDD, 0x91,
    0x03, 0xFC, 0x54, 0xD4, 0x3B, 0xC3, 0xE3, 0x36, 0xD7, 0xCF, 0xA4, 0x75, 0xA1, 0xDE, 0xC8, 0xCB,
    0x51, 0x5D, 0xCE, 0x1D, 0xE9, 0x7D, 0xAE, 0x40, 0x8E, 0x6D, 0x47, 0x5F, 0x9A, 0xAF, 0xD4, 0xDF,
    0xC1, 0x9F, 0x57, 0xD8, 0x35, 0xC0, 0x67, 0xC6, 0x24, 0x09, 0x6B, 0xC3, 0x2E, 0x1B, 0x96, 0x79,
    0xC3, 0x5A, 0x6F, 0x98, 0xBC, 0xB0, 0x1E, 0x35, 0x51, 0xCD, 0xF1, 0x69, 0xE2, 0x81, 0x95, 0x18,
    0xCF, 0x8D, 0x68, 0x36, 0x37, 0x7E, 0xD8, 0x4C, 0x24, 0x3B, 0x80, 0xD9, 0x84, 0xF5, 0x1D, 0x3C,
    0x26, 0xC7, 0xBF, 0x40, 0x3A, 0xD2, 0xB3, 0x82, 0x54, 0x82, 0x01, 0xB1, 0x24, 0x97, 0x2F, 0x13,
    0x59, 0xF7, 0xBD, 0xFC, 0x9E, 0xA2, 0x27, 0x80, 0xFF, 0x78, 0x66, 0xF8, 0x34, 0x2E, 0xBC, 0xC0,
    0x0C, 0x1B, 0x96, 0x70, 0xA6, 0x3F, 0x8F, 0x19, 0x4E, 0x36, 0x99, 0x61, 0xBD, 0x0D, 0x33, 0xCC,
    0x05, 0x47, 0xE2, 0x7F, 0xB5, 0xC9, 0x0C, 0x97, 0x4B, 0xCC, 0x70, 0xE7, 0x99, 0x61, 0x28, 0xCB,
    0x40, 0x89, 0x2F, 0x30, 0xC3, 0xB9, 0x30, 0xC3, 0xC3, 0xF6, 0xAD, 0xF2, 0xFE, 0xE3, 0x33, 0x6C,
    0x13, 0x95, 0x8C, 0x6F, 0xB1, 0xC6, 0x20, 0xF7, 0x13, 0xCC, 0x7C, 0x91, 0xF9, 0x47, 0xB2, 0x57,
    0xF2, 0xFA, 0x87, 0xEB, 0x06, 0xCF, 0xE6, 0x1C, 0x19, 0xC9, 0x22, 0xD6, 0x1E, 0xA4, 0xF8, 0x80,
    0xEA, 0xC3, 0xC0, 0xB6, 0x2E, 0x8A, 0x01, 0xE1, 0xA4, 0x82, 0x58, 0x95, 0xE1, 0x28, 0xBD, 0x7D,
    0x58, 0xF5, 0x22, 0xAE, 0x7A, 0xD1, 0xC0, 0xB6, 0x9B, 0xF9, 0x69, 0x0B, 0x9C, 0x66, 0x61, 0x53,
    0xD5, 0x34, 0x47, 0x01, 0x7B, 0xBA, 0xA9, 0xDC, 0x54, 0x87, 0x30, 0xD0, 0x47, 0x50, 0x50, 0xC7,
    0x23, 0x56, 0x41, 0xE7, 0xF2, 0x21, 0x87, 0xB8, 0xE4, 0x2C, 0x26, 0xF0, 0x65, 0x07, 0xEC, 0x53,
    0x63, 0x17, 0x4E, 0x77, 0xA6, 0x9D, 0x29, 0xA8, 0x5B, 0xF4, 0xA4, 0x00, 0xB2, 0x66, 0x42, 0xC9,
    0x9D, 0xF1, 0xBB, 0xD9, 0xA4, 0x15, 0xCE, 0x24, 0x80, 0xAA, 0x9D, 0xFF, 0x36, 0xE4, 0x5C, 0x7E,
    0x55, 0xAB, 0x7D, 0xD4, 0x9E, 0x5E, 0x4B, 0x7B, 0x7A, 0x89, 0xC7, 0xE5, 0x7B, 0xD9, 0x46, 0x62,
    0x30, 0x2C, 0xE6, 0x4D, 0x49, 0xCD, 0xE1, 0x71, 0xF5, 0x48, 0x2A, 0xFE, 0x3F, 0x43, 0xC5, 0xDF,
    0x43, 0xC5, 0xDF, 0xE5, 0x1D, 0xA6, 0x60, 0xE3, 0xC0, 0x57, 0x97, 0x85, 0x64, 0xD2, 0x3E, 0x99,
    0x7D, 0x1D, 0x70, 0x68, 0xEF, 0x49, 0x39, 0xC5, 0xB8, 0xD2, 0xC3, 0xE1, 0xB9, 0x95, 0x96, 0x42,
    0x5E, 0x78, 0x1E, 0xAD, 0x8F, 0x71, 0x8A, 0xB1, 0xE2, 0xCB, 0xA1, 0xF4, 0xFB, 0xB1, 0x87, 0x26,
    0xE5, 0xD0, 0xE9, 0xC4, 0x92, 0xAB, 0x57, 0xE8, 0x4B, 0xBB, 0x53, 0x93, 0xB4, 0x0A, 0x8C, 0x89,
    0x5F, 0xEF, 0x73, 0x00, 0x38, 0xFC, 0x96, 0xBA, 0xB5, 0x01, 0x60, 0x38, 0xB5, 0xF6, 0x21, 0x89,
    0xB9, 0x94, 0x85, 0xC7, 0xED, 0x62, 0x5D, 0x2B, 0x27, 0xAA, 0x0F, 0xFD, 0x66, 0xF8, 0x51, 0x49,
    0xCC, 0xEF, 0x49, 0x62, 0x36, 0x9E, 0xC4, 0xB4, 0x9B, 0x13, 0x2A, 0xDF, 0x2C, 0x8C, 0xF0, 0xAD,
    0xE7, 0x4D, 0xE8, 0xBD, 0x68, 0xE5, 0x0D, 0x17, 0x5A, 0x79, 0x67, 0xFC, 0x97, 0x59, 0xC0, 0x86,
    0x58, 0x13, 0x4B, 0xF5, 0xD3, 0x39, 0xF7, 0xF0, 0x60, 0x35, 0xBA, 0xAF, 0x2B, 0x87, 0xB8, 0x68,
    0x0C, 0x48, 0x64, 0x7D, 0x01, 0x94, 0x00, 0xED, 0x0B, 0xF1, 0x7F, 0xBD, 0x4F, 0x8E, 0xA6, 0xF8,
    0x4C, 0x8E, 0xA6, 0x18, 0xE4, 0x68, 0x8A, 0x61, 0x69, 0xEE, 0x2C, 0xAD, 0x44, 0xB9, 0x5E, 0xEC,
    0xBA, 0xBD, 0xB0, 0xDA, 0x36, 0xA0, 0x73, 0x6C, 0x03, 0x9A, 0xB2, 0x0D, 0x68, 0x60, 0x49, 0x70,
    0xA0, 0xDC, 0xBB, 0xF3, 0xCF, 0x8A, 0x4B, 0x96, 0xF7, 0xA2, 0x3A, 0x22, 0xB1, 0x19, 0x22, 0x6B,
    0x3D, 0x53, 0x7A, 0x96, 0xF2, 0x6A, 0x75, 0xCB, 0xBA, 0xD1, 0xB4, 0x59, 0xA6, 0xD3, 0x0A, 0x2F,
    0x31, 0x50, 0x73, 0xED, 0xE8, 0xE8, 0xF5, 0xA3, 0x42, 0x3A, 0x14, 0x14, 0x81, 0x88, 0xCD, 0x01,
    0xFE, 0xF4, 0x84, 0xD4, 0x7C, 0xC2, 0x10, 0x73, 0x0E, 0x68, 0x7B, 0x7F, 0xD6, 0x95, 0xD7, 0x59,
    0xED, 0x93, 0x53, 0xB1, 0x38, 0xAD, 0x26, 0x35, 0xE4, 0x76, 0xF5, 0x71, 0x07, 0x3F, 0x78, 0x0D,
    0x40, 0x80, 0x3A, 0xFD, 0x0E, 0x76, 0x7C, 0x06, 0xEB, 0x47, 0x39, 0x61, 0xB8, 0xFD, 0xFA, 0x96,
    0xD8, 0x0C, 0x74, 0xE0, 0xA1, 0x7D, 0xE4, 0x9E, 0xA8, 0xFD, 0x10, 0xB7, 0x37, 0x3A, 0xF8, 0x0A,
    0x4F, 0xBB, 0xF4, 0x34, 0xC0, 0x8E, 0xF7, 0xC2, 0xCE, 0x0A, 0x2D, 0x0B, 0x85, 0x17, 0xD0, 0x28,
    0x97, 0x0C, 0xCD, 0x6F, 0x23, 0x9A, 0x7E, 0xBD, 0x89, 0xB8, 0x88, 0x38, 0xAD, 0x37, 0x4F, 0xD8,
    0x62, 0xE4, 0x41, 0x4E, 0x54, 0xCA, 0x4B, 0x90, 0xFF, 0xE7, 0x7B, 0xF4, 0x6B, 0xC5, 0xE9, 0x97,
    0x97, 0xF2, 0x33, 0x15, 0xE7, 0xB1, 0x3F, 0x84, 0x02, 0xE9, 0x12, 0xDB, 0x78, 0x92, 0xD6, 0xDD,
    0xF9, 0x33, 0xF0, 0xB6, 0x1B, 0xD7, 0xF0, 0xBF, 0xB9, 0xF1, 0x0A, 0x18, 0xA4, 0xBF, 0x1D, 0x2F,
    0x21, 0x65, 0x2B, 0x85, 0xBD, 0xE1, 0x28, 0x95, 0x87, 0xBF, 0x81, 0x57, 0xDF, 0x64, 0xEB, 0xAC,
    0x45, 0xBD, 0xF3, 0xBC, 0x3D, 0x69, 0xA0, 0x54, 0x89, 0x8D, 0xF3, 0x40, 0x07, 0xD1, 0xE4, 0xC4,
    0x50, 0x97, 0x6C, 0x2A, 0x38, 0xE1, 0xC7, 0x1E, 0x5E, 0x10, 0x15, 0xE7, 0x86, 0x82, 0x1F, 0xDA,
    0xB0, 0x76, 0x8E, 0x30, 0x69, 0x9D, 0x3B, 0x22, 0x06, 0xAE, 0x88, 0xC0, 0x41, 0xF6, 0xD4, 0x2E,
    0x6B, 0xDC, 0xD4, 0x5C, 0xC2, 0xFC, 0x27, 0x06, 0x8A, 0x63, 0x4A, 0xB4, 0xB0, 0xB2, 0xD9, 0x11,
    0x2D, 0x29, 0x6E, 0x65, 0xBF, 0x1C, 0xC1, 0xCB, 0xCF, 0x9F, 0xDD, 0x6A, 0xF3, 0x9A, 0xCA, 0x95,
    0x51, 0xF9, 0xF9, 0x56, 0x65, 0xB6, 0x54, 0x07, 0xFB, 0x15, 0x76, 0x5A, 0xF0, 0x56, 0xF1, 0x04,
    0x2A, 0x56, 0x0F, 0xCE, 0xDB, 0x3A, 0xEA, 0x54, 0xE1, 0x5C, 0xA9, 0x72, 0x4F, 0xC4, 0xD3, 0x2C,
    0x0F, 0xE0, 0xF6, 0x3B, 0xCE, 0xA5, 0x1C, 0x50, 0xA0, 0x56, 0xE5, 0xA0, 0x80, 0x86, 0xC1, 0x96,
    0x55, 0x1D, 0x42, 0x34, 0x92, 0x0E, 0x4B, 0x72, 0x8D, 0x5E, 0xFC, 0x4E, 0x41, 0x93, 0x2A, 0x18,
    0xD2, 0xB5, 0x53, 0x97, 0xD7, 0x89, 0xCE, 0x6A, 0xB4, 0xC9, 0x30, 0x5E, 0x65, 0xD8, 0x1F, 0x9F,
    0xA9, 0x63, 0x14, 0xA3, 0xEB, 0x42, 0xE7, 0xDA, 0xFD, 0x90, 0x9B, 0x2E, 0xC5, 0xF9, 0x9E, 0x49,
    0x67, 0x32, 0xFA, 0x10, 0x7E, 0xE1, 0x30, 0x42, 0x69, 0xA1, 0x9D, 0xCF, 0xF1, 0x40, 0x0C, 0x76,
    0x2E, 0x9A, 0xB6, 0xEC, 0xBA, 0x3D, 0xCC, 0xCC, 0xE3, 0x5A, 0xD9, 0xAC, 0x51, 0xA3, 0xB3, 0xE3,
    0x83, 0x59, 0xBA, 0xBC, 0x32, 0x5B, 0x61, 0x2D, 0x50, 0x2C, 0xC6, 0x08, 0xAB, 0x31, 0x78, 0xCB,
    0x95, 0xB7, 0xDE, 0x7F, 0x7E, 0x33, 0x07, 0xC4, 0xF9, 0x8F, 0xEC, 0xBC, 0x43, 0x59, 0x87, 0xA2,
    0x81, 0x57, 0x0B, 0xDA, 0xA3, 0x4A, 0x3E, 0x7B, 0xBE, 0xDD, 0x65, 0xE8, 0x61, 0xE4, 0x61, 0xE0,
    0x49, 0x9A, 0xE9, 0x3C, 0xEC, 0xEC, 0xC1, 0x31, 0x77, 0xCB, 0x7D, 0x53, 0x21, 0x7C, 0xB6, 0xBA,
    0xAE, 0x77, 0x7E, 0x0A, 0xEC, 0x10, 0x2A, 0x5C, 0xDE, 0xDE, 0x73, 0x37, 0x3C, 0xE0, 0xB1, 0xF5,
    0xB0, 0xC1, 0xC4, 0xBD, 0xAF, 0xD5, 0xB0, 0xB9, 0xC5, 0x6A, 0xEE, 0x53, 0x00, 0xDC, 0xA0, 0xD2,
    0x9A, 0x19, 0xC4, 0x1A, 0x86, 0xC8, 0x61, 0xCF, 0x69, 0x47, 0x89, 0x2D, 0x85, 0xB9, 0xCB, 0x6F,
    0x17, 0xAF, 0x06, 0x11, 0x3A, 0xC0, 0xC2, 0xD8, 0x1E, 0xA4, 0xBC, 0x61, 0x43, 0x44, 0xD2, 0x7A,
    0xFE, 0xDA, 0xCE, 0x5B, 0x8C, 0x4B, 0x80, 0x81, 0x96, 0xBD, 0xF7, 0xA5, 0xC5, 0x68, 0x11, 0xFE,
    0x04, 0x8D, 0xEE, 0x39, 0xD6, 0xDD, 0x4B, 0x44, 0x4F, 0x2B, 0xD9, 0x27, 0x32, 0x14, 0x71, 0x95,
    0xB5, 0x18, 0x43, 0x19, 0x82, 0xF9, 0x3A, 0xBC, 0x9F, 0xCF, 0xDF, 0xDB, 0x5A, 0xD1, 0xD8, 0xD9,
    0x26, 0x94, 0xD3, 0x8F, 0xF1, 0x8D, 0x9C, 0xE6, 0x35, 0x9D, 0x2A, 0x43, 0x2F, 0x09, 0xBA, 0x3E,
    0xB0, 0xAF, 0x5D, 0x35, 0xA3, 0x12, 0x2F, 0x43, 0x81, 0x36, 0x9D, 0x1D, 0x6F, 0x1F, 0x9F, 0x68,
    0x77, 0xDE, 0x69, 0x87, 0x43, 0x6A, 0x18, 0x4E, 0xB2, 0xAF, 0x20, 0x01, 0x8E, 0xA4, 0x16, 0x0F,
    0x79, 0x9E, 0x73, 0xFF, 0x1C, 0x81, 0x17, 0x99, 0xB3, 0xC8, 0x52, 0xA1, 0x09, 0x5C, 0xCA, 0x51,
    0x57, 0x70, 0x78, 0xC1, 0x6F, 0xA3, 0xB5, 0xE5, 0x11, 0x9E, 0xE7, 0xEE, 0xDA, 0xBA, 0xFD, 0xF3,
    0x5C, 0x99, 0x1F, 0xDE, 0x7B, 0x8C, 0x4B, 0x40, 0xE9, 0xA0, 0x70, 0xD0, 0x15, 0x5C, 0x03, 0xF6,
    0xEC, 0x00, 0xA6, 0x2C, 0x6A, 0xF9, 0x50, 0xAA, 0xA4, 0x55, 0x47, 0x7D, 0xD7, 0xCA, 0x8A, 0x1A,
    0xB7, 0x19, 0x1B, 0xF8, 0x13, 0xCB, 0x91, 0x61, 0x1F, 0x1D, 0xEE, 0x9D, 0x5A, 0x59, 0x22, 0x97,
    0x8E, 0xF9, 0xDC, 0xA3, 0x03, 0x2B, 0x4E, 0x63, 0xBF, 0x8D, 0x8D, 0x89, 0x0F, 0x15, 0xA1, 0x84,
    0x08, 0x7D, 0x60, 0x1F, 0x1E, 0x88, 0x9E, 0xBC, 0x09, 0x13, 0x3E, 0x86, 0x07, 0x20, 0xE3, 0x38,
    0x12, 0xAE, 0xEF, 0xAD, 0xF7, 0xFC, 0xB4, 0x6D, 0x51, 0xE4, 0x91, 0xCC, 0x3A, 0xFF, 0xD6, 0x96,
    0xA8, 0x32, 0x4D, 0x11, 0x6C, 0x41, 0x2C, 0x85, 0xE5, 0xEF, 0xF7, 0xA1, 0x27, 0xD5, 0x85, 0x27,
    0xD0, 0x65, 0xB3, 0x86, 0xBB, 0x44, 0x6D, 0x11, 0x4C, 0x47, 0xFA, 0x96, 0x51, 0x6A, 0x2D, 0x2E,
    0xDD, 0x9A, 0x11, 0xEC, 0xA1, 0x4F, 0xFF, 0x09, 0x79, 0x0B, 0xB4, 0x88, 0xDC, 0x47, 0x00, 0xBB,
    0x7C, 0x39, 0x67, 0xD9, 0x0F, 0x87, 0x3D, 0x4E, 0x1A, 0x78, 0x8C, 0x6E, 0xFB, 0x14, 0x9B, 0x82,
    0xE5, 0xEC, 0x64, 0xF5, 0xC7, 0x95, 0xEC, 0xEC, 0xB1, 0xEF, 0x37, 0x97, 0x3A, 0x9A, 0xA2, 0xC5,
    0x23, 0x65, 0x60, 0x2A, 0xA0, 0x06, 0x94, 0x0F, 0x7B, 0xF4, 0xC1, 0xEF, 0xDC, 0xDF, 0x9A, 0xEB,
    0x77, 0x9A, 0xCA, 0x16, 0x65, 0x7C, 0xC3, 0xCD, 0xD2, 0xB3, 0x2C, 0x2E, 0xC8, 0xDF, 0xEC, 0x94,
    0x43, 0xEC, 0x80, 0x80, 0x22, 0x61, 0x4E, 0xBE, 0x9C, 0x72, 0xCC, 0x6E, 0xC8, 0x98, 0xFE, 0x4F,
    0xCF, 0x31, 0x90, 0x68, 0xF9, 0x6B, 0x3E, 0x55, 0x91, 0xB1, 0xCF, 0xA7, 0x24, 0x8C, 0x7F, 0xCA,
    0x47, 0x40, 0xFF, 0xD9, 0x8D, 0x93, 0x56, 0x76, 0xA3, 0x41, 0x4E, 0xFA, 0xB7, 0x69, 0x8A, 0x87,
    0x03, 0x39, 0x1C, 0xC0, 0xD6, 0x0A, 0xAE, 0x08, 0xEB, 0x8F, 0xD2, 0x3E, 0x67, 0x75, 0x6C, 0x2F,
    0xB9, 0xE9, 0x94, 0x8A, 0xBA, 0xE2, 0xC9, 0x73, 0xA2, 0x71, 0xCD, 0x0D, 0x12, 0x8D, 0x5D, 0x53,
    0x03, 0xC2, 0x33, 0x21, 0x57, 0xF1, 0xCC, 0x36, 0x93, 0x1E, 0x97, 0x12, 0xC9, 0x50, 0x48, 0xE4,
    0xAB, 0xF4, 0xF8, 0x44, 0xB4, 0x45, 0xB8, 0x4A, 0xC6, 0xAB, 0xC4, 0x1B, 0xAB, 0x39, 0x96, 0xA9,
    0x01, 0x6D, 0x03, 0xA2, 0xD9, 0xC1, 0x01, 0xC5, 0xCB, 0x44, 0x1E, 0x8E, 0x4C, 0x7C, 0x25, 0x38,
    0xB3, 0xE8, 0xBF, 0xBB, 0xF9, 0x8B, 0x9D, 0xF2, 0x57, 0x67, 0xEC, 0x8B, 0x42, 0x49, 0xE3, 0xFB,
    0xF8, 0xE2, 0x2F, 0x3D, 0x60, 0xF8, 0x7E, 0x06, 0x27, 0x30, 0x98, 0x8C, 0x00, 0x2D, 0xBC, 0x38,
    0xFE, 0x97, 0x0A, 0xC8, 0xD7, 0xBF, 0x34, 0xBE, 0xB0, 0x69, 0xB0, 0xDE, 0xFE, 0x1C, 0xAA, 0xBF,
    0x00, 0xD5, 0x99, 0x01, 0xA4, 0xE5, 0x66, 0xDA, 0xC7, 0xFF, 0x49, 0xEE, 0xB9, 0x99, 0xDE, 0x18,
    0x19, 0xCC, 0xD4, 0xF4, 0x9B, 0x6A, 0x06, 0x83, 0x29, 0xED, 0x97, 0x0F, 0x1F, 0x3E, 0xDC, 0x36,
    0x69, 0x0B, 0x3E, 0x45, 0x07, 0xDD, 0x5D, 0xAC, 0x65, 0x30, 0xD8, 0x5D, 0x68, 0x51, 0x14, 0x33,
    0x93, 0xB4, 0x83, 0x65, 0x61, 0x2E, 0x00, 0xB0, 0x45, 0xC1, 0x42, 0x8B, 0xC1, 0x2C, 0x77, 0xEE,
    0xC9, 0x4E, 0xD9, 0xA2, 0x98, 0xEC, 0xAE, 0xB5, 0x28, 0x9A, 0xA5, 0x40, 0x31, 0xD1, 0xCD, 0x9A,
    0x6C, 0x6F, 0x92, 0x77, 0xDF, 0x9F, 0xE4, 0x38, 0xA7, 0xDD, 0x5A, 0xC5, 0xBD, 0xF7, 0x9C, 0xFB,
    0xBA, 0xF3, 0x73, 0x9C, 0x49, 0xF2, 0x3C, 0xF9, 0xE5, 0xCD, 0xFB, 0x3E, 0xEF, 0x79, 0x25, 0x6D,
    0xA7, 0x16, 0x4A, 0x0A, 0x38, 0x87, 0x8E, 0x29, 0x2D, 0x3D, 0xA8, 0xE0, 0x71, 0x65, 0x19, 0x3E,
    0xAA, 0x2D, 0xE3, 0xBB, 0x30, 0x0B, 0x60, 0x1F, 0x34, 0x92, 0xD3, 0xF9, 0xAD, 0xE4, 0x35, 0x5E,
    0x27, 0x05, 0xFF, 0xF8, 0x89, 0x65, 0x68, 0x8C, 0x65, 0x62, 0x4C, 0x2F, 0x65, 0x3F, 0xFA, 0xF1,
    0x20, 0x0D, 0x72, 0x8D, 0xDC, 0x4E, 0x8E, 0x91, 0xDF, 0xC9, 0x35, 0x7B, 0x99, 0x49, 0x63, 0xD3,
    0xCC, 0x4D, 0x9A, 0x98, 0x5A, 0x5A, 0x6D, 0x2F, 0x02, 0xCD, 0x81, 0x0C, 0xD0, 0x00, 0xF4, 0x21,
    0x70, 0xAE, 0xCD, 0xA4, 0xA8, 0x9F, 0x4B, 0x99, 0x19, 0xE4, 0x98, 0xDF, 0x74, 0xF2, 0x3A, 0x1B,
    0x38, 0x68, 0xBC, 0x56, 0x61, 0xED, 0x37, 0x8A, 0xAA, 0xB0, 0x56, 0x5C, 0x44, 0xB5, 0x92, 0x22,
    0xA9, 0x2C, 0xB2, 0xD2, 0xC2, 0x58, 0x7C, 0xF2, 0xF8, 0xAB, 0x3C, 0x31, 0x8F, 0x4C, 0x1E, 0x9B,
    0x70, 0x50, 0xD8, 0xFA, 0x8D, 0x94, 0x6A, 0xD1, 0xFE, 0x0B, 0x64, 0x29, 0x41, 0x01, 0x91, 0xF5,
    0x73, 0x20, 0x39, 0x40, 0x59, 0x03, 0x87, 0xCE, 0xC2, 0xAD, 0xA1, 0xF6, 0x5A, 0x18, 0x54, 0xF0,
    0xE5, 0x14, 0xEE, 0x02, 0x9D, 0x07, 0xEB, 0x15, 0x3A, 0x4B, 0xA7, 0x8C, 0x9D, 0x6F, 0x5A, 0xC9,
    0xAD, 0x2C, 0xF4, 0x5E, 0x63, 0xE1, 0x13, 0x37, 0x49, 0xC9, 0x75, 0x99, 0xEA, 0xB1, 0x8A, 0x15,
    0xED, 0x2A, 0xD0, 0x2D, 0x20, 0xDC, 0xCD, 0x5E, 0xAB, 0x2D, 0xE3, 0x3F, 0xE3, 0x25, 0xE3, 0xA3,
    0x63, 0xC5, 0xE2, 0xF2, 0x01, 0x39, 0xE6, 0x57, 0xD6, 0x2E, 0x50, 0x3A, 0x07, 0xEE, 0x8B, 0xAB,
    0x11, 0x15, 0x83, 0x21, 0x31, 0xA3, 0x54, 0xDA, 0x7E, 0x8A, 0x80, 0x39, 0x29, 0x55, 0x92, 0xFF,
    0xF7, 0x46, 0xD6, 0x4C, 0x2B, 0xED, 0xE8, 0xDA, 0x89, 0xF8, 0x7C, 0x16, 0xE8, 0x65, 0xA0, 0x04,
    0xCC, 0xC2, 0x1C, 0x11, 0x0F, 0x57, 0x7C, 0xB6, 0x58, 0xAA, 0xF7, 0x37, 0xC6, 0x27, 0x01, 0x4B,
    0xE2, 0xD5, 0x16, 0x2E, 0xD9, 0xE9, 0x01, 0x88, 0x49, 0x6D, 0x67, 0xBD, 0x3E, 0xFD, 0x0E, 0xC6,
    0x07, 0xF0, 0x85, 0x97, 0xF0, 0x29, 0xC4, 0xC5, 0x9F, 0x94, 0xE4, 0xF5, 0x75, 0xBE, 0xA1, 0x3E,
    0x15, 0x90, 0x54, 0xD2, 0x5B, 0xDC, 0x24, 0x6B, 0xED, 0x4F, 0x6F, 0xF8, 0x76, 0x48, 0xC0, 0x5F,
    0xAF, 0xCB, 0xE7, 0x70, 0x96, 0x47, 0x6C, 0x06, 0xF8, 0x29, 0x6A, 0x35, 0xC6, 0xBD, 0x94, 0xC2,
    0x0C, 0x33, 0xCE, 0x21, 0xA9, 0x07, 0xD5, 0x3E, 0x4C, 0xD7, 0xEF, 0xF3, 0xC3, 0x2D, 0xC9, 0x1B,
    0x9E, 0x93, 0x7C, 0xD2, 0xF6, 0x7F, 0xD5, 0x49, 0x8E, 0x3E, 0x10, 0x3D, 0x81, 0x58, 0x85, 0xE4,
    0x70, 0x98, 0xFF, 0x75, 0x8B, 0xCA, 0x0E, 0x95, 0x97, 0x4F, 0x42, 0x65, 0x50, 0xC0, 0xB8, 0x86,
    0xF3, 0x71, 0x20, 0xEA, 0x11, 0x51, 0x25, 0x96, 0x3B, 0xE9, 0x19, 0x4D, 0xED, 0xB4, 0x4C, 0xE0,
    0xDA, 0xC9, 0xC9, 0xB2, 0xE4, 0x88, 0x9A, 0xE9, 0xA9, 0xA1, 0xC7, 0xB6, 0x52, 0x54, 0xDC, 0x5C,
    0x4A, 0x5D, 0xD3, 0x44, 0x3F, 0xB5, 0x0F, 0x80, 0x5B, 0x43, 0x1F, 0x6D, 0x4E, 0x98, 0xA3, 0xF0,
    0xFF, 0xCF, 0xA2, 0xB0, 0xBC, 0xC9, 0x67, 0xD3, 0x70, 0x88, 0x29, 0x36, 0x4A, 0xFF, 0xDB, 0xA0,
    0x25, 0x28, 0x08, 0x16, 0x93, 0x95, 0x73, 0x66, 0x4B, 0x0A, 0xF5, 0xAC, 0x45, 0x71, 0x9F, 0x8B,
    0xD7, 0xA4, 0x95, 0x9F, 0xD8, 0xEC, 0xBF, 0x3A, 0x59, 0xC5, 0x12, 0x3E, 0x53, 0xF2, 0x7B, 0x75,
    0xC3, 0x7D, 0xFE, 0x0F, 0x68, 0x41, 0x07, 0x32, 0x2D, 0x7C, 0xFA, 0xEB, 0xF5, 0x19, 0xD5, 0xF0,
    0x56, 0x03, 0xAF, 0x40, 0xF9, 0xD5, 0xD2, 0xEA, 0x53, 0x17, 0xE1, 0x5F, 0xEE, 0x89, 0xA4, 0xF8,
    0x5E, 0xBF, 0x58, 0xBF, 0x4F, 0x27, 0x5D, 0x0C, 0x62, 0xBF, 0x43, 0xE8, 0xC7, 0xCD, 0xE2, 0x05,
    0x8B, 0x98, 0x5A, 0x5F, 0x24, 0xF6, 0x16, 0x3E, 0xF3, 0xFD, 0x93, 0xF7, 0xE9, 0xF4, 0x67, 0x51,
    0x68, 0x0E, 0xE0, 0xEB, 0x1D, 0xDF, 0xE8, 0x1A, 0x9F, 0x75, 0x56, 0xA4, 0xB4, 0xDA, 0x3F, 0xF3,
    0x0D, 0xEA, 0x9F, 0x4E, 0x77, 0x96, 0x70, 0x0F, 0xA4, 0xE0, 0x6E, 0x27, 0x79, 0x6E, 0x45, 0xE6,
    0x84, 0xD5, 0x1A, 0x54, 0xA6, 0xC0, 0x2F, 0x76, 0x60, 0x73, 0x0B, 0x9A, 0x56, 0x48, 0x41, 0x84,
    0x2E, 0xE8, 0xB4, 0xCD, 0x53, 0x0E, 0x08, 0x8A, 0xB3, 0x4C, 0xB5, 0xFB, 0x53, 0x07, 0x70, 0x49,
    0x11, 0x93, 0xEB, 0x9D, 0xA2, 0xB8, 0x5F, 0xB3, 0xA0, 0x3F, 0xFC, 0x76, 0x90, 0x8D, 0xAB, 0xDB,
    0xE2, 0x86, 0x6F, 0x41, 0xBD, 0x3B, 0x55, 0x86, 0x0A, 0x1B, 0xC1, 0x7F, 0xFE, 0x32, 0x95, 0x22,
    0x43, 0x47, 0x88, 0x39, 0x49, 0x49, 0x25, 0x58, 0x0A, 0x16, 0x44, 0xCE, 0x0A, 0xFA, 0xCF, 0x3C,
    0xF7, 0x2A, 0x82, 0x86, 0xA5, 0x1C, 0xF3, 0x95, 0x29, 0x38, 0xC9, 0x92, 0x50, 0xA9, 0xBE, 0xDD,
    0x3E, 0x06, 0x5E, 0x0B, 0x83, 0x91, 0x35, 0x74, 0x73, 0xA8, 0x37, 0x51, 0x96, 0x5A, 0x31, 0x85,
    0xD3, 0xC7, 0x85, 0x57, 0x47, 0x45, 0x58, 0x25, 0x79, 0x58, 0xCC, 0x15, 0x3F, 0xEC, 0x94, 0x3C,
    0xB6, 0x46, 0x4C, 0xAA, 0xE4, 0x4B, 0x29, 0xC9, 0x03, 0xC4, 0x28, 0x36, 0xD6, 0x83, 0x69, 0xE4,
    0x93, 0xE5, 0x39, 0x8D, 0xED, 0x86, 0x78, 0x96, 0xE2, 0x81, 0x13, 0xCA, 0xDD, 0x1B, 0xC5, 0x03,
    0xCD, 0x2B, 0x12, 0x38, 0x24, 0xAA, 0xFF, 0x10, 0xBA, 0xAF, 0x41, 0x45, 0x05, 0xEC, 0x81, 0xEE,
    0x01, 0x9D, 0x5B, 0xBF, 0xB9, 0x0B, 0xE3, 0xEC, 0x46, 0xF7, 0x0E, 0xEF, 0x54, 0x72, 0x29, 0xEB,
    0xE2, 0x54, 0x0E, 0xB1, 0xC8, 0x7A, 0x4F, 0x3A, 0x3A, 0x6F, 0x29, 0x08, 0x9A, 0x5D, 0x64, 0x0C,
    0x9D, 0x65, 0x9C, 0x11, 0xE7, 0xD9, 0xB0, 0xD2, 0xB2, 0xAD, 0xDD, 0xC9, 0xF6, 0xDE, 0x65, 0x45,
    0x75, 0xA3, 0xC4, 0x34, 0xDA, 0x4D, 0x2A, 0x9D, 0x67, 0x75, 0xA0, 0xA3, 0xF4, 0xB0, 0x5A, 0x17,
    0x49, 0x2D, 0xF0, 0x1A, 0x8B, 0x59, 0x40, 0xAA, 0xD9, 0x5D, 0x0B, 0x8D, 0x63, 0xCF, 0x93, 0x1A,
    0x57, 0xBF, 0xE7, 0x90, 0xE7, 0x74, 0x7D, 0x03, 0xDE, 0x33, 0xE8, 0x95, 0x8B, 0xB7, 0x2A, 0xE2,
    0x53, 0xC2, 0x77, 0x0F, 0x70, 0x73, 0x59, 0x72, 0x06, 0x49, 0x3E, 0x07, 0xC7, 0x8F, 0x0A, 0xE9,
    0xC0, 0x2F, 0xA5, 0x1B, 0x6E, 0xBA, 0xD4, 0x37, 0xFA, 0x43, 0xA0, 0x30, 0x28, 0x14, 0x0A, 0x87,
    0x42, 0x22, 0x16, 0x85, 0x46, 0xE1, 0x51, 0x88, 0x1C, 0x4D, 0xA2, 0x52, 0xB8, 0x14, 0x32, 0x85,
    0x4D, 0x7D, 0xBF, 0xCE, 0x0E, 0xE8, 0x01, 0x98, 0xC5, 0x30, 0x7B, 0x1D, 0x9A, 0x62, 0xC5, 0x67,
    0xB3, 0x29, 0x3E, 0xD1, 0x91, 0x52, 0xAF, 0x31, 0x9C, 0x4F, 0x3F, 0x41, 0xB4, 0x56, 0xD3, 0xFF,
    0x22, 0x12, 0x8F, 0x68, 0xC4, 0x22, 0x12, 0x8F, 0xBE, 0x07, 0x46, 0x0D, 0xBC, 0xDD, 0xC1, 0x77,
    0xEE, 0x63, 0xCC, 0xA9, 0x85, 0x31, 0xE4, 0x9A, 0x3F, 0x6C, 0xA8, 0xB1, 0xE9, 0x34, 0x46, 0x58,
    0xE7, 0x6F, 0x16, 0x7A, 0x95, 0x6B, 0xC5, 0xB9, 0x75, 0xB3, 0x4B, 0x0F, 0xFC, 0xBF, 0x35, 0xF5,
    0x40, 0xB7, 0xBD, 0x2A, 0xBE, 0xEF, 0xE0, 0x1B, 0x8D, 0xA5, 0xE3, 0x10, 0x57, 0xFF, 0x0D, 0xC6,
    0x1E, 0xE8, 0x1F, 0xAE, 0xFA, 0xDC, 0x5B, 0xFB, 0x58, 0x97, 0x9F, 0x53, 0xD8, 0xDC, 0x53, 0x6C,
    0x1A, 0xBD, 0x18, 0xD5, 0xDA, 0x62, 0x9A, 0x3C, 0x8F, 0xC4, 0xF1, 0x06, 0xE3, 0xBB, 0xA5, 0x0E,
    0xBC, 0x4A, 0x37, 0x74, 0xF4, 0xBD, 0x2F, 0x4A, 0x61, 0x56, 0x60, 0xCE, 0x60, 0x25, 0xF8, 0xBA,
    0x15, 0xC9, 0xEF, 0x8B, 0x1A, 0xE8, 0x8A, 0x68, 0xA7, 0xA9, 0xB6, 0x78, 0x5E, 0x92, 0x19, 0xEB,
    0xDA, 0xE0, 0x8B, 0x42, 0xD1, 0x9D, 0x4A, 0xB7, 0x6D, 0x80, 0x2B, 0x4A, 0x75, 0xEC, 0xB5, 0x87,
    0x33, 0x16, 0x1E, 0xEE, 0x61, 0x23, 0xEF, 0x8F, 0x8D, 0x9C, 0xF7, 0x6B, 0xE9, 0x52, 0x29, 0xC6,
    0x41, 0xCC, 0x2C, 0x4E, 0x66, 0x4E, 0xA3, 0xDE, 0xF4, 0xC9, 0xB3, 0x17, 0x17, 0xC1, 0x9D, 0x02,
    0x6A, 0xD6, 0x76, 0x74, 0x17, 0xD6, 0xE3, 0x52, 0x2E, 0xAE, 0xB0, 0xC5, 0x3F, 0x4C, 0x51, 0x13,
    0xE3, 0x4A, 0x54, 0xC5, 0x91, 0x69, 0xC5, 0xA5, 0x34, 0x93, 0x4C, 0x65, 0x6B, 0x1D, 0xEF, 0x61,
    0xED, 0xBC, 0x56, 0x53, 0xE2, 0x1C, 0x48, 0xF7, 0x35, 0x3D, 0xBC, 0x6B, 0x8A, 0x5B, 0x99, 0x4E,
    0x3F, 0x6D, 0xE5, 0x37, 0xB8, 0x0A, 0xED, 0x5F, 0xA5, 0xB8, 0xC4, 0x7F, 0x92, 0x53, 0x49, 0xCE,
    0x7F, 0xA6, 0x79, 0xAF, 0x79, 0xAB, 0xAC, 0xD4, 0x96, 0x8E, 0x27, 0xC9, 0xE5, 0xD3, 0x43, 0x18,
    0x4F, 0x8E, 0x5C, 0xA6, 0xA7, 0xC6, 0xE0, 0xCB, 0xD9, 0x19, 0x49, 0xE9, 0x99, 0x69, 0x9F, 0x24,
    0x18, 0x94, 0x18, 0x3D, 0x3D, 0xC8, 0xE9, 0x91, 0xED, 0x75, 0x9C, 0x19, 0x34, 0xD3, 0x0D, 0x44,
    0xA5, 0xE2, 0xBF, 0xA6, 0xB1, 0x49, 0xE3, 0x81, 0x21, 0xD4, 0x11, 0x6D, 0x87, 0xC7, 0xA6, 0x79,
    0xAA, 0xF9, 0xB4, 0xAB, 0xB0, 0x4D, 0xBD, 0xEE, 0x18, 0x53, 0x32, 0x60, 0x90, 0x47, 0x36, 0xCC,
    0x3B, 0x26, 0xF6, 0x60, 0x90, 0x67, 0xF8, 0x0B, 0x7A, 0xB9, 0x26, 0x0D, 0x59, 0x14, 0xA4, 0x5C,
    0xC7, 0xE4, 0x71, 0xCD, 0xE7, 0x64, 0x41, 0x17, 0x72, 0x24, 0x1C, 0x60, 0xD0, 0xC3, 0xB0, 0xC3,
    0x2C, 0x1F, 0x06, 0xEE, 0x34, 0xA0, 0xAB, 0xCA, 0x65, 0xCD, 0x21, 0xBD, 0x65, 0xE8, 0x10, 0xAB,
    0x2B, 0x49, 0x3F, 0x87, 0xD1, 0xB7, 0xBA, 0xFF, 0x54, 0xCD, 0x4F, 0xDD, 0x32, 0x32, 0x85, 0xE6,
    0xA6, 0x76, 0xCD, 0x5B, 0x8D, 0xDF, 0x06, 0x5D, 0x58, 0xFB, 0x5D, 0x54, 0x79, 0x5D, 0x5C, 0x7A,
    0x5D, 0x52, 0xF8, 0x6D, 0x52, 0x04, 0x4D, 0x52, 0x84, 0x75, 0x52, 0x44, 0x55, 0x52, 0x66, 0x45,
    0xFC, 0x8D, 0x51, 0x68, 0x58, 0xC5, 0x54, 0xC8, 0xFA, 0xDE, 0x6E, 0xE9, 0x90, 0x85, 0xC4, 0x33,
    0xE5, 0x36, 0xF0, 0xFC, 0x98, 0xA8, 0x51, 0x00, 0x9F, 0x0A, 0xA1, 0x32, 0xE0, 0x7D, 0x29, 0x58,
    0x40, 0xA5, 0x9B, 0x62, 0x6E, 0xC6, 0xF8, 0xD0, 0xC8, 0xF9, 0xA6, 0x1B, 0x77, 0xD5, 0xDE, 0x63,
    0xC8, 0xA7, 0xB3, 0xA5, 0xD2, 0xAE, 0xA4, 0x8B, 0x3A, 0x52, 0x7B, 0xA2, 0x39, 0x05, 0xF4, 0x2A,
    0x18, 0x96, 0x5C, 0x3C, 0x4E, 0x25, 0xA7, 0x27, 0x9E, 0x8F, 0x43, 0x45, 0x5F, 0x14, 0x68, 0xF3,
    0x4B, 0x5E, 0x6B, 0x37, 0xDF, 0x10, 0x57, 0x3F, 0x60, 0x4F, 0x2A, 0x29, 0x56, 0x7F, 0xF3, 0x8F,
    0xC6, 0xDF, 0xFC, 0xAF, 0x6B, 0x29, 0x51, 0x58, 0x44, 0xA3, 0xF0, 0x28, 0x44, 0x0A, 0x93, 0x42,
    0xA5, 0x70, 0x29, 0x64, 0x0A, 0x9B, 0x42, 0xA7, 0xF0, 0x29, 0x84, 0x0A, 0xA3, 0x42, 0xA9, 0x70,
    0xFA, 0x1F, 0xA4, 0xBA, 0x8D, 0x88, 0xB6, 0x2F, 0x12, 0x7D, 0x41, 0x58, 0xD5, 0x8A, 0x55, 0xB8,
    0x49, 0x56, 0xC9, 0xA1, 0xD2, 0x62, 0x67, 0xAA, 0xFB, 0xEE, 0xCE, 0xD4, 0x1A, 0xAD, 0x4E, 0xF3,
    0xB6, 0x73, 0x58, 0xC1, 0x3F, 0xC1, 0x37, 0xD1, 0xE7, 0x74, 0x2F, 0x0B, 0xAB, 0x57, 0x37, 0xDB,
    0xEA, 0xCA, 0xFE, 0xD4, 0xEE, 0x72, 0x7F, 0xAA, 0x66, 0x7F, 0x8A, 0x92, 0xEF, 0xB3, 0x35, 0x59,
    0x0D, 0x2A, 0xBE, 0x89, 0x4D, 0x6D, 0xF9, 0x02, 0x23, 0xB5, 0xB6, 0x66, 0xA2, 0xDD, 0x07, 0xDE,
    0x00, 0xA3, 0xC7, 0x98, 0x3C, 0x08, 0xB0, 0xFA, 0x8E, 0x9B, 0x6E, 0x86, 0x55, 0x76, 0xA9, 0xD8,
    0xA4, 0xF2, 0xCD, 0xC0, 0x16, 0xD5, 0xB8, 0x43, 0x35, 0x1B, 0x7B, 0x09, 0xDB, 0x53, 0xEC, 0x4E,
    0x45, 0xC5, 0x3E, 0xDB, 0x28, 0x47, 0x3E, 0x6A, 0xEE, 0x03, 0xD7, 0xC0, 0xC0, 0x14, 0xA2, 0xEC,
    0xC7, 0xE2, 0xE0, 0x61, 0xF1, 0xDE, 0x54, 0x62, 0x9F, 0xA6, 0xF9, 0x98, 0x8D, 0x28, 0xBE, 0x9E,
    0xD7, 0x62, 0x17, 0xCA, 0xAF, 0x3B, 0x85, 0xC5, 0x4D, 0x6D, 0xE3, 0xEE, 0xD8, 0xE7, 0xEB, 0xD5,
    0x31, 0x33, 0x2C, 0x61, 0x06, 0xA9, 0x69, 0xA9, 0xA9, 0xF5, 0x80, 0xCD, 0x3D, 0x0D, 0xE2, 0xA0,
    0x01, 0xA7, 0x2E, 0xB6, 0xCC, 0xE7, 0x0D, 0x4E, 0x4D, 0x81, 0xD3, 0xE1, 0xA4, 0x9D, 0x92, 0x9A,
    0x5B, 0x93, 0x25, 0x08, 0x41, 0x5C, 0x60, 0x55, 0xBC, 0xDF, 0x0E, 0x47, 0x05, 0xD5, 0x84, 0x37,
    0xC3, 0x42, 0x11, 0x57, 0x9A, 0x9B, 0xFE, 0x88, 0xDF, 0xDE, 0xAB, 0x40, 0xD9, 0xC8, 0x12, 0xC6,
    0x2D, 0x74, 0x7B, 0xAC, 0xE9, 0xE2, 0x86, 0x59, 0x43, 0x08, 0x88, 0x72, 0x50, 0x62, 0x6E, 0x39,
    0xCD, 0xEC, 0x63, 0xED, 0xFC, 0x31, 0x5B, 0xFB, 0x61, 0xB5, 0xE1, 0x03, 0xCB, 0x42, 0xB8, 0x4B,
    0x37, 0xC5, 0xDD, 0x85, 0xC5, 0x9E, 0xA0, 0xFF, 0x55, 0x25, 0x05, 0x77, 0x2C, 0x5C, 0x1F, 0x83,
    0x31, 0xFF, 0xCF, 0xE1, 0xAA, 0x11, 0xB8, 0x77, 0xBC, 0x02, 0x1D, 0xA0, 0xB8, 0xAC, 0xB1, 0x75,
    0x08, 0x7B, 0x43, 0x16, 0x6F, 0x27, 0x29, 0x1D, 0x4E, 0x1B, 0xD5, 0xE1, 0xDC, 0xBD, 0xCB, 0x52,
    0xD4, 0xDC, 0xD7, 0xB8, 0x26, 0xDB, 0x4D, 0x6A, 0x3A, 0xD8, 0x2B, 0x27, 0xF2, 0x72, 0xAE, 0xC3,
    0xC6, 0x11, 0x4C, 0x04, 0x3A, 0xA1, 0xA1, 0xEB, 0xC6, 0xE2, 0xB5, 0xF7, 0x3A, 0xD0, 0x6A, 0x75,
    0x36, 0x60, 0x25, 0xCE, 0x9F, 0xA9, 0x12, 0x53, 0xFA, 0x83, 0xFC, 0x5E, 0x7E, 0xC7, 0x91, 0x41,
    0x27, 0x1B, 0x29, 0x18, 0x97, 0xC5, 0xD3, 0xEA, 0x9E, 0xBF, 0x68, 0x5C, 0xE3, 0xD7, 0x8C, 0x29,
    0xC9, 0xB8, 0xD8, 0x2F, 0x19, 0x8F, 0x13, 0xFE, 0x94, 0x59, 0xE6, 0x70, 0xCE, 0x20, 0xE9, 0x18,
    0xCB, 0xE6, 0x52, 0x4F, 0x14, 0xD3, 0x8A, 0xC7, 0x51, 0x92, 0x1F, 0x8F, 0x4A, 0x33, 0x2D, 0x5B,
    0x90, 0x2E, 0xED, 0x64, 0x23, 0x53, 0xF8, 0x3C, 0xD0, 0x35, 0xCD, 0x14, 0xF5, 0x32, 0x4A, 0x06,
    0x8B, 0xA7, 0x7B, 0x67, 0x90, 0xD3, 0xB9, 0xAC, 0xDC, 0x59, 0xB8, 0x03, 0xBF, 0x21, 0xD7, 0x3A,
    0x64, 0x05, 0x1F, 0x91, 0x60, 0x42, 0x7E, 0xF3, 0x3A, 0x8D, 0x1F, 0x3E, 0x79, 0x52, 0xC4, 0xE6,
    0x33, 0x63, 0xE1, 0x1B, 0x85, 0xAD, 0xD7, 0xAE, 0x3E, 0xA2, 0x1D, 0x90, 0xE4, 0xC4, 0x03, 0x04,
    0x9D, 0x62, 0xEA, 0x1C, 0x08, 0x06, 0x98, 0xCC, 0xF9, 0xFE, 0x66, 0x04, 0xAF, 0xC4, 0xC2, 0x5F,
    0x07, 0xC3, 0x72, 0x99, 0xBB, 0xB3, 0x31, 0x42, 0x59, 0xD9, 0x52, 0x5C, 0xC8, 0x3D, 0x6C, 0x25,
    0xAF, 0xB4, 0xE0, 0xE7, 0x22, 0x29, 0x20, 0xDD, 0xDB, 0x62, 0xD2, 0x04, 0x57, 0xC0, 0xF1, 0xEA,
    0xA5, 0xF9, 0x40, 0x8A, 0xF1, 0xCB, 0x9B, 0x26, 0x32, 0x31, 0x50, 0x71, 0xA3, 0x4B, 0xB9, 0xF4,
    0x8C, 0xB8, 0xDD, 0x65, 0x07, 0xE0, 0x15, 0x44, 0x60, 0x2F, 0x24, 0x9A, 0x4A, 0x58, 0xEC, 0x34,
    0x69, 0x9C, 0x3C, 0x4E, 0x22, 0x27, 0x93, 0x93, 0xCA, 0xC9, 0xE5, 0x24, 0x73, 0xB2, 0x39, 0xE9,
    0x9C, 0x7C, 0x4E, 0x42, 0x27, 0xA3, 0x93, 0xD2, 0xC9, 0xE9, 0x24, 0x75, 0xB2, 0xBA, 0xD0, 0x8A,
    0xD7, 0x95, 0x2E, 0xA1, 0xFB, 0xCB, 0x0E, 0xE0, 0x41, 0xE2, 0x73, 0x52, 0x21, 0xC8, 0xD1, 0xDA,
    0x52, 0x22, 0x5A, 0x82, 0xDC, 0xED, 0x1E, 0xBB, 0xF3, 0x66, 0xD4, 0x3B, 0xFA, 0x1D, 0x05, 0x8F,
    0x86, 0xE5, 0xB5, 0x10, 0xC7, 0x1A, 0x25, 0x8F, 0x96, 0x47, 0xCD, 0xA3, 0x67, 0x21, 0xBA, 0x10,
    0xA6, 0xA1, 0x6F, 0x34, 0xB9, 0x56, 0xFA, 0x3D, 0x5B, 0x24, 0xEA, 0x81, 0x34, 0xCA, 0xD6, 0xBC,
    0x82, 0xD8, 0xC2, 0xB6, 0xAE, 0x9F, 0x12, 0xDB, 0x34, 0xB7, 0x80, 0x7E, 0x35, 0xE6, 0xBF, 0x54,
    0xAE, 0x01, 0x28, 0xE6, 0x68, 0xCD, 0x4E, 0xDE, 0xF6, 0x39, 0xC0, 0xE8, 0xB0, 0x1C, 0x1E, 0xA6,
    0xF1, 0x81, 0x01, 0x62, 0xD9, 0x41, 0x18, 0x22, 0x90, 0x1E, 0xA4, 0x48, 0x91, 0xB3, 0xE9, 0xD2,
    0x67, 0x29, 0x64, 0xF0, 0x60, 0xF4, 0xD0, 0x34, 0x7C, 0x4C, 0xE3, 0x87, 0x82, 0x12, 0xDE, 0x06,
    0xDA, 0xE5, 0x1C, 0x5D, 0x39, 0x71, 0xF5, 0x5B, 0x40, 0xCA, 0xEE, 0xE0, 0x51, 0x86, 0xBA, 0x52,
    0xEE, 0x13, 0x7A, 0xBA, 0x9C, 0x72, 0x40, 0xB6, 0x74, 0x3A, 0xC6, 0x13, 0xC7, 0x2E, 0xAA, 0x49,
    0xE2, 0x25, 0x71, 0x44, 0x0F, 0x43, 0x8E, 0x9E, 0x6D, 0x97, 0x1C, 0xA1, 0x35, 0x8C, 0x21, 0xA7,
    0x49, 0xDF, 0xB2, 0x72, 0x58, 0xA6, 0xCA, 0x65, 0x96, 0xC5, 0xC3, 0x34, 0x93, 0xD3, 0xD6, 0x26,
    0x54, 0xDA, 0x01, 0x4A, 0x72, 0x98, 0xC1, 0xD5, 0xD2, 0x66, 0x6A, 0x4E, 0x09, 0xBD, 0x46, 0x70,
    0x18, 0xA5, 0x17, 0xCB, 0xDA, 0x71, 0x59, 0xAD, 0xD1, 0xF0, 0x52, 0x1A, 0x63, 0x59, 0x98, 0x5E,
    0x54, 0xA4, 0x95, 0xFC, 0x8E, 0x08, 0x1E, 0x93, 0xB8, 0xDC, 0x81, 0xB1, 0x47, 0xC6, 0x6B, 0xE0,
    0x1B, 0x5C, 0x61, 0xFE, 0x51, 0x21, 0x4E, 0x13, 0xEC, 0x61, 0xD4, 0xC2, 0xB0, 0x86, 0x11, 0xE4,
    0x2A, 0xDF, 0xD9, 0x44, 0x9B, 0x7F, 0x39, 0xF5, 0x4C, 0xD8, 0x7D, 0x67, 0x46, 0x0F, 0x8B, 0x45,
    0x7A, 0xB8, 0x99, 0x96, 0x95, 0xB7, 0xC0, 0x99, 0x65, 0x5D, 0x71, 0x4D, 0x41, 0xEF, 0x59, 0xD3,
    0xC6, 0x1D, 0xF4, 0xB4, 0xE1, 0xD1, 0xCE, 0xD3, 0x41, 0xCA, 0x5E, 0xA1, 0x80, 0x79, 0xAF, 0xB3,
    0x78, 0xBF, 0xB5, 0xB8, 0xD3, 0x48, 0xF1, 0xA7, 0xB5, 0xC5, 0xA3, 0x92, 0xDF, 0x15, 0x73, 0x0B,
    0x23, 0x8B, 0x1E, 0xB4, 0xA0, 0x5E, 0x3C, 0xE3, 0x4C, 0x3A, 0xE3, 0xF4, 0x52, 0xFC, 0x51, 0x23,
    0x14, 0x58, 0x20, 0x2C, 0xA8, 0x36, 0xC4, 0xCE, 0xD4, 0xDE, 0x05, 0x6E, 0x0F, 0xBD, 0x6E, 0x49,
    0xE7, 0x83, 0xE3, 0x57, 0x73, 0xC3, 0xAA, 0x71, 0xBB, 0xC4, 0x14, 0x5E, 0x67, 0xD5, 0x78, 0xAD,
    0x55, 0xE3, 0xEE, 0x2D, 0x3A, 0x65, 0xDC, 0xC1, 0x83, 0x1E, 0x36, 0xB7, 0xE0, 0xF5, 0x7D, 0xB8,
    0xDD, 0xC0, 0x38, 0x85, 0xCF, 0x01, 0x6D, 0x6D, 0x82, 0xD0, 0x0B, 0x38, 0x33, 0xE5, 0xBF, 0xAF,
    0xC4, 0xA3, 0x7C, 0x51, 0xE6, 0xD4, 0xC2, 0xE7, 0x1A, 0xFB, 0xDC, 0x79, 0xE0, 0x0C, 0x01, 0x0F,
    0x99, 0xE5, 0x9B, 0xFC, 0xCF, 0x0D, 0x9F, 0x09, 0xB3, 0x6C, 0xEB, 0x97, 0xB9, 0xBA, 0x42, 0x6F,
    0xA7, 0x15, 0xFA, 0xC5, 0x00, 0x8F, 0x5A, 0x9B, 0xBD, 0x7F, 0x01, 0xAD, 0x95, 0x01, 0xC4, 0x1E,
    0xC9, 0x19, 0xC7, 0x7F, 0xBB, 0x7B, 0xDF, 0x6D, 0x65, 0xF5, 0xA6, 0x78, 0xCB, 0x89, 0x7C, 0xDD,
    0xA2, 0x50, 0x97, 0xDA, 0x22, 0x08, 0xDA, 0xCC, 0x24, 0x41, 0x50, 0xAD, 0x97, 0x36, 0x50, 0x68,
    0x00, 0x15, 0x70, 0x48, 0x81, 0xFA, 0x66, 0xEF, 0x02, 0x00, 0x1F, 0x00, 0xE0, 0xA5, 0x2D, 0x92,
    0xA8, 0x7C, 0xA5, 0x38, 0x75, 0xDF, 0xED, 0x24, 0x87, 0x03, 0x98, 0xEB, 0x29, 0x00, 0xA3, 0x0A,
    0x5A, 0xDC, 0x1C, 0x53, 0xD6, 0x75, 0xDE, 0x77, 0x3A, 0xF3, 0xBE, 0xEB, 0x73, 0x97, 0x2B, 0x4E,
    0x9A, 0xFF, 0x3C, 0xFF, 0xD9, 0x67, 0x77, 0x9F, 0xE7, 0xD9, 0xE1, 0xD9, 0xF9, 0xCF, 0x7A, 0xF3,
    0x3F, 0xC1, 0x7A, 0xFD, 0x1B, 0xDB, 0x2B, 0x81, 0x34, 0xBF, 0x5C, 0x5F, 0xE2, 0xEB, 0x8C, 0x03,
    0x1E, 0xC0, 0x31, 0x34, 0xEA, 0xFE, 0x13, 0xFB, 0x97, 0x27, 0x76, 0xD3, 0xAA, 0xCD, 0x31, 0x9B,
    0x07, 0x6C, 0x78, 0x09, 0x5B, 0x50, 0x59, 0x5A, 0xC5, 0x15, 0x38, 0x79, 0x7C, 0x7A, 0xF2, 0xD8,
    0x1D, 0x73, 0xAF, 0x55, 0xF7, 0xB0, 0xF7, 0xE0, 0xE5, 0x0C, 0x60, 0x4A, 0x26, 0xED, 0xED, 0xAB,
    0xB7, 0x29, 0x25, 0xFF, 0x05, 0x86, 0xCC, 0x79, 0xB9, 0x16, 0x98, 0xAF, 0x7B, 0xFD, 0x76, 0xB5,
    0x9E, 0x3A, 0xFF, 0xCA, 0xED, 0xFE, 0xEB, 0x9B, 0xC7, 0x8F, 0x1F, 0xFF, 0x7E, 0x59, 0xD5, 0xCC,
    0x82, 0xE2, 0x2F, 0x0C, 0x7C, 0xAB, 0x0A, 0xAD, 0x17, 0x66, 0x18, 0xA5, 0xD2, 0x68, 0xA5, 0xC7,
    0x15, 0xAC, 0x9B, 0xD8, 0xC4, 0x3A, 0x36, 0x73, 0xE3, 0x3B, 0x27, 0x8C, 0xE4, 0x35, 0x6A, 0x2B,
    0x7C, 0x57, 0x86, 0x2B, 0xB1, 0x9A, 0xF7, 0x80, 0x23, 0xA4, 0xD5, 0x46, 0x2B, 0xA9, 0xE4, 0xD8,
    0x9B, 0xCE, 0x36, 0x9E, 0xB3, 0x5C, 0x8F, 0x2A, 0xF4, 0x63, 0xEB, 0x35, 0xC2, 0x6C, 0x19, 0xDE,
    0x89, 0xC8, 0xDB, 0x01, 0xDD, 0x66, 0xDE, 0xC9, 0x7C, 0x38, 0xB3, 0xAA, 0xD6, 0x00, 0xD4, 0xF3,
    0x30, 0x36, 0x51, 0x9A, 0x3A, 0x0E, 0x7B, 0x36, 0x41, 0xAA, 0x8B, 0xBC, 0x5B, 0x81, 0x37, 0xAB,
    0x53, 0x6A, 0xFB, 0x6B, 0x84, 0x4F, 0x74, 0x7B, 0x4E, 0x74, 0x6E, 0x8B, 0x78, 0x16, 0x19, 0x1E,
    0x06, 0x74, 0xE7, 0x78, 0x4F, 0x8C, 0x00, 0x1C, 0xB1, 0x46, 0x7E, 0x12, 0xD1, 0x1F, 0xCD, 0xE8,
    0x9F, 0x78, 0xE4, 0x9D, 0xCC, 0x1C, 0xD3, 0x3F, 0x9F, 0xE9, 0x6C, 0xA4, 0xF1, 0x12, 0xCE, 0xDE,
    0x80, 0x4A, 0x81, 0xB0, 0xD0, 0x9B, 0x85, 0x8A, 0x55, 0x5F, 0x29, 0x9D, 0xD2, 0x38, 0xA5, 0xA4,
    0xFE, 0xF0, 0xE3, 0xCB, 0xF0, 0x23, 0xE0, 0xB7, 0xC0, 0xFB, 0x40, 0x84, 0x6A, 0x86, 0x3A, 0x40,
    0x53, 0xE8, 0xA1, 0x2D, 0x74, 0x00, 0x2B, 0x60, 0x0B, 0x55, 0x5C, 0x18, 0xA8, 0x6E, 0xFA, 0x55,
    0x9B, 0xD2, 0xDC, 0xA5, 0x14, 0x2E, 0xFD, 0xFC, 0xE3, 0x0D, 0xAD, 0x85, 0x2E, 0x53, 0x14, 0x9A,
    0xCC, 0x91, 0xEF, 0x8B, 0xA3, 0x51, 0xA6, 0x64, 0x74, 0xE6, 0xEA, 0xC6, 0x11, 0xDC, 0x00, 0x4E,
    0x80, 0xDD, 0xC2, 0x5F, 0xC0, 0xA5, 0x53, 0x19, 0xA6, 0x39, 0x85, 0xE4, 0xB5, 0x3D, 0xE2, 0x01,
    0x24, 0x45, 0x0A, 0xA4, 0xA4, 0x52, 0x72, 0xC5, 0x76, 0x24, 0xC7, 0x6E, 0xF9, 0x49, 0x07, 0xAB,
    0x9D, 0xF6, 0x32, 0x47, 0x02, 0x94, 0xFE, 0x68, 0x93, 0x98, 0x9E, 0x65, 0xDE, 0xDC, 0xB2, 0x62,
    0xCD, 0x82, 0x7E, 0xAC, 0x03, 0x12, 0x6D, 0xBA, 0x99, 0xA4, 0x26, 0x23, 0xCA, 0x45, 0x2B, 0xE1,
    0xD9, 0xB1, 0xA2, 0x52, 0x65, 0x2A, 0x5D, 0xF5, 0xA5, 0xDA, 0x97, 0x77, 0xE9, 0xBD, 0xB7, 0xEC,
    0xD9, 0x5B, 0xAF, 0x7A, 0x97, 0x8E, 0xA7, 0x27, 0xE3, 0xAB, 0xD8, 0xA5, 0xA7, 0xD4, 0x81, 0xF6,
    0x8F, 0x5C, 0xF9, 0x9D, 0xFA, 0xE1, 0xC6, 0xB0, 0xE1, 0xFF, 0xB1, 0x03, 0xAA, 0x4F, 0x14, 0x0F,
    0x1C, 0xC7, 0xD7, 0xEF, 0x3F, 0xFD, 0xD9, 0x3F, 0x9F, 0xFE, 0xD4, 0x1E, 0x5F, 0xB3, 0x6F, 0xDB,
    0x8F, 0x3F, 0x54, 0x16, 0x5E, 0xC2, 0x96, 0x9A, 0x1F, 0xA9, 0xEE, 0x98, 0xAB, 0x0F, 0xF8, 0xD3,
    0xE7, 0x8F, 0xDE, 0xFE, 0xFC, 0xC9, 0x95, 0x6B, 0x6D, 0xFB, 0xCD, 0xB6, 0xFA, 0xF0, 0x0E, 0xB4,
    0x2F, 0x65, 0x2F, 0xA0, 0x19, 0x01, 0xD0, 0x8E, 0xD6, 0x03, 0xD4, 0x69, 0x46, 0x58, 0x80, 0xEE,
    0xDF, 0x11, 0x39, 0x02, 0xF4, 0x66, 0xCB, 0x04, 0x80, 0x1C, 0xB7, 0xC4, 0x83, 0xC7, 0xB6, 0x09,
    0x87, 0x54, 0x62, 0xE7, 0x0E, 0x5E, 0x15, 0x85, 0x39, 0x78, 0x4D, 0x90, 0x3C, 0x82, 0xFB, 0x65,
    0x63, 0x9D, 0x77, 0xC9, 0xB4, 0xC9, 0xCA, 0xF4, 0x6C, 0x96, 0x9F, 0xBA, 0xE1, 0x53, 0xDF, 0xED,
    0x9A, 0x22, 0x35, 0xBA, 0xF1, 0x20, 0x4C, 0x6C, 0xFD, 0xAE, 0x94, 0x1A, 0x6E, 0x65, 0x2F, 0x16,
    0xEF, 0xA4, 0x99, 0xBB, 0xCF, 0x62, 0x79, 0x9B, 0x6F, 0xC5, 0xDF, 0xF3, 0x63, 0x9A, 0x90, 0xBD,
    0xE7, 0xB3, 0xB0, 0x74, 0xAE, 0x99, 0xE5, 0xBB, 0x71, 0x30, 0xF4, 0xA6, 0xDE, 0x25, 0x52, 0x02,
    0xA9, 0x48, 0x33, 0x53, 0x84, 0x1B, 0x70, 0x59, 0xE5, 0x9D, 0x00, 0xDF, 0xE0, 0x02, 0x95, 0xAD,
    0xE7, 0x5C, 0x32, 0x08, 0xDF, 0x5B, 0x39, 0x4A, 0xAE, 0x5E, 0x3C, 0xFF, 0x01, 0xF5, 0x2C, 0x55,
    0x33, 0x6B, 0xD5, 0x85, 0x84, 0xF8, 0x6C, 0x47, 0xFF, 0xD7, 0x58, 0x44, 0x00, 0xD9, 0x3A, 0xAE,
    0x36, 0xE6, 0x8B, 0x45, 0xDE, 0xE0, 0xCF, 0xF5, 0xDC, 0x9B, 0x6D, 0xFE, 0xFE, 0xB3, 0x6D, 0x17,
    0xE4, 0xC3, 0x28, 0xFC, 0xD4, 0x86, 0xDE, 0xEE, 0x3A, 0x2F, 0xDF, 0x89, 0xC2, 0xCA, 0x3A, 0xF4,
    0xE3, 0xD5, 0xCA, 0x09, 0x16, 0x7C, 0x87, 0xA2, 0x8F, 0xD2, 0xF4, 0x56, 0xB8, 0xD6, 0xD7, 0x01,
    0xBF, 0x3C, 0xE7, 0x0C, 0xDD, 0x04, 0xF4, 0xED, 0x88, 0x7C, 0x1E, 0xC9, 0x25, 0x10, 0x6E, 0xA2,
    0xF5, 0x52, 0xE5, 0x1A, 0x06, 0xDF, 0x29, 0xE0, 0x22, 0xB8, 0x55, 0x39, 0x7A, 0x18, 0x73, 0xF8,
    0x60, 0x72, 0x7C, 0xEF, 0x72, 0x82, 0xF0, 0x39, 0xA3, 0x0D, 0x39, 0xE5, 0x56, 0x2C, 0x39, 0xB1,
    0x24, 0x5D, 0x07, 0x80, 0x37, 0x81, 0x13, 0xA8, 0xD2, 0x48, 0xFB, 0x1F, 0x57, 0x04, 0x0D, 0xC9,
    0x07, 0xA5, 0x14, 0x13, 0x4D, 0xA4, 0xF7, 0x68, 0xC3, 0xA4, 0x48, 0x23, 0xD2, 0x20, 0x1C, 0x6D,
    0x80, 0x6C, 0x50, 0x5B, 0x9A, 0x40, 0xBD, 0x85, 0xA4, 0x4A, 0x90, 0xCC, 0x71, 0x63, 0xBD, 0xA3,
    0x0B, 0x0C, 0xB6, 0x14, 0x00, 0xBE, 0x0B, 0x8C, 0xEF, 0xB3, 0x69, 0x9C, 0xAC, 0x67, 0x61, 0xC4,
    0xBB, 0xF3, 0x40, 0xE3, 0xFC, 0x39, 0xD5, 0x5C, 0x97, 0xF6, 0xB5, 0x16, 0xFA, 0x5F, 0x29, 0xFA,
    0x6E, 0x27, 0x94, 0xCC, 0x6F, 0xCD, 0x70, 0x3B, 0xF6, 0xE6, 0x48, 0x3C, 0x3D, 0x02, 0x29, 0x0C,
    0x94, 0xE6, 0x36, 0x7E, 0x1D, 0xC9, 0x3D, 0x95, 0x0C, 0x75, 0x14, 0xE3, 0x79, 0x15, 0x1A, 0x77,
    0x0D, 0x2A, 0x03, 0x50, 0xDA, 0x98, 0x1B, 0x39, 0xA9, 0xB2, 0x48, 0x12, 0xF5, 0xAE, 0xDE, 0xD1,
    0x6C, 0x9B, 0x2D, 0xE5, 0x9C, 0xA1, 0xC9, 0xFD, 0xA4, 0x0D, 0x6D, 0xA0, 0xF5, 0x9D, 0xA7, 0xDB,
    0x4F, 0x4E, 0x38, 0x84, 0x15, 0x06, 0x61, 0x0E, 0xD3, 0x88, 0x18, 0xCB, 0xA4, 0x7A, 0xC5, 0x6B,
    0x79, 0x1C, 0xD0, 0xAB, 0x41, 0xA1, 0x8D, 0x1E, 0x99, 0xC6, 0x69, 0x44, 0x33, 0xC1, 0x2A, 0x0F,
    0xEE, 0xDE, 0xBD, 0xBB, 0x4E, 0xCB, 0x39, 0x57, 0xCE, 0x40, 0x98, 0x42, 0xCA, 0xE3, 0x85, 0xCD,
    0xD2, 0x79, 0x40, 0x58, 0x40, 0x8E, 0xC0, 0x07, 0x1C, 0x84, 0x9C, 0x26, 0x70, 0x90, 0x6D, 0xFA,
    0x11, 0x90, 0x2C, 0xA7, 0x41, 0x15, 0x80, 0xC6, 0x01, 0xC2, 0x00, 0x83, 0xFA, 0x4A, 0x92, 0x70,
    0xC0, 0x60, 0x00, 0xAD, 0x0E, 0x9D, 0xFB, 0xD2, 0xEF, 0xDB, 0x6D, 0x19, 0x02, 0x43, 0x52, 0xD3,
    0x16, 0x99, 0x4C, 0x4A, 0xC8, 0xC9, 0xEE, 0x92, 0xFA, 0x9E, 0xB0, 0xA7, 0x52, 0x21, 0x2C, 0x65,
    0x36, 0x48, 0x8A, 0xB3, 0x25, 0x5B, 0x13, 0x8A, 0x09, 0xBB, 0xBC, 0x94, 0x10, 0x41, 0xAF, 0xAB,
    0xAD, 0x42, 0x87, 0x2A, 0x59, 0xA4, 0x23, 0x8D, 0x1C, 0xC1, 0x8A, 0x05, 0x83, 0xE2, 0x1C, 0xF4,
    0x58, 0xED, 0x38, 0x74, 0x9C, 0x89, 0x3A, 0x96, 0x00, 0x96, 0xA3, 0x77, 0xD3, 0x6D, 0x11, 0x3E,
    0xAF, 0x63, 0x70, 0x32, 0x19, 0x69, 0xF2, 0x2A, 0xB4, 0xC9, 0x8B, 0xD0, 0x23, 0xC2, 0x4E, 0x20,
    0x4C, 0x02, 0xA9, 0x76, 0xB0, 0x3D, 0x2C, 0x21, 0x22, 0x6C, 0x15, 0x91, 0x54, 0x33, 0x7A, 0x5D,
    0x07, 0x74, 0xA8, 0x3D, 0xD2, 0xE5, 0xE9, 0x88, 0xEA, 0xE2, 0xBB, 0xB5, 0x43, 0x8F, 0x22, 0x30,
    0x8D, 0xC2, 0x33, 0x21, 0xDC, 0xE1, 0x58, 0xE1, 0x72, 0x26, 0xD3, 0xCD, 0x34, 0x92, 0xDA, 0xE4,
    0xEB, 0x5D, 0x97, 0x42, 0xB3, 0xED, 0xFE, 0x95, 0xFB, 0x5F, 0x57, 0xB1, 0x99, 0xA9, 0x62, 0x1B,
    0xA8, 0x43, 0xBB, 0xF4, 0x7F, 0x30, 0x9D, 0x2B, 0xE9, 0xB6, 0x9E, 0x11, 0xA6, 0x75, 0x79, 0x12,
    0x7F, 0x43, 0x8C, 0x22, 0x21, 0x54, 0x17, 0x79, 0x0D, 0xD6, 0x2C, 0x7F, 0x40, 0xE3, 0xD0, 0x46,
    0xF8, 0xC3, 0x27, 0x35, 0xC2, 0x96, 0x4F, 0x72, 0x40, 0xFD, 0x88, 0xD7, 0xE9, 0x93, 0xED, 0x47,
    0x9D, 0x52, 0x52, 0xE7, 0x75, 0xDA, 0x71, 0x9D, 0xE1, 0x1F, 0xC0, 0x0B, 0x6A, 0xD0, 0xAA, 0xBD,
    0x1E, 0x74, 0x6E, 0xAF, 0x08, 0xC2, 0xED, 0x35, 0x61, 0xB0, 0x7B, 0x55, 0x90, 0x66, 0xAF, 0x0B,
    0x9A, 0xBD, 0x32, 0xEC, 0xD8, 0x6B, 0x43, 0xA4, 0xA8, 0x03, 0x67, 0x2C, 0xF8, 0x2F, 0x3D, 0x91,
    0x3F, 0xA8, 0x1D, 0x45, 0x18, 0xC5, 0x7F, 0xBB, 0x8B, 0x19, 0x70, 0x8A, 0xB1, 0x11, 0x31, 0x16,
    0xDB, 0x47, 0x64, 0xFB, 0xE6, 0x7D, 0x4B, 0xD2, 0x43, 0x8A, 0x80, 0x65, 0xFA, 0xEA, 0x35, 0x96,
    0xB9, 0x77, 0x2E, 0xB6, 0x16, 0xA6, 0x48, 0xAF, 0xA5, 0xE4, 0x15, 0xB7, 0xB5, 0xC8, 0xBB, 0x3B,
    0xC6, 0xC6, 0x72, 0x83, 0xD8, 0x8F, 0x60, 0x65, 0x35, 0xE0, 0x08, 0xFB, 0x92, 0xD9, 0xFD, 0xBC,
    0xC3, 0xC5, 0x77, 0x38, 0x07, 0x86, 0xF9, 0xF3, 0x31, 0xFC, 0x0E, 0x5F, 0x44, 0xD0, 0x95, 0x6E,
    0x55, 0x6C, 0xF4, 0xB8, 0x20, 0x0C, 0xE7, 0xC8, 0xE8, 0x11, 0x26, 0x84, 0x15, 0x69, 0x0A, 0xF2,
    0x24, 0x33, 0x68, 0xC4, 0xE9, 0x48, 0xF3, 0x0A, 0xE0, 0x2B, 0x60, 0x83, 0x6E, 0x05, 0x57, 0xE0,
    0xEA, 0x0D, 0x2C, 0x0B, 0xDD, 0x9F, 0x19, 0xF7, 0x36, 0x21, 0x37, 0xEF, 0xF1, 0xAA, 0x3C, 0xBC,
    0xB9, 0x03, 0x33, 0x83, 0x0D, 0xF0, 0xD1, 0x08, 0x8F, 0x5E, 0x83, 0x57, 0xD0, 0x0D, 0x16, 0x68,
    0xEE, 0xA0, 0xD5, 0x99, 0xE6, 0x3A, 0x41, 0x97, 0xA1, 0x3D, 0xA7, 0x4B, 0xD0, 0x47, 0x1E, 0x69,
    0x40, 0x56, 0xF8, 0xF8, 0x29, 0xD0, 0xFE, 0x8C, 0x6C, 0x8D, 0xBE, 0x34, 0x19, 0x17, 0x10, 0x1D,
    0x45, 0xE3, 0xCE, 0xA4, 0xDB, 0xAE, 0xFA, 0x64, 0x92, 0x1C, 0xE7, 0x5E, 0xC7, 0xE6, 0x15, 0x0F,
    0x5F, 0xFF, 0x28, 0xBA, 0xC8, 0x4D, 0x7E, 0x61, 0xE3, 0x37, 0x7D, 0x40, 0x60, 0xA5, 0x5D, 0x30,
    0x09, 0x37, 0x33, 0x04, 0x64, 0x44, 0xE0, 0x73, 0xE0, 0xFA, 0xD0, 0x69, 0x76, 0xEF, 0x8A, 0x0B,
    0xC5, 0xBD, 0xCD, 0xF6, 0x43, 0xEC, 0x74, 0xEC, 0x8F, 0x61, 0x6F, 0x63, 0x31, 0xA9, 0xD8, 0x38,
    0x1D, 0x83, 0x28, 0xCD, 0x53, 0x18, 0x5E, 0x36, 0x5A, 0xBA, 0x7F, 0x57, 0x3B, 0xEF, 0x5D, 0x10,
    0x17, 0xAE, 0x6C, 0x3C, 0x75, 0x5A, 0x38, 0xD6, 0xB9, 0x0C, 0xF3, 0x97, 0x8A, 0xCF, 0x7C, 0x0A,
    0x30, 0x4E, 0xDF, 0xA7, 0xA3, 0x4F, 0xEE, 0x9F, 0xD4, 0xFF, 0x1A, 0x87, 0x27, 0xB3, 0x98, 0xF3,
    0xED, 0xDF, 0x76, 0xAE, 0xBC, 0x71, 0xE9, 0xD9, 0x83, 0x11, 0x80, 0x61, 0xA1, 0xD1, 0x0D, 0x93,
    0x27, 0xDC, 0xEC, 0xE9, 0x2B, 0xF4, 0x83, 0xE7, 0x02, 0xFD, 0x74, 0x81, 0xFE, 0xB8, 0x20, 0xDF,
    0x25, 0x06, 0x0D, 0x98, 0x8D, 0x7B, 0x5D, 0x1F, 0xAC, 0x8E, 0x46, 0x41, 0xC0, 0xC3, 0x09, 0x6E,
    0xA1, 0x54, 0x37, 0x0B, 0xED, 0x72, 0x21, 0x03, 0x80, 0xCF, 0xAD, 0xAE, 0x26, 0x9F, 0x4C, 0xD8,
    0x37, 0x17, 0x04, 0x36, 0x22, 0x87, 0x66, 0xA5, 0x7E, 0xF9, 0xEF, 0x9F, 0x44, 0x4B, 0x6D, 0x14,
    0x1A, 0x9D, 0x8D, 0x26, 0xF7, 0x6D, 0x7E, 0xD0, 0x26, 0x4C, 0xC4, 0x9F, 0xB1, 0x84, 0xF6, 0xF9,
    0x5C, 0xD7, 0x6E, 0xC6, 0x07, 0x55, 0xA6, 0xBF, 0xB8, 0xD7, 0x09, 0xDA, 0x15, 0x6C, 0x81, 0xE1,
    0x9C, 0x5D, 0xA1, 0xC9, 0x0B, 0xE6, 0x5D, 0xA6, 0x7F, 0x9C, 0x10, 0xD5, 0x1A, 0xEA, 0x6B, 0x6C,
    0xB8, 0xC4, 0x2B, 0x4C, 0x0A, 0xEB, 0x33, 0xC8, 0xD0, 0x6E, 0x23, 0x9D, 0xD6, 0xF3, 0x0C, 0xDD,
    0x25, 0x98, 0x04, 0xD7, 0x33, 0xA2, 0x63, 0xE5, 0x73, 0x2F, 0xBB, 0x32, 0xDD, 0x75, 0x2B, 0x36,
    0xD2, 0xFF, 0x81, 0x68, 0xF0, 0x3F, 0x5C, 0x5A, 0xAF, 0xF6, 0x36, 0x8A, 0x06, 0xBB, 0x01, 0x0C,
    0x9A, 0x45, 0x97, 0xDD, 0xD7, 0xE9, 0x85, 0x9B, 0x3F, 0x19, 0x46, 0xF6, 0x50, 0xEA, 0x60, 0x1B,
    0x71, 0x01, 0x39, 0x20, 0x70, 0xC5, 0xFF, 0x9A, 0xA2, 0xF9, 0xB0, 0xD4, 0xE2, 0x7F, 0x59, 0xDC,
    0xEF, 0xC9, 0x68, 0x30, 0x3A, 0x0E, 0xCF, 0xE7, 0x5B, 0x93, 0x8A, 0x49, 0xAB, 0x8B, 0x5E, 0x0F,
    0xFD, 0x0A, 0x40, 0x03, 0x53, 0x6A, 0xB5, 0x98, 0x78, 0x72, 0x41, 0xAA, 0xE7, 0xBD, 0x7D, 0xBF,
    0x9E, 0x77, 0xF8, 0xAC, 0x4E, 0x6F, 0xA6, 0xE0, 0x37, 0x24, 0x02, 0xFC, 0x07, 0x65, 0x91, 0x01,
    0x86, 0xDE, 0x50, 0x14, 0x85, 0xBF, 0x9B, 0x74, 0xFC, 0x34, 0x48, 0xD1, 0xA2, 0x06, 0x59, 0x42,
    0xA0, 0x00, 0xDC, 0xB4, 0x1B, 0xE8, 0x2C, 0xA6, 0x00, 0x95, 0x2C, 0xA1, 0xE8, 0x00, 0x50, 0x00,
    0x5D, 0x43, 0x79, 0x6F, 0x07, 0xFD, 0x67, 0x07, 0x01, 0x30, 0xC5, 0xBC, 0x12, 0xA4, 0xF5, 0xF2,
    0x4E, 0x3D, 0x02, 0x35, 0x07, 0x9F, 0xC3, 0xE5, 0xB8, 0x7C, 0x8C, 0x52, 0xC6, 0x2B, 0x6E, 0x2B,
    0xDA, 0x4C, 0xE6, 0x92, 0xD9, 0x2B, 0x12, 0xDD, 0x0E, 0xF4, 0x5B, 0xC5, 0x9F, 0xEF, 0x30, 0x48,
    0x30, 0xAA, 0x80, 0xAF, 0x80, 0x47, 0x68, 0xC2, 0x23, 0x5C, 0x24, 0x30, 0xDD, 0x03, 0x9A, 0x6A,
    0xFB, 0x0A, 0xA3, 0x32, 0x78, 0xC5, 0x19, 0x0B, 0x57, 0xE8, 0xB4, 0x81, 0x3F, 0x65, 0x08, 0x1F,
    0x32, 0x14, 0xDB, 0x69, 0xB2, 0xAD, 0xB4, 0x3B, 0xD0, 0x6D, 0x2F, 0x30, 0xD5, 0x2F, 0x2A, 0x18,
    0x56, 0xEA, 0xFC, 0x37, 0x3A, 0x29, 0xF1, 0x32, 0x3C, 0x7E, 0x81, 0x79, 0x02, 0x02, 0xF0, 0xBA,
    0x70, 0xB3, 0xB8, 0xA4, 0x38, 0xAB, 0xE2, 0x21, 0x88, 0xB7, 0xFC, 0x9F, 0x5B, 0xED, 0x00, 0x60,
    0x92, 0x16, 0x80, 0xBA, 0xAC, 0x2B, 0x00, 0xF6, 0x31, 0x79, 0x02, 0x80, 0x3E, 0x0D, 0x67, 0x1B,
    0x52, 0x9F, 0xFA, 0x08, 0x30, 0xAE, 0x7D, 0xF2, 0x05, 0xC0, 0xAF, 0x43, 0xF2, 0x89, 0x37, 0xE0,
    0xD1, 0x1F, 0x74, 0x34, 0x8A, 0x78, 0xD4, 0x4F, 0xE5, 0x5E, 0x91, 0xF9, 0x49, 0xA6, 0xBB, 0xF1,
    0x7D, 0x24, 0x68, 0xA3, 0x30, 0x46, 0x50, 0x99, 0xEC, 0xA0, 0x6E, 0x0A, 0x2C, 0xD3, 0x1F, 0x98,
    0xA0, 0xC9, 0x34, 0xC2, 0x0A, 0xB4, 0x19, 0xC2, 0xD2, 0x1C, 0xD0, 0xEE, 0xEF, 0x56, 0x5F, 0x2E,
    0x65, 0xA2, 0xD5, 0xDF, 0xDD, 0xA7, 0x59, 0x89, 0x56, 0xBF, 0x55, 0x08, 0x5A, 0x69, 0x34, 0xCD,
    0x1B, 0xCF, 0x62, 0x61, 0x3F, 0x5D, 0x04, 0x15, 0x5A, 0x4D, 0x9F, 0xAB, 0xA8, 0x1F, 0x0C, 0x2B,
    0x9F, 0x4E, 0x29, 0xBF, 0x32, 0x9D, 0x94, 0xB9, 0xD1, 0xFD, 0x1D, 0x08, 0x18, 0xA5, 0x84, 0x4B,
    0x57, 0x10, 0xA7, 0x28, 0x42, 0xE4, 0x15, 0xF3, 0x66, 0x89, 0x7A, 0xA6, 0x97, 0x22, 0xA6, 0x03,
    0x30, 0xF8, 0x07, 0x62, 0x00, 0x03, 0x1D, 0x40, 0xA3, 0x64, 0x08, 0x1B, 0x37, 0x13, 0x44, 0xE1,
    0x17, 0xFB, 0xF4, 0xE7, 0x24, 0xFF, 0xD2, 0x96, 0x94, 0x94, 0xB8, 0xA0, 0x28, 0xE0, 0xA6, 0xA0,
    0x30, 0xF5, 0x1E, 0x47, 0x25, 0x87, 0x0A, 0xC2, 0x0F, 0x95, 0xAB, 0x8D, 0x97, 0xF3, 0xF2, 0x80,
    0x04, 0xD4, 0xA4, 0x1C, 0xC4, 0xB6, 0x14, 0xAE, 0x84, 0x84, 0x1B, 0x87, 0xC4, 0x20, 0xC0, 0xC0,
    0xF6, 0xF6, 0xCD, 0x28, 0xE9, 0x9D, 0x54, 0xB5, 0xBA, 0x39, 0xBD, 0x4F, 0xB7, 0x9E, 0xF1, 0xEA,
    0xCD, 0x8C, 0x15, 0x0D, 0x95, 0x4C, 0x44, 0xD6, 0x13, 0xF2, 0x50, 0x55, 0x17, 0x65, 0x8C, 0xF1,
    0xC9, 0x2B, 0xF2, 0xFB, 0x6D, 0x75, 0x61, 0x09, 0x2B, 0xB1, 0x62, 0x7B, 0x6D, 0x17, 0x9E, 0x8A,
    0x2D, 0xD2, 0xD8, 0xC3, 0xC5, 0x11, 0xBE, 0x6C, 0x50, 0x7B, 0x1F, 0x4E, 0xBD, 0xB3, 0xDC, 0xC1,
    0xDA, 0xC5, 0x51, 0x47, 0xA4, 0x83, 0xFE, 0x9B, 0xA1, 0xD9, 0x70, 0x52, 0x55, 0x3F, 0x3B, 0x75,
    0xD5, 0x1B, 0x4E, 0xAA, 0xAB, 0xB3, 0x3B, 0x4D, 0xAC, 0x9F, 0x4B, 0xAC, 0x18, 0xDD, 0xBE, 0xAB,
    0x43, 0xB5, 0x80, 0x3A, 0x6D, 0xE8, 0xD8, 0x37, 0x8D, 0x75, 0xA0, 0x9D, 0x20, 0x06, 0x60, 0x85,
    0xBD, 0xF8, 0x80, 0x2F, 0xC0, 0x74, 0xC4, 0xF4, 0x88, 0x08, 0xD7, 0x41, 0x82, 0x3C, 0xD0, 0x55,
    0xA3, 0x63, 0x2A, 0x15, 0x72, 0xBF, 0x39, 0xEB, 0x32, 0x4D, 0xA4, 0xA3, 0xBA, 0x1A, 0xF9, 0xC3,
    0x7B, 0xBC, 0x85, 0x05, 0x16, 0xBB, 0x59, 0x1D, 0xC7, 0x1E, 0x79, 0x9C, 0x50, 0x96, 0x25, 0x0A,
    0xBF, 0xC2, 0xD2, 0x2F, 0xFF, 0x70, 0xC6, 0x67, 0xCC, 0x09, 0x3C, 0x6B, 0x76, 0xAE, 0x5A, 0xCB,
    0xD9, 0x5D, 0x59, 0x00, 0xA4, 0x03, 0x9A, 0x81, 0x39, 0x3A, 0x7A, 0x7C, 0x6C, 0xDD, 0xED, 0x6D,
    0x9B, 0xBA, 0x1B, 0xC0, 0xB5, 0xBF, 0x75, 0xEC, 0x6E, 0xD6, 0x39, 0x9F, 0x67, 0x31, 0x86, 0x24,
    0xCE, 0x56, 0x8F, 0xFC, 0x0E, 0xAF, 0x3F, 0x7F, 0xFF, 0xE4, 0x39, 0xCB, 0x17, 0x01, 0x12, 0xFE,
    0xAA, 0x77, 0xD4, 0xB5, 0x84, 0x64, 0x92, 0x90, 0xF5, 0xB2, 0x96, 0x56, 0xD6, 0x6C, 0x79, 0xDD,
    0x50, 0x9E, 0x72, 0x77, 0xC0, 0xF1, 0xF0, 0xBC, 0x8B, 0xAF, 0xD4, 0x2B, 0xA0, 0xC6, 0x3F, 0xF4,
    0x1F, 0x95, 0x07, 0xAA, 0x43, 0xCD, 0xDD, 0x9D, 0x63, 0x86, 0xDE, 0x47, 0x05, 0x0A, 0xE0, 0x98,
    0xED, 0x73, 0x14, 0x5E, 0xEC, 0x74, 0xC9, 0xD0, 0x78, 0x03, 0xD8, 0xCE, 0x0D, 0xA7, 0x8A, 0x86,
    0x48, 0x26, 0x22, 0xEB, 0x08, 0x2E, 0xA0, 0xD4, 0x3B, 0xA2, 0x01, 0x3C, 0x6E, 0xC0, 0x04, 0x90,
    0x8C, 0x04, 0xA2, 0xE2, 0x14, 0x2F, 0x91, 0x50, 0x36, 0x24, 0xF8, 0x40, 0xCC, 0xF6, 0x8D, 0x6F,
    0xAA, 0xCB, 0xCC, 0x76, 0xA9, 0x38, 0x07, 0xC3, 0x60, 0x47, 0x4B, 0xB0, 0x64, 0x7B, 0x69, 0x4D,
    0xD8, 0x6C, 0xE0, 0x14, 0x09, 0x14, 0x1D, 0x91, 0x0D, 0x9A, 0x98, 0x89, 0x9A, 0xE9, 0x74, 0x96,
    0x1E, 0x6E, 0x96, 0x11, 0xBE, 0x96, 0x06, 0xAB, 0x42, 0x56, 0x58, 0x14, 0xB2, 0x00, 0x0A, 0xC1,
    0x41, 0xF8, 0x98, 0xEF, 0x5B, 0xB5, 0xA1, 0x58, 0x3B, 0xDB, 0x1F, 0x1B, 0x1B, 0x59, 0x0C, 0x0A,
    0xEB, 0xF1, 0xC9, 0x60, 0x47, 0x4B, 0x6C, 0xAF, 0x36, 0xD6, 0xD3, 0x40, 0x64, 0xE6, 0xAD, 0xB5,
    0xAB, 0xEC, 0xD2, 0x83, 0x1D, 0x2C, 0x0B, 0x59, 0xA2, 0x28, 0x44, 0x60, 0x2D, 0x64, 0xB3, 0x0C,
    0x48, 0x66, 0xE9, 0xAC, 0xC1, 0xE7, 0x56, 0xAD, 0x69, 0x6B, 0xDF, 0xE2, 0x7F, 0xB4, 0x80, 0x4F,
    0x7B, 0x60, 0xA2, 0x53, 0xAE, 0xB7, 0x81, 0xA3, 0xA1, 0x56, 0x88, 0xEE, 0x1A, 0x38, 0x7A, 0xFA,
    0xA6, 0x4E, 0xED, 0x98, 0x11, 0x81, 0x25, 0x35, 0x30, 0xB3, 0xD8, 0x5E, 0xB3, 0x0B, 0x2C, 0x7E,
    0x01, 0xBD, 0x97, 0x3F, 0x70, 0xDD, 0x58, 0xF5, 0xC7, 0xBF, 0x92, 0xD6, 0xD6, 0x6F, 0xF6, 0x16,
    0x4A, 0x11, 0xCF, 0x6F, 0xD8, 0x30, 0xA8, 0xA1, 0x5A, 0x58, 0xAB, 0x5D, 0x0A, 0x22, 0x51, 0x30,
    0x14, 0x14, 0xEB, 0x22, 0x2E, 0xA0, 0x49, 0x43, 0xE5, 0x26, 0xFD, 0xCC, 0xB2, 0xD2, 0xB0, 0x05,
    0xE5, 0xBA, 0x80, 0x9A, 0x14, 0x69, 0xE2, 0x14, 0xAF, 0xDD, 0x22, 0xB6, 0x34, 0x43, 0x49, 0x81,
    0x9A, 0x1D, 0xCA, 0xD5, 0x32, 0xA9, 0xD2, 0xE4, 0x02, 0x62, 0x10, 0x8E, 0xA4, 0xC3, 0xF9, 0xDE,
    0x3B, 0xD2, 0x7B, 0x1B, 0x1B, 0x4F, 0x26, 0xC9, 0x70, 0xEC, 0xFB, 0xF1, 0xD3, 0xBD, 0xE7, 0xCF,
    0xF7, 0x1E, 0x3F, 0x3D, 0xDD, 0x07, 0x67, 0xB9, 0x05, 0xC4, 0x71, 0x46, 0x3A, 0x20, 0x9C, 0x90,
    0x8C, 0x88, 0x46, 0x18, 0x65, 0x8F, 0x78, 0x3E, 0x7B, 0x62, 0x11, 0x89, 0x48, 0x87, 0x50, 0xD9,
    0x00, 0xF2, 0x55, 0x59, 0x29, 0x9B, 0xBC, 0x00, 0xCA, 0xA6, 0x64, 0x8A, 0x6E, 0x52, 0x66, 0x76,
    0x54, 0xA6, 0x7F, 0x1F, 0x94, 0xC9, 0x4B, 0xAB, 0x34, 0x42, 0xC6, 0xD2, 0x2A, 0x23, 0x86, 0x22,
    0x94, 0x0A, 0x60, 0x25, 0xDA, 0x11, 0xB1, 0xFF, 0x08, 0x28, 0xA5, 0x0A, 0xB4, 0x40, 0xD8, 0x65,
    0x16, 0x48, 0x06, 0x20, 0x1E, 0x81, 0xC8, 0x0F, 0xF3, 0x72, 0xD4, 0xF5, 0x31, 0x94, 0xCD, 0x18,
    0x0F, 0xD1, 0x98, 0xD8, 0x68, 0x4C, 0xDB, 0x68, 0xC8, 0x9B, 0xB8, 0xCF, 0x1B, 0x63, 0xF3, 0x26,
    0xD1, 0x91, 0xB6, 0x79, 0xC3, 0x9F, 0xBA, 0xC8, 0x5F, 0xCE, 0x48, 0xA4, 0x47, 0xC4, 0x42, 0xB7,
    0xE0, 0x2C, 0x17, 0xB1, 0x3A, 0x7A, 0x0E, 0x20, 0xB9, 0x32, 0x3E, 0x3C, 0xDB, 0xF4, 0xCB, 0xFA,
    0xC1, 0xF1, 0xFD, 0x2B, 0xEB, 0xB7, 0x75, 0x94, 0x22, 0xCB, 0xB0, 0xF0, 0x86, 0x0F, 0x1E, 0xA1,
    0x43, 0x2C, 0xF2, 0xB9, 0x45, 0xE6, 0x5A, 0x53, 0x5F, 0x6E, 0x04, 0xA1, 0x14, 0xA1, 0x20, 0x9A,
    0x28, 0xC1, 0x0C, 0x30, 0xA2, 0x0A, 0x91, 0x95, 0x6D, 0x6A, 0x71, 0x9E, 0x75, 0x69, 0x17, 0xF6,
    0x69, 0x97, 0xB5, 0xA6, 0x25, 0xB3, 0x8A, 0xFC, 0x0C, 0x59, 0x9B, 0x7E, 0x33, 0x40, 0xF7, 0xF1,
    0xAF, 0x4E, 0x99, 0x48, 0x85, 0xBA, 0x32, 0x33, 0x02, 0x41, 0x24, 0x30, 0x4C, 0x75, 0x29, 0x03,
    0x12, 0x11, 0x69, 0x91, 0x1B, 0x99, 0x81, 0x1F, 0xE2, 0x17, 0x47, 0x58, 0xED, 0x7D, 0xA2, 0xAE,
    0xA0, 0x11, 0x0D, 0x5B, 0xDD, 0xB2, 0xEB, 0x9D, 0xFF, 0x07, 0x20, 0xF9, 0x73, 0x0F, 0x64, 0x5F,
    0x8C, 0x40, 0x1E, 0x2B, 0xCA, 0x68, 0x06, 0xA6, 0x48, 0x80, 0x31, 0x50, 0xA9, 0x03, 0xA4, 0x8A,
    0x7A, 0x48, 0x13, 0x5B, 0x94, 0x6D, 0xA2, 0xF5, 0xBB, 0x54, 0x8B, 0xD8, 0xAC, 0x41, 0xDA, 0xE7,
    0xCF, 0xCF, 0x36, 0x63, 0x29, 0x22, 0x1E, 0xA0, 0xF1, 0x55, 0x5F, 0x2B, 0x86, 0x72, 0x3E, 0xAB,
    0xFB, 0xDC, 0x22, 0xB1, 0x99, 0xA2, 0x4D, 0x07, 0x64, 0x4D, 0x32, 0x22, 0xAF, 0xCC, 0x88, 0x12,
    0x5A, 0xA6, 0xA6, 0xFC, 0x49, 0x45, 0x05, 0x23, 0x20, 0x9F, 0x0F, 0x40, 0xFD, 0x47, 0x0B, 0x94,
    0x7F, 0xEA, 0x80, 0xFC, 0x45, 0x03, 0x64, 0xA2, 0x48, 0xA4, 0x20, 0x00, 0xC4, 0x33, 0xFC, 0xFF,
    0x1D, 0x41, 0x81, 0xC5, 0xF8, 0xAE, 0xA3, 0x27, 0x29, 0x64, 0x24, 0xBF, 0x03, 0x60, 0xE8, 0xA6,
    0xA5, 0xC9, 0xAC, 0x23, 0xF3, 0x86, 0x54, 0xC9, 0x67, 0x67, 0xC8, 0xE9, 0xB9, 0xD0, 0xCF, 0x34,
    0xAB, 0x27, 0xA3, 0xD6, 0x0C, 0x91, 0xFC, 0xFE, 0xF8, 0x18, 0x90, 0x9D, 0x2A, 0x41, 0x4D, 0x02,
    0xC1, 0x11, 0x19, 0x5B, 0x1F, 0x72, 0xBD, 0x92, 0xB2, 0x60, 0x9E, 0xDA, 0x39, 0xCC, 0xCC, 0x1F,
    0x8C, 0x54, 0x12, 0x92, 0xCF, 0x9F, 0xCC, 0xAF, 0x2A, 0xD9, 0x3C, 0xD7, 0x99, 0x36, 0x6D, 0xE8,
    0x99, 0x57, 0x8C, 0xE2, 0x5D, 0x64, 0xA6, 0xDA, 0x29, 0x91, 0x57, 0x95, 0x44, 0xE4, 0xAA, 0x80,
    0xDC, 0x2B, 0x48, 0x1C, 0xD0, 0x33, 0xDD, 0x55, 0x42, 0x26, 0x33, 0xD7, 0x52, 0x4B, 0xE6, 0xED,
    0x4D, 0xDD, 0xC8, 0xBA, 0xD5, 0x53, 0xA3, 0x98, 0xD3, 0x67, 0x80, 0xE7, 0x1D, 0x47, 0xEC, 0xB1,
    0x0A, 0x8D, 0xB1, 0x9D, 0xE3, 0xEC, 0x28, 0x0D, 0x57, 0x6B, 0x1F, 0x3E, 0x90, 0xD1, 0x48, 0x86,
    0x33, 0x09, 0xC1, 0x87, 0x5A, 0x44, 0x76, 0xEA, 0x2E, 0x33, 0x34, 0xD9, 0x7A, 0x32, 0x8A, 0x19,
    0xB8, 0x9F, 0xDA, 0xFA, 0xCC, 0xDB, 0x2A, 0xA7, 0xCB, 0xBF, 0x20, 0xEA, 0x57, 0xE7, 0xEB, 0x94,
    0x94, 0x3F, 0xA5, 0x92, 0xBC, 0xA2, 0x92, 0xAC, 0xA1, 0x5B, 0xD2, 0x32, 0x7F, 0xD2, 0x51, 0xC9,
    0xE6, 0xF2, 0x8A, 0x92, 0xD9, 0x29, 0x99, 0x02, 0xB2, 0x76, 0x4A, 0x4A, 0x97, 0x3C, 0xFF, 0x03,
    0x95, 0x94, 0x72, 0x45, 0x89, 0x7D, 0x55, 0x05, 0xEE, 0x81, 0x9A, 0xBD, 0x9E, 0x09, 0x5B, 0x7F,
    0xEF, 0x9A, 0x8D, 0xCE, 0x75, 0x22, 0x83, 0x1B, 0xBB, 0xE1, 0xFB, 0x10, 0x3B, 0xCF, 0x07, 0x23,
    0x57, 0x77, 0xAB, 0xFF, 0x9B, 0x55, 0xEE, 0x61, 0x31, 0xA1, 0x59, 0xCF, 0x3B, 0xF2, 0xBC, 0x96,
    0x42, 0x03, 0xA3, 0x19, 0xFF, 0x4B, 0x96, 0xD2, 0x65, 0xD4, 0x60, 0x6B, 0xB1, 0x27, 0x67, 0xA7,
    0x27, 0x67, 0x0F, 0x41, 0x73, 0x9F, 0x4D, 0xA9, 0xA2, 0x4B, 0xB5, 0xBB, 0x5D, 0x32, 0x21, 0xB6,
    0x91, 0x20, 0xEA, 0x42, 0xA9, 0xC2, 0x16, 0xD2, 0xF8, 0x27, 0x0D, 0x90, 0xF6, 0xF4, 0x1E, 0x01,
    0x26, 0x73, 0xDD, 0x51, 0x93, 0xA5, 0x5B, 0x66, 0xA0, 0x8B, 0x5D, 0xEE, 0x66, 0x29, 0xF0, 0x30,
    0x9C, 0x11, 0xF4, 0x31, 0x1F, 0x46, 0x89, 0x45, 0xDC, 0xBB, 0x0E, 0x39, 0x64, 0xAC, 0xB6, 0xA7,
    0x8D, 0x3C, 0x85, 0xFF, 0x58, 0x6A, 0x39, 0xB4, 0xB3, 0x15, 0xC3, 0x89, 0x92, 0x0B, 0x4C, 0x1B,
    0xB2, 0x5E, 0xEC, 0x2A, 0x77, 0x2C, 0xE0, 0xD4, 0x14, 0x8A, 0x9A, 0x12, 0xE8, 0x11, 0x0D, 0xCB,
    0xAD, 0x9E, 0xB4, 0x8A, 0x8C, 0x1E, 0x25, 0x3D, 0x9C, 0x48, 0x27, 0x97, 0xE1, 0x66, 0xF5, 0xD8,
    0x16, 0xB8, 0x4D, 0x50, 0x6E, 0xDA, 0xF2, 0x2E, 0xA5, 0x13, 0xF3, 0xF9, 0xAA, 0x01, 0xE3, 0xC5,
    0x25, 0xA3, 0x13, 0x33, 0x53, 0x84, 0x77, 0x8A, 0x07, 0xFF, 0x7E, 0x72, 0x0A, 0x84, 0x72, 0xE8,
    0x54, 0xAD, 0x4E, 0xCC, 0xC6, 0x5B, 0xE0, 0xFD, 0x02, 0x48, 0xFD, 0xF8, 0x28, 0xFD, 0x59, 0x95,
    0x7F, 0x5D, 0x36, 0x99, 0x68, 0x5F, 0x65, 0x40, 0x20, 0x3D, 0x52, 0x91, 0xA2, 0x7C, 0x51, 0xB7,
    0x79, 0xFA, 0x49, 0xF3, 0x5E, 0xFA, 0x93, 0xD5, 0x17, 0x27, 0x45, 0x2C, 0x5D, 0x2A, 0x43, 0xFE,
    0x9B, 0x31, 0xC7, 0xF2, 0xFB, 0x97, 0x21, 0x15, 0x1B, 0x4B, 0x83, 0x7B, 0x08, 0x54, 0x51, 0xDD,
    0xD5, 0x9D, 0xEA, 0x5A, 0xDE, 0xD4, 0x08, 0x07, 0xB7, 0x57, 0xC2, 0x2E, 0x2D, 0x31, 0xAD, 0x22,
    0xA1, 0x53, 0x4A, 0x64, 0xAE, 0xC1, 0x70, 0x38, 0x38, 0xC2, 0x05, 0xCA, 0x01, 0x13, 0xCA, 0x11,
    0x23, 0x7E, 0x30, 0x06, 0xAA, 0x69, 0x0A, 0x7B, 0x60, 0x66, 0xBC, 0xC4, 0x1D, 0x50, 0x33, 0x3E,
    0xFF, 0xA4, 0x51, 0x7C, 0xA1, 0xC8, 0xBE, 0xA6, 0x3C, 0x61, 0x4A, 0xC2, 0xCC, 0x2C, 0x33, 0xAE,
    0xB7, 0xD6, 0x91, 0x1B, 0xB7, 0xCC, 0x14, 0xD8, 0x5C, 0x7E, 0x6E, 0xCB, 0xCD, 0x8B, 0xF6, 0x3C,
    0x9E, 0x31, 0x86, 0x9A, 0x3F, 0x9A, 0x70, 0x61, 0x74, 0xB3, 0x72, 0xBF, 0xCB, 0x27, 0x63, 0xCD,
    0xB3, 0xC0, 0x82, 0x56, 0xE0, 0x36, 0x0C, 0x1F, 0x67, 0x99, 0x18, 0x69, 0xF2, 0xCD, 0x0B, 0xC6,
    0x4C, 0x71, 0xF7, 0x34, 0x1C, 0xA3, 0xEE, 0x3C, 0x52, 0x5C, 0x24, 0x62, 0x3A, 0x8D, 0x93, 0x26,
    0x9B, 0x8C, 0x54, 0xA6, 0x67, 0xCF, 0x69, 0x79, 0xF1, 0x8E, 0xA1, 0x6F, 0xC8, 0x87, 0xEB, 0x9B,
    0xD4, 0x03, 0xAB, 0x3D, 0x24, 0x82, 0x9D, 0x4F, 0x87, 0x64, 0x20, 0xF3, 0x8E, 0xAC, 0x1B, 0x2E,
    0xCA, 0xEB, 0x2E, 0xF6, 0x57, 0x16, 0x59, 0x3A, 0x12, 0x56, 0x4C, 0x1C, 0x73, 0xC7, 0x03, 0xD4,
    0x6F, 0xF8, 0x73, 0x82, 0x83, 0xE0, 0xA8, 0x36, 0xF6, 0x9D, 0xFF, 0x9E, 0xEC, 0xB3, 0x11, 0xDB,
    0xFE, 0xFB, 0x0D, 0x40, 0x5A, 0xB7, 0x8D, 0x4E, 0x19, 0x89, 0x25, 0x5F, 0x0E, 0x4A, 0xF3, 0x8F,
    0x51, 0x99, 0x7C, 0x33, 0x29, 0xD3, 0x76, 0x66, 0x50, 0x53, 0x2B, 0xCB, 0xAA, 0xAC, 0x80, 0xDA,
    0xDD, 0x56, 0xA2, 0x2B, 0xEE, 0xEC, 0x6A, 0xDD, 0xA1, 0xD1, 0x22, 0x1E, 0xF8, 0x6B, 0x78, 0xC9,
    0x49, 0x5D, 0xCA, 0x5A, 0xBA, 0x79, 0x67, 0x6F, 0xFE, 0xB5, 0x9F, 0xF7, 0x3E, 0xDE, 0xDF, 0xC7,
    0xFA, 0xC0, 0x40, 0x73, 0x76, 0xDE, 0x6D, 0xA9, 0x95, 0xB3, 0x2E, 0x35, 0xAC, 0x7A, 0x92, 0xBF,
    0x4D, 0xAB, 0xCE, 0x48, 0x7A, 0x47, 0xBB, 0xEE, 0x05, 0xD2, 0xAC, 0x7B, 0xF4, 0xFB, 0xFD, 0xE0,
    0x31, 0xD7, 0xA4, 0x85, 0x11, 0x19, 0x90, 0xCE, 0x9B, 0x09, 0x79, 0x1B, 0x8A, 0x66, 0x46, 0x8D,
    0x92, 0x4E, 0x0E, 0x35, 0x6B, 0xBD, 0x0D, 0x40, 0x7B, 0xEB, 0x2C, 0x5E, 0x50, 0x81, 0xB2, 0x70,
    0xFA, 0xF2, 0x4E, 0x95, 0xA6, 0x22, 0x23, 0x62, 0xE1, 0x5E, 0x6B, 0xA9, 0x80, 0x3D, 0xF7, 0x94,
    0x7A, 0xFF, 0x14, 0xA8, 0x79, 0x5C, 0x15, 0xC4, 0xD3, 0x05, 0x92, 0xFE, 0x63, 0x1D, 0x78, 0x37,
    0xC3, 0xBA, 0x07, 0xC3, 0x77, 0x75, 0x5C, 0x64, 0x1D, 0x44, 0x1A, 0x94, 0xA2, 0x15, 0x9F, 0x81,
    0xB6, 0x7E, 0x8C, 0xCB, 0xB7, 0x80, 0x5F, 0xE1, 0x75, 0x2C, 0x6F, 0x60, 0x6C, 0xDD, 0x22, 0x1D,
    0x1C, 0xCA, 0x46, 0x2B, 0xEE, 0xAD, 0x87, 0xD0, 0xAC, 0xBA, 0xBA, 0xFA, 0x1D, 0x20, 0x3C, 0xC5,
    0x6B, 0x58, 0x30, 0x6F, 0x05, 0xAD, 0x8F, 0x7B, 0xF6, 0xEA, 0x28, 0x1A, 0x92, 0x21, 0xE9, 0x4D,
    0x87, 0x1D, 0xDB, 0xE3, 0xBB, 0xAA, 0xA9, 0xAB, 0xCF, 0x00, 0xBC, 0x75, 0xED, 0x9B, 0x77, 0x15,
    0x3E, 0xC6, 0x3E, 0x52, 0x69, 0xD3, 0xAA, 0x14, 0x91, 0xE2, 0x3C, 0x94, 0x19, 0x1F, 0x23, 0x7B,
    0x86, 0xAD, 0x19, 0x29, 0x12, 0xE4, 0xD2, 0x97, 0x55, 0xBD, 0x11, 0xC1, 0x53, 0xD4, 0x23, 0x6E,
    0x61, 0xFF, 0x08, 0x5B, 0xAB, 0x19, 0xEB, 0x50, 0x12, 0x58, 0xED, 0x44, 0x3F, 0x8B, 0xDC, 0x82,
    0x07, 0x68, 0xAC, 0x9C, 0x8E, 0x61, 0x57, 0xCA, 0x6F, 0xAD, 0xD4, 0xD2, 0x8D, 0x46, 0x9A, 0xEF,
    0xE3, 0x9C, 0x4F, 0xB8, 0xE2, 0xBA, 0x79, 0x67, 0x77, 0x8F, 0x82, 0x07, 0xEE, 0x40, 0x84, 0x4C,
    0x54, 0x22, 0x7E, 0xF9, 0xB8, 0xD8, 0x6D, 0xEF, 0x93, 0xCB, 0x53, 0xB7, 0xEA, 0xF1, 0x23, 0xE0,
    0x0E, 0x76, 0xEC, 0xC7, 0x00, 0xCE, 0xD7, 0xA3, 0x01, 0x87, 0x7B, 0x8C, 0x65, 0x05, 0x0E, 0xCA,
    0xE3, 0x62, 0x99, 0xFB, 0xFF, 0x7F, 0x1E, 0x17, 0x71, 0x0B, 0x84, 0x15, 0x96, 0xC3, 0xF5, 0xF1,
    0xCE, 0xCE, 0x78, 0xF9, 0xA6, 0x5B, 0xF6, 0x66, 0x2A, 0xDE, 0xFD, 0xEC, 0x27, 0xEA, 0xDE, 0x3D,
    0xF0, 0xCA, 0xCE, 0x8F, 0x74, 0x06, 0x02, 0x59, 0x5F, 0x50, 0x9B, 0x8E, 0x10, 0xB4, 0x5D, 0xD9,
    0xEF, 0xC1, 0xA9, 0x46, 0xDE, 0xF3, 0x70, 0x5E, 0x80, 0x79, 0x60, 0xDC, 0x8B, 0x16, 0x28, 0xDB,
    0x35, 0xB7, 0x14, 0xCE, 0xE7, 0xD0, 0x97, 0xBF, 0x92, 0x67, 0x57, 0xD2, 0x47, 0xA0, 0xAA, 0x58,
    0x5C, 0xA2, 0x72, 0x60, 0xCE, 0x58, 0x2A, 0xCA, 0xE3, 0x05, 0xEF, 0xF2, 0x82, 0x22, 0xDD, 0x9F,
    0x94, 0x93, 0x4E, 0x2A, 0x5D, 0x78, 0x59, 0xBB, 0xCB, 0xC6, 0x88, 0x3F, 0x15, 0x9C, 0xFB, 0xFF,
    0xEF, 0xFF, 0x01, 0xDE, 0xBE, 0x07, 0x7C, 0x09, 0x20, 0x7F, 0x06, 0xFA, 0xFB, 0x02, 0x4B, 0x05,
    0x5E, 0x66, 0x03, 0x7C, 0xF2, 0xF5, 0x0F, 0x27, 0x27, 0xBA, 0x84, 0xC2, 0xED, 0x54, 0xBC, 0xC8,
    0x87, 0x80, 0x9A, 0xB3, 0x0A, 0x13, 0xC0, 0xE4, 0x47, 0xB8, 0xF1, 0xDC, 0x9D, 0x7E, 0xFB, 0xDC,
    0x4D, 0xFB, 0x2F, 0x0C, 0xE6, 0xAD, 0x67, 0x76, 0xE3, 0xB9, 0x7B, 0xF7, 0x5B, 0xA0, 0x71, 0x4C,
    0x5A, 0xC5, 0xDE, 0x83, 0xAF, 0x80, 0x3B, 0xD7, 0x7C, 0x03, 0x9B, 0x81, 0xD4, 0xBA, 0x6F, 0x81,
    0x6D, 0x48, 0x36, 0xD1, 0x40, 0xC6, 0x96, 0x4C, 0x3C, 0x5B, 0xAE, 0xA6, 0x0D, 0x3D, 0xF3, 0x0A,
    0x1A, 0x55, 0x16, 0xD7, 0x7E, 0x03, 0x0B, 0x27, 0xEE, 0x35, 0x1A, 0x5E, 0x55, 0xB0, 0x7F, 0x0A,
    0x67, 0x4E, 0x62, 0x34, 0x3A, 0xF6, 0x7E, 0x99, 0xCA, 0xEF, 0x77, 0x70, 0xBB, 0x78, 0xB5, 0x3F,
    0xE5, 0x03, 0xBA, 0xD6, 0x6E, 0xD7, 0x33, 0x7B, 0xAE, 0x32, 0x95, 0x91, 0x67, 0x4F, 0x1A, 0x4B,
    0x26, 0x5D, 0x40, 0xB6, 0xF4, 0xCC, 0x9A, 0xF4, 0xDA, 0xFE, 0xCC, 0xC7, 0xDB, 0xA3, 0xCC, 0xB0,
    0x2A, 0x60, 0xBB, 0x16, 0xE3, 0x26, 0x86, 0x50, 0x14, 0x09, 0x91, 0x4D, 0x05, 0xB7, 0x4D, 0x1D,
    0x15, 0x65, 0x14, 0x2B, 0x78, 0x59, 0x36, 0xCB, 0x69, 0x26, 0x9D, 0xCF, 0xCE, 0x1E, 0xC5, 0x8C,
    0x80, 0xC3, 0x7E, 0xAD, 0x58, 0xEE, 0xCB, 0xA3, 0x9C, 0x73, 0x5B, 0x2C, 0xB7, 0xE4, 0x29, 0x31,
    0x13, 0xD2, 0x00, 0x7B, 0xE2, 0x12, 0x59, 0x85, 0xA1, 0xAA, 0x78, 0x58, 0x60, 0x88, 0x84, 0x73,
    0x99, 0xD5, 0x1B, 0x56, 0xDA, 0xE5, 0x86, 0x1D, 0x35, 0xF6, 0xB2, 0xC0, 0xB6, 0x10, 0x17, 0xEC,
    0x16, 0x3A, 0x0B, 0xC6, 0xCB, 0xE0, 0x0B, 0x56, 0x88, 0x86, 0x43, 0x63, 0x91, 0xB4, 0x87, 0xC1,
    0x88, 0xB4, 0x38, 0xC4, 0xAF, 0x71, 0x17, 0x87, 0xC8, 0xF0, 0xA9, 0x32, 0x29, 0xBE, 0x24, 0xAB,
    0x41, 0x69, 0x1A, 0xA1, 0x79, 0x36, 0x7E, 0x86, 0xAB, 0xA6, 0xF2, 0x9E, 0x3E, 0x2A, 0x53, 0xDE,
    0x45, 0xD2, 0x1C, 0x62, 0x84, 0xCF, 0xEC, 0xAB, 0x20, 0x95, 0x09, 0x6A, 0xC7, 0x05, 0xB9, 0xAB,
    0xE1, 0xB9, 0xD3, 0x00, 0xA7, 0x01, 0x4E, 0x03, 0x9C, 0x06, 0x38, 0x0D, 0xA0, 0x06, 0x3A, 0xAB,
    0x06, 0x5C, 0xD1, 0xC0, 0x19, 0xBF, 0xEA, 0x3D, 0x7D, 0x54, 0x06, 0x38, 0x0D, 0xC0, 0xE8, 0x33,
    0xB3, 0xCA, 0xEB, 0x6A, 0xE8, 0x10, 0xAA, 0x06, 0x7D, 0x3D, 0xE1, 0xEE, 0x05, 0xB2, 0x0D, 0x3E,
    0xCD, 0xAA, 0x0B, 0xD5, 0x60, 0xFE, 0x3A, 0x68, 0x1F, 0x42, 0xE9, 0x4C, 0xD3, 0xA3, 0xAE, 0x62,
    0xB2, 0x88, 0x1B, 0x9D, 0x69, 0x4D, 0xA3, 0xAB, 0xBD, 0xA9, 0xBC, 0xA7, 0x8F, 0xCA, 0x34, 0xC3,
    0xCC, 0x6C, 0xD1, 0x1B, 0x68, 0x68, 0x9D, 0x86, 0xC2, 0x69, 0x80, 0xD3, 0x00, 0x68, 0xE6, 0xA7,
    0x08, 0xA9, 0x01, 0xC6, 0x69, 0xC8, 0x9C, 0x86, 0x0B, 0x50, 0xC3, 0x00, 0x6A, 0xE8, 0x90, 0x50,
    0x03, 0x9C, 0x06, 0x64, 0xD4, 0xC0, 0x3E, 0x74, 0x08, 0x6E, 0xD2, 0x40, 0x8B, 0xFB, 0x77, 0x8A,
    0x93, 0x27, 0x97, 0xFE, 0x11, 0x52, 0x6D, 0xB1, 0xFB, 0x25, 0x6D, 0x0F, 0x28, 0xF0, 0x9E, 0x4E,
    0x98, 0x01, 0x52, 0xD4, 0x6D, 0x32, 0x06, 0xEA, 0xE5, 0xFF, 0x94, 0x8D, 0x71, 0x77, 0xB0, 0xB7,
    0xFF, 0x00, 0x62, 0x00, 0x03, 0x29, 0x40, 0x29, 0x65, 0x08, 0x2B, 0x35, 0x10, 0x84, 0xE1, 0xE9,
    0x16, 0x52, 0x42, 0x45, 0x11, 0x04, 0x5B, 0x8B, 0xE2, 0xBC, 0x6A, 0xFD, 0x33, 0xCF, 0x9B, 0x87,
    0x37, 0xE7, 0x55, 0x8B, 0x41, 0xE3, 0x49, 0x08, 0x02, 0x01, 0x0F, 0x81, 0x57, 0x2D, 0x0A, 0x5B,
    0xF0, 0xA2, 0x10, 0x12, 0x12, 0x10, 0x34, 0xE1, 0x48, 0xCA, 0x65, 0xBB, 0x3F, 0x33, 0x3B, 0xD3,
    0x55, 0x98, 0x17, 0xD6, 0x7C, 0x2B, 0x2E, 0x37, 0xFB, 0xFD, 0xF3, 0xA7, 0x2D, 0x11, 0x39, 0x7C,
    0xC1, 0x89, 0x59, 0x03, 0xF0, 0xCC, 0xEE, 0x07, 0x3E, 0xAD, 0x4C, 0x50, 0x37, 0x3E, 0x26, 0x72,
    0x1B, 0x75, 0xF2, 0xB3, 0xDC, 0x13, 0x18, 0x89, 0x47, 0xF0, 0x21, 0xCA, 0x05, 0x81, 0xC8, 0xBD,
    0x3B, 0xBF, 0x0D, 0xAF, 0x89, 0xA8, 0x5A, 0x72, 0xCF, 0xA0, 0x7A, 0xDE, 0x59, 0xAC, 0xC2, 0xC3,
    0x54, 0x9E, 0x84, 0xCD, 0xB8, 0xB3, 0x5A, 0x84, 0x5D, 0xAF, 0x1C, 0xDA, 0x7A, 0x56, 0x1E, 0x26,
    0x21, 0xF8, 0x17, 0x42, 0x63, 0x16, 0x84, 0xFA, 0x9C, 0x9E, 0xD2, 0x33, 0xEE, 0xE4, 0x6B, 0x16,
    0x98, 0x87, 0x0B, 0x3C, 0xF7, 0xCC, 0x06, 0xC0, 0x12, 0x79, 0x44, 0xCB, 0x2C, 0xBF, 0x66, 0x97,
    0x64, 0xE7, 0x41, 0xBC, 0x39, 0x04, 0x41, 0x05, 0x08, 0x9A, 0x8F, 0x43, 0x1B, 0x87, 0x3C, 0x92,
    0x19, 0x1B, 0xDD, 0xD2, 0xBF, 0x26, 0xC5, 0xA5, 0x7A, 0x7A, 0xD5, 0xF4, 0x6A, 0xE9, 0x55, 0x72,
    0x55, 0xB7, 0x53, 0x44, 0xB9, 0x44, 0x43, 0x36, 0x11, 0x31, 0x11, 0x61, 0xB0, 0x87, 0xE8, 0x35,
    0x63, 0xB4, 0x6A, 0xFA, 0x88, 0xEE, 0x85, 0x46, 0x1B, 0x14, 0x5E, 0xCD, 0xE6, 0x28, 0x66, 0xC3,
    0x55, 0x8B, 0xA2, 0xD5, 0x22, 0x68, 0x30, 0x2B, 0x7A, 0x41, 0xB9, 0x52, 0x3A, 0x99, 0x1A, 0xFD,
    0x1C, 0x75, 0x7F, 0x82, 0xEE, 0xBB, 0xC0, 0x62, 0xB3, 0xB4, 0x72, 0xCF, 0x93, 0x23, 0x10, 0x8D,
    0x16, 0x5D, 0xDC, 0xAC, 0x7B, 0x7B, 0xB2, 0x45, 0x23, 0xE7, 0x6D, 0x6B, 0x8A, 0x35, 0x1A, 0x15,
    0xAB, 0xAD, 0xCC, 0x36, 0x66, 0x0B, 0xB3, 0x7D, 0x29, 0xBE, 0xF5, 0x32, 0xEE, 0x00, 0x43, 0x34,
    0xAA, 0x4F, 0x71, 0x78, 0x76, 0x63, 0x23, 0xCA, 0x5E, 0xA9, 0xD3, 0xDC, 0xA1, 0x57, 0x2B, 0x60,
    0xD2, 0x5A, 0xFE, 0x3E, 0x4E, 0x66, 0x56, 0xEC, 0x6E, 0x36, 0x60, 0x60, 0x98, 0xDF, 0xFD, 0xBD,
    0x9B, 0xEA, 0x28, 0xC7, 0xDA, 0x79, 0x8D, 0xBD, 0x9E, 0xD8, 0x4D, 0x83, 0x15, 0xD4, 0x6D, 0xD6,
    0xD0, 0xDC, 0x9B, 0x6F, 0xBE, 0x9A, 0x71, 0x71, 0x32, 0xE7, 0x72, 0xB7, 0x36, 0x7D, 0x5E, 0xF7,
    0xAF, 0x51, 0x9F, 0x53, 0x23, 0x5D, 0x5A, 0x6D, 0x6A, 0xB5, 0xA6, 0xF0, 0x53, 0xEE, 0xA9, 0xAC,
    0xA9, 0xAD, 0xA9, 0xAE, 0xA9, 0xAF, 0xA9, 0xB0, 0xE9, 0x5C, 0x6A, 0x1A, 0xC3, 0x79, 0xD9, 0xD3,
    0x38, 0x69, 0x1A, 0xE7, 0x61, 0xD1, 0x34, 0xA4, 0x76, 0x3A, 0xAC, 0x9A, 0x6D, 0x58, 0x3D, 0xE9,
    0x85, 0x9D, 0x34, 0x0D, 0xCF, 0x6D, 0xC8, 0xA1, 0x17, 0x4D, 0xE3, 0x65, 0xD7, 0x6B, 0x1A, 0xAC,
    0x62, 0x69, 0xC0, 0xD2, 0x20, 0x58, 0x1A, 0x14, 0x2C, 0x8D, 0x6C, 0xB3, 0x34, 0x9C, 0xB7, 0x34,
    0x72, 0x6F, 0x69, 0xD8, 0x85, 0xAB, 0xF2, 0x67, 0xB6, 0xE5, 0x20, 0x5D, 0x46, 0x4D, 0x23, 0x0F,
    0x7B, 0x1A, 0xED, 0x7F, 0xA4, 0xF1, 0x86, 0xE4, 0x94, 0x18, 0x05, 0x8D, 0x62, 0xB8, 0xE8, 0x05,
    0x21, 0xBB, 0x4D, 0x71, 0x44, 0xD3, 0xA6, 0x3E, 0xA4, 0xB6, 0xF3, 0x51, 0xF7, 0x60, 0x5F, 0x29,
    0xF3, 0x56, 0x6B, 0x73, 0x36, 0x63, 0xD3, 0xFC, 0x67, 0xDB, 0x1F, 0x46, 0xCF, 0xCF, 0x5E, 0x6B,
    0xBE, 0x0A, 0x6A, 0xCC, 0x62, 0x58, 0xAA, 0x1F, 0xB5, 0x37, 0x6C, 0xBB, 0xCA, 0x1D, 0xA3, 0xB4,
    0x03, 0xE6, 0x68, 0x5C, 0x4D, 0x8C, 0x6A, 0xAC, 0xC5, 0xEF, 0x6A, 0x3C, 0x30, 0x6A, 0xBC, 0x1F,
    0x58, 0xB7, 0xC3, 0x07, 0xA0, 0xCF, 0xB6, 0xAB, 0xA7, 0xB8, 0x26, 0xE7, 0x33, 0xD1, 0xCB, 0x37,
    0x12, 0x38, 0xF4, 0x31, 0x4B, 0x2C, 0x4E, 0xD0, 0xF8, 0x58, 0xE8, 0x32, 0xC4, 0xD7, 0x38, 0x08,
    0x6A, 0x42, 0xB1, 0xDE, 0x65, 0x2D, 0x14, 0xBE, 0xA3, 0xE6, 0xBC, 0x15, 0x08, 0xA2, 0x51, 0xB0,
    0x49, 0x81, 0xC9, 0xE1, 0x19, 0xC9, 0x07, 0xE8, 0x1E, 0xD1, 0x5F, 0x3D, 0xC9, 0x11, 0xB0, 0xC3,
    0x40, 0x18, 0x45, 0xE1, 0x3B, 0x59, 0x5C, 0x88, 0xCB, 0x7B, 0x75, 0x68, 0xEA, 0x92, 0x99, 0x6A,
    0x9D, 0xEA, 0xEE, 0x16, 0xA7, 0x3A, 0xD7, 0xA7, 0x58, 0x4B, 0xA6, 0x75, 0xD7, 0xB8, 0x34, 0xB5,
    0xC0, 0x36, 0xA7, 0xF7, 0x5F, 0xE8, 0x91, 0x03, 0x9F, 0xA4, 0x9D, 0x6A, 0x77, 0x45, 0xCD, 0x56,
    0x97, 0x19, 0x62, 0xFB, 0xF3, 0x1C, 0xBB, 0x19, 0x4D, 0xB3, 0xFE, 0x82, 0xDE, 0xD7, 0x6C, 0xEC,
    0x20, 0x19, 0x47, 0x78, 0xAE, 0x6A, 0x80, 0xC7, 0xA6, 0x1C, 0x63, 0x30, 0x71, 0x64, 0x36, 0x5D,
    0x12, 0x6B, 0x4F, 0x51, 0xCB, 0xD2, 0x7A, 0x23, 0x53, 0xA2, 0x64, 0x90, 0x28, 0x1D, 0x45, 0xEA,
    0x3F, 0xFF, 0x2C, 0xB2, 0xC3, 0x24, 0x25, 0x5E, 0xC8, 0x91, 0x4C, 0xC6, 0x64, 0x32, 0x9E, 0x4C,
    0x81, 0xAA, 0x99, 0xA2, 0x83, 0x7E, 0x7D, 0x01,
};

static const EpdGlyph bookerly_14_bolditalicGlyphs[] = {
    { 0, 0, 0, 0, 0, 0, 0 }, // U+0000
    { 0, 0, 0, 0, 0, 0, 0 }, // U+0008
    { 0, 0, 100, 0, 0, 0, 0 }, // U+0009
    { 0, 0, 100, 0, 0, 0, 0 }, // U+000D
    { 0, 0, 0, 0, 0, 0, 0 }, // U+001D
    { 0, 0, 100, 0, 0, 0, 0 }, // U+0020
    { 9, 23, 156, 1, 22, 52, 0 }, // !
    { 11, 10, 186, 1, 21, 28, 52 }, // "
    { 18, 19, 291, 0, 17, 86, 80 }, // #
    { 16, 30, 291, 1, 24, 120, 166 }, // $
    { 26, 24, 459, 1, 22, 156, 286 }, // %
    { 24, 24, 412, 1, 22, 144, 442 }, // &
    { 6, 10, 103, 1, 21, 15, 586 }, // '
    { 13, 30, 196, 1, 24, 98, 601 }, // (
    { 14, 30, 196, -2, 24, 105, 699 }, // )
    { 11, 11, 182, 1, 22, 31, 804 }, // *
    { 14, 14, 291, 2, 17, 49, 835 }, // +
    { 9, 10, 144, -2, 5, 23, 884 }, // ,
    { 10, 5, 182, 1, 10, 13, 907 }, // -
    { 6, 6, 144, 1, 5, 9, 920 }, // .
    { 17, 23, 241, -1, 21, 98, 929 }, // /
    { 18, 22, 291, 0, 21, 99, 1027 }, // 0
    { 13, 21, 291, 2, 21, 69, 1126 }, // 1
    { 17, 21, 291, 0, 21, 90, 1195 }, // 2
    { 17, 22, 291, 0, 21, 94, 1285 }, // 3
    { 17, 21, 291, 0, 21, 90, 1379 }, // 4
    { 17, 21, 291, 1, 20, 90, 1469 }, // 5
    { 18, 22, 291, 1, 21, 99, 1559 }, // 6
    { 16, 21, 291, 3, 20, 84, 1658 }, // 7
    { 17, 22, 291, 1, 21, 94, 1742 }, // 8
    { 18, 22, 291, -1, 21, 99, 1836 }, // 9
    { 8, 17, 144, 1, 16, 34, 1935 }, // :
    { 11, 21, 144, -2, 16, 58, 1969 }, // ;
    { 14, 14, 291, 2, 17, 49, 2027 }, // <
    { 14, 9, 291, 2, 14, 32, 2076 }, // =
    { 14, 14, 291, 2, 17, 49, 2108 }, // >
    { 10, 23, 190, 2, 22, 58, 2157 }, // ?
    { 27, 27, 465, 1, 21, 183, 2215 }, // @
    { 23, 21, 345, -2, 21, 121, 2398 }, // A
    { 19, 22, 293, -2, 21, 105, 2519 }, // B
    { 19, 22, 306, 0, 21, 105, 2624 }, // C
    { 22, 22, 342, -1, 21, 121, 2729 }, // D
    { 21, 21, 291, -2, 21, 111, 2850 }, // E
    { 20, 21, 269, -2, 21, 105, 2961 }, // F
    { 20, 22, 340, 0, 21, 110, 3066 }, // G
    { 27, 21, 374, -2, 21, 142, 3176 }, // H
    { 15, 21, 186, -2, 21, 79, 3318 }, // I
    { 19, 27, 177, -6, 21, 129, 3397 }, // J
    { 24, 22, 333, -2, 21, 132, 3526 }, // K
    { 18, 21, 270, -2, 21, 95, 3658 }, // L
    { 28, 21, 419, -2, 21, 147, 3753 }, // M
    { 25, 22, 361, -1, 21, 138, 3900 }, // N
    { 21, 22, 345, 0, 21, 116, 4038 }, // O
    { 20, 21, 287, -2, 21, 105, 4154 }, // P
    { 25, 28, 347, 0, 21, 175, 4259 }, // Q
    { 21, 22, 317, -2, 21, 116, 4434 }, // R
    { 17, 22, 258, -1, 21, 94, 4550 }, // S
    { 20, 21, 309, 1, 21, 105, 4644 }, // T
    { 22, 22, 366, 2, 21, 121, 4749 }, // U
    { 23, 22, 341, 1, 21, 127, 4870 }, // V
    { 29, 22, 466, 2, 21, 160, 4997 }, // W
    { 24, 21, 311, -3, 21, 126, 5157 }, // X
    { 21, 21, 306, 1, 21, 111, 5283 }, // Y
    { 19, 22, 289, -1, 21, 105, 5394 }, // Z
    { 14, 28, 157, -2, 23, 98, 5499 }, // [
    { 13, 23, 241, 1, 21, 75, 5597 }, // <backslash>
    { 14, 28, 157, -2, 23, 98, 5672 }, // ]
    { 16, 14, 291, 1, 19, 56, 5770 }, // ^
    { 15, 4, 233, 0, -1, 15, 5826 }, // _
    { 6, 8, 289, 6, 25, 12, 5841 }, // `
    { 17, 17, 279, 0, 16, 73, 5853 }, // a
    { 16, 24, 260, 0, 23, 96, 5926 }, // b
    { 13, 17, 212, 0, 16, 56, 6022 }, // c
    { 17, 24, 277, 0, 23, 102, 6078 }, // d
    { 14, 17, 221, 0, 16, 60, 6180 }, // e
    { 22, 30, 198, -6, 23, 165, 6240 }, // f
    { 20, 23, 247, -2, 16, 115, 6405 }, // g
    { 17, 24, 279, 0, 23, 102, 6520 }, // h
    { 9, 24, 151, 1, 23, 54, 6622 }, // i
    { 16, 30, 147, -6, 23, 120, 6676 }, // j
    { 15, 24, 249, 0, 23, 90, 6796 }, // k
    { 9, 24, 150, 0, 23, 54, 6886 }, // l
    { 25, 17, 409, 0, 16, 107, 6940 }, // m
    { 18, 17, 289, 0, 16, 77, 7047 }, // n
    { 15, 17, 254, 0, 16, 64, 7124 }, // o
    { 19, 23, 267, -3, 16, 110, 7188 }, // p
    { 17, 23, 262, 0, 16, 98, 7298 }, // q
    { 15, 16, 225, 0, 16, 60, 7396 }, // r
    { 14, 17, 203, -1, 16, 60, 7456 }, // s
    { 13, 20, 197, 0, 19, 65, 7516 }, // t
    { 18, 17, 287, 0, 16, 77, 7581 }, // u
    { 15, 17, 246, 0, 16, 64, 7658 }, // v
    { 22, 17, 355, 0, 16, 94, 7722 }, // w
    { 18, 17, 267, -1, 16, 77, 7816 }, // x
    { 20, 23, 246, -5, 16, 115, 7893 }, // y
    { 15, 17, 225, -1, 16, 64, 8008 }, // z
    { 13, 29, 194, 1, 24, 95, 8072 }, // {
    { 10, 27, 141, -1, 23, 68, 8167 }, // |
    { 13, 29, 194, -2, 24, 95, 8235 }, // }
    { 14, 7, 291, 2, 13, 25, 8330 }, // ~
    { 0, 0, 100, 0, 0, 0, 0 }, // U+00A0
    { 10, 23, 156, -1, 16, 58, 0 }, // U+00A1
    { 16, 29, 291, 1, 23, 116, 58 }, // U+00A2
    { 19, 22, 291, -1, 21, 105, 174 }, // U+00A3
    { 18, 14, 291, 0, 17, 63, 279 }, // U+00A4
    { 20, 20, 291, 1, 20, 100, 342 }, // U+00A5
    { 10, 27, 141, -1, 23, 68, 442 }, // U+00A6
    { 15, 23, 239, -1, 20, 87, 510 }, // U+00A7
    { 10, 5, 289, 4, 23, 13, 597 }, // U+00A8
    { 22, 22, 365, 0, 21, 121, 610 }, // U+00A9
    { 12, 15, 211, 1, 21, 45, 731 }, // U+00AA
    { 16, 12, 283, 1, 13, 48, 776 }, // U+00AB
    { 14, 8, 291, 2, 14, 28, 824 }, // U+00AC
    { 10, 5, 182, 1, 10, 13, 852 }, // U+00AD
    { 17, 16, 272, 0, 23, 68, 865 }, // U+00AE
    { 10, 3, 289, 4, 21, 8, 933 }, // U+00AF
    { 11, 12, 247, 2, 21, 33, 941 }, // U+00B0
    { 14, 18, 291, 2, 17, 63, 974 }, // U+00B1
    { 12, 14, 209, 0, 24, 42, 1037 }, // U+00B2
    { 11, 14, 209, 1, 24, 39, 1079 }, // U+00B3
    { 6, 8, 289, 6, 25, 12, 1118 }, // U+00B4
    { 20, 23, 288, -2, 16, 115, 1130 }, // U+00B5
    { 20, 26, 282, -1, 21, 130, 1245 }, // U+00B6
    { 5, 6, 144, 2, 11, 8, 1375 }, // U+00B7
    { 7, 7, 289, 6, -1, 13, 1383 }, // U+00B8
    { 9, 14, 209, 1, 24, 32, 1396 }, // U+00B9
    { 12, 15, 211, 1, 21, 45, 1428 }, // U+00BA
    { 17, 12, 283, 0, 13, 51, 1473 }, // U+00BB
    { 30, 24, 502, 1, 22, 180, 1524 }, // U+00BC
    { 30, 24, 502, 1, 22, 180, 1704 }, // U+00BD
    { 30, 24, 502, 1, 22, 180, 1884 }, // U+00BE
    { 10, 23, 190, 0, 16, 58, 2064 }, // U+00BF
    { 23, 29, 345, -2, 29, 167, 2122 }, // U+00C0
    { 23, 29, 345, -2, 29, 167, 2289 }, // U+00C1
    { 23, 29, 345, -2, 29, 167, 2456 }, // U+00C2
    { 23, 28, 345, -2, 28, 161, 2623 }, // U+00C3
    { 23, 27, 345, -2, 27, 156, 2784 }, // U+00C4
    { 23, 29, 345, -2, 29, 167, 2940 }, // U+00C5
    { 31, 21, 438, -3, 21, 163, 3107 }, // U+00C6
    { 19, 29, 306, 0, 21, 138, 3270 }, // U+00C7
    { 21, 29, 291, -2, 29, 153, 3408 }, // U+00C8
    { 21, 29, 291, -2, 29, 153, 3561 }, // U+00C9
    { 21, 29, 291, -2, 29, 153, 3714 }, // U+00CA
    { 21, 27, 291, -2, 27, 142, 3867 }, // U+00CB
    { 15, 29, 186, -2, 29, 109, 4009 }, // U+00CC
    { 15, 29, 186, -2, 29, 109, 4118 }, // U+00CD
    { 16, 29, 186, -2, 29, 116, 4227 }, // U+00CE
    { 16, 27, 186, -2, 27, 108, 4343 }, // U+00CF
    { 22, 22, 342, -1, 21, 121, 4451 }, // U+00D0
    { 25, 29, 361, -1, 28, 182, 4572 }, // U+00D1
    { 21, 30, 345, 0, 29, 158, 4754 }, // U+00D2
    { 21, 30, 345, 0, 29, 158, 4912 }, // U+00D3
    { 21, 30, 345, 0, 29, 158, 5070 }, // U+00D4
    { 21, 29, 345, 0, 28, 153, 5228 }, // U+00D5
    { 21, 28, 345, 0, 27, 147, 5381 }, // U+00D6
    { 13, 13, 291, 3, 16, 43, 5528 }, // U+00D7
    { 24, 23, 345, -1, 22, 138, 5571 }, // U+00D8
    { 22, 30, 366, 2, 29, 165, 5709 }, // U+00D9
    { 22, 30, 366, 2, 29, 165, 5874 }, // U+00DA
    { 22, 30, 366, 2, 29, 165, 6039 }, // U+00DB
    { 22, 28, 366, 2, 27, 154, 6204 }, // U+00DC
    { 21, 29, 306, 1, 29, 153, 6358 }, // U+00DD
    { 19, 21, 280, -2, 21, 100, 6511 }, // U+00DE
    { 24, 30, 298, -6, 23, 180, 6611 }, // U+00DF
    { 17, 26, 279, 0, 25, 111, 6791 }, // U+00E0
    { 17, 26, 279, 0, 25, 111, 6902 }, // U+00E1
    { 17, 25, 279, 0, 24, 107, 7013 }, // U+00E2
    { 17, 24, 279, 0, 23, 102, 7120 }, // U+00E3
    { 17, 24, 279, 0, 23, 102, 7222 }, // U+00E4
    { 17, 26, 279, 0, 25, 111, 7324 }, // U+00E5
    { 23, 17, 365, 0, 16, 98, 7435 }, // U+00E6
    { 13, 24, 212, 0, 16, 78, 7533 }, // U+00E7
    { 14, 26, 221, 0, 25, 91, 7611 }, // U+00E8
    { 15, 26, 221, 0, 25, 98, 7702 }, // U+00E9
    { 14, 25, 221, 0, 24, 88, 7800 }, // U+00EA
    { 15, 24, 221, 0, 23, 90, 7888 }, // U+00EB
    { 8, 26, 151, 1, 25, 52, 7978 }, // U+00EC
    { 11, 26, 151, 1, 25, 72, 8030 }, // U+00ED
    { 11, 25, 151, 1, 24, 69, 8102 }, // U+00EE
    { 11, 24, 151, 1, 23, 66, 8171 }, // U+00EF
    { 16, 25, 255, 0, 24, 100, 8237 }, // U+00F0
    { 18, 24, 289, 0, 23, 108, 8337 }, // U+00F1
    { 15, 26, 254, 0, 25, 98, 8445 }, // U+00F2
    { 16, 26, 254, 0, 25, 104, 8543 }, // U+00F3
    { 15, 25, 254, 0, 24, 94, 8647 }, // U+00F4
    { 16, 24, 254, 0, 23, 96, 8741 }, // U+00F5
    { 16, 24, 254, 0, 23, 96, 8837 }, // U+00F6
    { 14, 14, 291, 2, 17, 49, 8933 }, // U+00F7
    { 19, 17, 254, -2, 16, 81, 8982 }, // U+00F8
    { 18, 26, 287, 0, 25, 117, 9063 }, // U+00F9
    { 18, 26, 287, 0, 25, 117, 9180 }, // U+00FA
    { 18, 25, 287, 0, 24, 113, 9297 }, // U+00FB
    { 18, 24, 287, 0, 23, 108, 9410 }, // U+00FC
    { 20, 32, 246, -5, 25, 160, 9518 }, // U+00FD
    { 19, 30, 259, -3, 23, 143, 9678 }, // U+00FE
    { 20, 30, 246, -5, 23, 150, 9821 }, // U+00FF
    { 23, 26, 345, -2, 26, 150, 0 }, // U+0100
    { 17, 22, 279, 0, 21, 94, 150 }, // U+0101
    { 23, 28, 345, -2, 28, 161, 244 }, // U+0102
    { 17, 24, 279, 0, 23, 102, 405 }, // U+0103
    { 23, 28, 345, -2, 21, 161, 507 }, // U+0104
    { 17, 23, 279, 0, 16, 98, 668 }, // U+0105
    { 19, 30, 306, 0, 29, 143, 766 }, // U+0106
    { 15, 26, 212, 0, 25, 98, 909 }, // U+0107
    { 19, 30, 306, 0, 29, 143, 1007 }, // U+0108
    { 14, 25, 212, 0, 24, 88, 1150 }, // U+0109
    { 19, 29, 306, 0, 28, 138, 1238 }, // U+010A
    { 13, 24, 212, 0, 23, 78, 1376 }, // U+010B
    { 20, 30, 306, 0, 29, 150, 1454 }, // U+010C
    { 15, 26, 212, 0, 25, 98, 1604 }, // U+010D
    { 22, 30, 342, -1, 29, 165, 1702 }, // U+010E
    { 22, 24, 289, 0, 23, 132, 1867 }, // U+010F
    { 22, 22, 342, -1, 21, 121, 1999 }, // U+0110
    { 19, 24, 277, 0, 23, 114, 2120 }, // U+0111
    { 21, 26, 291, -2, 26, 137, 2234 }, // U+0112
    { 15, 22, 221, 0, 21, 83, 2371 }, // U+0113
    { 21, 28, 291, -2, 28, 147, 2454 }, // U+0114
    { 15, 24, 221, 0, 23, 90, 2601 }, // U+0115
    { 21, 28, 291, -2, 28, 147, 2691 }, // U+0116
    { 14, 24, 221, 0, 23, 84, 2838 }, // U+0117
    { 21, 28, 291, -2, 21, 147, 2922 }, // U+0118
    { 14, 23, 221, 0, 16, 81, 3069 }, // U+0119
    { 21, 29, 291, -2, 29, 153, 3150 }, // U+011A
    { 15, 26, 221, 0, 25, 98, 3303 }, // U+011B
    { 20, 30, 340, 0, 29, 150, 3401 }, // U+011C
    { 20, 31, 247, -2, 24, 155, 3551 }, // U+011D
    { 20, 29, 340, 0, 28, 145, 3706 }, // U+011E
    { 20, 30, 247, -2, 23, 150, 3851 }, // U+011F
    { 20, 29, 340, 0, 28, 145, 4001 }, // U+0120
    { 20, 30, 247, -2, 23, 150, 4146 }, // U+0121
    { 20, 29, 340, 0, 21, 145, 4296 }, // U+0122
    { 20, 32, 247, -2, 25, 160, 4441 }, // U+0123
    { 27, 29, 374, -2, 29, 196, 4601 }, // U+0124
    { 17, 31, 279, 0, 30, 132, 4797 }, // U+0125
    { 27, 21, 374, -2, 21, 142, 4929 }, // U+0126
    { 17, 24, 279, 0, 23, 102, 5071 }, // U+0127
    { 16, 28, 186, -2, 28, 112, 5173 }, // U+0128
    { 12, 24, 151, 1, 23, 72, 5285 }, // U+0129
    { 16, 26, 186, -2, 26, 104, 5357 }, // U+012A
    { 11, 22, 151, 1, 21, 61, 5461 }, // U+012B
    { 16, 28, 186, -2, 28, 112, 5522 }, // U+012C
    { 11, 24, 151, 1, 23, 66, 5634 }, // U+012D
    { 15, 28, 186, -2, 21, 105, 5700 }, // U+012E
    { 9, 30, 151, 1, 23, 68, 5805 }, // U+012F
    { 15, 28, 186, -2, 28, 105, 5873 }, // U+0130
    { 8, 17, 151, 1, 16, 34, 5978 }, // U+0131
    { 27, 27, 363, -2, 21, 183, 6012 }, // U+0132
    { 19, 30, 298, 1, 23, 143, 6195 }, // U+0133
    { 20, 35, 177, -6, 29, 175, 6338 }, // U+0134
    { 18, 31, 147, -6, 24, 140, 6513 }, // U+0135
    { 24, 29, 333, -2, 21, 174, 6653 }, // U+0136
    { 15, 31, 249, 0, 23, 117, 6827 }, // U+0137
    { 16, 17, 268, 0, 16, 68, 6944 }, // U+0138
    { 18, 29, 270, -2, 29, 131, 7012 }, // U+0139
    { 12, 31, 150, 0, 30, 93, 7143 }, // U+013A
    { 18, 29, 270, -2, 21, 131, 7236 }, // U+013B
    { 10, 31, 150, -1, 23, 78, 7367 }, // U+013C
    { 19, 23, 270, -2, 23, 110, 7445 }, // U+013D
    { 14, 24, 163, 0, 23, 84, 7555 }, // U+013E
    { 19, 21, 270, -2, 21, 100, 7639 }, // U+013F
    { 14, 24, 197, 0, 23, 84, 7739 }, // U+0140
    { 18, 21, 270, -2, 21, 95, 7823 }, // U+0141
    { 12, 24, 147, -1, 23, 72, 7918 }, // U+0142
    { 25, 30, 361, -1, 29, 188, 7990 }, // U+0143
    { 18, 26, 289, 0, 25, 117, 8178 }, // U+0144
    { 25, 29, 361, -1, 21, 182, 8295 }, // U+0145
    { 18, 24, 289, 0, 16, 108, 8477 }, // U+0146
    { 25, 30, 361, -1, 29, 188, 8585 }, // U+0147
    { 18, 26, 289, 0, 25, 117, 8773 }, // U+0148
    { 23, 23, 388, 1, 22, 133, 8890 }, // U+0149
    { 25, 27, 361, -1, 21, 169, 9023 }, // U+014A
    { 16, 23, 274, 0, 16, 92, 9192 }, // U+014B
    { 21, 27, 345, 0, 26, 142, 9284 }, // U+014C
    { 16, 22, 254, 0, 21, 88, 9426 }, // U+014D
    { 21, 29, 345, 0, 28, 153, 9514 }, // U+014E
    { 16, 24, 254, 0, 23, 96, 9667 }, // U+014F
    { 22, 30, 345, 0, 29, 165, 9763 }, // U+0150
    { 17, 26, 254, 0, 25, 111, 9928 }, // U+0151
    { 29, 22, 463, 0, 21, 160, 10039 }, // U+0152
    { 24, 17, 381, 0, 16, 102, 10199 }, // U+0153
    { 21, 30, 317, -2, 29, 158, 10301 }, // U+0154
    { 15, 25, 225, 0, 25, 94, 10459 }, // U+0155
    { 21, 29, 317, -2, 21, 153, 10553 }, // U+0156
    { 16, 24, 225, -1, 16, 96, 10706 }, // U+0157
    { 21, 30, 317, -2, 29, 158, 10802 }, // U+0158
    { 15, 25, 225, 0, 25, 94, 10960 }, // U+0159
    { 17, 30, 258, -1, 29, 128, 11054 }, // U+015A
    { 15, 26, 203, -1, 25, 98, 11182 }, // U+015B
    { 17, 30, 258, -1, 29, 128, 11280 }, // U+015C
    { 15, 25, 203, -1, 24, 94, 11408 }, // U+015D
    { 17, 29, 258, -1, 21, 124, 11502 }, // U+015E
    { 14, 24, 203, -1, 16, 84, 11626 }, // U+015F
    { 18, 30, 258, -1, 29, 135, 11710 }, // U+0160
    { 16, 26, 203, -1, 25, 104, 11845 }, // U+0161
    { 20, 29, 309, 1, 21, 145, 11949 }, // U+0162
    { 13, 27, 197, 0, 19, 88, 12094 }, // U+0163
    { 20, 29, 309, 1, 29, 145, 12182 }, // U+0164
    { 15, 25, 197, 0, 24, 94, 12327 }, // U+0165
    { 20, 21, 309, 1, 21, 105, 12421 }, // U+0166
    { 13, 20, 197, 0, 19, 65, 12526 }, // U+0167
    { 22, 29, 366, 2, 28, 160, 12591 }, // U+0168
    { 18, 24, 287, 0, 23, 108, 12751 }, // U+0169
    { 22, 27, 366, 2, 26, 149, 12859 }, // U+016A
    { 18, 22, 287, 0, 21, 99, 13008 }, // U+016B
    { 22, 29, 366, 2, 28, 160, 13107 }, // U+016C
    { 18, 24, 287, 0, 23, 108, 13267 }, // U+016D
    { 22, 30, 366, 2, 29, 165, 13375 }, // U+016E
    { 18, 26, 287, 0, 25, 117, 13540 }, // U+016F
    { 22, 30, 366, 2, 29, 165, 13657 }, // U+0170
    { 18, 26, 287, 0, 25, 117, 13822 }, // U+0171
    { 22, 28, 366, 2, 21, 154, 13939 }, // U+0172
    { 18, 23, 287, 0, 16, 104, 14093 }, // U+0173
    { 29, 30, 466, 2, 29, 218, 14197 }, // U+0174
    { 22, 25, 355, 0, 24, 138, 14415 }, // U+0175
    { 21, 29, 306, 1, 29, 153, 14553 }, // U+0176
    { 20, 31, 246, -5, 24, 155, 14706 }, // U+0177
    { 21, 27, 306, 1, 27, 142, 14861 }, // U+0178
    { 19, 30, 289, -1, 29, 143, 15003 }, // U+0179
    { 15, 26, 225, -1, 25, 98, 15146 }, // U+017A
    { 19, 29, 289, -1, 28, 138, 15244 }, // U+017B
    { 15, 24, 225, -1, 23, 90, 15382 }, // U+017C
    { 19, 30, 289, -1, 29, 143, 15472 }, // U+017D
    { 15, 26, 225, -1, 25, 98, 15615 }, // U+017E
    { 22, 30, 198, -6, 23, 165, 15713 }, // U+017F
    { 24, 25, 345, 0, 24, 150, 0 }, // U+01A0
    { 18, 20, 254, 0, 19, 90, 150 }, // U+01A1
    { 26, 25, 358, 2, 24, 163, 240 }, // U+01AF
    { 21, 20, 287, 0, 19, 105, 403 }, // U+01B0
    { 41, 30, 647, -1, 29, 308, 508 }, // U+01C4
    { 37, 26, 575, -1, 25, 241, 816 }, // U+01C5
    { 32, 26, 500, 0, 25, 208, 1057 }, // U+01C6
    { 32, 27, 447, -2, 21, 216, 1265 }, // U+01C7
    { 29, 30, 417, -2, 23, 218, 1481 }, // U+01C8
    { 20, 30, 295, 0, 23, 150, 1699 }, // U+01C9
    { 37, 27, 538, -1, 21, 250, 1849 }, // U+01CA
    { 34, 30, 508, -1, 23, 255, 2099 }, // U+01CB
    { 28, 30, 437, 0, 23, 210, 2354 }, // U+01CC
    { 23, 29, 345, -2, 29, 167, 2564 }, // U+01CD
    { 17, 26, 279, 0, 25, 111, 2731 }, // U+01CE
    { 17, 29, 186, -2, 29, 124, 2842 }, // U+01CF
    { 12, 26, 151, 1, 25, 78, 2966 }, // U+01D0
    { 21, 30, 345, 0, 29, 158, 3044 }, // U+01D1
    { 17, 26, 254, 0, 25, 111, 3202 }, // U+01D2
    { 22, 30, 366, 2, 29, 165, 3313 }, // U+01D3
    { 18, 26, 287, 0, 25, 117, 3478 }, // U+01D4
    { 22, 32, 366, 2, 31, 176, 3595 }, // U+01D5
    { 18, 27, 287, 0, 26, 122, 3771 }, // U+01D6
    { 22, 32, 366, 2, 31, 176, 3893 }, // U+01D7
    { 18, 30, 287, 0, 29, 135, 4069 }, // U+01D8
    { 22, 32, 366, 2, 31, 176, 4204 }, // U+01D9
    { 18, 29, 287, 0, 28, 131, 4380 }, // U+01DA
    { 22, 32, 366, 2, 31, 176, 4511 }, // U+01DB
    { 18, 30, 287, 0, 29, 135, 4687 }, // U+01DC
    { 14, 17, 227, 0, 16, 60, 4822 }, // U+01DD
    { 23, 31, 345, -2, 31, 179, 4882 }, // U+01DE
    { 17, 27, 279, 0, 26, 115, 5061 }, // U+01DF
    { 23, 31, 345, -2, 31, 179, 5176 }, // U+01E0
    { 17, 28, 279, 0, 27, 119, 5355 }, // U+01E1
    { 31, 26, 438, -3, 26, 202, 5474 }, // U+01E2
    { 23, 22, 365, 0, 21, 127, 5676 }, // U+01E3
    { 21, 22, 340, 0, 21, 116, 5803 }, // U+01E4
    { 23, 23, 247, -5, 16, 133, 5919 }, // U+01E5
    { 20, 30, 340, 0, 29, 150, 6052 }, // U+01E6
    { 20, 32, 247, -2, 25, 160, 6202 }, // U+01E7
    { 24, 30, 333, -2, 29, 180, 6362 }, // U+01E8
    { 15, 31, 249, 0, 30, 117, 6542 }, // U+01E9
    { 21, 28, 345, 0, 21, 147, 6659 }, // U+01EA
    { 15, 23, 254, 0, 16, 87, 6806 }, // U+01EB
    { 21, 33, 345, 0, 26, 174, 6893 }, // U+01EC
    { 16, 28, 254, 0, 21, 112, 7067 }, // U+01ED
    { 19, 30, 264, -1, 29, 143, 7179 }, // U+01EE
    { 18, 32, 249, -2, 25, 144, 7322 }, // U+01EF
    { 20, 32, 147, -6, 25, 160, 7466 }, // U+01F0
    { 40, 22, 631, -1, 21, 220, 7626 }, // U+01F1
    { 37, 22, 566, -1, 21, 204, 7846 }, // U+01F2
    { 32, 24, 502, 0, 23, 192, 8050 }, // U+01F3
    { 20, 30, 340, 0, 29, 150, 8242 }, // U+01F4
    { 20, 32, 247, -2, 25, 160, 8392 }, // U+01F5
    { 25, 30, 361, -1, 29, 188, 8552 }, // U+01F8
    { 18, 26, 289, 0, 25, 117, 8740 }, // U+01F9
    { 23, 30, 345, -2, 30, 173, 8857 }, // U+01FA
    { 17, 31, 279, 0, 30, 132, 9030 }, // U+01FB
    { 31, 29, 438, -3, 29, 225, 9162 }, // U+01FC
    { 23, 26, 365, 0, 25, 150, 9387 }, // U+01FD
    { 24, 30, 345, -1, 29, 180, 9537 }, // U+01FE
    { 19, 26, 254, -2, 25, 124, 9717 }, // U+01FF
    { 23, 29, 345, -2, 29, 167, 9841 }, // U+0200
    { 17, 25, 279, 0, 24, 107, 10008 }, // U+0201
    { 23, 28, 345, -2, 28, 161, 10115 }, // U+0202
    { 17, 24, 279, 0, 23, 102, 10276 }, // U+0203
    { 21, 29, 291, -2, 29, 153, 10378 }, // U+0204
    { 14, 25, 221, 0, 24, 88, 10531 }, // U+0205
    { 21, 28, 291, -2, 28, 147, 10619 }, // U+0206
    { 14, 24, 221, 0, 23, 84, 10766 }, // U+0207
    { 15, 29, 186, -2, 29, 109, 10850 }, // U+0208
    { 9, 25, 151, 1, 24, 57, 10959 }, // U+0209
    { 15, 28, 186, -2, 28, 105, 11016 }, // U+020A
    { 11, 24, 151, 1, 23, 66, 11121 }, // U+020B
    { 21, 30, 345, 0, 29, 158, 11187 }, // U+020C
    { 15, 25, 254, 0, 24, 94, 11345 }, // U+020D
    { 21, 29, 345, 0, 28, 153, 11439 }, // U+020E
    { 16, 24, 254, 0, 23, 96, 11592 }, // U+020F
    { 21, 30, 317, -2, 29, 158, 11688 }, // U+0210
    { 15, 24, 225, 0, 24, 90, 11846 }, // U+0211
    { 21, 29, 317, -2, 28, 153, 11936 }, // U+0212
    { 15, 23, 225, 0, 23, 87, 12089 }, // U+0213
    { 22, 30, 366, 2, 29, 165, 12176 }, // U+0214
    { 18, 25, 287, 0, 24, 113, 12341 }, // U+0215
    { 22, 29, 366, 2, 28, 160, 12454 }, // U+0216
    { 18, 24, 287, 0, 23, 108, 12614 }, // U+0217
    { 17, 29, 258, -1, 21, 124, 12722 }, // U+0218
    { 14, 24, 203, -1, 16, 84, 12846 }, // U+0219
    { 20, 29, 309, 1, 21, 145, 12930 }, // U+021A
    { 13, 27, 197, 0, 19, 88, 13075 }, // U+021B
    { 17, 25, 267, -1, 21, 107, 13163 }, // U+021C
    { 15, 23, 221, -2, 16, 87, 13270 }, // U+021D
    { 27, 29, 374, -2, 29, 196, 13357 }, // U+021E
    { 17, 31, 279, 0, 30, 132, 13553 }, // U+021F
    { 7, 8, 0, -5, 25, 14, 0 }, // U+0300
    { 6, 8, 0, -2, 25, 12, 14 }, // U+0301
    { 11, 7, 0, -6, 24, 20, 26 }, // U+0302
    { 10, 5, 0, -5, 23, 13, 46 }, // U+0303
    { 10, 3, 0, -5, 21, 8, 59 }, // U+0304
    { 10, 6, 0, -5, 23, 15, 67 }, // U+0306
    { 6, 5, 0, -3, 23, 8, 82 }, // U+0307
    { 10, 5, 0, -5, 23, 13, 90 }, // U+0308
    { 9, 9, 0, -4, 26, 21, 103 }, // U+0309
    { 8, 9, 0, -4, 25, 18, 124 }, // U+030A
    { 12, 8, 0, -5, 25, 24, 142 }, // U+030B
    { 11, 8, 0, -5, 25, 22, 166 }, // U+030C
    { 9, 7, 0, -6, 24, 16, 188 }, // U+030F
    { 10, 6, 0, -5, 23, 15, 204 }, // U+0311
    { 6, 8, 0, -3, 25, 12, 219 }, // U+0312
    { 7, 9, 0, -3, 26, 16, 231 }, // U+0313
    { 6, 9, 0, -4, 26, 14, 247 }, // U+0314
    { 5, 8, 0, -3, 25, 10, 261 }, // U+0315
    { 6, 7, 0, -3, 19, 11, 271 }, // U+031B
    { 6, 5, 0, -3, -2, 8, 282 }, // U+0323
    { 10, 5, 0, -5, -2, 13, 290 }, // U+0324
    { 8, 7, 0, -4, -1, 14, 303 }, // U+0325
    { 6, 7, 0, -3, -1, 11, 317 }, // U+0326
    { 7, 7, 0, -4, -1, 13, 328 }, // U+0327
    { 6, 8, 0, -3, 1, 12, 341 }, // U+0328
    { 5, 8, 126, -1, -1, 10, 353 }, // U+0329
    { 11, 7, 0, -6, -1, 20, 363 }, // U+032D
    { 10, 7, 0, -5, -1, 18, 383 }, // U+032E
    { 10, 6, 0, -5, -2, 15, 401 }, // U+0330
    { 10, 3, 0, -5, -3, 8, 416 }, // U+0331
    { 10, 6, 0, -5, 23, 15, 424 }, // U+0342
    { 11, 12, 0, -6, 30, 33, 439 }, // U+0344
    { 6, 6, 0, -2, -2, 9, 472 }, // U+0345
    { 21, 29, 291, -2, 29, 153, 0 }, // U+0400
    { 21, 27, 291, -2, 27, 142, 153 }, // U+0401
    { 20, 27, 360, 1, 21, 135, 295 }, // U+0402
    { 20, 29, 270, -2, 29, 145, 430 }, // U+0403
    { 19, 22, 304, 0, 21, 105, 575 }, // U+0404
    { 17, 22, 258, -1, 21, 94, 680 }, // U+0405
    { 15, 21, 186, -2, 21, 79, 774 }, // U+0406
    { 16, 27, 186, -2, 27, 108, 853 }, // U+0407
    { 19, 27, 177, -6, 21, 129, 961 }, // U+0408
    { 28, 22, 432, -2, 21, 154, 1090 }, // U+0409
    { 29, 22, 447, -2, 21, 160, 1244 }, // U+040A
    { 22, 21, 395, 1, 21, 116, 1404 }, // U+040B
    { 24, 30, 329, -2, 29, 180, 1520 }, // U+040C
    { 27, 29, 376, -2, 29, 196, 1700 }, // U+040D
    { 21, 30, 313, 1, 29, 158, 1896 }, // U+040E
    { 26, 28, 358, -2, 21, 182, 2054 }, // U+040F
    { 23, 21, 345, -2, 21, 121, 2236 }, // U+0410
    { 20, 22, 297, -2, 21, 110, 2357 }, // U+0411
    { 19, 22, 293, -2, 21, 105, 2467 }, // U+0412
    { 20, 21, 270, -2, 21, 105, 2572 }, // U+0413
    { 25, 27, 347, -2, 21, 169, 2677 }, // U+0414
    { 21, 21, 291, -2, 21, 111, 2846 }, // U+0415
    { 33, 22, 454, -3, 21, 182, 2957 }, // U+0416
    { 17, 22, 266, -1, 21, 94, 3139 }, // U+0417
    { 27, 21, 376, -2, 21, 142, 3233 }, // U+0418
    { 27, 29, 376, -2, 29, 196, 3375 }, // U+0419
    { 24, 22, 329, -2, 21, 132, 3571 }, // U+041A
    { 25, 22, 341, -2, 21, 138, 3703 }, // U+041B
    { 28, 21, 419, -2, 21, 147, 3841 }, // U+041C
    { 27, 21, 374, -2, 21, 142, 3988 }, // U+041D
    { 21, 22, 345, 0, 21, 116, 4130 }, // U+041E
    { 26, 21, 362, -2, 21, 137, 4246 }, // U+041F
    { 20, 21, 287, -2, 21, 105, 4383 }, // U+0420
    { 19, 22, 306, 0, 21, 105, 4488 }, // U+0421
    { 20, 21, 309, 1, 21, 105, 4593 }, // U+0422
    { 21, 22, 313, 1, 21, 116, 4698 }, // U+0423
    { 22, 22, 351, 0, 21, 121, 4814 }, // U+0424
    { 24, 21, 311, -3, 21, 126, 4935 }, // U+0425
    { 26, 27, 361, -2, 21, 176, 5061 }, // U+0426
    { 21, 21, 334, 1, 21, 111, 5237 }, // U+0427
    { 33, 21, 471, -2, 21, 174, 5348 }, // U+0428
    { 33, 27, 474, -2, 21, 223, 5522 }, // U+0429
    { 19, 22, 338, 1, 21, 105, 5745 }, // U+042A
    { 31, 22, 442, -2, 21, 171, 5850 }, // U+042B
    { 19, 22, 287, -2, 21, 105, 6021 }, // U+042C
    { 19, 22, 295, -1, 21, 105, 6126 }, // U+042D
    { 32, 22, 483, -2, 21, 176, 6231 }, // U+042E
    { 23, 22, 311, -2, 21, 127, 6407 }, // U+042F
    { 17, 17, 279, 0, 16, 73, 6534 }, // U+0430
    { 18, 25, 255, 0, 24, 113, 6607 }, // U+0431
    { 15, 17, 242, 0, 16, 64, 6720 }, // U+0432
    { 13, 17, 213, 0, 16, 56, 6784 }, // U+0433
    { 16, 24, 254, 0, 23, 96, 6840 }, // U+0434
    { 14, 17, 221, 0, 16, 60, 6936 }, // U+0435
    { 26, 17, 420, 0, 16, 111, 6996 }, // U+0436
    { 14, 17, 216, -1, 16, 60, 7107 }, // U+0437
    { 18, 17, 287, 0, 16, 77, 7167 }, // U+0438
    { 18, 25, 287, 0, 24, 113, 7244 }, // U+0439
    { 17, 17, 267, 0, 16, 73, 7357 }, // U+043A
    { 19, 17, 292, -1, 16, 81, 7430 }, // U+043B
    { 24, 17, 373, -1, 16, 102, 7511 }, // U+043C
    { 18, 17, 292, 0, 16, 77, 7613 }, // U+043D
    { 15, 17, 254, 0, 16, 64, 7690 }, // U+043E
    { 18, 17, 289, 0, 16, 77, 7754 }, // U+043F
    { 19, 23, 267, -3, 16, 110, 7831 }, // U+0440
    { 13, 17, 212, 0, 16, 56, 7941 }, // U+0441
    { 25, 17, 409, 0, 16, 107, 7997 }, // U+0442
    { 20, 23, 246, -5, 16, 115, 8104 }, // U+0443
    { 20, 30, 333, 0, 23, 150, 8219 }, // U+0444
    { 18, 17, 267, -1, 16, 77, 8369 }, // U+0445
    { 18, 22, 290, 0, 16, 99, 8446 }, // U+0446
    { 17, 17, 282, 0, 16, 73, 8545 }, // U+0447
    { 24, 17, 389, 0, 16, 102, 8618 }, // U+0448
    { 24, 22, 393, 0, 16, 132, 8720 }, // U+0449
    { 16, 17, 257, 0, 16, 68, 8852 }, // U+044A
    { 22, 17, 367, 0, 16, 94, 8920 }, // U+044B
    { 14, 17, 237, 0, 16, 60, 9014 }, // U+044C
    { 15, 17, 224, -1, 16, 64, 9074 }, // U+044D
    { 23, 17, 372, 0, 16, 98, 9138 }, // U+044E
    { 17, 17, 281, 0, 16, 73, 9236 }, // U+044F
    { 14, 26, 221, 0, 25, 91, 9309 }, // U+0450
    { 15, 24, 221, 0, 23, 90, 9400 }, // U+0451
    { 16, 30, 267, 0, 23, 120, 9490 }, // U+0452
    { 14, 26, 213, 0, 25, 91, 9610 }, // U+0453
    { 14, 17, 224, 0, 16, 60, 9701 }, // U+0454
    { 14, 17, 203, -1, 16, 60, 9761 }, // U+0455
    { 9, 24, 151, 1, 23, 54, 9821 }, // U+0456
    { 11, 24, 151, 1, 23, 66, 9875 }, // U+0457
    { 16, 30, 147, -6, 23, 120, 9941 }, // U+0458
    { 24, 17, 369, -1, 16, 102, 10061 }, // U+0459
    { 22, 17, 361, 0, 16, 94, 10163 }, // U+045A
    { 17, 24, 279, 0, 23, 102, 10257 }, // U+045B
    { 17, 26, 267, 0, 25, 111, 10359 }, // U+045C
    { 18, 26, 287, 0, 25, 117, 10470 }, // U+045D
    { 20, 31, 246, -5, 24, 155, 10587 }, // U+045E
    { 18, 22, 287, 0, 16, 99, 10742 }, // U+045F
    { 19, 24, 332, 1, 23, 114, 10841 }, // U+0462
    { 22, 17, 366, 0, 16, 94, 10955 }, // U+0463
    { 21, 22, 345, 0, 21, 116, 11049 }, // U+0472
    { 15, 17, 254, 0, 16, 64, 11165 }, // U+0473
    { 23, 22, 356, 1, 21, 127, 11229 }, // U+0474
    { 19, 17, 273, -1, 16, 81, 11356 }, // U+0475
    { 27, 35, 379, -2, 29, 237, 11437 }, // U+048A
    { 18, 30, 286, 0, 24, 135, 11674 }, // U+048B
    { 19, 22, 287, -2, 21, 105, 11809 }, // U+048C
    { 13, 22, 237, 1, 21, 72, 11914 }, // U+048D
    { 20, 21, 288, -2, 21, 105, 11986 }, // U+048E
    { 19, 23, 267, -3, 16, 110, 12091 }, // U+048F
    { 20, 25, 266, -2, 25, 125, 12201 }, // U+0490
    { 15, 21, 221, 0, 20, 79, 12326 }, // U+0491
    { 20, 21, 270, -2, 21, 105, 12405 }, // U+0492
    { 13, 17, 213, 0, 16, 56, 12510 }, // U+0493
    { 20, 27, 309, -2, 21, 135, 12566 }, // U+0494
    { 15, 23, 256, 0, 16, 87, 12701 }, // U+0495
    { 33, 27, 458, -3, 21, 223, 12788 }, // U+0496
    { 26, 22, 420, 0, 16, 143, 13011 }, // U+0497
    { 17, 27, 266, -1, 21, 115, 13154 }, // U+0498
    { 14, 22, 216, -1, 16, 77, 13269 }, // U+0499
    { 24, 27, 328, -2, 21, 162, 13346 }, // U+049A
    { 17, 22, 267, 0, 16, 94, 13508 }, // U+049B
    { 25, 22, 344, -2, 21, 138, 13602 }, // U+049C
    { 19, 17, 299, 0, 16, 81, 13740 }, // U+049D
    { 24, 22, 329, -2, 21, 132, 13821 }, // U+049E
    { 16, 23, 261, 0, 22, 92, 13953 }, // U+049F
    { 25, 22, 384, 1, 21, 138, 14045 }, // U+04A0
    { 19, 17, 305, 0, 16, 81, 14183 }, // U+04A1
    { 27, 27, 377, -2, 21, 183, 14264 }, // U+04A2
    { 18, 22, 300, 0, 16, 99, 14447 }, // U+04A3
    { 31, 21, 436, -2, 21, 163, 14546 }, // U+04A4
    { 23, 17, 354, 0, 16, 98, 14709 }, // U+04A5
    { 31, 27, 479, -2, 21, 210, 14807 }, // U+04A6
    { 24, 23, 391, 0, 16, 138, 15017 }, // U+04A7
    { 24, 22, 389, 0, 21, 132, 15155 }, // U+04A8
    { 19, 17, 302, 0, 16, 81, 15287 }, // U+04A9
    { 19, 27, 306, 0, 21, 129, 15368 }, // U+04AA
    { 13, 22, 212, 0, 16, 72, 15497 }, // U+04AB
    { 20, 27, 309, 1, 21, 135, 15569 }, // U+04AC
    { 26, 22, 412, 0, 16, 143, 15704 }, // U+04AD
    { 21, 21, 306, 1, 21, 111, 15847 }, // U+04AE
    { 15, 23, 246, 0, 16, 87, 15958 }, // U+04AF
    { 21, 21, 306, 1, 21, 111, 16045 }, // U+04B0
    { 15, 23, 246, 0, 16, 87, 16156 }, // U+04B1
    { 24, 27, 311, -3, 21, 162, 16243 }, // U+04B2
    { 18, 22, 267, -1, 16, 99, 16405 }, // U+04B3
    { 27, 27, 429, 1, 21, 183, 16504 }, // U+04B4
    { 18, 27, 290, 0, 21, 122, 16687 }, // U+04B5
    { 21, 27, 337, 1, 21, 142, 16809 }, // U+04B6
    { 17, 22, 286, 0, 16, 94, 16951 }, // U+04B7
    { 22, 21, 338, 1, 21, 116, 17045 }, // U+04B8
    { 17, 17, 287, 0, 16, 73, 17161 }, // U+04B9
    { 21, 21, 337, -2, 21, 111, 17234 }, // U+04BA
    { 17, 24, 279, 0, 23, 102, 17345 }, // U+04BB
    { 22, 22, 383, 1, 21, 121, 17447 }, // U+04BC
    { 17, 17, 277, 0, 16, 73, 17568 }, // U+04BD
    { 22, 28, 383, 1, 21, 154, 17641 }, // U+04BE
    { 17, 22, 277, 0, 16, 94, 17795 }, // U+04BF
    { 15, 21, 186, -2, 21, 79, 17889 }, // U+04C0
    { 33, 30, 452, -3, 29, 248, 17968 }, // U+04C1
    { 26, 25, 420, 0, 24, 163, 18216 }, // U+04C2
    { 24, 27, 337, -2, 21, 162, 18379 }, // U+04C3
    { 17, 23, 267, 0, 16, 98, 18541 }, // U+04C4
    { 25, 27, 344, -2, 21, 169, 18639 }, // U+04C5
    { 19, 22, 295, -1, 16, 105, 18808 }, // U+04C6
    { 27, 27, 374, -2, 21, 183, 18913 }, // U+04C7
    { 17, 23, 275, 0, 16, 98, 19096 }, // U+04C8
    { 27, 27, 377, -2, 21, 183, 19194 }, // U+04C9
    { 18, 22, 297, 0, 16, 99, 19377 }, // U+04CA
    { 21, 27, 334, 1, 21, 142, 19476 }, // U+04CB
    { 17, 22, 274, 0, 16, 94, 19618 }, // U+04CC
    { 28, 27, 428, -2, 21, 189, 19712 }, // U+04CD
    { 24, 22, 373, -1, 16, 132, 19901 }, // U+04CE
    { 14, 23, 178, -1, 23, 81, 20033 }, // U+04CF
    { 23, 29, 345, -2, 29, 167, 20114 }, // U+04D0
    { 17, 25, 279, 0, 24, 107, 20281 }, // U+04D1
    { 23, 27, 345, -2, 27, 156, 20388 }, // U+04D2
    { 17, 24, 279, 0, 23, 102, 20544 }, // U+04D3
    { 31, 21, 438, -3, 21, 163, 20646 }, // U+04D4
    { 23, 17, 365, 0, 16, 98, 20809 }, // U+04D5
    { 21, 29, 291, -2, 29, 153, 20907 }, // U+04D6
    { 15, 25, 221, 0, 24, 94, 21060 }, // U+04D7
    { 19, 22, 310, 0, 21, 105, 21154 }, // U+04D8
    { 14, 17, 227, 0, 16, 60, 21259 }, // U+04D9
    { 19, 28, 310, 0, 27, 133, 21319 }, // U+04DA
    { 14, 24, 227, 0, 23, 84, 21452 }, // U+04DB
    { 33, 28, 454, -3, 27, 231, 21536 }, // U+04DC
    { 26, 24, 420, 0, 23, 156, 21767 }, // U+04DD
    { 17, 28, 266, -1, 27, 119, 21923 }, // U+04DE
    { 15, 24, 216, -1, 23, 90, 22042 }, // U+04DF
    { 18, 22, 264, -1, 21, 99, 22132 }, // U+04E0
    { 18, 23, 249, -2, 16, 104, 22231 }, // U+04E1
    { 27, 26, 376, -2, 26, 176, 22335 }, // U+04E2
    { 18, 22, 287, 0, 21, 99, 22511 }, // U+04E3
    { 27, 27, 376, -2, 27, 183, 22610 }, // U+04E4
    { 18, 24, 287, 0, 23, 108, 22793 }, // U+04E5
    { 21, 28, 345, 0, 27, 147, 22901 }, // U+04E6
    { 16, 24, 254, 0, 23, 96, 23048 }, // U+04E7
    { 21, 22, 345, 0, 21, 116, 23144 }, // U+04E8
    { 15, 17, 254, 0, 16, 64, 23260 }, // U+04E9
    { 21, 28, 345, 0, 27, 147, 23324 }, // U+04EA
    { 16, 24, 254, 0, 23, 96, 23471 }, // U+04EB
    { 19, 28, 295, -1, 27, 133, 23567 }, // U+04EC
    { 15, 24, 224, -1, 23, 90, 23700 }, // U+04ED
    { 21, 27, 313, 1, 26, 142, 23790 }, // U+04EE
    { 20, 28, 246, -5, 21, 140, 23932 }, // U+04EF
    { 21, 28, 313, 1, 27, 147, 24072 }, // U+04F0
    { 20, 30, 246, -5, 23, 150, 24219 }, // U+04F1
    { 21, 30, 313, 1, 29, 158, 24369 }, // U+04F2
    { 20, 32, 246, -5, 25, 160, 24527 }, // U+04F3
    { 21, 27, 334, 1, 27, 142, 24687 }, // U+04F4
    { 17, 24, 282, 0, 23, 102, 24829 }, // U+04F5
    { 20, 27, 270, -2, 21, 135, 24931 }, // U+04F6
    { 13, 22, 213, 0, 16, 72, 25066 }, // U+04F7
    { 31, 28, 442, -2, 27, 217, 25138 }, // U+04F8
    { 22, 24, 367, 0, 23, 132, 25355 }, // U+04F9
    { 20, 27, 270, -2, 21, 135, 25487 }, // U+04FA
    { 13, 22, 213, 0, 16, 72, 25622 }, // U+04FB
    { 24, 27, 311, -3, 21, 162, 25694 }, // U+04FC
    { 18, 23, 267, -1, 16, 104, 25856 }, // U+04FD
    { 24, 21, 311, -3, 21, 126, 25960 }, // U+04FE
    { 18, 17, 267, -1, 16, 77, 26086 }, // U+04FF
    { 23, 28, 345, -2, 21, 161, 0 }, // U+1EA0
    { 17, 23, 279, 0, 16, 98, 161 }, // U+1EA1
    { 23, 30, 345, -2, 30, 173, 259 }, // U+1EA2
    { 17, 27, 279, 0, 26, 115, 432 }, // U+1EA3
    { 24, 31, 345, -2, 31, 186, 547 }, // U+1EA4
    { 20, 30, 279, 0, 29, 150, 733 }, // U+1EA5
    { 23, 31, 345, -2, 31, 179, 883 }, // U+1EA6
    { 17, 30, 279, 0, 29, 128, 1062 }, // U+1EA7
    { 24, 31, 345, -2, 31, 186, 1190 }, // U+1EA8
    { 20, 30, 279, 0, 29, 150, 1376 }, // U+1EA9
    { 23, 31, 345, -2, 31, 179, 1526 }, // U+1EAA
    { 17, 29, 279, 0, 28, 124, 1705 }, // U+1EAB
    { 23, 36, 345, -2, 29, 207, 1829 }, // U+1EAC
    { 17, 31, 279, 0, 24, 132, 2036 }, // U+1EAD
    { 23, 31, 345, -2, 31, 179, 2168 }, // U+1EAE
    { 17, 30, 279, 0, 29, 128, 2347 }, // U+1EAF
    { 23, 31, 345, -2, 31, 179, 2475 }, // U+1EB0
    { 17, 30, 279, 0, 29, 128, 2654 }, // U+1EB1
    { 23, 31, 345, -2, 31, 179, 2782 }, // U+1EB2
    { 17, 30, 279, 0, 29, 128, 2961 }, // U+1EB3
    { 23, 31, 345, -2, 31, 179, 3089 }, // U+1EB4
    { 17, 29, 279, 0, 28, 124, 3268 }, // U+1EB5
    { 23, 35, 345, -2, 28, 202, 3392 }, // U+1EB6
    { 17, 30, 279, 0, 23, 128, 3594 }, // U+1EB7
    { 21, 28, 291, -2, 21, 147, 3722 }, // U+1EB8
    { 14, 23, 221, 0, 16, 81, 3869 }, // U+1EB9
    { 21, 30, 291, -2, 30, 158, 3950 }, // U+1EBA
    { 14, 27, 221, 0, 26, 95, 4108 }, // U+1EBB
    { 21, 28, 291, -2, 28, 147, 4203 }, // U+1EBC
    { 15, 24, 221, 0, 23, 90, 4350 }, // U+1EBD
    { 23, 31, 291, -2, 31, 179, 4440 }, // U+1EBE
    { 18, 30, 221, 0, 29, 135, 4619 }, // U+1EBF
    { 21, 31, 291, -2, 31, 163, 4754 }, // U+1EC0
    { 15, 30, 221, 0, 29, 113, 4917 }, // U+1EC1
    { 23, 31, 291, -2, 31, 179, 5030 }, // U+1EC2
    { 19, 30, 221, 0, 29, 143, 5209 }, // U+1EC3
    { 21, 31, 291, -2, 31, 163, 5352 }, // U+1EC4
    { 15, 29, 221, 0, 28, 109, 5515 }, // U+1EC5
    { 21, 36, 291, -2, 29, 189, 5624 }, // U+1EC6
    { 14, 31, 221, 0, 24, 109, 5813 }, // U+1EC7
    { 15, 30, 186, -2, 30, 113, 5922 }, // U+1EC8
    { 11, 27, 151, 1, 26, 75, 6035 }, // U+1EC9
    { 15, 28, 186, -2, 21, 105, 6110 }, // U+1ECA
    { 10, 30, 151, 0, 23, 75, 6215 }, // U+1ECB
    { 21, 28, 345, 0, 21, 147, 6290 }, // U+1ECC
    { 15, 23, 254, 0, 16, 87, 6437 }, // U+1ECD
    { 21, 31, 345, 0, 30, 163, 6524 }, // U+1ECE
    { 15, 27, 254, 0, 26, 102, 6687 }, // U+1ECF
    { 22, 32, 345, 0, 31, 176, 6789 }, // U+1ED0
    { 20, 30, 254, 0, 29, 150, 6965 }, // U+1ED1
    { 21, 32, 345, 0, 31, 168, 7115 }, // U+1ED2
    { 17, 30, 254, 0, 29, 128, 7283 }, // U+1ED3
    { 22, 32, 345, 0, 31, 176, 7411 }, // U+1ED4
    { 20, 30, 254, 0, 29, 150, 7587 }, // U+1ED5
    { 21, 32, 345, 0, 31, 168, 7737 }, // U+1ED6
    { 16, 29, 254, 0, 28, 116, 7905 }, // U+1ED7
    { 21, 36, 345, 0, 29, 189, 8021 }, // U+1ED8
    { 15, 31, 254, 0, 24, 117, 8210 }, // U+1ED9
    { 24, 30, 345, 0, 29, 180, 8327 }, // U+1EDA
    { 18, 26, 254, 0, 25, 117, 8507 }, // U+1EDB
    { 24, 30, 345, 0, 29, 180, 8624 }, // U+1EDC
    { 18, 26, 254, 0, 25, 117, 8804 }, // U+1EDD
    { 24, 31, 345, 0, 30, 186, 8921 }, // U+1EDE
    { 18, 27, 254, 0, 26, 122, 9107 }, // U+1EDF
    { 24, 29, 345, 0, 28, 174, 9229 }, // U+1EE0
    { 18, 24, 254, 0, 23, 108, 9403 }, // U+1EE1
    { 24, 31, 345, 0, 24, 186, 9511 }, // U+1EE2
    { 18, 26, 254, 0, 19, 117, 9697 }, // U+1EE3
    { 22, 28, 366, 2, 21, 154, 9814 }, // U+1EE4
    { 18, 23, 287, 0, 16, 104, 9968 }, // U+1EE5
    { 22, 31, 366, 2, 30, 171, 10072 }, // U+1EE6
    { 18, 27, 287, 0, 26, 122, 10243 }, // U+1EE7
    { 26, 30, 358, 2, 29, 195, 10365 }, // U+1EE8
    { 21, 26, 287, 0, 25, 137, 10560 }, // U+1EE9
    { 26, 30, 358, 2, 29, 195, 10697 }, // U+1EEA
    { 21, 26, 287, 0, 25, 137, 10892 }, // U+1EEB
    { 26, 31, 358, 2, 30, 202, 11029 }, // U+1EEC
    { 21, 27, 287, 0, 26, 142, 11231 }, // U+1EED
    { 26, 29, 358, 2, 28, 189, 11373 }, // U+1EEE
    { 21, 24, 287, 0, 23, 126, 11562 }, // U+1EEF
    { 26, 31, 358, 2, 24, 202, 11688 }, // U+1EF0
    { 21, 26, 287, 0, 19, 137, 11890 }, // U+1EF1
    { 21, 29, 306, 1, 29, 153, 12027 }, // U+1EF2
    { 20, 32, 246, -5, 25, 160, 12180 }, // U+1EF3
    { 21, 28, 306, 1, 21, 147, 12340 }, // U+1EF4
    { 20, 23, 246, -5, 16, 115, 12487 }, // U+1EF5
    { 21, 30, 306, 1, 30, 158, 12602 }, // U+1EF6
    { 20, 33, 246, -5, 26, 165, 12760 }, // U+1EF7
    { 21, 28, 306, 1, 28, 147, 12925 }, // U+1EF8
    { 20, 30, 246, -5, 23, 150, 13072 }, // U+1EF9
    { 0, 0, 233, 0, 0, 0, 0 }, // U+2000
    { 0, 0, 467, 0, 0, 0, 0 }, // U+2001
    { 0, 0, 233, 0, 0, 0, 0 }, // U+2002
    { 0, 0, 467, 0, 0, 0, 0 }, // U+2003
    { 0, 0, 155, 0, 0, 0, 0 }, // U+2004
    { 0, 0, 117, 0, 0, 0, 0 }, // U+2005
    { 0, 0, 77, 0, 0, 0, 0 }, // U+2006
    { 0, 0, 291, 0, 0, 0, 0 }, // U+2007
    { 0, 0, 144, 0, 0, 0, 0 }, // U+2008
    { 0, 0, 93, 0, 0, 0, 0 }, // U+2009
    { 0, 0, 23, 0, 0, 0, 0 }, // U+200A
    { 0, 0, 0, 0, 0, 0, 0 }, // U+200B
    { 2, 24, 0, -1, 17, 12, 0 }, // U+200C
    { 6, 26, 0, -3, 19, 39, 12 }, // U+200D
    { 10, 28, 0, -5, 21, 70, 51 }, // U+200E
    { 10, 28, 0, -5, 21, 70, 121 }, // U+200F
    { 10, 5, 182, 1, 10, 13, 191 }, // U+2010
    { 10, 5, 182, 1, 10, 13, 204 }, // U+2011
    { 14, 3, 291, 2, 11, 11, 217 }, // U+2012
    { 15, 3, 233, 0, 9, 12, 228 }, // U+2013
    { 29, 3, 467, 0, 9, 22, 240 }, // U+2014
    { 29, 3, 467, 0, 9, 22, 262 }, // U+2015
    { 11, 30, 233, 2, 23, 83, 284 }, // U+2016
    { 15, 8, 233, 0, -1, 30, 367 }, // U+2017
    { 7, 10, 140, 2, 22, 18, 397 }, // U+2018
    { 8, 10, 140, 1, 22, 20, 415 }, // U+2019
    { 7, 10, 140, 0, 4, 18, 435 }, // U+201A
    { 7, 10, 140, 1, 22, 18, 453 }, // U+201B
    { 13, 10, 238, 2, 22, 33, 471 }, // U+201C
    { 14, 10, 238, 1, 22, 35, 504 }, // U+201D
    { 13, 10, 233, 0, 4, 33, 539 }, // U+201E
    { 13, 10, 233, 1, 22, 33, 572 }, // U+201F
    { 13, 19, 218, 1, 21, 62, 605 }, // U+2020
    { 15, 23, 218, -1, 21, 87, 667 }, // U+2021
    { 7, 7, 140, 1, 11, 13, 754 }, // U+2022
    { 10, 10, 291, 4, 15, 25, 767 }, // U+2023
    { 6, 6, 135, 1, 5, 9, 792 }, // U+2024
    { 13, 6, 233, 1, 5, 20, 801 }, // U+2025
    { 25, 6, 467, 2, 5, 38, 821 }, // U+2026
    { 6, 6, 135, 1, 11, 9, 859 }, // U+2027
    { 0, 0, 0, 0, 0, 0, 868 }, // U+2028
    { 0, 0, 0, 0, 0, 0, 868 }, // U+2029
    { 10, 28, 0, -5, 21, 70, 868 }, // U+202A
    { 10, 28, 0, -5, 21, 70, 938 }, // U+202B
    { 10, 27, 0, -5, 20, 68, 1008 }, // U+202C
    { 12, 28, 0, -6, 21, 84, 1076 }, // U+202D
    { 12, 28, 0, -6, 21, 84, 1160 }, // U+202E
    { 0, 0, 50, 0, 0, 0, 1244 }, // U+202F
    { 39, 24, 657, 1, 22, 234, 1244 }, // U+2030
    { 7, 11, 119, 0, 21, 20, 1478 }, // U+2032
    { 13, 11, 210, 0, 21, 36, 1498 }, // U+2033
    { 20, 11, 323, 0, 21, 55, 1534 }, // U+2034
    { 7, 11, 119, 0, 21, 20, 1589 }, // U+2035
    { 13, 11, 221, 0, 21, 36, 1609 }, // U+2036
    { 20, 11, 323, 0, 21, 55, 1645 }, // U+2037
    { 13, 6, 233, 1, 0, 20, 1700 }, // U+2038
    { 9, 12, 166, 1, 13, 27, 1720 }, // U+2039
    { 10, 12, 166, 0, 13, 30, 1747 }, // U+203A
    { 18, 20, 291, 0, 19, 90, 1777 }, // U+203B
    { 17, 23, 284, 1, 22, 98, 1867 }, // U+203C
    { 15, 4, 233, 0, 25, 15, 1965 }, // U+203E
    { 7, 5, 140, 1, 10, 9, 1980 }, // U+2043
    { 19, 24, 134, -5, 22, 114, 1989 }, // U+2044
    { 21, 23, 366, 2, 22, 121, 2103 }, // U+2047
    { 19, 23, 325, 2, 22, 110, 2224 }, // U+2048
    { 19, 23, 326, 1, 22, 110, 2334 }, // U+2049
    { 17, 7, 467, 6, 12, 30, 2444 }, // U+2053
    { 26, 11, 424, 0, 21, 72, 2474 }, // U+2057
    { 0, 0, 104, 0, 0, 0, 2546 }, // U+205F
    { 0, 0, 0, 0, 0, 0, 2546 }, // U+2060
    { 0, 0, 0, 0, 0, 0, 2546 }, // U+2061
    { 0, 0, 0, 0, 0, 0, 2546 }, // U+2062
    { 0, 0, 0, 0, 0, 0, 2546 }, // U+2063
    { 0, 0, 0, 0, 0, 0, 2546 }, // U+2064
    { 13, 14, 209, 0, 24, 46, 0 }, // U+2070
    { 13, 14, 209, 0, 24, 46, 46 }, // U+2074
    { 13, 14, 209, 0, 24, 46, 92 }, // U+2075
    { 12, 14, 209, 1, 24, 42, 138 }, // U+2076
    { 11, 14, 209, 2, 24, 39, 180 }, // U+2077
    { 11, 14, 209, 1, 24, 39, 219 }, // U+2078
    { 12, 14, 209, 0, 24, 42, 258 }, // U+2079
    { 11, 11, 264, 3, 21, 31, 300 }, // U+207F
    { 13, 15, 209, 0, 10, 49, 331 }, // U+2080
    { 9, 14, 209, 1, 10, 32, 380 }, // U+2081
    { 12, 14, 209, 0, 10, 42, 412 }, // U+2082
    { 11, 15, 209, 1, 10, 42, 454 }, // U+2083
    { 13, 14, 209, 0, 10, 46, 496 }, // U+2084
    { 13, 14, 209, 0, 9, 46, 542 }, // U+2085
    { 12, 15, 209, 1, 10, 45, 588 }, // U+2086
    { 11, 14, 209, 2, 9, 39, 633 }, // U+2087
    { 11, 15, 209, 1, 10, 42, 672 }, // U+2088
    { 12, 15, 209, 0, 10, 45, 714 }, // U+2089
    { 20, 20, 291, -1, 20, 100, 0 }, // U+20A3
    { 19, 22, 291, -1, 21, 105, 100 }, // U+20A4
    { 38, 22, 620, 0, 21, 209, 205 }, // U+20A7
    { 20, 22, 291, -1, 21, 110, 414 }, // U+20AC
    { 19, 14, 467, 5, 17, 67, 0 }, // U+2190
    { 13, 20, 467, 8, 20, 65, 67 }, // U+2191
    { 19, 14, 467, 5, 17, 67, 132 }, // U+2192
    { 13, 20, 467, 8, 20, 65, 199 }, // U+2193
    { 19, 14, 467, 5, 17, 67, 264 }, // U+2194
    { 13, 20, 467, 8, 20, 65, 331 }, // U+2195
    { 15, 20, 467, 7, 20, 75, 396 }, // U+21A8
    { 13, 20, 467, 8, 20, 65, 471 }, // U+21B2
    { 13, 20, 467, 8, 20, 65, 536 }, // U+21B3
    { 17, 16, 467, 6, 18, 68, 601 }, // U+21B5
    { 19, 16, 467, 5, 18, 76, 669 }, // U+21D0
    { 17, 18, 467, 6, 19, 77, 745 }, // U+21D1
    { 19, 16, 467, 5, 18, 76, 822 }, // U+21D2
    { 17, 18, 467, 6, 19, 77, 898 }, // U+21D3
    { 19, 16, 467, 5, 18, 76, 975 }, // U+21D4
    { 21, 22, 467, 4, 21, 116, 0 }, // U+2200
    { 16, 24, 291, 1, 23, 96, 116 }, // U+2202
    { 15, 21, 467, 7, 21, 79, 212 }, // U+2203
    { 23, 24, 467, 3, 22, 138, 291 }, // U+2205
    { 20, 21, 319, 0, 21, 105, 429 }, // U+2206
    { 19, 22, 467, 5, 21, 105, 534 }, // U+2207
    { 21, 21, 467, 4, 21, 111, 639 }, // U+2208
    { 21, 26, 467, 4, 23, 137, 750 }, // U+2209
    { 21, 18, 467, 4, 19, 95, 887 }, // U+220A
    { 21, 21, 467, 4, 21, 111, 982 }, // U+220B
    { 21, 26, 467, 4, 23, 137, 1093 }, // U+220C
    { 21, 18, 467, 4, 19, 95, 1230 }, // U+220D
    { 23, 26, 391, 1, 21, 150, 1325 }, // U+220F
    { 19, 26, 310, 0, 21, 124, 1475 }, // U+2211
    { 14, 4, 291, 2, 12, 14, 1599 }, // U+2212
    { 17, 23, 246, -1, 21, 98, 1613 }, // U+2215
    { 15, 23, 246, 0, 21, 87, 1711 }, // U+2216
    { 14, 14, 291, 2, 17, 49, 1798 }, // U+2217
    { 12, 11, 291, 3, 15, 33, 1847 }, // U+2218
    { 6, 6, 291, 6, 11, 9, 1880 }, // U+2219
    { 19, 28, 291, -1, 24, 133, 1889 }, // U+221A
    { 14, 12, 291, 2, 15, 42, 2022 }, // U+221D
    { 18, 11, 291, 0, 15, 50, 2064 }, // U+221E
    { 19, 21, 467, 5, 21, 100, 2114 }, // U+221F
    { 23, 21, 467, 3, 21, 121, 2214 }, // U+2220
    { 5, 30, 233, 5, 23, 38, 2335 }, // U+2223
    { 11, 30, 233, 2, 23, 83, 2373 }, // U+2225
    { 21, 21, 467, 4, 21, 111, 2456 }, // U+2227
    { 21, 21, 467, 4, 21, 111, 2567 }, // U+2228
    { 17, 21, 467, 6, 21, 90, 2678 }, // U+2229
    { 17, 22, 467, 6, 21, 94, 2768 }, // U+222A
    { 16, 30, 291, 1, 23, 120, 2862 }, // U+222B
    { 19, 18, 467, 5, 17, 86, 2982 }, // U+2234
    { 19, 18, 467, 5, 17, 86, 3068 }, // U+2235
    { 7, 17, 146, 1, 18, 30, 3154 }, // U+2236
    { 19, 18, 467, 5, 17, 86, 3184 }, // U+2237
    { 17, 7, 467, 6, 12, 30, 3270 }, // U+223C
    { 17, 17, 467, 6, 18, 73, 3300 }, // U+2245
    { 14, 12, 291, 2, 16, 42, 3373 }, // U+2248
    { 17, 12, 467, 6, 14, 51, 3415 }, // U+224D
    { 14, 15, 291, 2, 17, 53, 3466 }, // U+2260
    { 17, 15, 467, 6, 16, 64, 3519 }, // U+2261
    { 14, 18, 291, 2, 18, 63, 3583 }, // U+2264
    { 14, 18, 291, 2, 18, 63, 3646 }, // U+2265
    { 25, 14, 467, 2, 17, 88, 3709 }, // U+226A
    { 25, 14, 467, 2, 17, 88, 3797 }, // U+226B
    { 21, 18, 467, 4, 19, 95, 3885 }, // U+2283
    { 21, 26, 467, 4, 23, 137, 3980 }, // U+2284
    { 21, 26, 467, 4, 23, 137, 4117 }, // U+2285
    { 19, 21, 467, 5, 21, 100, 4254 }, // U+2286
    { 19, 21, 467, 5, 21, 100, 4354 }, // U+2287
    { 21, 22, 467, 4, 21, 116, 4454 }, // U+2295
    { 21, 22, 467, 4, 21, 116, 4570 }, // U+2296
    { 21, 22, 467, 4, 21, 116, 4686 }, // U+2297
    { 21, 22, 467, 4, 21, 116, 4802 }, // U+2298
    { 17, 21, 467, 6, 21, 90, 4918 }, // U+22A5
    { 6, 6, 291, 6, 11, 9, 5008 }, // U+22C5
    { 25, 6, 467, 2, 11, 38, 5017 }, // U+22EF
    { 31, 30, 346, -6, 23, 233, 0 }, // U+FB00
    { 25, 30, 300, -6, 23, 188, 233 }, // U+FB01
    { 26, 30, 314, -6, 23, 195, 421 }, // U+FB02
    { 34, 30, 448, -6, 23, 255, 616 }, // U+FB03
    { 35, 30, 461, -6, 23, 263, 871 }, // U+FB04
    { 28, 30, 351, -6, 23, 210, 1134 }, // U+FB05
    { 25, 22, 385, -1, 21, 138, 1344 }, // U+FB06
    { 27, 28, 467, 1, 24, 189, 0 }, // U+FFFD
};

static const EpdUnicodeInterval bookerly_14_bolditalicIntervals[] = {
    { 0x0, 0x0, 0x0 },
    { 0x8, 0x9, 0x1 },
    { 0xD, 0xD, 0x3 },
    { 0x1D, 0x1D, 0x4 },
    { 0x20, 0x7E, 0x5 },
    { 0xA0, 0xFF, 0x64 },
    { 0x100, 0x17F, 0xC4 },
    { 0x1A0, 0x1A1, 0x144 },
    { 0x1AF, 0x1B0, 0x146 },
    { 0x1C4, 0x1F5, 0x148 },
    { 0x1F8, 0x21F, 0x17A },
    { 0x300, 0x304, 0x1A2 },
    { 0x306, 0x30C, 0x1A7 },
    { 0x30F, 0x30F, 0x1AE },
    { 0x311, 0x315, 0x1AF },
    { 0x31B, 0x31B, 0x1B4 },
    { 0x323, 0x329, 0x1B5 },
    { 0x32D, 0x32E, 0x1BC },
    { 0x330, 0x331, 0x1BE },
    { 0x342, 0x342, 0x1C0 },
    { 0x344, 0x345, 0x1C1 },
    { 0x400, 0x45F, 0x1C3 },
    { 0x462, 0x463, 0x223 },
    { 0x472, 0x475, 0x225 },
    { 0x48A, 0x4FF, 0x229 },
    { 0x1EA0, 0x1EF9, 0x29F },
    { 0x2000, 0x2030, 0x2F9 },
    { 0x2032, 0x203C, 0x32A },
    { 0x203E, 0x203E, 0x335 },
    { 0x2043, 0x2044, 0x336 },
    { 0x2047, 0x2049, 0x338 },
    { 0x2053, 0x2053, 0x33B },
    { 0x2057, 0x2057, 0x33C },
    { 0x205F, 0x2064, 0x33D },
    { 0x2070, 0x2070, 0x343 },
    { 0x2074, 0x2079, 0x344 },
    { 0x207F, 0x2089, 0x34A },
    { 0x20A3, 0x20A4, 0x355 },
    { 0x20A7, 0x20A7, 0x357 },
    { 0x20AC, 0x20AC, 0x358 },
    { 0x2190, 0x2195, 0x359 },
    { 0x21A8, 0x21A8, 0x35F },
    { 0x21B2, 0x21B3, 0x360 },
    { 0x21B5, 0x21B5, 0x362 },
    { 0x21D0, 0x21D4, 0x363 },
    { 0x2200, 0x2200, 0x368 },
    { 0x2202, 0x2203, 0x369 },
    { 0x2205, 0x220D, 0x36B },
    { 0x220F, 0x220F, 0x374 },
    { 0x2211, 0x2212, 0x375 },
    { 0x2215, 0x221A, 0x377 },
    { 0x221D, 0x2220, 0x37D },
    { 0x2223, 0x2223, 0x381 },
    { 0x2225, 0x2225, 0x382 },
    { 0x2227, 0x222B, 0x383 },
    { 0x2234, 0x2237, 0x388 },
    { 0x223C, 0x223C, 0x38C },
    { 0x2245, 0x2245, 0x38D },
    { 0x2248, 0x2248, 0x38E },
    { 0x224D, 0x224D, 0x38F },
    { 0x2260, 0x2261, 0x390 },
    { 0x2264, 0x2265, 0x392 },
    { 0x226A, 0x226B, 0x394 },
    { 0x2283, 0x2287, 0x396 },
    { 0x2295, 0x2298, 0x39B },
    { 0x22A5, 0x22A5, 0x39F },
    { 0x22C5, 0x22C5, 0x3A0 },
    { 0x22EF, 0x22EF, 0x3A1 },
    { 0xFB00, 0xFB06, 0x3A2 },
    { 0xFFFD, 0xFFFD, 0x3A9 },
};

static const EpdFontGroup bookerly_14_bolditalicGroups[] = {
    { 0, 4278, 9182, 100, 0 },
    { 4278, 3619, 10798, 96, 100 },
    { 7897, 4600, 17148, 128, 196 },
    { 12497, 4686, 14748, 94, 324 },
    { 17183, 404, 568, 33, 418 },
    { 17587, 8558, 28081, 220, 451 },
    { 26145, 2602, 14336, 90, 671 },
    { 28747, 1315, 2846, 74, 761 },
    { 30062, 543, 847, 18, 835 },
    { 30605, 310, 540, 4, 853 },
    { 30915, 526, 1190, 15, 857 },
    { 31441, 2049, 5596, 58, 872 },
    { 33490, 601, 1564, 7, 930 },
    { 34091, 125, 196, 1, 937 },
};

static const EpdKernClassEntry bookerly_14_bolditalicKernLeftClasses[] = {
    { 0x0028, 1 }, // (
    { 0x002A, 2 }, // *
    { 0x002C, 3 }, // ,
    { 0x002D, 4 }, // -
    { 0x002E, 3 }, // .
    { 0x002F, 5 }, // /
    { 0x003A, 6 }, // :
    { 0x003B, 6 }, // ;
    { 0x0041, 7 }, // A
    { 0x0042, 8 }, // B
    { 0x0043, 9 }, // C
    { 0x0044, 10 }, // D
    { 0x0045, 11 }, // E
    { 0x0046, 12 }, // F
    { 0x0047, 13 }, // G
    { 0x0048, 14 }, // H
    { 0x0049, 14 }, // I
    { 0x004A, 15 }, // J
    { 0x004B, 16 }, // K
    { 0x004C, 17 }, // L
    { 0x004D, 18 }, // M
    { 0x004E, 19 }, // N
    { 0x004F, 10 }, // O
    { 0x0050, 20 }, // P
    { 0x0051, 21 }, // Q
    { 0x0052, 22 }, // R
    { 0x0053, 23 }, // S
    { 0x0054, 24 }, // T
    { 0x0055, 25 }, // U
    { 0x0056, 26 }, // V
    { 0x0057, 27 }, // W
    { 0x0058, 28 }, // X
    { 0x0059, 29 }, // Y
    { 0x005A, 30 }, // Z
    { 0x005B, 31 }, // [
    { 0x005C, 32 }, // <backslash>
    { 0x0061, 33 }, // a
    { 0x0062, 34 }, // b
    { 0x0063, 35 }, // c
    { 0x0064, 36 }, // d
    { 0x0065, 37 }, // e
    { 0x0066, 38 }, // f
    { 0x0067, 39 }, // g
    { 0x0068, 40 }, // h
    { 0x0069, 41 }, // i
    { 0x006A, 42 }, // j
    { 0x006B, 43 }, // k
    { 0x006C, 44 }, // l
    { 0x006D, 40 }, // m
    { 0x006E, 40 }, // n
    { 0x006F, 34 }, // o
    { 0x0070, 34 }, // p
    { 0x0071, 45 }, // q
    { 0x0072, 46 }, // r
    { 0x0073, 47 }, // s
    { 0x0074, 48 }, // t
    { 0x0075, 33 }, // u
    { 0x0076, 49 }, // v
    { 0x0077, 49 }, // w
    { 0x0078, 50 }, // x
    { 0x0079, 49 }, // y
    { 0x007A, 51 }, // z
    { 0x007B, 52 }, // {
    { 0x00A1, 53 }, // U+00A1
    { 0x00AD, 4 }, // U+00AD
    { 0x00BB, 54 }, // U+00BB
    { 0x00BF, 55 }, // U+00BF
    { 0x00C0, 7 }, // U+00C0
    { 0x00C1, 7 }, // U+00C1
    { 0x00C2, 7 }, // U+00C2
    { 0x00C3, 7 }, // U+00C3
    { 0x00C4, 7 }, // U+00C4
    { 0x00C5, 7 }, // U+00C5
    { 0x00C6, 11 }, // U+00C6
    { 0x00C7, 9 }, // U+00C7
    { 0x00C8, 11 }, // U+00C8
    { 0x00C9, 11 }, // U+00C9
    { 0x00CA, 11 }, // U+00CA
    { 0x00CB, 11 }, // U+00CB
    { 0x00CC, 14 }, // U+00CC
    { 0x00CD, 14 }, // U+00CD
    { 0x00CE, 14 }, // U+00CE
    { 0x00CF, 14 }, // U+00CF
    { 0x00D0, 10 }, // U+00D0
    { 0x00D1, 19 }, // U+00D1
    { 0x00D2, 10 }, // U+00D2
    { 0x00D3, 10 }, // U+00D3
    { 0x00D4, 10 }, // U+00D4
    { 0x00D5, 10 }, // U+00D5
    { 0x00D6, 10 }, // U+00D6
    { 0x00D8, 10 }, // U+00D8
    { 0x00D9, 25 }, // U+00D9
    { 0x00DA, 25 }, // U+00DA
    { 0x00DB, 25 }, // U+00DB
    { 0x00DC, 25 }, // U+00DC
    { 0x00DD, 29 }, // U+00DD
    { 0x00DE, 56 }, // U+00DE
    { 0x00DF, 57 }, // U+00DF
    { 0x00E0, 33 }, // U+00E0
    { 0x00E1, 33 }, // U+00E1
    { 0x00E2, 33 }, // U+00E2
    { 0x00E3, 33 }, // U+00E3
    { 0x00E4, 33 }, // U+00E4
    { 0x00E5, 33 }, // U+00E5
    { 0x00E6, 37 }, // U+00E6
    { 0x00E7, 58 }, // U+00E7
    { 0x00E8, 37 }, // U+00E8
    { 0x00E9, 37 }, // U+00E9
    { 0x00EA, 37 }, // U+00EA
    { 0x00EB, 37 }, // U+00EB
    { 0x00EC, 41 }, // U+00EC
    { 0x00ED, 59 }, // U+00ED
    { 0x00EE, 60 }, // U+00EE
    { 0x00EF, 60 }, // U+00EF
    { 0x00F0, 34 }, // U+00F0
    { 0x00F1, 40 }, // U+00F1
    { 0x00F2, 34 }, // U+00F2
    { 0x00F3, 34 }, // U+00F3
    { 0x00F4, 34 }, // U+00F4
    { 0x00F5, 34 }, // U+00F5
    { 0x00F6, 34 }, // U+00F6
    { 0x00F8, 61 }, // U+00F8
    { 0x00F9, 33 }, // U+00F9
    { 0x00FA, 33 }, // U+00FA
    { 0x00FB, 33 }, // U+00FB
    { 0x00FC, 33 }, // U+00FC
    { 0x00FD, 49 }, // U+00FD
    { 0x00FE, 34 }, // U+00FE
    { 0x00FF, 49 }, // U+00FF
    { 0x0100, 7 }, // U+0100
    { 0x0101, 33 }, // U+0101
    { 0x0102, 7 }, // U+0102
    { 0x0103, 33 }, // U+0103
    { 0x0104, 62 }, // U+0104
    { 0x0105, 63 }, // U+0105
    { 0x0106, 9 }, // U+0106
    { 0x0107, 35 }, // U+0107
    { 0x0108, 9 }, // U+0108
    { 0x0109, 35 }, // U+0109
    { 0x010A, 9 }, // U+010A
    { 0x010B, 35 }, // U+010B
    { 0x010C, 9 }, // U+010C
    { 0x010D, 35 }, // U+010D
    { 0x010E, 10 }, // U+010E
    { 0x010F, 64 }, // U+010F
    { 0x0110, 10 }, // U+0110
    { 0x0111, 36 }, // U+0111
    { 0x0112, 11 }, // U+0112
    { 0x0113, 37 }, // U+0113
    { 0x0114, 11 }, // U+0114
    { 0x0115, 37 }, // U+0115
    { 0x0116, 11 }, // U+0116
    { 0x0117, 37 }, // U+0117
    { 0x0118, 65 }, // U+0118
    { 0x0119, 66 }, // U+0119
    { 0x011A, 11 }, // U+011A
    { 0x011B, 37 }, // U+011B
    { 0x011C, 13 }, // U+011C
    { 0x011D, 39 }, // U+011D
    { 0x011E, 13 }, // U+011E
    { 0x011F, 39 }, // U+011F
    { 0x0120, 13 }, // U+0120
    { 0x0121, 39 }, // U+0121
    { 0x0122, 13 }, // U+0122
    { 0x0123, 39 }, // U+0123
    { 0x0124, 14 }, // U+0124
    { 0x0125, 40 }, // U+0125
    { 0x0126, 67 }, // U+0126
    { 0x0127, 40 }, // U+0127
    { 0x0128, 14 }, // U+0128
    { 0x0129, 60 }, // U+0129
    { 0x012A, 14 }, // U+012A
    { 0x012B, 60 }, // U+012B
    { 0x012C, 14 }, // U+012C
    { 0x012D, 60 }, // U+012D
    { 0x012E, 68 }, // U+012E
    { 0x012F, 69 }, // U+012F
    { 0x0130, 14 }, // U+0130
    { 0x0131, 33 }, // U+0131
    { 0x0132, 15 }, // U+0132
    { 0x0133, 42 }, // U+0133
    { 0x0134, 15 }, // U+0134
    { 0x0135, 70 }, // U+0135
    { 0x0136, 16 }, // U+0136
    { 0x0137, 43 }, // U+0137
    { 0x0138, 71 }, // U+0138
    { 0x0139, 17 }, // U+0139
    { 0x013A, 44 }, // U+013A
    { 0x013B, 17 }, // U+013B
    { 0x013C, 72 }, // U+013C
    { 0x013E, 64 }, // U+013E
    { 0x0141, 17 }, // U+0141
    { 0x0142, 73 }, // U+0142
    { 0x0143, 19 }, // U+0143
    { 0x0144, 40 }, // U+0144
    { 0x0145, 19 }, // U+0145
    { 0x0146, 40 }, // U+0146
    { 0x0147, 19 }, // U+0147
    { 0x0148, 40 }, // U+0148
    { 0x0149, 40 }, // U+0149
    { 0x014A, 19 }, // U+014A
    { 0x014B, 42 }, // U+014B
    { 0x014C, 10 }, // U+014C
    { 0x014D, 34 }, // U+014D
    { 0x014E, 10 }, // U+014E
    { 0x014F, 34 }, // U+014F
    { 0x0150, 10 }, // U+0150
    { 0x0151, 34 }, // U+0151
    { 0x0152, 11 }, // U+0152
    { 0x0153, 37 }, // U+0153
    { 0x0154, 22 }, // U+0154
    { 0x0155, 46 }, // U+0155
    { 0x0156, 22 }, // U+0156
    { 0x0157, 46 }, // U+0157
    { 0x0158, 22 }, // U+0158
    { 0x0159, 46 }, // U+0159
    { 0x015A, 23 }, // U+015A
    { 0x015B, 47 }, // U+015B
    { 0x015C, 23 }, // U+015C
    { 0x015D, 47 }, // U+015D
    { 0x015E, 23 }, // U+015E
    { 0x015F, 74 }, // U+015F
    { 0x0160, 23 }, // U+0160
    { 0x0161, 47 }, // U+0161
    { 0x0162, 24 }, // U+0162
    { 0x0163, 75 }, // U+0163
    { 0x0164, 24 }, // U+0164
    { 0x0166, 24 }, // U+0166
    { 0x0167, 48 }, // U+0167
    { 0x0168, 25 }, // U+0168
    { 0x0169, 33 }, // U+0169
    { 0x016A, 25 }, // U+016A
    { 0x016B, 33 }, // U+016B
    { 0x016C, 25 }, // U+016C
    { 0x016D, 33 }, // U+016D
    { 0x016E, 25 }, // U+016E
    { 0x016F, 33 }, // U+016F
    { 0x0170, 25 }, // U+0170
    { 0x0171, 33 }, // U+0171
    { 0x0172, 25 }, // U+0172
    { 0x0173, 76 }, // U+0173
    { 0x0174, 26 }, // U+0174
    { 0x0175, 49 }, // U+0175
    { 0x0176, 29 }, // U+0176
    { 0x0177, 49 }, // U+0177
    { 0x0178, 29 }, // U+0178
    { 0x0179, 30 }, // U+0179
    { 0x017A, 51 }, // U+017A
    { 0x017B, 30 }, // U+017B
    { 0x017C, 51 }, // U+017C
    { 0x017D, 30 }, // U+017D
    { 0x017E, 51 }, // U+017E
    { 0x01A0, 77 }, // U+01A0
    { 0x01A1, 78 }, // U+01A1
    { 0x01AF, 79 }, // U+01AF
    { 0x01B0, 80 }, // U+01B0
    { 0x01C4, 30 }, // U+01C4
    { 0x01C5, 51 }, // U+01C5
    { 0x01C6, 51 }, // U+01C6
    { 0x01C7, 15 }, // U+01C7
    { 0x01C8, 42 }, // U+01C8
    { 0x01C9, 42 }, // U+01C9
    { 0x01CA, 15 }, // U+01CA
    { 0x01CB, 42 }, // U+01CB
    { 0x01CC, 42 }, // U+01CC
    { 0x01CD, 7 }, // U+01CD
    { 0x01CE, 33 }, // U+01CE
    { 0x01CF, 14 }, // U+01CF
    { 0x01D0, 60 }, // U+01D0
    { 0x01D1, 10 }, // U+01D1
    { 0x01D2, 34 }, // U+01D2
    { 0x01D3, 25 }, // U+01D3
    { 0x01D4, 33 }, // U+01D4
    { 0x01D5, 25 }, // U+01D5
    { 0x01D6, 33 }, // U+01D6
    { 0x01D7, 25 }, // U+01D7
    { 0x01D8, 33 }, // U+01D8
    { 0x01D9, 25 }, // U+01D9
    { 0x01DA, 33 }, // U+01DA
    { 0x01DB, 25 }, // U+01DB
    { 0x01DC, 33 }, // U+01DC
    { 0x01DD, 34 }, // U+01DD
    { 0x01DE, 7 }, // U+01DE
    { 0x01DF, 33 }, // U+01DF
    { 0x01E0, 7 }, // U+01E0
    { 0x01E1, 33 }, // U+01E1
    { 0x01E2, 11 }, // U+01E2
    { 0x01E3, 37 }, // U+01E3
    { 0x01E4, 13 }, // U+01E4
    { 0x01E5, 81 }, // U+01E5
    { 0x01E6, 13 }, // U+01E6
    { 0x01E7, 39 }, // U+01E7
    { 0x01E8, 16 }, // U+01E8
    { 0x01E9, 43 }, // U+01E9
    { 0x01EA, 10 }, // U+01EA
    { 0x01EB, 82 }, // U+01EB
    { 0x01EC, 10 }, // U+01EC
    { 0x01ED, 34 }, // U+01ED
    { 0x01EE, 83 }, // U+01EE
    { 0x01EF, 84 }, // U+01EF
    { 0x01F0, 70 }, // U+01F0
    { 0x01F1, 30 }, // U+01F1
    { 0x01F2, 51 }, // U+01F2
    { 0x01F3, 51 }, // U+01F3
    { 0x01F4, 13 }, // U+01F4
    { 0x01F5, 39 }, // U+01F5
    { 0x01F8, 19 }, // U+01F8
    { 0x01F9, 40 }, // U+01F9
    { 0x01FA, 7 }, // U+01FA
    { 0x01FB, 33 }, // U+01FB
    { 0x01FC, 11 }, // U+01FC
    { 0x01FD, 37 }, // U+01FD
    { 0x01FE, 10 }, // U+01FE
    { 0x01FF, 61 }, // U+01FF
    { 0x0200, 7 }, // U+0200
    { 0x0201, 33 }, // U+0201
    { 0x0202, 7 }, // U+0202
    { 0x0203, 33 }, // U+0203
    { 0x0204, 11 }, // U+0204
    { 0x0205, 37 }, // U+0205
    { 0x0206, 11 }, // U+0206
    { 0x0207, 37 }, // U+0207
    { 0x0208, 14 }, // U+0208
    { 0x0209, 60 }, // U+0209
    { 0x020A, 14 }, // U+020A
    { 0x020B, 60 }, // U+020B
    { 0x020C, 10 }, // U+020C
    { 0x020D, 34 }, // U+020D
    { 0x020E, 10 }, // U+020E
    { 0x020F, 34 }, // U+020F
    { 0x0210, 22 }, // U+0210
    { 0x0211, 46 }, // U+0211
    { 0x0212, 22 }, // U+0212
    { 0x0213, 46 }, // U+0213
    { 0x0214, 25 }, // U+0214
    { 0x0215, 33 }, // U+0215
    { 0x0216, 25 }, // U+0216
    { 0x0217, 33 }, // U+0217
    { 0x0218, 23 }, // U+0218
    { 0x0219, 47 }, // U+0219
    { 0x021A, 24 }, // U+021A
    { 0x021B, 85 }, // U+021B
    { 0x021C, 8 }, // U+021C
    { 0x021D, 86 }, // U+021D
    { 0x021E, 14 }, // U+021E
    { 0x021F, 40 }, // U+021F
    { 0x0400, 87 }, // U+0400
    { 0x0401, 87 }, // U+0401
    { 0x0402, 88 }, // U+0402
    { 0x0404, 89 }, // U+0404
    { 0x0405, 90 }, // U+0405
    { 0x0406, 91 }, // U+0406
    { 0x0407, 91 }, // U+0407
    { 0x0408, 92 }, // U+0408
    { 0x0409, 93 }, // U+0409
    { 0x040A, 93 }, // U+040A
    { 0x040B, 94 }, // U+040B
    { 0x040C, 95 }, // U+040C
    { 0x040D, 91 }, // U+040D
    { 0x040E, 96 }, // U+040E
    { 0x040F, 91 }, // U+040F
    { 0x0410, 97 }, // U+0410
    { 0x0411, 98 }, // U+0411
    { 0x0412, 99 }, // U+0412
    { 0x0413, 100 }, // U+0413
    { 0x0414, 101 }, // U+0414
    { 0x0415, 87 }, // U+0415
    { 0x0416, 95 }, // U+0416
    { 0x0417, 99 }, // U+0417
    { 0x0418, 91 }, // U+0418
    { 0x0419, 91 }, // U+0419
    { 0x041A, 95 }, // U+041A
    { 0x041B, 91 }, // U+041B
    { 0x041C, 102 }, // U+041C
    { 0x041D, 91 }, // U+041D
    { 0x041E, 103 }, // U+041E
    { 0x041F, 91 }, // U+041F
    { 0x0420, 104 }, // U+0420
    { 0x0421, 105 }, // U+0421
    { 0x0422, 106 }, // U+0422
    { 0x0423, 96 }, // U+0423
    { 0x0424, 107 }, // U+0424
    { 0x0425, 108 }, // U+0425
    { 0x0426, 101 }, // U+0426
    { 0x0427, 91 }, // U+0427
    { 0x0428, 91 }, // U+0428
    { 0x0429, 101 }, // U+0429
    { 0x042A, 93 }, // U+042A
    { 0x042B, 91 }, // U+042B
    { 0x042C, 93 }, // U+042C
    { 0x042D, 103 }, // U+042D
    { 0x042E, 103 }, // U+042E
    { 0x042F, 91 }, // U+042F
    { 0x0430, 109 }, // U+0430
    { 0x0431, 110 }, // U+0431
    { 0x0432, 111 }, // U+0432
    { 0x0433, 112 }, // U+0433
    { 0x0434, 113 }, // U+0434
    { 0x0435, 114 }, // U+0435
    { 0x0436, 115 }, // U+0436
    { 0x0437, 111 }, // U+0437
    { 0x0438, 109 }, // U+0438
    { 0x0439, 109 }, // U+0439
    { 0x043A, 116 }, // U+043A
    { 0x043B, 109 }, // U+043B
    { 0x043C, 109 }, // U+043C
    { 0x043D, 109 }, // U+043D
    { 0x043E, 117 }, // U+043E
    { 0x043F, 118 }, // U+043F
    { 0x0440, 117 }, // U+0440
    { 0x0441, 119 }, // U+0441
    { 0x0442, 118 }, // U+0442
    { 0x0443, 120 }, // U+0443
    { 0x0444, 113 }, // U+0444
    { 0x0445, 121 }, // U+0445
    { 0x0446, 122 }, // U+0446
    { 0x0447, 109 }, // U+0447
    { 0x0448, 109 }, // U+0448
    { 0x0449, 122 }, // U+0449
    { 0x044A, 123 }, // U+044A
    { 0x044B, 109 }, // U+044B
    { 0x044C, 124 }, // U+044C
    { 0x044D, 117 }, // U+044D
    { 0x044E, 117 }, // U+044E
    { 0x044F, 109 }, // U+044F
    { 0x0450, 114 }, // U+0450
    { 0x0451, 114 }, // U+0451
    { 0x0452, 125 }, // U+0452
    { 0x0453, 112 }, // U+0453
    { 0x0454, 119 }, // U+0454
    { 0x0455, 126 }, // U+0455
    { 0x0456, 127 }, // U+0456
    { 0x0457, 128 }, // U+0457
    { 0x0458, 129 }, // U+0458
    { 0x0459, 124 }, // U+0459
    { 0x045A, 124 }, // U+045A
    { 0x045B, 118 }, // U+045B
    { 0x045C, 116 }, // U+045C
    { 0x045D, 109 }, // U+045D
    { 0x045E, 120 }, // U+045E
    { 0x045F, 109 }, // U+045F
    { 0x0462, 130 }, // U+0462
    { 0x0463, 124 }, // U+0463
    { 0x0472, 103 }, // U+0472
    { 0x0473, 117 }, // U+0473
    { 0x0474, 131 }, // U+0474
    { 0x0475, 132 }, // U+0475
    { 0x048A, 101 }, // U+048A
    { 0x048B, 122 }, // U+048B
    { 0x048C, 93 }, // U+048C
    { 0x048D, 124 }, // U+048D
    { 0x048E, 104 }, // U+048E
    { 0x048F, 117 }, // U+048F
    { 0x0490, 133 }, // U+0490
    { 0x0491, 134 }, // U+0491
    { 0x0492, 135 }, // U+0492
    { 0x0493, 112 }, // U+0493
    { 0x0496, 136 }, // U+0496
    { 0x0497, 137 }, // U+0497
    { 0x0498, 99 }, // U+0498
    { 0x0499, 111 }, // U+0499
    { 0x049A, 138 }, // U+049A
    { 0x049B, 137 }, // U+049B
    { 0x049C, 95 }, // U+049C
    { 0x049D, 116 }, // U+049D
    { 0x049E, 95 }, // U+049E
    { 0x049F, 116 }, // U+049F
    { 0x04A0, 95 }, // U+04A0
    { 0x04A1, 116 }, // U+04A1
    { 0x04A2, 101 }, // U+04A2
    { 0x04A3, 122 }, // U+04A3
    { 0x04A8, 139 }, // U+04A8
    { 0x04A9, 140 }, // U+04A9
    { 0x04AA, 105 }, // U+04AA
    { 0x04AB, 119 }, // U+04AB
    { 0x04AC, 100 }, // U+04AC
    { 0x04AD, 122 }, // U+04AD
    { 0x04AE, 141 }, // U+04AE
    { 0x04AF, 142 }, // U+04AF
    { 0x04B0, 141 }, // U+04B0
    { 0x04B1, 143 }, // U+04B1
    { 0x04B2, 144 }, // U+04B2
    { 0x04B3, 145 }, // U+04B3
    { 0x04B4, 101 }, // U+04B4
    { 0x04B5, 122 }, // U+04B5
    { 0x04B6, 101 }, // U+04B6
    { 0x04B7, 122 }, // U+04B7
    { 0x04B8, 91 }, // U+04B8
    { 0x04B9, 109 }, // U+04B9
    { 0x04BA, 146 }, // U+04BA
    { 0x04BB, 118 }, // U+04BB
    { 0x04BC, 147 }, // U+04BC
    { 0x04BD, 114 }, // U+04BD
    { 0x04BE, 147 }, // U+04BE
    { 0x04BF, 114 }, // U+04BF
    { 0x04C0, 91 }, // U+04C0
    { 0x04C1, 95 }, // U+04C1
    { 0x04C2, 115 }, // U+04C2
    { 0x04C3, 148 }, // U+04C3
    { 0x04C4, 149 }, // U+04C4
    { 0x04C5, 101 }, // U+04C5
    { 0x04C6, 122 }, // U+04C6
    { 0x04C7, 92 }, // U+04C7
    { 0x04C8, 129 }, // U+04C8
    { 0x04C9, 101 }, // U+04C9
    { 0x04CA, 122 }, // U+04CA
    { 0x04CB, 91 }, // U+04CB
    { 0x04CD, 101 }, // U+04CD
    { 0x04CE, 122 }, // U+04CE
    { 0x04CF, 150 }, // U+04CF
    { 0x04D0, 97 }, // U+04D0
    { 0x04D1, 109 }, // U+04D1
    { 0x04D2, 97 }, // U+04D2
    { 0x04D3, 109 }, // U+04D3
    { 0x04D4, 87 }, // U+04D4
    { 0x04D5, 114 }, // U+04D5
    { 0x04D6, 87 }, // U+04D6
    { 0x04D7, 114 }, // U+04D7
    { 0x04D8, 103 }, // U+04D8
    { 0x04D9, 117 }, // U+04D9
    { 0x04DA, 103 }, // U+04DA
    { 0x04DB, 117 }, // U+04DB
    { 0x04DC, 95 }, // U+04DC
    { 0x04DD, 115 }, // U+04DD
    { 0x04DE, 99 }, // U+04DE
    { 0x04DF, 111 }, // U+04DF
    { 0x04E0, 151 }, // U+04E0
    { 0x04E1, 152 }, // U+04E1
    { 0x04E2, 91 }, // U+04E2
    { 0x04E3, 109 }, // U+04E3
    { 0x04E4, 91 }, // U+04E4
    { 0x04E5, 109 }, // U+04E5
    { 0x04E6, 103 }, // U+04E6
    { 0x04E7, 117 }, // U+04E7
    { 0x04E8, 103 }, // U+04E8
    { 0x04E9, 117 }, // U+04E9
    { 0x04EA, 103 }, // U+04EA
    { 0x04EB, 117 }, // U+04EB
    { 0x04EC, 103 }, // U+04EC
    { 0x04ED, 117 }, // U+04ED
    { 0x04EE, 96 }, // U+04EE
    { 0x04EF, 120 }, // U+04EF
    { 0x04F0, 96 }, // U+04F0
    { 0x04F1, 120 }, // U+04F1
    { 0x04F2, 96 }, // U+04F2
    { 0x04F3, 120 }, // U+04F3
    { 0x04F4, 91 }, // U+04F4
    { 0x04F5, 109 }, // U+04F5
    { 0x04F6, 100 }, // U+04F6
    { 0x04F7, 112 }, // U+04F7
    { 0x04F8, 91 }, // U+04F8
    { 0x04F9, 109 }, // U+04F9
    { 0x04FA, 135 }, // U+04FA
    { 0x04FB, 112 }, // U+04FB
    { 0x04FC, 153 }, // U+04FC
    { 0x04FD, 154 }, // U+04FD
    { 0x04FE, 108 }, // U+04FE
    { 0x04FF, 121 }, // U+04FF
    { 0x1EA0, 7 }, // U+1EA0
    { 0x1EA1, 33 }, // U+1EA1
    { 0x1EA2, 7 }, // U+1EA2
    { 0x1EA3, 33 }, // U+1EA3
    { 0x1EA4, 7 }, // U+1EA4
    { 0x1EA5, 33 }, // U+1EA5
    { 0x1EA6, 7 }, // U+1EA6
    { 0x1EA7, 33 }, // U+1EA7
    { 0x1EA8, 7 }, // U+1EA8
    { 0x1EA9, 33 }, // U+1EA9
    { 0x1EAA, 7 }, // U+1EAA
    { 0x1EAB, 33 }, // U+1EAB
    { 0x1EAC, 7 }, // U+1EAC
    { 0x1EAD, 33 }, // U+1EAD
    { 0x1EAE, 7 }, // U+1EAE
    { 0x1EAF, 33 }, // U+1EAF
    { 0x1EB0, 7 }, // U+1EB0
    { 0x1EB1, 33 }, // U+1EB1
    { 0x1EB2, 7 }, // U+1EB2
    { 0x1EB3, 33 }, // U+1EB3
    { 0x1EB4, 7 }, // U+1EB4
    { 0x1EB5, 33 }, // U+1EB5
    { 0x1EB6, 7 }, // U+1EB6
    { 0x1EB7, 33 }, // U+1EB7
    { 0x1EB8, 11 }, // U+1EB8
    { 0x1EB9, 37 }, // U+1EB9
    { 0x1EBA, 11 }, // U+1EBA
    { 0x1EBB, 37 }, // U+1EBB
    { 0x1EBC, 11 }, // U+1EBC
    { 0x1EBD, 37 }, // U+1EBD
    { 0x1EBE, 11 }, // U+1EBE
    { 0x1EBF, 37 }, // U+1EBF
    { 0x1EC0, 11 }, // U+1EC0
    { 0x1EC1, 37 }, // U+1EC1
    { 0x1EC2, 11 }, // U+1EC2
    { 0x1EC3, 37 }, // U+1EC3
    { 0x1EC4, 11 }, // U+1EC4
    { 0x1EC5, 37 }, // U+1EC5
    { 0x1EC6, 11 }, // U+1EC6
    { 0x1EC7, 37 }, // U+1EC7
    { 0x1EC8, 14 }, // U+1EC8
    { 0x1EC9, 60 }, // U+1EC9
    { 0x1ECA, 14 }, // U+1ECA
    { 0x1ECB, 41 }, // U+1ECB
    { 0x1ECC, 10 }, // U+1ECC
    { 0x1ECD, 34 }, // U+1ECD
    { 0x1ECE, 10 }, // U+1ECE
    { 0x1ECF, 34 }, // U+1ECF
    { 0x1ED0, 10 }, // U+1ED0
    { 0x1ED1, 34 }, // U+1ED1
    { 0x1ED2, 10 }, // U+1ED2
    { 0x1ED3, 34 }, // U+1ED3
    { 0x1ED4, 10 }, // U+1ED4
    { 0x1ED5, 34 }, // U+1ED5
    { 0x1ED6, 10 }, // U+1ED6
    { 0x1ED7, 34 }, // U+1ED7
    { 0x1ED8, 10 }, // U+1ED8
    { 0x1ED9, 34 }, // U+1ED9
    { 0x1EDA, 77 }, // U+1EDA
    { 0x1EDB, 78 }, // U+1EDB
    { 0x1EDC, 77 }, // U+1EDC
    { 0x1EDD, 78 }, // U+1EDD
    { 0x1EDE, 77 }, // U+1EDE
    { 0x1EDF, 78 }, // U+1EDF
    { 0x1EE0, 77 }, // U+1EE0
    { 0x1EE1, 78 }, // U+1EE1
    { 0x1EE2, 77 }, // U+1EE2
    { 0x1EE3, 78 }, // U+1EE3
    { 0x1EE4, 25 }, // U+1EE4
    { 0x1EE5, 33 }, // U+1EE5
    { 0x1EE6, 25 }, // U+1EE6
    { 0x1EE7, 33 }, // U+1EE7
    { 0x1EE8, 79 }, // U+1EE8
    { 0x1EE9, 80 }, // U+1EE9
    { 0x1EEA, 79 }, // U+1EEA
    { 0x1EEB, 80 }, // U+1EEB
    { 0x1EEC, 79 }, // U+1EEC
    { 0x1EED, 80 }, // U+1EED
    { 0x1EEE, 79 }, // U+1EEE
    { 0x1EEF, 80 }, // U+1EEF
    { 0x1EF0, 79 }, // U+1EF0
    { 0x1EF1, 80 }, // U+1EF1
    { 0x1EF2, 29 }, // U+1EF2
    { 0x1EF3, 49 }, // U+1EF3
    { 0x1EF4, 29 }, // U+1EF4
    { 0x1EF5, 49 }, // U+1EF5
    { 0x1EF6, 29 }, // U+1EF6
    { 0x1EF7, 49 }, // U+1EF7
    { 0x1EF8, 29 }, // U+1EF8
    { 0x1EF9, 49 }, // U+1EF9
    { 0x2010, 4 }, // U+2010
    { 0x2011, 4 }, // U+2011
    { 0x2013, 4 }, // U+2013
    { 0x2014, 4 }, // U+2014
    { 0x2015, 4 }, // U+2015
    { 0x2018, 155 }, // U+2018
    { 0x2019, 156 }, // U+2019
    { 0x201A, 157 }, // U+201A
    { 0x201B, 155 }, // U+201B
    { 0x201C, 155 }, // U+201C
    { 0x201D, 156 }, // U+201D
    { 0x201E, 3 }, // U+201E
    { 0x2025, 3 }, // U+2025
    { 0x2026, 3 }, // U+2026
    { 0x203A, 54 }, // U+203A
    { 0xFB00, 38 }, // U+FB00
    { 0xFB01, 41 }, // U+FB01
    { 0xFB02, 44 }, // U+FB02
    { 0xFB03, 41 }, // U+FB03
    { 0xFB04, 44 }, // U+FB04
    { 0xFB05, 48 }, // U+FB05
    { 0xFB06, 48 }, // U+FB06
};

static const EpdKernClassEntry bookerly_14_bolditalicKernRightClasses[] = {
    { 0x0021, 1 }, // !
    { 0x0022, 2 }, // "
    { 0x0027, 2 }, // '
    { 0x0029, 3 }, // )
    { 0x002A, 4 }, // *
    { 0x002C, 5 }, // ,
    { 0x002D, 6 }, // -
    { 0x002E, 7 }, // .
    { 0x002F, 8 }, // /
    { 0x003A, 9 }, // :
    { 0x003B, 10 }, // ;
    { 0x003F, 11 }, // ?
    { 0x0041, 12 }, // A
    { 0x0042, 13 }, // B
    { 0x0043, 14 }, // C
    { 0x0044, 13 }, // D
    { 0x0045, 15 }, // E
    { 0x0046, 15 }, // F
    { 0x0047, 14 }, // G
    { 0x0048, 15 }, // H
    { 0x0049, 15 }, // I
    { 0x004A, 16 }, // J
    { 0x004B, 15 }, // K
    { 0x004C, 15 }, // L
    { 0x004D, 17 }, // M
    { 0x004E, 15 }, // N
    { 0x004F, 14 }, // O
    { 0x0050, 13 }, // P
    { 0x0051, 14 }, // Q
    { 0x0052, 13 }, // R
    { 0x0053, 18 }, // S
    { 0x0054, 19 }, // T
    { 0x0055, 20 }, // U
    { 0x0056, 21 }, // V
    { 0x0057, 21 }, // W
    { 0x0058, 22 }, // X
    { 0x0059, 23 }, // Y
    { 0x005A, 24 }, // Z
    { 0x005C, 25 }, // <backslash>
    { 0x005D, 26 }, // ]
    { 0x0061, 27 }, // a
    { 0x0062, 28 }, // b
    { 0x0063, 27 }, // c
    { 0x0064, 27 }, // d
    { 0x0065, 27 }, // e
    { 0x0066, 29 }, // f
    { 0x0067, 30 }, // g
    { 0x0068, 31 }, // h
    { 0x0069, 32 }, // i
    { 0x006A, 33 }, // j
    { 0x006B, 31 }, // k
    { 0x006C, 31 }, // l
    { 0x006D, 34 }, // m
    { 0x006E, 34 }, // n
    { 0x006F, 27 }, // o
    { 0x0070, 34 }, // p
    { 0x0071, 27 }, // q
    { 0x0072, 34 }, // r
    { 0x0073, 35 }, // s
    { 0x0074, 36 }, // t
    { 0x0075, 37 }, // u
    { 0x0076, 38 }, // v
    { 0x0077, 38 }, // w
    { 0x0078, 39 }, // x
    { 0x0079, 40 }, // y
    { 0x007A, 41 }, // z
    { 0x007D, 42 }, // }
    { 0x00A1, 43 }, // U+00A1
    { 0x00AB, 44 }, // U+00AB
    { 0x00AD, 6 }, // U+00AD
    { 0x00BB, 45 }, // U+00BB
    { 0x00BF, 46 }, // U+00BF
    { 0x00C0, 12 }, // U+00C0
    { 0x00C1, 12 }, // U+00C1
    { 0x00C2, 12 }, // U+00C2
    { 0x00C3, 12 }, // U+00C3
    { 0x00C4, 12 }, // U+00C4
    { 0x00C5, 12 }, // U+00C5
    { 0x00C6, 47 }, // U+00C6
    { 0x00C7, 14 }, // U+00C7
    { 0x00C8, 15 }, // U+00C8
    { 0x00C9, 15 }, // U+00C9
    { 0x00CA, 15 }, // U+00CA
    { 0x00CB, 15 }, // U+00CB
    { 0x00CC, 15 }, // U+00CC
    { 0x00CD, 15 }, // U+00CD
    { 0x00CE, 15 }, // U+00CE
    { 0x00CF, 15 }, // U+00CF
    { 0x00D0, 13 }, // U+00D0
    { 0x00D1, 15 }, // U+00D1
    { 0x00D2, 14 }, // U+00D2
    { 0x00D3, 14 }, // U+00D3
    { 0x00D4, 14 }, // U+00D4
    { 0x00D5, 14 }, // U+00D5
    { 0x00D6, 14 }, // U+00D6
    { 0x00D8, 14 }, // U+00D8
    { 0x00D9, 20 }, // U+00D9
    { 0x00DA, 20 }, // U+00DA
    { 0x00DB, 20 }, // U+00DB
    { 0x00DC, 20 }, // U+00DC
    { 0x00DD, 23 }, // U+00DD
    { 0x00DE, 15 }, // U+00DE
    { 0x00DF, 48 }, // U+00DF
    { 0x00E0, 27 }, // U+00E0
    { 0x00E1, 27 }, // U+00E1
    { 0x00E2, 27 }, // U+00E2
    { 0x00E3, 27 }, // U+00E3
    { 0x00E4, 49 }, // U+00E4
    { 0x00E5, 27 }, // U+00E5
    { 0x00E6, 27 }, // U+00E6
    { 0x00E7, 27 }, // U+00E7
    { 0x00E8, 27 }, // U+00E8
    { 0x00E9, 27 }, // U+00E9
    { 0x00EA, 27 }, // U+00EA
    { 0x00EB, 27 }, // U+00EB
    { 0x00EC, 50 }, // U+00EC
    { 0x00ED, 32 }, // U+00ED
    { 0x00EE, 51 }, // U+00EE
    { 0x00EF, 51 }, // U+00EF
    { 0x00F0, 27 }, // U+00F0
    { 0x00F1, 34 }, // U+00F1
    { 0x00F2, 27 }, // U+00F2
    { 0x00F3, 27 }, // U+00F3
    { 0x00F4, 27 }, // U+00F4
    { 0x00F5, 27 }, // U+00F5
    { 0x00F6, 27 }, // U+00F6
    { 0x00F8, 52 }, // U+00F8
    { 0x00F9, 37 }, // U+00F9
    { 0x00FA, 37 }, // U+00FA
    { 0x00FB, 37 }, // U+00FB
    { 0x00FC, 37 }, // U+00FC
    { 0x00FD, 38 }, // U+00FD
    { 0x00FE, 53 }, // U+00FE
    { 0x00FF, 38 }, // U+00FF
    { 0x0100, 12 }, // U+0100
    { 0x0101, 27 }, // U+0101
    { 0x0102, 12 }, // U+0102
    { 0x0103, 27 }, // U+0103
    { 0x0104, 12 }, // U+0104
    { 0x0105, 27 }, // U+0105
    { 0x0106, 14 }, // U+0106
    { 0x0107, 27 }, // U+0107
    { 0x0108, 14 }, // U+0108
    { 0x0109, 27 }, // U+0109
    { 0x010A, 14 }, // U+010A
    { 0x010B, 27 }, // U+010B
    { 0x010C, 14 }, // U+010C
    { 0x010D, 54 }, // U+010D
    { 0x010E, 13 }, // U+010E
    { 0x010F, 27 }, // U+010F
    { 0x0110, 13 }, // U+0110
    { 0x0111, 27 }, // U+0111
    { 0x0112, 15 }, // U+0112
    { 0x0113, 27 }, // U+0113
    { 0x0114, 15 }, // U+0114
    { 0x0115, 27 }, // U+0115
    { 0x0116, 15 }, // U+0116
    { 0x0117, 27 }, // U+0117
    { 0x0118, 15 }, // U+0118
    { 0x0119, 27 }, // U+0119
    { 0x011A, 15 }, // U+011A
    { 0x011B, 27 }, // U+011B
    { 0x011C, 14 }, // U+011C
    { 0x011D, 30 }, // U+011D
    { 0x011E, 14 }, // U+011E
    { 0x011F, 30 }, // U+011F
    { 0x0120, 14 }, // U+0120
    { 0x0121, 30 }, // U+0121
    { 0x0122, 14 }, // U+0122
    { 0x0123, 30 }, // U+0123
    { 0x0124, 15 }, // U+0124
    { 0x0125, 31 }, // U+0125
    { 0x0126, 15 }, // U+0126
    { 0x0127, 55 }, // U+0127
    { 0x0128, 15 }, // U+0128
    { 0x0129, 51 }, // U+0129
    { 0x012A, 15 }, // U+012A
    { 0x012B, 51 }, // U+012B
    { 0x012C, 15 }, // U+012C
    { 0x012D, 51 }, // U+012D
    { 0x012E, 15 }, // U+012E
    { 0x012F, 32 }, // U+012F
    { 0x0130, 15 }, // U+0130
    { 0x0131, 34 }, // U+0131
    { 0x0132, 15 }, // U+0132
    { 0x0133, 32 }, // U+0133
    { 0x0134, 16 }, // U+0134
    { 0x0135, 56 }, // U+0135
    { 0x0136, 15 }, // U+0136
    { 0x0137, 31 }, // U+0137
    { 0x0138, 34 }, // U+0138
    { 0x0139, 15 }, // U+0139
    { 0x013A, 31 }, // U+013A
    { 0x013B, 15 }, // U+013B
    { 0x013C, 31 }, // U+013C
    { 0x013D, 15 }, // U+013D
    { 0x013E, 31 }, // U+013E
    { 0x013F, 15 }, // U+013F
    { 0x0140, 31 }, // U+0140
    { 0x0141, 15 }, // U+0141
    { 0x0142, 57 }, // U+0142
    { 0x0143, 15 }, // U+0143
    { 0x0144, 34 }, // U+0144
    { 0x0145, 15 }, // U+0145
    { 0x0146, 34 }, // U+0146
    { 0x0147, 15 }, // U+0147
    { 0x0148, 34 }, // U+0148
    { 0x0149, 34 }, // U+0149
    { 0x014A, 15 }, // U+014A
    { 0x014B, 34 }, // U+014B
    { 0x014C, 14 }, // U+014C
    { 0x014D, 27 }, // U+014D
    { 0x014E, 14 }, // U+014E
    { 0x014F, 27 }, // U+014F
    { 0x0150, 14 }, // U+0150
    { 0x0151, 27 }, // U+0151
    { 0x0152, 14 }, // U+0152
    { 0x0153, 27 }, // U+0153
    { 0x0154, 13 }, // U+0154
    { 0x0155, 34 }, // U+0155
    { 0x0156, 13 }, // U+0156
    { 0x0157, 34 }, // U+0157
    { 0x0158, 13 }, // U+0158
    { 0x0159, 34 }, // U+0159
    { 0x015A, 18 }, // U+015A
    { 0x015B, 35 }, // U+015B
    { 0x015C, 18 }, // U+015C
    { 0x015D, 35 }, // U+015D
    { 0x015E, 18 }, // U+015E
    { 0x015F, 35 }, // U+015F
    { 0x0160, 18 }, // U+0160
    { 0x0161, 58 }, // U+0161
    { 0x0162, 19 }, // U+0162
    { 0x0163, 36 }, // U+0163
    { 0x0164, 19 }, // U+0164
    { 0x0165, 36 }, // U+0165
    { 0x0166, 19 }, // U+0166
    { 0x0167, 36 }, // U+0167
    { 0x0168, 20 }, // U+0168
    { 0x0169, 37 }, // U+0169
    { 0x016A, 20 }, // U+016A
    { 0x016B, 37 }, // U+016B
    { 0x016C, 20 }, // U+016C
    { 0x016D, 37 }, // U+016D
    { 0x016E, 20 }, // U+016E
    { 0x016F, 37 }, // U+016F
    { 0x0170, 20 }, // U+0170
    { 0x0171, 37 }, // U+0171
    { 0x0172, 20 }, // U+0172
    { 0x0173, 37 }, // U+0173
    { 0x0174, 21 }, // U+0174
    { 0x0175, 38 }, // U+0175
    { 0x0176, 23 }, // U+0176
    { 0x0177, 38 }, // U+0177
    { 0x0178, 23 }, // U+0178
    { 0x0179, 24 }, // U+0179
    { 0x017A, 41 }, // U+017A
    { 0x017B, 24 }, // U+017B
    { 0x017C, 41 }, // U+017C
    { 0x017D, 24 }, // U+017D
    { 0x017E, 59 }, // U+017E
    { 0x017F, 48 }, // U+017F
    { 0x01A0, 14 }, // U+01A0
    { 0x01A1, 27 }, // U+01A1
    { 0x01AF, 20 }, // U+01AF
    { 0x01B0, 37 }, // U+01B0
    { 0x01C4, 13 }, // U+01C4
    { 0x01C5, 13 }, // U+01C5
    { 0x01C6, 27 }, // U+01C6
    { 0x01C7, 15 }, // U+01C7
    { 0x01C8, 15 }, // U+01C8
    { 0x01C9, 31 }, // U+01C9
    { 0x01CA, 15 }, // U+01CA
    { 0x01CB, 15 }, // U+01CB
    { 0x01CC, 34 }, // U+01CC
    { 0x01CD, 12 }, // U+01CD
    { 0x01CE, 27 }, // U+01CE
    { 0x01CF, 15 }, // U+01CF
    { 0x01D0, 51 }, // U+01D0
    { 0x01D1, 14 }, // U+01D1
    { 0x01D2, 27 }, // U+01D2
    { 0x01D3, 20 }, // U+01D3
    { 0x01D4, 37 }, // U+01D4
    { 0x01D5, 20 }, // U+01D5
    { 0x01D6, 37 }, // U+01D6
    { 0x01D7, 20 }, // U+01D7
    { 0x01D8, 37 }, // U+01D8
    { 0x01D9, 20 }, // U+01D9
    { 0x01DA, 37 }, // U+01DA
    { 0x01DB, 20 }, // U+01DB
    { 0x01DC, 37 }, // U+01DC
    { 0x01DD, 60 }, // U+01DD
    { 0x01DE, 12 }, // U+01DE
    { 0x01DF, 27 }, // U+01DF
    { 0x01E0, 12 }, // U+01E0
    { 0x01E1, 27 }, // U+01E1
    { 0x01E2, 47 }, // U+01E2
    { 0x01E3, 27 }, // U+01E3
    { 0x01E4, 14 }, // U+01E4
    { 0x01E5, 61 }, // U+01E5
    { 0x01E6, 14 }, // U+01E6
    { 0x01E7, 30 }, // U+01E7
    { 0x01E8, 15 }, // U+01E8
    { 0x01E9, 31 }, // U+01E9
    { 0x01EA, 14 }, // U+01EA
    { 0x01EB, 27 }, // U+01EB
    { 0x01EC, 14 }, // U+01EC
    { 0x01ED, 27 }, // U+01ED
    { 0x01EE, 62 }, // U+01EE
    { 0x01EF, 63 }, // U+01EF
    { 0x01F0, 56 }, // U+01F0
    { 0x01F1, 13 }, // U+01F1
    { 0x01F2, 13 }, // U+01F2
    { 0x01F3, 27 }, // U+01F3
    { 0x01F4, 14 }, // U+01F4
    { 0x01F5, 30 }, // U+01F5
    { 0x01F8, 15 }, // U+01F8
    { 0x01F9, 34 }, // U+01F9
    { 0x01FA, 12 }, // U+01FA
    { 0x01FB, 27 }, // U+01FB
    { 0x01FC, 47 }, // U+01FC
    { 0x01FD, 27 }, // U+01FD
    { 0x01FE, 14 }, // U+01FE
    { 0x01FF, 52 }, // U+01FF
    { 0x0200, 12 }, // U+0200
    { 0x0201, 27 }, // U+0201
    { 0x0202, 12 }, // U+0202
    { 0x0203, 27 }, // U+0203
    { 0x0204, 15 }, // U+0204
    { 0x0205, 27 }, // U+0205
    { 0x0206, 15 }, // U+0206
    { 0x0207, 27 }, // U+0207
    { 0x0208, 15 }, // U+0208
    { 0x0209, 51 }, // U+0209
    { 0x020A, 15 }, // U+020A
    { 0x020B, 51 }, // U+020B
    { 0x020C, 14 }, // U+020C
    { 0x020D, 27 }, // U+020D
    { 0x020E, 14 }, // U+020E
    { 0x020F, 27 }, // U+020F
    { 0x0210, 13 }, // U+0210
    { 0x0211, 34 }, // U+0211
    { 0x0212, 13 }, // U+0212
    { 0x0213, 34 }, // U+0213
    { 0x0214, 20 }, // U+0214
    { 0x0215, 37 }, // U+0215
    { 0x0216, 20 }, // U+0216
    { 0x0217, 37 }, // U+0217
    { 0x0218, 18 }, // U+0218
    { 0x0219, 35 }, // U+0219
    { 0x021A, 19 }, // U+021A
    { 0x021B, 36 }, // U+021B
    { 0x021C, 64 }, // U+021C
    { 0x021D, 65 }, // U+021D
    { 0x021E, 15 }, // U+021E
    { 0x021F, 31 }, // U+021F
    { 0x0400, 66 }, // U+0400
    { 0x0401, 66 }, // U+0401
    { 0x0402, 67 }, // U+0402
    { 0x0403, 66 }, // U+0403
    { 0x0404, 68 }, // U+0404
    { 0x0405, 69 }, // U+0405
    { 0x0406, 66 }, // U+0406
    { 0x0407, 66 }, // U+0407
    { 0x0408, 70 }, // U+0408
    { 0x0409, 71 }, // U+0409
    { 0x040A, 66 }, // U+040A
    { 0x040B, 67 }, // U+040B
    { 0x040C, 66 }, // U+040C
    { 0x040D, 66 }, // U+040D
    { 0x040E, 72 }, // U+040E
    { 0x040F, 66 }, // U+040F
    { 0x0410, 73 }, // U+0410
    { 0x0411, 66 }, // U+0411
    { 0x0412, 74 }, // U+0412
    { 0x0413, 66 }, // U+0413
    { 0x0414, 75 }, // U+0414
    { 0x0415, 66 }, // U+0415
    { 0x0416, 76 }, // U+0416
    { 0x0417, 77 }, // U+0417
    { 0x0418, 66 }, // U+0418
    { 0x0419, 66 }, // U+0419
    { 0x041A, 66 }, // U+041A
    { 0x041B, 78 }, // U+041B
    { 0x041C, 79 }, // U+041C
    { 0x041D, 66 }, // U+041D
    { 0x041E, 68 }, // U+041E
    { 0x041F, 66 }, // U+041F
    { 0x0420, 74 }, // U+0420
    { 0x0421, 68 }, // U+0421
    { 0x0422, 67 }, // U+0422
    { 0x0423, 72 }, // U+0423
    { 0x0424, 80 }, // U+0424
    { 0x0425, 81 }, // U+0425
    { 0x0426, 66 }, // U+0426
    { 0x0427, 82 }, // U+0427
    { 0x0428, 66 }, // U+0428
    { 0x0429, 66 }, // U+0429
    { 0x042A, 67 }, // U+042A
    { 0x042B, 66 }, // U+042B
    { 0x042C, 66 }, // U+042C
    { 0x042D, 83 }, // U+042D
    { 0x042E, 66 }, // U+042E
    { 0x042F, 84 }, // U+042F
    { 0x0430, 85 }, // U+0430
    { 0x0431, 86 }, // U+0431
    { 0x0432, 85 }, // U+0432
    { 0x0433, 87 }, // U+0433
    { 0x0434, 88 }, // U+0434
    { 0x0435, 85 }, // U+0435
    { 0x0436, 89 }, // U+0436
    { 0x0437, 90 }, // U+0437
    { 0x0438, 91 }, // U+0438
    { 0x0439, 91 }, // U+0439
    { 0x043A, 92 }, // U+043A
    { 0x043B, 93 }, // U+043B
    { 0x043C, 94 }, // U+043C
    { 0x043D, 92 }, // U+043D
    { 0x043E, 85 }, // U+043E
    { 0x043F, 92 }, // U+043F
    { 0x0440, 95 }, // U+0440
    { 0x0441, 85 }, // U+0441
    { 0x0442, 92 }, // U+0442
    { 0x0443, 96 }, // U+0443
    { 0x0444, 85 }, // U+0444
    { 0x0445, 97 }, // U+0445
    { 0x0446, 91 }, // U+0446
    { 0x0447, 98 }, // U+0447
    { 0x0448, 91 }, // U+0448
    { 0x0449, 91 }, // U+0449
    { 0x044A, 99 }, // U+044A
    { 0x044B, 91 }, // U+044B
    { 0x044C, 91 }, // U+044C
    { 0x044D, 90 }, // U+044D
    { 0x044E, 92 }, // U+044E
    { 0x044F, 100 }, // U+044F
    { 0x0450, 85 }, // U+0450
    { 0x0451, 85 }, // U+0451
    { 0x0452, 101 }, // U+0452
    { 0x0453, 87 }, // U+0453
    { 0x0454, 85 }, // U+0454
    { 0x0455, 102 }, // U+0455
    { 0x0456, 103 }, // U+0456
    { 0x0457, 104 }, // U+0457
    { 0x0458, 105 }, // U+0458
    { 0x0459, 93 }, // U+0459
    { 0x045A, 92 }, // U+045A
    { 0x045B, 106 }, // U+045B
    { 0x045C, 92 }, // U+045C
    { 0x045D, 91 }, // U+045D
    { 0x045E, 96 }, // U+045E
    { 0x045F, 91 }, // U+045F
    { 0x0462, 67 }, // U+0462
    { 0x0463, 92 }, // U+0463
    { 0x0472, 68 }, // U+0472
    { 0x0473, 85 }, // U+0473
    { 0x0474, 107 }, // U+0474
    { 0x0475, 108 }, // U+0475
    { 0x048A, 66 }, // U+048A
    { 0x048B, 92 }, // U+048B
    { 0x048C, 109 }, // U+048C
    { 0x048D, 110 }, // U+048D
    { 0x048E, 74 }, // U+048E
    { 0x048F, 92 }, // U+048F
    { 0x0490, 66 }, // U+0490
    { 0x0491, 111 }, // U+0491
    { 0x0492, 66 }, // U+0492
    { 0x0493, 87 }, // U+0493
    { 0x0494, 66 }, // U+0494
    { 0x0495, 92 }, // U+0495
    { 0x0496, 76 }, // U+0496
    { 0x0497, 89 }, // U+0497
    { 0x0498, 77 }, // U+0498
    { 0x0499, 90 }, // U+0499
    { 0x049A, 66 }, // U+049A
    { 0x049B, 92 }, // U+049B
    { 0x049C, 66 }, // U+049C
    { 0x049D, 92 }, // U+049D
    { 0x04A0, 67 }, // U+04A0
    { 0x04A2, 66 }, // U+04A2
    { 0x04A3, 92 }, // U+04A3
    { 0x04A4, 66 }, // U+04A4
    { 0x04A5, 92 }, // U+04A5
    { 0x04A6, 66 }, // U+04A6
    { 0x04A7, 92 }, // U+04A7
    { 0x04A8, 68 }, // U+04A8
    { 0x04A9, 85 }, // U+04A9
    { 0x04AA, 68 }, // U+04AA
    { 0x04AB, 85 }, // U+04AB
    { 0x04AC, 67 }, // U+04AC
    { 0x04AD, 92 }, // U+04AD
    { 0x04AE, 112 }, // U+04AE
    { 0x04AF, 96 }, // U+04AF
    { 0x04B0, 112 }, // U+04B0
    { 0x04B1, 96 }, // U+04B1
    { 0x04B2, 81 }, // U+04B2
    { 0x04B3, 97 }, // U+04B3
    { 0x04B6, 82 }, // U+04B6
    { 0x04B7, 98 }, // U+04B7
    { 0x04B8, 82 }, // U+04B8
    { 0x04B9, 98 }, // U+04B9
    { 0x04BA, 66 }, // U+04BA
    { 0x04BB, 106 }, // U+04BB
    { 0x04BC, 113 }, // U+04BC
    { 0x04BD, 114 }, // U+04BD
    { 0x04BE, 113 }, // U+04BE
    { 0x04BF, 114 }, // U+04BF
    { 0x04C0, 66 }, // U+04C0
    { 0x04C1, 76 }, // U+04C1
    { 0x04C2, 89 }, // U+04C2
    { 0x04C3, 66 }, // U+04C3
    { 0x04C4, 92 }, // U+04C4
    { 0x04C5, 78 }, // U+04C5
    { 0x04C6, 93 }, // U+04C6
    { 0x04C7, 66 }, // U+04C7
    { 0x04C8, 92 }, // U+04C8
    { 0x04C9, 66 }, // U+04C9
    { 0x04CA, 92 }, // U+04CA
    { 0x04CB, 82 }, // U+04CB
    { 0x04CC, 98 }, // U+04CC
    { 0x04CE, 94 }, // U+04CE
    { 0x04CF, 115 }, // U+04CF
    { 0x04D0, 73 }, // U+04D0
    { 0x04D1, 85 }, // U+04D1
    { 0x04D2, 73 }, // U+04D2
    { 0x04D3, 85 }, // U+04D3
    { 0x04D4, 116 }, // U+04D4
    { 0x04D5, 85 }, // U+04D5
    { 0x04D6, 66 }, // U+04D6
    { 0x04D7, 85 }, // U+04D7
    { 0x04D8, 117 }, // U+04D8
    { 0x04D9, 118 }, // U+04D9
    { 0x04DB, 118 }, // U+04DB
    { 0x04DC, 76 }, // U+04DC
    { 0x04DD, 89 }, // U+04DD
    { 0x04DE, 77 }, // U+04DE
    { 0x04DF, 90 }, // U+04DF
    { 0x04E0, 119 }, // U+04E0
    { 0x04E1, 120 }, // U+04E1
    { 0x04E2, 66 }, // U+04E2
    { 0x04E3, 91 }, // U+04E3
    { 0x04E4, 66 }, // U+04E4
    { 0x04E5, 91 }, // U+04E5
    { 0x04E6, 68 }, // U+04E6
    { 0x04E7, 85 }, // U+04E7
    { 0x04E8, 68 }, // U+04E8
    { 0x04E9, 85 }, // U+04E9
    { 0x04EA, 68 }, // U+04EA
    { 0x04EB, 85 }, // U+04EB
    { 0x04ED, 90 }, // U+04ED
    { 0x04EE, 72 }, // U+04EE
    { 0x04EF, 96 }, // U+04EF
    { 0x04F0, 72 }, // U+04F0
    { 0x04F1, 96 }, // U+04F1
    { 0x04F2, 72 }, // U+04F2
    { 0x04F3, 96 }, // U+04F3
    { 0x04F5, 98 }, // U+04F5
    { 0x04F6, 66 }, // U+04F6
    { 0x04F7, 87 }, // U+04F7
    { 0x04F8, 66 }, // U+04F8
    { 0x04F9, 91 }, // U+04F9
    { 0x04FA, 66 }, // U+04FA
    { 0x04FB, 87 }, // U+04FB
    { 0x04FC, 81 }, // U+04FC
    { 0x04FD, 97 }, // U+04FD
    { 0x04FE, 81 }, // U+04FE
    { 0x04FF, 97 }, // U+04FF
    { 0x1EA0, 12 }, // U+1EA0
    { 0x1EA1, 27 }, // U+1EA1
    { 0x1EA2, 12 }, // U+1EA2
    { 0x1EA3, 27 }, // U+1EA3
    { 0x1EA4, 12 }, // U+1EA4
    { 0x1EA5, 27 }, // U+1EA5
    { 0x1EA6, 12 }, // U+1EA6
    { 0x1EA7, 27 }, // U+1EA7
    { 0x1EA8, 12 }, // U+1EA8
    { 0x1EA9, 27 }, // U+1EA9
    { 0x1EAA, 12 }, // U+1EAA
    { 0x1EAB, 27 }, // U+1EAB
    { 0x1EAC, 12 }, // U+1EAC
    { 0x1EAD, 27 }, // U+1EAD
    { 0x1EAE, 12 }, // U+1EAE
    { 0x1EAF, 27 }, // U+1EAF
    { 0x1EB0, 12 }, // U+1EB0
    { 0x1EB1, 27 }, // U+1EB1
    { 0x1EB2, 12 }, // U+1EB2
    { 0x1EB3, 27 }, // U+1EB3
    { 0x1EB4, 12 }, // U+1EB4
    { 0x1EB5, 27 }, // U+1EB5
    { 0x1EB6, 12 }, // U+1EB6
    { 0x1EB7, 27 }, // U+1EB7
    { 0x1EB8, 15 }, // U+1EB8
    { 0x1EB9, 27 }, // U+1EB9
    { 0x1EBA, 15 }, // U+1EBA
    { 0x1EBB, 27 }, // U+1EBB
    { 0x1EBC, 15 }, // U+1EBC
    { 0x1EBD, 27 }, // U+1EBD
    { 0x1EBE, 15 }, // U+1EBE
    { 0x1EBF, 27 }, // U+1EBF
    { 0x1EC0, 15 }, // U+1EC0
    { 0x1EC1, 27 }, // U+1EC1
    { 0x1EC2, 15 }, // U+1EC2
    { 0x1EC3, 27 }, // U+1EC3
    { 0x1EC4, 15 }, // U+1EC4
    { 0x1EC5, 27 }, // U+1EC5
    { 0x1EC6, 15 }, // U+1EC6
    { 0x1EC7, 27 }, // U+1EC7
    { 0x1EC8, 15 }, // U+1EC8
    { 0x1EC9, 51 }, // U+1EC9
    { 0x1ECA, 15 }, // U+1ECA
    { 0x1ECB, 32 }, // U+1ECB
    { 0x1ECC, 14 }, // U+1ECC
    { 0x1ECD, 27 }, // U+1ECD
    { 0x1ECE, 14 }, // U+1ECE
    { 0x1ECF, 27 }, // U+1ECF
    { 0x1ED0, 14 }, // U+1ED0
    { 0x1ED1, 27 }, // U+1ED1
    { 0x1ED2, 14 }, // U+1ED2
    { 0x1ED3, 27 }, // U+1ED3
    { 0x1ED4, 14 }, // U+1ED4
    { 0x1ED5, 27 }, // U+1ED5
    { 0x1ED6, 14 }, // U+1ED6
    { 0x1ED7, 27 }, // U+1ED7
    { 0x1ED8, 14 }, // U+1ED8
    { 0x1ED9, 27 }, // U+1ED9
    { 0x1EDA, 14 }, // U+1EDA
    { 0x1EDB, 27 }, // U+1EDB
    { 0x1EDC, 14 }, // U+1EDC
    { 0x1EDD, 27 }, // U+1EDD
    { 0x1EDE, 14 }, // U+1EDE
    { 0x1EDF, 27 }, // U+1EDF
    { 0x1EE0, 14 }, // U+1EE0
    { 0x1EE1, 27 }, // U+1EE1
    { 0x1EE2, 14 }, // U+1EE2
    { 0x1EE3, 27 }, // U+1EE3
    { 0x1EE4, 20 }, // U+1EE4
    { 0x1EE5, 37 }, // U+1EE5
    { 0x1EE6, 20 }, // U+1EE6
    { 0x1EE7, 37 }, // U+1EE7
    { 0x1EE8, 20 }, // U+1EE8
    { 0x1EE9, 37 }, // U+1EE9
    { 0x1EEA, 20 }, // U+1EEA
    { 0x1EEB, 37 }, // U+1EEB
    { 0x1EEC, 20 }, // U+1EEC
    { 0x1EED, 37 }, // U+1EED
    { 0x1EEE, 20 }, // U+1EEE
    { 0x1EEF, 37 }, // U+1EEF
    { 0x1EF0, 20 }, // U+1EF0
    { 0x1EF1, 37 }, // U+1EF1
    { 0x1EF2, 23 }, // U+1EF2
    { 0x1EF3, 38 }, // U+1EF3
    { 0x1EF4, 23 }, // U+1EF4
    { 0x1EF5, 38 }, // U+1EF5
    { 0x1EF6, 23 }, // U+1EF6
    { 0x1EF7, 38 }, // U+1EF7
    { 0x1EF8, 23 }, // U+1EF8
    { 0x1EF9, 38 }, // U+1EF9
    { 0x2010, 6 }, // U+2010
    { 0x2011, 6 }, // U+2011
    { 0x2013, 6 }, // U+2013
    { 0x2014, 6 }, // U+2014
    { 0x2015, 6 }, // U+2015
    { 0x2018, 121 }, // U+2018
    { 0x2019, 122 }, // U+2019
    { 0x201A, 7 }, // U+201A
    { 0x201B, 121 }, // U+201B
    { 0x201C, 121 }, // U+201C
    { 0x201D, 122 }, // U+201D
    { 0x201E, 7 }, // U+201E
    { 0x2025, 7 }, // U+2025
    { 0x2026, 7 }, // U+2026
    { 0x2039, 44 }, // U+2039
    { 0x203A, 45 }, // U+203A
    { 0x203C, 1 }, // U+203C
    { 0x2047, 11 }, // U+2047
    { 0x2048, 11 }, // U+2048
    { 0x2049, 1 }, // U+2049
    { 0xFB00, 29 }, // U+FB00
    { 0xFB01, 29 }, // U+FB01
    { 0xFB02, 29 }, // U+FB02
    { 0xFB03, 29 }, // U+FB03
    { 0xFB04, 29 }, // U+FB04
    { 0xFB05, 29 }, // U+FB05
    { 0xFB06, 35 }, // U+FB06
};

static const int8_t bookerly_14_bolditalicKernMatrix[] = {
       0,    0,    0,    0,    0,    0,    0,    0,    0,    0,    0,    0,    0,  -12,    0,   47,    0,    0,    0,    0,    0,    0,    0,    0,    0,    0,   -9,   33,   70,    0,   33,    0,   70,    0,    0,    0,    0,    0,    0,   42,    0,    0,    0,    0,    0,    0,    0,    0,   -9,    0,    0,   -9,   33,   -9,   33,    0,   33,    0,    0,    0,    0,    0,    0,    0,    0,    0,    0,  -12,    0,   47,    0,    0,    0,    0,   14,    0,    0,    0,    0,    0,    0,    0,    0,    0,   -9,    0,    0,   -9,    0,    0,    0,    0,  -14,    0,    0,   37,    0,    0,    0,    0,   33,    0,    0,    0,   70,   33,    0,   37,    0,    0,    0,    0,    0,    0,    0,    0,    0,    0,    0,    0,    0,    0,
       0,    0,    0,    0,    0,    0,    0,    0,    0,    0,    0,  -19,    0,    0,    0,    0,    0,    0,    0,    0,    0,    0,    0,    0,    0,    0,    0,    0,    0,    0,    0,    0,    0,    0,    0,    0,    0,    0,    0,    0,    0,    0,    0,    0,    0,    0,  -42,    0,    0,    0,    0,    0,    0,    0,    0,    0,    0,    0,    0,    0,    0,    0,    0,    0,    0,    0,    0,    0,    0,    0,    0,    0,  -19,    0,    0,    0,    0,    0,    0,    0,    0,    0,    0,    0,    0,    0,    0,    0,    0,    0,    0,    0,    0,    0,    0,    0,    0,    0,    0,    0,    0,    0,    0,    0,    0,    0,    0,    0,    0,    0,    0,    0,    0,    0,    0,  -42,    0,    0,    0,    0,    0,    0,
       0,    0,    0,    0,    0,    0,    0,    0,    0,    0,    0,   13,    9,  -14,   14,   51,    0,    0,  -23,  -19,  -47,   19,  -28,    0,    0,    0,    0,    0,   14,    9,    0,   -9,   49,    0,    0,   -9,   -9,  -23,    0,  -23,    0,    0,    0,  -19,    0,    0,   14,    0,    0,   -9,    0,    0,    0,    0,    0,    0,    0,    0,    0,    0,    9,    0,    0,    0,    0,   14,  -23,  -14,    0,   51,   19,    0,   13,    9,   14,   19,    0,   19,    0,   -9,   19,  -40,    0,   23,    0,   -9,    0,    0,    0,    0,   -9,    0,    0,    0,    0,  -23,    0,  -28,  -35,    0,    0,    0,   -9,    0,   49,    0,  -47,  -23,    0,  -14,    0,  -28,  -56,  -14,    0,   14,    0,    0,    0,    0,  -47,  -47,
       0,    0,    0,    0,    0,    0,    0,    0,    0,    0,    0,    0,    0,    0,    0,    0,    0,    0,    0,    0,    0,    0,  -14,    0,    0,    0,    0,    0,    0,    0,    0,    0,    0,    0,    0,    0,    0,    0,    0,    0,    0,    0,    0,    0,    0,    0,    0,    0,    0,    0,    0,    0,    0,    0,    0,    0,    0,    0,    0,    0,    0,    0,    0,    0,    0,    0,    0,    0,    0,    0,    0,    0,    0,    0,    0,    0,    0,    0,    0,    0,    0,    0,    0,    0,    0,    0,    0,    0,    0,    0,    0,    0,    0,    0,    0,    0,    0,    0,    0,    0,    0,    0,    0,    0,    0,    0,    0,    0,    0,    0,    0,  -14,    0,    0,    0,    0,    0,    0,    0,    0,    0,    0,
       0,    0,    0,    0,    0,    0,    0,    0,    0,    0,    0,  -42,    0,   -9,    0,    0,  -23,    0,    0,    0,    0,    0,    0,    0,    0,    0,  -47,   14,  -23,  -47,   14,    0,    0,   -9,  -42,  -14,  -19,    0,  -23,    0,  -28,    0,    0,    0,    0,    0,  -61,    0,  -47,    0,    0,  -47,   14,  -47,   14,    0,   14,  -42,  -28,    0,  -47,    0,  -23,    0,  -19,    0,    0,   -9,    0,    0,  -14,    0,  -42,    0,  -28,    0,    0,  -14,  -23,   -9,    0,    0,    0,  -19,  -47,  -14,  -14,  -56,  -28,  -28,  -19,   -9,  -49,  -35,   -9,    0,  -23,    0,  -14,  -42,   14,  -42,    0,    0,    0,   14,    0,    0,    0,    0,  -28,    0,    0,  -23,    0,  -61,    0,  -28,    0,  -23,    0,    0,
       0,    0,    0,    0,    0,    0,    0,    0,    0,    0,    0,    0,    0,    0,    0,    0,    0,    0,    0,    0,    0,    0,    0,    0,    0,    0,    0,    0,    0,    0,    0,    0,    0,    0,    0,    0,    0,   14,    0,   14,    0,    0,    0,    0,    0,    0,    0,    0,    0,    0,    0,    0,    0,    0,    0,    0,    0,    0,    0,    0,    0,    0,    0,    0,    0,    0,    0,    0,    0,    0,    0,    0,    0,    0,    0,    0,    0,    0,    0,    0,    0,    0,    0,    0,    0,    0,    0,    0,    0,    0,    0,    0,    0,    0,    0,   14,    0,    0,    0,    0,    0,    0,    0,    0,    0,    0,    0,   14,    0,    0,    0,    0,    0,    0,    0,    0,    0,    0,    0,    0,    0,    0,
       0,    0,    0,  -23,    0,    0,    0,    0,    0,    0,  -14,   16,    5,  -19,    9,    0,   19,    0,  -28,  -23,  -56,   30,  -33,    0,  -75,    0,    0,    0,    0,    9,    0,   -9,    0,   -9,    0,   -9,   -7,  -28,    0,  -28,    0,    0,    0,  -14,    0,    0,   23,    0,    0,   -9,   -9,   14,    0,    0,    0,    0,    0,    0,    0,    0,    9,    0,   -9,   -9,  -14,    0,    0,    0,    0,    0,    0,    0,    0,    0,    0,    0,    0,    0,    0,    0,    0,    0,    0,    0,    0,    0,    0,    0,    0,    0,    0,    0,    0,    0,    0,    0,    0,    0,    0,    0,    0,    0,    0,    0,    0,    0,    0,    0,    0,    0,    0,    0,    0,    0,    0,    0,    0,    0,    0,    0,  -47,  -37,
       0,    0,    0,    0,  -19,    0,  -19,    0,  -14,  -14,    0,   -9,    0,    7,    0,    0,    0,    0,  -14,  -14,  -23,    0,  -21,    0,  -19,    0,    0,   -5,    0,   -9,   -5,   -5,    0,    0,    0,    0,    0,    0,    0,    0,    0,    0,    0,    0,    0,    0,   -9,    0,    0,   -5,    0,    0,   -5,    0,   -5,    0,   -5,    0,    0,    0,   -9,    0,  -14,  -14,   -5,    0,    0,    0,    0,    0,    0,    0,    0,    0,    0,    0,    0,    0,    0,    0,    0,    0,    0,    0,    0,    0,    0,    0,    0,    0,    0,    0,    0,    0,    0,    0,    0,    0,    0,    0,    0,    0,    0,    0,    0,    0,    0,    0,    0,    0,    0,    0,    0,    0,    0,    0,    0,    0,    0,    0,    0,   -5,
       0,    0,    0,    0,    0,    0,    0,    0,  -14,  -14,    0,    0,    0,   -7,    0,    0,    0,    0,    0,   -5,   -5,    5,    0,    0,    0,    0,   -5,    0,    0,    0,    0,    0,    0,    0,    0,    0,    0,    0,    0,    0,    0,    0,    0,    0,    0,    0,    0,    0,   -5,    0,    0,   -5,    0,   -5,    0,    0,    0,    0,    0,    0,    0,    0,  -14,    0,    0,    0,    0,    0,    0,    0,    0,    0,    0,    0,    0,    0,    0,    0,    0,    0,    0,    0,    0,    0,    0,    0,    0,    0,    0,    0,    0,    0,    0,    0,    0,    0,    0,    0,    0,    0,    0,    0,    0,    0,    0,    0,    0,    0,    0,    0,    0,    0,    0,    0,    0,    0,    0,    0,    0,    0,    0,    0,
       0,    0,    0,    0,  -23,    0,  -23,   -9,   -9,   -9,    0,  -19,    0,    7,   -5,  -12,   -7,    0,   -9,   -9,  -19,   -5,  -16,    0,  -23,    0,    0,    0,    0,    0,    0,    0,    0,    0,    0,    0,    0,    0,    0,    0,    0,    0,    0,    0,    0,    0,  -14,   -9,    0,    0,    0,    0,    0,    0,    0,    0,    0,    0,    0,    0,    0,    0,   -9,  -14,    0,    0,    0,    0,    0,    0,    0,    0,    0,    0,    0,    0,    0,    0,    0,    0,    0,    0,    0,    0,    0,    0,    0,    0,    0,    0,    0,    0,    0,    0,    0,    0,    0,    0,    0,    0,    0,    0,    0,    0,    0,    0,    0,    0,    0,    0,    0,    0,    0,    0,    0,    0,    0,    0,    0,    0,    0,    0,
       0,    0,    0,   14,    0,    0,    0,    0,  -14,  -14,    0,   -5,    0,   -5,    0,    0,    0,    0,    0,   -5,    0,    0,    0,    0,    0,    0,   -5,    0,    0,    0,    0,    0,    0,    0,    0,    0,    0,    0,    0,    0,    0,    0,    0,    0,    0,    0,    0,    0,   -5,    0,    0,   -5,    0,   -5,    0,    0,    0,    0,    0,    0,    0,    0,    0,   -5,    0,    0,    0,    0,    0,    0,    0,    0,    0,    0,    0,    0,    0,    0,    0,    0,    0,    0,    0,    0,    0,    0,    0,    0,    0,    0,    0,    0,    0,    0,    0,    0,    0,    0,    0,    0,    0,    0,    0,    0,    0,    0,    0,    0,    0,    0,    0,    0,    0,    0,    0,    0,    0,    0,    0,    0,    0,    0,
       0,    0,    0,    0,  -37,    0,  -37,  -23,  -23,  -23,    0,  -42,    0,    0,    0,    0,   -7,    0,    0,    0,    5,    7,    5,    0,    0,    0,  -11,    9,   -7,  -14,    9,    0,    0,    0,   -9,    0,    0,    0,    0,    0,    0,    0,    0,   -9,    0,    0,  -44,    0,  -11,    0,    9,  -11,    9,  -11,    9,    0,    9,   -9,    0,    0,  -14,    0,    0,    0,    0,    0,    0,    0,    0,    0,    0,    0,    0,    0,    0,    0,    0,    0,    0,    0,    0,    0,    0,    0,    0,    0,    0,    0,    0,    0,    0,    0,    0,    0,    0,    0,    0,    0,    0,    0,    0,    0,    0,    0,    0,    0,    0,    0,    0,    0,    0,    0,    0,    0,    0,    0,    0,    0,    0,    0,    0,   21,
       0,    0,    0,    0,  -14,    0,  -14,    0,    0,    0,    0,   -9,    0,    0,    0,    0,    0,    0,  -14,  -14,  -19,    0,   -9,    0,  -14,    0,    0,    0,    0,    0,    0,    0,    0,    0,    0,    0,    0,    0,    0,    0,    0,    0,    0,    0,    0,    0,    0,    0,    0,    0,    0,    0,    0,    0,    0,    0,    0,    0,    0,    0,    0,    0,    0,   -9,    0,    0,    0,    0,    0,    0,    0,    0,    0,    0,    0,    0,    0,    0,    0,    0,    0,    0,    0,    0,    0,    0,    0,    0,    0,    0,    0,    0,    0,    0,    0,    0,    0,    0,    0,    0,    0,    0,    0,    0,    0,    0,    0,    0,    0,    0,    0,    0,    0,    0,    0,    0,    0,    0,    0,    0,  -14,    0,
       0,    0,    0,    0,  -14,    0,  -14,    0,  -19,  -19,    0,   -5,    0,   -7,    0,    0,    0,    0,    0,    0,    0,    0,    0,    0,    0,    0,   -9,   14,    0,    0,   14,    0,    0,   -5,   -5,   -9,   -5,    0,   -7,    0,    0,    0,    0,  -19,   -9,    0,    0,    0,   -9,    0,    0,   -9,   14,   -9,   14,    0,   14,   -5,    0,    0,    0,    0,   -9,    0,   -9,    0,    0,    0,    0,    0,    0,    0,    0,    0,    0,    0,    0,    0,    0,    0,    0,    0,    0,    0,    0,    0,    0,    0,    0,    0,    0,    0,    0,    0,    0,    0,    0,    0,    0,    0,    0,    0,    0,    0,    0,    0,    0,    0,    0,    0,    0,    0,    0,    0,    0,    0,    0,    0,    0,    0,    0,    0,
       0,    0,    0,   23,  -28,    0,  -28,  -14,  -23,  -23,    0,  -14,   12,   -5,    0,    0,    0,    0,    0,    0,    0,   14,    9,    0,   14,    0,   -7,   19,    0,    0,   19,    0,    0,    0,    0,    0,    0,    0,    0,    0,    0,    0,    0,    0,    0,    0,   -9,    0,   -7,    0,    9,   -7,   19,   -7,   19,    0,   19,    0,    0,    0,    0,    0,  -14,    0,    0,    0,    0,    0,    0,    0,    0,    0,    0,    0,    0,    0,    0,    0,    0,    0,    0,    0,    0,    0,    0,    0,    0,    0,    0,    0,    0,    0,    0,    0,    0,    0,    0,    0,    0,    0,    0,    0,    0,    0,    0,    0,    0,    0,    0,    0,    0,    0,    0,    0,    0,    0,    0,    0,    0,    0,    0,    0,
       0,    0,    0,   14,    0,  -14,    0,    0,    0,    0,    0,   14,    5,  -16,    0,    0,   14,    0,    0,    0,    0,   21,    0,    0,    9,    0,   -9,   19,    0,    0,   19,    0,    0,   -9,   -9,   -5,  -14,   -9,    0,   -9,    0,    0,    0,  -19,    0,    0,   16,    0,   -9,    0,    0,   -9,   19,   -9,   19,    0,   19,   -9,    0,    0,    0,    0,  -19,    0,  -23,    0,    0,    0,    0,    0,    0,    0,    0,    0,    0,    0,    0,    0,    0,    0,    0,    0,    0,    0,    0,    0,    0,    0,    0,    0,    0,    0,    0,    0,    0,    0,    0,    0,    0,    0,    0,    0,    0,    0,    0,    0,    0,    0,    0,    0,    0,    0,    0,    0,    0,    0,    0,    0,    0,    0,    0,    0,
       0,    0,    0,  -26,    0,    0,    0,    0,    0,    0,    0,    0,    0,    0,    0,    0,    0,    0,  -21,  -14,  -33,   14,  -28,    0,  -28,    0,    0,    0,    0,    0,    0,    0,    0,    0,    0,    0,    0,   -9,    0,   -9,    0,    0,    0,    0,    0,    0,    0,    0,    0,    0,    0,    0,    0,    0,    0,    0,    0,    0,    0,    0,    0,    0,   -9,    0,    0,    0,    0,    0,    0,    0,    0,    0,    0,    0,    0,    0,    0,    0,    0,    0,    0,    0,    0,    0,    0,    0,    0,    0,    0,    0,    0,    0,    0,    0,    0,    0,    0,    0,    0,    0,    0,    0,    0,    0,    0,    0,    0,    0,    0,    0,    0,    0,    0,    0,    0,    0,    0,    0,    0,    0,  -28,   -9,
       0,    0,    0,    0,    0,    0,    0,    0,    0,    0,    0,    9,    0,   -7,    0,    0,    9,    0,   -5,   -9,  -15,   23,   -5,    0,  -14,    0,    0,    0,    0,    0,    0,    0,    0,    0,    0,    0,    0,   -5,    0,   -5,    0,    0,    0,   -9,    0,    0,   14,    0,    0,    0,    0,    0,    0,    0,    0,    0,    0,    0,    0,    0,    0,    0,   -9,    0,   -9,    0,    0,    0,    0,    0,    0,    0,    0,    0,    0,    0,    0,    0,    0,    0,    0,    0,    0,    0,    0,    0,    0,    0,    0,    0,    0,    0,    0,    0,    0,    0,    0,    0,    0,    0,    0,    0,    0,    0,    0,    0,    0,    0,    0,    0,    0,    0,    0,    0,    0,    0,    0,    0,    0,    0,  -14,    0,
       0,    0,    0,    0,  -23,    0,  -23,  -28,    0,    0,    0,  -19,    0,   -7,    0,    0,    0,    0,    0,    0,    0,    9,    0,    0,   14,    0,   -9,   12,    0,   -9,   12,    0,    0,    0,   -9,    0,   -5,    0,   -9,    0,   -7,    0,    0,   -9,   -9,    0,  -19,    0,   -9,    0,    0,   -9,   12,   -9,   12,    0,   12,   -9,   -7,    0,   -9,    0,   -9,    0,   -5,    0,    0,    0,    0,    0,    0,    0,    0,    0,    0,    0,    0,    0,    0,    0,    0,    0,    0,    0,    0,    0,    0,    0,    0,    0,    0,    0,    0,    0,    0,    0,    0,    0,    0,    0,    0,    0,    0,    0,    0,    0,    0,    0,    0,    0,    0,    0,    0,    0,    0,    0,    0,    0,    0,    0,    0,    0,
       0,    0,    0,    0,  -37,    0,  -37,  -33,  -23,  -23,    0,  -49,   -5,    0,  -12,   -5,  -16,    0,    0,   -9,   -9,   -5,   -9,    0,  -14,    0,   -9,   -5,    0,  -11,   -5,    0,    0,    0,   -9,    0,    0,    9,    0,    9,    0,    0,    0,    0,    0,    0,  -68,    0,   -9,    0,    0,   -9,   -5,   -9,   -5,    0,   -5,   -9,    0,    0,  -11,   -5,    0,   -9,    0,    0,    0,    0,    0,    0,    0,    0,    0,    0,    0,    0,    0,    0,    0,    0,    0,    0,    0,    0,    0,    0,    0,    0,    0,    0,    0,    0,    0,    0,    0,    0,    0,    0,    0,    0,    0,    0,    0,    0,    0,    0,    0,    0,    0,    0,    0,    0,    0,    0,    0,    0,    0,    0,    0,    0,    0,    0,
       0,    0,   89,    0,   64,    0,  -23,   -9,   -9,   78,    0,  -19,    0,    7,   -5,   37,   -7,    0,   -9,   -9,  -19,   -5,  -16,    0,  -23,   93,    0,    0,    0,   20,    0,    0,   29,    0,    0,    0,    0,    0,    0,    0,    0,   89,    0,    0,    0,    0,  -14,   -9,    0,    0,    0,    0,    0,    0,    0,    0,    0,    0,    0,    0,   20,    0,   14,  -14,    0,    0,    0,    0,    0,    0,    0,    0,    0,    0,    0,    0,    0,    0,    0,    0,    0,    0,    0,    0,    0,    0,    0,    0,    0,    0,    0,    0,    0,    0,    0,    0,    0,    0,    0,    0,    0,    0,    0,    0,    0,    0,    0,    0,    0,    0,    0,    0,    0,    0,    0,    0,    0,    0,    0,    0,    0,    0,
       0,    0,    0,  -14,    0,  -19,    0,    0,    0,    0,    0,   23,   14,  -14,    9,    0,   19,    0,  -28,  -28,  -33,   28,  -28,    0,  -44,    0,   -5,    0,   -9,    0,    0,    0,    0,    0,    0,    0,   -9,   -9,    0,   -9,    0,    0,    0,  -19,    0,    0,   28,    0,   -5,    0,    0,   -5,    0,   -5,    0,    0,    0,    0,    0,    0,    0,    0,  -23,    0,  -14,    0,    0,    0,    0,    0,    0,    0,    0,    0,    0,    0,    0,    0,    0,    0,    0,    0,    0,    0,    0,    0,    0,    0,    0,    0,    0,    0,    0,    0,    0,    0,    0,    0,    0,    0,    0,    0,    0,    0,    0,    0,    0,    0,    0,    0,    0,    0,    0,    0,    0,    0,    0,    0,    0,    0,  -26,  -14,
       0,    0,    0,    0,  -14,    0,  -14,    0,  -19,  -19,    0,    0,    0,    0,    0,    0,    0,    0,   -8,   -5,   -5,    0,    0,    0,   -9,    0,    0,    0,    0,    0,    0,    0,    0,    0,    0,    0,    0,    0,    0,    0,    0,    0,    0,    0,    0,    0,    0,    0,    0,    0,    0,    0,    0,    0,    0,    0,    0,    0,    0,    0,    0,    0,   -9,   -9,   -9,    0,    0,    0,    0,    0,    0,    0,    0,    0,    0,    0,    0,    0,    0,    0,    0,    0,    0,    0,    0,    0,    0,    0,    0,    0,    0,    0,    0,    0,    0,    0,    0,    0,    0,    0,    0,    0,    0,    0,    0,    0,    0,    0,    0,    0,    0,    0,    0,    0,    0,    0,    0,    0,    0,    0,    0,    0,
       0,    0,    0,   42,  -47,    0,  -47,  -33,  -23,  -23,    0,  -37,    9,    0,    0,    0,   -5,    0,    0,    0,    5,    9,    9,    0,    0,    0,  -19,    9,    0,   -9,    9,    0,    0,    0,  -14,    0,    0,   14,    0,   14,    0,    0,    0,  -14,    0,    0,  -42,    0,  -19,    0,    0,  -19,    9,  -19,   28,    0,    9,  -14,    0,  -14,   -9,    0,  -14,    0,    0,    0,    0,    0,    0,    0,    0,    0,    0,    0,    0,    0,    0,    0,    0,    0,    0,    0,    0,    0,    0,    0,    0,    0,    0,    0,    0,    0,    0,    0,    0,    0,    0,    0,    0,    0,    0,    0,    0,    0,    0,    0,    0,    0,    0,    0,    0,    0,    0,    0,    0,    0,    0,    0,    0,    0,   14,   14,
       0,    0,    0,    0,  -37,    0,  -37,  -33,  -14,  -14,    0,  -28,    0,   -9,    0,    0,   -5,   -5,    0,    0,    0,    0,    0,    0,   14,    0,  -19,   19,    0,  -19,   19,    0,    0,    0,  -14,    0,    0,    0,   -9,    0,   -5,    0,    0,    0,    0,    0,  -37,  -23,  -19,    0,    0,  -19,   19,  -19,   19,    0,   19,  -14,   -5,   -9,  -19,    0,   -9,    0,   -5,    0,    0,    0,    0,    0,    0,    0,    0,    0,    0,    0,    0,    0,    0,    0,    0,    0,    0,    0,    0,    0,    0,    0,    0,    0,    0,    0,    0,    0,    0,    0,    0,    0,    0,    0,    0,    0,    0,    0,    0,    0,    0,    0,    0,    0,    0,    0,    0,    0,    0,    0,    0,    0,    0,    0,    0,    0,
       0,    0,    0,    9,  -61,  -14,  -61,  -42,  -33,  -33,    0,  -51,   14,   -9,    0,    0,   -9,    0,    5,    0,    5,    5,   14,    0,   23,    0,  -28,   23,    0,  -28,   23,    0,    0,    0,  -23,    0,   -5,    0,   -9,    0,   -5,    0,    0,  -14,  -14,    0,  -65,    0,  -28,    0,    9,  -28,   23,  -28,   23,   14,   23,  -23,   -5,  -14,  -28,    0,   -9,    0,   -9,    0,    0,    0,    0,    0,    0,    0,    0,    0,    0,    0,    0,    0,    0,    0,    0,    0,    0,    0,    0,    0,    0,    0,    0,    0,    0,    0,    0,    0,    0,    0,    0,    0,    0,    0,    0,    0,    0,    0,    0,    0,    0,    0,    0,    0,    0,    0,    0,    0,    0,    0,    0,    0,    0,    0,    0,    0,
       0,    0,    0,    9,  -61,  -14,  -61,  -42,  -33,  -33,    0,  -51,   14,   -9,    0,    0,   -9,    0,    5,    0,    5,    5,   14,    0,   23,    0,  -28,   23,    0,  -28,   23,    0,    0,    0,  -23,    0,   -5,    0,   -9,    0,   -5,    0,    0,  -14,  -14,    0,  -65,    0,  -28,    0,   28,  -28,   23,  -28,   23,   14,   23,  -23,   -5,  -14,  -28,    0,   -9,    0,   -9,    0,    0,    0,    0,    0,    0,    0,    0,    0,    0,    0,    0,    0,    0,    0,    0,    0,    0,    0,    0,    0,    0,    0,    0,    0,    0,    0,    0,    0,    0,    0,    0,    0,    0,    0,    0,    0,    0,    0,    0,    0,    0,    0,    0,    0,    0,    0,    0,    0,    0,    0,    0,    0,    0,    0,    0,    0,
       0,    0,    0,   14,  -19,    0,  -19,    0,   -9,   -9,    0,   13,    9,  -14,    0,    0,   12,    0,    0,    0,    0,   23,   14,    0,   14,    0,   -9,   14,    0,    0,   14,    0,    0,    0,    0,    0,   -9,   -5,    0,   -5,    0,    0,    0,   -9,    0,    0,    9,    0,   -9,    0,   19,    0,   14,   -9,   14,   14,   14,    0,    0,    0,    0,    0,  -19,    0,  -14,    0,    0,    0,    0,    0,    0,    0,    0,    0,    0,    0,    0,    0,    0,    0,    0,    0,    0,    0,    0,    0,    0,    0,    0,    0,    0,    0,    0,    0,    0,    0,    0,    0,    0,    0,    0,    0,    0,    0,    0,    0,    0,    0,    0,    0,    0,    0,    0,    0,    0,    0,    0,    0,    0,    0,    0,    0,
       0,    9,    0,   30,  -42,  -19,  -42,  -28,  -33,  -33,    0,  -44,   14,  -12,    0,    0,    0,   -5,    9,    0,    9,   23,   14,    0,   23,    0,  -19,   23,   -8,  -23,   23,    0,    0,   -9,  -23,    0,   -9,    0,  -19,    0,   -5,    0,    0,  -14,  -14,    0,  -47,    0,  -19,    0,   23,  -19,   23,  -19,   23,    0,   23,  -23,   -5,  -23,  -23,    0,  -19,    0,  -14,    0,    0,    0,    0,    0,    0,    0,    0,    0,    0,    0,    0,    0,    0,    0,    0,    0,    0,    0,    0,    0,    0,    0,    0,    0,    0,    0,    0,    0,    0,    0,    0,    0,    0,    0,    0,    0,    0,    0,    0,    0,    0,    0,    0,    0,    0,    0,    0,    0,    0,    0,    0,    0,    0,    0,    0,    0,
       0,    0,    0,    0,    0,    0,    0,    0,   -9,   -9,    0,    0,    0,    0,    0,    0,    0,    0,   -7,  -14,  -19,    0,   -9,    0,  -14,    0,    0,    0,    0,    0,    0,    0,    0,    0,    0,    0,    0,    0,    0,    0,    0,    0,    0,    0,    0,    0,    0,    0,    0,    0,    0,    0,    0,    0,    0,    0,    0,    0,    0,    0,    0,    0,   -9,    0,    0,    0,    0,    0,    0,    0,    0,    0,    0,    0,    0,    0,    0,    0,    0,    0,    0,    0,    0,    0,    0,    0,    0,    0,    0,    0,    0,    0,    0,    0,    0,    0,    0,    0,    0,    0,    0,    0,    0,    0,    0,    0,    0,    0,    0,    0,    0,    0,    0,    0,    0,    0,    0,    0,    0,    0,    0,    0,
       0,    0,    0,    0,    0,    0,    0,    0,    0,    0,    0,    0,    0,    0,    0,   28,    0,    0,    0,    0,    0,    0,    0,    0,    0,    0,    0,   33,   33,    0,   33,    0,   42,    0,    0,    0,    0,    0,    0,   28,    0,    0,    0,    0,    0,    0,    0,    0,    0,    0,    0,    0,   33,    0,   33,    0,   33,    0,    0,    0,    0,    0,    0,    0,    0,    0,    0,    0,    0,   28,    0,    0,    0,    0,    0,    0,    0,    0,    0,    0,    0,    0,    0,    0,    0,    0,    0,    0,    0,    0,    0,    0,    0,    0,    0,    0,    0,    0,    0,    0,   33,    0,    0,    0,   42,   33,    0,    0,    0,    0,    0,    0,    0,    0,    0,    0,    0,    0,    0,    0,    0,    0,
       0,    0,    0,    0,    0,    0,    0,    0,    0,    0,    0,   28,   14,   -9,   14,   60,   14,    0,  -26,  -23,  -47,   28,  -40,    0,    0,    0,    0,   14,   28,   37,   14,    0,   19,    0,    0,    0,    0,  -23,   14,  -23,    9,    0,    0,    0,    0,    0,   14,    0,    0,    0,    0,    0,   14,    0,   14,    0,   14,    0,    9,    0,   37,    0,    0,    0,    0,   14,  -26,   -9,    0,   60,   28,    0,   28,   14,   37,   21,    0,   28,   14,   -9,   28,  -37,    0,   30,    0,    0,    0,    0,    0,    0,    0,    0,    0,    0,    0,  -23,   14,  -33,  -14,    0,   14,    0,    0,    0,   19,   14,  -47,  -23,    0,    0,    0,  -40,  -33,    0,    0,   14,    0,    0,    0,    0,    0,    0,
       0,    0,    0,  -14,    0,    0,    0,   14,    0,    0,    0,    0,    0,    0,    0,    0,    0,    0,    0,    0,    0,    0,    0,    0,  -28,    0,    0,    0,    0,    0,    0,    0,    0,    0,    5,    0,    0,    0,    0,    0,    0,    0,    0,    0,    0,    0,    0,    0,    0,    0,    0,    0,    0,    0,    0,    0,    0,    5,    0,    0,    0,    0,   -9,    0,    0,    0,    0,    0,    0,    0,    0,    0,    0,    0,    0,    0,    0,    0,    0,    0,    0,    0,    0,    0,    0,    0,    0,    0,    0,    0,    0,    0,    0,    0,    0,    0,    0,    0,    0,    0,    0,    0,    0,    0,    0,    0,    0,    0,    0,    0,    0,    0,    0,    0,    0,    0,    0,    0,    0,    0,  -14,    0,
       0,    0,    0,  -14,  -23,    0,  -23,    0,   -9,   -9,    0,    0,    0,    0,    0,    0,    0,    0,    0,    0,    0,    0,    0,    0,  -28,    0,    0,    0,    0,    0,    0,    0,    0,    0,    0,    0,    0,    0,   -5,    0,    0,    0,    0,    0,    0,    0,    0,    0,    0,    0,    0,    0,    0,    0,    0,    0,   16,    0,    0,    0,    0,    0,   -9,    0,    0,    0,    0,    0,    0,    0,    0,    0,    0,    0,    0,    0,    0,    0,    0,    0,    0,    0,    0,    0,    0,    0,    0,    0,    0,    0,    0,    0,    0,    0,    0,    0,    0,    0,    0,    0,    0,    0,    0,    0,    0,    0,    0,    0,    0,    0,    0,    0,    0,    0,    0,    0,    0,    0,    0,    0,  -14,    0,
       0,    0,    0,    0,    0,    0,    0,    0,    0,    0,    0,    0,    0,    0,    0,    0,    0,    0,    0,    0,    0,    0,    0,    0,  -19,    0,   -5,    0,    0,    0,    0,    0,    0,    0,    0,    0,    0,    9,    0,    9,    0,    0,    0,    0,    0,    0,    0,    0,   -5,    0,    0,   -5,    0,   -5,    0,    0,    0,    0,    0,    0,    0,    0,    0,    0,    0,    0,    0,    0,    0,    0,    0,    0,    0,    0,    0,    0,    0,    0,    0,    0,    0,    0,    0,    0,    0,    0,    0,    0,    0,    0,    0,    0,    0,    0,    0,    0,    0,    0,    0,    0,    0,    0,    0,    0,    0,    0,    0,    0,    0,    0,    0,    0,    0,    0,    0,    0,    0,    0,    0,    0,    0,    9,
       0,    0,    0,    0,    0,    0,    0,   14,    0,    0,    0,    0,    0,    0,    0,    0,    0,    0,    0,    0,    0,    0,    0,    0,    9,    0,    0,    0,    0,    0,    0,    0,    0,    0,    9,    0,    0,    0,    0,    0,    0,    0,    0,    0,    0,    0,    0,    0,    0,    0,    0,    0,    0,    0,    0,    0,    0,    9,    0,    0,    0,    0,    0,    0,    0,    0,    0,    0,    0,    0,    0,    0,    0,    0,    0,    0,    0,    0,    0,    0,    0,    0,    0,    0,    0,    0,    0,    0,    0,    0,    0,    0,    0,    0,    0,    0,    0,    0,    0,    0,    0,    0,    0,    0,    0,    0,    0,    0,    0,    0,    0,    0,    0,    0,    0,    0,    0,    0,    0,    0,    0,    0,
       0,    0,    0,    0,    0,    0,    0,    0,    0,    0,    0,    0,    0,    0,    0,    0,    0,    0,    0,    0,    0,    0,    0,    0,  -28,    0,   -5,   -5,    0,  -14,   -5,    0,    0,    0,    0,    0,    0,    0,    0,    0,    0,    0,    0,    0,    0,    0,    0,    0,   -5,    0,    0,   -5,   -5,   -5,   -5,    0,   -5,    0,    0,    0,  -14,    0,    0,    0,    0,    0,    0,    0,    0,    0,    0,    0,    0,    0,    0,    0,    0,    0,    0,    0,    0,    0,    0,    0,    0,    0,    0,    0,    0,    0,    0,    0,    0,    0,    0,    0,    0,    0,    0,    0,    0,    0,    0,    0,    0,    0,    0,    0,    0,    0,    0,    0,    0,    0,    0,    0,    0,    0,    0,    0,    0,    0,
       0,    0,   19,   47,  -28,    0,  -28,  -14,    0,    0,   19,    0,    0,    0,    0,    0,    0,    0,    0,    0,    0,    0,    0,    0,   51,   23,   -9,   40,    0,  -14,   40,    0,    0,   -5,   -5,    5,    0,    9,    0,    9,    0,   23,    0,    0,    0,    0,    0,    0,   -9,   33,   37,   -9,   40,   -9,   40,   14,   40,   -5,    0,    0,  -14,    0,    0,    0,    0,    0,    0,    0,    0,    0,    0,    0,    0,    0,    0,    0,    0,    0,    0,    0,    0,    0,    0,    0,    0,    0,    0,    0,    0,    0,    0,    0,    0,    0,    0,    0,    0,    0,    0,    0,    0,    0,    0,    0,    0,    0,    0,    0,    0,    0,    0,    0,    0,    0,    0,    0,    0,    0,    0,    0,   14,   33,
       0,   14,    0,   19,   -9,    0,  -14,   14,    0,    0,    0,    0,    0,    0,    0,    0,    0,    0,    0,    0,    0,    0,    0,    0,    0,    0,    0,    0,   42,   14,    0,   14,   49,   14,    0,   14,   23,   23,    9,   50,   14,    9,    0,    0,    0,    0,    0,    0,    0,   14,   19,    0,    9,    0,    0,    0,    0,    0,   14,    0,   14,    0,    0,    0,    0,    0,    0,    0,    0,    0,    0,    0,    0,    0,    0,    0,    0,    0,    0,    0,    0,    0,    0,    0,    0,    0,    0,    0,    0,    0,    0,    0,    0,    0,    0,    0,    0,    0,    0,    0,    0,    0,    0,    0,    0,    0,    0,    0,    0,    0,    0,    0,    0,    0,    0,    0,    0,    0,    0,    0,   23,   28,
       0,    0,    0,  -19,    0,    0,    0,    9,    0,    0,    0,    0,    0,    0,    0,    0,    0,    0,    0,    0,    0,    0,    0,    0,  -42,    0,    0,    0,    0,    0,    0,    0,    0,    0,    9,    0,    0,   -7,    0,   -7,    0,    0,    0,    0,    0,    0,    0,    0,    0,    0,    0,    0,    0,    0,    0,    0,    0,    9,    0,    0,    0,    0,   -9,    0,    0,    0,    0,    0,    0,    0,    0,    0,    0,    0,    0,    0,    0,    0,    0,    0,    0,    0,    0,    0,    0,    0,    0,    0,    0,    0,    0,    0,    0,    0,    0,    0,    0,    0,    0,    0,    0,    0,    0,    0,    0,    0,    0,    0,    0,    0,    0,    0,    0,    0,    0,    0,    0,    0,    0,    0,  -14,    0,
       0,    0,    0,    0,    0,    0,    0,    9,    0,    0,    0,    0,    0,    0,    0,    0,    0,    0,    0,    0,    0,    0,    0,    0,   19,    0,    0,    0,    0,    0,    0,    0,    0,    0,    9,    0,    0,    0,    0,    0,    0,    0,    0,    0,    0,    0,    0,    0,    0,    0,    0,    0,    0,    0,    0,    0,    0,    9,    0,    0,    0,    0,    0,    0,    0,    0,    0,    0,    0,    0,    0,    0,    0,    0,    0,    0,    0,    0,    0,    0,    0,    0,    0,    0,    0,    0,    0,    0,    0,    0,    0,    0,    0,    0,    0,    0,    0,    0,    0,    0,    0,    0,    0,    0,    0,    0,    0,    0,    0,    0,    0,    0,    0,    0,    0,    0,    0,    0,    0,    0,    0,    0,
       0,    0,    0,    0,    0,    0,    0,    0,   -9,   -9,    0,    0,    0,    0,    0,    0,    0,    0,    0,    0,    0,    0,    0,    0,   19,    0,    0,    0,    0,    0,    0,    0,   19,    0,    0,    0,    0,    0,    0,    0,    0,    0,    0,    0,    0,    0,    0,    0,    0,    0,    0,    0,    0,    0,    0,    0,    0,    0,    0,    0,    0,    0,    0,    0,    0,    0,    0,    0,    0,    0,    0,    0,    0,    0,    0,    0,    0,    0,    0,    0,    0,    0,    0,    0,    0,    0,    0,    0,    0,    0,    0,    0,    0,    0,    0,    0,    0,    0,    0,    0,    0,    0,    0,    0,    0,    0,    0,    0,    0,    0,    0,    0,    0,    0,    0,    0,    0,    0,    0,    0,    0,    0,
       0,    0,    0,    0,    0,    0,    0,    9,    0,    0,    0,    0,    0,    0,    0,    0,    0,    0,    0,    0,    0,    0,    0,    0,  -14,    0,    0,    0,    0,   19,    0,    0,    0,    0,    0,    0,    0,    0,    0,    0,    5,    0,    0,    0,    0,    0,    0,    0,    0,    0,    0,   19,    0,    0,    0,    0,    0,    0,    5,    0,   19,    0,    0,    0,    0,    0,    0,    0,    0,    0,    0,    0,    0,    0,    0,    0,    0,    0,    0,    0,    0,    0,    0,    0,    0,    0,    0,    0,    0,    0,    0,    0,    0,    0,    0,    0,    0,    0,    0,    0,    0,    0,    0,    0,    0,    0,    0,    0,    0,    0,    0,    0,    0,    0,    0,    0,    0,    0,    0,    0,    0,    0,
       0,    0,    0,    0,    0,    0,    0,    9,    0,    0,    0,    0,    0,    0,    0,    0,    0,    0,    0,    0,    0,    0,    0,    0,    0,    0,    0,    0,    0,    0,    0,    0,    0,    0,    9,    0,    0,    0,    0,    0,    0,    0,    0,    0,    0,    0,    0,    0,    0,    0,    0,    0,    0,    0,    0,    0,    0,    9,    0,    0,    0,    0,    0,    0,    0,    0,    0,    0,    0,    0,    0,    0,    0,    0,    0,    0,    0,    0,    0,    0,    0,    0,    0,    0,    0,    0,    0,    0,    0,    0,    0,    0,    0,    0,    0,    0,    0,    0,    0,    0,    0,    0,    0,    0,    0,    0,    0,    0,    0,    0,    0,    0,    0,    0,    0,    0,    0,    0,    0,    0,    0,    0,
       0,    0,   28,    0,  -14,    0,  -14,    0,    0,    0,    0,    0,    0,    0,    0,    0,    0,    0,    0,    0,    0,    0,    0,    0,  -23,    0,    0,   -5,   37,    9,    0,    0,   56,    0,   -5,    0,    0,    0,    0,   23,    0,    0,    0,    0,    0,    0,    0,    0,    0,    0,    0,    0,    0,    0,    0,    0,    0,   -5,    0,    0,    9,    0,    0,    0,    0,    0,    0,    0,    0,    0,    0,    0,    0,    0,    0,    0,    0,    0,    0,    0,    0,    0,    0,    0,    0,    0,    0,    0,    0,    0,    0,    0,    0,    0,    0,    0,    0,    0,    0,    0,    0,    0,    0,    0,    0,    0,    0,    0,    0,    0,    0,    0,    0,    0,    0,    0,    0,    0,    0,    0,    0,    0,
       0,    0,    0,    0,  -37,    0,  -37,  -23,    0,    0,    0,    0,    0,    0,    0,    0,    0,    0,    0,    0,    0,    0,    0,    0,  -14,    0,   -9,    0,    0,  -14,    0,    0,    0,    9,   -5,    0,    0,   14,    0,   14,    0,    0,    0,    0,    0,    0,    0,    0,   -9,    0,    0,   -9,    0,   -9,    0,    0,    0,   -5,    0,    0,  -14,    0,    0,    0,    0,    0,    0,    0,    0,    0,    0,    0,    0,    0,    0,    0,    0,    0,    0,    0,    0,    0,    0,    0,    0,    0,    0,    0,    0,    0,    0,    0,    0,    0,    0,    0,    0,    0,    0,    0,    0,    0,    0,    0,    0,    0,    0,    0,    0,    0,    0,    0,    0,    0,    0,    0,    0,    0,    0,    0,    0,   23,
       0,    0,    0,    0,   -9,    0,   -9,    9,   -9,   -9,    0,    0,    0,    0,    0,    0,    0,    0,    0,    0,    0,    0,    0,    0,  -19,    0,    0,    0,    0,    0,    0,    0,    0,    0,    0,    0,    0,    0,    0,    0,    0,    0,    0,    0,    0,    0,    0,    0,    0,    0,    0,    0,    0,    0,    0,    0,    0,    0,    0,    0,    0,    0,  -14,    0,    0,    0,    0,    0,    0,    0,    0,    0,    0,    0,    0,    0,    0,    0,    0,    0,    0,    0,    0,    0,    0,    0,    0,    0,    0,    0,    0,    0,    0,    0,    0,    0,    0,    0,    0,    0,    0,    0,    0,    0,    0,    0,    0,    0,    0,    0,    0,    0,    0,    0,    0,    0,    0,    0,    0,    0,    0,    0,
       0,    0,    0,    0,    0,    0,    0,    9,   -9,   -9,    0,    0,    0,    0,    0,    0,    0,    0,    0,    0,    0,    0,    0,    0,   -9,    0,    0,    0,    0,    0,    0,    0,    0,    0,    0,    0,    0,    0,    0,    0,    0,    0,    0,    0,    0,    0,    0,    0,    0,    0,    0,    0,    0,    0,    0,    0,    0,    0,    0,    0,    0,    0,   -9,    0,    0,    0,    0,    0,    0,    0,    0,    0,    0,    0,    0,    0,    0,    0,    0,    0,    0,    0,    0,    0,    0,    0,    0,    0,    0,    0,    0,    0,    0,    0,    0,    0,    0,    0,    0,    0,    0,    0,    0,    0,    0,    0,    0,    0,    0,    0,    0,    0,    0,    0,    0,    0,    0,    0,    0,    0,    0,    9,
       0,    0,    0,    0,  -28,    0,  -28,  -14,  -14,  -14,    0,    0,    0,    0,    0,    0,    0,    0,    0,    0,    0,    0,    0,    0,  -14,    0,   -5,    0,    0,  -10,    0,    0,    0,    0,   -5,    0,    0,    0,    0,    0,    0,    0,    0,    0,    0,    0,    0,    0,   -5,    0,    0,   -5,    0,   -5,    0,    0,    0,   -5,    0,    0,  -10,    0,   -5,    0,    0,    0,    0,    0,    0,    0,    0,    0,    0,    0,    0,    0,    0,    0,    0,    0,    0,    0,    0,    0,    0,    0,    0,    0,    0,    0,    0,    0,    0,    0,    0,    0,    0,    0,    0,    0,    0,    0,    0,    0,    0,    0,    0,    0,    0,    0,    0,    0,    0,    0,    0,    0,    0,    0,    0,    0,    0,    0,
       0,    0,    0,    0,    0,    0,    0,    0,    0,    0,    0,    0,    0,    0,    0,    0,    0,    0,    0,    0,    0,    0,    0,    0,  -29,    0,    0,    0,    0,    0,    0,    0,    0,    9,    0,    0,    9,   14,    0,   14,    0,    0,    0,    0,    0,    0,    0,    0,    0,    0,    0,   14,    0,    0,    0,    0,    0,    0,    0,    0,    0,    0,   -9,    0,    0,    0,    0,    0,    0,    0,    0,    0,    0,    0,    0,    0,    0,    0,    0,    0,    0,    0,    0,    0,    0,    0,    0,    0,    0,    0,    0,    0,    0,    0,    0,    0,    0,    0,    0,    0,    0,    0,    0,    0,    0,    0,    0,    0,    0,    0,    0,    0,    0,    0,    0,    0,    0,    0,    0,    0,    0,   14,
       0,    0,  -14,    0,    0,    0,    0,    0,    0,    0,    0,    0,    0,    0,    0,    0,    0,    0,    0,    0,    0,    0,    0,    0,  -28,    0,    0,    0,    0,    0,    0,    0,    0,    0,   -5,    0,    0,    9,    0,    9,    0,    0,    0,    0,    0,    0,    0,    0,    0,    0,    0,   14,    0,    0,    0,    0,    0,   -5,    0,    0,    0,    0,  -15,    0,    0,    0,    0,    0,    0,    0,    0,    0,    0,    0,    0,    0,    0,    0,    0,    0,    0,    0,    0,    0,    0,    0,    0,    0,    0,    0,    0,    0,    0,    0,    0,    0,    0,    0,    0,    0,    0,    0,    0,    0,    0,    0,    0,    0,    0,    0,    0,    0,    0,    0,    0,    0,    0,    0,    0,    0,    0,    9,
       0,    0,    0,    0,    0,    0,    0,    0,    0,    0,    0,    0,    0,    0,    0,   28,    0,    0,    0,    0,    0,    0,    0,    0,    0,    0,  -19,   28,   33,    0,   28,    0,   49,    0,   -9,    0,    0,    0,    0,   19,    0,    0,    0,    0,    0,    0,    0,    0,  -19,    0,    0,  -19,   28,  -19,   28,    0,   28,   -9,    0,    0,   14,    0,    0,    0,    0,    0,    0,    0,    0,   28,    0,    0,    0,    0,    0,    0,    0,    0,    0,    0,    0,    0,    0,    0,  -19,    0,    0,  -19,    0,    0,    0,    0,    0,    0,    0,   19,    0,    0,    0,    0,   28,   -9,    0,    0,   49,   28,    0,   19,    0,    0,    0,    0,    0,    0,    0,    0,    0,    0,    0,    0,    0,    0,
       0,    0,    0,    0,    0,    0,    0,    0,    0,    0,    0,    0,    0,    0,    0,   47,    0,    0,    0,    0,  -21,    0,  -12,    0,    0,    0,    0,  -14,   23,    0,  -14,    0,   28,    0,    0,    0,    0,    0,    0,    0,    0,    0,    0,    0,    0,    0,    0,   23,    0,    0,    0,    0,  -14,    0,  -14,    0,  -14,    0,    0,    0,    0,    0,    0,    0,    0,    0,    0,    0,    0,   47,    0,    0,    0,    0,    0,    0,    0,    0,    0,    0,    0,    0,    0,    0,    0,    0,    0,    0,    0,    0,    0,    0,    0,    0,    0,    0,    0,    0,    0,    0,  -14,    0,    0,    0,   28,  -14,  -21,    0,    0,    0,    0,  -12,    0,    0,    0,    0,    0,    0,    0,    0,    0,    0,
       0,    0,    0,    0,  -19,    0,  -19,    0,    0,    0,    0,    0,    0,    0,    0,    0,    0,    0,  -14,    0,   -9,    0,   -9,    0,    0,    0,    0,    0,    0,    0,    0,    0,    0,    0,    0,    0,    0,    0,    0,    0,    0,    0,    0,    0,    0,    0,    0,    0,    0,    0,    0,    0,    0,    0,    0,    0,    0,    0,    0,    0,    0,    0,    0,    0,    0,    0,  -14,    0,    0,    0,    0,    0,    0,    0,    0,    0,    0,    0,    0,   14,    0,  -19,    0,    0,    0,    0,    0,    0,    0,    0,    0,    0,    0,    0,    0,    0,    0,    0,    0,    0,    0,    0,    0,    0,    0,    0,   -9,    0,    0,    0,    0,   -9,    0,    0,    0,    0,   19,    0,    0,    0,    0,    0,
       0,    0,    0,    0,    0,    0,    0,    0,    0,    0,    0,    0,    0,    0,    0,   61,    0,    0,    0,  -14,  -19,    0,  -19,    0,    0,    0,  -14,  -14,   56,    9,  -14,    0,   56,    0,    0,    0,    0,    0,    0,    0,    0,    0,    0,    0,    0,    0,    0,   56,  -14,    0,    0,  -14,  -14,  -14,  -14,    0,  -14,    0,    0,    0,    9,    0,    0,    0,    0,    0,    0,    0,    0,   61,    0,    0,    0,    0,    0,    0,    0,    0,    0,    0,    0,    0,    0,    0,  -14,    0,    0,  -14,    0,    0,    0,    0,    0,    0,    0,    0,    0,    0,    0,    0,  -14,    0,    0,    0,   56,  -14,  -19,    0,    0,    0,    0,  -19,    0,    0,    0,    0,    0,    0,    0,    0,    0,    0,
       0,    0,  -26,    0,  -37,    0,  -37,  -19,    0,    0,    0,  -28,   -9,    0,  -14,   -9,  -14,    0,  -14,   -9,  -19,  -19,  -28,    0,  -48,    0,    0,    0,    0,    0,    0,    0,    0,    0,    0,    0,    0,    0,    0,    0,    0,    0,    0,    0,    0,    0,  -28,    0,    0,    0,    0,    0,    0,    0,    0,    0,    0,    0,    0,    0,    0,    0,   -5,    0,    0,    0,    0,    0,    0,    0,    0,    0,    0,    0,    0,    0,    0,    0,    0,    0,    0,    0,    0,    0,    0,    0,    0,    0,    0,    0,    0,    0,    0,    0,    0,    0,    0,    0,    0,    0,    0,    0,    0,    0,    0,    0,    0,    0,    0,    0,    0,    0,    0,    0,    0,    0,    0,    0,    0,    0,    0,    0,
       0,    0,    0,    0,    0,    0,    0,    0,    0,    0,    0,    0,    0,    0,    0,    0,    0,    0,    0,    0,    0,    0,    0,    0,    0,    0,    0,    0,    0,    0,    0,    0,    0,    0,    0,    0,    0,    0,    0,    0,    0,    0,    0,    0,    0,    0,    0,    0,    0,    0,    0,    0,    0,    0,    0,    0,    0,    0,    0,    0,    0,    0,    0,    0,    0,    0,    0,    0,    0,    0,    0,    0,    0,    0,    0,    0,    0,    0,    0,    0,    0,    0,    0,    0,    0,    0,    0,    0,    0,    0,    0,    0,    0,    0,    0,    0,    0,    0,    0,    0,    0,    0,    0,    0,    0,    0,    0,    0,    0,    0,    0,    0,    0,    0,    0,    0,    0,    0,    0,    0,  -14,    0,
       0,    0,    0,    0,    0,    0,    0,    0,    0,    0,    0,    0,    0,    0,    0,    0,    0,    0,    0,    0,    0,    0,    0,    0,  -19,    0,   -5,    0,   19,    0,    0,    0,   19,    0,    0,    0,    0,    9,    0,    9,    0,    0,    0,    0,    0,    0,    0,    0,   -5,    0,    0,   -5,    0,   -5,    0,    0,    0,    0,    0,    0,    0,    0,    0,    0,    0,    0,    0,    0,    0,    0,    0,    0,    0,    0,    0,    0,    0,    0,    0,    0,    0,    0,    0,    0,    0,    0,    0,    0,    0,    0,    0,    0,    0,    0,    0,    0,    0,    0,    0,    0,    0,    0,    0,    0,    0,    0,    0,    0,    0,    0,    0,    0,    0,    0,    0,    0,    0,    0,    0,    0,    0,    9,
       0,    0,    0,    0,    0,    0,    0,    9,    0,    0,    0,    0,    0,    0,    0,    0,    0,    0,    0,    0,    0,    0,    0,    0,   19,    0,    0,   19,    0,    0,   19,    0,    0,    0,    9,    0,    0,    0,    0,    0,    0,    0,    0,    0,    0,    0,    0,    0,    0,    0,    0,    0,   19,    0,   19,    0,   19,    9,    0,    0,    0,    0,    0,    0,    0,    0,    0,    0,    0,    0,    0,    0,    0,    0,    0,    0,    0,    0,    0,    0,    0,    0,    0,    0,    0,    0,    0,    0,    0,    0,    0,    0,    0,    0,    0,    0,    0,    0,    0,    0,    0,    0,    0,    0,    0,    0,    0,    0,    0,    0,    0,    0,    0,    0,    0,    0,    0,    0,    0,    0,    0,    0,
       0,    0,   19,   27,    0,    0,    0,    0,    0,    0,   19,    0,    0,    0,    0,    0,    0,    0,    0,    0,    0,    0,    0,    0,   42,    5,    0,   37,    0,    0,   37,    0,    0,    0,    0,    0,    0,    0,    0,    0,    0,   14,    0,    0,    0,    0,    0,    0,    0,    0,   28,    0,   37,    0,   37,    0,   37,    0,    0,    0,    0,    0,    0,    0,    0,    0,    0,    0,    0,    0,    0,    0,    0,    0,    0,    0,    0,    0,    0,    0,    0,    0,    0,    0,    0,    0,    0,    0,    0,    0,    0,    0,    0,    0,    0,    0,    0,    0,    0,    0,    0,    0,    0,    0,    0,    0,    0,    0,    0,    0,    0,    0,    0,    0,    0,    0,    0,    0,    0,    0,    0,   14,
       0,    0,    0,  -14,  -23,    0,  -23,    0,   -9,   -9,    0,    0,    0,    0,    0,    0,    0,    0,    0,    0,    0,    0,    0,    0,  -28,    0,    0,    0,    0,    0,    0,    0,    0,   19,    0,    9,   19,   19,   -5,   19,    0,    0,    0,    0,    0,    0,    0,    0,    0,    0,    0,    0,    0,    0,    0,    0,   16,    0,    0,    0,    0,    0,   -9,    0,    0,    0,    0,    0,    0,    0,    0,    0,    0,    0,    0,    0,    0,    0,    0,    0,    0,    0,    0,    0,    0,    0,    0,    0,    0,    0,    0,    0,    0,    0,    0,    0,    0,    0,    0,    0,    0,    0,    0,    0,    0,    0,    0,    0,    0,    0,    0,    0,    0,    0,    0,    0,    0,    0,    0,    0,  -14,    0,
       0,    0,    0,  -23,    0,    0,    0,    0,    0,    0,  -14,   16,    5,  -19,    9,   65,   19,    0,  -28,  -23,  -56,   30,  -33,    0,  -75,    0,    0,    0,   56,   37,    0,   -9,   70,   -9,    0,   -9,   -7,  -28,    0,  -28,    0,    0,    0,  -14,    0,    0,   23,    0,    0,   -9,   -9,   14,    0,    0,    0,    0,    0,    0,    0,    0,   37,    0,   -9,   -9,  -14,    0,    0,    0,    0,    0,    0,    0,    0,    0,    0,    0,    0,    0,    0,    0,    0,    0,    0,    0,    0,    0,    0,    0,    0,    0,    0,    0,    0,    0,    0,    0,    0,    0,    0,    0,    0,    0,    0,    0,    0,    0,    0,    0,    0,    0,    0,    0,    0,    0,    0,    0,    0,    0,    0,    0,  -47,  -37,
       0,    0,    0,  -14,    0,    0,    0,   14,    0,    0,    0,    0,    0,    0,    0,    0,    0,    0,    0,    0,    0,    0,    0,    0,  -28,    0,    0,    0,   65,   19,    0,    0,   75,    0,    5,    0,    0,    0,    0,    0,    0,    0,    0,    0,    0,    0,    0,    0,    0,    0,    0,    0,    0,    0,    0,    0,    0,    5,    0,    0,   19,    0,   -9,    0,    0,    0,    0,    0,    0,    0,    0,    0,    0,    0,    0,    0,    0,    0,    0,    0,    0,    0,    0,    0,    0,    0,    0,    0,    0,    0,    0,    0,    0,    0,    0,    0,    0,    0,    0,    0,    0,    0,    0,    0,    0,    0,    0,    0,    0,    0,    0,    0,    0,    0,    0,    0,    0,    0,    0,    0,  -14,    0,
       0,    0,   42,   61,    0,    0,    0,    0,    0,    0,   42,    0,    0,    0,    0,    0,    0,    0,    0,    0,    0,    0,    0,    0,   61,   28,    0,   61,   19,   14,   61,   23,   23,   28,    0,   19,   19,   23,   14,   23,   14,   37,    0,    0,    0,    0,    0,    0,   14,   23,    0,    0,   61,   19,   61,    0,   61,   19,   37,    0,   14,    0,    0,    0,    0,    0,    0,    0,    0,    0,    0,    0,    0,    0,    0,    0,    0,    0,    0,    0,    0,    0,    0,    0,    0,    0,    0,    0,    0,    0,    0,    0,    0,    0,    0,    0,    0,    0,    0,    0,    0,    0,    0,    0,    0,    0,    0,    0,    0,    0,    0,    0,    0,    0,    0,    0,    0,    0,    0,    0,   28,   47,
       0,    0,    0,   14,    0,    0,    0,    0,  -14,  -14,    0,   -5,    0,   -5,    0,   47,    0,    0,    0,   -5,    0,    0,    0,    0,    0,    0,   -5,    0,   47,    0,    0,    0,   58,    0,    0,    0,    0,    0,    0,    0,    0,    0,    0,    0,    0,    0,    0,    0,   -5,    0,    0,   -5,    0,   -5,    0,    0,    0,    0,    0,    0,    0,    0,    0,   -5,    0,    0,    0,    0,    0,    0,    0,    0,    0,    0,    0,    0,    0,    0,    0,    0,    0,    0,    0,    0,    0,    0,    0,    0,    0,    0,    0,    0,    0,    0,    0,    0,    0,    0,    0,    0,    0,    0,    0,    0,    0,    0,    0,    0,    0,    0,    0,    0,    0,    0,    0,    0,    0,    0,    0,    0,    0,    0,
       0,    0,    0,    0,    0,    0,    0,    0,    0,    0,    0,    0,    0,    0,    0,    0,    0,    0,    0,    0,    0,    0,    0,    0,  -28,    0,   -5,   -5,   42,  -14,   -5,    0,   44,    0,    0,    0,    0,    0,    0,    0,    0,    0,    0,    0,    0,    0,    0,    0,   -5,    0,    0,   -5,   -5,   -5,   -5,    0,   -5,    0,    0,    0,  -14,    0,    0,    0,    0,    0,    0,    0,    0,    0,    0,    0,    0,    0,    0,    0,    0,    0,    0,    0,    0,    0,    0,    0,    0,    0,    0,    0,    0,    0,    0,    0,    0,    0,    0,    0,    0,    0,    0,    0,    0,    0,    0,    0,    0,    0,    0,    0,    0,    0,    0,    0,    0,    0,    0,    0,    0,    0,    0,    0,    0,    0,
       0,    0,    0,    0,  -14,    0,  -14,    0,  -19,  -19,    0,   -5,    0,   -7,    0,    0,    0,    0,    0,    0,    0,    0,    0,    0,    0,    0,   -9,   14,    0,    0,   14,    0,    0,    5,   -5,   -5,    9,   23,   -7,   23,    0,    0,    0,  -19,   -9,    0,    0,    0,   -9,    0,    0,   -9,   14,   -9,   14,    0,   14,   -5,    0,    0,    0,    0,   -9,    0,   -9,    0,    0,    0,    0,    0,    0,    0,    0,    0,    0,    0,    0,    0,    0,    0,    0,    0,    0,    0,    0,    0,    0,    0,    0,    0,    0,    0,    0,    0,    0,    0,    0,    0,    0,    0,    0,    0,    0,    0,    0,    0,    0,    0,    0,    0,    0,    0,    0,    0,    0,    0,    0,    0,    0,    0,    0,    0,
       0,    0,    0,    0,  -14,    0,  -14,    0,  -19,  -19,    0,   -5,    0,   -7,    0,   54,    0,    0,    0,    0,    0,    0,    0,    0,    0,    0,   -9,   14,   54,    0,   14,    0,   63,   -5,   -5,   -9,   -5,    0,   -7,    0,    0,    0,    0,  -19,   -9,    0,    0,    0,   -9,    0,    0,   -9,   14,   -9,   14,    0,   14,   -5,    0,    0,    0,    0,   -9,    0,   -9,    0,    0,    0,    0,    0,    0,    0,    0,    0,    0,    0,    0,    0,    0,    0,    0,    0,    0,    0,    0,    0,    0,    0,    0,    0,    0,    0,    0,    0,    0,    0,    0,    0,    0,    0,    0,    0,    0,    0,    0,    0,    0,    0,    0,    0,    0,    0,    0,    0,    0,    0,    0,    0,    0,    0,    0,    0,
       0,    0,    0,    0,    0,    0,    0,    9,    0,    0,    0,    0,    0,    0,    0,    0,    0,    0,    0,    0,    0,    0,    0,    0,   19,    0,    0,    0,   51,    9,    0,    0,   61,    0,    9,    0,    0,    0,    0,    0,    0,    0,    0,    0,    0,    0,    0,    0,    0,    0,    0,    0,    0,    0,    0,    0,    0,    9,    0,    0,    9,    0,    0,    0,    0,    0,    0,    0,    0,    0,    0,    0,    0,    0,    0,    0,    0,    0,    0,    0,    0,    0,    0,    0,    0,    0,    0,    0,    0,    0,    0,    0,    0,    0,    0,    0,    0,    0,    0,    0,    0,    0,    0,    0,    0,    0,    0,    0,    0,    0,    0,    0,    0,    0,    0,    0,    0,    0,    0,    0,    0,    0,
       0,    0,    0,    0,    0,    0,    0,    0,    0,    0,   21,    0,    0,    0,    0,    0,    0,    0,    0,    0,    0,    0,    0,    0,    0,    0,    0,   33,    0,    0,   33,    0,    0,    0,    0,    0,    0,    0,    0,    0,    0,    0,    0,    0,    0,    0,    0,    0,    0,    0,    0,    0,   33,    0,   33,    0,   33,    0,    0,    0,    0,    0,    0,    0,    0,    0,    0,    0,    0,    0,    0,    0,    0,    0,    0,    0,    0,    0,    0,    0,    0,    0,    0,    0,    0,    0,    0,    0,    0,    0,    0,    0,    0,    0,    0,    0,    0,    0,    0,    0,    0,    0,    0,    0,    0,    0,    0,    0,    0,    0,    0,    0,    0,    0,    0,    0,    0,    0,    0,    0,    0,   23,
       0,    0,    0,    0,    9,    0,    9,    0,    0,    0,    0,    0,    0,    0,    0,    0,    0,    0,    0,    0,    0,    0,    0,    0,  -26,    0,    0,    0,    0,    0,    0,    0,    0,    0,    0,    0,    0,    9,    0,    9,    0,    0,    0,    0,    0,    0,    0,    0,    0,    0,    0,    0,    0,    0,    0,    0,    0,    0,    0,    0,    0,    0,    0,    0,    0,    0,    0,    0,    0,    0,    0,    0,    0,    0,    0,    0,    0,    0,    0,    0,    0,    0,    0,    0,    0,    0,    0,    0,    0,    0,    0,    0,    0,    0,    0,    0,    0,    0,    0,    0,    0,    0,    0,    0,    0,    0,    0,    0,    0,    0,    0,    0,    0,    0,    0,    0,    0,    0,    0,    0,    0,    0,
       0,    0,    0,    0,    0,    0,    0,    9,    0,    0,    0,    0,    0,    0,    0,    0,    0,    0,    0,    0,    0,    0,    0,    0,    0,    0,    0,    0,   23,    0,    0,    0,   28,    0,    9,    0,    0,    0,    0,    0,    0,    0,    0,    0,    0,    0,    0,    0,    0,    0,    0,    0,    0,    0,    0,    0,    0,    9,    0,    0,    0,    0,    0,    0,    0,    0,    0,    0,    0,    0,    0,    0,    0,    0,    0,    0,    0,    0,    0,    0,    0,    0,    0,    0,    0,    0,    0,    0,    0,    0,    0,    0,    0,    0,    0,    0,    0,    0,    0,    0,    0,    0,    0,    0,    0,    0,    0,    0,    0,    0,    0,    0,    0,    0,    0,    0,    0,    0,    0,    0,    0,    0,
       0,    0,    0,    0,    0,    0,    0,    0,    0,    0,    0,    0,    0,    0,    0,    0,    0,    0,    0,    0,    0,    0,    0,    0,    0,    0,    0,    0,   14,    0,    0,    0,    9,   19,    0,   19,   19,   23,    9,   23,    0,    0,    0,    0,    0,    0,    0,    0,    0,    0,    0,    0,    0,    0,    0,    0,    0,    0,    0,    0,    0,    0,    0,    0,    0,    0,    0,    0,    0,    0,    0,    0,    0,    0,    0,    0,    0,    0,    0,    0,    0,    0,    0,    0,    0,    0,    0,    0,    0,    0,    0,    0,    0,    0,    0,    0,    0,    0,    0,    0,    0,    0,    0,    0,    0,    0,    0,    0,    0,    0,    0,    0,    0,    0,    0,    0,    0,    0,    0,    0,    0,    0,
       0,    0,    0,    0,   -9,    0,   -9,    9,   -9,   -9,    0,    0,    0,    0,    0,    0,    0,    0,    0,    0,    0,    0,    0,    0,  -19,    0,    0,    0,   19,    0,    0,    0,   19,    0,    0,    0,    0,    0,    0,    0,    0,    0,    0,    0,    0,    0,    0,    0,    0,    0,    0,    0,    0,    0,    0,    0,    0,    0,    0,    0,    0,    0,  -14,    0,    0,    0,    0,    0,    0,    0,    0,    0,    0,    0,    0,    0,    0,    0,    0,    0,    0,    0,    0,    0,    0,    0,    0,    0,    0,    0,    0,    0,    0,    0,    0,    0,    0,    0,    0,    0,    0,    0,    0,    0,    0,    0,    0,    0,    0,    0,    0,    0,    0,    0,    0,    0,    0,    0,    0,    0,    0,    0,
       0,    0,    0,    0,    0,    0,    0,    9,   -9,   -9,    0,    0,    0,    0,    0,    0,    0,    0,    0,    0,    0,    0,    0,    0,   -9,    0,    0,    0,   19,    0,    0,    0,   19,    0,    0,    0,    0,    0,    0,    0,    0,    0,    0,    0,    0,    0,    0,    0,    0,    0,    0,    0,    0,    0,    0,    0,    0,    0,    0,    0,    0,    0,   -9,    0,    0,    0,    0,    0,    0,    0,    0,    0,    0,    0,    0,    0,    0,    0,    0,    0,    0,    0,    0,    0,    0,    0,    0,    0,    0,    0,    0,    0,    0,    0,    0,    0,    0,    0,    0,    0,    0,    0,    0,    0,    0,    0,    0,    0,    0,    0,    0,    0,    0,    0,    0,    0,    0,    0,    0,    0,    0,    9,
       0,    0,    0,  -14,    0,    0,    0,   14,    0,    0,    0,    0,    0,    0,    0,    0,    0,    0,    0,    0,    0,    0,    0,    0,  -28,    0,    0,    0,   68,   19,    0,    0,   75,    0,    5,    0,    0,    0,    0,    0,    0,    0,    0,    0,    0,    0,    0,    0,    0,    0,    0,    0,    0,    0,    0,    0,    0,    5,    0,    0,   19,    0,   -9,    0,    0,    0,    0,    0,    0,    0,    0,    0,    0,    0,    0,    0,    0,    0,    0,    0,    0,    0,    0,    0,    0,    0,    0,    0,    0,    0,    0,    0,    0,    0,    0,    0,    0,    0,    0,    0,    0,    0,    0,    0,    0,    0,    0,    0,    0,    0,    0,    0,    0,    0,    0,    0,    0,    0,    0,    0,  -14,    0,
       0,    0,    0,    9,  -23,    0,  -23,   -9,   -9,   -9,    0,  -19,    0,    7,    0,    0,    0,    0,    0,    0,   12,   12,   14,    0,   26,    0,    0,   14,    0,    0,   14,    0,    0,    0,    0,    0,    0,    0,    0,    0,    0,    0,    0,    0,    0,    0,    0,    0,    0,    0,    0,    0,   14,    0,   14,    0,   14,    0,    0,    0,    0,    0,    0,    0,    0,    0,    0,    0,    0,    0,    0,    0,    0,    0,    0,    0,    0,    0,    0,    0,    0,    0,    0,    0,    0,    0,    0,    0,    0,    0,    0,    0,    0,    0,    0,    0,    0,    0,    0,    0,    0,    0,    0,    0,    0,    0,    0,    0,    0,    0,    0,    0,    0,    0,    0,    0,    0,    0,    0,    0,    0,    0,
       0,   14,    0,   19,  -14,    0,  -14,    0,    0,    0,    9,    0,    0,    0,    0,    0,    0,    0,    0,    0,    0,    0,    0,    0,    0,    0,    0,    0,   14,    0,    0,    0,    0,   19,    0,    0,   14,    9,    0,    9,    0,    0,    0,    0,    0,    0,    0,    0,    0,    0,    0,    0,    0,    0,    0,    0,    0,    0,    0,    0,    0,    0,    0,    0,    0,    0,    0,    0,    0,    0,    0,    0,    0,    0,    0,    0,    0,    0,    0,    0,    0,    0,    0,    0,    0,    0,    0,    0,    0,    0,    0,    0,    0,    0,    0,    0,    0,    0,    0,    0,    0,    0,    0,    0,    0,    0,    0,    0,    0,    0,    0,    0,    0,    0,    0,    0,    0,    0,    0,    0,    9,   14,
       0,    0,   51,   47,  -37,    0,  -37,  -33,  -14,  -14,   36,  -28,    0,    0,   37,    0,   19,    9,   42,   37,   47,   51,   51,    0,   70,   33,  -19,   61,    0,  -19,   61,    9,    0,    0,  -14,    0,    0,    0,   -9,    0,   -5,   37,    0,    0,    0,    0,    0,    0,  -19,    9,    0,  -19,   61,  -19,   61,    0,   61,  -14,   -5,    0,  -19,    0,    0,    0,    0,    0,    0,    0,    0,    0,    0,    0,    0,    0,    0,    0,    0,    0,    0,    0,    0,    0,    0,    0,    0,    0,    0,    0,    0,    0,    0,    0,    0,    0,    0,    0,    0,    0,    0,    0,    0,    0,    0,    0,    0,    0,    0,    0,    0,    0,    0,    0,    0,    0,    0,    0,    0,    0,    0,    0,   28,   40,
       0,   19,    0,   28,    0,    0,    0,    0,    0,    0,   14,    0,    0,    0,    0,    0,    0,    0,    0,    0,    0,    0,    0,    0,    0,    0,    0,    0,    9,    0,    0,    0,    0,    0,    0,    0,    0,   14,    0,   14,    0,    0,    0,    0,    0,    0,    0,    0,    0,    0,    0,    0,    0,    0,    0,    0,    0,    0,    0,    0,    0,    0,    0,    0,    0,    0,    0,    0,    0,    0,    0,    0,    0,    0,    0,    0,    0,    0,    0,    0,    0,    0,    0,    0,    0,    0,    0,    0,    0,    0,    0,    0,    0,    0,    0,    0,    0,    0,    0,    0,    0,    0,    0,    0,    0,    0,    0,    0,    0,    0,    0,    0,    0,    0,    0,    0,    0,    0,    0,    0,   14,   14,
       0,   14,    0,   19,    5,    0,  -14,   14,    0,    0,    0,    0,    0,    0,    0,    0,    0,    0,    0,    0,    0,    0,    0,    0,    0,    0,    0,    0,   42,   14,    0,   14,   49,   14,    0,   14,   23,   23,    9,   50,   14,    9,    0,    0,    0,    0,    0,    0,    0,   14,   19,    0,    9,    0,    0,    0,    0,    0,   14,    0,   14,    0,    0,    0,    0,    0,    0,    0,    0,    0,    0,    0,    0,    0,    0,    0,    0,    0,    0,    0,    0,    0,    0,    0,    0,    0,    0,    0,    0,    0,    0,    0,    0,    0,    0,    0,    0,    0,    0,    0,    0,    0,    0,    0,    0,    0,    0,    0,    0,    0,    0,    0,    0,    0,    0,    0,    0,    0,    0,    0,   23,   28,
       0,    0,    0,  -14,  -23,    0,  -23,    0,   -9,   -9,    0,    0,    0,    0,    0,    0,    0,    0,    0,    0,    0,    0,    0,    0,  -28,    0,    0,    0,   14,    0,    0,    0,   28,    0,    0,    0,    0,    0,   -5,    0,    0,    0,    0,    0,    0,    0,    0,    0,    0,    0,    0,    0,    0,    0,    0,    0,   16,    0,    0,    0,    0,    0,   -9,    0,    0,    0,    0,    0,    0,    0,    0,    0,    0,    0,    0,    0,    0,    0,    0,    0,    0,    0,    0,    0,    0,    0,    0,    0,    0,    0,    0,    0,    0,    0,    0,    0,    0,    0,    0,    0,    0,    0,    0,    0,    0,    0,    0,    0,    0,    0,    0,    0,    0,    0,    0,    0,    0,    0,    0,    0,  -14,    0,
       0,    0,    0,    0,  -14,    0,  -14,   -9,    0,    0,    0,   -9,    0,    0,    0,    0,    0,    0,    0,    0,    0,    0,    0,    0,    0,    0,    0,    0,    0,   -9,    0,    0,    0,    0,    0,    0,    0,    0,    0,    0,    0,    0,    0,    0,    0,    0,    0,    0,    0,    0,    0,    0,    0,    0,    0,    0,    0,    0,    0,    0,   -9,    0,  -14,    0,   -5,    0,    0,    0,    0,    0,    0,    0,    0,    0,    0,    0,    0,    0,    0,    0,    0,    0,    0,    0,    0,    0,    0,    0,    0,    0,    0,    0,    0,    0,    0,    0,    0,    0,    0,    0,    0,    0,    0,    0,    0,    0,    0,    0,    0,    0,    0,    0,    0,    0,    0,    0,    0,    0,    0,    0,    0,    0,
       0,    0,    0,    0,    0,    0,    0,    0,    0,    0,    0,    0,    0,    0,    0,    0,    0,    0,    0,    0,    0,    0,    0,    0,    0,    0,    0,    0,   37,    0,    0,    0,   47,    0,    0,    0,    0,   23,    0,   23,    0,    0,    0,    0,    0,    0,    0,    0,    0,    0,    0,    0,    0,    0,    0,    0,    0,    0,    0,    0,   28,    0,    0,    0,    0,    0,    0,    0,    0,    0,    0,    0,    0,    0,    0,    0,    0,    0,    0,    0,    0,    0,    0,    0,    0,    0,    0,    0,    0,    0,    0,    0,    0,    0,    0,    0,    0,    0,    0,    0,    0,    0,    0,    0,    0,    0,    0,    0,    0,    0,    0,    0,    0,    0,    0,    0,    0,    0,    0,    0,    0,    0,
       0,    0,    0,    0,    0,    0,    0,    9,   -9,   -9,    0,    0,    0,    0,    0,    0,    0,    0,    0,    0,    0,    0,    0,    0,   -9,    0,    0,    0,    0,    0,    0,    0,    9,    0,    0,    0,    0,    0,    0,    0,    0,    0,    0,    0,    0,    0,    0,    0,    0,    0,    0,    0,    0,    0,    0,    0,    0,    0,    0,    0,    0,    0,   -9,    0,    0,    0,    0,    0,    0,    0,    0,    0,    0,    0,    0,    0,    0,    0,    0,    0,    0,    0,    0,    0,    0,    0,    0,    0,    0,    0,    0,    0,    0,    0,    0,    0,    0,    0,    0,    0,    0,    0,    0,    0,    0,    0,    0,    0,    0,    0,    0,    0,    0,    0,    0,    0,    0,    0,    0,    0,    0,    9,
       0,    0,    0,    0,    0,    0,    0,    0,    0,    0,    0,    0,    0,    0,    0,    0,    0,    0,    0,    0,    0,    0,    0,    0,  -19,    0,    0,    0,   33,    0,    0,    0,   56,    0,    0,    0,    0,    9,    0,    9,    0,    0,    0,    0,    0,    0,    0,    0,    0,    0,    0,    0,    0,    0,    0,    0,    0,    0,    0,    0,    0,    0,    0,    0,    0,    0,    0,    0,    0,    0,    0,    0,    0,    0,    0,    0,    0,    0,    0,    0,    0,    0,    0,    0,    0,    0,    0,    0,    0,    0,    0,    0,    0,    0,    0,    0,    0,    0,    0,    0,    0,    0,    0,    0,    0,    0,    0,    0,    0,    0,    0,    0,    0,    0,    0,    0,    0,    0,    0,    0,    0,    0,
       0,    0,    0,   14,    0,    0,    0,    0,  -14,  -14,    0,    0,    0,    0,    0,    0,    0,    0,    0,    0,    0,    0,    0,    0,    0,    0,    0,    0,    0,    0,    0,    0,    0,    0,    0,    0,    0,    0,    0,    0,    0,    0,    0,    0,    0,    0,    0,    0,    0,    0,    0,    0,    0,    0,    0,    0,    0,    0,    0,    0,    0,    0,    0,    0,    0,    0,    0,   -5,    0,    0,    0,    0,   -5,    0,    0,    0,    0,    0,    0,    0,    0,    0,    0,    0,   -5,    0,    0,   -5,   -5,   -5,    0,    0,    0,    0,    0,    0,    0,    0,    0,    0,    0,    0,    0,    0,    0,    0,    0,    0,    0,    0,    0,    0,    0,   -9,    0,    0,    0,    0,    0,    0,    0,    0,
       0,    0,    0,    0,    0,    0,    0,    0,    0,    0,    0,    0,    0,    0,    0,    0,    0,    0,    0,    0,    0,    0,    0,    0,  -28,    0,    0,    0,    0,    0,    0,    0,    0,    0,    0,    0,    0,    0,    0,    0,    0,    0,    0,    0,    0,    0,    0,    0,    0,    0,    0,    0,    0,    0,    0,    0,    0,    0,    0,    0,    0,    0,    0,    0,    0,    0,  -19,    0,    0,   23,    9,  -12,    9,    0,   19,   14,    0,    9,    0,    0,   19,  -33,    0,    9,    0,    0,    0,    0,    0,    0,    0,    0,    0,    0,    0,   -9,    0,   -5,    0,    0,    0,    0,    0,    0,   35,    0,  -35,   -9,    0,    0,    0,  -19,  -19,    0,    0,    0,    0,    0,    0,    0,  -19,    0,
       0,    0,    0,    0,    0,    0,    0,    0,    0,    0,    0,    0,    0,    0,    0,    0,    0,    0,    0,    0,    0,    0,    0,    0,    0,    0,    0,    0,    0,    0,    0,    0,    0,    0,    0,    0,    0,    0,    0,    0,    0,    0,    0,    0,    0,    0,    0,    0,    0,    0,    0,    0,    0,    0,    0,    0,    0,    0,    0,    0,    0,    0,    0,    0,    0,    0,    0,    0,    0,    0,    0,    0,    0,    0,    0,    0,    0,    0,    0,   -9,    0,    0,    0,    0,    0,    0,    0,    0,    0,    0,    0,    0,    0,    0,    0,    0,    0,    0,    0,    0,    0,    0,    0,    0,    0,    0,    0,    0,    0,    0,    0,    0,    0,    0,    0,    0,    0,    0,    0,    0,    0,    0,
       0,    0,    0,    0,  -14,    0,  -14,    0,  -19,  -19,    0,    0,    0,    0,    0,    0,    0,    0,    0,    0,    0,    0,    0,    0,   -9,    0,    0,    0,    0,    0,    0,    0,    0,    0,    0,    0,    0,    0,    0,    0,    0,    0,    0,    0,    0,    0,    0,    0,    0,    0,    0,    0,    0,    0,    0,    0,    0,    0,    0,    0,    0,    0,    0,    0,    0,    0,   -8,    0,    0,    0,    0,   -5,    0,    0,    0,    0,    0,    0,    0,    0,    0,    0,    0,    0,    0,    0,    0,    0,   -9,    0,    0,    0,    0,    0,    0,    0,    0,    0,    0,    0,    0,    0,    0,    0,    0,    0,   -5,    0,    0,    0,    0,   -9,    0,    0,    0,    0,    0,    0,    0,   -9,    0,    0,
       0,    0,    0,    0,  -14,    0,  -14,    0,  -19,  -19,    0,    0,    0,    0,    0,    0,    0,    0,    0,    0,    0,    0,    0,    0,    0,    0,    0,    0,    0,    0,    0,    0,    0,    0,    0,    0,    0,    0,    0,    0,    0,    0,    0,  -19,   -9,    0,    0,    0,    0,    0,    0,    0,    0,    0,    0,    0,    0,    0,    0,    0,    0,    0,    0,    0,    0,    0,    0,   -7,    0,    0,    0,    0,    0,    0,    0,    0,    0,    0,    0,   -9,    0,    0,    0,    0,   -9,   -9,   -5,   -9,   -9,   -5,   -5,   -5,   -9,   -9,   -5,    0,   -7,  -14,   -5,    0,   14,   -5,    0,    0,    0,   14,    0,    0,    0,    0,   -9,    0,   -9,   -9,    0,    0,    0,   -9,    0,   -9,    0,    0,
       0,    0,    0,   23,  -28,    0,  -28,  -14,  -23,  -23,    0,    0,    0,    0,    0,    0,    0,    0,    0,    0,    0,    0,    0,    0,   14,    0,    0,    0,    0,    0,    0,    0,    0,    0,    0,    0,    0,    0,    0,    0,    0,    0,    0,    0,    0,    0,    0,    0,    0,    0,    0,    0,    0,    0,    0,    0,    0,    0,    0,    0,    0,    0,    0,    0,    0,    0,    0,   -5,    0,    0,   -9,    9,  -14,   12,   -9,    0,    0,   -9,    0,    0,   14,    0,    0,   -9,   -7,    0,    0,   -7,   -9,  -14,    0,    0,  -14,   -5,    0,    0,    0,    0,    0,    0,   19,    0,    0,    9,    0,   19,    0,    0,    0,    0,   -9,    0,    0,   -9,    0,   -9,    0,    0,    0,  -14,    0,    0,
       0,    0,  -23,  -28,    0,    0,    0,    0,    0,    0,    0,    0,    0,    0,    0,    0,    0,    0,    0,    0,    0,    0,    0,    0,  -42,    0,    0,    0,    0,    0,    0,    0,    0,    0,    0,    0,    0,    0,    0,    0,    0,    0,    0,    0,    0,    0,    0,    0,    0,    0,    0,    0,    0,    0,    0,    0,    0,    0,    0,    0,    0,    0,    0,    0,    0,    0,  -33,    0,    0,    0,    0,  -14,    0,    0,    0,    0,    0,    0,    0,    0,    0,  -42,    0,    9,    0,    0,    0,    0,    0,    0,    0,    0,    0,    0,    0,   -9,    0,   -9,    0,    0,    0,    0,    0,    0,    0,    0,  -42,   -9,    0,    0,    0,  -33,  -33,    0,    0,    0,    0,    0,    0,  -19,  -28,  -26,
       0,    0,    0,  -19,    0,    0,    0,    0,    0,    0,    0,    0,    0,    0,    0,    0,    0,    0,    0,    0,    0,    0,    0,    0,  -40,    0,    0,    0,    0,    0,    0,    0,    0,    0,    0,    0,    0,    0,    0,    0,    0,    0,    0,    0,    0,    0,    0,    0,    0,    0,    0,    0,    0,    0,    0,    0,    0,    0,    0,    0,    0,    0,    0,    0,    0,    0,  -51,  -14,    0,    0,    0,  -19,    0,    0,    0,    0,    0,    0,    0,  -23,   14,  -51,    0,    0,   -9,  -14,    0,   -9,    0,    0,   -9,   -9,    0,    0,   -9,  -23,    0,  -42,  -14,    0,    0,    0,    0,    0,    0,    0,  -61,  -23,    0,    0,    0,  -42,  -42,  -23,    0,    0,    0,    0,    0,  -23,  -37,  -33,
       0,    0,    0,   14,    0,  -14,    0,    0,    0,    0,    0,    0,    0,    0,    0,    0,    0,    0,    0,    0,    0,    0,    0,    0,    9,    0,    0,    0,    0,    0,    0,    0,    0,    0,    0,    0,    0,    0,    0,    0,    0,    0,    0,  -19,    0,    0,    0,    0,    0,    0,    0,    0,    0,    0,    0,    0,    0,    0,    0,    0,    0,    0,    0,    0,    0,    0,    0,  -12,    0,    0,   14,    0,    9,    5,   23,   19,    0,   14,   14,  -19,   21,    0,   -9,   19,   -9,  -14,    0,   -9,    0,   -9,  -14,   -9,    0,    0,   -9,   -9,    0,  -19,  -14,    0,   19,   -9,    0,    0,    0,   19,    0,   -9,    0,    0,    0,    0,    0,  -39,    0,   16,    0,   -9,    0,  -19,    0,    0,
       0,    0,    0,   40,  -56,    0,  -56,  -42,  -23,  -23,    0,    0,    0,    0,    0,    0,    0,    0,    0,    0,    0,    0,    0,    0,   26,    0,    0,    0,    0,    0,    0,    0,    0,    0,    0,    0,    0,    0,    0,    0,    0,    0,    0,    0,  -14,    0,    0,    0,    0,    0,    0,    0,    0,    0,    0,    0,    0,    0,    0,    0,    0,    0,    0,    0,    0,    0,    9,   -7,    0,    0,  -40,    7,  -61,   14,  -37,    7,    0,  -40,    0,   -9,   19,   19,    0,  -23,  -35,   -5,   -5,  -40,  -28,  -23,   -9,   -9,  -70,  -19,   -9,    0,  -14,   -9,   -9,  -47,   33,  -28,    0,    9,    0,   33,   19,    0,    0,    0,   -9,   19,    0,  -37,    0,  -84,    0,  -14,    0,  -14,    0,   23,
       0,    0,    0,  -23,    0,    0,    0,    0,    0,    0,  -14,    0,    0,    0,    0,    0,    0,    0,    0,    0,    0,    0,    0,    0,  -75,    0,    0,    0,    0,    0,    0,    0,    0,    0,    0,    0,    0,    0,    0,    0,    0,    0,    0,  -14,    0,    0,    0,    0,    0,    0,    0,    0,    0,    0,    0,    0,    0,    0,    0,    0,    0,    0,    0,    0,    0,    9,  -28,  -19,    0,    0,   19,  -14,   16,    5,   19,   23,    0,   19,   19,  -14,   30,  -61,    0,   19,    0,  -14,    0,    0,    0,    0,   -7,   -9,    0,    0,   -9,  -28,    0,  -37,  -23,    0,    0,    0,   -9,   -9,    0,    0,  -56,  -28,    0,    0,    0,  -37,  -49,  -28,    0,   23,   -5,    0,    0,   -9,  -47,  -37,
       0,    0,    0,    0,    0,    0,    0,    0,    0,    0,    0,    0,    0,    0,    0,    0,    0,    0,    0,    0,    0,    0,    0,    0,    0,    0,    0,    0,    0,    0,    0,    0,    0,    0,    0,    0,    0,    0,    0,    0,    0,    0,    0,    0,    0,    0,    0,    0,    0,    0,    0,    0,    0,    0,    0,    0,    0,    0,    0,    0,    0,    0,    0,    0,    0,    0,   -9,    0,    0,    0,    0,   -9,    0,    0,    0,    0,    0,    0,    0,    0,    0,   -9,    0,    0,    0,    0,    0,    0,    0,    0,    0,    0,    0,    0,    0,    0,    0,    0,    0,    0,    0,    0,    0,    0,    0,    0,   -9,    0,    0,    0,    0,    0,    0,    0,    0,    0,    0,    0,    0,  -14,    0,    0,
       0,    0,    0,    0,  -19,    0,  -19,    0,  -14,  -14,    0,    0,    0,    0,    0,    0,    0,    0,    0,    0,    0,    0,    0,    0,  -19,    0,    0,    0,    0,    0,    0,    0,    0,    0,    0,    0,    0,    0,    0,    0,    0,    0,    0,    0,    0,    0,    0,    0,    0,    0,    0,    0,    0,    0,    0,    0,    0,    0,    0,    0,    0,    0,    0,    0,    0,    0,  -14,    7,    0,    0,    0,  -19,   -9,    0,   -9,    0,    0,    0,    0,    0,    0,  -19,    0,    0,    0,    0,    0,    0,   -9,    0,    0,    0,    0,    0,    0,    0,    0,    0,    0,    0,   -5,    0,   -5,    0,    0,   -5,  -23,    0,    0,    0,    0,  -21,  -14,    0,    0,   -9,    0,    0,    0,  -14,    0,   -5,
       0,    0,    0,   42,  -47,    0,  -47,  -33,  -23,  -23,    0,    0,    0,    0,    0,    0,    0,    0,    0,    0,    0,    0,    0,    0,    0,    0,    0,    0,    0,    0,    0,    0,    0,    0,    0,    0,    0,    0,    0,    0,    0,    0,    0,  -14,    0,    0,    0,    0,    0,    0,    0,    0,    0,    0,    0,    0,    0,    0,    0,    0,    0,    0,    0,    0,    0,    0,    0,    0,    0,    0,  -23,    5,  -47,    9,  -23,    0,    0,  -23,   -5,   -5,    7,    0,    0,  -14,  -19,   -5,   -9,  -19,  -14,  -14,    0,    0,  -56,  -19,    0,   14,    0,    0,    0,  -33,    9,  -14,    0,    9,    0,    9,    5,   14,    0,    0,    0,    9,    0,  -42,    0,  -42,    0,  -14,    0,  -14,   14,   14,
       0,    0,    0,    0,    0,    0,    0,    0,    0,    0,    0,    0,    0,    0,    0,    0,    0,    0,    0,    0,    0,    0,    0,    0,    0,    0,    0,    0,    0,    0,    0,    0,    0,    0,    0,    0,    0,    0,    0,    0,    0,    0,    0,    0,    0,    0,    0,    0,    0,    0,    0,    0,    0,    0,    0,    0,    0,    0,    0,    0,    0,    0,    0,    0,    0,    0,    0,   -7,    0,   37,    0,    0,    0,    0,    0,    9,    0,    0,   23,    0,   14,    0,    0,    0,    0,    0,    0,    0,    0,    0,    0,    0,    0,    0,    0,   23,    0,    0,    0,    0,    0,    0,    0,    0,   47,    0,    0,   23,    0,    0,    0,    0,    0,    0,    0,    0,    0,    0,    0,    0,    0,    0,
       0,    0,    0,    0,    0,    0,    0,    0,    0,    0,    0,    0,    0,    0,    0,    0,    0,    0,    0,    0,    0,    0,    0,    0,  -14,    0,    0,    0,    0,    0,    0,    0,    0,    0,    0,    0,    0,    0,    0,    0,    0,    0,    0,   -9,    0,    0,    0,    0,    0,    0,    0,    0,    0,    0,    0,    0,    0,    0,    0,    0,    0,    0,    0,    0,    0,    0,   -9,   -7,    0,    0,   14,    0,    9,    0,   14,   23,    0,   14,    9,   -9,   19,   -9,    0,   14,    0,    0,    0,    0,    0,    0,    0,    0,    0,    0,    0,   -5,    0,   -9,  -14,    0,    0,    0,    0,    0,    0,    0,  -14,   -5,    0,    0,    0,    0,  -14,   -9,    0,   14,    0,    0,    0,   -9,  -14,    0,
       0,    0,    0,    0,  -23,    0,  -23,   -9,   -9,   -9,    0,    0,    0,    0,    0,    0,    0,    0,    0,    0,    0,    0,    0,    0,  -23,    0,    0,    0,    0,    0,    0,    0,    0,    0,    0,    0,    0,    0,    0,    0,    0,    0,    0,    0,    0,    0,    0,    0,    0,    0,    0,    0,    0,    0,    0,    0,    0,    0,    0,    0,    0,    0,    0,    0,    0,   -5,   -9,    7,    0,  -12,    0,   -9,  -19,    0,   -9,   -5,    0,    0,   -7,    0,   -5,  -14,    0,   -9,    0,    0,    0,    0,   -9,   -9,    0,    0,  -14,   -5,    0,    0,    0,    0,    0,  -14,    0,    0,    0,    0,    0,    0,  -19,    0,    0,    0,    0,  -21,    0,    0,    0,  -14,    0,    0,    0,   -9,    0,    0,
       0,    0,    0,    0,  -37,    0,  -37,  -33,  -23,  -23,    0,    0,    0,    0,    0,    0,    0,    0,    0,    0,    0,    0,    0,    0,  -14,    0,    0,    0,    0,    0,    0,    0,    0,    0,    0,    0,    0,    0,    0,    0,    0,    0,    0,    0,    0,    0,    0,    0,    0,    0,    0,    0,    0,    0,    0,    0,    0,    0,    0,    0,    0,    0,    0,    0,    0,  -12,    0,    0,    0,   -5,  -28,  -14,  -44,    0,  -33,   -9,   -7,  -28,  -16,    0,   -5,    0,   -7,  -19,   -9,    0,    0,   -9,   -5,   -5,    0,    0,  -54,  -14,    0,    9,    0,    0,    0,  -28,   -5,   -9,    0,    0,    0,   -5,   -9,    9,    0,    0,    0,   -9,    0,   -9,   -5,  -68,    0,   -5,   -5,    0,    0,    0,
       0,    0,    0,    0,    0,    0,    0,    0,  -14,  -14,    0,    0,    0,    0,    0,    0,    0,    0,    0,    0,    0,    0,    0,    0,    0,    0,    0,    0,    0,    0,    0,    0,    0,    0,    0,    0,    0,    0,    0,    0,    0,    0,    0,    0,    0,    0,    0,    0,    0,    0,    0,    0,    0,    0,    0,    0,    0,    0,    0,    0,    0,    0,    0,    0,    0,    0,    0,   -7,    0,    0,    0,    0,    0,    0,    0,    0,    0,    0,    0,   -9,    0,    0,    0,    0,   -5,   -5,    0,   -5,    0,    0,    0,    0,    0,    0,    0,    0,    0,    0,    0,    0,    0,    0,    0,    0,    0,    0,   -9,    0,    0,    0,    0,    0,    0,  -14,    0,    0,    0,    0,    0,  -14,    0,    0,
       0,    0,    0,   42,  -47,    0,  -47,  -33,  -23,  -23,    0,    0,    0,    0,    0,    0,    0,    0,    0,    0,    0,    0,    0,    0,    0,    0,    0,    0,    0,    0,    0,    0,    0,    0,    0,    0,    0,    0,    0,    0,    0,    0,    0,  -14,    0,    0,    0,    0,    0,    0,    0,    0,    0,    0,    0,    0,    0,    0,    0,    0,    0,    0,    0,    0,    0,    0,    0,    0,    0,    0,  -23,    5,  -84,    9,  -23,    0,    0,  -23,   -5,   -5,    7,    0,    0,  -14,  -19,   -5,   -9,  -19,  -14,  -14,    0,    0,  -56,  -19,    0,   14,    0,    0,    0,  -33,    9,  -14,    0,    9,    0,    9,    5,   14,    0,    0,    0,    9,    0,  -42,    0,  -42,    0,  -14,    0,  -14,   14,   14,
       0,    0,    0,    0,  -28,    0,  -28,  -14,  -19,  -19,    0,    0,    0,    0,    0,    0,    0,    0,    0,    0,    0,    0,    0,    0,  -33,    0,    0,    0,    0,    0,    0,    0,    0,    0,    0,    0,    0,    0,    0,    0,    0,    0,    0,    0,    0,    0,    0,    0,    0,    0,    0,    0,    0,    0,    0,    0,    0,    0,    0,    0,    0,    0,    0,    0,    0,  -14,  -14,    0,    0,   -9,   -9,  -14,  -16,   -9,  -14,  -14,    0,   -9,    0,    0,   -9,  -14,  -14,   -9,    0,    0,    0,    0,    0,    0,    0,    0,   -9,   -9,    0,    0,    0,    0,    0,  -19,    0,    0,    0,    0,    0,    0,  -19,    0,    0,    0,   -5,  -19,    0,    0,   -9,  -19,    0,    0,   -5,    0,    0,    0,
       0,    0,    0,   14,  -19,    0,  -19,    0,   -9,   -9,    0,    0,    0,    0,    0,    0,    0,    0,    0,    0,    0,    0,    0,    0,   14,    0,    0,    0,    0,    0,    0,    0,    0,    0,    0,    0,    0,    0,    0,    0,    0,    0,    0,   -9,    0,    0,    0,    0,    0,    0,    0,    0,    0,    0,    0,    0,    0,    0,    0,    0,    0,    0,    0,    0,    0,    0,    0,  -14,    0,    0,   19,    5,   13,    9,   14,   19,   -5,   19,   23,  -14,   23,    9,    0,   14,   -9,    0,    0,   -9,    0,    0,   -9,    0,    0,    0,    0,   -5,    0,  -19,   -5,    0,   14,    0,    0,   19,    0,   14,    0,   -5,    0,    0,    0,   14,  -19,  -25,    0,    9,    0,    0,    0,  -19,    0,    0,
       0,    0,    0,  -14,    0,    0,    0,   14,    0,    0,    0,    0,    0,    0,    0,    0,    0,    0,    0,    0,    0,    0,    0,    0,  -28,    0,    0,    0,    0,    0,    0,    0,    0,    0,    0,    0,    0,    0,    0,    0,    0,    0,    0,    0,    0,    0,    0,    0,    0,    0,    0,    0,    0,    0,    0,    0,    0,    0,    0,    0,    0,    0,    0,    0,    0,    0,    0,    0,    0,    0,    0,    0,    0,    0,    0,    0,    0,    0,    0,    0,    0,    0,    0,    0,    0,    0,    0,    0,    0,    0,    0,    0,    0,    0,    0,    0,    0,   -9,   -9,    0,    0,    5,    0,    0,    0,    0,    0,    0,    0,    0,    0,    0,    0,  -14,    0,    0,    0,    0,    0,   -9,  -14,    0,
       0,    0,    0,    0,  -23,    0,  -23,    0,   -9,   -9,    0,    0,    0,    0,    0,    0,    0,    0,    0,    0,    0,    0,    0,    0,   -2,    0,    0,    0,    0,    0,    0,    0,    0,    0,    0,    0,    0,    0,    0,    0,    0,    0,    0,    0,    0,    0,    0,    0,    0,    0,    0,    0,    0,    0,    0,    0,    0,    0,    0,    0,    0,    0,    0,    0,    0,    0,    0,    0,    0,    0,    0,    0,    0,    0,    0,    0,    0,    0,    0,    0,    0,    0,    0,    0,    0,    0,    0,    0,   -5,    0,    0,    0,   -9,   -9,    0,    0,   -5,   -5,    0,   -5,    5,    0,    0,    0,    0,    5,    0,    9,    0,    0,    0,    0,    0,    0,    0,    0,    0,    0,    0,   -9,  -14,    0,
       0,    0,    0,    0,    0,    0,    0,    0,    0,    0,    0,    0,    0,    0,    0,    0,    0,    0,    0,    0,    0,    0,    0,    0,  -54,    0,    0,    0,    0,    0,    0,    0,    0,    0,    0,    0,    0,    0,    0,    0,    0,    0,    0,    0,    0,    0,    0,    0,    0,    0,    0,    0,    0,    0,    0,    0,    0,    0,    0,    0,    0,    0,    0,    0,    0,    0,    0,    0,    0,    0,    0,    0,    0,    0,    0,    0,    0,    0,    0,    0,    0,    0,    0,    0,    0,    0,    0,    0,    0,    0,    0,    0,    0,    0,    0,    0,    0,    0,    0,    0,    0,    0,    0,    0,    0,    0,    0,    0,    0,    0,    0,    0,    0,    0,    0,    0,    0,    0,    0,   -9,  -14,    0,
       0,    0,    0,    0,    0,    0,    0,    0,    0,    0,    0,    0,    0,    0,    0,    0,    0,    0,    0,    0,    0,    0,    0,    0,  -19,    0,    0,    0,    0,    0,    0,    0,    0,    0,    0,    0,    0,    0,    0,    0,    0,    0,    0,    0,    0,    0,    0,    0,    0,    0,    0,    0,    0,    0,    0,    0,    0,    0,    0,    0,    0,    0,    0,    0,    0,    0,    0,    0,    0,    0,    0,    0,    0,    0,    0,    0,    0,    0,    0,    0,    0,    0,    0,    0,    0,    0,    0,    0,    0,    0,    0,    0,    0,    0,    0,    0,    0,    0,    0,    0,    0,    0,    0,    0,    0,    0,    0,    9,    0,    0,    0,    0,    0,    0,    0,    0,    0,    0,    0,    0,    0,    0,
       0,    0,    0,  -14,  -23,    0,  -23,    0,   -9,   -9,    0,    0,    0,    0,    0,    0,    0,    0,    0,    0,    0,    0,    0,    0,  -42,    0,    0,    0,    0,    0,    0,    0,    0,    0,    0,    0,    0,    0,    0,    0,    0,    0,    0,    0,    0,    0,    0,    0,    0,    0,    0,    0,    0,    0,    0,    0,    0,    0,    0,    0,    0,    0,    0,    0,    0,    0,    0,    0,    0,    0,    0,    0,    0,    0,    0,    0,    0,    0,    0,    0,    0,    0,    0,    0,    0,    0,    0,    0,   -5,    0,    0,    0,   -9,   -9,    0,    0,   -5,   -5,    0,   -5,    0,    0,    0,    0,    0,    0,    0,    9,    0,    0,    0,    0,    0,    0,    0,    0,    0,    0,    0,   -9,  -14,    0,
       0,    0,    0,    0,    0,    0,    0,    0,    0,    0,    0,    0,    0,    0,    0,    0,    0,    0,    0,    0,    0,    0,    0,    0,  -28,    0,    0,    0,    0,    0,    0,    0,    0,    0,    0,    0,    0,    0,    0,    0,    0,    0,    0,    0,    0,    0,    0,    0,    0,    0,    0,    0,    0,    0,    0,    0,    0,    0,    0,    0,    0,    0,    0,    0,    0,    0,    0,    0,    0,    0,    0,    0,    0,    0,    0,    0,    0,    0,    0,    0,    0,    0,    0,    0,   -5,    0,    0,   -5,    0,    0,    0,    0,    0,    0,    0,    0,    0,    0,    0,    0,   -5,    0,    0,    0,    0,   -5,    0,    9,    0,    0,    0,    0,    0,    0,    0,    0,    0,    0,    0,    0,    0,    0,
       0,    0,    0,    0,    0,    0,    0,    0,    0,    0,    0,    0,    0,    0,    0,    0,    0,    0,    0,    0,    0,    0,    0,    0,  -40,    0,    0,    0,    0,    0,    0,    0,    0,    0,    0,    0,    0,    0,    0,    0,    0,    0,    0,    0,    0,    0,    0,    0,    0,    0,    0,    0,    0,    0,    0,    0,    0,    0,    0,    0,    0,    0,    0,    0,    0,    0,    0,    0,    0,    0,    0,    0,    0,    0,    0,    0,    0,    0,    0,    0,    0,    0,    0,    0,   -5,    0,    0,   -5,    0,    0,    0,    0,    0,    0,    0,    0,    0,    0,    0,    0,    0,    0,    0,    0,    0,    0,    0,   16,    0,    0,    0,    0,    0,    0,    0,    0,    0,    0,    0,    0,    0,    0,
       0,    0,    0,    0,    9,    0,    9,    0,    0,    0,    0,    0,    0,    0,    0,    0,    0,    0,    0,    0,    0,    0,    0,    0,  -26,    0,    0,    0,    0,    0,    0,    0,    0,    0,    0,    0,    0,    0,    0,    0,    0,    0,    0,    0,    0,    0,    0,    0,    0,    0,    0,    0,    0,    0,    0,    0,    0,    0,    0,    0,    0,    0,    0,    0,    0,    0,    0,    0,    0,    0,    0,    0,    0,    0,    0,    0,    0,    0,    0,    0,    0,    0,    0,    0,    0,    0,    0,    0,    0,    0,    0,    0,    0,    0,    0,    9,    0,    0,    0,    0,    0,    0,    0,    0,    0,    0,    0,   23,    0,    0,    0,    0,    0,   -5,    0,    0,    0,    0,    0,    0,    0,    0,
       0,    0,    0,  -14,  -23,    0,  -23,    0,   -9,   -9,    0,    0,    0,    0,    0,    0,    0,    0,    0,    0,    0,    0,    0,    0,  -28,    0,    0,    0,    0,    0,    0,    0,    0,    0,    0,    0,    0,    0,    0,    0,    0,    0,    0,    0,    0,    0,    0,    0,    0,    0,    0,    0,    0,    0,    0,    0,    0,    0,    0,    0,    0,    0,    0,    0,    0,    0,    0,    0,    0,    0,    0,    0,    0,    0,    0,    0,    0,    0,    0,    0,    0,    0,    0,    0,    0,    0,    0,    0,   -5,    0,    0,    0,   -9,   -9,    0,    0,   -5,   -5,    0,   -5,    0,    0,    0,    0,    0,    0,    0,    9,    0,    0,    0,    0,    0,    0,    0,    0,    0,    0,    0,   -9,  -14,    0,
       0,    0,    0,  -19,    0,    0,    0,    9,    0,    0,    0,    0,    0,    0,    0,    0,    0,    0,    0,    0,    0,    0,    0,    0,  -42,    0,    0,    0,    0,    0,    0,    0,    0,    0,    0,    0,    0,    0,    0,    0,    0,    0,    0,    0,    0,    0,    0,    0,    0,    0,    0,    0,    0,    0,    0,    0,    0,    0,    0,    0,    0,    0,    0,    0,    0,    0,    0,    0,    0,    0,    0,    0,    0,    0,    0,    0,    0,    0,    0,    0,    0,    0,    0,    0,    0,    0,    0,    0,    0,    9,    0,    0,    0,    0,    0,   -7,    0,   -9,   -5,    0,    0,    9,    0,    0,    0,    0,    0,   -7,    0,    0,    0,    0,    0,    0,    0,    0,    0,    0,    0,   -9,  -14,    0,
       0,    0,    0,    0,    0,    0,    0,    0,    0,    0,    0,    0,    0,    0,    0,    0,    0,    0,    0,    0,    0,    0,    0,    0,  -19,    0,    0,    0,    0,    0,    0,    0,    0,    0,    0,    0,    0,    0,    0,    0,    0,    0,    0,    0,    0,    0,    0,    0,    0,    0,    0,    0,    0,    0,    0,    0,    0,    0,    0,    0,    0,    0,    0,    0,    0,    0,    0,    0,    0,    0,    0,    0,    0,    0,    0,    0,    0,    0,    0,    0,    0,    0,    0,    0,   -5,   -5,    0,   -5,    0,    0,    0,    0,    0,    0,    0,    9,    0,    0,    0,    0,    0,    0,    0,    0,    0,    0,    0,    9,    0,    0,    0,    0,    0,    0,    0,    0,    0,    0,    0,    0,    0,    9,
       0,    0,    0,    0,  -28,    0,  -28,  -14,  -14,  -14,    0,    0,    0,    0,    0,    0,    0,    0,    0,    0,    0,    0,    0,    0,  -14,    0,    0,    0,    0,    0,    0,    0,    0,    0,    0,    0,    0,    0,    0,    0,    0,    0,    0,    0,    0,    0,    0,    0,    0,    0,    0,    0,    0,    0,    0,    0,    0,    0,    0,    0,    0,    0,    0,    0,    0,    0,    0,    0,    0,    0,    0,    0,    0,    0,    0,    0,    0,    0,    0,    0,    0,    0,    0,    0,   -5,    0,    0,   -5,   -5,    0,    0,    0,  -19,   -9,    0,    0,    0,    0,    0,  -19,    0,   -5,    0,    0,    0,    0,    0,   14,    0,    0,   -9,    0,    0,    0,    0,    0,    0,    0,    0,   -5,    0,    0,
       0,    0,    0,    0,    0,    0,    0,    0,    0,    0,    0,    0,    0,    0,    0,    0,    0,    0,    0,    0,    0,    0,    0,    0,  -29,    0,    0,    0,    0,    0,    0,    0,    0,    0,    0,    0,    0,    0,    0,    0,    0,    0,    0,    0,    0,    0,    0,    0,    0,    0,    0,    0,    0,    0,    0,    0,    0,    0,    0,    0,    0,    0,    0,    0,    0,    0,    0,    0,    0,    0,    0,    0,    0,    0,    0,    0,    0,    0,    0,    0,    0,    0,    0,    0,    0,    0,    0,    0,    0,    0,    9,    9,    0,    0,    9,   14,    0,    9,    0,    0,    0,    0,    0,    0,    0,    0,    0,   42,    0,    0,    0,    0,    0,    0,   14,    0,    0,    0,    0,   -9,    0,   14,
       0,    0,   26,    0,    0,    0,    0,   14,    0,    0,    0,    0,    0,    0,    0,    0,    0,    0,    0,    0,    0,    0,    0,    0,  -38,   14,    0,    0,    0,    0,    0,    0,    0,    0,    0,    0,    0,    0,    0,    0,    0,   14,    0,    0,    0,    0,    0,    0,    0,    0,    0,    0,    0,    0,    0,    0,    0,    0,    0,    0,    0,    0,    0,    0,    0,    0,    0,    0,    0,    0,    0,    0,    0,    0,    0,    0,    0,    0,    0,    0,    0,    0,    0,    0,    0,    0,    0,    0,    0,    0,    0,    0,    0,    0,   14,   51,    0,  -12,   -5,    0,    0,    0,    0,    0,   82,    0,    0,   51,    0,    0,    0,    0,    0,  -14,    0,    0,    0,    0,    0,   19,    0,    0,
       0,    0,    0,  -19,   -9,    0,   -9,    0,    0,    0,    0,    0,    0,    0,    0,    0,    0,    0,    0,    0,    0,    0,    0,    0,  -97,    0,    0,    0,    0,    0,    0,    0,    0,    0,    0,    0,    0,    0,    0,    0,    0,    0,    0,    0,    0,    0,    0,    0,    0,    0,    0,    0,    0,    0,    0,    0,    0,    0,    0,    0,    0,    0,    0,    0,    0,    0,    0,    0,    0,    0,    0,    0,    0,    0,    0,    0,    0,    0,    0,    0,    0,    0,    0,    0,    0,    0,    0,    0,    0,    0,    0,    0,    0,    0,    0,   -9,    0,  -35,  -14,    0,    0,    0,    0,    0,    0,    0,    0,   -9,    0,   -9,    0,    0,    0,    0,    0,    0,    0,    0,    0,  -14,  -33,  -19,
       0,    0,    0,  -19,   -9,    0,   -9,    0,    0,    0,    0,    0,    0,    0,    0,    0,    0,    0,    0,    0,    0,    0,    0,    0,  -63,    0,    0,    0,    0,    0,    0,    0,    0,    0,    0,    0,    0,    0,    0,    0,    0,    0,    0,    0,    0,    0,    0,    0,    0,    0,    0,    0,    0,    0,    0,    0,    0,    0,    0,    0,    0,    0,    0,    0,    0,    0,    0,    0,    0,    0,    0,    0,    0,    0,    0,    0,    0,    0,    0,    0,    0,    0,    0,    0,    0,    0,    0,    0,    0,    0,    0,    0,    0,    0,    0,   -9,    0,  -21,  -14,    0,    0,    0,    0,    0,    0,    0,    0,   -9,    0,   -9,    0,    0,    0,    0,    0,    0,    0,    0,    0,  -14,  -23,  -19,
       0,    0,    0,  -19,    0,    0,    0,    9,    0,    0,    0,    0,    0,    0,    0,    0,    0,    0,    0,    0,    0,    0,    0,    0,  -42,    0,    0,    0,    0,    0,    0,    0,    0,    0,    0,    0,    0,    0,    0,    0,    0,    0,    0,    0,    0,    0,    0,    0,    0,    0,    0,    0,    0,    0,    0,    0,    0,    0,    0,    0,    0,    0,    0,    0,    0,    0,    0,    0,    0,    0,    0,    0,    0,    0,    0,    0,    0,    0,    0,    0,    0,    0,    0,    0,    0,    0,    0,    0,    0,    9,    0,    0,    0,   -5,    0,   -7,    0,   -9,   -5,    0,    0,    9,    0,    0,   19,    0,    0,   -7,    0,    0,    0,    0,    0,    0,    0,    0,    0,    0,    0,   -9,  -14,    0,
       0,    0,    0,    0,   -9,    0,   -9,    9,   -9,   -9,    0,    0,    0,    0,    0,    0,    0,    0,    0,    0,    0,    0,    0,    0,  -19,    0,    0,    0,    0,    0,    0,    0,    0,    0,    0,    0,    0,    0,    0,    0,    0,    0,    0,    0,    0,    0,    0,    0,    0,    0,    0,    0,    0,    0,    0,    0,    0,    0,    0,    0,    0,    0,    0,    0,    0,    0,    0,    0,    0,    0,    0,    0,    0,    0,    0,    0,    0,    0,    0,    0,    0,    0,    0,    0,    0,    0,    0,    0,    0,    0,    0,    0,    0,    0,    0,    0,    0,    0,    0,    0,    0,    0,    0,    0,    0,    0,    0,   14,    0,    0,    0,    0,    0,   -9,    0,    0,    0,    0,    0,  -14,    0,    0,
       0,    0,    0,    0,    0,    0,    0,    9,    0,    0,    0,    0,    0,    0,    0,    0,    0,    0,    0,    0,    0,    0,    0,    0,   19,    0,    0,    0,    0,    0,    0,    0,    0,    0,    0,    0,    0,    0,    0,    0,    0,    0,    0,    0,    0,    0,    0,    0,    0,    0,    0,    0,    0,    0,    0,    0,    0,    0,    0,    0,    0,    0,    0,    0,    0,    0,    0,    0,    0,    0,    0,    0,    0,    0,    0,    0,    0,    0,    0,    0,    0,    0,    0,    0,    0,    0,    0,    0,    0,    0,    0,    0,    0,    0,    0,    0,    0,    0,    0,    0,    0,    9,    0,    0,    0,    0,    0,    0,    0,    0,    0,    0,    0,    0,    0,    0,    0,    0,    0,    0,    0,    0,
       0,    0,   19,   27,    0,    0,    0,    0,    0,    0,   19,    0,    0,    0,    0,    0,    0,    0,    0,    0,    0,    0,    0,    0,   42,    5,    0,    0,    0,    0,    0,    0,    0,    0,    0,    0,    0,    0,    0,    0,    0,   14,    0,    0,    0,    0,    0,    0,    0,    0,    0,    0,    0,    0,    0,    0,    0,    0,    0,    0,    0,    0,    0,    0,    0,    0,    0,    0,    0,    0,    0,    0,    0,    0,    0,    0,    0,    0,    0,    0,    0,    0,    0,    0,    0,    0,    0,    0,    0,    0,    0,    0,    0,    0,    0,    0,    0,    0,    0,    0,   37,    0,    0,   28,    0,   37,    0,    0,    0,    0,    0,    0,    0,    0,    0,    0,    0,    0,    0,    0,    0,   14,
       0,    0,    0,    0,    0,    0,    0,    0,   -9,   -9,    0,    0,    0,    0,    0,    0,    0,    0,    0,    0,    0,    0,    0,    0,   19,    0,    0,    0,    0,    0,    0,    0,    0,    0,    0,    0,    0,    0,    0,    0,    0,    0,    0,    0,    0,    0,    0,    0,    0,    0,    0,    0,    0,    0,    0,    0,    0,    0,    0,    0,    0,    0,    0,    0,    0,    0,    0,    0,    0,    0,    0,    0,    0,    0,    0,    0,    0,    0,    0,    0,    0,    0,    0,    0,    0,    0,    0,    0,    0,    0,    0,    0,  -14,   -5,    0,    0,    0,    0,    0,    0,    0,    0,    0,    0,   19,    0,    0,    0,    0,    0,    0,    0,    0,    0,    0,    0,    0,    0,    0,    0,    0,    0,
       0,    0,    0,    0,    0,    0,    0,    0,    0,    0,    0,    0,    0,    0,    0,    0,    0,    0,    0,    0,    0,    0,    0,    0,  -23,    0,    0,    0,    0,    0,    0,    0,    0,    0,    0,    0,    0,    0,    0,    0,    0,    0,    0,    0,    0,    0,    0,    0,    0,    0,    0,    0,    0,    0,    0,    0,    0,    0,    0,    0,    0,    0,    0,    0,    0,    0,  -23,    0,    0,    0,   14,  -19,    0,    0,    0,    0,    0,   14,    0,    0,    0,  -19,    0,    0,    0,    0,    0,    0,    0,    0,    0,    0,    0,    0,    0,    0,    0,    0,    0,    0,    0,    0,    0,    0,    0,    0,  -30,    0,    0,    0,    0,  -23,  -14,    0,    0,    0,    0,    0,    0,    0,    0,    0,
       0,    0,    0,    0,  -44,    0,  -44,  -47,  -33,  -33,    0,    0,    0,    0,    0,    0,    0,    0,    0,    0,    0,    0,    0,    0,    0,    0,    0,    0,    0,    0,    0,    0,    0,    0,    0,    0,    0,    0,    0,    0,    0,    0,    0,  -19,    0,    0,    0,    0,    0,    0,    0,    0,    0,    0,    0,    0,    0,    0,    0,    0,    0,    0,    0,    0,    0,   -5,    0,  -14,    0,    0,  -28,    9,  -51,    0,  -33,    0,    0,  -28,   -9,  -19,    9,    0,    0,  -19,  -33,  -14,  -16,  -23,  -14,  -19,    0,    0,  -56,  -23,    0,    0,  -12,    0,    0,  -47,    0,  -23,    0,    0,    0,    0,    0,    0,    0,    0,  -14,    0,    0,  -42,    0,  -65,    0,  -19,    0,   -9,    0,    0,
       0,    0,    0,    0,  -33,    0,  -33,  -28,    0,    0,    0,    0,    0,    0,    0,    0,    0,    0,    0,    0,    0,    0,    0,    0,    0,    0,    0,    0,    0,    0,    0,    0,    0,    0,    0,    0,    0,    0,    0,    0,    0,    0,    0,    0,    0,    0,    0,    0,    0,    0,    0,    0,    0,    0,    0,    0,    0,    0,    0,    0,    0,    0,    0,    0,    0,    0,    0,    0,    0,    0,    0,    0,    0,    0,    0,    0,    0,    0,    0,    0,    0,    0,    0,    0,   -9,    0,    0,   -9,  -14,    0,    5,    9,  -51,   -9,    9,   14,    0,    0,    0,  -23,    0,  -14,    0,    0,    0,    0,    0,   14,    0,    0,    0,    0,    0,    0,    0,    0,    0,    0,    0,    0,    0,    0,
       0,    0,    0,   19,  -37,    0,  -37,  -33,  -19,  -19,    0,    0,    0,    0,    0,    0,    0,    0,    0,    0,    0,    0,    0,    0,    0,    0,    0,    0,    0,    0,    0,    0,    0,    0,    0,    0,    0,    0,    0,    0,    0,    0,    0,  -23,    0,    0,    0,    0,    0,    0,    0,    0,    0,    0,    0,    0,    0,    0,    0,    0,    0,    0,    0,    0,    0,    0,    0,    0,    0,    0,  -28,   19,  -37,    0,  -33,    0,    0,  -28,    0,  -23,    0,    9,    0,  -23,  -30,  -14,  -19,   -7,  -39,  -39,  -14,  -14,  -63,  -24,  -14,    0,    0,  -19,  -24,  -19,    0,  -19,    0,    0,    0,    0,    0,    0,    0,    0,  -34,    0,    0,  -49,    0,  -61,    0,  -19,    0,  -14,    0,   19,
       0,    0,    0,   14,  -26,    0,  -26,    0,    0,    0,    0,    0,    0,    0,    0,    0,    0,    0,    0,    0,    0,    0,    0,    0,    0,    0,    0,    0,    0,    0,    0,    0,    0,    0,    0,    0,    0,    0,    0,    0,    0,    0,    0,  -14,    0,    0,    0,    0,    0,    0,    0,    0,    0,    0,    0,    0,    0,    0,    0,    0,    0,    0,    0,    0,    0,    0,    0,    0,    0,    0,    0,    0,    0,    0,    0,    0,    0,    0,    0,    0,    0,    0,    0,    0,  -19,    0,    0,  -19,   -9,   -9,    0,    0,  -42,   -9,    0,   14,    0,    0,    0,  -28,    0,  -14,    0,    0,    0,    0,    0,   14,    0,    0,   -9,    0,    0,  -14,    0,    0,    0,   -9,    0,   -9,    0,   26,
       0,    0,    0,    0,  -23,    0,  -23,  -23,  -14,  -14,    0,    0,    0,    0,    0,    0,    0,    0,    0,    0,    0,    0,    0,    0,    0,    0,    0,    0,    0,    0,    0,    0,    0,    0,    0,    0,    0,    0,    0,    0,    0,    0,    0,   -9,    0,    0,    0,    0,    0,    0,    0,    0,    0,    0,    0,    0,    0,    0,    0,    0,    0,    0,    0,    0,    0,    0,    0,   -7,    0,    0,  -19,    0,  -42,    0,  -23,    0,    0,  -19,    0,    0,    0,    0,    0,  -19,  -11,    0,    0,  -11,    0,    0,    0,    0,  -40,  -14,    0,    0,    0,    0,    0,  -33,   19,   -9,    0,    9,    0,   19,    0,   23,    0,    0,    0,    0,    0,  -23,    0,  -44,    0,    0,    0,    0,    0,   21,
       0,    0,    0,    0,    0,    0,    0,    0,    0,    0,    0,    0,    0,    0,    0,    0,    0,    0,    0,    0,    0,    0,    0,    0,    0,    0,    0,    0,    0,    0,    0,    0,    0,    0,    0,    0,    0,    0,    0,    0,    0,    0,    0,    0,    0,    0,    0,    0,    0,    0,    0,    0,    0,    0,    0,    0,    0,    0,    0,    0,    0,    0,    0,    0,    0,   14,    0,    0,    0,   56,   14,    0,   19,    9,   19,   28,    0,   14,   19,  -14,   23,    0,    0,   19,    0,    0,    0,    0,    0,    0,    0,    0,    0,    0,    0,   33,    0,    0,    0,    0,    0,    0,    0,    0,    0,    0,    0,   33,    9,    0,    0,    0,    0,    0,    0,   23,    0,    0,    0,    0,    0,    0,
       0,    0,   19,    0,    0,    0,    0,   19,    0,    0,    0,    0,    0,    0,    0,    0,    0,    0,    0,    0,    0,    0,    0,    0,    0,   19,    0,    0,    0,    0,    0,    0,    0,    0,    0,    0,    0,    0,    0,    0,    0,   14,    0,    0,    0,    0,    0,    0,    0,    0,    0,    0,    0,    0,    0,    0,    0,    0,    0,    0,    0,    0,    0,    0,    0,    0,    0,    0,    0,    0,    0,    0,    0,    0,    0,    0,    0,    0,    0,    0,    0,    0,    0,    0,    0,    0,    0,    0,    0,    0,    0,    0,    0,    0,    9,   51,    0,    0,    0,    0,    0,    0,    0,    0,   79,    0,    0,   51,    0,    0,    0,    0,    0,    0,   14,    0,    0,    0,    0,   19,    0,    0,
       0,    0,    0,    0,    0,    0,    0,    0,    0,    0,    0,    0,    0,    0,    0,    0,    0,    0,    0,    0,    0,    0,    0,    0,    0,    0,    0,    0,    0,    0,    0,    0,    0,    0,    0,    0,    0,    0,    0,    0,    0,    0,    0,    0,    0,    0,    0,    0,    0,    0,    0,    0,    0,    0,    0,    0,    0,    0,    0,    0,    0,    0,    0,    0,    0,   14,    0,    0,    0,   56,   14,    0,   19,    9,   19,   28,    0,   14,   19,  -14,   23,    0,    0,   19,    0,    0,    0,    0,    0,    0,    0,    0,    0,    0,    0,   33,    0,    0,    0,    0,    0,    0,    0,    0,   56,    0,    0,   33,    9,    0,    0,    0,    0,    0,    0,   23,    0,    0,    0,    0,    0,    0,
       0,    0,    0,    0,    0,    0,    0,    0,    0,    0,    0,    0,    0,    0,    0,    0,    0,    0,    0,    0,    0,    0,    0,    0,  -23,    0,    0,    0,    0,    0,    0,    0,    0,    0,    0,    0,    0,    0,    0,    0,    0,    0,    0,    0,    0,    0,    0,    0,    0,    0,    0,    0,    0,    0,    0,    0,    0,    0,    0,    0,    0,    0,    0,    0,    0,    9,  -19,    0,    0,    0,   23,    0,   23,    0,   23,   14,    0,   23,   19,    0,   28,  -14,    0,   28,    0,    0,    0,    0,    0,    0,    0,    0,    0,    0,    0,    0,    0,    0,    0,    0,    0,    0,    0,    0,    0,    0,  -33,    0,    9,    0,    0,  -33,    0,    0,    0,   23,    0,    0,    0,    0,    0,    0,
       0,    0,    0,    0,    0,    0,    0,    0,    0,    0,    0,    0,    0,    0,    0,    0,    0,    0,    0,    0,    0,    0,    0,    0,  -49,    0,    0,    0,    0,    0,    0,    0,    0,    0,    0,    0,    0,    0,    0,    0,    0,    0,    0,    0,    0,    0,    0,    0,    0,    0,    0,    0,    0,    0,    0,    0,    0,    0,    0,    0,    0,    0,    0,    0,    0,    0,    0,    0,    0,    0,    0,    0,    0,    0,    0,    0,    0,    0,    0,    0,    0,    0,    0,    0,    0,    0,    0,    0,    0,    0,    0,    0,    0,    0,    0,    0,    0,   -9,   -9,    0,    0,    0,    0,    0,    0,    0,    0,    0,    0,   -5,    0,    0,    0,    0,    0,    0,    0,    0,    0,    0,  -14,    0,
       0,    9,    0,   30,  -42,  -19,  -42,  -28,  -19,  -19,    0,    0,    0,    0,    0,    0,    0,    0,    0,    0,    0,    0,    0,    0,   23,    0,    0,    0,    0,    0,    0,    0,    0,    0,    0,    0,    0,    0,    0,    0,    0,    0,    0,  -14,  -14,    0,    0,    0,    0,    0,    0,    0,    0,    0,    0,    0,    0,    0,    0,    0,    0,    0,    0,    0,    0,    0,    9,  -12,   -5,    0,  -28,   19,  -40,   14,  -23,    0,    0,  -28,    0,  -14,   23,   14,    0,  -19,  -19,   -9,  -19,  -23,  -16,  -19,   -9,   -9,  -47,  -23,   -9,    0,  -19,   -9,   -9,  -40,   42,  -19,    0,   23,    0,   23,    9,    0,    0,    0,  -19,   14,    0,  -42,    0,  -47,    0,  -21,    0,  -19,    0,    0,
       0,    0,    0,    0,  -28,    0,  -28,  -14,  -14,  -14,    0,    0,    0,    0,    0,    0,    0,    0,    0,    0,    0,    0,    0,    0,  -14,    0,    0,    0,    0,    0,    0,    0,    0,    0,    0,    0,    0,    0,    0,    0,    0,    0,    0,    0,    0,    0,    0,    0,    0,    0,    0,    0,    0,    0,    0,    0,    0,    0,    0,    0,    0,    0,    0,    0,    0,    0,    0,    0,    0,    0,    0,    0,    0,    0,    0,    0,    0,    0,    0,    0,    0,    0,    0,    0,   -5,    0,    0,   -5,   -5,    0,    0,    0,  -19,   -9,    0,    0,    0,    0,    0,  -19,    0,   -5,    0,    0,   14,    0,    0,    9,    0,    0,   -9,    0,    0,    0,    0,    0,    0,    0,    0,   -5,    0,    0,
       0,    0,    0,    0,  -28,    0,  -28,  -14,  -14,  -14,    0,    0,    0,    0,    0,    0,    0,    0,    0,    0,    0,    0,    0,    0,  -14,    0,    0,    0,    0,    0,    0,    0,    0,    0,    0,    0,    0,    0,    0,    0,    0,    0,    0,    0,    0,    0,    0,    0,    0,    0,    0,    0,    0,    0,    0,    0,    0,    0,    0,    0,    0,    0,    0,    0,    0,    0,    0,    0,    0,    0,    0,    0,    0,    0,    0,    0,    0,    0,    0,    0,    0,    0,    0,    0,   -5,    0,    0,   -5,   -5,    0,    0,    0,  -19,   -9,    0,    0,    0,    0,    0,  -19,    0,   -5,    0,    0,   14,    0,    0,   14,    0,    0,   -9,    0,    0,    0,    0,    0,    0,    0,    0,   -5,    0,    0,
       0,    0,    0,   14,  -14,    0,  -19,    0,   -9,   -5,    0,    0,    0,    0,    0,    0,    0,    0,    0,    0,    0,    0,    0,    0,   14,   19,    0,    0,    0,    0,    0,    0,    0,    0,    0,    0,    0,    0,    0,    0,    0,    0,    0,   -9,    0,    0,    0,    0,    0,    0,    0,    0,    0,    0,    0,    0,    0,    0,    0,    0,    0,    0,    0,    0,    0,   23,    0,  -14,    0,   65,   47,    5,   35,   28,   47,   56,   -5,   51,   56,  -14,   61,    9,    0,   42,   -9,    0,    0,   -9,    0,    0,   -9,    0,    0,    0,    0,   42,    0,  -19,   -5,    0,   14,    0,    0,   19,   70,   14,    0,   42,   19,    0,    0,   14,  -19,  -25,   14,   37,    0,    0,    0,   -5,    0,    0,
       0,    0,   19,    0,    0,    0,    0,   19,    0,    0,    0,    0,    0,    0,    0,    0,    0,    0,    0,    0,    0,    0,    0,    0,  -29,   19,    0,    0,    0,    0,    0,    0,    0,    0,    0,    0,    0,    0,    0,    0,    0,   14,    0,    0,    0,    0,    0,    0,    0,    0,    0,    0,    0,    0,    0,    0,    0,    0,    0,    0,    0,    0,    0,    0,    0,    0,    0,    0,    0,    0,    0,    0,    0,    0,    0,    0,    0,    0,    0,    0,    0,    0,    0,    0,    0,    0,    0,    0,    0,    0,    9,    9,    0,    0,    9,   70,    0,    9,    0,    0,    0,    0,    0,    0,   82,    0,    0,   37,    0,    0,    0,    0,    0,    0,   14,    0,    0,    0,    0,   14,    0,   14,
       0,    0,    0,  -49,    0,    0,    0,    0,    0,    0,    0,    0,    0,    0,    0,    0,    0,    0,    0,    0,    0,    0,    0,    0,  -51,    0,    0,    0,    0,    0,    0,    0,    0,    0,    0,    0,    0,    0,    0,    0,    0,    0,    0,    0,    0,    0,    0,    0,    0,    0,    0,    0,    0,    0,    0,    0,    0,    0,    0,    0,    0,    0,    0,    0,    0,    0,  -51,   -9,    0,    0,    0,  -23,    0,    0,    0,    0,    0,    0,    0,  -14,    9,  -61,    0,    0,   -5,    0,    0,   -5,    0,    0,   -9,   -9,    0,    0,   -9,  -14,    0,  -28,  -14,    0,    0,    0,    0,    0,    0,    0,  -63,  -14,    0,  -14,    0,  -42,  -42,  -14,    0,    0,    0,    0,    0,  -28,    0,  -30,
       0,    0,    0,    0,    0,    0,    0,    0,    0,    0,    0,    0,    0,    0,    0,    0,    0,    0,    0,    0,    0,    0,    0,    0,    0,    0,    0,    0,    0,    0,    0,    0,    0,    0,    0,    0,    0,    0,    0,    0,    0,    0,    0,    0,    0,    0,    0,    0,    0,    0,    0,    0,    0,    0,    0,    0,    0,    0,    0,    0,    0,    0,    0,    0,    0,    0,    0,    0,    0,    0,    0,    0,   -9,    0,    0,    0,    0,    0,    0,    0,    0,   -9,    0,    0,    0,    0,    0,    0,    0,    0,    0,    0,    0,    0,    0,    0,    0,    0,    0,    0,    0,    0,    0,    0,    0,    0,   -9,    0,    0,    0,    0,   -9,    0,    0,    0,    0,    0,    0,    0,    0,    0,    0,
       0,    0,  -14,    0,  -23,    0,  -23,  -14,    0,    0,    0,    0,    0,    0,    0,    0,    0,    0,    0,    0,    0,    0,    0,    0,    0,    0,    0,    0,    0,    0,    0,    0,    0,    0,    0,    0,    0,    0,    0,    0,    0,    0,    0,    0,  -14,    0,    0,    0,    0,    0,    0,    0,    0,    0,    0,    0,    0,    0,    0,    0,    0,    0,    0,    0,    0,   -9,    0,  -23,  -19,    0,  -19,    0,    0,    0,   -9,    5,  -19,  -19,    0,  -23,   -9,    0,  -14,    0,  -28,  -19,  -19,  -28,  -19,  -14,  -19,  -23,  -19,  -19,  -23,  -19,  -19,  -23,  -14,  -23,    0,  -23,    0,    0,    0,    0,    0,  -19,    0,    0,  -23,    0,  -19,  -28,    0,  -14,  -23,  -19,   -9,  -23,    0,    0,
       0,    0,    0,    0,    0,    0,    0,    0,    0,    0,    0,    0,    0,    0,    0,    0,    0,    0,    0,    0,    0,    0,    0,    0,  -35,    0,    0,    0,    0,    0,    0,    0,    0,    0,    0,    0,    0,    0,    0,    0,    0,    0,    0,    0,    0,    0,    0,    0,    0,    0,    0,    0,    0,    0,    0,    0,    0,    0,    0,    0,    0,    0,    0,    0,    0,    0,    0,    0,    0,    0,    0,    0,    0,    0,    0,    0,    0,    0,    0,    0,    0,    0,    0,    0,    0,    0,    0,    0,    0,    0,    0,    0,    0,    0,    0,   19,    0,    0,    0,    0,    0,    0,    0,    0,   44,    0,    0,   19,    0,    0,    0,    0,    0,   -5,    0,    0,    0,    0,    0,    0,    0,    0,
       0,    0,    0,    0,    0,  -14,    0,    0,    0,    0,    0,    0,    0,    0,    0,    0,    0,    0,    0,    0,    0,    0,    0,    0,    0,    0,    0,    0,    0,    0,    0,    0,    0,    0,    0,    0,    0,    0,    0,    0,    0,    0,    0,    0,    0,    0,    0,    0,    0,    0,    0,    0,    0,    0,    0,    0,    0,    0,    0,    0,    0,    0,    0,    0,    0,    0,    0,    0,    0,    0,    0,    0,    0,    0,    0,    0,    0,    0,    0,    0,    0,    0,    0,    0,   -9,    0,    0,   -9,    0,    0,  -14,  -14,    0,    0,  -14,    0,    0,   -5,   -9,    0,    0,    0,    0,    0,    0,    0,    0,    0,    0,    0,    0,    0,    0,  -19,    0,    0,    0,    0,    0,  -14,    0,    0,
       0,    0,    0,    0,  -14,    0,  -14,   -9,    0,    0,    0,    0,    0,    0,    0,    0,    0,    0,    0,    0,    0,    0,    0,    0,    0,    0,    0,    0,    0,    0,    0,    0,    0,    0,    0,    0,    0,    0,    0,    0,    0,    0,    0,    0,    0,    0,    0,    0,    0,    0,    0,    0,    0,    0,    0,    0,    0,    0,    0,    0,    0,    0,    0,    0,    0,    0,    0,    0,    0,    0,    0,    0,   -9,    0,    0,    0,    0,    0,    0,    0,    0,    0,    0,    0,    0,    0,    0,    0,  -14,    0,    0,    0,  -12,    0,    0,    0,    0,    0,    0,    0,    0,    0,    0,    0,    0,    0,    0,    0,    0,    0,    0,    0,    0,    0,    0,    0,    0,    0,    0,  -14,    0,    0,
       0,    0,    0,    0,    0,    0,    0,    0,    0,    0,    0,    0,    0,    0,    0,    0,    0,    0,    0,    0,    0,    0,    0,    0,    0,    0,    0,    0,    0,    0,    0,    0,    0,    0,    0,    0,    0,    0,    0,    0,    0,    0,    0,    0,    0,    0,    0,    0,    0,    0,    0,    0,    0,    0,    0,    0,    0,    0,    0,    0,    0,    0,    0,    0,    0,    0,    0,    0,    0,    0,    0,    0,    0,    0,    0,    0,    0,    0,    0,    0,    0,    0,    0,    0,    0,    0,    0,    0,    0,    0,    0,    0,   -9,   -9,    0,   23,    0,    0,    0,    0,    0,    0,    0,    0,   47,    0,    0,   23,    0,    0,    0,    0,    0,  -19,    0,    0,    0,    0,    0,    0,    0,    0,
       0,    0,    0,   14,  -19,    0,  -19,    0,   -9,   -9,    0,    0,    0,    0,    0,    0,    0,    0,    0,    0,    0,    0,    0,    0,   14,    0,    0,    0,    0,    0,    0,    0,    0,    0,    0,    0,    0,    0,    0,    0,    0,    0,    0,   -9,    0,    0,    0,    0,    0,    0,    0,    0,    0,    0,    0,    0,    0,    0,    0,    0,    0,    0,    0,    0,    0,    0,    0,  -14,    0,   42,    9,    5,    3,    9,   14,   19,   -5,    9,   23,  -14,   23,    9,    0,    0,  -37,    0,  -28,  -37,    0,  -23,   -9,  -23,  -19,  -23,  -23,   -5,    0,  -19,   -5,  -28,   14,  -19,    0,   19,   28,   14,    0,   -5,    0,    0,  -14,   14,  -19,  -25,    0,    9,    0,  -28,    0,  -19,    0,    0,
       0,    0,    0,    0,    0,    0,    0,    0,    0,    0,    0,    0,    0,    0,    0,    0,    0,    0,    0,    0,    0,    0,    0,    0,  -29,    0,    0,    0,    0,    0,    0,    0,    0,    0,    0,    0,    0,    0,    0,    0,    0,    0,    0,    0,    0,    0,    0,    0,    0,    0,    0,    0,    0,    0,    0,    0,    0,    0,    0,    0,    0,    0,    0,    0,    0,    0,    0,    0,    0,    0,    0,    0,    0,    0,    0,    0,    0,    0,    0,    0,    0,    0,    0,    0,  -12,    0,    0,  -12,    0,    0,    9,    9,  -14,  -19,    9,   33,    0,    9,    0,  -14,    0,    0,    0,    0,   51,    0,    0,   37,    0,    0,    0,    0,    0,    0,    9,    0,    0,    0,    0,   -9,    0,   14,
      -9,    0,    0,    0,  -47,    0,  -47,    0,    0,    0,    0,  -51,    0,   -9,  -19,    0,  -19,  -14,    0,  -14,  -14,    0,    0,    0,    0,    0,  -37,    0,  -14,  -40,    0,    0,    0,   -5,  -33,    0,    0,    0,   -9,    0,  -14,    0,  -23,    0,    0,  -47,  -51,    0,  -37,    0,    0,  -37,    0,  -37,    0,    0,    0,  -33,  -14,    0,  -40,    0,    0,    0,    0,  -19,    0,   -9,  -14,    0,  -44,    0,  -51,    0,  -37,    0,    0,  -44,  -19,    0,    0,    0,    0,  -33,  -37,  -19,    0,  -37,  -19,   -9,    0,   -5,  -72,  -23,   -5,    0,   -9,    0,    0,  -30,    0,  -33,    0,    0,    0,    0,  -14,    0,    0,    0,  -26,    0,    0,    0,    0,  -51,    0,  -14,    0,    0,    0,    0,
     -19,    0,    0,    0,  -84,    0,  -84,    0,    0,    0,  -14,  -70,    0,  -28,  -23,  -19,  -23,  -19,  -14,  -23,  -14,  -14,   -9,   -9,    0,    0,  -47,   -9,  -23,  -54,   -9,  -14,    0,   -9,  -37,    0,  -14,    0,  -14,    0,  -14,    0,    0,    0,    0,    0,  -70,    0,  -47,  -14,    0,  -47,   -9,  -47,   -9,    0,   -9,  -37,  -14,    0,  -54,  -12,    0,    0,    0,  -23,  -14,  -28,  -19,  -19,  -58,    0,  -70,    0,  -54,  -14,  -37,  -58,  -23,  -23,  -14,    0,  -19,  -37,  -47,  -33,  -19,  -47,  -33,  -28,  -14,   -9,  -82,  -37,   -9,    0,  -14,    0,    0,  -51,   -9,  -37,  -14,    0,    0,   -9,  -14,    0,    0,    0,  -35,   -9,    0,  -28,  -19,  -70,    0,    0,  -12,    0,    0,    0,
       0,    0,    0,    0,    0,    0,    0,    0,    0,    0,    0,   13,    9,  -14,   14,   51,    0,    0,  -23,  -19,  -47,   19,  -28,    0,    0,    0,    0,    0,   47,    9,    0,   -9,   49,    0,    0,   -9,   -9,  -23,    0,   -5,    0,    0,    0,  -19,    0,    0,   14,    0,    0,   -9,    0,    0,    0,    0,    0,    0,    0,    0,    0,    0,   33,    0,    0,    0,    0,   14,  -23,  -14,    0,   51,   19,    0,   13,    9,   14,   19,    0,   19,    0,   -9,   19,  -40,    0,   23,    0,   -9,    0,    0,    0,    0,   -9,    0,    0,    0,    0,  -19,    0,  -28,  -35,    0,    0,    0,   -9,    0,   49,    0,  -47,  -19,    0,  -14,    0,  -28,  -56,  -14,    0,   14,    0,    0,    0,    0,  -47,  -47,
};

static const EpdLigaturePair bookerly_14_bolditalicLigaturePairs[] = {
    { 0x00660066, 0xFB00 }, // f f -> U+FB00
    { 0x00660069, 0xFB01 }, // f i -> U+FB01
    { 0x0066006C, 0xFB02 }, // f l -> U+FB02
    { 0xFB000069, 0xFB03 }, // U+FB00 i -> U+FB03
    { 0xFB00006C, 0xFB04 }, // U+FB00 l -> U+FB04
};

static const EpdFontData bookerly_14_bolditalic = {
    bookerly_14_bolditalicBitmaps,
    bookerly_14_bolditalicGlyphs,
    bookerly_14_bolditalicIntervals,
    70,
    38,
    31,
    -8,
    true,
    bookerly_14_bolditalicGroups,
    14,
    nullptr,
    bookerly_14_bolditalicKernLeftClasses,
    bookerly_14_bolditalicKernRightClasses,
    bookerly_14_bolditalicKernMatrix,
    670,
    684,
    157,
    122,
    bookerly_14_bolditalicLigaturePairs,
    5,
};
