/**
 * generated by fontconvert.py
 * name: bookerly_18_bolditalic
 * size: 18
 * mode: 2-bit  compressed: zopfli
 * Command used: fontconvert.py bookerly_18_bolditalic 18 ../builtinFonts/source/Bookerly/Bookerly-BoldItalic.ttf --2bit --compress --zopfli
 */
#pragma once
#include "EpdFontData.h"

static const uint8_t bookerly_18_bolditalicBitmaps[48206] = {
    0xB5, 0x5B, 0x3F, 0xCC, 0xDD, 0xD6, 0x75, 0xBF, 0x7C, 0xB4, 0x44, 0x23, 0x44, 0x40, 0x0F, 0x16,
    0xDA, 0x58, 0x45, 0xB9, 0x64, 0x08, 0x5C, 0xA4, 0xEC, 0x8E, 0xB6, 0x97, 0x49, 0x86, 0x0C, 0x19,
    0xA2, 0xC1, 0x8A, 0x07, 0x0F, 0xEE, 0x90, 0x0E, 0x55, 0x06, 0xED, 0x40, 0xD1, 0x4B, 0x44, 0x40,
    0x3B, 0x46, 0x43, 0xDC, 0xA5, 0x43, 0x3A, 0x64, 0x70, 0x3E, 0x03, 0xD5, 0xD2, 0xA1, 0x05, 0xE2,
    0x90, 0x8E, 0x51, 0x64, 0xE8, 0x20, 0xBA, 0x69, 0xEA, 0x21, 0x83, 0xD9, 0xD6, 0x46, 0xD1, 0x74,
    0xD0, 0x75, 0x4A, 0x23, 0x94, 0x4C, 0xF2, 0xF4, 0xFC, 0x7E, 0x87, 0x8F, 0xDF, 0x7B, 0x90, 0xE4,
    0xB8, 0x40, 0xFB, 0xF4, 0x78, 0xCE, 0xFD, 0xDE, 0x23, 0xCF, 0xFF, 0x7F, 0x97, 0x7C, 0x72, 0xEE,
    0x25, 0x97, 0xAD, 0xAE, 0x98, 0x5D, 0x35, 0x3B, 0x3F, 0xBA, 0x10, 0x5D, 0x1B, 0x9D, 0xF4, 0x4E,
    0x3A, 0x7D, 0x27, 0xD2, 0x24, 0x52, 0x1F, 0xC4, 0x1D, 0x56, 0x97, 0x2E, 0x2E, 0x9D, 0xF9, 0x9E,
    0x5C, 0x3A, 0xE2, 0x9D, 0x45, 0x77, 0xB5, 0x76, 0xF6, 0xCA, 0xA3, 0xAB, 0x26, 0x10, 0xF0, 0xD1,
    0xF9, 0xC1, 0x7D, 0x46, 0x3F, 0x7F, 0x2E, 0xA9, 0xB3, 0xA9, 0xEA, 0xCB, 0xB1, 0xED, 0xAA, 0x28,
    0x9D, 0x8F, 0xD2, 0xF8, 0x77, 0xA4, 0xF6, 0x6F, 0x89, 0x0B, 0x3F, 0x5E, 0x5D, 0xF8, 0xF6, 0xE2,
    0xDA, 0xAF, 0xCC, 0xAE, 0x55, 0x92, 0xA2, 0x34, 0xDF, 0x4F, 0xEF, 0x6E, 0xB4, 0x6E, 0xD5, 0x2F,
    0xEA, 0xE5, 0x52, 0x87, 0x46, 0xA1, 0x6B, 0x6B, 0x97, 0x88, 0x62, 0xC8, 0xA0, 0x30, 0x5D, 0x12,
    0x95, 0x45, 0x44, 0x64, 0xC9, 0x01, 0xE7, 0x82, 0xF0, 0xCA, 0xAB, 0x0F, 0x5F, 0x59, 0x5E, 0x72,
    0x45, 0xCC, 0x47, 0xE7, 0xCA, 0x58, 0x44, 0xE7, 0xAA, 0x81, 0xB0, 0x2F, 0x07, 0x77, 0x2D, 0xFC,
    0x2C, 0x7C, 0x50, 0x07, 0x9C, 0xD9, 0xB7, 0x80, 0x1D, 0x61, 0x63, 0xE4, 0x1D, 0xC9, 0x27, 0x2B,
    0x99, 0x80, 0xBC, 0x6A, 0x79, 0x58, 0x74, 0xFD, 0x7A, 0xF2, 0xBA, 0xBB, 0x7C, 0xE5, 0x1D, 0x60,
    0x61, 0xB0, 0x01, 0x2C, 0xA9, 0xFD, 0x6D, 0x80, 0x4A, 0x06, 0xBD, 0x40, 0x64, 0x76, 0x0E, 0x62,
    0xE9, 0x07, 0xE3, 0x8F, 0x94, 0xBE, 0xEF, 0xE6, 0xB6, 0x73, 0xA1, 0x9B, 0x7C, 0xE3, 0xDA, 0xB7,
    0xA2, 0xAF, 0x5D, 0xFB, 0x6F, 0xF1, 0x8B, 0xCE, 0x85, 0x8F, 0xF5, 0x74, 0xE7, 0xA5, 0xE7, 0xA5,
    0x11, 0xD4, 0x65, 0x71, 0xA4, 0x00, 0x9A, 0xE1, 0xE4, 0x0B, 0x2F, 0xA3, 0x2B, 0x9B, 0x3F, 0x80,
    0x75, 0xBB, 0x1F, 0x16, 0x93, 0x12, 0x9B, 0x01, 0xFB, 0xA9, 0x54, 0x63, 0x7F, 0x38, 0xC2, 0xDE,
    0xF2, 0x91, 0x9E, 0x0F, 0x3B, 0xD4, 0xB0, 0xCC, 0x4C, 0x02, 0x77, 0xCF, 0x25, 0x56, 0x12, 0x14,
    0x93, 0x12, 0x7B, 0x77, 0x09, 0xDF, 0x24, 0x3C, 0x79, 0x3D, 0x0B, 0xF0, 0x3C, 0xCF, 0x85, 0x54,
    0x7A, 0x71, 0xC0, 0x01, 0x59, 0x54, 0xA1, 0x44, 0x1E, 0x68, 0x04, 0xC0, 0x44, 0x6B, 0x36, 0xBB,
    0x0C, 0xEA, 0xCE, 0x1A, 0x19, 0xC5, 0xE8, 0xF4, 0xD0, 0x85, 0xEF, 0x61, 0x7E, 0x5D, 0xB4, 0x0D,
    0x3C, 0x00, 0xDF, 0x82, 0x55, 0x9F, 0xCD, 0xBA, 0xC4, 0xA2, 0x98, 0xF2, 0xD1, 0x16, 0xB1, 0x18,
    0xDC, 0x0D, 0xE7, 0x07, 0xFD, 0xD7, 0x55, 0xE2, 0xAA, 0x8F, 0xDA, 0xAE, 0x75, 0x22, 0x5D, 0x21,
    0x92, 0x2C, 0xA9, 0x48, 0xCC, 0x64, 0x4A, 0xA7, 0x62, 0x2A, 0xA3, 0xFB, 0x9B, 0xA6, 0x88, 0x55,
    0x04, 0x13, 0xF5, 0xA7, 0xEF, 0xB9, 0x08, 0x4D, 0xE8, 0xB8, 0x10, 0xE5, 0x05, 0x4F, 0x83, 0x57,
    0x5D, 0xEA, 0x22, 0x9F, 0x74, 0xE1, 0x07, 0x3D, 0x37, 0x62, 0x61, 0x1A, 0x48, 0x03, 0x89, 0x44,
    0x1D, 0xF0, 0x2F, 0x88, 0x22, 0x81, 0x61, 0x29, 0xBD, 0xCA, 0x0B, 0xDF, 0x41, 0xAA, 0xC3, 0x23,
    0xE8, 0x1E, 0xDD, 0x63, 0xAF, 0xAB, 0x5B, 0x1C, 0xB4, 0x42, 0x2B, 0x66, 0x22, 0x3D, 0x2D, 0xBB,
    0xB6, 0x3C, 0xD9, 0x0F, 0x25, 0xB1, 0x0A, 0x04, 0x0C, 0x31, 0x06, 0x62, 0x07, 0xE6, 0x0C, 0xDF,
    0xDA, 0x3D, 0xA7, 0x38, 0x53, 0x1F, 0xFF, 0x9D, 0xE2, 0x10, 0x61, 0xBA, 0x44, 0xA4, 0xBE, 0xAA,
    0x42, 0x1C, 0x64, 0xD4, 0x65, 0x74, 0x25, 0x74, 0x87, 0x84, 0xD2, 0x21, 0x9C, 0x0E, 0x12, 0x86,
    0xEA, 0x5E, 0xA7, 0x22, 0x56, 0xF1, 0x99, 0xAA, 0x53, 0xFB, 0x96, 0x93, 0xD3, 0x38, 0x52, 0x43,
    0x2C, 0x08, 0x5B, 0x1F, 0x33, 0x04, 0xAE, 0xE2, 0x83, 0xBC, 0xBD, 0x00, 0x3B, 0xF9, 0x78, 0x26,
    0x86, 0xB7, 0x90, 0xD0, 0x95, 0x74, 0x50, 0xAF, 0xBE, 0x4D, 0x0D, 0x45, 0x18, 0x22, 0x07, 0x85,
    0xAD, 0xAC, 0xB5, 0xAB, 0x64, 0xCA, 0x05, 0xDF, 0xDC, 0x74, 0xE0, 0x69, 0x9A, 0xFE, 0x48, 0x13,
    0x37, 0xD3, 0xD8, 0xAA, 0xA2, 0x8F, 0xBE, 0xF7, 0x5D, 0xE8, 0x42, 0xD3, 0xD6, 0xAD, 0x13, 0xF7,
    0xFE, 0x89, 0x41, 0x2A, 0xAA, 0x85, 0x00, 0x59, 0xA1, 0x3F, 0xDD, 0xD0, 0x99, 0x59, 0x5D, 0x31,
    0xE3, 0x04, 0xBA, 0x68, 0xD8, 0x3E, 0x3F, 0xE0, 0x73, 0x44, 0x0D, 0xED, 0xED, 0x8A, 0x49, 0x41,
    0x49, 0x6F, 0x32, 0xC2, 0x09, 0x70, 0x6E, 0xE8, 0x8F, 0xA0, 0xED, 0xCE, 0x40, 0x20, 0xE8, 0xED,
    0x3C, 0xBB, 0xC2, 0x00, 0xA9, 0x90, 0x63, 0xBE, 0x38, 0x0A, 0x00, 0x6E, 0xF5, 0xC6, 0xD7, 0xCE,
    0x61, 0x94, 0xA4, 0xC3, 0x99, 0x47, 0x13, 0xFC, 0x99, 0xCD, 0x00, 0x82, 0x3F, 0xE9, 0xD8, 0xB6,
    0x3F, 0x5E, 0x52, 0x4D, 0x67, 0x64, 0xB3, 0x75, 0xA7, 0xBD, 0x33, 0x48, 0x76, 0xE0, 0xB8, 0x3A,
    0x07, 0xA6, 0xF1, 0xAE, 0x36, 0x1C, 0x4F, 0x7A, 0xA6, 0xBB, 0xA9, 0x6D, 0xD6, 0xE1, 0x05, 0x76,
    0x9A, 0x9D, 0xE1, 0xE3, 0xA9, 0x35, 0xCB, 0xD9, 0x0C, 0xB9, 0xE5, 0xEB, 0x33, 0x94, 0x3E, 0xBB,
    0xEB, 0x9E, 0xD5, 0x80, 0xAD, 0xF4, 0x08, 0xF7, 0x07, 0xD7, 0x3E, 0xE8, 0xEA, 0xEB, 0x22, 0x1D,
    0xBC, 0x98, 0x89, 0xA6, 0xD1, 0x83, 0x3F, 0xEF, 0xC2, 0xFD, 0xCE, 0x55, 0x45, 0x74, 0xCF, 0x22,
    0x24, 0x8B, 0x9E, 0x97, 0x31, 0x47, 0x9E, 0x0E, 0x6E, 0xBD, 0xB1, 0x5E, 0x34, 0x2D, 0xAB, 0x23,
    0x40, 0x00, 0xF8, 0xC4, 0x2B, 0x50, 0x22, 0x61, 0x3C, 0xA4, 0xB3, 0x13, 0x76, 0x0E, 0x96, 0x7F,
    0x18, 0x52, 0x9A, 0x54, 0xA0, 0x8F, 0x7E, 0x50, 0x31, 0x69, 0xBC, 0xAC, 0x7A, 0x08, 0xAA, 0xB0,
    0xC3, 0x71, 0xED, 0xE6, 0x4D, 0x97, 0xD4, 0xD5, 0xD0, 0x46, 0xD1, 0x7F, 0x6D, 0xF7, 0x39, 0x0A,
    0x78, 0xE5, 0x86, 0x33, 0xAF, 0x9A, 0x81, 0xCC, 0xFF, 0x66, 0x62, 0x33, 0xAA, 0xD9, 0xD2, 0xEC,
    0x68, 0x86, 0x24, 0x77, 0x3B, 0xD1, 0x6C, 0x69, 0xC6, 0xB4, 0x58, 0x3B, 0x3F, 0x31, 0xF0, 0x44,
    0x69, 0x8C, 0xD6, 0xD9, 0x89, 0xE7, 0x4C, 0x43, 0x67, 0x27, 0x3E, 0x91, 0xA9, 0x25, 0xFB, 0x8B,
    0xC7, 0x76, 0x75, 0x85, 0x79, 0xC3, 0xF2, 0x1D, 0x44, 0x1A, 0xE6, 0x57, 0xCF, 0x6C, 0x53, 0xD5,
    0x57, 0x27, 0xEA, 0x23, 0x7D, 0x4F, 0x68, 0xAA, 0x7E, 0x4E, 0x45, 0xDD, 0x32, 0x67, 0xE2, 0x14,
    0xE6, 0x84, 0x05, 0x52, 0x77, 0x2E, 0x67, 0x40, 0x0F, 0x38, 0xF9, 0x49, 0xE1, 0x88, 0xA4, 0x0A,
    0x31, 0x28, 0x14, 0x83, 0xBD, 0xC2, 0x83, 0x74, 0x0A, 0x53, 0xA9, 0x95, 0x5E, 0x21, 0xCE, 0x5B,
    0xDB, 0x5E, 0x13, 0xF4, 0x08, 0x91, 0xD3, 0x2E, 0x00, 0x49, 0x03, 0x15, 0x48, 0x68, 0x52, 0xAB,
    0xE9, 0x09, 0xF4, 0x6D, 0xF5, 0x8C, 0xDB, 0x22, 0x58, 0x08, 0xFD, 0x02, 0xFB, 0x2C, 0x0E, 0x02,
    0x9C, 0x81, 0x00, 0x1A, 0x2D, 0x73, 0x3B, 0x6E, 0x20, 0x01, 0x38, 0x58, 0xAF, 0x53, 0x5B, 0x42,
    0x1B, 0x03, 0x19, 0x58, 0xE5, 0x00, 0x85, 0xD4, 0x00, 0xEC, 0x5F, 0x35, 0xCC, 0xB0, 0xC0, 0xED,
    0xF4, 0xFD, 0x4C, 0x31, 0x68, 0x42, 0x15, 0x98, 0x86, 0xC2, 0xA9, 0x08, 0x33, 0x2F, 0xF7, 0x94,
    0x60, 0x3B, 0x81, 0x81, 0x2E, 0x00, 0x6B, 0xC0, 0x3F, 0x73, 0x4E, 0xB9, 0x3D, 0x63, 0xEC, 0x8C,
    0x95, 0x71, 0x70, 0x9E, 0xAE, 0x93, 0x89, 0x1F, 0x47, 0x7E, 0xDC, 0x1C, 0x3F, 0x86, 0x3D, 0x20,
    0x93, 0x75, 0x51, 0x9E, 0x37, 0xEE, 0x97, 0x97, 0x72, 0x53, 0x43, 0x2F, 0x08, 0x84, 0xE2, 0x1C,
    0x41, 0x38, 0x43, 0x40, 0x19, 0x2E, 0x25, 0xA4, 0x92, 0x38, 0xC7, 0x6C, 0x4A, 0x09, 0x3B, 0x75,
    0x65, 0xA2, 0x54, 0x43, 0x47, 0x6F, 0x32, 0x4D, 0x3F, 0x0B, 0xA7, 0x80, 0x1B, 0xA5, 0x2A, 0x97,
    0x9D, 0xFD, 0x6D, 0xB3, 0x8B, 0xF4, 0x80, 0xF8, 0xC4, 0x7A, 0x73, 0x82, 0xA0, 0x80, 0xB8, 0x8F,
    0x41, 0x1A, 0x3D, 0x91, 0x89, 0xDC, 0xA3, 0xBB, 0xF9, 0x06, 0x53, 0x9A, 0x22, 0x04, 0x8A, 0x56,
    0xCA, 0x43, 0x9C, 0xF7, 0x12, 0xC0, 0x65, 0x31, 0x08, 0x16, 0xF7, 0x26, 0x43, 0xC3, 0x8B, 0x6D,
    0x86, 0xE0, 0xC7, 0x80, 0x19, 0x61, 0xF9, 0x2B, 0x70, 0x09, 0x3F, 0x5D, 0xF0, 0xF1, 0x57, 0x67,
    0xC4, 0x74, 0x31, 0x23, 0xEC, 0x11, 0xD5, 0xA1, 0x2F, 0x47, 0x24, 0x4F, 0x15, 0xF5, 0x63, 0x24,
    0x6D, 0xF9, 0xF0, 0x66, 0xF8, 0xE8, 0x06, 0x47, 0xA6, 0xD8, 0x5E, 0xC2, 0xC1, 0x03, 0xC2, 0xAE,
    0x62, 0x6C, 0x2D, 0x45, 0x6A, 0xAB, 0x76, 0x97, 0x70, 0xE5, 0xC7, 0x90, 0x3A, 0xE5, 0xF9, 0x19,
    0xBD, 0x9C, 0x13, 0x16, 0xA7, 0x79, 0x69, 0x49, 0x17, 0x09, 0x57, 0x93, 0x1B, 0x1F, 0xB5, 0x14,
    0x19, 0xA7, 0xD3, 0x92, 0x03, 0xC9, 0xC5, 0xDD, 0x93, 0x2E, 0x9C, 0xC0, 0xD6, 0x3E, 0x07, 0x4C,
    0x29, 0x5A, 0x29, 0xDD, 0xA6, 0xFA, 0xB7, 0x44, 0x66, 0x12, 0x1B, 0x00, 0xD9, 0xAB, 0x38, 0x19,
    0x25, 0xB5, 0x3B, 0xCD, 0xDE, 0x5C, 0x22, 0x79, 0x4E, 0x58, 0x8A, 0x36, 0xBA, 0x00, 0x70, 0xE0,
    0x05, 0x39, 0x99, 0x57, 0x66, 0xD3, 0xF9, 0x84, 0xD3, 0x2F, 0xBE, 0x4F, 0xCB, 0x4A, 0xCD, 0x00,
    0x19, 0x98, 0x80, 0xA3, 0x26, 0x52, 0x22, 0x98, 0xA4, 0xE1, 0xCD, 0xA0, 0x66, 0x7C, 0x0A, 0xC4,
    0x38, 0x37, 0x6D, 0xA7, 0xB1, 0xF5, 0xBF, 0x61, 0xE6, 0xB1, 0xFE, 0x3C, 0xEF, 0x33, 0x20, 0x9C,
    0xCD, 0xCF, 0x57, 0x72, 0x91, 0xBA, 0x24, 0xF4, 0x80, 0xCE, 0x7F, 0x74, 0x33, 0x2C, 0xEA, 0x3A,
    0xD8, 0xC1, 0x42, 0x32, 0xA8, 0x5C, 0x8D, 0xFB, 0xDD, 0x2D, 0xA0, 0xAA, 0x79, 0x37, 0x4F, 0x42,
    0x6A, 0xF8, 0xD2, 0x92, 0x93, 0x5F, 0x5A, 0x8E, 0x9F, 0xDB, 0x2E, 0x3B, 0x3D, 0x65, 0x0F, 0x4B,
    0x9E, 0x48, 0x5A, 0x84, 0x27, 0x35, 0x92, 0x3B, 0x80, 0x93, 0xAC, 0x79, 0x9F, 0x96, 0x5F, 0x4D,
    0xE8, 0x46, 0x49, 0xBC, 0x2C, 0x1D, 0xF4, 0x44, 0x76, 0xF3, 0x2D, 0x9D, 0xBD, 0x13, 0xC0, 0x21,
    0x13, 0x58, 0x15, 0x59, 0x53, 0x31, 0x47, 0x72, 0xB1, 0xAC, 0x31, 0x57, 0x71, 0xE0, 0xFC, 0x58,
    0x06, 0xFD, 0xE0, 0x4B, 0x28, 0x71, 0x33, 0x84, 0xF1, 0x66, 0xC3, 0xC1, 0x61, 0x0C, 0x52, 0x38,
    0x03, 0x96, 0x0A, 0x59, 0x68, 0xFD, 0xFA, 0x8A, 0x9E, 0x5F, 0x91, 0x39, 0x8B, 0x8F, 0x4B, 0x5A,
    0xE9, 0x4F, 0xCA, 0xE0, 0x35, 0x73, 0xF8, 0x64, 0x41, 0x56, 0xEF, 0xE5, 0xFA, 0xBF, 0x24, 0xC2,
    0x6C, 0xED, 0xE4, 0x2A, 0x63, 0x63, 0xFC, 0x1E, 0x77, 0xDE, 0x26, 0x07, 0xFD, 0xB7, 0xF2, 0x4F,
    0x96, 0xFA, 0x9C, 0x41, 0x90, 0x58, 0xC8, 0xBE, 0x70, 0x6F, 0xCB, 0x44, 0x1A, 0x8A, 0x9D, 0x52,
    0x46, 0xDA, 0xB5, 0xDF, 0x0A, 0xB0, 0x2B, 0xE1, 0xE5, 0xEB, 0x8C, 0x4C, 0x2B, 0xC1, 0xA5, 0x45,
    0xA6, 0x89, 0xF9, 0x42, 0x4D, 0x13, 0xF5, 0x07, 0xBC, 0x3B, 0x27, 0xEE, 0x29, 0x2F, 0x44, 0x72,
    0x35, 0xC0, 0x2F, 0xC2, 0x77, 0xDB, 0xB9, 0xCF, 0x6D, 0xD7, 0x63, 0x0D, 0xB7, 0x1F, 0x78, 0x74,
    0xEE, 0xE9, 0x44, 0x4E, 0xA8, 0x6D, 0xDD, 0x54, 0xA2, 0xF9, 0xDA, 0xE3, 0x18, 0x6C, 0x32, 0x92,
    0x86, 0xC9, 0x5D, 0xCC, 0xF6, 0x71, 0xD5, 0x9C, 0x5D, 0xE5, 0x2A, 0x2A, 0xD9, 0xC0, 0x91, 0x9D,
    0x2E, 0xE0, 0x51, 0x36, 0xC3, 0xC9, 0x16, 0xD6, 0x48, 0xDA, 0x85, 0xB9, 0xD4, 0xE3, 0xD4, 0xC7,
    0x96, 0xDD, 0x31, 0x40, 0xC3, 0x9E, 0x98, 0xF4, 0x91, 0x74, 0x97, 0xE0, 0xD6, 0xC5, 0xC5, 0xC5,
    0x25, 0xE3, 0xA7, 0x9F, 0xF2, 0xCC, 0xBE, 0x3F, 0xE3, 0x70, 0x1A, 0xE4, 0x58, 0xD2, 0x13, 0x59,
    0xCF, 0x97, 0xD7, 0x39, 0xA0, 0x02, 0x94, 0x0A, 0x12, 0x13, 0xBC, 0xBF, 0x14, 0x1C, 0x7E, 0x36,
    0x6D, 0x6D, 0x6B, 0xE4, 0xFE, 0xC4, 0x6A, 0x82, 0x17, 0xF5, 0xBF, 0x35, 0x37, 0xE7, 0x5F, 0x16,
    0xF7, 0xF9, 0x44, 0x1C, 0x6D, 0x6C, 0x1B, 0x48, 0x1B, 0x3B, 0xFD, 0x40, 0xBB, 0x65, 0x8B, 0xFD,
    0xC9, 0xBD, 0x08, 0x3C, 0x23, 0x3C, 0x98, 0x5A, 0x57, 0xEF, 0x9E, 0x8C, 0xD5, 0xBD, 0xCD, 0x7A,
    0x82, 0xA3, 0xA7, 0x07, 0xCD, 0x9D, 0x27, 0x65, 0xFF, 0xAA, 0xC8, 0xC3, 0x5D, 0xED, 0xDE, 0xAA,
    0xC3, 0xB1, 0x62, 0xFC, 0xE7, 0x37, 0x44, 0x1C, 0x45, 0x47, 0x2F, 0xE6, 0xC1, 0x42, 0x6D, 0xB9,
    0xEE, 0x07, 0x12, 0xB7, 0x7D, 0x51, 0x73, 0x90, 0xAF, 0xC5, 0x32, 0x1E, 0xC4, 0x15, 0xF2, 0xA0,
    0x2F, 0x62, 0xC6, 0x06, 0xD8, 0x15, 0xE8, 0x06, 0xF2, 0x16, 0x17, 0xF8, 0x32, 0xD4, 0x45, 0xAC,
    0x06, 0xEC, 0xE7, 0x5C, 0x11, 0xB1, 0x8D, 0x73, 0xE2, 0xCA, 0xE8, 0xB1, 0xF3, 0x5A, 0x35, 0xF0,
    0x42, 0xA7, 0x67, 0x61, 0xD7, 0x17, 0xBA, 0x32, 0xAA, 0xD2, 0xA1, 0x6B, 0x9B, 0x32, 0xE6, 0xD8,
    0x89, 0x61, 0x51, 0x4E, 0xA9, 0x38, 0x5D, 0x3C, 0xFC, 0xD1, 0x84, 0x04, 0xED, 0xB4, 0x81, 0x09,
    0x83, 0xB4, 0x90, 0x0F, 0x45, 0xB0, 0x31, 0xCE, 0xA4, 0x91, 0x85, 0xA2, 0xBD, 0xEE, 0x5E, 0xB8,
    0x7B, 0xEC, 0x04, 0xC7, 0x09, 0xDC, 0x7A, 0xA3, 0x45, 0xB9, 0xB5, 0xF3, 0x92, 0xCE, 0x5A, 0x5F,
    0x7B, 0x45, 0xBA, 0xCD, 0x04, 0x42, 0x4F, 0x2B, 0xB6, 0x0B, 0xB8, 0xB3, 0xB1, 0x44, 0x7F, 0x7C,
    0x1B, 0x37, 0x1A, 0xAE, 0x36, 0x1C, 0x26, 0xC3, 0x32, 0x13, 0x1D, 0x36, 0x9C, 0xCA, 0x62, 0x9C,
    0x89, 0xD9, 0x38, 0x89, 0xFD, 0x4F, 0xC5, 0x58, 0xDC, 0x31, 0x2C, 0x29, 0xF1, 0x61, 0xB5, 0xFE,
    0x97, 0xCD, 0x07, 0xAB, 0x9D, 0x93, 0x35, 0xE3, 0x2A, 0x1A, 0xF6, 0xAC, 0x79, 0xBB, 0xBF, 0x12,
    0xB1, 0x39, 0x23, 0x05, 0x8E, 0xD8, 0x5B, 0x5C, 0x5C, 0x00, 0x23, 0xAF, 0x42, 0x34, 0xE1, 0x02,
    0x43, 0x87, 0xA1, 0xC7, 0x6B, 0xFD, 0xE2, 0x72, 0x79, 0x08, 0x4F, 0xF7, 0xA8, 0x15, 0x25, 0xFB,
    0xF0, 0xE2, 0x2A, 0x12, 0xDC, 0x5E, 0xDF, 0x62, 0x58, 0xE4, 0xC6, 0xC4, 0x9B, 0x3D, 0x82, 0x3C,
    0x82, 0x0E, 0xDF, 0x0C, 0xB1, 0x14, 0x56, 0xEF, 0x0C, 0x48, 0x86, 0x94, 0xA8, 0xDF, 0x10, 0x3E,
    0x54, 0x51, 0xF3, 0x85, 0x79, 0x00, 0x39, 0x52, 0xF9, 0x67, 0x1F, 0x4D, 0xC4, 0xC6, 0x90, 0x0D,
    0x31, 0x16, 0x58, 0x89, 0xCC, 0x74, 0x4B, 0xB5, 0x2A, 0x5A, 0xB0, 0x42, 0x45, 0x2C, 0x38, 0xCD,
    0xF2, 0x2F, 0x22, 0x48, 0x8F, 0x15, 0x12, 0x10, 0x86, 0x6E, 0x1F, 0xBE, 0xCC, 0x46, 0x47, 0x9A,
    0x9E, 0x73, 0x17, 0xD0, 0xDA, 0x3C, 0x5E, 0x84, 0xDA, 0xB5, 0xA6, 0x4B, 0x27, 0x1A, 0x6B, 0x85,
    0x52, 0xD4, 0xF6, 0xFD, 0xDF, 0x98, 0x51, 0x41, 0xD2, 0x19, 0x53, 0x62, 0xCA, 0x59, 0x3A, 0x1D,
    0x73, 0xA9, 0x5D, 0x36, 0x6C, 0x0D, 0x6B, 0xB1, 0x86, 0xF5, 0x58, 0xDB, 0x7A, 0x1A, 0x9C, 0x8F,
    0x30, 0x69, 0x50, 0x22, 0xB2, 0xCE, 0xA3, 0x5B, 0x75, 0x95, 0x3C, 0xD4, 0x00, 0xB3, 0x86, 0x9B,
    0x99, 0xA8, 0xE6, 0xAC, 0xD2, 0xA2, 0xEB, 0x1A, 0xC0, 0xFE, 0x7A, 0x85, 0x1F, 0x52, 0x4A, 0xB8,
    0xC0, 0x8B, 0x99, 0x2D, 0x6C, 0x8E, 0xFE, 0xE3, 0x30, 0x5E, 0x97, 0xC9, 0x9A, 0xA7, 0x2C, 0x86,
    0xBD, 0xF9, 0xC1, 0x1A, 0x04, 0xC7, 0xF6, 0x1A, 0x2E, 0x40, 0xC6, 0xC2, 0x07, 0xEC, 0xC2, 0xE9,
    0x8E, 0x9B, 0x0D, 0xD7, 0xC4, 0x70, 0x17, 0x94, 0xCE, 0x15, 0x17, 0x27, 0x07, 0xFD, 0x80, 0x83,
    0x1B, 0x0A, 0xFA, 0x04, 0x6A, 0xC2, 0x07, 0xB0, 0x17, 0xDC, 0x91, 0x4B, 0x47, 0x1C, 0x84, 0x45,
    0x88, 0x8A, 0x15, 0x9B, 0x98, 0x9E, 0xA6, 0x36, 0x7C, 0xF7, 0xCC, 0x1D, 0x37, 0xF5, 0x55, 0x6F,
    0xE7, 0x11, 0xB1, 0x5F, 0x02, 0x21, 0x52, 0xAF, 0x84, 0xCE, 0x54, 0x52, 0x24, 0x8A, 0x1A, 0x2A,
    0xE6, 0x6B, 0xEA, 0xF5, 0x9B, 0x8C, 0x2C, 0x66, 0x89, 0xA1, 0xF4, 0x88, 0x04, 0x0B, 0x43, 0x36,
    0x45, 0x41, 0x29, 0x9D, 0xCB, 0x4D, 0x8F, 0x1D, 0xD9, 0x40, 0x6D, 0x4A, 0x8C, 0x44, 0xE9, 0x64,
    0xAA, 0x8C, 0x8C, 0xAC, 0x02, 0x8D, 0xEA, 0xD1, 0xC5, 0x16, 0x59, 0x60, 0x4C, 0xC1, 0x0C, 0x75,
    0x9B, 0xF0, 0x9B, 0x92, 0xCD, 0x86, 0x4C, 0xF8, 0x9A, 0xC2, 0x2B, 0x82, 0xF0, 0x2D, 0xDC, 0xB0,
    0xA3, 0x37, 0xCD, 0x39, 0xDF, 0xE4, 0xD8, 0xF4, 0x24, 0xE1, 0x7F, 0x76, 0xAB, 0xDE, 0xB3, 0x63,
    0x17, 0x9E, 0xD6, 0x2B, 0xE4, 0x89, 0xC2, 0x9F, 0x22, 0xBF, 0xA1, 0x89, 0xA8, 0x7D, 0xC8, 0x13,
    0xC5, 0xEE, 0xF5, 0xED, 0xA8, 0x3F, 0x4F, 0x08, 0x7A, 0x04, 0x1A, 0x5A, 0xFD, 0x60, 0x14, 0x10,
    0x55, 0xD2, 0x43, 0x07, 0xF4, 0x55, 0x31, 0x37, 0x8B, 0x89, 0xB9, 0x32, 0x46, 0xDC, 0x44, 0x89,
    0x98, 0x1A, 0x67, 0xCC, 0x0D, 0x31, 0x3B, 0x18, 0x25, 0x9F, 0xD1, 0x9E, 0xA9, 0xA8, 0x40, 0x13,
    0x9D, 0xC0, 0x09, 0x7F, 0x5D, 0x6D, 0x57, 0xD7, 0x5A, 0x24, 0x05, 0x45, 0x15, 0x07, 0x1E, 0x22,
    0x69, 0x38, 0x1F, 0x09, 0xEF, 0xF7, 0xE6, 0x56, 0xC9, 0x0E, 0x5B, 0x20, 0x85, 0xDD, 0x2E, 0xEF,
    0xEF, 0x3B, 0x7A, 0xF8, 0xE1, 0xC6, 0x15, 0x3D, 0xC0, 0x21, 0x96, 0x5B, 0x20, 0x0D, 0xD5, 0xB6,
    0x29, 0xA8, 0x73, 0x1A, 0xCF, 0x36, 0xBB, 0xCC, 0x10, 0x3A, 0xC0, 0xFE, 0x92, 0xDE, 0x16, 0x89,
    0x2D, 0x06, 0x7A, 0x83, 0x7F, 0xA5, 0x5B, 0xEB, 0x66, 0x8A, 0x6C, 0xF9, 0x62, 0x8E, 0xA1, 0xA5,
    0x2E, 0x17, 0x99, 0x2D, 0x2C, 0xC4, 0x6E, 0x9B, 0x9F, 0xCC, 0x3B, 0xC7, 0x7A, 0xB5, 0xA7, 0x0D,
    0xFF, 0x3A, 0x59, 0x4C, 0xB4, 0x96, 0xC9, 0xC6, 0xBF, 0x5A, 0x0A, 0x88, 0xD2, 0x34, 0xD2, 0x25,
    0x5D, 0xB5, 0x15, 0xB4, 0x2E, 0x1C, 0x17, 0x9C, 0x2B, 0xA9, 0x32, 0xD5, 0x35, 0x90, 0xF1, 0x43,
    0xD2, 0x23, 0x2D, 0xD2, 0x11, 0x82, 0x81, 0xEA, 0x00, 0x98, 0x3E, 0x90, 0x9C, 0x80, 0x66, 0x64,
    0x70, 0x51, 0xE4, 0x1D, 0xAC, 0x26, 0xAF, 0x89, 0x68, 0xC2, 0x1A, 0x61, 0xD6, 0x67, 0x0B, 0x7F,
    0x02, 0xC6, 0xEB, 0xCD, 0x9B, 0x2F, 0x81, 0xAC, 0x2C, 0xFB, 0x16, 0x94, 0x7E, 0x32, 0x32, 0x06,
    0x8D, 0xDA, 0x71, 0x4E, 0x30, 0x38, 0x9D, 0xEC, 0xB3, 0xE2, 0xF9, 0x3E, 0xCB, 0x64, 0x36, 0xA1,
    0x4D, 0x60, 0x93, 0xD8, 0x44, 0x26, 0x34, 0xC9, 0x29, 0x3A, 0xC5, 0x7E, 0x0A, 0xAB, 0x9D, 0xC9,
    0xB3, 0x24, 0xEC, 0xBF, 0x0C, 0x92, 0x34, 0x24, 0xF7, 0x6B, 0x80, 0xF4, 0x00, 0x29, 0x5E, 0xF9,
    0xAE, 0x02, 0x33, 0xEC, 0xB5, 0xCD, 0xB6, 0xAD, 0x8C, 0xC0, 0x83, 0x4D, 0xE0, 0x6B, 0x5D, 0x49,
    0x43, 0x7A, 0xDE, 0x0A, 0xEE, 0x31, 0x8A, 0x4C, 0x22, 0x19, 0x0A, 0xF2, 0x96, 0x9E, 0x43, 0x61,
    0x82, 0x39, 0x87, 0x0A, 0xFC, 0x44, 0x2C, 0xAF, 0xDF, 0x9B, 0x0D, 0xCB, 0x60, 0xD8, 0xEC, 0x97,
    0xF1, 0x6F, 0x5A, 0x36, 0x9A, 0x1A, 0x61, 0x26, 0x5E, 0xAA, 0x4D, 0xA1, 0x42, 0x6A, 0xAA, 0x94,
    0x49, 0x47, 0x7C, 0x90, 0x68, 0xCA, 0x51, 0x78, 0x34, 0x40, 0xAA, 0xA2, 0x62, 0x49, 0xC7, 0x98,
    0x29, 0x64, 0xA2, 0x7B, 0x52, 0x99, 0x81, 0x1B, 0x7C, 0xB7, 0x6F, 0x47, 0x19, 0x38, 0xD4, 0x8E,
    0x70, 0x20, 0xE7, 0xFA, 0xB1, 0xED, 0xEE, 0xA7, 0x76, 0x46, 0xFD, 0x6B, 0x9C, 0x31, 0xC0, 0x19,
    0x87, 0xC9, 0x8A, 0x2B, 0xBC, 0x9F, 0xD3, 0x7E, 0x45, 0xB4, 0xCA, 0xCA, 0xC2, 0xDA, 0x5B, 0x41,
    0x3D, 0xF6, 0x36, 0x98, 0xDF, 0xB1, 0x5A, 0x6F, 0x99, 0xDF, 0x70, 0x05, 0x93, 0xC1, 0x00, 0x8C,
    0xF9, 0x89, 0x0C, 0x51, 0x25, 0x7A, 0x32, 0x85, 0xF6, 0x58, 0xA1, 0x6A, 0x04, 0xAE, 0xAA, 0x07,
    0x93, 0x93, 0x96, 0x33, 0xD2, 0xFD, 0x29, 0x59, 0x28, 0x74, 0xF8, 0xCE, 0x9C, 0xCE, 0x5C, 0xB5,
    0x5F, 0x9F, 0xF3, 0x91, 0x2B, 0x29, 0xE6, 0x62, 0xB0, 0x55, 0xBE, 0x54, 0x1D, 0xB3, 0x64, 0xCD,
    0x16, 0xDF, 0x30, 0x4B, 0x96, 0x6C, 0x6D, 0x13, 0xAE, 0xE6, 0x54, 0x56, 0xAE, 0xB2, 0x49, 0x0D,
    0x9B, 0x40, 0xA8, 0x7C, 0x4C, 0x65, 0x3C, 0x60, 0x85, 0x71, 0x36, 0x72, 0x55, 0x46, 0xB5, 0x15,
    0x57, 0xD5, 0x90, 0xC0, 0x07, 0x35, 0x27, 0x73, 0xA9, 0xB9, 0x0A, 0xBA, 0x32, 0xA3, 0xA9, 0x64,
    0xAF, 0xBB, 0x4C, 0xEE, 0xEE, 0xBB, 0x45, 0xF8, 0x8A, 0x43, 0x12, 0x57, 0x9C, 0x93, 0xF0, 0x4D,
    0xA2, 0xC6, 0x48, 0xAC, 0x45, 0xCE, 0x08, 0x96, 0x8E, 0x8B, 0xDC, 0xAA, 0xF4, 0xEA, 0x0E, 0x9C,
    0x0A, 0x82, 0x1C, 0xEF, 0x71, 0xA3, 0x48, 0x70, 0x17, 0xC8, 0x01, 0x98, 0x26, 0xEC, 0xC1, 0xCB,
    0x2C, 0xD8, 0x36, 0xCC, 0xCF, 0xD1, 0xD9, 0x5D, 0xE4, 0x30, 0x71, 0x91, 0xAE, 0x5E, 0xF5, 0x71,
    0xD0, 0xB6, 0x5C, 0x0F, 0x5C, 0xCC, 0x85, 0x1C, 0x56, 0x8E, 0x9D, 0x99, 0xDC, 0x59, 0x60, 0x6B,
    0x55, 0xFF, 0x6D, 0xBB, 0xC5, 0x7C, 0x90, 0x77, 0xB9, 0x18, 0xF9, 0x44, 0x00, 0x1A, 0x6F, 0x79,
    0x54, 0x61, 0xF4, 0x18, 0xB1, 0x40, 0xA7, 0xDC, 0xEE, 0x42, 0x97, 0xB6, 0xC0, 0x14, 0xB2, 0xDD,
    0x84, 0xCF, 0x2C, 0xE8, 0x56, 0xBB, 0x27, 0x50, 0x89, 0x58, 0x5C, 0x71, 0x9F, 0x8A, 0x05, 0x5F,
    0x37, 0xCE, 0x5B, 0x14, 0x94, 0xE4, 0x7D, 0x2A, 0x1A, 0x88, 0x23, 0xA2, 0x6C, 0xF7, 0xAE, 0x5E,
    0xC3, 0x86, 0x57, 0x30, 0x22, 0x76, 0x29, 0x2B, 0x61, 0x9F, 0xB1, 0x68, 0x0F, 0x05, 0xF7, 0xDF,
    0x18, 0x4E, 0x81, 0xFC, 0x6A, 0x68, 0x26, 0x0A, 0x86, 0x5A, 0xA2, 0x01, 0xD2, 0xA7, 0x47, 0xD4,
    0x03, 0x29, 0x09, 0xA0, 0x9C, 0x9D, 0x0A, 0x31, 0x8D, 0x33, 0x35, 0x21, 0xC3, 0xC2, 0x1D, 0xB7,
    0x17, 0x56, 0xE8, 0x4A, 0xFA, 0xEB, 0xC7, 0xA9, 0xA5, 0x61, 0x43, 0x58, 0x68, 0x68, 0x6A, 0x7A,
    0x1D, 0xE2, 0x3D, 0x61, 0x9C, 0x7B, 0x64, 0xC9, 0xCE, 0x82, 0xC4, 0x2B, 0x6C, 0x96, 0xC3, 0x28,
    0x17, 0x6D, 0x2F, 0x1B, 0x95, 0x3B, 0x50, 0x0A, 0x24, 0x83, 0xA1, 0x1E, 0x88, 0x01, 0xD5, 0xC1,
    0x5E, 0x48, 0x39, 0x5D, 0x16, 0xC2, 0x4C, 0xAC, 0x16, 0xA0, 0x2F, 0x99, 0xE4, 0xC7, 0xA4, 0xB6,
    0x8A, 0xBE, 0x15, 0xE3, 0x1B, 0x4F, 0x9F, 0x18, 0xA6, 0x4F, 0x31, 0x31, 0x0C, 0xEE, 0x09, 0xFE,
    0xB0, 0x46, 0x40, 0x8F, 0xD0, 0xFF, 0xE6, 0x92, 0xDD, 0x27, 0x9B, 0x53, 0xDC, 0xE6, 0x15, 0xB7,
    0xB9, 0xC5, 0xD1, 0x2F, 0x8A, 0x37, 0xC7, 0xB0, 0xED, 0x13, 0xCF, 0x86, 0xC3, 0x86, 0xDB, 0x23,
    0x36, 0xEF, 0xB8, 0xCD, 0x3D, 0xC4, 0xA0, 0xB5, 0x39, 0xC8, 0x6D, 0x1E, 0x32, 0x17, 0x09, 0xFD,
    0xC3, 0xC3, 0x9C, 0x04, 0x65, 0x9A, 0x5C, 0x7A, 0x9C, 0xB3, 0xCA, 0xB1, 0x83, 0x53, 0x75, 0x31,
    0xF1, 0x9D, 0xE7, 0x2C, 0x41, 0x62, 0xC4, 0xDC, 0xA6, 0xD3, 0x42, 0x4C, 0x2E, 0xDA, 0xF4, 0xD1,
    0x8D, 0xE7, 0xA9, 0x19, 0x2F, 0xA5, 0x91, 0x59, 0x2E, 0x6F, 0xD3, 0x42, 0x1C, 0xA2, 0x9A, 0xD3,
    0x8D, 0x34, 0x5F, 0xD7, 0x77, 0x5F, 0x0F, 0x27, 0xBE, 0x7E, 0xD8, 0x0A, 0x37, 0x4D, 0x30, 0xC3,
    0xD1, 0xD7, 0x72, 0xF4, 0xF5, 0xE1, 0xDC, 0xD7, 0x36, 0xB0, 0xE7, 0xE6, 0xE4, 0x72, 0x21, 0x6A,
    0xA7, 0xD3, 0x4D, 0xD3, 0x7A, 0xD9, 0x3A, 0x0A, 0x69, 0x47, 0xA0, 0xC5, 0x26, 0x8E, 0xB9, 0xB0,
    0x1E, 0x9E, 0x0B, 0x11, 0x19, 0xF8, 0xE9, 0x40, 0x59, 0x46, 0x1A, 0xAF, 0x45, 0xA9, 0xB4, 0x29,
    0x03, 0x25, 0x18, 0x8C, 0x26, 0x45, 0x4D, 0x22, 0xC3, 0xDE, 0x2E, 0xEC, 0x95, 0xD3, 0x42, 0xED,
    0x71, 0x34, 0xEC, 0x8F, 0xF7, 0xD5, 0x17, 0x17, 0x14, 0x72, 0x3C, 0x0F, 0x9C, 0xCE, 0x5B, 0x85,
    0x24, 0xFC, 0x05, 0x85, 0xB4, 0x62, 0x80, 0x61, 0x58, 0x17, 0xE8, 0x81, 0xCB, 0xCE, 0x67, 0x42,
    0x97, 0x32, 0x6D, 0x9B, 0xE3, 0xA4, 0xC1, 0x15, 0x79, 0x8F, 0x34, 0x2B, 0x7A, 0xC4, 0x6A, 0x39,
    0x00, 0x56, 0x51, 0xA5, 0xE7, 0xBE, 0x02, 0x5D, 0xED, 0x0D, 0x04, 0x0A, 0x99, 0x43, 0x04, 0x0A,
    0x05, 0xD1, 0x68, 0xF6, 0x2B, 0x37, 0xF1, 0xB2, 0x59, 0x5D, 0x9A, 0x8A, 0xA8, 0xF6, 0x44, 0xCE,
    0x7F, 0x70, 0x7B, 0xF9, 0x86, 0xA2, 0x4E, 0x69, 0x89, 0x0B, 0x8D, 0x9F, 0x93, 0xD5, 0x05, 0x25,
    0x9B, 0x2C, 0x2A, 0x71, 0x18, 0x0F, 0x93, 0xBB, 0x02, 0x1D, 0x6E, 0xEC, 0x3D, 0xD0, 0x89, 0x21,
    0x1A, 0xE3, 0x69, 0xB3, 0xBA, 0x21, 0xAA, 0x68, 0x5D, 0xD0, 0xDA, 0xE0, 0x63, 0xB3, 0x3A, 0x7D,
    0xC1, 0x0A, 0xC2, 0x13, 0xCD, 0x5F, 0x86, 0x4A, 0x86, 0x07, 0x9E, 0x58, 0xD5, 0x7A, 0xB0, 0x61,
    0xEB, 0xE1, 0x82, 0x3D, 0xCD, 0x42, 0x0C, 0x62, 0x73, 0x4A, 0xCE, 0x07, 0x4B, 0x7A, 0x3D, 0xC8,
    0x94, 0x18, 0x5C, 0xB9, 0x69, 0xC3, 0xB1, 0x6E, 0x78, 0x31, 0xFE, 0x05, 0xB7, 0xD2, 0xC4, 0xCC,
    0xFD, 0x92, 0x1B, 0x36, 0xBB, 0x0B, 0xE0, 0x8F, 0x78, 0xD2, 0x23, 0xEE, 0x98, 0x63, 0x40, 0x18,
    0xCC, 0x08, 0x6D, 0x6F, 0x58, 0x3A, 0xFA, 0x94, 0x5D, 0xAD, 0x9D, 0x4D, 0xC3, 0xA0, 0xE2, 0x1D,
    0x77, 0x74, 0x8C, 0x37, 0x31, 0x75, 0xEC, 0xCE, 0xEC, 0x36, 0x5B, 0xD1, 0x72, 0x70, 0x8D, 0xE9,
    0x77, 0x65, 0xD3, 0xAF, 0xDA, 0xF4, 0x43, 0xC9, 0xAF, 0x64, 0x62, 0x23, 0x67, 0xC8, 0x53, 0x47,
    0xEA, 0xC7, 0x75, 0xB6, 0xD2, 0xF0, 0x94, 0xDF, 0x29, 0x86, 0xBC, 0xDC, 0xFF, 0x71, 0x4A, 0x1E,
    0x28, 0x1F, 0x04, 0x24, 0xC3, 0x10, 0xD1, 0xBA, 0xA0, 0x44, 0xBA, 0x1A, 0xCE, 0x67, 0xE2, 0xB1,
    0x18, 0x69, 0xFB, 0xB1, 0x8A, 0xC0, 0xE5, 0xE4, 0x3B, 0xC3, 0x2D, 0xE5, 0x2C, 0xE6, 0xA3, 0xC3,
    0x96, 0x0D, 0xF3, 0x32, 0x08, 0x45, 0xCC, 0x76, 0xB5, 0x3B, 0xDB, 0x0C, 0x6F, 0x98, 0x88, 0x2F,
    0x0B, 0xBE, 0x9A, 0xE3, 0xF0, 0x0D, 0x66, 0x52, 0x4C, 0x44, 0xA2, 0xAE, 0x6A, 0x4C, 0x06, 0x32,
    0x40, 0xCB, 0x2A, 0xC2, 0x68, 0xA9, 0x30, 0x63, 0x8A, 0x99, 0x9A, 0xB6, 0x11, 0x4A, 0x61, 0x85,
    0xB8, 0x8E, 0xD0, 0x9A, 0x25, 0xAF, 0xB7, 0xF4, 0x8F, 0x8E, 0x56, 0xE9, 0x73, 0x31, 0xE5, 0xA4,
    0x2F, 0x64, 0x4C, 0x57, 0xAE, 0xAA, 0x07, 0x63, 0x66, 0x76, 0xF1, 0xF7, 0xC7, 0x62, 0xE2, 0x2A,
    0x7C, 0x7D, 0x2C, 0x69, 0x9B, 0x5E, 0x8A, 0xD1, 0x0F, 0x58, 0xBD, 0xB3, 0x16, 0x53, 0xE8, 0xB0,
    0xFA, 0xF7, 0xB9, 0x98, 0xCC, 0x52, 0xFF, 0x31, 0x15, 0x0F, 0x29, 0x7D, 0x78, 0x10, 0xF3, 0x8F,
    0xCD, 0x5A, 0x32, 0xE4, 0x62, 0xF6, 0x62, 0x1D, 0xB0, 0x55, 0x93, 0x49, 0xB4, 0x15, 0x2B, 0xB8,
    0x3D, 0x01, 0xB3, 0x39, 0x94, 0x03, 0x9D, 0xD4, 0x5C, 0x4D, 0x9B, 0x31, 0xA0, 0x62, 0xBA, 0xB8,
    0xF3, 0x97, 0x6D, 0xCE, 0x5E, 0x42, 0x60, 0x0C, 0x9E, 0x2D, 0x41, 0x7A, 0xE0, 0x03, 0xEF, 0xBD,
    0xF4, 0x8C, 0x44, 0x04, 0x2C, 0x6E, 0x2F, 0x94, 0xD6, 0x46, 0x18, 0x80, 0x88, 0xEC, 0x6D, 0xC6,
    0x7C, 0x5B, 0x48, 0xC8, 0x26, 0x68, 0x56, 0x0E, 0xE2, 0x40, 0x41, 0x28, 0xDD, 0xBE, 0x0B, 0x3D,
    0xFD, 0x5B, 0x4C, 0xBC, 0x54, 0xC4, 0x1C, 0xBD, 0x6E, 0x82, 0x47, 0xF3, 0x68, 0xDB, 0x21, 0xB6,
    0x91, 0x54, 0xEC, 0x7D, 0xD9, 0xB2, 0x6D, 0xD5, 0x26, 0x4B, 0xDA, 0x10, 0xD9, 0xA9, 0x72, 0x59,
    0x39, 0x9C, 0x55, 0x22, 0x5F, 0x16, 0x1B, 0xA8, 0x39, 0x98, 0x21, 0x57, 0xD5, 0xE5, 0xAD, 0xAC,
    0xFA, 0x67, 0x2F, 0xB2, 0x28, 0xE2, 0x2F, 0x2B, 0x5A, 0xA8, 0x85, 0xD1, 0x87, 0xE6, 0x61, 0x34,
    0x77, 0x07, 0x0B, 0xE8, 0x6C, 0x31, 0x1F, 0xDA, 0xF6, 0xA1, 0x8A, 0xE4, 0x12, 0x7A, 0x06, 0x29,
    0x65, 0xAC, 0x56, 0xD9, 0x43, 0x10, 0x68, 0xDC, 0x02, 0xF0, 0x7F, 0x57, 0x6C, 0xCA, 0x5F, 0x5B,
    0x6C, 0x58, 0x2A, 0x6F, 0x58, 0x4F, 0x22, 0x14, 0x17, 0x08, 0xDB, 0xD7, 0x50, 0x84, 0x85, 0x0F,
    0x0A, 0x85, 0x5D, 0x77, 0x65, 0x0F, 0xFF, 0x02, 0x3B, 0xAB, 0xF5, 0x58, 0xEB, 0xAA, 0xFC, 0x72,
    0x7F, 0x2E, 0x7A, 0xF9, 0xA5, 0xED, 0x4E, 0x2C, 0x5A, 0xF6, 0x87, 0xA6, 0x69, 0xEF, 0x30, 0xB4,
    0x46, 0x7C, 0x59, 0xB0, 0xE5, 0x55, 0xB1, 0x94, 0x5A, 0x8D, 0xE4, 0xE5, 0xE2, 0x0D, 0xE9, 0xC3,
    0xC9, 0xFC, 0x5F, 0x01, 0xEE, 0x77, 0xFE, 0x6D, 0x90, 0x30, 0x00, 0xCE, 0x3F, 0x78, 0xEC, 0xD7,
    0x0F, 0x0C, 0xB8, 0x6C, 0x3E, 0xFB, 0xF9, 0x47, 0x31, 0x7E, 0xD2, 0x6F, 0x40, 0x6C, 0x1C, 0x26,
    0xE0, 0x3C, 0x5C, 0x03, 0x50, 0xF4, 0xA7, 0xD1, 0x7C, 0xEA, 0xEF, 0x4A, 0x3E, 0xAA, 0x2D, 0x0C,
    0x0D, 0x70, 0x08, 0xB8, 0x59, 0x1B, 0x07, 0xDF, 0x1B, 0xCF, 0x32, 0x52, 0x1E, 0x50, 0x02, 0x49,
    0x32, 0xB0, 0x64, 0xAE, 0x4D, 0x80, 0x60, 0x27, 0x93, 0x2C, 0x4F, 0x9E, 0x70, 0x32, 0x85, 0xE0,
    0xC9, 0x94, 0x4D, 0x48, 0x95, 0x27, 0x93, 0x6A, 0x45, 0xAA, 0x3C, 0x99, 0x54, 0x0F, 0xAF, 0x9F,
    0xD8, 0x2A, 0xA1, 0x01, 0xDF, 0xF8, 0x14, 0x26, 0x8A, 0xFF, 0xEF, 0x26, 0xDA, 0x69, 0x5E, 0x6B,
    0xCF, 0xCC, 0x44, 0x61, 0xAD, 0x6F, 0x1B, 0x51, 0x7C, 0xC8, 0xD2, 0x52, 0x48, 0x0F, 0x10, 0x95,
    0xCA, 0x7B, 0x68, 0x50, 0x3F, 0x51, 0xAA, 0xE1, 0x8E, 0xD2, 0x97, 0xAF, 0xAC, 0x2A, 0x45, 0x22,
    0xFC, 0xB1, 0x5E, 0x9D, 0xCE, 0xAE, 0x6D, 0x94, 0x77, 0xE8, 0x8A, 0xC9, 0x7E, 0x24, 0x55, 0x21,
    0xA5, 0x4A, 0xD4, 0x3D, 0x4A, 0xA3, 0xAE, 0xD0, 0xD7, 0x4B, 0x82, 0x06, 0x75, 0x09, 0xF8, 0xD9,
    0xB3, 0xEE, 0x0F, 0x5D, 0x5B, 0x4B, 0xD7, 0x0E, 0x7E, 0xCC, 0xE7, 0x64, 0x71, 0xBF, 0x6F, 0x4F,
    0xBC, 0x29, 0xCC, 0x3B, 0x02, 0xF6, 0x28, 0x8B, 0x81, 0xAD, 0x4D, 0x1E, 0xC9, 0x0C, 0xF1, 0xFC,
    0xA4, 0xF2, 0xA1, 0x5C, 0x17, 0xF6, 0xE4, 0x6E, 0x02, 0xF4, 0xA3, 0x6B, 0x07, 0x2C, 0x54, 0xE8,
    0xC0, 0x7B, 0xF2, 0x2D, 0x07, 0x76, 0xD4, 0xEC, 0x46, 0x61, 0x41, 0xE8, 0xDB, 0x6F, 0xD7, 0x12,
    0x97, 0xF6, 0xBD, 0xAE, 0x95, 0xA9, 0x95, 0x2E, 0x48, 0x6C, 0x05, 0x95, 0x36, 0xF0, 0x66, 0x36,
    0x6C, 0x74, 0x03, 0xE3, 0x16, 0x10, 0xAC, 0x4F, 0xDB, 0xDA, 0x6C, 0x47, 0x78, 0xE5, 0xD5, 0xC5,
    0x5A, 0xD5, 0x25, 0x2C, 0xCF, 0x9E, 0x70, 0x27, 0x80, 0x03, 0xFB, 0xF9, 0x3B, 0x90, 0x39, 0xFC,
    0x23, 0xAE, 0x6B, 0xBF, 0x87, 0x40, 0x90, 0xF6, 0x6B, 0x80, 0x73, 0xC6, 0x79, 0x38, 0x15, 0x0C,
    0xDF, 0x99, 0xD8, 0x26, 0x02, 0x7A, 0xE5, 0xAB, 0x42, 0x4C, 0x28, 0xF6, 0x53, 0xCD, 0x7C, 0x01,
    0x6D, 0xEA, 0xB8, 0x3F, 0xFE, 0x84, 0x5E, 0x5E, 0xFE, 0x0A, 0x19, 0x7B, 0xDC, 0xB1, 0x8C, 0x0A,
    0x5F, 0x85, 0xCF, 0x9E, 0xA1, 0x0F, 0x99, 0xAD, 0x49, 0x3B, 0x51, 0x60, 0xCC, 0x2F, 0x82, 0xC2,
    0xD8, 0xFC, 0x50, 0x89, 0x3F, 0x0F, 0x81, 0x29, 0x5A, 0x64, 0x55, 0x05, 0x49, 0x1E, 0x62, 0xC7,
    0x73, 0x12, 0xDD, 0xD8, 0x4E, 0xD7, 0xA7, 0x60, 0x2D, 0xB3, 0x2F, 0x79, 0x63, 0x7C, 0xDC, 0x1F,
    0xB2, 0x10, 0x5D, 0x67, 0x2D, 0x11, 0xE9, 0x76, 0xF8, 0x8D, 0x4F, 0xFA, 0x91, 0xC0, 0x33, 0x19,
    0xD3, 0xEC, 0x5D, 0xBB, 0x07, 0x3D, 0x9F, 0xF8, 0x72, 0xA2, 0x2F, 0x47, 0xFA, 0x32, 0x9E, 0xF8,
    0x72, 0xA0, 0x2F, 0x7B, 0xFA, 0xB2, 0xFB, 0x3F, 0xF1, 0x65, 0x42, 0xF1, 0xA6, 0xCD, 0x89, 0x9E,
    0xBE, 0xB8, 0x23, 0xF8, 0x91, 0xA9, 0xB8, 0x7C, 0xC2, 0xC3, 0x31, 0xFC, 0x96, 0xB1, 0x1A, 0x20,
    0x43, 0xAF, 0x6C, 0xC3, 0x8F, 0xC1, 0xF2, 0x81, 0x8A, 0xDC, 0xD2, 0x34, 0x8B, 0xE5, 0xE0, 0xE7,
    0x01, 0xE0, 0x88, 0x7C, 0x36, 0xC3, 0xC3, 0x46, 0xA8, 0xE4, 0x50, 0x75, 0xE4, 0xC3, 0xF1, 0xFD,
    0xB7, 0xAD, 0x80, 0x7B, 0xF7, 0xC6, 0xF5, 0xF0, 0x03, 0xED, 0x83, 0x87, 0x86, 0xF0, 0xF0, 0xDF,
    0xE2, 0x0C, 0x7E, 0x73, 0xCC, 0x92, 0xD2, 0x50, 0x35, 0x51, 0xE6, 0x96, 0x97, 0x55, 0x76, 0x59,
    0x6B, 0xB3, 0xDD, 0x85, 0x3C, 0xFA, 0xBE, 0x22, 0x58, 0x87, 0x24, 0x0D, 0xD1, 0xFC, 0x97, 0x77,
    0xE0, 0x1B, 0xB3, 0x7D, 0x7D, 0x86, 0x6C, 0x82, 0x32, 0x94, 0xEF, 0xA3, 0xB0, 0x31, 0x7F, 0xAA,
    0x0C, 0x70, 0x04, 0x51, 0x24, 0x0A, 0x44, 0x8C, 0x18, 0xF7, 0x5B, 0xE4, 0x8A, 0x3B, 0x79, 0x8D,
    0x89, 0x67, 0x2A, 0xF2, 0xEA, 0x20, 0x91, 0x81, 0xB2, 0x92, 0x37, 0x44, 0x23, 0xBC, 0x2A, 0xEB,
    0xC5, 0x5D, 0x9A, 0x1F, 0x97, 0xCA, 0xC7, 0x62, 0xB7, 0x74, 0xE5, 0x1F, 0x68, 0x8E, 0xD0, 0x51,
    0x86, 0xD0, 0x13, 0xB5, 0x40, 0x13, 0x79, 0x14, 0xDB, 0x2D, 0x9E, 0x99, 0xD2, 0xA7, 0xB2, 0x75,
    0x3E, 0x19, 0x2E, 0x5B, 0x2B, 0x4F, 0xB7, 0x72, 0x68, 0x5A, 0x9E, 0x75, 0x6B, 0x8A, 0xD1, 0xDA,
    0x53, 0x38, 0x4D, 0x9D, 0x85, 0xDA, 0xB5, 0x6C, 0x7A, 0xB6, 0x6D, 0xED, 0x69, 0x34, 0xA2, 0xDA,
    0x85, 0xD1, 0xA6, 0x06, 0xF9, 0x4B, 0x30, 0xE2, 0x30, 0xBD, 0x3F, 0x04, 0x70, 0xBF, 0x63, 0x7B,
    0x9C, 0xBD, 0x38, 0xF0, 0x1B, 0xF0, 0x22, 0x4C, 0x5E, 0x5D, 0xCD, 0xAE, 0x27, 0xC5, 0x61, 0x3E,
    0x2D, 0x0E, 0xAE, 0x06, 0x44, 0xC1, 0x08, 0x83, 0xAC, 0x0A, 0x7F, 0x8A, 0xEB, 0xDA, 0xFB, 0x56,
    0x1C, 0xEE, 0x00, 0x2E, 0x29, 0x7B, 0x7E, 0xB6, 0xA2, 0x7F, 0xE7, 0x0B, 0xF6, 0xD9, 0xC5, 0xAC,
    0xB0, 0x53, 0x98, 0x49, 0x5D, 0x22, 0xAF, 0x41, 0x29, 0x5F, 0x01, 0x95, 0x55, 0x18, 0xCC, 0x5E,
    0x4D, 0xA9, 0xF0, 0xDD, 0x41, 0x55, 0xC3, 0x78, 0x37, 0x2A, 0xEC, 0x90, 0x40, 0x82, 0x13, 0x02,
    0xF9, 0x23, 0x15, 0x0E, 0x13, 0xAE, 0xA9, 0x16, 0xE7, 0xF5, 0x3D, 0x5B, 0xDB, 0x71, 0x9B, 0x77,
    0x3A, 0xA4, 0x8E, 0x74, 0xB7, 0x90, 0x68, 0x8D, 0xDA, 0xFC, 0x80, 0xA2, 0x04, 0xD7, 0xA8, 0x18,
    0xC5, 0x8C, 0x77, 0x39, 0x41, 0x15, 0x1F, 0x9F, 0xF3, 0x1F, 0xC6, 0x20, 0xFA, 0x1E, 0xBC, 0x34,
    0xCA, 0x31, 0x31, 0x47, 0x07, 0x20, 0x0B, 0xC3, 0xF4, 0x0C, 0xD6, 0xE0, 0x6C, 0xCE, 0x79, 0xCE,
    0x9D, 0xBF, 0xEC, 0x96, 0xA8, 0x4D, 0xBC, 0x05, 0xE1, 0x67, 0xEE, 0x9D, 0x16, 0x54, 0x83, 0xF1,
    0x12, 0x06, 0xC2, 0x76, 0xB8, 0x8C, 0x7F, 0xAB, 0x3E, 0x9F, 0x54, 0x83, 0xA0, 0x04, 0xB8, 0x9C,
    0xD6, 0xEE, 0x73, 0xC7, 0xB8, 0xDF, 0x26, 0x49, 0xFF, 0xAE, 0x8D, 0x10, 0xE2, 0x00, 0x17, 0x26,
    0x6F, 0xE4, 0xF5, 0xB5, 0xF9, 0x9D, 0x6E, 0xA7, 0xD7, 0xD9, 0x17, 0xE0, 0xF3, 0xC5, 0xA8, 0x19,
    0x80, 0x89, 0x48, 0x76, 0x6F, 0xBA, 0xB8, 0x17, 0xF7, 0x4F, 0x32, 0xA3, 0x11, 0xA8, 0x83, 0xEE,
    0xFD, 0x7C, 0x71, 0xF2, 0x66, 0xAA, 0x20, 0xE2, 0xF9, 0x66, 0x9F, 0x4D, 0x1A, 0x7A, 0x45, 0x54,
    0x29, 0x43, 0x9F, 0xAE, 0x99, 0x20, 0x92, 0x10, 0x80, 0x98, 0x77, 0x57, 0x01, 0x4D, 0xE9, 0x14,
    0x84, 0x41, 0x09, 0x57, 0xB3, 0x12, 0x2E, 0xE4, 0xBB, 0x3E, 0x66, 0x32, 0xFB, 0x98, 0x08, 0x3E,
    0x0E, 0x71, 0xAB, 0xF8, 0xF5, 0x41, 0xF4, 0xCB, 0xA9, 0x94, 0xE9, 0x4A, 0x80, 0x8F, 0xF0, 0x0E,
    0xC3, 0xFE, 0x53, 0x1C, 0xEE, 0x67, 0x1A, 0x75, 0x45, 0xFA, 0x24, 0xAF, 0xEE, 0x3F, 0xEA, 0x0F,
    0xB1, 0x0E, 0xBF, 0x8C, 0xAD, 0xE8, 0xBB, 0x6F, 0x39, 0x8F, 0xB3, 0x80, 0x5A, 0x53, 0xBE, 0x2A,
    0x75, 0x15, 0xD5, 0xB8, 0x41, 0xDE, 0x92, 0xA9, 0x90, 0xAE, 0x95, 0x9F, 0xA8, 0x0C, 0xD2, 0xDF,
    0x92, 0xEF, 0xC9, 0x82, 0x84, 0x94, 0xF6, 0xEB, 0x32, 0xB6, 0x83, 0x4A, 0x56, 0xE8, 0xE5, 0x7D,
    0x02, 0x89, 0x6A, 0x30, 0x1E, 0x4A, 0x71, 0xBC, 0x63, 0x56, 0x21, 0x99, 0x53, 0x10, 0x3E, 0xA0,
    0xB5, 0x60, 0x8F, 0x28, 0x88, 0xE5, 0x00, 0x5C, 0x2C, 0x2A, 0xAE, 0xF5, 0x3E, 0xE9, 0xD0, 0xFD,
    0x80, 0x8B, 0xF9, 0xF9, 0x6A, 0xD2, 0x8B, 0x8A, 0xF9, 0x4F, 0x3D, 0x6E, 0xF1, 0x96, 0xAA, 0x3B,
    0x84, 0x50, 0x45, 0x3D, 0x2F, 0x92, 0x41, 0x4D, 0xB7, 0x28, 0x91, 0xFA, 0xF4, 0x86, 0x65, 0xED,
    0xAE, 0x32, 0x34, 0x21, 0xEB, 0xE2, 0x20, 0xA9, 0xB8, 0x5B, 0xF2, 0x1E, 0x33, 0x4D, 0xBE, 0x0A,
    0xB8, 0x28, 0x27, 0x95, 0x50, 0xF9, 0xA8, 0x7C, 0x96, 0x63, 0x84, 0x4D, 0xB9, 0x8D, 0x17, 0x96,
    0x69, 0x90, 0xCA, 0x1A, 0x30, 0x9C, 0xC0, 0x4C, 0x43, 0x8E, 0xBD, 0xDB, 0x7B, 0x85, 0xD2, 0x9F,
    0x65, 0x5A, 0x6F, 0x99, 0x76, 0xDA, 0x74, 0xAC, 0xED, 0x35, 0x88, 0x29, 0xB5, 0xC7, 0x23, 0x51,
    0x91, 0xEB, 0x30, 0x82, 0xE6, 0xA8, 0xC4, 0xFC, 0x04, 0xB3, 0x4F, 0x1C, 0x5F, 0x02, 0x00, 0x47,
    0x18, 0x81, 0x5B, 0x71, 0xB7, 0x78, 0x80, 0x4D, 0x3B, 0x19, 0x54, 0xED, 0x36, 0xAA, 0x34, 0x61,
    0x09, 0xDC, 0xF7, 0x44, 0xA3, 0x79, 0x90, 0x05, 0xCC, 0xEA, 0xBD, 0xC8, 0xE6, 0x52, 0xC3, 0xE5,
    0x72, 0x47, 0x20, 0xDB, 0x77, 0x64, 0x76, 0x17, 0x82, 0x36, 0x92, 0xC8, 0x5A, 0x40, 0xD9, 0x29,
    0xB7, 0xB2, 0xB2, 0x42, 0x59, 0xC2, 0x06, 0xD3, 0x86, 0x40, 0xBB, 0x7D, 0xE6, 0xA8, 0xF6, 0x99,
    0x43, 0xAD, 0xC7, 0x8E, 0xCC, 0x0D, 0x3F, 0xC6, 0x42, 0xBF, 0xDE, 0x66, 0x69, 0xDC, 0xDA, 0x38,
    0x26, 0x88, 0x07, 0x1C, 0x75, 0xFB, 0x1B, 0xE7, 0x79, 0x78, 0x38, 0xC9, 0xC3, 0x8C, 0x35, 0xD3,
    0x5B, 0x4E, 0x11, 0xDE, 0xBA, 0xF8, 0x81, 0xFB, 0x74, 0x63, 0x5E, 0x7E, 0x39, 0xE6, 0x31, 0x46,
    0x87, 0xF3, 0x31, 0x6F, 0x78, 0xD2, 0x68, 0x50, 0x2B, 0xF4, 0x80, 0x71, 0x41, 0x71, 0x95, 0x87,
    0x02, 0xC2, 0xBF, 0x64, 0xE3, 0xBF, 0xA3, 0xB0, 0x58, 0x38, 0x31, 0xDF, 0xC8, 0x96, 0x93, 0x5F,
    0x0F, 0x9F, 0xC2, 0x09, 0x30, 0x30, 0xAD, 0xD9, 0xA9, 0x4A, 0xC2, 0x17, 0x2E, 0x2E, 0xCC, 0xD0,
    0x08, 0xAC, 0xD0, 0x21, 0xAE, 0xFA, 0x56, 0xDE, 0x46, 0xF4, 0xDF, 0x07, 0xFF, 0x7B, 0x00, 0xED,
    0x97, 0x78, 0x07, 0x9C, 0x1B, 0x33, 0x58, 0xFA, 0x29, 0x8F, 0xF8, 0x56, 0x80, 0x65, 0x6B, 0x0F,
    0xD6, 0x6B, 0x3D, 0xC1, 0x08, 0x30, 0x18, 0x1B, 0x70, 0x0B, 0x2B, 0xAE, 0xE3, 0x03, 0x60, 0x8C,
    0x42, 0x1F, 0xB4, 0x0D, 0x32, 0x02, 0xA6, 0x4E, 0x6C, 0x6A, 0x23, 0x37, 0x7B, 0xD0, 0x5F, 0xDA,
    0x8D, 0xC8, 0xD1, 0x3E, 0x64, 0x6B, 0xCC, 0x6A, 0x65, 0x55, 0x75, 0x19, 0x7A, 0x45, 0xBE, 0xC0,
    0x7D, 0x97, 0xE1, 0xD3, 0x9D, 0x86, 0xCF, 0x61, 0x32, 0xBD, 0x6D, 0x38, 0xE4, 0x91, 0xB4, 0x32,
    0x55, 0x22, 0x73, 0x2B, 0x32, 0x5D, 0xC8, 0x2F, 0xFE, 0x3A, 0xE1, 0x15, 0x0D, 0xAB, 0xB9, 0x1D,
    0xD6, 0x69, 0x73, 0x9A, 0x94, 0xC6, 0xC3, 0x51, 0x97, 0xF3, 0x61, 0xA8, 0xE6, 0x2A, 0x56, 0xF6,
    0xE0, 0xB7, 0x29, 0x64, 0xB5, 0x4D, 0xE8, 0x3E, 0x1C, 0x1D, 0xA0, 0x4A, 0x5F, 0x09, 0x06, 0x3B,
    0xCF, 0x87, 0x35, 0x2F, 0xB6, 0x11, 0x24, 0xC3, 0x00, 0xA2, 0x6D, 0x0F, 0x28, 0x90, 0xDA, 0xCA,
    0x00, 0x93, 0xDF, 0x21, 0xE5, 0x67, 0x70, 0xF5, 0x13, 0x1A, 0x7D, 0x98, 0x10, 0xAB, 0x82, 0xE0,
    0xE0, 0x5E, 0x76, 0xCE, 0x1F, 0xC4, 0xDF, 0x2B, 0xE6, 0xEA, 0xFE, 0xA3, 0xA9, 0x14, 0x29, 0x51,
    0x79, 0x96, 0x42, 0x86, 0x42, 0x62, 0x81, 0x82, 0xD3, 0x64, 0x0B, 0x25, 0x38, 0xBA, 0x70, 0x55,
    0x55, 0xBD, 0x34, 0x7E, 0x0E, 0xD2, 0x95, 0xCB, 0xB7, 0xA4, 0x53, 0x15, 0xA4, 0xE7, 0x94, 0xAD,
    0x20, 0x44, 0x86, 0x5C, 0x31, 0x2A, 0x28, 0xA3, 0x02, 0xF5, 0x49, 0x15, 0x7D, 0xA7, 0xA0, 0xAD,
    0x5D, 0xF9, 0xA1, 0xE0, 0xD7, 0x42, 0xD0, 0x57, 0x46, 0x80, 0x01, 0xA0, 0x01, 0x38, 0x06, 0x51,
    0x4E, 0x1F, 0xEE, 0x79, 0x49, 0x86, 0xA1, 0x87, 0x0B, 0xA4, 0x56, 0xE2, 0x82, 0x9B, 0xB1, 0xD5,
    0x98, 0xA1, 0x24, 0x75, 0xFC, 0xF5, 0x14, 0x99, 0x1F, 0xA8, 0xBD, 0x61, 0x3F, 0x28, 0x5E, 0x39,
    0x2E, 0x20, 0x5E, 0x15, 0x57, 0x4B, 0x3A, 0x3B, 0x88, 0xB1, 0x66, 0x13, 0x36, 0x8C, 0x61, 0x2D,
    0x22, 0xB0, 0xAC, 0x25, 0x04, 0xF8, 0x70, 0x11, 0xDF, 0x29, 0xFE, 0xD5, 0x47, 0x12, 0x6A, 0x6E,
    0xDB, 0x84, 0xE2, 0x48, 0x27, 0x33, 0x71, 0x2D, 0xA3, 0xC5, 0x9E, 0x0C, 0xC0, 0xA8, 0xA9, 0x26,
    0xE9, 0x9B, 0x7B, 0xB8, 0xED, 0xAF, 0x72, 0xD4, 0x77, 0x82, 0x86, 0x35, 0xA7, 0xB2, 0x1C, 0x44,
    0xA1, 0x20, 0xB4, 0x52, 0x29, 0xC6, 0x3F, 0x52, 0x57, 0xDC, 0xB3, 0xE1, 0x9F, 0x9D, 0xF8, 0xF4,
    0xC7, 0x38, 0xE3, 0xE5, 0xEC, 0x18, 0xF8, 0xC9, 0xF1, 0x3E, 0x33, 0x38, 0xFD, 0xB7, 0xD4, 0xEE,
    0x8B, 0xE1, 0x5F, 0xB9, 0x83, 0xE9, 0xE4, 0xC1, 0x10, 0x04, 0x05, 0x34, 0x2C, 0xD8, 0x8B, 0xFA,
    0x11, 0x43, 0xC9, 0x15, 0x86, 0xE3, 0xFE, 0xBA, 0x3D, 0xD8, 0x7D, 0xD6, 0xC9, 0x9E, 0xF9, 0xA3,
    0x5F, 0xBA, 0xAB, 0xF7, 0x66, 0xB6, 0x7D, 0xF8, 0xAB, 0x63, 0xF4, 0x01, 0x65, 0x42, 0x94, 0x2A,
    0xAA, 0x81, 0xB6, 0x2D, 0x32, 0x67, 0x8E, 0x44, 0xD2, 0x99, 0x28, 0x33, 0x89, 0x8A, 0x48, 0xF4,
    0xEA, 0x40, 0x14, 0x3A, 0xA2, 0xB6, 0xDE, 0xA4, 0x25, 0x9A, 0x0D, 0x8D, 0x86, 0x78, 0x22, 0xAD,
    0x45, 0x0E, 0x7B, 0xD5, 0xF8, 0xEC, 0xB6, 0xB9, 0xFE, 0x85, 0x74, 0x5B, 0x81, 0x23, 0x9A, 0x0C,
    0xF5, 0x3C, 0xEF, 0x21, 0xE0, 0x66, 0x5F, 0x3F, 0xA9, 0x20, 0x22, 0x7F, 0xA1, 0xF6, 0xB4, 0xBB,
    0x54, 0x32, 0xA6, 0xCB, 0x2B, 0x32, 0xA4, 0x93, 0x93, 0x26, 0xE5, 0xCD, 0xD2, 0xBB, 0xC5, 0x74,
    0xAC, 0x00, 0xE0, 0x97, 0xEE, 0x01, 0x45, 0x4E, 0x6D, 0x97, 0xD5, 0x07, 0x71, 0x79, 0x9F, 0xCB,
    0x77, 0x4B, 0x24, 0x98, 0xC4, 0xA0, 0x60, 0x08, 0x3F, 0x17, 0xE9, 0xAA, 0x2E, 0xC8, 0xD9, 0xF3,
    0xBA, 0xED, 0xE6, 0x30, 0x44, 0x17, 0x90, 0x7A, 0xED, 0x78, 0x97, 0x60, 0xBF, 0xE9, 0x40, 0x4B,
    0x10, 0x94, 0xE7, 0xA0, 0x3A, 0xBB, 0x5F, 0x70, 0x38, 0x8F, 0xED, 0x72, 0x39, 0xDA, 0x21, 0xD9,
    0x01, 0x0D, 0x9D, 0xF2, 0x8B, 0x4B, 0x16, 0x97, 0xE4, 0x7A, 0x90, 0xEB, 0xCE, 0xC1, 0x07, 0xB5,
    0x02, 0x19, 0xF6, 0xBA, 0xD5, 0xED, 0xFB, 0x27, 0x8A, 0x0C, 0x9A, 0x24, 0x49, 0x8A, 0x19, 0x0F,
    0x12, 0xA6, 0xE8, 0x16, 0xF9, 0x7C, 0xBE, 0xC9, 0xC3, 0xF7, 0x46, 0x16, 0xDE, 0xB4, 0xFF, 0x00,
    0xC6, 0xE3, 0x49, 0xA4, 0xD2, 0x27, 0x92, 0xE2, 0xB1, 0x93, 0x7A, 0x91, 0xBE, 0xDE, 0x9C, 0x7F,
    0x60, 0x37, 0x5A, 0x5D, 0xF2, 0xB2, 0x51, 0xB3, 0x03, 0x9B, 0xDA, 0x13, 0xE1, 0x8C, 0xD2, 0xB9,
    0x30, 0x3C, 0x20, 0x20, 0x2B, 0xA3, 0xE5, 0x88, 0x0C, 0xBC, 0x3C, 0x3D, 0x17, 0xE8, 0x5C, 0x47,
    0x9C, 0x3E, 0x51, 0xA0, 0x6B, 0x21, 0x22, 0x57, 0x58, 0xDF, 0xC3, 0xB4, 0xCD, 0x15, 0x5B, 0x34,
    0x26, 0x43, 0x21, 0xE3, 0x61, 0xAE, 0x44, 0xBE, 0x36, 0xF3, 0x77, 0x80, 0xBE, 0x6B, 0x25, 0x7A,
    0x57, 0x4A, 0x77, 0xD5, 0x25, 0x7F, 0xEF, 0xFE, 0x07, 0x7C, 0x95, 0xD5, 0xD3, 0xF5, 0x48, 0xD5,
    0xC5, 0x7F, 0x49, 0xE6, 0x79, 0x53, 0xF5, 0xE5, 0xAB, 0x0A, 0xEE, 0x10, 0xDC, 0x21, 0xDC, 0x8F,
    0x74, 0xE3, 0xEE, 0x3C, 0xF0, 0x2F, 0xE0, 0xEE, 0x96, 0x5C, 0xE1, 0xEE, 0x72, 0x89, 0xBB, 0xBB,
    0x74, 0x70, 0x87, 0x30, 0x97, 0x68, 0x70, 0x87, 0xBE, 0xC8, 0x54, 0xE5, 0x1D, 0x92, 0xB3, 0x38,
    0xBD, 0xEB, 0x9C, 0xF1, 0x99, 0x7D, 0xD2, 0x7B, 0x45, 0xB7, 0xAC, 0xEE, 0xD5, 0x07, 0x20, 0xDB,
    0x28, 0x45, 0x25, 0xEA, 0x1D, 0xD5, 0x4A, 0xF6, 0x06, 0x92, 0x5D, 0x8B, 0x3C, 0x52, 0x46, 0xAA,
    0x48, 0x1D, 0xA9, 0x27, 0x9A, 0x89, 0x76, 0xC2, 0x8D, 0xE9, 0xE8, 0x06, 0xC2, 0x80, 0x86, 0x4C,
    0x7D, 0xAE, 0xBE, 0x90, 0x3F, 0x06, 0xA0, 0x59, 0x69, 0x67, 0x5A, 0x8B, 0x61, 0xE6, 0x3C, 0xD0,
    0x01, 0x04, 0x80, 0x1D, 0xC0, 0x06, 0x64, 0x6B, 0x72, 0x0B, 0x70, 0x53, 0xF5, 0xE4, 0xD2, 0x42,
    0x2B, 0xAD, 0x04, 0x69, 0xCB, 0xF5, 0x8F, 0x0B, 0xD7, 0x52, 0xF5, 0x70, 0xCB, 0x7A, 0xAD, 0x07,
    0xDA, 0xB9, 0xEE, 0x71, 0xB1, 0xF1, 0xB8, 0xA9, 0x85, 0x6E, 0x74, 0x10, 0xC6, 0x0B, 0x92, 0x7B,
    0x49, 0x72, 0x5F, 0x83, 0x2E, 0xAE, 0x8C, 0x6E, 0x5E, 0xCB, 0xE8, 0x76, 0x4B, 0x37, 0x35, 0x92,
    0xFA, 0x4A, 0xDA, 0xC8, 0xA4, 0x09, 0x9A, 0xB3, 0x40, 0x35, 0x01, 0xF5, 0xC8, 0xD1, 0x0D, 0x40,
    0x93, 0x5C, 0xDB, 0x1F, 0xEB, 0x74, 0x5C, 0xC6, 0x4E, 0xCC, 0xE7, 0x5A, 0x00, 0x5A, 0x59, 0xE5,
    0x92, 0xEC, 0xDE, 0xDB, 0xE5, 0xA1, 0xDC, 0x48, 0x50, 0x2F, 0x08, 0x68, 0xA3, 0x35, 0xE7, 0x22,
    0x6F, 0x01, 0xBA, 0x89, 0x64, 0x61, 0x30, 0x90, 0x41, 0xA6, 0xE1, 0x14, 0x8B, 0xB1, 0xA5, 0x0B,
    0x69, 0x85, 0x5C, 0xB2, 0x04, 0xA5, 0x85, 0xA7, 0xDA, 0x0C, 0xEA, 0x15, 0x83, 0xC5, 0xA0, 0x99,
    0xC1, 0x22, 0x03, 0xDC, 0xCE, 0x8D, 0x9C, 0x7C, 0x12, 0x27, 0x49, 0x91, 0x70, 0x19, 0x18, 0xE9,
    0xE6, 0x33, 0x92, 0xE7, 0xEE, 0x1E, 0x1E, 0x01, 0xF8, 0x34, 0x8D, 0x79, 0xE4, 0x11, 0xD9, 0x5C,
    0xAE, 0xAD, 0x5E, 0xBD, 0xE6, 0xF6, 0x36, 0x5D, 0x62, 0x87, 0x76, 0x49, 0xC9, 0xDC, 0x58, 0x6C,
    0xD0, 0xF5, 0xF9, 0x06, 0x81, 0xE4, 0x45, 0xB1, 0x5E, 0xEA, 0xEB, 0x19, 0xD4, 0xBB, 0x48, 0x61,
    0x9F, 0x36, 0x56, 0x7C, 0xF8, 0xA5, 0xCE, 0xCA, 0x3B, 0x9E, 0xB8, 0x1F, 0x37, 0x02, 0xFE, 0x1F,
    0x33, 0x5A, 0xE9, 0x5E, 0xD2, 0xE4, 0xA4, 0x42, 0x1A, 0x5D, 0x9A, 0x48, 0xF5, 0xA5, 0x46, 0xDC,
    0x42, 0xA1, 0x81, 0x6E, 0x4C, 0x1C, 0xA0, 0x1E, 0x34, 0x15, 0x02, 0x42, 0xAC, 0x56, 0x6B, 0xAD,
    0x9E, 0x13, 0xCC, 0x6E, 0x84, 0x73, 0xDA, 0x35, 0x7C, 0x03, 0x6A, 0x6D, 0x52, 0x02, 0x25, 0x38,
    0x79, 0x9C, 0x2E, 0xFE, 0x90, 0x51, 0x3F, 0x01, 0xFF, 0xF7, 0x61, 0xFD, 0xFD, 0xAB, 0x50, 0x19,
    0x79, 0x06, 0x33, 0x60, 0x11, 0x0D, 0xB8, 0x12, 0xA3, 0x8D, 0x5D, 0xE5, 0xD2, 0x8C, 0x7D, 0xB0,
    0x60, 0xA1, 0x23, 0xC9, 0x04, 0x99, 0x20, 0xDF, 0x41, 0xB1, 0x61, 0x9D, 0x97, 0x87, 0x51, 0x2D,
    0x18, 0x07, 0x75, 0x84, 0x26, 0x42, 0x3B, 0xD9, 0xE0, 0xFA, 0x9E, 0xAB, 0xB3, 0xEC, 0xC3, 0x97,
    0x0F, 0x55, 0x5C, 0x4D, 0xA8, 0x63, 0xB8, 0xD4, 0xF3, 0x9D, 0x7B, 0x8E, 0x56, 0xC9, 0x43, 0xD0,
    0x44, 0x29, 0x45, 0xDA, 0xA9, 0x9B, 0xE9, 0x86, 0x3A, 0xA2, 0xA1, 0x9C, 0x72, 0x0D, 0xB9, 0x2F,
    0x7E, 0x1B, 0xA1, 0xFC, 0x51, 0x6A, 0xFC, 0x5B, 0x82, 0x6A, 0xD0, 0x48, 0x35, 0xBA, 0x99, 0x2A,
    0x56, 0x3B, 0xCA, 0x25, 0x93, 0x2F, 0x76, 0x74, 0x49, 0x9F, 0xCD, 0x44, 0x37, 0x57, 0x91, 0x66,
    0x2B, 0xD2, 0x0C, 0xDE, 0x3B, 0x42, 0xF8, 0x56, 0xEA, 0xE0, 0x0F, 0x13, 0x54, 0xFF, 0x1D, 0xAB,
    0xBE, 0xD0, 0xD0, 0x0E, 0x85, 0xBC, 0x1B, 0x0B, 0xE1, 0xD2, 0x6C, 0x38, 0x9B, 0x67, 0x99, 0x28,
    0xCF, 0x9A, 0x0C, 0x52, 0x8E, 0xD6, 0xBB, 0x18, 0x86, 0x2E, 0x6A, 0x08, 0x3F, 0x57, 0xEF, 0xFC,
    0x0E, 0x33, 0xCE, 0x7C, 0x3D, 0x49, 0x3D, 0x93, 0xC9, 0xA3, 0xDE, 0x9D, 0x86, 0x09, 0xBA, 0x9E,
    0x7C, 0x35, 0x81, 0xD3, 0x51, 0x4C, 0xA6, 0xB5, 0x7A, 0xC8, 0xC2, 0x1B, 0x8A, 0xA9, 0xA1, 0xD1,
    0x92, 0xC7, 0x0B, 0xE8, 0xFE, 0xB1, 0xB0, 0x9C, 0xCF, 0x8E, 0x85, 0xAF, 0xBE, 0x38, 0x5F, 0x99,
    0x79, 0xF1, 0x17, 0x8B, 0x85, 0x47, 0x70, 0xFE, 0xB2, 0x07, 0xB8, 0x60, 0x29, 0xE7, 0xCB, 0xC1,
    0x02, 0x9C, 0xFF, 0xC5, 0x62, 0x4D, 0xF0, 0xE2, 0x22, 0x65, 0x7B, 0xF1, 0xF9, 0x59, 0x5A, 0x05,
    0x5F, 0x75, 0x04, 0xAD, 0x2C, 0x8D, 0x6F, 0x35, 0xE7, 0x71, 0x9F, 0xE8, 0x09, 0x94, 0x63, 0x11,
    0x81, 0xA6, 0xC7, 0x8A, 0x00, 0xD7, 0x93, 0x22, 0x54, 0xBB, 0xB7, 0x85, 0x11, 0x08, 0x56, 0x2E,
    0x27, 0x1F, 0xF6, 0x98, 0x51, 0xCE, 0x5F, 0xC4, 0x69, 0x41, 0x9A, 0xF3, 0xAD, 0x8A, 0xE5, 0x5C,
    0x4D, 0xD5, 0x3E, 0x54, 0x3D, 0x36, 0x43, 0x3D, 0xB8, 0xBE, 0x19, 0x82, 0x6F, 0x2E, 0xD4, 0x43,
    0x6B, 0xE9, 0x6B, 0xB5, 0x9E, 0xB6, 0x94, 0x5B, 0x3D, 0xE1, 0xB1, 0x7D, 0xF2, 0xCC, 0x87, 0x3F,
    0x11, 0x5B, 0x29, 0x3A, 0xA9, 0x27, 0x59, 0x16, 0xB9, 0x3B, 0x54, 0x2B, 0x49, 0x64, 0x73, 0x29,
    0xD0, 0xD8, 0xAE, 0x94, 0xF2, 0xC1, 0x66, 0x42, 0x03, 0x6E, 0xAE, 0x04, 0x5D, 0xAC, 0x37, 0x08,
    0x73, 0x2D, 0x70, 0x6B, 0x29, 0x4F, 0xBD, 0x25, 0x7D, 0x14, 0xB2, 0xED, 0x43, 0x7D, 0x33, 0xA7,
    0xCA, 0xCB, 0xD9, 0x26, 0xC1, 0x73, 0xBA, 0x37, 0x1F, 0x24, 0x0D, 0x97, 0x3A, 0xC0, 0x5D, 0x9D,
    0xBB, 0x73, 0xEF, 0xB4, 0xC3, 0x49, 0xBE, 0x93, 0x48, 0xE3, 0xFA, 0xA7, 0xA7, 0xC0, 0xF5, 0x6C,
    0xD3, 0x9D, 0x61, 0x3F, 0x5D, 0x14, 0x13, 0xD5, 0x50, 0xF7, 0x64, 0xF1, 0xEE, 0xAD, 0xFC, 0x17,
    0xCF, 0x6B, 0xFE, 0x31, 0x9D, 0xF7, 0xFC, 0xF2, 0x9B, 0xF1, 0x6E, 0x9F, 0xDD, 0xBB, 0x3A, 0x96,
    0xDF, 0x1B, 0xF7, 0x4E, 0x7E, 0xEF, 0xFE, 0x43, 0xFD, 0xD9, 0xF2, 0x67, 0x43, 0xFD, 0xFC, 0xF2,
    0x5B, 0xF1, 0x16, 0xE7, 0xB5, 0x17, 0x6D, 0xE7, 0xDD, 0xFD, 0xFA, 0x8F, 0xB8, 0xE3, 0xF3, 0x6B,
    0x4F, 0x16, 0x53, 0x94, 0xD1, 0xE2, 0xD1, 0x98, 0xC4, 0x4E, 0xE1, 0xE4, 0xF4, 0x31, 0x24, 0x52,
    0x3A, 0x1B, 0xDA, 0x5F, 0xA7, 0x9B, 0x90, 0x69, 0xA1, 0x92, 0x68, 0xA5, 0xC1, 0xFD, 0x29, 0x8C,
    0x5D, 0xDF, 0x4E, 0x81, 0x3A, 0xDA, 0xF0, 0xF5, 0x14, 0x86, 0x76, 0x74, 0x17, 0x6B, 0x68, 0x25,
    0x5F, 0x69, 0x23, 0x0B, 0x13, 0x64, 0x8F, 0xC0, 0x94, 0x74, 0xF5, 0xAE, 0xBB, 0x3C, 0x31, 0x76,
    0x79, 0xCD, 0x5F, 0x90, 0xBF, 0x17, 0x33, 0xAE, 0x7F, 0x95, 0xCC, 0x1E, 0xAD, 0x91, 0x47, 0x9A,
    0x0A, 0x29, 0x56, 0x4B, 0x3D, 0x57, 0x63, 0x35, 0xE7, 0x7D, 0x7D, 0x50, 0x6F, 0x18, 0xC8, 0x65,
    0x3B, 0x36, 0x6E, 0x22, 0x93, 0x37, 0x9D, 0xBB, 0x3F, 0x59, 0xBC, 0x31, 0x05, 0xB2, 0xBF, 0x0E,
    0x8C, 0x73, 0x4F, 0xD0, 0x98, 0xA7, 0x58, 0x4B, 0x1D, 0xB3, 0xB1, 0x9E, 0xA0, 0x19, 0x21, 0xF4,
    0xDC, 0x74, 0x03, 0x09, 0xBE, 0xAE, 0x1E, 0xDC, 0x60, 0xC3, 0x84, 0x24, 0x6E, 0x10, 0x36, 0x3A,
    0xCD, 0x38, 0x79, 0x4E, 0x3C, 0xC9, 0x62, 0xBE, 0x16, 0x5B, 0xBD, 0xB6, 0xB3, 0x9B, 0x82, 0xDF,
    0xB8, 0x07, 0x97, 0x5A, 0x2E, 0x2A, 0x5B, 0xE9, 0xB8, 0xD9, 0xCA, 0x72, 0xF1, 0x08, 0x34, 0x8B,
    0x2D, 0xAC, 0x76, 0x26, 0x8C, 0xD0, 0x46, 0x94, 0x12, 0x1D, 0x01, 0x4B, 0x3D, 0xA5, 0x16, 0xE8,
    0xC6, 0x3C, 0x41, 0x18, 0x0B, 0x91, 0xA0, 0x4C, 0xA0, 0xA1, 0x36, 0x18, 0x5B, 0x83, 0x8B, 0x82,
    0xEE, 0xDF, 0x27, 0xE5, 0x77, 0x1A, 0x72, 0x69, 0xED, 0xE4, 0x13, 0x45, 0x6E, 0x47, 0x71, 0xD6,
    0xD6, 0x6E, 0xB9, 0x5C, 0x8F, 0x0C, 0x2B, 0x07, 0xA8, 0x97, 0xAB, 0xF8, 0x4F, 0x6B, 0x0D, 0x52,
    0x72, 0x83, 0xC9, 0xE0, 0xA5, 0x9E, 0xA3, 0xD9, 0x7A, 0xCD, 0x64, 0xD2, 0x6A, 0x25, 0xF9, 0x74,
    0xF1, 0x9F, 0xBF, 0x42, 0x29, 0xD5, 0x03, 0xD4, 0x52, 0x93, 0x8A, 0xDF, 0x43, 0x0F, 0x9D, 0x76,
    0xAD, 0x6D, 0x9E, 0x9B, 0x03, 0xA4, 0xF5, 0x00, 0x9D, 0xC1, 0xF2, 0x52, 0x0C, 0xBE, 0x66, 0x30,
    0xAF, 0x40, 0x50, 0x4C, 0xE0, 0x0C, 0x68, 0xF4, 0xBB, 0x05, 0xC8, 0xDE, 0x7D, 0xA1, 0x55, 0x55,
    0x7F, 0x2B, 0x5E, 0x06, 0x9A, 0x03, 0xBC, 0x7C, 0xB2, 0xBA, 0x1F, 0x3C, 0x5A, 0xC1, 0xF5, 0x70,
    0x19, 0x78, 0x69, 0x4A, 0x0E, 0x96, 0x8E, 0x6C, 0xDB, 0x80, 0x5B, 0x16, 0xA6, 0x86, 0xED, 0x69,
    0x1A, 0x2D, 0xEB, 0x5B, 0xED, 0xF5, 0x8D, 0x64, 0x27, 0x8F, 0x30, 0xC8, 0xA7, 0x66, 0x71, 0xEB,
    0xFE, 0x37, 0xB7, 0xE3, 0x71, 0x06, 0x0B, 0xF5, 0x59, 0xD7, 0xE3, 0xBC, 0xFD, 0x27, 0x27, 0xB2,
    0xDA, 0x1E, 0x33, 0x4F, 0x39, 0x9F, 0xD1, 0x52, 0x6B, 0x2E, 0x15, 0x69, 0xF6, 0xC7, 0x44, 0x3B,
    0xE2, 0x86, 0x74, 0x74, 0x3D, 0x61, 0x7F, 0x78, 0x04, 0xA2, 0xD1, 0xD4, 0x69, 0x0E, 0x8A, 0x64,
    0xA1, 0xA7, 0x56, 0xA4, 0xFB, 0xCF, 0x82, 0x8A, 0x35, 0xDF, 0xF2, 0x75, 0xEF, 0xD7, 0x72, 0x2E,
    0xD6, 0x2A, 0x96, 0x4B, 0x15, 0xEB, 0x58, 0xC5, 0x66, 0x2A, 0xCF, 0x86, 0x34, 0x91, 0x10, 0x66,
    0x0E, 0xE6, 0xCF, 0x7C, 0x38, 0x0C, 0x26, 0x54, 0xED, 0x0E, 0xD5, 0x72, 0x37, 0x28, 0x57, 0xE4,
    0x0F, 0xFB, 0x54, 0xA6, 0xA1, 0x9D, 0x21, 0xD8, 0x66, 0xE6, 0x96, 0x4A, 0x9E, 0x76, 0x2D, 0xD4,
    0xD3, 0xEC, 0xBD, 0xA7, 0x9B, 0x2B, 0x91, 0x1D, 0x77, 0x40, 0x4D, 0x76, 0xBB, 0xA7, 0x9B, 0xEC,
    0x75, 0x5F, 0x45, 0x38, 0x87, 0xCC, 0x73, 0xB4, 0xDE, 0xD2, 0x02, 0xD9, 0x0C, 0x54, 0xC9, 0x15,
    0x1B, 0xEC, 0x7B, 0xC6, 0xD6, 0xB1, 0x35, 0x42, 0xEA, 0x9C, 0xD2, 0xCE, 0xDC, 0x78, 0xB8, 0x44,
    0x3D, 0xD0, 0x4C, 0xC6, 0x20, 0xD0, 0x8E, 0x07, 0x99, 0x9B, 0x96, 0xEA, 0xF9, 0x78, 0x66, 0x34,
    0xD3, 0xF5, 0x36, 0x1A, 0xA3, 0x0C, 0x99, 0x90, 0x83, 0x27, 0x5F, 0xC9, 0x35, 0x20, 0x28, 0x67,
    0x2A, 0xF5, 0x08, 0xEA, 0x89, 0x56, 0xBE, 0x51, 0x4C, 0x9F, 0x87, 0xCE, 0xC4, 0x18, 0xC8, 0xD7,
    0x8E, 0xA0, 0x29, 0xDB, 0x51, 0xC6, 0xAF, 0x83, 0xE5, 0x6A, 0x06, 0x63, 0xA9, 0x8E, 0x74, 0xF7,
    0xDC, 0xAC, 0x86, 0xFD, 0xF3, 0xC7, 0x6E, 0x1E, 0xE8, 0x86, 0x42, 0xD2, 0x04, 0x88, 0x74, 0x36,
    0x5A, 0x5F, 0xD9, 0x87, 0x3F, 0x72, 0x71, 0x0F, 0xD5, 0x0A, 0x94, 0xC7, 0xBE, 0xA8, 0x0E, 0x7D,
    0x59, 0x6A, 0x2B, 0xF3, 0x60, 0x15, 0x57, 0x6D, 0x27, 0x1C, 0x59, 0xAB, 0xFB, 0x23, 0x6B, 0x2E,
    0x1A, 0x6B, 0x96, 0xFA, 0xC8, 0x9A, 0xFC, 0x81, 0xB5, 0x62, 0x87, 0x25, 0x3B, 0xA4, 0x36, 0xD6,
    0xEA, 0x78, 0x64, 0xCD, 0x52, 0x1B, 0x57, 0xA1, 0x3F, 0x9E, 0x09, 0xAC, 0x94, 0xD4, 0xE6, 0xD3,
    0x16, 0x7B, 0x52, 0xCD, 0xB9, 0xE4, 0x09, 0x9E, 0x66, 0xAA, 0x65, 0xAC, 0xE1, 0x86, 0x76, 0x72,
    0x23, 0x02, 0xE1, 0x7A, 0x37, 0x36, 0x8A, 0xF9, 0xC6, 0x2D, 0x70, 0x43, 0xA7, 0xB9, 0x5C, 0x48,
    0x1F, 0x06, 0x4D, 0x29, 0x57, 0xAE, 0x63, 0x6C, 0xAB, 0xC1, 0x72, 0xB5, 0xD1, 0xF4, 0x7E, 0x98,
    0x4C, 0x9B, 0xBE, 0x72, 0x03, 0x9B, 0x3E, 0x2B, 0xD7, 0x5E, 0xB1, 0x57, 0xAD, 0xAF, 0x5C, 0x92,
    0xF5, 0x65, 0x9C, 0x42, 0x21, 0xC8, 0xA4, 0xCD, 0x3E, 0x3D, 0xDA, 0xB3, 0xB9, 0x1A, 0xBB, 0x25,
    0x80, 0xA9, 0xD0, 0xE4, 0x2F, 0x7F, 0x28, 0x2A, 0x1C, 0x66, 0x87, 0x5C, 0x21, 0xDA, 0x96, 0x45,
    0x31, 0xD7, 0xD1, 0x72, 0x63, 0xDB, 0xB6, 0x71, 0x0A, 0xED, 0x60, 0xB9, 0xC1, 0x96, 0x8E, 0x71,
    0xFA, 0xB4, 0xCD, 0xE4, 0x01, 0x48, 0x47, 0x4E, 0xBF, 0xAC, 0x3E, 0xF1, 0x5A, 0x4E, 0x1C, 0x54,
    0xDA, 0x46, 0x3B, 0x13, 0x04, 0xEB, 0xC6, 0x56, 0xDD, 0x64, 0x7B, 0xF7, 0x4C, 0xA5, 0xF1, 0x89,
    0x61, 0x33, 0x61, 0xFF, 0x76, 0xE8, 0x0E, 0xAB, 0xAE, 0x19, 0xDC, 0xCE, 0x23, 0xB2, 0xB5, 0xED,
    0x33, 0xC8, 0x37, 0xCA, 0xE8, 0x7A, 0x2C, 0x57, 0x33, 0x76, 0xFE, 0xB0, 0xEA, 0xDE, 0xFA, 0xBF,
    0xF2, 0xAD, 0x23, 0xD8, 0x72, 0x64, 0xA9, 0x96, 0xA4, 0x99, 0x16, 0xA0, 0xF8, 0x21, 0xBC, 0x1B,
    0x23, 0xBC, 0x07, 0xE1, 0xB6, 0x1F, 0x09, 0xEF, 0xBD, 0xF7, 0xDE, 0x9B, 0x66, 0x87, 0x47, 0x62,
    0x66, 0x8F, 0x37, 0x3B, 0xFC, 0xEA, 0xDB, 0x2D, 0x66, 0x7A, 0x4A, 0x78, 0x0F, 0xC2, 0x2F, 0x47,
    0x78, 0x0F, 0x22, 0x42, 0x3F, 0xA8, 0xEE, 0x96, 0x74, 0xD0, 0xC9, 0x53, 0xB7, 0x9F, 0xBE, 0x5F,
    0x4D, 0xF4, 0x8B, 0x7E, 0x15, 0x73, 0xF3, 0x54, 0x4C, 0xDF, 0xA7, 0x7B, 0x32, 0xAB, 0x2A, 0x33,
    0x2B, 0xAB, 0xE4, 0xA9, 0x0E, 0x07, 0x00, 0x90, 0xB1, 0xD9, 0x5B, 0x64, 0xD3, 0x6F, 0x79, 0xD9,
    0xFE, 0xF3, 0xD2, 0x4B, 0xC9, 0x19, 0xF5, 0xE2, 0x84, 0x8F, 0x66, 0xCF, 0x42, 0x1C, 0x7E, 0xB5,
    0xBC, 0x77, 0x6F, 0xB0, 0x99, 0x95, 0x5B, 0xFB, 0xE4, 0x88, 0x8F, 0xFB, 0xD1, 0x53, 0xB0, 0x64,
    0x20, 0xA4, 0x62, 0x38, 0xC2, 0x2A, 0x47, 0x63, 0x37, 0x8E, 0x1A, 0x36, 0xC5, 0xCA, 0x62, 0xD5,
    0x58, 0x2A, 0xC4, 0x91, 0xE4, 0x63, 0xCE, 0x0F, 0xDF, 0xEE, 0x3A, 0xCB, 0x56, 0x76, 0x57, 0x63,
    0x73, 0x05, 0x82, 0x4B, 0xFC, 0x03, 0x32, 0x69, 0x2B, 0xCC, 0x27, 0x61, 0xB9, 0x46, 0x84, 0x01,
    0x6D, 0x66, 0x98, 0x20, 0xC4, 0x58, 0xBB, 0x0A, 0xDD, 0xD7, 0xB9, 0x37, 0xD8, 0x6E, 0x2D, 0xC2,
    0x3A, 0x62, 0x17, 0x84, 0x58, 0x0D, 0xD2, 0x88, 0x19, 0x36, 0xC3, 0x32, 0x62, 0xF5, 0x7F, 0xBB,
    0x61, 0xF3, 0x97, 0x30, 0xF4, 0xCF, 0x0A, 0x91, 0x19, 0xA6, 0x3B, 0xC3, 0x26, 0x15, 0x4E, 0xD1,
    0x9B, 0x85, 0x13, 0x0C, 0x66, 0x5F, 0xA2, 0x06, 0x86, 0xE8, 0xE5, 0x00, 0x12, 0xC8, 0x25, 0x64,
    0x44, 0x3A, 0xB4, 0xFD, 0x65, 0x2F, 0x23, 0x52, 0xBB, 0x6E, 0x16, 0xB9, 0x6E, 0x51, 0x5C, 0x6C,
    0x82, 0x53, 0x9C, 0xA6, 0x6D, 0xEE, 0x1E, 0x1F, 0x8C, 0xB4, 0x55, 0x65, 0xFB, 0xAD, 0x8D, 0xC1,
    0x31, 0x1A, 0xAB, 0x17, 0x14, 0xA3, 0xB0, 0x9B, 0xA2, 0x42, 0xC2, 0x2A, 0x7E, 0xAD, 0x43, 0xD4,
    0x77, 0x12, 0xFE, 0xB2, 0xBB, 0x59, 0x76, 0x4A, 0xBE, 0x2A, 0x9A, 0x69, 0x15, 0x56, 0x10, 0x7A,
    0x0C, 0xD2, 0x4B, 0x76, 0x2B, 0x56, 0xAD, 0xE0, 0x66, 0xCE, 0x16, 0x62, 0xDD, 0x26, 0xE3, 0x8D,
    0xB2, 0xD3, 0x1D, 0xAD, 0xED, 0x0C, 0xCF, 0xCC, 0xE2, 0xFD, 0x1F, 0x8B, 0xCC, 0x85, 0xD9, 0xF0,
    0x59, 0xD9, 0xAB, 0x70, 0xBB, 0x8B, 0xED, 0xA6, 0xAD, 0x37, 0xF1, 0x5F, 0xE4, 0x99, 0x98, 0x93,
    0xCB, 0x0B, 0x36, 0x86, 0x75, 0x68, 0x64, 0xA7, 0x49, 0x8E, 0x35, 0xB9, 0x69, 0xF6, 0x49, 0x3E,
    0x2B, 0xEA, 0xB5, 0x09, 0x3D, 0x0C, 0x92, 0xED, 0x76, 0x4F, 0xE4, 0x7E, 0x9D, 0x98, 0xCD, 0x65,
    0x2F, 0xAC, 0x5B, 0xE9, 0x8B, 0x8B, 0xFE, 0xC2, 0x27, 0x7E, 0xF4, 0x66, 0xD8, 0xEB, 0x1D, 0xB8,
    0xC9, 0x37, 0x9B, 0x75, 0x00, 0xA0, 0xA4, 0x55, 0x3D, 0x6A, 0xAD, 0x1F, 0x32, 0x05, 0xF7, 0xE4,
    0x2B, 0xAD, 0x97, 0xDF, 0xDF, 0x62, 0x9A, 0x51, 0xFD, 0xCB, 0xAA, 0x84, 0xD1, 0x35, 0x7F, 0xB6,
    0x3A, 0x19, 0x16, 0x65, 0x34, 0x4C, 0xBA, 0x55, 0xD1, 0x54, 0x45, 0x60, 0x2C, 0x56, 0xFE, 0xD7,
    0xC4, 0x5E, 0x33, 0x34, 0xF1, 0xC1, 0x68, 0x3B, 0xF5, 0xB2, 0x9D, 0x6A, 0x8E, 0xF2, 0x91, 0x38,
    0xF6, 0xB3, 0x56, 0x45, 0x7B, 0x99, 0xE9, 0x2F, 0x76, 0x8A, 0x34, 0xB8, 0xF4, 0x32, 0x7C, 0xFE,
    0x17, 0xA2, 0x75, 0x3F, 0x60, 0x7F, 0x40, 0x7B, 0xEE, 0x66, 0x81, 0x1C, 0xCC, 0x56, 0x18, 0x87,
    0x8A, 0x9D, 0x59, 0x19, 0x2D, 0x59, 0xEE, 0x2F, 0xF3, 0xAB, 0x2B, 0x30, 0x99, 0x05, 0x83, 0xEB,
    0x10, 0xA2, 0x0D, 0x3D, 0x96, 0x42, 0xBD, 0x4B, 0x4B, 0xFC, 0xDE, 0x9A, 0xC3, 0x09, 0x66, 0xEF,
    0x9D, 0xA6, 0x33, 0x83, 0xFD, 0xE3, 0x3B, 0xAD, 0xCE, 0x6F, 0x2E, 0x5B, 0x13, 0xCC, 0x87, 0x64,
    0x5D, 0x25, 0x5B, 0x0A, 0xA6, 0x25, 0x53, 0x89, 0xAB, 0x39, 0xD7, 0xAC, 0x57, 0x52, 0xB3, 0xC4,
    0xBF, 0x31, 0xB9, 0x5E, 0x64, 0xD2, 0x33, 0x3E, 0xE6, 0x43, 0x83, 0x81, 0x19, 0x2D, 0xEE, 0x7E,
    0x29, 0x06, 0x2B, 0x44, 0xB6, 0xB9, 0xAA, 0xB7, 0x62, 0x58, 0x81, 0xD4, 0x62, 0x2D, 0xF0, 0xB1,
    0x53, 0xC1, 0x57, 0x51, 0x55, 0xE3, 0xA3, 0x11, 0xA9, 0x87, 0x98, 0x25, 0xDA, 0xD6, 0x5C, 0xD5,
    0xE8, 0x53, 0x7B, 0x2F, 0xC1, 0x0F, 0x0A, 0x30, 0x08, 0x66, 0x03, 0x1F, 0xA7, 0x2E, 0x7A, 0x99,
    0x63, 0xD0, 0x02, 0x68, 0x0D, 0x4E, 0x2D, 0xB1, 0xFA, 0x90, 0x33, 0x9E, 0x93, 0x60, 0x74, 0x85,
    0xC0, 0x75, 0xCB, 0xE3, 0x4C, 0x59, 0xFD, 0xAC, 0x64, 0xFE, 0x00, 0x2B, 0xC2, 0x5A, 0xD9, 0x1B,
    0x23, 0xAB, 0xB8, 0x49, 0x8C, 0x7C, 0x82, 0xEC, 0x02, 0x60, 0x27, 0x02, 0x95, 0x6F, 0x99, 0x6C,
    0xD9, 0xB6, 0xBC, 0x34, 0x3D, 0x2E, 0x50, 0x89, 0x65, 0xBD, 0xBA, 0x64, 0x31, 0xC8, 0x82, 0x4D,
    0xFA, 0x62, 0x39, 0x60, 0xB1, 0x19, 0xEA, 0xEF, 0x71, 0x75, 0x54, 0xE2, 0xD7, 0x10, 0x46, 0x81,
    0x34, 0x72, 0x6F, 0x21, 0xB8, 0x73, 0x2E, 0xDF, 0xD6, 0x06, 0x89, 0x96, 0x6F, 0x8E, 0xF9, 0xF4,
    0x8B, 0x6F, 0xD5, 0xBA, 0x47, 0xCD, 0x04, 0xEF, 0xE8, 0x4E, 0x93, 0x28, 0x91, 0xB6, 0x05, 0x56,
    0x42, 0x2D, 0xCF, 0xE5, 0x07, 0x18, 0x27, 0x63, 0x9D, 0x2E, 0xEE, 0xA9, 0x47, 0xCD, 0x04, 0x6A,
    0x75, 0x6B, 0x4B, 0x01, 0xBF, 0x89, 0x96, 0x9C, 0x7E, 0x8B, 0x90, 0xC2, 0x9C, 0x75, 0xB2, 0xA7,
    0x9B, 0x0E, 0xA8, 0x1E, 0xB1, 0xE1, 0xFF, 0xAC, 0xCB, 0x81, 0x58, 0x06, 0x13, 0xE3, 0x65, 0x3B,
    0xD3, 0xEC, 0xEE, 0xB2, 0x5B, 0x7E, 0x97, 0xD7, 0x51, 0xF7, 0xB3, 0xA8, 0xE5, 0x2C, 0x91, 0x93,
    0x1A, 0x7F, 0x50, 0x41, 0x87, 0x9A, 0x9A, 0x9E, 0x72, 0x47, 0x89, 0x9E, 0x37, 0x44, 0xFD, 0x32,
    0x89, 0x9E, 0x2A, 0x99, 0x42, 0xD4, 0xE3, 0x4A, 0xEC, 0xA6, 0x8F, 0xB4, 0x89, 0xCE, 0x53, 0x0F,
    0x3E, 0x44, 0x21, 0xD6, 0x12, 0x43, 0xDC, 0x48, 0xC7, 0x7A, 0x4D, 0x19, 0xA2, 0x07, 0xCD, 0xB1,
    0xC4, 0xCD, 0x46, 0x13, 0xC4, 0xFB, 0x3A, 0x12, 0xFF, 0x62, 0x92, 0x51, 0x51, 0x64, 0x20, 0x5D,
    0x0E, 0xD1, 0x0B, 0xDC, 0x8B, 0x67, 0x1B, 0x83, 0xF8, 0xC6, 0xFD, 0xE6, 0x47, 0x5E, 0x43, 0xE2,
    0xF2, 0x93, 0x09, 0xC3, 0x6C, 0xBE, 0xBB, 0x1C, 0xE5, 0x21, 0xF6, 0x83, 0x70, 0xB6, 0x72, 0xB2,
    0xB5, 0xAE, 0xBD, 0xA6, 0x9C, 0xD9, 0xBE, 0x54, 0x41, 0xB3, 0x00, 0x70, 0xF7, 0x92, 0xDC, 0x58,
    0xED, 0x56, 0xB9, 0xD4, 0xD7, 0x77, 0xCB, 0x13, 0x08, 0x22, 0x86, 0x4D, 0xD8, 0x40, 0xF4, 0x2A,
    0xC3, 0xD1, 0x95, 0x68, 0x8D, 0x64, 0x81, 0xDE, 0x78, 0xE6, 0x07, 0x66, 0xC2, 0xF4, 0xE5, 0xF8,
    0xF7, 0x1F, 0x3D, 0x30, 0xE7, 0xD3, 0x0E, 0xE4, 0xCF, 0x8C, 0x05, 0x5A, 0xE3, 0x5E, 0x9E, 0x3F,
    0x3B, 0xD3, 0x19, 0xF1, 0x6F, 0x56, 0xA9, 0xE0, 0x83, 0x61, 0x82, 0x59, 0x0B, 0x17, 0x83, 0x61,
    0x67, 0xA5, 0x70, 0x05, 0x7E, 0xF9, 0x16, 0xD1, 0xDE, 0x9D, 0xF0, 0x9C, 0x9A, 0xC6, 0x3D, 0x93,
    0x61, 0x86, 0x1F, 0x5A, 0xDC, 0x79, 0xD7, 0xA4, 0x11, 0x88, 0xFB, 0xA6, 0x31, 0x56, 0xF4, 0xBC,
    0x7B, 0xD3, 0x2D, 0x39, 0x86, 0x2F, 0x91, 0x5B, 0x5B, 0x39, 0x7A, 0x83, 0x75, 0x0A, 0x1A, 0x2D,
    0xC7, 0x1E, 0x0F, 0xE9, 0x3A, 0x58, 0x96, 0xC9, 0x4E, 0xAF, 0xF2, 0x9D, 0xC7, 0xA0, 0x22, 0x15,
    0x87, 0xC0, 0xAB, 0x33, 0x5B, 0xE1, 0x2C, 0x61, 0x32, 0x29, 0x87, 0xDA, 0x05, 0xEB, 0x64, 0x7B,
    0xB3, 0x26, 0xB0, 0x4A, 0x6B, 0xB5, 0xA7, 0xD6, 0x59, 0x4B, 0xA4, 0xBB, 0x65, 0xC2, 0x39, 0x9E,
    0xDD, 0x2C, 0x09, 0xCC, 0xF0, 0x5B, 0xAA, 0x1A, 0xA5, 0xF8, 0x5B, 0xEB, 0x2C, 0x0E, 0xF7, 0x57,
    0x95, 0x11, 0x3D, 0x82, 0xCA, 0x48, 0x0D, 0x16, 0x76, 0xE8, 0xDD, 0x66, 0x67, 0x9C, 0x2A, 0x75,
    0x38, 0x6A, 0x46, 0x70, 0x74, 0x39, 0x3B, 0x05, 0x76, 0xF9, 0xB8, 0x1A, 0xD0, 0x64, 0xB3, 0x12,
    0x33, 0x3B, 0xD6, 0x3E, 0x4B, 0xCA, 0xF7, 0x06, 0xD9, 0x74, 0xDA, 0xAC, 0x73, 0xF8, 0x09, 0xF6,
    0x18, 0x25, 0x6F, 0xFA, 0xC7, 0x37, 0x5A, 0xF0, 0x49, 0xFC, 0x5D, 0x42, 0x67, 0x23, 0x97, 0xEA,
    0xE0, 0xBD, 0xD4, 0x00, 0x76, 0xF8, 0x29, 0x8F, 0x96, 0xDB, 0x86, 0x12, 0x43, 0x66, 0xEB, 0x63,
    0xA4, 0x33, 0xC8, 0x30, 0xF1, 0x67, 0x52, 0xCC, 0x15, 0x1C, 0xA1, 0xD9, 0x05, 0xAB, 0x41, 0x27,
    0xF0, 0x06, 0x13, 0x95, 0xCF, 0x2E, 0x30, 0x12, 0x72, 0x0C, 0x84, 0x02, 0x3D, 0xD9, 0x95, 0x70,
    0x7E, 0xB5, 0x5C, 0xA6, 0x63, 0x26, 0xBC, 0x72, 0x42, 0x27, 0x58, 0x5C, 0x8D, 0xF1, 0x89, 0x18,
    0xA8, 0x6C, 0x06, 0xC3, 0x26, 0x7C, 0x2C, 0x13, 0x3F, 0x41, 0x7A, 0x31, 0xBB, 0x54, 0xEB, 0xCF,
    0x25, 0xB0, 0x66, 0x3E, 0xE5, 0x08, 0x25, 0x46, 0x29, 0xA8, 0x5A, 0xE4, 0x3F, 0x46, 0x43, 0x3C,
    0xA2, 0x96, 0x48, 0xA4, 0x59, 0x7E, 0xC9, 0x8B, 0x5B, 0xA9, 0x34, 0x98, 0x3D, 0x3A, 0x2B, 0xA0,
    0x6F, 0xA5, 0x4A, 0xE0, 0x59, 0xD0, 0x31, 0xF0, 0xF4, 0x68, 0x5A, 0xE2, 0x79, 0xF3, 0x34, 0xD1,
    0xCF, 0x14, 0xB8, 0x4F, 0xA0, 0x8F, 0x21, 0xC8, 0xC3, 0x9C, 0xFC, 0xCB, 0xA3, 0x69, 0x02, 0xB5,
    0x34, 0xE4, 0xA6, 0xF4, 0x5A, 0x05, 0x55, 0x5F, 0x22, 0x98, 0x41, 0x66, 0xAB, 0xBD, 0x24, 0x2E,
    0x79, 0x14, 0x4D, 0x90, 0xB4, 0x47, 0xF6, 0x55, 0x0C, 0xEE, 0x39, 0x57, 0xCF, 0x29, 0xDA, 0x7A,
    0xB5, 0xAB, 0x58, 0x15, 0x93, 0x18, 0x4B, 0x67, 0xE4, 0x62, 0x6D, 0x07, 0x1D, 0x57, 0x49, 0xA2,
    0x34, 0xE0, 0xF6, 0xEA, 0xAA, 0xAD, 0x80, 0xAB, 0x97, 0x14, 0x6D, 0x31, 0xBA, 0x3B, 0x2C, 0xB2,
    0x9F, 0x93, 0x1D, 0xA5, 0xD8, 0xB7, 0xF0, 0x8F, 0x6E, 0x51, 0xA9, 0xE3, 0x63, 0x8D, 0x77, 0x8C,
    0x7F, 0x62, 0x96, 0x60, 0xFF, 0x02, 0x9D, 0xBB, 0x28, 0x4A, 0x97, 0xE8, 0x6D, 0x41, 0x56, 0x88,
    0xA1, 0x88, 0xD1, 0x14, 0x03, 0x33, 0x82, 0xFC, 0xFE, 0x81, 0xCC, 0x7E, 0xFF, 0x52, 0xE8, 0x3F,
    0x16, 0x43, 0x82, 0x29, 0xE5, 0x85, 0x88, 0x14, 0x63, 0x31, 0xE7, 0xE8, 0x33, 0x8C, 0xF5, 0x60,
    0x38, 0x78, 0x57, 0xA0, 0x65, 0xC8, 0xA1, 0x8D, 0x32, 0xBC, 0x30, 0x33, 0x5A, 0xA7, 0x7C, 0x56,
    0xB3, 0x12, 0x2D, 0xCB, 0x48, 0x10, 0xA3, 0x35, 0x02, 0x87, 0x87, 0xEA, 0xB6, 0x35, 0xB3, 0x09,
    0x68, 0x0C, 0x73, 0x22, 0x13, 0xD1, 0x7F, 0x50, 0x92, 0xD1, 0xF4, 0xB7, 0x2D, 0x50, 0xBD, 0xC4,
    0x2E, 0x28, 0x9C, 0x5B, 0x1A, 0xB1, 0x18, 0x85, 0x65, 0x78, 0x63, 0x07, 0x0C, 0x4B, 0x2C, 0x48,
    0x05, 0xA1, 0xFB, 0x4E, 0xC1, 0xB9, 0xB1, 0x8A, 0xD3, 0x1E, 0x1F, 0x5A, 0xA9, 0x6F, 0x00, 0xD7,
    0xC5, 0x3B, 0x18, 0x35, 0xEE, 0xB2, 0x70, 0x61, 0xF1, 0x8E, 0x95, 0x26, 0xAB, 0x59, 0x40, 0x29,
    0x16, 0x31, 0x8F, 0x87, 0x2A, 0x05, 0x3F, 0x7B, 0x44, 0xCB, 0x3A, 0xE2, 0xD9, 0xE7, 0x4E, 0x54,
    0xD2, 0x52, 0x29, 0x59, 0xB1, 0x22, 0x53, 0x73, 0xC1, 0xA0, 0xC0, 0x20, 0x54, 0x86, 0xD7, 0x4D,
    0xF1, 0x94, 0x69, 0x14, 0x62, 0xB0, 0x03, 0x5E, 0x2B, 0x70, 0x59, 0x11, 0x46, 0x81, 0xA3, 0xBB,
    0x64, 0x33, 0x16, 0xD1, 0x63, 0x05, 0xA6, 0x90, 0xD9, 0x68, 0xD7, 0x20, 0xF5, 0x3F, 0xCF, 0x40,
    0xA1, 0x59, 0x58, 0x0C, 0xC2, 0x6E, 0x34, 0x48, 0x21, 0xAC, 0x30, 0x18, 0xFA, 0xDD, 0xC0, 0x61,
    0xBC, 0x1C, 0x34, 0xDC, 0x4C, 0x7B, 0x25, 0x3F, 0x2F, 0x2C, 0x56, 0x61, 0x0D, 0xA1, 0xBF, 0x14,
    0xCF, 0xCC, 0x7E, 0xF4, 0x60, 0x33, 0xB1, 0x9B, 0x72, 0xA2, 0x0E, 0x1C, 0x6E, 0xA2, 0xBD, 0x62,
    0xCB, 0xE7, 0x62, 0x8A, 0x05, 0x75, 0xD9, 0x23, 0x62, 0xB3, 0x74, 0x86, 0xD5, 0xD4, 0xA8, 0x58,
    0xE2, 0x1E, 0xBB, 0xA1, 0xEB, 0xF0, 0x2D, 0xCF, 0xA5, 0xC3, 0x14, 0x06, 0x95, 0x40, 0x6B, 0x2F,
    0xC3, 0x42, 0x28, 0xF6, 0x96, 0x90, 0xF5, 0x6F, 0xC8, 0x4A, 0xCE, 0xEE, 0x3F, 0xED, 0x19, 0x30,
    0x02, 0xDB, 0x01, 0x43, 0x8D, 0x89, 0x7F, 0x5F, 0x68, 0x63, 0x91, 0xA1, 0x25, 0x61, 0x73, 0xD5,
    0xB6, 0x41, 0xB4, 0xE4, 0x0B, 0xA3, 0xF6, 0xFB, 0xB3, 0x15, 0x94, 0xBB, 0xB9, 0x1B, 0x6D, 0x64,
    0x8C, 0x6A, 0xBD, 0x43, 0xFE, 0x73, 0x15, 0x2C, 0x31, 0x65, 0x3F, 0x97, 0x56, 0xA4, 0x13, 0x8D,
    0x6D, 0x3A, 0x46, 0x87, 0xFB, 0x86, 0x6A, 0x2A, 0xBB, 0xBE, 0xA8, 0xCC, 0x46, 0x50, 0x29, 0x18,
    0x6A, 0x7F, 0xAB, 0xFF, 0x2B, 0x98, 0xEC, 0x61, 0xD2, 0xB6, 0x5B, 0x64, 0x88, 0xD7, 0xB4, 0x04,
    0xE8, 0xFF, 0xCA, 0xA8, 0x84, 0xD5, 0x76, 0xBC, 0x9D, 0x05, 0xF0, 0xA1, 0x84, 0x31, 0x2B, 0x0C,
    0xFA, 0xDC, 0xA0, 0x25, 0xE4, 0xD0, 0x04, 0x80, 0xC6, 0x1D, 0x36, 0xCC, 0xE5, 0x6E, 0x81, 0xA7,
    0xDA, 0x6F, 0x53, 0x99, 0xDA, 0xC2, 0x0D, 0x61, 0xB2, 0xE1, 0xFB, 0x37, 0x47, 0x08, 0x94, 0x1C,
    0x64, 0xD1, 0xED, 0x35, 0xB2, 0xA3, 0x60, 0x70, 0xB1, 0xBD, 0xAB, 0x5C, 0xA2, 0x36, 0xE6, 0xF6,
    0x8C, 0x91, 0xE8, 0xC5, 0x32, 0x45, 0xDF, 0x10, 0x33, 0xB8, 0x5A, 0x29, 0x4E, 0xC4, 0xA0, 0x0D,
    0x5F, 0xBD, 0x68, 0xBF, 0xA7, 0xFB, 0x5B, 0xC4, 0x14, 0xD1, 0x81, 0xAC, 0x44, 0x3F, 0x96, 0x33,
    0x11, 0x43, 0x33, 0x0A, 0xBB, 0x41, 0x18, 0x13, 0xE6, 0x3E, 0xFE, 0x4C, 0xEB, 0x43, 0xAC, 0x2C,
    0xEE, 0xC2, 0xD2, 0x0A, 0x23, 0x3B, 0x6D, 0x62, 0x98, 0x60, 0xD2, 0x2A, 0xF0, 0xF1, 0x88, 0xA3,
    0x31, 0x7C, 0xD2, 0xB0, 0x0A, 0x4D, 0xDB, 0x8C, 0xA4, 0xE3, 0xEF, 0xE9, 0x3A, 0x99, 0x07, 0x1C,
    0xB1, 0xC3, 0x6A, 0x58, 0x61, 0x34, 0x5A, 0xCE, 0xA6, 0xAE, 0x8F, 0xEA, 0xC3, 0xF0, 0xED, 0xC5,
    0xDD, 0x7D, 0x94, 0xB8, 0x3B, 0xFF, 0x3F, 0x9B, 0x21, 0x10, 0x0C, 0x3B, 0x4C, 0x86, 0x4F, 0xEC,
    0x06, 0xFC, 0x0B, 0x93, 0xDF, 0x6F, 0x12, 0x4E, 0x8A, 0x10, 0xE2, 0x46, 0x68, 0xBE, 0x8A, 0xE1,
    0xA9, 0x1C, 0xEE, 0x77, 0xBB, 0xD7, 0x69, 0x8F, 0x69, 0xBD, 0xFC, 0xB9, 0x65, 0x2D, 0xF7, 0x2D,
    0xE1, 0x23, 0x53, 0xDC, 0xC3, 0xCA, 0xF1, 0x6F, 0x98, 0x51, 0xD0, 0xBA, 0xBA, 0x3B, 0x57, 0x05,
    0xCA, 0x66, 0x71, 0x7E, 0x62, 0x07, 0xA3, 0xEB, 0xEC, 0x4C, 0xC8, 0x4F, 0x34, 0x0F, 0x4B, 0x0C,
    0x3D, 0x97, 0x83, 0xC9, 0xC6, 0x3F, 0xD3, 0x62, 0xDE, 0xFC, 0x0B, 0x83, 0x47, 0xF0, 0x18, 0x3A,
    0xCC, 0x1E, 0xAE, 0x39, 0x3A, 0x2B, 0x67, 0x10, 0x87, 0xED, 0xB3, 0xDC, 0xE3, 0x67, 0x2E, 0x5A,
    0x15, 0x46, 0x34, 0x37, 0x59, 0x9A, 0x6C, 0xE6, 0xAB, 0xC0, 0xAA, 0xC9, 0xB1, 0x2A, 0xE5, 0xB8,
    0xC6, 0xBA, 0xC8, 0xE5, 0x18, 0xDB, 0x52, 0x67, 0x67, 0x1A, 0xF7, 0x1F, 0x99, 0x59, 0xBA, 0xCD,
    0x17, 0xEA, 0x99, 0x2E, 0x76, 0xFE, 0x31, 0x5F, 0x43, 0x2D, 0x9E, 0x68, 0xDF, 0xCB, 0x6A, 0x4D,
    0x2F, 0x25, 0x93, 0xD7, 0xF0, 0x1E, 0x11, 0x7F, 0xDD, 0x65, 0x13, 0x1D, 0x58, 0x1A, 0xD7, 0x90,
    0xBB, 0x8E, 0xF6, 0xBF, 0x93, 0x04, 0x72, 0xC8, 0xC9, 0x19, 0x25, 0xE5, 0x5E, 0x92, 0x79, 0x28,
    0xE6, 0x6B, 0xCB, 0x39, 0xF9, 0x55, 0x4A, 0xCD, 0x93, 0x06, 0x13, 0xC3, 0x98, 0xA5, 0x3D, 0xCF,
    0x65, 0x94, 0xAB, 0xC9, 0x3B, 0xB9, 0xCD, 0x1F, 0xAF, 0xEF, 0xE8, 0xB2, 0xF6, 0xB5, 0xD2, 0x82,
    0x1C, 0x12, 0xAB, 0xD5, 0x73, 0x73, 0x50, 0x02, 0x3F, 0x87, 0x4D, 0xFB, 0x23, 0x1C, 0x3C, 0x3C,
    0x3E, 0x11, 0x19, 0xFA, 0x72, 0xCD, 0x90, 0xC3, 0x95, 0x8B, 0x8D, 0x4A, 0x3D, 0xE7, 0x2B, 0xB9,
    0x8C, 0x65, 0x20, 0x99, 0xA1, 0x9B, 0xC8, 0xE6, 0xF7, 0xD0, 0x77, 0x73, 0x0A, 0x6C, 0xC6, 0x07,
    0xA3, 0x11, 0xDA, 0xDC, 0x01, 0x4C, 0xA6, 0x3F, 0x14, 0x63, 0x83, 0x21, 0x09, 0x98, 0x77, 0x8C,
    0x4F, 0x04, 0x8F, 0x95, 0x11, 0xA2, 0xC3, 0xDC, 0xC0, 0xFE, 0xA5, 0xC6, 0x4E, 0x5E, 0x39, 0xFE,
    0x91, 0xC4, 0xE8, 0x20, 0x45, 0xCB, 0x07, 0xAB, 0xB5, 0x35, 0x64, 0xC3, 0x08, 0xDF, 0x3F, 0x57,
    0xEC, 0xEE, 0xED, 0xCB, 0x4B, 0xA6, 0x32, 0xCB, 0x5B, 0xFA, 0x49, 0x1F, 0xE8, 0xF3, 0xD6, 0x98,
    0xDD, 0xE2, 0xC3, 0x13, 0xA1, 0x83, 0x7E, 0xA0, 0x02, 0x5A, 0xAB, 0xE9, 0xBF, 0x83, 0x53, 0x8B,
    0x25, 0x58, 0x77, 0x7B, 0xD0, 0x5B, 0x34, 0x76, 0x9A, 0x12, 0x5F, 0x72, 0xF8, 0xD1, 0x73, 0xC5,
    0x2A, 0xB3, 0x78, 0xBC, 0x5C, 0x9C, 0x5A, 0x81, 0xE8, 0x1F, 0x62, 0x0C, 0xA8, 0xF8, 0xCF, 0xD9,
    0xE0, 0xCE, 0x2D, 0x89, 0x37, 0xB9, 0x8C, 0xB8, 0x31, 0x77, 0x3C, 0xFB, 0xC9, 0xB6, 0x04, 0xAE,
    0x08, 0x29, 0x5C, 0x39, 0x67, 0x9B, 0xAB, 0x27, 0x0E, 0xEA, 0xD8, 0xCC, 0xAE, 0xFB, 0x4D, 0x0C,
    0x8A, 0x19, 0xDE, 0xF8, 0x6F, 0x0A, 0x2C, 0xEF, 0x45, 0xB1, 0x3A, 0x3F, 0x15, 0x2B, 0xA7, 0xC5,
    0xA2, 0xE0, 0x5B, 0x01, 0x31, 0x27, 0x92, 0x8D, 0x62, 0x2B, 0xC8, 0xA8, 0xB2, 0x48, 0x3A, 0x59,
    0xD8, 0x8C, 0x21, 0x25, 0xB3, 0x2A, 0x68, 0xE0, 0x37, 0x8C, 0x69, 0xFB, 0xB0, 0x99, 0x16, 0xF3,
    0xA5, 0xE0, 0xDE, 0xF1, 0xAF, 0xED, 0x3B, 0x6B, 0xD7, 0xBA, 0x72, 0x6E, 0x06, 0x57, 0x8F, 0xD5,
    0xC0, 0x5B, 0xB5, 0xFD, 0x43, 0x23, 0x99, 0x4E, 0xC5, 0xE0, 0x4A, 0x5E, 0x7B, 0xA9, 0x43, 0x77,
    0x08, 0x26, 0x85, 0xD5, 0xD8, 0x88, 0xD0, 0xC3, 0x62, 0xC5, 0x03, 0xAA, 0x85, 0x01, 0x36, 0x83,
    0x25, 0xDC, 0x18, 0x0F, 0x62, 0xF4, 0x23, 0xA7, 0x18, 0x74, 0x0B, 0x03, 0x17, 0x37, 0x86, 0x6F,
    0xB1, 0x57, 0x94, 0xEC, 0xD5, 0x36, 0x7E, 0x3F, 0xDF, 0x99, 0xF4, 0x94, 0x2B, 0xFF, 0xAB, 0x82,
    0xE5, 0x5B, 0xF3, 0x5B, 0x37, 0xFF, 0xCB, 0x95, 0xD7, 0x61, 0x6A, 0xD0, 0xD7, 0xE1, 0xEA, 0xFE,
    0x72, 0x36, 0x6A, 0x80, 0xCA, 0xCB, 0xD2, 0x22, 0xD3, 0xDE, 0xAE, 0x86, 0xA6, 0x24, 0x73, 0x0A,
    0x1F, 0xFA, 0x49, 0x3A, 0x14, 0xAB, 0xCA, 0xF0, 0x57, 0xF9, 0xD5, 0x84, 0x5F, 0x37, 0xF2, 0x96,
    0x74, 0x69, 0xDB, 0xB1, 0xEA, 0x53, 0x05, 0x5B, 0xB4, 0x24, 0xE0, 0x0E, 0x06, 0xAE, 0x03, 0x3F,
    0x93, 0x6B, 0xEC, 0x75, 0x2E, 0x17, 0x69, 0xC4, 0x9C, 0xA7, 0xD8, 0x55, 0x1B, 0xE5, 0xC3, 0x51,
    0x0F, 0xD9, 0x5A, 0x4E, 0xE5, 0x9C, 0xCF, 0xD5, 0x90, 0x8D, 0x2F, 0x36, 0x87, 0x24, 0xA4, 0x73,
    0xBE, 0x95, 0xA1, 0xDC, 0xEA, 0xC0, 0x1B, 0x51, 0xF9, 0x6C, 0x0B, 0xEB, 0xC5, 0xD7, 0x5D, 0xE1,
    0xA0, 0x49, 0x27, 0x97, 0xB0, 0x62, 0xE4, 0x2C, 0x95, 0x6E, 0x1E, 0x1C, 0x53, 0x79, 0x70, 0x3D,
    0x73, 0x55, 0xCF, 0x0A, 0x27, 0x53, 0xBC, 0xFB, 0x7A, 0xFB, 0xE7, 0x66, 0x57, 0xC4, 0xC9, 0x13,
    0x1C, 0x0E, 0x91, 0x61, 0xF4, 0x6B, 0xC1, 0x54, 0x9F, 0xEE, 0x7A, 0xAD, 0xC3, 0x41, 0xC0, 0x02,
    0x08, 0xE7, 0xF4, 0x62, 0xE1, 0x03, 0xA3, 0x84, 0x1F, 0x0F, 0x81, 0x01, 0x53, 0x86, 0xDE, 0x5E,
    0xE6, 0xE9, 0x74, 0x3F, 0x45, 0xC1, 0x60, 0xD4, 0xE5, 0x85, 0xF8, 0xE6, 0xC6, 0xBB, 0xC6, 0xF4,
    0xE2, 0x07, 0x1E, 0xA4, 0x17, 0xF7, 0xDF, 0x6C, 0x7A, 0xC1, 0xD6, 0xBA, 0x5B, 0x36, 0xD1, 0x3A,
    0xFC, 0x06, 0xC3, 0x03, 0x7E, 0x0F, 0x38, 0xAC, 0xF6, 0x82, 0x2D, 0x1A, 0x7C, 0x22, 0xE5, 0x66,
    0x19, 0xFA, 0x52, 0x6C, 0x2E, 0x05, 0xD7, 0x4C, 0x86, 0xC1, 0x64, 0x5F, 0x5D, 0x42, 0x20, 0xB5,
    0x99, 0x5D, 0xB9, 0x99, 0x5C, 0x39, 0x35, 0xAB, 0xF5, 0x20, 0xCF, 0xC7, 0xE2, 0x6F, 0xC7, 0x86,
    0x7A, 0xF3, 0x2D, 0x32, 0x60, 0x60, 0x30, 0x02, 0xF3, 0x4E, 0x6D, 0x9F, 0x14, 0xE4, 0x28, 0x7E,
    0x80, 0x02, 0x26, 0x7A, 0x8A, 0x51, 0xB9, 0xB6, 0x46, 0x28, 0x66, 0xDA, 0xDF, 0xFF, 0x06, 0x56,
    0xB9, 0x0E, 0xCE, 0x7A, 0x5A, 0x66, 0x4C, 0x70, 0x0F, 0x73, 0x86, 0xB6, 0x5B, 0x48, 0x65, 0x39,
    0x38, 0x34, 0xA1, 0x59, 0x28, 0x18, 0x99, 0x3B, 0x0A, 0x99, 0x77, 0x72, 0x9D, 0x99, 0x77, 0xC2,
    0x64, 0xE6, 0x4D, 0xD1, 0xFB, 0xB9, 0x80, 0xEB, 0xB6, 0x4E, 0x6F, 0xA9, 0xE9, 0x99, 0xE9, 0xC9,
    0xBC, 0xB1, 0xCD, 0x17, 0x32, 0xF9, 0x2A, 0x6E, 0x9A, 0x3A, 0xD4, 0x28, 0x26, 0xD2, 0x9B, 0xD2,
    0xE8, 0x87, 0xCD, 0xF4, 0x41, 0x2C, 0x2C, 0x74, 0xFE, 0x3C, 0xC5, 0x44, 0x19, 0x19, 0xBD, 0x55,
    0x1A, 0x5C, 0x3E, 0xBB, 0xE5, 0xE1, 0x91, 0x7C, 0xA2, 0x7F, 0x7B, 0xEE, 0xF6, 0x5E, 0xEA, 0x52,
    0x84, 0x9D, 0x2B, 0x67, 0x75, 0xD9, 0xEC, 0xC3, 0x79, 0xA2, 0x3E, 0x2C, 0x6A, 0x3F, 0x98, 0x04,
    0x25, 0xBB, 0x19, 0x4A, 0x13, 0xAB, 0xCE, 0x00, 0x1E, 0x2E, 0xAB, 0xF8, 0x92, 0x9A, 0x9C, 0xAF,
    0x6A, 0x18, 0x85, 0xAD, 0x0C, 0x9D, 0xC8, 0xF1, 0x0A, 0xFE, 0xCB, 0x5E, 0xD6, 0xBF, 0xEE, 0x4B,
    0x6A, 0x57, 0x4D, 0x7F, 0xBB, 0xE9, 0x6F, 0x63, 0x2F, 0x5D, 0x94, 0xE8, 0xDA, 0x0A, 0xCC, 0xB1,
    0x7C, 0x88, 0xE5, 0xC1, 0xFB, 0xF3, 0xD4, 0x0B, 0x3A, 0x51, 0xF8, 0x19, 0x4C, 0x8E, 0x0B, 0x9B,
    0xCF, 0xE2, 0x0A, 0x1E, 0x6D, 0xFB, 0x6F, 0x51, 0x72, 0xA8, 0x04, 0xDE, 0xD3, 0x11, 0x3D, 0x13,
    0x0E, 0x48, 0xF1, 0xA9, 0x93, 0xD5, 0x72, 0xBA, 0xDE, 0x60, 0x4B, 0xAD, 0xEA, 0xB5, 0x64, 0xB1,
    0xFE, 0xB1, 0x5B, 0xD1, 0xA1, 0x5E, 0x09, 0xFF, 0xC4, 0xE2, 0x40, 0x21, 0x96, 0xB5, 0xDE, 0x9A,
    0x7C, 0xBE, 0x00, 0x19, 0x7D, 0xA4, 0x65, 0x82, 0xAF, 0x93, 0x88, 0xBB, 0xDA, 0x64, 0xA7, 0x5A,
    0xD5, 0x69, 0x2B, 0x5E, 0x87, 0xD3, 0x89, 0x1D, 0x4C, 0x7E, 0xB0, 0x7B, 0x03, 0x2D, 0xB5, 0xB7,
    0x84, 0x6B, 0x30, 0x2B, 0x6F, 0x30, 0xA7, 0xE8, 0x3F, 0xC0, 0x73, 0xB0, 0x5C, 0x37, 0x65, 0xE0,
    0x23, 0x29, 0x31, 0xE4, 0x3B, 0x65, 0xB1, 0x31, 0x62, 0x70, 0xE4, 0xD1, 0x56, 0x16, 0xDB, 0x9B,
    0xC0, 0x7C, 0xAD, 0x0B, 0xB4, 0x1C, 0x98, 0xF4, 0xA7, 0xA0, 0xAF, 0x2B, 0xFE, 0x67, 0xFE, 0xD0,
    0x72, 0xAD, 0xFF, 0xEC, 0x5E, 0xA8, 0x80, 0x0A, 0x4B, 0x89, 0xAD, 0xC4, 0x54, 0x62, 0x2E, 0xD1,
    0xB3, 0xD4, 0xB3, 0x59, 0x96, 0x70, 0xF6, 0x20, 0xAA, 0x16, 0xEC, 0xA2, 0x64, 0xD4, 0xF7, 0xAB,
    0x6D, 0x79, 0x6D, 0x2A, 0xA9, 0xEE, 0xD8, 0x51, 0xB8, 0xF7, 0xBB, 0xC6, 0xBA, 0x74, 0xEC, 0xEB,
    0x6A, 0x53, 0x86, 0x89, 0x4A, 0xC0, 0x32, 0xC8, 0xBF, 0xB4, 0xD2, 0xDD, 0xC7, 0xAC, 0xF6, 0x8A,
    0x86, 0x6D, 0x14, 0xA9, 0xF5, 0xB5, 0xD3, 0xA2, 0x76, 0x77, 0x74, 0x11, 0x4C, 0xF7, 0xC0, 0x28,
    0x3F, 0x96, 0x63, 0xB1, 0x65, 0x2A, 0x0D, 0x5D, 0x5F, 0xCB, 0xB3, 0x2D, 0x26, 0x93, 0xD5, 0x20,
    0xDB, 0x0C, 0x0A, 0x41, 0x15, 0xCE, 0xEF, 0x3C, 0xFA, 0xDE, 0xE0, 0x79, 0x0A, 0x2E, 0xAE, 0x37,
    0xD6, 0x6E, 0x4F, 0xAA, 0x57, 0x07, 0xDD, 0x77, 0x59, 0x13, 0x8C, 0xEE, 0xD6, 0xAB, 0x57, 0x5B,
    0xF3, 0xD1, 0x03, 0x14, 0xBB, 0x41, 0x0E, 0x83, 0xEC, 0x80, 0x96, 0x90, 0xC0, 0x2C, 0x93, 0xEE,
    0x24, 0x84, 0x6C, 0x35, 0xC8, 0x09, 0x0E, 0xE5, 0x6C, 0xF0, 0x95, 0x93, 0x41, 0x37, 0x18, 0xF8,
    0xD6, 0x60, 0x77, 0x06, 0xAB, 0x60, 0x11, 0x4C, 0xA7, 0x92, 0x5B, 0x86, 0xAB, 0x83, 0x8D, 0x97,
    0x68, 0x71, 0x34, 0xFF, 0x8E, 0x81, 0x00, 0x38, 0x83, 0x20, 0x18, 0x09, 0xC5, 0x5D, 0x77, 0xBE,
    0xE2, 0xE1, 0x37, 0x73, 0x6B, 0xE6, 0xEE, 0x4C, 0x3E, 0xFE, 0x95, 0xDB, 0xD5, 0x52, 0xAB, 0x4C,
    0xD6, 0xCB, 0x69, 0xD9, 0xCD, 0x09, 0xE5, 0x44, 0xBF, 0xD2, 0xFD, 0x26, 0x69, 0xF9, 0x3F, 0xE2,
    0xDF, 0xE1, 0xD5, 0x00, 0x49, 0x7F, 0x26, 0x5C, 0x82, 0x35, 0xA7, 0x9C, 0x73, 0x30, 0x19, 0x3A,
    0x64, 0x66, 0x83, 0x9D, 0xA1, 0x2D, 0xB8, 0x41, 0xA6, 0xA1, 0x8E, 0x4E, 0xB9, 0xB2, 0x53, 0x07,
    0xD5, 0x06, 0x28, 0xFD, 0xE4, 0xAA, 0xC0, 0xC9, 0x53, 0xE3, 0xE7, 0x60, 0xF4, 0x37, 0x93, 0xAC,
    0xDE, 0xDF, 0xB7, 0x3A, 0xFD, 0xC4, 0xE2, 0xA5, 0xF4, 0x30, 0x0D, 0x25, 0x13, 0x4A, 0xEE, 0xBC,
    0xA5, 0x73, 0x4F, 0x49, 0xA3, 0x7F, 0xC0, 0xCB, 0x5E, 0x76, 0x29, 0xCE, 0x3F, 0xE7, 0x1E, 0xCC,
    0xDC, 0x14, 0x9F, 0x48, 0xC8, 0x60, 0x13, 0x21, 0xD9, 0xB2, 0x18, 0xE1, 0x1F, 0xFD, 0x31, 0xFF,
    0x7F, 0xED, 0x5C, 0x31, 0xB0, 0xE6, 0x56, 0x75, 0x3E, 0x92, 0xFC, 0x9E, 0x88, 0x45, 0x22, 0x17,
    0xF6, 0x00, 0x2C, 0x89, 0x28, 0x28, 0x00, 0x92, 0x88, 0x82, 0x82, 0xCC, 0x30, 0x5C, 0xB1, 0x14,
    0x2E, 0xD9, 0xC2, 0xEB, 0x64, 0xC6, 0x85, 0x5D, 0x24, 0x33, 0x19, 0x17, 0x6C, 0xCA, 0x14, 0x09,
    0x57, 0xC4, 0x05, 0x25, 0x5B, 0x40, 0x1A, 0x1A, 0x17, 0x14, 0xB0, 0x5B, 0x98, 0x82, 0x82, 0xCC,
    0xD8, 0x96, 0x6C, 0x26, 0x93, 0x82, 0xC2, 0xB2, 0x99, 0x89, 0x0B, 0x0A, 0x2B, 0xC1, 0x0C, 0x89,
    0x53, 0xEC, 0x25, 0x23, 0xC2, 0xDD, 0x5D, 0xE9, 0x9E, 0xE8, 0x7C, 0x47, 0x7A, 0xFA, 0xFF, 0x7D,
    0x6F, 0x37, 0x5E, 0x43, 0x78, 0xBB, 0x6F, 0xD1, 0xCC, 0x7F, 0xBE, 0xFB, 0xFE, 0xF7, 0xFF, 0xBF,
    0xEE, 0xFD, 0xBE, 0xAB, 0x7B, 0xCF, 0x3D, 0xE7, 0x4A, 0x44, 0x94, 0x31, 0xBB, 0x19, 0x28, 0xBF,
    0x05, 0x1F, 0xBE, 0x72, 0xE5, 0x32, 0xDD, 0xE9, 0x38, 0x1C, 0x14, 0xCB, 0x05, 0xAD, 0x57, 0xE4,
    0x11, 0x10, 0x2F, 0x98, 0xF0, 0x04, 0xCC, 0x17, 0x2C, 0x7E, 0x15, 0x80, 0xE6, 0xC7, 0x0C, 0x6C,
    0x9E, 0x53, 0xE4, 0x04, 0x18, 0x87, 0x98, 0xAB, 0x19, 0xD3, 0x31, 0xE6, 0x5A, 0xBE, 0xE6, 0x23,
    0x6E, 0xE5, 0x2C, 0x4E, 0xD1, 0x74, 0x04, 0x6C, 0x98, 0xB9, 0x23, 0x8A, 0x66, 0xE0, 0x5E, 0xCE,
    0xC2, 0xA8, 0x77, 0x1A, 0xAE, 0x5C, 0x11, 0xCC, 0x47, 0x22, 0xEB, 0xB4, 0x72, 0x76, 0x7E, 0x99,
    0x7E, 0x7E, 0x79, 0xC2, 0x77, 0xCD, 0x44, 0x19, 0x5F, 0x97, 0x86, 0x77, 0x86, 0x03, 0x15, 0xCC,
    0xBD, 0xE1, 0x89, 0x4A, 0xFC, 0xE0, 0xC5, 0x8B, 0x95, 0xD4, 0x5D, 0x2A, 0x9F, 0xAC, 0xD6, 0x93,
    0xBC, 0x7F, 0x81, 0xF6, 0x8F, 0x87, 0xB4, 0x95, 0xAF, 0xB3, 0xB4, 0xED, 0x66, 0x20, 0xB2, 0xF8,
    0x3C, 0xDF, 0x98, 0x6D, 0xC2, 0xB5, 0xF1, 0x94, 0xB2, 0x9C, 0x3F, 0x1F, 0xC9, 0x38, 0x2A, 0xBC,
    0x58, 0x33, 0x50, 0xD3, 0x4B, 0x81, 0x3B, 0xB2, 0x68, 0x51, 0xD3, 0x27, 0xB3, 0xE5, 0x2E, 0xE3,
    0x7A, 0xB6, 0x39, 0xAC, 0x69, 0xFE, 0xA1, 0x62, 0x37, 0x35, 0x6F, 0xB5, 0x0D, 0xFB, 0x86, 0x5B,
    0xCB, 0xAE, 0x61, 0x32, 0x73, 0x61, 0xA4, 0x3C, 0xA0, 0x2D, 0x17, 0xE8, 0x80, 0x76, 0x8F, 0xB8,
    0xA5, 0x4F, 0x0B, 0x66, 0x3D, 0xA9, 0x8A, 0x7E, 0x2E, 0xA9, 0xBA, 0xAD, 0xAA, 0xC0, 0x95, 0xD2,
    0xBD, 0xA8, 0x74, 0x50, 0x3D, 0x48, 0xAA, 0x7E, 0x54, 0xD4, 0x8A, 0x06, 0xFA, 0x08, 0x51, 0x32,
    0xD2, 0x8B, 0xB3, 0xE5, 0x6F, 0x79, 0xE8, 0xEC, 0xE4, 0xAC, 0xA8, 0xD3, 0xB9, 0xEB, 0x74, 0xAF,
    0x29, 0x7C, 0xF6, 0x95, 0x41, 0x0D, 0x15, 0xA8, 0x51, 0x88, 0x46, 0xC5, 0xC4, 0x2F, 0xB8, 0xFE,
    0x7D, 0xD4, 0x50, 0xBF, 0x10, 0xD0, 0xDF, 0x0B, 0x5A, 0x95, 0x4E, 0xB4, 0xCA, 0x5A, 0xB4, 0x44,
    0x0C, 0x7D, 0x1E, 0xF6, 0x25, 0xD8, 0x00, 0xCB, 0xFF, 0x89, 0xF6, 0xA1, 0xFE, 0xF2, 0xF9, 0xED,
    0xC0, 0x10, 0x9B, 0xF6, 0x47, 0xFF, 0x88, 0x58, 0x6C, 0xC6, 0xF2, 0x8E, 0x81, 0x30, 0xF6, 0xED,
    0xD9, 0xD0, 0x9F, 0xD1, 0x2D, 0x47, 0xD4, 0x84, 0x8A, 0x84, 0x4B, 0x0F, 0x4D, 0x82, 0xD0, 0x0B,
    0x52, 0xDF, 0xFE, 0xC0, 0x48, 0xCD, 0x44, 0xC9, 0x18, 0xB1, 0x9B, 0xAD, 0xB4, 0x27, 0x19, 0x32,
    0xAE, 0xE6, 0xB3, 0xE4, 0x8C, 0xF3, 0x4C, 0x62, 0xCD, 0xB8, 0x59, 0xED, 0x49, 0xCD, 0xED, 0xEC,
    0xB8, 0xDA, 0xA8, 0xB6, 0x4C, 0x94, 0xB6, 0x86, 0x5B, 0x32, 0x6D, 0xC9, 0xD7, 0x9F, 0xE2, 0x36,
    0x67, 0x66, 0xAE, 0x52, 0x9C, 0x9C, 0xB4, 0x4F, 0x14, 0x2C, 0x55, 0xA3, 0xC7, 0xC4, 0x2C, 0x47,
    0x56, 0xA9, 0xCE, 0xDA, 0x31, 0xA8, 0x41, 0x4F, 0xAA, 0x89, 0x92, 0x20, 0xCD, 0xF7, 0x18, 0xB8,
    0x44, 0xE2, 0x6A, 0xBF, 0x8D, 0x68, 0xA7, 0x17, 0x3E, 0x82, 0xD0, 0xC1, 0x72, 0x86, 0x20, 0x72,
    0xBE, 0x48, 0x59, 0xA0, 0x47, 0x45, 0x4C, 0xED, 0x72, 0x22, 0xA2, 0x76, 0x40, 0x51, 0x74, 0x31,
    0xBC, 0x98, 0x47, 0x88, 0x1D, 0xCD, 0x52, 0xFB, 0x73, 0x9E, 0xAC, 0xD4, 0xD0, 0x48, 0xCF, 0x2B,
    0x58, 0x38, 0xE1, 0x41, 0x6A, 0x4A, 0x7A, 0xFC, 0xA5, 0x18, 0x54, 0x89, 0x44, 0x7A, 0x39, 0x25,
    0x2A, 0x7A, 0x49, 0x3A, 0xFA, 0x94, 0x79, 0x39, 0x57, 0x3C, 0xDB, 0xBC, 0xA6, 0xE7, 0xEF, 0x63,
    0x35, 0x32, 0x27, 0xE7, 0x1D, 0xE5, 0x54, 0x72, 0x72, 0x66, 0xB9, 0xC6, 0x6C, 0x45, 0xB9, 0x33,
    0x2D, 0x95, 0x5D, 0xD1, 0x92, 0xA9, 0xB2, 0xFA, 0x14, 0x85, 0x88, 0xBE, 0x4D, 0x18, 0x91, 0x20,
    0x04, 0x6C, 0x01, 0x5B, 0x7A, 0xBC, 0xD3, 0x93, 0x1E, 0xF7, 0xA7, 0x04, 0xF1, 0x65, 0xA2, 0xC2,
    0x11, 0x19, 0x1D, 0x29, 0x31, 0x8A, 0x99, 0xFA, 0x96, 0xB6, 0x80, 0x6E, 0x61, 0x1B, 0x64, 0x33,
    0x07, 0xA1, 0x5A, 0x98, 0xCE, 0x47, 0xF0, 0x0C, 0x9A, 0xAD, 0x03, 0xBF, 0x78, 0x71, 0xAF, 0x0C,
    0x0B, 0xC1, 0xC2, 0xAF, 0xD0, 0x2B, 0xEC, 0x0A, 0xB9, 0xE0, 0x16, 0xD4, 0xC6, 0x15, 0xFD, 0xB5,
    0x30, 0xD8, 0xC6, 0x2C, 0xE0, 0x32, 0x5C, 0x79, 0xA3, 0xE9, 0x77, 0x3C, 0x04, 0x06, 0x1B, 0xA8,
    0x1A, 0xAE, 0xD9, 0xDB, 0x31, 0xAD, 0x54, 0x2F, 0x5C, 0x2F, 0x64, 0x2F, 0x6C, 0x2B, 0xDD, 0xA4,
    0x7C, 0x93, 0x12, 0x4E, 0xCA, 0x38, 0x81, 0x72, 0x70, 0xBE, 0xD1, 0x0D, 0x00, 0xED, 0x80, 0xE6,
    0x4E, 0x30, 0xD2, 0x46, 0x3E, 0x29, 0xFB, 0xA4, 0xF4, 0x93, 0xF2, 0x4F, 0x2A, 0x00, 0xA9, 0x02,
    0xAB, 0x04, 0xAA, 0xC1, 0x91, 0x08, 0x51, 0x15, 0xF5, 0x94, 0xB7, 0x99, 0xA3, 0xBC, 0x2F, 0x3B,
    0xCA, 0x5C, 0x53, 0x51, 0x12, 0x82, 0xB0, 0x20, 0xE7, 0x51, 0xAF, 0xA0, 0x9D, 0xCD, 0x9F, 0xD2,
    0x69, 0x8E, 0x48, 0x1F, 0x44, 0x6F, 0x21, 0x7A, 0x99, 0x72, 0x27, 0xD8, 0x54, 0x16, 0x7A, 0x98,
    0xD7, 0x59, 0xD5, 0xB9, 0x39, 0x02, 0x33, 0x76, 0x02, 0x52, 0x0F, 0x20, 0x05, 0x3A, 0xE9, 0x78,
    0x0A, 0x1C, 0x40, 0xAB, 0xEB, 0x84, 0xEA, 0xB3, 0x7C, 0xC1, 0x2E, 0x73, 0xFA, 0x5F, 0xD9, 0xE1,
    0x1C, 0x9A, 0xDF, 0x38, 0xE2, 0x49, 0xD1, 0xB0, 0xD6, 0xB8, 0x00, 0x76, 0x94, 0x73, 0x45, 0x32,
    0x51, 0xCA, 0x04, 0x19, 0xCF, 0x98, 0xCE, 0x98, 0x1C, 0x61, 0xAD, 0x28, 0xCD, 0x40, 0x99, 0xA0,
    0x7A, 0x36, 0x63, 0xBE, 0xFB, 0x0A, 0x44, 0x85, 0xBC, 0x26, 0x55, 0xBE, 0x18, 0x55, 0xDE, 0x12,
    0x5D, 0x06, 0x7E, 0x43, 0xC6, 0x2D, 0xD0, 0x4A, 0x9F, 0x6C, 0x54, 0x49, 0xE8, 0xDA, 0x6B, 0xB5,
    0x03, 0x29, 0xEE, 0xAD, 0x50, 0xC0, 0xDB, 0x05, 0xF1, 0xE4, 0xB8, 0x56, 0xE5, 0x5F, 0x09, 0x80,
    0x57, 0xE5, 0xAF, 0x27, 0xF9, 0x87, 0x23, 0x26, 0xD8, 0xE7, 0x06, 0x78, 0x0A, 0x8F, 0x3B, 0x10,
    0x96, 0x75, 0x0A, 0x2D, 0xD1, 0x43, 0x69, 0x88, 0x2B, 0x8A, 0xF9, 0xCD, 0x89, 0x70, 0x36, 0x8C,
    0x90, 0x0A, 0x7C, 0x83, 0x3D, 0xE8, 0x35, 0x03, 0xC1, 0x91, 0x70, 0xB4, 0x78, 0x12, 0x70, 0x25,
    0x7A, 0x82, 0x2F, 0xD1, 0x41, 0x75, 0xA9, 0xBA, 0x7A, 0x13, 0x8B, 0x3B, 0xA1, 0xFE, 0x84, 0x40,
    0x0E, 0x80, 0x47, 0x41, 0xEA, 0x52, 0x90, 0xFA, 0x14, 0xA4, 0x4E, 0xC5, 0xE2, 0x55, 0x2C, 0x2E,
    0x20, 0x7C, 0xC0, 0xDF, 0xA2, 0x80, 0xF1, 0x55, 0x7E, 0xE7, 0xF2, 0x8C, 0xA9, 0xFC, 0xDA, 0x8C,
    0x72, 0x9A, 0xEE, 0xDD, 0x08, 0x58, 0xFE, 0x26, 0x05, 0x54, 0xFD, 0xA0, 0x5B, 0xAB, 0x56, 0xC4,
    0x83, 0x85, 0xCB, 0x70, 0x78, 0x95, 0xFF, 0x83, 0x28, 0x83, 0x2E, 0x0F, 0xBF, 0xC0, 0xDF, 0x21,
    0x71, 0x42, 0x67, 0xF3, 0xE5, 0xC7, 0xA7, 0xB9, 0x84, 0xB7, 0x4B, 0xD8, 0x86, 0xD9, 0x53, 0xCC,
    0x9D, 0x1D, 0x28, 0x81, 0x62, 0xF9, 0x04, 0xD7, 0x6F, 0x14, 0x6E, 0x55, 0x2E, 0xA8, 0xB5, 0xB9,
    0x7E, 0xB0, 0xEF, 0xC9, 0x4D, 0xC7, 0xD9, 0x04, 0x78, 0x0F, 0xAE, 0x5C, 0xF9, 0x2E, 0x9D, 0x7C,
    0x44, 0x17, 0xE7, 0xA3, 0x5A, 0x29, 0x01, 0x74, 0x94, 0x29, 0x90, 0x1D, 0x0E, 0x6C, 0xAB, 0xEA,
    0xCD, 0xC0, 0x33, 0xD4, 0xD0, 0xD0, 0x54, 0x90, 0xF0, 0x83, 0x04, 0x05, 0xD1, 0x8B, 0x01, 0xC9,
    0x0A, 0x20, 0x6B, 0x01, 0x51, 0xB1, 0x12, 0xA2, 0x2E, 0x5E, 0x24, 0x95, 0x6C, 0x03, 0x11, 0x8E,
    0x54, 0xAF, 0x01, 0x90, 0x78, 0x55, 0x6D, 0x90, 0x8E, 0x8C, 0xC1, 0xA6, 0xB9, 0x21, 0x7E, 0x7D,
    0xA1, 0xF5, 0x33, 0x02, 0x9D, 0x42, 0x8B, 0xCA, 0x43, 0xCD, 0x8E, 0x0A, 0x31, 0xA5, 0xBC, 0x79,
    0x20, 0xEF, 0xDD, 0x3A, 0x52, 0xF2, 0xFE, 0x48, 0xF9, 0x1C, 0x53, 0x32, 0x45, 0x4C, 0x99, 0x8F,
    0x99, 0x72, 0x97, 0x4C, 0x54, 0xF6, 0x72, 0x15, 0x75, 0xC6, 0x91, 0x7D, 0x55, 0xD8, 0xBF, 0x36,
    0x09, 0x93, 0xBD, 0xCE, 0x42, 0xA2, 0xCD, 0xC7, 0xC4, 0x8C, 0x22, 0xCB, 0x28, 0xDD, 0x7C, 0x38,
    0x1A, 0x29, 0x89, 0x12, 0x8C, 0x94, 0x8F, 0xD2, 0xEE, 0xF1, 0xC7, 0x94, 0x2C, 0xE3, 0xA5, 0x00,
    0xD7, 0x2F, 0xAB, 0x34, 0x3A, 0xB5, 0xE3, 0xF3, 0xE8, 0xF8, 0x72, 0x3C, 0x71, 0xC6, 0x34, 0xA9,
    0x30, 0xB1, 0x53, 0x4F, 0x45, 0x97, 0xCE, 0x0C, 0x5D, 0xB7, 0x2D, 0xE5, 0x3A, 0xA1, 0x60, 0x24,
    0xB8, 0x7C, 0xAA, 0xEA, 0x2C, 0xD3, 0x28, 0xD7, 0x7B, 0x0C, 0xD5, 0x0A, 0x5A, 0xA3, 0x89, 0xCE,
    0xE2, 0xA5, 0x82, 0x09, 0x1C, 0xFE, 0x1E, 0x1C, 0x3E, 0xB2, 0x30, 0x3D, 0x6D, 0x3E, 0xDF, 0xA9,
    0xC8, 0x72, 0xDF, 0xF3, 0x8A, 0x8B, 0x1C, 0x67, 0x1C, 0x00, 0x79, 0x0F, 0x28, 0x5A, 0x40, 0xD9,
    0x29, 0x30, 0xDE, 0xCD, 0xD7, 0x9A, 0xFE, 0x16, 0x99, 0xAE, 0x96, 0x70, 0xC5, 0x07, 0x44, 0xF9,
    0x54, 0xCE, 0x5F, 0x88, 0xDE, 0x65, 0x25, 0xCA, 0xC3, 0xDC, 0x40, 0x05, 0x67, 0x03, 0x27, 0x7C,
    0x39, 0x9E, 0xA1, 0xC3, 0x8A, 0x28, 0x92, 0x93, 0xCE, 0x10, 0x22, 0xB8, 0xE4, 0xFC, 0x38, 0xB8,
    0xB2, 0xD7, 0x9C, 0x40, 0xA9, 0xAD, 0xC9, 0xB4, 0x35, 0xF1, 0x78, 0xC6, 0x86, 0xB1, 0xBB, 0x70,
    0xCC, 0x4F, 0x73, 0x40, 0xFB, 0x0B, 0xD8, 0x88, 0x01, 0xA9, 0x92, 0x54, 0xB0, 0x3A, 0xE9, 0x6F,
    0x79, 0xF0, 0x97, 0x8C, 0xBA, 0x7C, 0x9D, 0x44, 0xAD, 0x8E, 0x3E, 0x73, 0x5C, 0xA8, 0x46, 0xDC,
    0x1F, 0x10, 0xA1, 0xEB, 0x28, 0xF8, 0xCC, 0x80, 0x92, 0xBB, 0x03, 0xAE, 0x64, 0x1D, 0x45, 0xAC,
    0x3E, 0x15, 0xAB, 0x14, 0x01, 0x1E, 0x35, 0xF9, 0x77, 0xB7, 0x8E, 0x92, 0x20, 0x7E, 0x3D, 0x43,
    0xCE, 0xDC, 0xCE, 0x50, 0x30, 0xCB, 0x5F, 0x87, 0x4D, 0xA0, 0x46, 0xFD, 0x6E, 0x3B, 0x62, 0x55,
    0x6D, 0x82, 0x02, 0xD7, 0xA2, 0x51, 0x21, 0xED, 0x76, 0xDA, 0x65, 0x1C, 0xC5, 0xD0, 0x49, 0x9D,
    0xCC, 0x1A, 0xDA, 0x23, 0x20, 0x75, 0x70, 0x4B, 0x38, 0xDC, 0xD6, 0x80, 0xB5, 0xBB, 0x2C, 0xA9,
    0x84, 0x41, 0xA0, 0xFC, 0xB1, 0x17, 0xB0, 0x5F, 0x85, 0xFF, 0x1D, 0x40, 0x48, 0xEC, 0xE9, 0xEF,
    0xE8, 0x38, 0x23, 0xB0, 0x87, 0x1C, 0x24, 0xF5, 0x60, 0xB4, 0x47, 0xF0, 0x4D, 0x81, 0x84, 0x6B,
    0xFE, 0x67, 0x78, 0x7A, 0xB6, 0x05, 0xAB, 0xB6, 0x03, 0x34, 0x02, 0x9E, 0x18, 0x6F, 0xC2, 0x3F,
    0xCC, 0xC6, 0x94, 0x51, 0x85, 0x06, 0xA7, 0x63, 0xD6, 0xE0, 0x5A, 0x50, 0x4A, 0xBA, 0x35, 0xC4,
    0x03, 0xD9, 0x16, 0xE8, 0xF1, 0xA6, 0xFA, 0xD6, 0x8D, 0x86, 0x35, 0xF9, 0x5B, 0x3C, 0x81, 0x93,
    0x86, 0x2B, 0xF1, 0xF3, 0x32, 0xAE, 0xE5, 0xCB, 0xF1, 0x0A, 0x95, 0x8C, 0xE4, 0x19, 0x3C, 0xF6,
    0x7F, 0x04, 0x97, 0xE0, 0x8A, 0x12, 0x25, 0x89, 0x3E, 0x05, 0x92, 0xB6, 0xE3, 0x7B, 0xF4, 0x7E,
    0x6D, 0xF4, 0xE7, 0x70, 0x7A, 0x5C, 0xB5, 0x31, 0x2B, 0x4B, 0xCC, 0xDD, 0x4E, 0x0D, 0xA3, 0x0B,
    0x74, 0x36, 0x3B, 0xCA, 0xA3, 0xAA, 0xEE, 0x8B, 0x94, 0x09, 0x04, 0x2A, 0x05, 0xF8, 0x5F, 0x27,
    0x02, 0xE9, 0x5E, 0xC0, 0xA8, 0x12, 0x87, 0x81, 0x1E, 0x88, 0xAE, 0xF1, 0x03, 0xDA, 0xCE, 0x88,
    0x2F, 0xEC, 0x0C, 0xA6, 0x23, 0x20, 0x1D, 0x00, 0x38, 0xCE, 0xE4, 0xE0, 0xF1, 0xA1, 0x7D, 0xBF,
    0xB0, 0x3E, 0xC1, 0x2F, 0x1C, 0x49, 0x8F, 0xB3, 0xDF, 0x27, 0xCE, 0xE2, 0xC4, 0x50, 0xF4, 0xBB,
    0x39, 0xAB, 0x7C, 0x01, 0xB7, 0xFB, 0x3F, 0xD3, 0x02, 0x18, 0x36, 0xDE, 0x7A, 0x7C, 0x05, 0x9B,
    0xB5, 0x00, 0x53, 0x01, 0x5E, 0xDE, 0xED, 0x13, 0x89, 0x07, 0xA4, 0x7B, 0x90, 0x2D, 0xFF, 0x9B,
    0x96, 0x48, 0xF2, 0x59, 0xEF, 0x2F, 0x1F, 0x5A, 0x50, 0x5D, 0x45, 0x9C, 0xAF, 0x03, 0xAA, 0x3B,
    0x02, 0xD5, 0xDF, 0x5A, 0x13, 0x67, 0xE7, 0x95, 0x95, 0x6C, 0xA2, 0xA5, 0x8A, 0x3D, 0x7D, 0xF6,
    0x76, 0x6B, 0xAE, 0x0B, 0x07, 0xF3, 0x0B, 0xBB, 0x01, 0x8A, 0xC5, 0x8F, 0xEC, 0xB1, 0xD0, 0xCF,
    0x98, 0x2B, 0x38, 0x59, 0x52, 0xC5, 0xC5, 0x21, 0x73, 0x6B, 0x68, 0x53, 0x0A, 0x9D, 0x16, 0x22,
    0x2D, 0xF4, 0xF0, 0x24, 0xF1, 0x17, 0xFA, 0x69, 0xAC, 0x6C, 0xD3, 0x12, 0x74, 0xAA, 0xA4, 0x20,
    0x07, 0xED, 0x14, 0x52, 0x2D, 0xA8, 0x87, 0x79, 0x29, 0xC0, 0x93, 0x58, 0x3C, 0xCB, 0x3C, 0xC0,
    0xA9, 0xDC, 0x62, 0x4F, 0xF8, 0x6B, 0x2B, 0x78, 0xED, 0xEC, 0xA8, 0x1B, 0xFE, 0x6A, 0x9C, 0x76,
    0xF8, 0x88, 0x07, 0xD0, 0xD8, 0x96, 0x42, 0xA1, 0x99, 0x0B, 0x76, 0x2D, 0x34, 0xAC, 0xDC, 0x6D,
    0x2B, 0x08, 0xFD, 0x96, 0x66, 0x54, 0x33, 0xF8, 0x86, 0xE5, 0x2F, 0x58, 0xDE, 0xAE, 0x6D, 0x45,
    0xD1, 0x04, 0x37, 0xFE, 0x82, 0xA6, 0x1C, 0xF5, 0x40, 0x9F, 0x6F, 0x26, 0x34, 0x02, 0x2D, 0x80,
    0x8D, 0x9E, 0x06, 0xCD, 0xF9, 0x74, 0x2C, 0x91, 0x31, 0x90, 0x46, 0x88, 0x2B, 0xB1, 0x85, 0x97,
    0x25, 0xA1, 0x50, 0x6A, 0x7F, 0x2C, 0xDF, 0x6B, 0x5E, 0x13, 0xCB, 0x48, 0xD4, 0xF2, 0x94, 0xB0,
    0x38, 0xB6, 0x69, 0xA0, 0x98, 0xDD, 0x2C, 0x5C, 0xC2, 0x5D, 0x8E, 0x98, 0x7A, 0x3E, 0x0A, 0x7D,
    0x85, 0x84, 0xDA, 0x70, 0x51, 0x06, 0xB1, 0xF9, 0x44, 0xB6, 0xD7, 0x8E, 0x5B, 0x17, 0xB3, 0x7D,
    0xB3, 0x2F, 0x3D, 0x31, 0xF7, 0x66, 0x98, 0x6D, 0x6B, 0xDC, 0x6C, 0xE5, 0x03, 0x60, 0x87, 0x0E,
    0xDE, 0xB3, 0xD0, 0x8F, 0xF1, 0x2F, 0x2F, 0x3E, 0xC9, 0x3F, 0xAB, 0xA8, 0x61, 0x1C, 0x2D, 0xF1,
    0x52, 0xF8, 0xBF, 0x85, 0xAE, 0x4E, 0x5D, 0xE8, 0xE3, 0x62, 0x85, 0x3D, 0xB1, 0x24, 0xAE, 0x18,
    0xBE, 0x83, 0x1F, 0x19, 0x89, 0x3E, 0xDC, 0x48, 0x59, 0xC8, 0x85, 0x3D, 0x7C, 0x5B, 0xC4, 0xB2,
    0xB2, 0x70, 0x78, 0x03, 0x32, 0xA9, 0x58, 0x2F, 0xFC, 0x97, 0x58, 0x4E, 0x45, 0xAC, 0xF1, 0x8E,
    0x62, 0x21, 0x09, 0xBD, 0x2F, 0x96, 0x7D, 0x97, 0x62, 0x51, 0x59, 0x7D, 0x4C, 0x04, 0xF8, 0x7B,
    0x4A, 0xF8, 0xC6, 0xA4, 0xFB, 0x53, 0xD2, 0x9E, 0x07, 0x8A, 0xDB, 0xB2, 0x3D, 0xE9, 0x12, 0x86,
    0xAA, 0x30, 0x42, 0x75, 0x05, 0xA2, 0x94, 0x32, 0xA5, 0x8B, 0x61, 0x7A, 0x5C, 0x9E, 0x62, 0x54,
    0x36, 0x95, 0x0C, 0xE2, 0x41, 0x38, 0xF5, 0x4D, 0xF2, 0xCD, 0x04, 0x95, 0x45, 0x95, 0x50, 0x4D,
    0xF4, 0x87, 0x67, 0x93, 0xE9, 0x6A, 0x4E, 0x4D, 0x4B, 0xF4, 0x65, 0x7A, 0x26, 0xE6, 0xD6, 0xA7,
    0xFC, 0xEF, 0x63, 0x7E, 0x93, 0x87, 0xFC, 0x55, 0x76, 0x69, 0xD5, 0xD4, 0xC7, 0xB6, 0x9D, 0xB0,
    0xA6, 0x71, 0xEC, 0xFC, 0x7A, 0x16, 0xE3, 0x72, 0x8D, 0x70, 0x6F, 0xCC, 0xEA, 0x09, 0xA4, 0x01,
    0xC3, 0x96, 0xB0, 0x85, 0x57, 0xE1, 0xD7, 0x3C, 0xD8, 0x23, 0x64, 0x7E, 0xE1, 0xC8, 0xB2, 0xBC,
    0x7A, 0xCC, 0x54, 0xA5, 0x47, 0x38, 0x0C, 0xA3, 0xB3, 0xB0, 0xBF, 0x9A, 0xF8, 0xCA, 0x95, 0x6F,
    0xDF, 0x93, 0x2C, 0x61, 0xD7, 0x51, 0xC2, 0x3C, 0x64, 0xCC, 0x4E, 0x5E, 0xD1, 0xFC, 0xF7, 0xFF,
    0x3B, 0x3B, 0xDB, 0xCA, 0x04, 0xEB, 0x12, 0xAC, 0x4A, 0x62, 0xE6, 0x61, 0x59, 0x91, 0x94, 0x01,
    0xAB, 0x91, 0x7B, 0x90, 0x2C, 0x19, 0x41, 0x7A, 0xFA, 0x4C, 0x36, 0x44, 0x43, 0x16, 0x2E, 0xB9,
    0x84, 0xB9, 0x8D, 0x98, 0x89, 0xCA, 0xB7, 0x7F, 0x0B, 0x5D, 0xEA, 0xDE, 0xA0, 0x80, 0xBE, 0xB2,
    0x86, 0xBE, 0xF2, 0x7E, 0xCD, 0xD2, 0x96, 0x28, 0xC9, 0x79, 0x73, 0x3D, 0xE5, 0x22, 0xB2, 0xC8,
    0x9B, 0x4F, 0xE2, 0x10, 0x9A, 0x49, 0x7E, 0xB6, 0x70, 0xBB, 0x14, 0x49, 0x32, 0x83, 0x5B, 0xE1,
    0x87, 0xEB, 0x88, 0xEB, 0x58, 0xDC, 0x49, 0xA1, 0x26, 0x9B, 0x84, 0x94, 0x7C, 0x14, 0x5A, 0xCA,
    0x41, 0x48, 0x99, 0x39, 0xB1, 0xEC, 0x2C, 0x77, 0x96, 0xAB, 0x72, 0x44, 0x2E, 0xB7, 0xA5, 0x92,
    0xC8, 0x10, 0x59, 0x22, 0xFB, 0x0E, 0x99, 0x00, 0x0E, 0x71, 0xFC, 0xED, 0xEA, 0xC1, 0xA7, 0x5B,
    0x03, 0x27, 0x5D, 0xD1, 0xDC, 0xA3, 0x97, 0xE0, 0x7B, 0x64, 0xA3, 0x37, 0x5C, 0x97, 0x1E, 0x9D,
    0x63, 0x99, 0x4B, 0x2B, 0xB4, 0xA3, 0x64, 0xEE, 0x50, 0xC0, 0xAF, 0x4B, 0xA3, 0xCE, 0x71, 0xD0,
    0xF3, 0xA3, 0x35, 0x68, 0x1C, 0xF7, 0xDA, 0xC0, 0x68, 0x73, 0x9A, 0xDA, 0x13, 0x9C, 0x26, 0xBC,
    0x8D, 0x56, 0xC6, 0xDB, 0x5C, 0xDA, 0xA2, 0xB5, 0x78, 0x3B, 0x57, 0xA2, 0x2B, 0x34, 0x18, 0x6F,
    0xE7, 0xFB, 0x73, 0x29, 0x83, 0x01, 0xBC, 0x0D, 0x16, 0xF0, 0x36, 0x98, 0x28, 0x8F, 0xA6, 0x50,
    0x29, 0xB8, 0xDD, 0xB9, 0xD4, 0x6A, 0x4D, 0x95, 0x28, 0xEE, 0x08, 0x64, 0x49, 0x4D, 0x40, 0x18,
    0xEA, 0xA5, 0x8E, 0x6D, 0x05, 0xAC, 0xB3, 0xD5, 0x83, 0xD7, 0xA5, 0x87, 0xB4, 0x79, 0x71, 0xC9,
    0x99, 0xDD, 0xFA, 0x4E, 0xAD, 0x9F, 0xE1, 0x69, 0x75, 0x5F, 0xAB, 0xB5, 0x8B, 0xD2, 0x4B, 0xE8,
    0x22, 0x89, 0xD4, 0x75, 0xC2, 0x62, 0xC6, 0x4C, 0xA8, 0xB9, 0x19, 0x35, 0xE1, 0xE8, 0x56, 0x17,
    0x9F, 0xAA, 0xE3, 0x93, 0x47, 0xD4, 0xF4, 0x72, 0xB1, 0x17, 0xB8, 0x66, 0xDB, 0x72, 0x86, 0x59,
    0xC4, 0x0F, 0xC3, 0x5F, 0xA9, 0xA5, 0x5D, 0x91, 0x80, 0xD0, 0x2A, 0x4E, 0x3A, 0x4E, 0x22, 0x4C,
    0x06, 0x40, 0x36, 0x81, 0xE0, 0x5C, 0x86, 0xBF, 0x5A, 0x40, 0x9A, 0x54, 0x78, 0xAD, 0xCA, 0x20,
    0x20, 0x82, 0xCB, 0x87, 0x67, 0xD1, 0x65, 0xC4, 0xB0, 0xEC, 0x72, 0x80, 0x84, 0x13, 0x65, 0x7C,
    0xC0, 0xD0, 0x81, 0x9E, 0x21, 0x1D, 0xC1, 0x68, 0x6B, 0x6D, 0xBF, 0xAD, 0x09, 0x3E, 0xB7, 0x08,
    0xFB, 0x14, 0x93, 0x00, 0x4F, 0x00, 0xE5, 0xA7, 0x81, 0xF8, 0x3B, 0xDB, 0x0F, 0x0F, 0x6B, 0x40,
    0xE9, 0x00, 0xCD, 0xA8, 0x8C, 0x2D, 0xDE, 0x09, 0xD8, 0x36, 0xCE, 0xA2, 0x57, 0xD4, 0x45, 0x4B,
    0x42, 0x5C, 0x7A, 0x2B, 0x23, 0x32, 0xA3, 0x3C, 0x81, 0xAF, 0xF1, 0xE2, 0xE7, 0x6C, 0xAB, 0x95,
    0xDB, 0x46, 0x6C, 0x01, 0x66, 0x01, 0x0F, 0xB0, 0x83, 0xC2, 0x52, 0x15, 0x05, 0x56, 0xC0, 0x6F,
    0x69, 0xD7, 0x3D, 0x1E, 0x2E, 0xAE, 0x37, 0xD0, 0x0E, 0xBB, 0x45, 0x38, 0xF8, 0xA4, 0x93, 0x1F,
    0x3F, 0xEB, 0xFB, 0xF4, 0x3C, 0xE6, 0x3C, 0x4E, 0x20, 0x3E, 0x1C, 0xB8, 0x0A, 0x7B, 0xF1, 0xA2,
    0x5A, 0xE0, 0xE0, 0x1B, 0x74, 0x52, 0x2C, 0x92, 0x35, 0xB3, 0xEF, 0x70, 0xEA, 0x41, 0x4E, 0xF2,
    0xD3, 0x51, 0xC3, 0x90, 0x1A, 0x85, 0x3C, 0x39, 0x08, 0x89, 0xA3, 0x19, 0xF0, 0xA5, 0x11, 0xD5,
    0x1D, 0xE1, 0x10, 0xFA, 0x1D, 0xBF, 0x5D, 0xAD, 0xDB, 0xAC, 0x85, 0x6D, 0x7A, 0x3D, 0x2D, 0xAC,
    0xE6, 0xAB, 0xD5, 0xD6, 0x20, 0xA8, 0xD2, 0x21, 0xF1, 0xC8, 0xA6, 0x01, 0xAC, 0x6C, 0x8B, 0x03,
    0xB5, 0xDB, 0xE2, 0x80, 0xFE, 0x08, 0x3F, 0x69, 0xDE, 0xE4, 0x16, 0x04, 0x90, 0xD8, 0x09, 0xED,
    0x76, 0xF8, 0x7E, 0xB5, 0x0E, 0x9F, 0x8F, 0x2D, 0x23, 0x68, 0xC3, 0x83, 0x60, 0xCF, 0xEC, 0x24,
    0x10, 0x5E, 0x95, 0x5C, 0x83, 0x4D, 0xE3, 0xA1, 0xDE, 0xBA, 0x48, 0x53, 0x5D, 0xB8, 0xCF, 0x27,
    0xAD, 0x30, 0x1A, 0x14, 0xF1, 0x2B, 0x9A, 0xB0, 0xE2, 0x7F, 0x59, 0x2A, 0xF9, 0xD6, 0xA8, 0xC8,
    0xBD, 0xA2, 0x6A, 0x9B, 0xEA, 0xDF, 0xDB, 0xBE, 0xF1, 0x60, 0x47, 0xE0, 0x54, 0x06, 0x55, 0x34,
    0xE7, 0x0A, 0x92, 0xA6, 0xDC, 0x02, 0x63, 0x76, 0xAA, 0x2D, 0x7B, 0x65, 0xCF, 0x06, 0xE5, 0xD8,
    0x70, 0x0B, 0x4F, 0x3D, 0x67, 0xBF, 0x8C, 0x29, 0xA3, 0x60, 0x0D, 0xFE, 0xA1, 0xEC, 0xBE, 0x2A,
    0xB0, 0xE0, 0x13, 0xC7, 0x31, 0x54, 0x88, 0x27, 0xC5, 0x6C, 0x50, 0xCC, 0xEB, 0x6D, 0x8D, 0xD6,
    0x4C, 0x68, 0x08, 0x7C, 0x7E, 0x71, 0xF9, 0x27, 0xB0, 0xBE, 0x9A, 0xC2, 0xEF, 0x6D, 0xDE, 0x31,
    0x7D, 0xE9, 0xC8, 0xBC, 0xC1, 0x23, 0xD9, 0x1F, 0xCD, 0xA6, 0x79, 0xE1, 0x27, 0x13, 0xF1, 0x4B,
    0xC9, 0x24, 0x0C, 0x8E, 0x11, 0x77, 0xA9, 0x8F, 0xB9, 0xCE, 0x5D, 0xC2, 0x64, 0xBB, 0x24, 0xA4,
    0x2C, 0xD4, 0x0C, 0x58, 0x36, 0x51, 0x16, 0x58, 0x7E, 0x13, 0xA3, 0x8A, 0xED, 0xA9, 0xF0, 0xE5,
    0x48, 0xE5, 0x90, 0xF3, 0x37, 0x8C, 0x4B, 0x79, 0x34, 0x2E, 0x62, 0x79, 0x1B, 0xDD, 0x26, 0x22,
    0x3D, 0xE2, 0x61, 0x8D, 0x5E, 0x24, 0x6A, 0xF6, 0x66, 0xF8, 0xB2, 0xDE, 0xD9, 0x04, 0xFA, 0xC8,
    0x21, 0xD7, 0xC9, 0x64, 0xB9, 0x2D, 0x82, 0x6C, 0x4A, 0x08, 0xCF, 0xF2, 0x57, 0x79, 0x22, 0xFE,
    0x5A, 0x78, 0x31, 0xE2, 0x2F, 0xC9, 0x58, 0x67, 0xC4, 0xCB, 0x79, 0x19, 0x5B, 0x66, 0xC5, 0x4C,
    0x4B, 0x7B, 0xB3, 0x09, 0xB5, 0x6A, 0x2A, 0xA9, 0xD5, 0x4C, 0xBD, 0x37, 0xFD, 0xFB, 0xCB, 0xA1,
    0xF4, 0x5F, 0x31, 0xAE, 0xE0, 0xC9, 0xB8, 0x5C, 0xAA, 0x96, 0xB0, 0xB3, 0x9D, 0x72, 0xAA, 0xC9,
    0x8E, 0x8F, 0x82, 0x74, 0x90, 0x99, 0x6F, 0xFB, 0xDF, 0x74, 0x9F, 0x52, 0xC1, 0x1D, 0xA4, 0xC5,
    0x50, 0x7E, 0xE2, 0xC4, 0x8E, 0x7E, 0x09, 0xDB, 0x13, 0xB8, 0xC1, 0xF5, 0xBD, 0x8D, 0x26, 0xBC,
    0x6B, 0xFB, 0xA3, 0x01, 0x45, 0xC7, 0x93, 0x64, 0xB1, 0x35, 0x6C, 0x75, 0x34, 0x96, 0xE8, 0x50,
    0x92, 0xAB, 0x0D, 0xEB, 0x38, 0xD2, 0xCB, 0x30, 0x12, 0x7B, 0x4D, 0x3A, 0xC9, 0x40, 0x96, 0xA1,
    0xE7, 0xE7, 0x4E, 0x33, 0x4E, 0x48, 0x38, 0x75, 0x9A, 0x68, 0x82, 0xD5, 0x7E, 0x81, 0xEC, 0x9C,
    0xED, 0x10, 0xA7, 0x29, 0x65, 0x82, 0x0B, 0x55, 0x24, 0xE1, 0x37, 0x4D, 0x98, 0x63, 0x40, 0x8F,
    0x71, 0x59, 0x79, 0x2A, 0xE6, 0xD7, 0x81, 0x85, 0x8B, 0xA8, 0x2F, 0xDB, 0xEB, 0xF8, 0xCE, 0x2D,
    0x5E, 0x72, 0xBD, 0xC7, 0xCB, 0x06, 0xA8, 0xE4, 0x4E, 0x5E, 0xE6, 0xFC, 0x32, 0x47, 0x9B, 0xF8,
    0x2A, 0xB2, 0xFF, 0xED, 0xA8, 0x61, 0x79, 0x75, 0xF3, 0xAB, 0x02, 0x9F, 0x07, 0xF7, 0x11, 0x83,
    0xEB, 0x51, 0x76, 0xDB, 0x90, 0x58, 0xC2, 0x16, 0x6E, 0x7B, 0xDF, 0xD6, 0x9A, 0xFE, 0x59, 0xFB,
    0x35, 0xFA, 0x57, 0xC9, 0x15, 0xB1, 0xF8, 0x5A, 0x5C, 0xD3, 0x9F, 0xDF, 0x89, 0xB6, 0x71, 0xA1,
    0xED, 0x4E, 0xEC, 0xD7, 0x7B, 0xEC, 0xA7, 0xFC, 0xD0, 0xFC, 0x2A, 0x85, 0x32, 0x04, 0x71, 0x32,
    0x1E, 0x94, 0x88, 0x65, 0x4D, 0x93, 0x38, 0xED, 0xD0, 0x99, 0x57, 0xB7, 0x34, 0x93, 0xBF, 0xC5,
    0xCD, 0xA9, 0x34, 0x34, 0xAF, 0x97, 0x9A, 0x82, 0x55, 0x68, 0x54, 0x12, 0x56, 0x4D, 0x02, 0xE0,
    0xDF, 0x46, 0xA8, 0x72, 0x5E, 0x1D, 0xD6, 0xC4, 0x41, 0x97, 0x44, 0x07, 0xDA, 0xA8, 0xBE, 0xBB,
    0xE9, 0xB2, 0x7A, 0x37, 0xD3, 0x65, 0x4F, 0x8B, 0x4A, 0x8B, 0x4C, 0x8B, 0x4E, 0x10, 0x6A, 0x2F,
    0xBB, 0xBA, 0xA5, 0x55, 0x57, 0xB1, 0xA2, 0xEA, 0x21, 0xE9, 0xCC, 0x65, 0x9D, 0xB3, 0x37, 0x6D,
    0x21, 0x66, 0xEE, 0xCF, 0x56, 0x5C, 0x96, 0x46, 0x38, 0x9D, 0x84, 0xD4, 0x51, 0x58, 0x1D, 0x84,
    0xD2, 0x67, 0xC4, 0x1C, 0xB9, 0xDB, 0x35, 0x6A, 0x28, 0x86, 0xD4, 0x40, 0x24, 0xCA, 0x4E, 0x1A,
    0x43, 0x97, 0x81, 0x1E, 0x3A, 0x69, 0x1F, 0x47, 0x27, 0xA7, 0x86, 0x61, 0x3A, 0x31, 0xAB, 0x97,
    0x7F, 0xF0, 0xEB, 0x0D, 0x16, 0xD1, 0x28, 0x6C, 0xA6, 0x01, 0x61, 0x16, 0xB1, 0x35, 0xBC, 0xC8,
    0x2A, 0xF7, 0xC2, 0x64, 0x7C, 0xF9, 0x37, 0xD6, 0xD5, 0xA3, 0x8A, 0x30, 0x12, 0x60, 0x28, 0xC0,
    0x58, 0xA0, 0x83, 0x01, 0xDA, 0xA8, 0xC6, 0xAE, 0x9B, 0xDB, 0xC1, 0xDB, 0x71, 0xF2, 0x5E, 0x9A,
    0x4D, 0xC2, 0xB3, 0x91, 0xC9, 0x22, 0x64, 0x4C, 0xD9, 0x94, 0xCA, 0xB2, 0x22, 0xEE, 0x4F, 0x87,
    0xBC, 0x37, 0x3A, 0xA9, 0xDB, 0x35, 0x8D, 0x2C, 0x77, 0x62, 0xB1, 0x46, 0x5B, 0x3C, 0xAE, 0x6A,
    0x8D, 0x63, 0x16, 0xB0, 0xF9, 0xD7, 0xDF, 0x3B, 0x79, 0x77, 0x79, 0xAD, 0x3F, 0x4F, 0x25, 0x3B,
    0xA4, 0x03, 0x4D, 0x40, 0x23, 0x62, 0x1D, 0x9C, 0xB1, 0x96, 0xFF, 0xEC, 0xDD, 0x5E, 0xEB, 0x38,
    0xEA, 0x05, 0xD3, 0x4E, 0x91, 0x4C, 0xAF, 0xA8, 0xDE, 0xC9, 0xD1, 0x5C, 0xB6, 0xB6, 0x5C, 0x59,
    0xDA, 0x6E, 0x0C, 0x38, 0xF1, 0x88, 0x66, 0xDA, 0x23, 0x5D, 0xF1, 0x8D, 0xC2, 0x55, 0x8B, 0x42,
    0xA6, 0xF9, 0x1A, 0x09, 0x02, 0x5E, 0xC7, 0xCF, 0xE1, 0x64, 0x52, 0xA8, 0xC9, 0xC8, 0x39, 0xB0,
    0xE1, 0x13, 0x1D, 0x44, 0x06, 0x7C, 0x2D, 0x38, 0x6A, 0x6A, 0x78, 0xE8, 0x03, 0x31, 0x3A, 0x9A,
    0xF5, 0x28, 0x24, 0xC1, 0x8C, 0x11, 0x23, 0xA3, 0x51, 0x84, 0x18, 0x85, 0x31, 0xE7, 0x38, 0x60,
    0x83, 0x7C, 0xCA, 0xCF, 0x4D, 0xF0, 0x1A, 0x12, 0xDD, 0xDC, 0x9A, 0xFB, 0x98, 0xDF, 0x44, 0x61,
    0x20, 0xBE, 0x89, 0x1E, 0xE5, 0x16, 0x67, 0x59, 0x5C, 0x19, 0xF5, 0x82, 0x7B, 0xF8, 0x8F, 0xA8,
    0x53, 0xA1, 0x85, 0x8E, 0x72, 0x34, 0x55, 0x67, 0x41, 0xDD, 0x43, 0x91, 0x20, 0x06, 0xC4, 0xAC,
    0x43, 0x95, 0x61, 0x5D, 0x2A, 0x6D, 0x9E, 0xD4, 0x76, 0xF4, 0xDB, 0x4D, 0x3A, 0xD9, 0xE6, 0xC6,
    0xAE, 0x9E, 0x71, 0xB7, 0x79, 0x66, 0x23, 0xEC, 0xDF, 0xD0, 0xB1, 0xA3, 0xA2, 0x43, 0x2C, 0xA2,
    0x2D, 0xBF, 0xC2, 0x13, 0x35, 0xB3, 0x03, 0xCA, 0xF4, 0x2C, 0xBF, 0xA5, 0xBB, 0xAB, 0x1F, 0x17,
    0x3B, 0xA5, 0x41, 0x02, 0xBB, 0xD9, 0x24, 0x3D, 0x41, 0x43, 0xAA, 0xB0, 0x75, 0xB1, 0xDE, 0xD7,
    0x93, 0xB1, 0x86, 0x54, 0x61, 0x47, 0x12, 0xA7, 0x0B, 0x51, 0x70, 0x09, 0xA9, 0xBE, 0xD9, 0x19,
    0x2F, 0x5C, 0xEF, 0x05, 0x56, 0xBB, 0xBD, 0x28, 0xF8, 0xEF, 0x74, 0xDC, 0xF6, 0x70, 0xEC, 0x7C,
    0xC2, 0x1E, 0x2B, 0x34, 0x15, 0x00, 0x9A, 0x6E, 0x79, 0x37, 0x88, 0xDF, 0xDD, 0x3B, 0x82, 0xEA,
    0x11, 0x79, 0x54, 0x70, 0xDA, 0x12, 0x82, 0xF1, 0x88, 0xB2, 0xBE, 0xEF, 0xB6, 0x7C, 0xCF, 0x9F,
    0xAC, 0x4B, 0x6F, 0x5C, 0xEB, 0x78, 0x3B, 0x99, 0xB4, 0xD0, 0xAF, 0x49, 0x4B, 0x8F, 0xBE, 0x2C,
    0x4A, 0x32, 0x50, 0x22, 0xFD, 0x40, 0x1D, 0x60, 0x71, 0x1C, 0x0F, 0xC3, 0xD3, 0xEF, 0x06, 0x8A,
    0x67, 0xE8, 0x13, 0xA2, 0x45, 0x14, 0x66, 0x3B, 0xA2, 0xBB, 0x04, 0x64, 0x80, 0x19, 0x4D, 0xB3,
    0x60, 0xD3, 0x80, 0x6D, 0xA5, 0x3A, 0xED, 0xEF, 0xC1, 0x21, 0xE2, 0xD1, 0x55, 0x73, 0x80, 0xFC,
    0xAE, 0xFE, 0x7D, 0x84, 0xD5, 0xDE, 0xFF, 0x63, 0x45, 0xED, 0x76, 0xEB, 0x26, 0xBF, 0x48, 0x68,
    0x3E, 0x17, 0x70, 0xD3, 0xE1, 0x2B, 0xCC, 0x89, 0xA4, 0xD3, 0x63, 0xE6, 0x42, 0xFA, 0x51, 0x74,
    0x95, 0xAD, 0xA0, 0x24, 0x8A, 0x0B, 0xC5, 0xA1, 0xF0, 0x3A, 0x1B, 0x63, 0x49, 0x9A, 0xA1, 0x5A,
    0x70, 0x64, 0x14, 0x83, 0xBA, 0x1B, 0x68, 0x03, 0xD6, 0xD9, 0xCA, 0xBB, 0xB4, 0x00, 0xE8, 0xB4,
    0x6E, 0xD6, 0xC5, 0x7C, 0x9E, 0xF4, 0x5E, 0x84, 0xA7, 0x2B, 0x22, 0x9E, 0x91, 0x05, 0x3B, 0xCD,
    0x7E, 0x61, 0xD9, 0x8D, 0x06, 0xA8, 0x6F, 0x8A, 0xB6, 0x3E, 0x70, 0x3D, 0xF6, 0x68, 0xE4, 0xAB,
    0x00, 0x1F, 0x5D, 0x75, 0x7C, 0x29, 0x09, 0x5A, 0xE0, 0x6B, 0xE3, 0x22, 0x30, 0xBB, 0xA5, 0xB0,
    0xD2, 0xD5, 0x04, 0xC0, 0xEE, 0xD6, 0x87, 0x0A, 0xBD, 0x15, 0x9D, 0x15, 0x7D, 0x15, 0x5D, 0x15,
    0x3D, 0x15, 0x1D, 0x15, 0xFD, 0x34, 0xE6, 0x3E, 0x9B, 0xD0, 0x4B, 0xC5, 0x67, 0x1D, 0x53, 0xA6,
    0xC2, 0x23, 0x3D, 0x88, 0x1E, 0x8A, 0xBB, 0x4B, 0x44, 0x5B, 0x24, 0x05, 0xD1, 0x3B, 0x5B, 0x33,
    0x44, 0xD2, 0x09, 0x62, 0xAE, 0x6D, 0xB7, 0x78, 0xE1, 0xBB, 0x0E, 0xF8, 0xF3, 0x85, 0xA7, 0xD8,
    0x5B, 0x07, 0x67, 0x4E, 0x4C, 0xAD, 0x81, 0x56, 0xED, 0x27, 0x22, 0xA2, 0xC6, 0xC2, 0xC0, 0x15,
    0x9C, 0xC5, 0x3B, 0xDF, 0xE5, 0x1F, 0x35, 0xD7, 0x05, 0x2C, 0x1C, 0xCA, 0x98, 0x99, 0x47, 0x7C,
    0x0D, 0x89, 0x6A, 0xFE, 0xA6, 0xF8, 0xA0, 0x3C, 0x52, 0x2E, 0xFD, 0xC7, 0x49, 0x2F, 0x4D, 0x11,
    0xA4, 0xEE, 0x25, 0xFA, 0x13, 0x8B, 0x0F, 0x48, 0x02, 0x26, 0x28, 0x8C, 0x00, 0xAB, 0xD0, 0x00,
    0x7A, 0x11, 0x2F, 0x59, 0xA1, 0x13, 0x48, 0xB9, 0x15, 0xC8, 0xB0, 0x1B, 0x45, 0x7A, 0xBA, 0x7C,
    0xB2, 0x0C, 0xB8, 0x4F, 0xD1, 0x4A, 0x6C, 0x08, 0xD9, 0xDD, 0x92, 0xBB, 0x73, 0x9A, 0xA8, 0x66,
    0xB8, 0x80, 0xEB, 0x7D, 0x5E, 0x10, 0x1A, 0x51, 0xF6, 0xED, 0x7E, 0x47, 0xE9, 0xC1, 0x7B, 0x69,
    0x40, 0x7F, 0xEC, 0x56, 0xFE, 0x08, 0x62, 0x4E, 0x68, 0x5B, 0x4D, 0x16, 0x41, 0xEE, 0x1B, 0xEC,
    0x12, 0xAE, 0x2C, 0xA4, 0x18, 0x66, 0x15, 0x8C, 0x37, 0x83, 0x18, 0x37, 0xFF, 0x69, 0xC5, 0xE0,
    0xBE, 0x61, 0x96, 0x10, 0x8E, 0xF4, 0xF3, 0x7E, 0x2E, 0x71, 0xCB, 0x7D, 0xCC, 0x75, 0xE3, 0x32,
    0x26, 0x3B, 0xA1, 0xB6, 0x9A, 0xD2, 0x80, 0x0A, 0xB7, 0xDE, 0x71, 0x1F, 0x77, 0x88, 0xAB, 0x64,
    0x8E, 0xBE, 0x27, 0xE0, 0xD3, 0x45, 0x9A, 0x6E, 0xBB, 0x13, 0x0F, 0x8D, 0xC7, 0xF7, 0xCE, 0xA4,
    0x34, 0xB8, 0x27, 0x1F, 0xB7, 0xE4, 0xC7, 0x23, 0xBD, 0x88, 0x1B, 0xF2, 0x71, 0x71, 0x61, 0x0C,
    0x41, 0x38, 0xFC, 0xB4, 0x45, 0x82, 0x6F, 0xFB, 0x19, 0x24, 0xAD, 0x22, 0x5D, 0x9D, 0xE1, 0x52,
    0x6B, 0xBC, 0x41, 0x14, 0xF1, 0x75, 0x6C, 0x34, 0x08, 0x99, 0x88, 0x55, 0xAA, 0x97, 0xF0, 0x87,
    0x94, 0x55, 0x67, 0x52, 0x2B, 0xBD, 0xBF, 0x3E, 0xE9, 0x72, 0xB0, 0x61, 0x5A, 0x19, 0x86, 0x9B,
    0xD9, 0x9A, 0x5E, 0x5A, 0xDF, 0xC8, 0x50, 0x1D, 0x85, 0x6C, 0x10, 0xD7, 0x2A, 0x97, 0x35, 0x25,
    0x3E, 0x78, 0x4C, 0x40, 0x55, 0x50, 0xE9, 0x86, 0x86, 0x04, 0x11, 0x09, 0x2A, 0x12, 0x64, 0x24,
    0xE8, 0x28, 0x05, 0xB1, 0x4E, 0x0A, 0x16, 0x16, 0x5A, 0x12, 0xC4, 0x24, 0xA8, 0x49, 0x90, 0x93,
    0xA0, 0x27, 0x41, 0x50, 0x55, 0x54, 0x25, 0xD5, 0x93, 0xA8, 0xA8, 0x9B, 0xAA, 0xCF, 0x7E, 0x57,
    0xF6, 0xC6, 0xEB, 0x8A, 0x56, 0x9B, 0x4D, 0x40, 0x84, 0x6C, 0x8F, 0x4A, 0x25, 0xBF, 0x1D, 0x71,
    0xFB, 0x18, 0xCB, 0xC8, 0x8E, 0x39, 0x42, 0xF9, 0x92, 0xF3, 0x20, 0xCA, 0x80, 0x55, 0xA7, 0xA6,
    0xA8, 0x12, 0x16, 0x87, 0x31, 0x67, 0xE1, 0x7C, 0xDD, 0x75, 0x97, 0xA1, 0x64, 0x44, 0xE5, 0x00,
    0xE1, 0xBD, 0xEA, 0x8D, 0x90, 0xF7, 0x5A, 0x72, 0xA8, 0xC3, 0xA4, 0xEB, 0xF1, 0x72, 0x92, 0x64,
    0x8D, 0x94, 0xB0, 0xA6, 0xD7, 0x92, 0xAE, 0xDC, 0x87, 0xA3, 0xE4, 0x82, 0xA6, 0xE5, 0xD2, 0x4E,
    0x14, 0x94, 0xE6, 0xE7, 0xBD, 0x08, 0x29, 0x5C, 0x14, 0x9D, 0x06, 0x2E, 0x3B, 0x32, 0xAD, 0xCA,
    0xF9, 0xCE, 0x55, 0xD4, 0xF2, 0x58, 0x23, 0x45, 0x57, 0x1C, 0x90, 0xF6, 0xC2, 0xAE, 0x36, 0x95,
    0xEE, 0x9F, 0xBF, 0x14, 0x50, 0xB1, 0x78, 0xB9, 0xCA, 0xBE, 0xCE, 0xDC, 0x8A, 0x46, 0xDC, 0x73,
    0x2B, 0x2A, 0x71, 0x65, 0x5B, 0xD1, 0x29, 0x50, 0xD3, 0x8A, 0x52, 0x23, 0x71, 0x05, 0xAD, 0x12,
    0x56, 0xB5, 0x8A, 0x11, 0x7A, 0xB9, 0xA6, 0x87, 0x62, 0xCC, 0x15, 0x34, 0x93, 0xEE, 0xB8, 0x04,
    0x37, 0xA1, 0x9B, 0xA3, 0xDF, 0x83, 0x72, 0x8E, 0x0C, 0xB4, 0xF3, 0x31, 0xAE, 0x47, 0xF4, 0x41,
    0xC3, 0x32, 0x59, 0x22, 0x91, 0xF1, 0x38, 0x73, 0x87, 0xE7, 0x3D, 0x40, 0xC6, 0xC7, 0x20, 0xE4,
    0xAE, 0x67, 0x99, 0x38, 0x40, 0x31, 0x00, 0x18, 0x90, 0xB1, 0xDB, 0xC9, 0x0D, 0xD9, 0xB7, 0xE9,
    0xC4, 0xC7, 0x27, 0xA0, 0x8B, 0xDF, 0x90, 0x8F, 0x6F, 0xF7, 0x24, 0x22, 0xA5, 0x77, 0xBD, 0x11,
    0x49, 0xAD, 0xCB, 0xD1, 0xB1, 0x1D, 0x72, 0x18, 0xEC, 0x12, 0x40, 0x1F, 0x03, 0xBA, 0x44, 0x63,
    0xBD, 0x89, 0xDE, 0x42, 0x99, 0x31, 0xC1, 0xCD, 0x9C, 0x00, 0x8D, 0x17, 0xC0, 0x40, 0x9E, 0x32,
    0x87, 0x2D, 0x51, 0x92, 0x73, 0x33, 0x08, 0x4C, 0xBA, 0xAB, 0x69, 0xCC, 0x35, 0x2F, 0x9D, 0x31,
    0x00, 0x27, 0x30, 0x3E, 0xE6, 0x1E, 0xD2, 0xB3, 0x87, 0xF6, 0x96, 0x97, 0x9D, 0x4C, 0x9D, 0x61,
    0x39, 0x91, 0x37, 0x88, 0x9F, 0xF4, 0xFB, 0xC9, 0x11, 0x1D, 0x74, 0x8A, 0xF6, 0x2E, 0x9F, 0xAE,
    0x80, 0xC4, 0x69, 0x6D, 0x5B, 0xF1, 0x52, 0xBA, 0x86, 0x7F, 0xC8, 0xDD, 0xB3, 0xFC, 0x9A, 0xF4,
    0xF6, 0x17, 0xC4, 0x34, 0x5F, 0xC0, 0xB8, 0x84, 0x9E, 0x4F, 0x22, 0xD4, 0xC9, 0xB9, 0xF6, 0x80,
    0x26, 0xA1, 0x41, 0x47, 0xA1, 0xAB, 0x2D, 0x7E, 0xD5, 0x9F, 0x4D, 0xBE, 0xD7, 0x14, 0x53, 0xC2,
    0x80, 0x58, 0x21, 0xE2, 0xED, 0x7F, 0xA0, 0x7D, 0x77, 0xFF, 0xEB, 0x46, 0xFD, 0x25, 0x2F, 0xCE,
    0xED, 0x58, 0x4C, 0x19, 0x8F, 0x66, 0x3A, 0x7C, 0x61, 0x94, 0xD1, 0xFF, 0x86, 0x98, 0x9B, 0xC3,
    0xA3, 0xBA, 0x75, 0xA3, 0xC0, 0x94, 0xC2, 0x3A, 0x8A, 0x1C, 0xDF, 0x0B, 0xD1, 0x8B, 0xE9, 0xF6,
    0x43, 0x8B, 0x30, 0x15, 0x24, 0xDF, 0x3D, 0x62, 0x50, 0x80, 0x7C, 0x8D, 0x98, 0xC4, 0x4B, 0x09,
    0xEC, 0x20, 0x6F, 0x53, 0x63, 0xA7, 0x06, 0x8E, 0xA8, 0xA6, 0x8F, 0xE3, 0xFD, 0x88, 0x05, 0x5C,
    0xA6, 0x5F, 0x2A, 0x1D, 0x1A, 0xA8, 0x17, 0x13, 0x87, 0xDD, 0x2C, 0x6D, 0xDE, 0x9F, 0xC9, 0x6B,
    0x2A, 0x3E, 0xE1, 0x0E, 0xA4, 0xF4, 0x06, 0x2A, 0xE2, 0x85, 0xF3, 0x9D, 0x3B, 0x90, 0x4E, 0xEB,
    0x72, 0x3A, 0x84, 0x2D, 0xB7, 0x75, 0x67, 0x06, 0x6B, 0x19, 0x5A, 0xF9, 0xA3, 0x54, 0x42, 0x7C,
    0xCC, 0xB5, 0xCF, 0xB0, 0x71, 0xB8, 0xC1, 0x2A, 0x0E, 0x84, 0xE6, 0x9A, 0x1F, 0x98, 0xC8, 0xB6,
    0x18, 0xC0, 0x5B, 0x0C, 0xDF, 0x35, 0x35, 0xB3, 0x05, 0x5D, 0x1F, 0xD7, 0xA4, 0xA9, 0x2E, 0xF1,
    0x44, 0x53, 0x10, 0xCE, 0x61, 0xCB, 0x08, 0xAB, 0x14, 0x88, 0x87, 0x63, 0xCB, 0x6C, 0x54, 0xCB,
    0x37, 0xB2, 0x8E, 0xCA, 0x20, 0xDD, 0x6C, 0xD6, 0xB0, 0xE8, 0xC5, 0x96, 0x8E, 0x4A, 0x4C, 0xEE,
    0x56, 0xB2, 0xBD, 0x57, 0xD9, 0xA1, 0x83, 0xE8, 0x8C, 0x85, 0x4A, 0x61, 0xA8, 0x7E, 0x62, 0xDF,
    0x49, 0x26, 0x4A, 0x71, 0xC2, 0xA3, 0xCC, 0xAC, 0xED, 0xD7, 0xC0, 0x7A, 0x90, 0x4F, 0xA0, 0x2B,
    0x76, 0xB4, 0x77, 0x80, 0x8B, 0xA0, 0xDB, 0x4D, 0xF4, 0xE6, 0x64, 0xFB, 0xB3, 0xA6, 0x26, 0x6E,
    0x73, 0xF9, 0x66, 0xB4, 0x5E, 0x41, 0xE3, 0x1A, 0xEA, 0x2D, 0xB4, 0x63, 0x0D, 0xCB, 0x9B, 0x52,
    0xEF, 0xB4, 0xCA, 0x03, 0x95, 0x92, 0x55, 0x30, 0x2E, 0x93, 0xF9, 0xEE, 0xD2, 0xE6, 0x2A, 0xB6,
    0xFB, 0xAE, 0xE2, 0x61, 0xBD, 0xA5, 0xBB, 0x9A, 0x11, 0x1C, 0xA8, 0x8A, 0x8C, 0xCD, 0xBD, 0xE2,
    0x2B, 0x61, 0x9F, 0x06, 0xB6, 0x69, 0xDC, 0xC7, 0x6A, 0x60, 0x5C, 0x83, 0x97, 0x53, 0xA0, 0x65,
    0xB8, 0x6C, 0x8B, 0x6E, 0x7E, 0x3F, 0x77, 0x94, 0x49, 0xE2, 0x2B, 0xEF, 0xE2, 0xFE, 0x14, 0x85,
    0xB8, 0xAF, 0x28, 0x7D, 0x44, 0xE7, 0x0F, 0xB5, 0x48, 0x8C, 0x5A, 0xB1, 0x64, 0x60, 0x9B, 0x85,
    0x70, 0x74, 0x7A, 0xD8, 0xFA, 0x54, 0x79, 0x35, 0xFD, 0x3A, 0x03, 0x7D, 0x40, 0x0C, 0xDC, 0xAE,
    0x5C, 0x8C, 0xC1, 0x0C, 0xB4, 0x65, 0x74, 0x77, 0x9E, 0x5A, 0xF2, 0x32, 0x92, 0xBF, 0x4D, 0x65,
    0x65, 0x10, 0x7E, 0x03, 0x23, 0x32, 0xC2, 0x36, 0x19, 0xF7, 0x5B, 0xFC, 0x2C, 0xDC, 0xAF, 0x03,
    0xD4, 0x85, 0x79, 0xDE, 0x4C, 0xDC, 0x2C, 0x51, 0xE2, 0xB3, 0x81, 0xE2, 0x51, 0x52, 0xDC, 0xDC,
    0xD4, 0x4B, 0x30, 0xC8, 0x80, 0x65, 0x2C, 0xE9, 0xDB, 0x53, 0x1B, 0x9B, 0x0E, 0x2E, 0xCA, 0xB1,
    0x2C, 0x75, 0xEA, 0x12, 0x50, 0x19, 0x00, 0x99, 0x9F, 0x5D, 0x9A, 0x9E, 0x9C, 0xA1, 0x95, 0xA8,
    0x21, 0xD9, 0xDA, 0x8C, 0x51, 0x20, 0x4B, 0xC6, 0x47, 0x13, 0x19, 0xB2, 0x43, 0xEC, 0xE9, 0x40,
    0x88, 0xBE, 0x70, 0x77, 0xBB, 0xBE, 0xDA, 0x77, 0xB9, 0xEB, 0x0B, 0x53, 0x1C, 0x1A, 0xB3, 0xC5,
    0xA5, 0xF2, 0x55, 0x26, 0x3E, 0xF6, 0x58, 0x37, 0x4C, 0xB8, 0xDB, 0xC9, 0xE9, 0x69, 0xB7, 0xEB,
    0x80, 0x94, 0x2D, 0xA0, 0xD1, 0xD3, 0x05, 0x02, 0xEC, 0xFE, 0x86, 0x4E, 0x13, 0xF9, 0xD1, 0xF6,
    0x5E, 0xBC, 0xA2, 0x86, 0x7D, 0xC9, 0x3C, 0x36, 0xCC, 0xFE, 0x0A, 0xBF, 0xF3, 0xFC, 0xEE, 0xDE,
    0x8D, 0x2D, 0xAB, 0xA8, 0x3F, 0x98, 0x6F, 0xC9, 0xC9, 0xAA, 0x18, 0xE3, 0xBE, 0x1C, 0x4B, 0x57,
    0xEA, 0x6D, 0x12, 0x75, 0xCE, 0x01, 0x09, 0xD3, 0x35, 0x40, 0x9C, 0x4E, 0xDA, 0xE6, 0x88, 0x97,
    0xEB, 0x78, 0x52, 0x5F, 0xB0, 0xEC, 0x75, 0xD3, 0xAE, 0x1E, 0x1F, 0xD3, 0x69, 0x63, 0xC4, 0xDB,
    0xC4, 0x04, 0xCA, 0x9A, 0xE7, 0x50, 0x79, 0x73, 0x6D, 0x50, 0xC6, 0xBA, 0x8D, 0xC6, 0xE3, 0xB7,
    0xC1, 0x9D, 0x11, 0x7D, 0xF3, 0x76, 0x75, 0x46, 0x4B, 0x31, 0xA6, 0x15, 0x53, 0xCD, 0x82, 0x7D,
    0x45, 0x14, 0x7B, 0x51, 0x24, 0xFB, 0x3E, 0xF4, 0x82, 0x81, 0x6A, 0x24, 0xB2, 0x91, 0xE8, 0x46,
    0x22, 0xDC, 0xF1, 0xED, 0x09, 0x30, 0x38, 0xF1, 0xDA, 0x21, 0xF2, 0xDD, 0x3D, 0x0A, 0x15, 0x89,
    0x86, 0x24, 0x22, 0x92, 0xA8, 0x28, 0xA6, 0xC6, 0x88, 0x01, 0x21, 0xA1, 0xE4, 0xAF, 0x4F, 0x6E,
    0x73, 0x02, 0xB9, 0x4F, 0xF2, 0x2F, 0x2F, 0x08, 0xB7, 0x1A, 0x09, 0x02, 0xBC, 0xE7, 0x2D, 0x93,
    0x77, 0x26, 0xF7, 0x65, 0xF9, 0xA9, 0x13, 0x76, 0x67, 0x5C, 0x5A, 0x9E, 0x8B, 0x26, 0x6D, 0x0E,
    0xF4, 0xC9, 0xE6, 0xC6, 0x77, 0x76, 0x9F, 0x51, 0xC5, 0x9D, 0x1A, 0xBD, 0x4B, 0x0D, 0xF5, 0xBB,
    0xCA, 0xEF, 0xD4, 0x1B, 0xA5, 0x62, 0x1E, 0x11, 0x5E, 0x7F, 0x40, 0x19, 0x67, 0x48, 0x07, 0x78,
    0x31, 0xBD, 0x46, 0x9B, 0x23, 0x1E, 0xB6, 0x75, 0xD2, 0x3F, 0xD1, 0xD2, 0x92, 0xF3, 0x4E, 0xDB,
    0x70, 0x4D, 0x10, 0x8C, 0x03, 0xBF, 0xA8, 0xED, 0x7E, 0x38, 0x0A, 0x74, 0xFB, 0xE3, 0xB1, 0x39,
    0x7E, 0x3B, 0xBF, 0xB0, 0x2B, 0x70, 0x7E, 0x91, 0x65, 0xAE, 0x2C, 0xAA, 0x7F, 0x5D, 0xC2, 0x34,
    0xE8, 0xA0, 0x31, 0x57, 0x4B, 0x54, 0x06, 0xF4, 0x09, 0x82, 0x3F, 0x5C, 0xBD, 0x7A, 0x05, 0x2B,
    0x4E, 0x60, 0x52, 0xAF, 0xE4, 0x00, 0x04, 0x97, 0x85, 0xEE, 0xA4, 0xD1, 0xC1, 0x61, 0x45, 0xAF,
    0xFD, 0x4D, 0x71, 0x7B, 0x50, 0x9B, 0xC8, 0xD9, 0x74, 0x8A, 0xDC, 0xCE, 0x88, 0xB0, 0xD0, 0x8C,
    0xC2, 0x85, 0x8E, 0xD9, 0x76, 0x7D, 0xB4, 0xD1, 0xA8, 0x82, 0xAC, 0x41, 0x77, 0xAE, 0x77, 0x76,
    0xAE, 0x52, 0xB4, 0x7A, 0x56, 0xD9, 0xE5, 0xF7, 0xC1, 0xBF, 0x2F, 0x84, 0xFA, 0xC9, 0x8A, 0x5F,
    0xCB, 0x3C, 0xDB, 0x01, 0x73, 0xC8, 0xF7, 0x0A, 0x47, 0xB7, 0x39, 0xD0, 0x76, 0xDB, 0x95, 0xEC,
    0x24, 0x29, 0xC0, 0x92, 0x15, 0xF8, 0x64, 0xE3, 0x44, 0x2A, 0xDB, 0x27, 0x2C, 0xD5, 0x14, 0x2B,
    0x3B, 0x63, 0xC4, 0x62, 0x8F, 0x73, 0x9D, 0x8F, 0xC2, 0x56, 0x31, 0x0A, 0x47, 0xC6, 0x4B, 0x0F,
    0xB1, 0x5E, 0x78, 0x91, 0x68, 0x8B, 0x6C, 0xD3, 0x9C, 0x6D, 0x76, 0xCD, 0x7D, 0x3A, 0x1F, 0xCB,
    0xD7, 0x6E, 0xF8, 0x82, 0xB9, 0xE0, 0x21, 0xE7, 0x29, 0x97, 0x68, 0xA4, 0xCB, 0xB9, 0x4E, 0xB8,
    0x4E, 0x27, 0x5C, 0x1F, 0x15, 0x91, 0xEA, 0xBE, 0xF5, 0xBD, 0xB5, 0xF3, 0xE1, 0xD6, 0xD2, 0x07,
    0x59, 0xD1, 0xC7, 0x90, 0x5E, 0x60, 0x0E, 0x8B, 0x45, 0xFE, 0x01, 0xEF, 0x3F, 0x71, 0x0F, 0xAA,
    0xB8, 0x1E, 0x49, 0x8B, 0x84, 0x84, 0x04, 0x00, 0x1C, 0x70, 0xC8, 0x7A, 0xE0, 0xB6, 0xED, 0x57,
    0x00, 0x41, 0x42, 0x1C, 0x07, 0x0F, 0xA6, 0xBA, 0xFA, 0x18, 0x03, 0x7D, 0x8A, 0x41, 0xA0, 0xCF,
    0x1F, 0x3D, 0xC3, 0x80, 0xF1, 0x41, 0x83, 0x4B, 0x40, 0xC4, 0xBA, 0x07, 0x95, 0x8E, 0x60, 0x41,
    0x1E, 0x0E, 0x66, 0x40, 0x7C, 0xDD, 0x56, 0x1A, 0x4C, 0x2D, 0x6A, 0x60, 0xBF, 0xA0, 0x2B, 0x2B,
    0xAD, 0x37, 0x13, 0x0E, 0x1E, 0x15, 0x3F, 0x75, 0xF9, 0x81, 0x52, 0x9C, 0xBE, 0x5C, 0x09, 0x1B,
    0x50, 0x36, 0xD7, 0x3C, 0xF3, 0x79, 0x68, 0x4D, 0x62, 0x3F, 0x0F, 0x6B, 0x62, 0x27, 0xEF, 0x5F,
    0xD3, 0xCF, 0xB4, 0x60, 0xF5, 0xDE, 0xBC, 0xCE, 0x29, 0xEA, 0x90, 0x72, 0xA4, 0xCC, 0x21, 0x1A,
    0xA8, 0x31, 0x7B, 0x04, 0xB6, 0xAC, 0x60, 0xC6, 0xAF, 0xA2, 0xA5, 0xE5, 0xB2, 0x8D, 0xDF, 0x74,
    0xC5, 0xF2, 0x00, 0xE2, 0x3F, 0x78, 0x20, 0xAF, 0x77, 0xAA, 0x22, 0xB1, 0x2E, 0xAD, 0xB1, 0x3D,
    0xA1, 0x5F, 0x9F, 0x97, 0x5A, 0x68, 0xFE, 0xEB, 0x75, 0xB8, 0xF9, 0x5F, 0x94, 0xDF, 0x9A, 0x32,
    0xA7, 0x1F, 0xBC, 0xD7, 0xAE, 0xFD, 0x33, 0xAC, 0x92, 0x5D, 0xC8, 0x9E, 0x14, 0x92, 0x41, 0x51,
    0x94, 0x00, 0xAE, 0x7F, 0xB3, 0x16, 0x12, 0x76, 0xEB, 0x7A, 0xF2, 0x5E, 0xD1, 0x28, 0x40, 0x23,
    0x8F, 0x0A, 0xB8, 0x6D, 0x1B, 0x5D, 0x8E, 0x0A, 0x16, 0x6A, 0x6F, 0x08, 0xE4, 0x68, 0x7A, 0xBC,
    0x37, 0xB5, 0x7C, 0x78, 0x41, 0xD0, 0xB8, 0xB7, 0x9D, 0x15, 0x8D, 0xF6, 0x4B, 0xC9, 0xFC, 0x7C,
    0x5A, 0x4A, 0xFC, 0x55, 0x06, 0xE2, 0x49, 0x17, 0x47, 0x29, 0x82, 0x4F, 0xD0, 0xC9, 0x07, 0x6E,
    0x66, 0xC4, 0x7E, 0x09, 0x84, 0xCA, 0x5D, 0xA4, 0xB7, 0x33, 0x56, 0xB9, 0x8B, 0xB1, 0xFA, 0xF5,
    0x54, 0x3A, 0x11, 0x2B, 0x61, 0xC4, 0x66, 0xC0, 0x46, 0x2B, 0xAA, 0x96, 0x03, 0x4A, 0xEC, 0xB0,
    0xD2, 0xE6, 0x56, 0x2A, 0xD5, 0x74, 0x52, 0x12, 0x05, 0xF4, 0x29, 0x01, 0x99, 0x50, 0x4C, 0xFA,
    0x54, 0xD4, 0x21, 0x09, 0x28, 0x95, 0xD7, 0x86, 0x74, 0x44, 0xC9, 0xBC, 0x36, 0xE4, 0x1E, 0x25,
    0xFB, 0xA5, 0x01, 0x4E, 0x70, 0xD3, 0x71, 0x3E, 0x68, 0x7E, 0xEB, 0xF5, 0x90, 0x7B, 0xDB, 0x4A,
    0xE9, 0xA7, 0x63, 0xEE, 0xC1, 0x8B, 0xFD, 0xB9, 0xCF, 0xAF, 0xF3, 0xF2, 0x98, 0xB4, 0xEC, 0x66,
    0x20, 0x9D, 0x8C, 0x33, 0x1E, 0x51, 0x42, 0xA0, 0x5F, 0x4B, 0x75, 0xCA, 0x4E, 0x4B, 0xB2, 0xDC,
    0x43, 0x29, 0x50, 0xAA, 0xFC, 0x95, 0xA2, 0x64, 0x85, 0x92, 0x17, 0x4D, 0x51, 0x72, 0xBA, 0x89,
    0xEB, 0xE4, 0x23, 0xF5, 0x8A, 0xF9, 0xA4, 0x68, 0x58, 0xB1, 0x61, 0x9D, 0x3B, 0x27, 0xD3, 0xEA,
    0xC7, 0x16, 0x29, 0xFB, 0xBC, 0xD3, 0x78, 0x5E, 0xDA, 0xDE, 0xFE, 0x91, 0x36, 0x87, 0x81, 0x6C,
    0x27, 0xA1, 0x1D, 0xAE, 0x24, 0x69, 0x22, 0x91, 0xAD, 0x72, 0x48, 0x59, 0x6E, 0x69, 0x2C, 0x7C,
    0xC2, 0xE0, 0x6C, 0x8C, 0xD1, 0x27, 0x15, 0x4D, 0x3F, 0x63, 0x98, 0xD1, 0x15, 0x53, 0x32, 0x09,
    0x96, 0x53, 0x32, 0x4A, 0xDD, 0x4D, 0x90, 0x1A, 0x16, 0xCE, 0x86, 0xDC, 0x09, 0x72, 0x90, 0x8C,
    0x54, 0xFE, 0x8B, 0x89, 0x91, 0xC4, 0xFF, 0xD5, 0x2F, 0xD9, 0x56, 0x33, 0xB2, 0x63, 0x26, 0xC1,
    0x96, 0x47, 0x60, 0xC5, 0x83, 0x60, 0x20, 0xEE, 0x05, 0x7D, 0xC4, 0xB5, 0x86, 0x55, 0x5E, 0xDA,
    0xBF, 0x03, 0xF3, 0x50, 0x4B, 0xD0, 0x65, 0xCD, 0xC0, 0x26, 0x0C, 0x32, 0x8A, 0xFF, 0x51, 0x3D,
    0xBA, 0x06, 0x89, 0xF8, 0xAA, 0xAC, 0xB1, 0x23, 0xF3, 0xE1, 0x13, 0xE6, 0x10, 0xD9, 0xA6, 0xD3,
    0x70, 0x48, 0x98, 0x3B, 0xE6, 0x29, 0x41, 0x7A, 0xA6, 0x97, 0x50, 0x5A, 0x86, 0xC6, 0x41, 0x14,
    0x8C, 0x4D, 0x6D, 0xCC, 0xC8, 0x7B, 0xA5, 0x93, 0xF6, 0x1C, 0xBD, 0xAF, 0xAD, 0xD4, 0x7D, 0xF2,
    0xB6, 0xC3, 0x74, 0x86, 0x9A, 0x96, 0x81, 0x21, 0x0B, 0x8F, 0x0A, 0xC3, 0xDE, 0xA3, 0x58, 0xDA,
    0xDF, 0xDC, 0x52, 0x7B, 0x3B, 0x1A, 0xDA, 0x42, 0x26, 0xDA, 0xB5, 0x40, 0x2C, 0xE8, 0xF9, 0x11,
    0xCE, 0xCF, 0x98, 0x71, 0x93, 0x31, 0x1A, 0x35, 0xAF, 0x31, 0xD0, 0x6D, 0x8E, 0x4B, 0xBD, 0x0E,
    0xC7, 0x5E, 0x9F, 0x9D, 0x31, 0x4A, 0x38, 0x66, 0xCE, 0x14, 0x12, 0x77, 0xE8, 0x69, 0x72, 0x8A,
    0x2C, 0x00, 0x52, 0x06, 0x24, 0x33, 0x54, 0x02, 0x11, 0xA3, 0x0E, 0x18, 0x26, 0x22, 0x4E, 0x46,
    0x40, 0x2A, 0x40, 0x9C, 0x3B, 0xC0, 0xD3, 0x3D, 0xC0, 0xB6, 0x80, 0xA6, 0x02, 0x04, 0x02, 0x8C,
    0x9B, 0x8C, 0x5B, 0x28, 0xA8, 0x56, 0xB6, 0xB6, 0xC7, 0xEB, 0xFC, 0x3E, 0x81, 0x71, 0xF3, 0x0E,
    0xB7, 0x02, 0xCC, 0x04, 0xF0, 0x0A, 0x9D, 0x40, 0x76, 0x8B, 0xFB, 0x53, 0xD6, 0xA6, 0xC2, 0x45,
    0x8C, 0xAF, 0xF0, 0x1B, 0x0A, 0xAF, 0x72, 0x2D, 0xF0, 0x85, 0xA0, 0x21, 0xF1, 0x47, 0xCE, 0x5C,
    0xD7, 0x88, 0x77, 0xB2, 0xBF, 0x7A, 0x05, 0xC1, 0x22, 0xB4, 0x1B, 0xF1, 0xA8, 0xA7, 0xD2, 0x4C,
    0xDD, 0xF1, 0xE0, 0xDE, 0x05, 0xCD, 0xA0, 0xC2, 0x32, 0x59, 0xD8, 0xE6, 0x9B, 0x12, 0xBB, 0x66,
    0x2C, 0xC3, 0x18, 0x4E, 0x69, 0x80, 0xC3, 0xF9, 0x71, 0xCD, 0x17, 0x53, 0xA3, 0x8A, 0x0F, 0x3B,
    0x1E, 0x6B, 0x0D, 0x55, 0x76, 0xD2, 0x53, 0x4E, 0xFB, 0xE7, 0xF6, 0xCF, 0x40, 0x49, 0x27, 0xDA,
    0x67, 0x0E, 0x73, 0x16, 0x12, 0xB4, 0xA5, 0x2B, 0xF0, 0x68, 0x22, 0xC3, 0x57, 0xAE, 0x72, 0x67,
    0x77, 0xEE, 0xE5, 0x28, 0xC5, 0x6E, 0x83, 0x15, 0x8E, 0xA4, 0x5D, 0x67, 0xDD, 0x62, 0xBD, 0x71,
    0x05, 0x33, 0xBC, 0x6E, 0xF8, 0x9C, 0xD6, 0xA9, 0x39, 0x6A, 0x8F, 0x6D, 0xEB, 0x35, 0x3E, 0x19,
    0x89, 0xF9, 0x6B, 0x53, 0xCC, 0xAA, 0x2F, 0x0F, 0xC9, 0xF4, 0x14, 0xF7, 0x89, 0x27, 0xAE, 0x13,
    0x27, 0x13, 0xC3, 0x65, 0x68, 0x89, 0x21, 0x46, 0xA3, 0x7C, 0x6B, 0x34, 0x0B, 0xE2, 0x36, 0x6D,
    0x5A, 0xC5, 0x4C, 0x59, 0x97, 0xF1, 0x37, 0x0A, 0x27, 0x95, 0x73, 0x52, 0xDB, 0xDE, 0xFE, 0x44,
    0xFA, 0x4A, 0x6B, 0xF9, 0x68, 0xBB, 0x48, 0x56, 0x6F, 0x43, 0x55, 0xE3, 0xB6, 0x1E, 0xAE, 0x9A,
    0x5B, 0x88, 0x44, 0xF7, 0xAB, 0x0E, 0xD1, 0xF3, 0x7A, 0x75, 0xAE, 0xA9, 0x63, 0x98, 0x41, 0x83,
    0xAB, 0x38, 0x4E, 0x8F, 0xF8, 0x0F, 0x52, 0x74, 0x99, 0xC8, 0x62, 0x77, 0xB7, 0xAD, 0x4D, 0x07,
    0xB7, 0xB9, 0xC2, 0xD3, 0xEB, 0xC1, 0x80, 0xDB, 0x86, 0xCD, 0xE6, 0x7E, 0xA5, 0xBF, 0xA6, 0xEF,
    0xD3, 0x4C, 0xDA, 0x48, 0xC9, 0x90, 0x3B, 0x4A, 0x46, 0xD3, 0x52, 0x8C, 0x71, 0x86, 0x75, 0xCB,
    0xE0, 0xCA, 0x63, 0x51, 0x9F, 0x9A, 0x10, 0x38, 0x9E, 0xAD, 0xC4, 0x1E, 0x39, 0x43, 0x93, 0x00,
    0x73, 0xD8, 0x1E, 0x58, 0x9A, 0x84, 0xB9, 0x25, 0xEA, 0xE6, 0xE3, 0x24, 0x80, 0x42, 0xA1, 0xF4,
    0x00, 0x33, 0x28, 0x38, 0x80, 0xDD, 0x83, 0xA6, 0x07, 0x70, 0xA7, 0x00, 0x51, 0x23, 0x85, 0x78,
    0xF7, 0x2E, 0xC7, 0x0D, 0xD4, 0x8D, 0x52, 0xC8, 0xB6, 0xF4, 0x01, 0x4E, 0x7E, 0x97, 0x75, 0xC0,
    0xC9, 0x3F, 0xA2, 0x67, 0x35, 0xE7, 0xB9, 0xDE, 0x7D, 0x2C, 0xFB, 0x28, 0x60, 0xD9, 0x09, 0x9C,
    0x0B, 0x38, 0xF7, 0xFF, 0x02, 0x7C, 0x56, 0x31, 0x8C, 0xF6, 0x46, 0x11, 0x1D, 0xFB, 0xCB, 0x61,
    0x81, 0x0B, 0x53, 0xF0, 0x4B, 0x21, 0x27, 0xE1, 0xFE, 0x6F, 0x4C, 0x49, 0x01, 0xB2, 0xA1, 0x49,
    0x7B, 0x05, 0x47, 0xF3, 0x37, 0x69, 0xD2, 0xD0, 0xD0, 0x52, 0xB1, 0x26, 0xF4, 0x12, 0x0D, 0x34,
    0xF4, 0x4D, 0xFA, 0x16, 0xD6, 0x51, 0x0A, 0xCA, 0x58, 0x02, 0xE9, 0xCA, 0x7F, 0x0B, 0x10, 0x25,
    0x2B, 0xE4, 0x62, 0xEF, 0xB0, 0xFD, 0x98, 0xA7, 0x5D, 0xAF, 0x7D, 0x00, 0x8C, 0x64, 0xCF, 0x1B,
    0xFB, 0x76, 0x66, 0xF7, 0xBD, 0xF1, 0x7C, 0x27, 0xD1, 0x86, 0xE8, 0x3A, 0x1F, 0x7D, 0xFF, 0x6F,
    0xDE, 0x38, 0x91, 0xC2, 0x3E, 0x0B, 0x26, 0xC5, 0xC0, 0x13, 0x44, 0x4A, 0xA8, 0xAD, 0x22, 0x0D,
    0xFD, 0xCC, 0xC7, 0xBF, 0xB1, 0xD0, 0x34, 0x58, 0xF5, 0xD1, 0x24, 0x37, 0x78, 0xA9, 0x30, 0xEB,
    0x45, 0xEC, 0xF4, 0xD9, 0x20, 0x25, 0xBC, 0xB4, 0x10, 0x7A, 0xE9, 0xF7, 0xE4, 0xD7, 0xE8, 0x4D,
    0xF2, 0x96, 0x1E, 0x4E, 0x10, 0x44, 0x6E, 0xD9, 0xCF, 0xF4, 0xCC, 0x45, 0x2F, 0x35, 0x46, 0xB1,
    0x81, 0xA5, 0x85, 0x7F, 0x2F, 0x9D, 0xE6, 0x32, 0x9B, 0x5E, 0x8A, 0x7B, 0x48, 0x81, 0x45, 0x9F,
    0x61, 0xBE, 0x87, 0x4B, 0xDB, 0x1B, 0x99, 0x03, 0xD8, 0x44, 0x4D, 0xBD, 0xA3, 0xBF, 0x87, 0xAE,
    0xA2, 0xBD, 0x19, 0xE4, 0x95, 0xD5, 0x7C, 0x2D, 0x8D, 0x3F, 0xEE, 0x85, 0x74, 0x4E, 0x73, 0x6E,
    0x66, 0x62, 0x32, 0xF0, 0xA4, 0x08, 0xFA, 0xE0, 0x05, 0x5E, 0xB3, 0x0E, 0xC6, 0x4B, 0xB3, 0x49,
    0xBF, 0x48, 0xBB, 0x4A, 0x1F, 0x08, 0x78, 0xF7, 0x04, 0x86, 0x77, 0xB1, 0x8E, 0x21, 0x1C, 0x43,
    0xCC, 0x1A, 0x12, 0xF3, 0x24, 0xAE, 0xE4, 0x39, 0x7C, 0x0D, 0xEE, 0x3E, 0xEE, 0x1D, 0x9E, 0x3B,
    0xE6, 0x7E, 0xCB, 0xB8, 0xDB, 0xBB, 0xCB, 0xE6, 0x3E, 0x48, 0xBE, 0x40, 0x06, 0xE9, 0x6D, 0x79,
    0x80, 0x0A, 0xF2, 0xE6, 0xF1, 0x71, 0x78, 0xF3, 0x68, 0x36, 0x66, 0x1B, 0xF5, 0x5A, 0xB8, 0xDF,
    0xC1, 0x30, 0x69, 0x87, 0x67, 0xBD, 0xFE, 0xCC, 0xBF, 0x9F, 0xB8, 0x86, 0xAC, 0x50, 0x1D, 0x21,
    0x18, 0x09, 0x98, 0x61, 0x60, 0x16, 0x92, 0xAC, 0xD7, 0x7E, 0x80, 0x4D, 0x22, 0xDD, 0xCD, 0x4A,
    0xB0, 0x27, 0xD0, 0x6E, 0x7A, 0x05, 0xF6, 0x0D, 0x55, 0x58, 0xD8, 0x30, 0x19, 0x84, 0xD4, 0x3D,
    0x19, 0x98, 0x25, 0xF6, 0x91, 0x58, 0xAF, 0xD7, 0x9C, 0x00, 0x26, 0x82, 0x45, 0xC8, 0x05, 0xD5,
    0x64, 0x39, 0x21, 0xC7, 0x83, 0xD9, 0x09, 0x7A, 0x76, 0x19, 0x41, 0xAB, 0xC0, 0x13, 0xD4, 0x51,
    0x50, 0x35, 0x8B, 0x90, 0x88, 0xF8, 0xB1, 0xFC, 0x87, 0xD5, 0x3E, 0xBA, 0x45, 0x68, 0x0D, 0x1D,
    0xEB, 0xF3, 0xE8, 0x06, 0x63, 0x07, 0x5F, 0x40, 0x75, 0x82, 0x67, 0xE1, 0xB7, 0xD6, 0xAB, 0x92,
    0x7C, 0x4D, 0x0E, 0xC4, 0xCE, 0x74, 0x82, 0xA9, 0xDA, 0x85, 0x8E, 0xA7, 0x2F, 0x30, 0xEA, 0x91,
    0xC9, 0x9A, 0xEA, 0x4C, 0xAA, 0xFA, 0xA0, 0x6E, 0x17, 0xA3, 0x4E, 0xDF, 0x63, 0x21, 0x25, 0x25,
    0x3C, 0x5D, 0xFD, 0x77, 0xFF, 0x5D, 0x75, 0xDD, 0x57, 0x2F, 0x81, 0xDB, 0x6E, 0xB1, 0x48, 0x83,
    0xAD, 0x81, 0x53, 0xE7, 0x1B, 0x32, 0x8D, 0xB1, 0x22, 0xA3, 0xDF, 0xE2, 0x87, 0x77, 0x5A, 0x31,
    0xCA, 0xB7, 0xCF, 0xA8, 0xF2, 0x82, 0xF1, 0x8C, 0x82, 0x16, 0x4B, 0xC6, 0xC2, 0xED, 0x22, 0xA7,
    0x81, 0x74, 0x66, 0x33, 0xC8, 0x30, 0x49, 0xF3, 0x9A, 0x95, 0xFF, 0x6F, 0xEF, 0xB0, 0x73, 0x4F,
    0x8F, 0x6A, 0x91, 0xEB, 0xE7, 0xF8, 0xF1, 0xC0, 0x49, 0x4F, 0x37, 0xC6, 0xC8, 0x8B, 0x89, 0x0F,
    0xAB, 0x18, 0x7D, 0x6A, 0x96, 0x7B, 0x04, 0xA5, 0xE2, 0x81, 0x5F, 0x3D, 0xA5, 0xC5, 0x46, 0xF2,
    0x79, 0x5C, 0x46, 0x3D, 0xA4, 0xE1, 0x5D, 0x84, 0xED, 0xDF, 0x82, 0x9F, 0x19, 0x56, 0x46, 0x33,
    0x67, 0x43, 0x39, 0x92, 0x3B, 0x29, 0x30, 0x49, 0xCD, 0x15, 0x4C, 0x22, 0xD4, 0xAA, 0x62, 0xD4,
    0xA6, 0x5E, 0x8D, 0x51, 0xBF, 0xA7, 0x86, 0x65, 0x14, 0x93, 0x50, 0x3D, 0x46, 0x4C, 0xC2, 0xC5,
    0xDC, 0xF9, 0xA0, 0xD7, 0x94, 0xFA, 0xB7, 0x41, 0x4A, 0x42, 0xC4, 0x8B, 0xF3, 0x22, 0x75, 0x72,
    0xAB, 0x17, 0x82, 0xC4, 0x76, 0x66, 0x03, 0x73, 0x74, 0xFD, 0x40, 0x84, 0x3A, 0xDB, 0x20, 0x4C,
    0x62, 0x85, 0x34, 0x16, 0xF0, 0xD2, 0x41, 0x04, 0x6C, 0x6A, 0x3E, 0x67, 0x92, 0x22, 0x46, 0x06,
    0x03, 0x7B, 0x80, 0x1A, 0x59, 0x00, 0x9B, 0x26, 0x79, 0xF9, 0xDC, 0x6E, 0x71, 0xFC, 0xB8, 0x48,
    0xD9, 0x4A, 0x02, 0xB1, 0xCB, 0x35, 0xFA, 0x75, 0x1A, 0xA4, 0x8B, 0x5C, 0xED, 0x9B, 0x27, 0xFC,
    0x50, 0x3E, 0x3A, 0x83, 0xDF, 0x8B, 0x19, 0x72, 0x60, 0xCB, 0xED, 0xA2, 0xF9, 0xC7, 0xE1, 0x0C,
    0xFA, 0xF7, 0xEE, 0x14, 0xB2, 0xC3, 0x94, 0x74, 0x4C, 0xA7, 0x3F, 0x64, 0x94, 0x8A, 0xCC, 0x25,
    0x15, 0xA5, 0xE4, 0x0E, 0x92, 0x88, 0xD1, 0x92, 0x86, 0x67, 0xD0, 0x23, 0x4D, 0xA1, 0xA4, 0x60,
    0xB5, 0x0F, 0x76, 0x38, 0x04, 0xEC, 0xB0, 0x60, 0x3A, 0xF4, 0x63, 0x85, 0xE9, 0x90, 0x8F, 0x15,
    0xB2, 0x7A, 0xF6, 0xB7, 0x58, 0xB3, 0x78, 0x56, 0x3A, 0x9F, 0xB5, 0xFB, 0x85, 0xD8, 0x29, 0x4B,
    0xF7, 0x61, 0x81, 0x8B, 0x72, 0xD5, 0x76, 0x11, 0x8E, 0x8D, 0x9F, 0x75, 0x33, 0xF3, 0x29, 0x1B,
    0xA7, 0x61, 0x56, 0x8D, 0x4B, 0xB2, 0x68, 0xCD, 0x22, 0x2E, 0x6B, 0xD6, 0x3B, 0x59, 0x4F, 0xC9,
    0x9E, 0x7F, 0xB4, 0x9D, 0x8A, 0x01, 0x59, 0x30, 0xBA, 0xAC, 0x57, 0xB3, 0x01, 0xE1, 0x90, 0xEB,
    0xB6, 0xD4, 0xE4, 0x2B, 0xDB, 0x9B, 0x8C, 0x3E, 0x91, 0x9F, 0x47, 0x50, 0x7A, 0x4A, 0xC3, 0x57,
    0xB7, 0xC0, 0xF9, 0x23, 0xF7, 0x18, 0xCB, 0xAD, 0xE3, 0x2A, 0xF2, 0x02, 0x33, 0x26, 0x64, 0x21,
    0x6A, 0x3F, 0xE1, 0xAE, 0xA8, 0x05, 0x87, 0x0C, 0x29, 0x49, 0x13, 0xBD, 0x9E, 0x89, 0x6E, 0x90,
    0x64, 0x19, 0x7D, 0x50, 0xED, 0xB1, 0x4B, 0x4A, 0x3C, 0x6D, 0xD2, 0x3D, 0x97, 0xDC, 0x36, 0x56,
    0xB1, 0xF8, 0xD3, 0x2E, 0x86, 0x08, 0xDC, 0x37, 0x5E, 0x10, 0x0A, 0x68, 0xA8, 0x74, 0xF7, 0x4B,
    0xB9, 0xBF, 0x83, 0xAF, 0xA0, 0xF9, 0xCB, 0x55, 0xA9, 0x6E, 0xF4, 0x74, 0xBE, 0x08, 0x25, 0xA4,
    0x0D, 0xE4, 0xE4, 0x93, 0x5A, 0x1F, 0x2C, 0x9C, 0xCB, 0xDC, 0x41, 0xEF, 0xE3, 0x4F, 0xFD, 0x24,
    0xC6, 0x53, 0x53, 0x72, 0x6B, 0x1D, 0x35, 0x24, 0xB1, 0x98, 0x55, 0x63, 0x0A, 0xA1, 0xA8, 0x51,
    0x64, 0xE6, 0xDB, 0x88, 0xB9, 0xB7, 0x9F, 0xFD, 0x10, 0xC3, 0xCD, 0xC3, 0x6F, 0xF6, 0xFD, 0x97,
    0xF8, 0x6B, 0xE3, 0x2D, 0x82, 0xC5, 0x57, 0xEC, 0x6E, 0x03, 0x0D, 0x48, 0xA0, 0xEF, 0x31, 0x99,
    0xB5, 0xFF, 0x1B, 0xE0, 0x54, 0xC3, 0xDE, 0xB5, 0xF3, 0xCF, 0x34, 0xF5, 0x83, 0xDC, 0x89, 0x9A,
    0x4E, 0xF1, 0xE2, 0xF1, 0xF1, 0x41, 0xF8, 0x1B, 0x46, 0xB1, 0xE1, 0x49, 0x13, 0x06, 0x42, 0x47,
    0xC8, 0xE6, 0x60, 0x2C, 0x06, 0x21, 0xFD, 0xA2, 0xB0, 0x97, 0x62, 0x7B, 0x12, 0xB2, 0x03, 0xD2,
    0x08, 0xC8, 0xB0, 0x86, 0x10, 0xBA, 0xA3, 0xFD, 0x0B, 0xCC, 0xA9, 0x83, 0xD8, 0xA1, 0xA9, 0x7F,
    0xD8, 0x9F, 0x69, 0x58, 0x32, 0xE3, 0x09, 0x99, 0xA6, 0x27, 0xAC, 0x22, 0x0C, 0x39, 0xA3, 0x59,
    0x52, 0xC6, 0x54, 0x9D, 0x19, 0x53, 0x49, 0x66, 0x74, 0x02, 0x17, 0xD3, 0x94, 0x41, 0x30, 0x47,
    0x78, 0x0B, 0x05, 0x21, 0x33, 0xD6, 0x8B, 0x56, 0x8F, 0x19, 0x1B, 0x1F, 0xAB, 0xDB, 0x97, 0xCF,
    0xA1, 0x90, 0x03, 0x0F, 0x6A, 0x33, 0x4B, 0x4A, 0x4F, 0x38, 0xD5, 0xE7, 0x87, 0xCB, 0x3A, 0xD1,
    0x58, 0x27, 0x5A, 0xC9, 0x8C, 0xD1, 0x9A, 0xD9, 0x2E, 0xC7, 0x6B, 0xE4, 0x4E, 0xED, 0x80, 0x31,
    0xC3, 0x9C, 0xA0, 0xC9, 0xEF, 0xA5, 0xF8, 0x54, 0xAE, 0x66, 0xF2, 0x73, 0x4C, 0x51, 0x14, 0x32,
    0x94, 0x34, 0xA9, 0x22, 0x72, 0x91, 0x9F, 0xA8, 0x48, 0xB9, 0x25, 0x4A, 0xD8, 0x97, 0x91, 0x91,
    0x68, 0x78, 0x8D, 0xEC, 0x92, 0xC4, 0xA8, 0xB1, 0x26, 0x2D, 0x1A, 0x84, 0x24, 0xC5, 0x37, 0x6C,
    0xC8, 0x4A, 0x2C, 0x87, 0x10, 0xFD, 0x92, 0x75, 0x60, 0xED, 0x8C, 0x92, 0x0A, 0x2E, 0x8B, 0xE0,
    0xB2, 0x06, 0x73, 0x96, 0x60, 0x4A, 0x0A, 0xF0, 0x18, 0x51, 0x80, 0x12, 0x63, 0xE2, 0x5F, 0x93,
    0x66, 0xFA, 0x4F, 0xF6, 0x33, 0xF9, 0x7B, 0xE6, 0x7E, 0xCB, 0xD4, 0xAF, 0x99, 0xF9, 0x8C, 0xB8,
    0xD1, 0xD7, 0xFF, 0x2C, 0x7F, 0x47, 0xEC, 0x9C, 0x9E, 0x3C, 0x61, 0x4A, 0x7C, 0x02, 0x72, 0xA0,
    0x2D, 0xA1, 0x3E, 0x53, 0xA3, 0x93, 0x94, 0xAE, 0xE0, 0x5D, 0x4A, 0x2C, 0x52, 0x6C, 0x64, 0x85,
    0xD3, 0xB0, 0x45, 0x50, 0x28, 0x77, 0x66, 0xA1, 0x63, 0x8D, 0x66, 0xA3, 0x93, 0x3A, 0xC4, 0xC3,
    0x0F, 0x72, 0x94, 0xC3, 0x94, 0x5C, 0x89, 0x99, 0xBA, 0xB5, 0xF0, 0x52, 0x72, 0x18, 0x7B, 0xF2,
    0xF7, 0xD6, 0x3A, 0x75, 0x22, 0x87, 0x9B, 0xB5, 0xAA, 0x70, 0x0D, 0x8F, 0x47, 0x41, 0x39, 0x2B,
    0xE9, 0xB8, 0x86, 0x43, 0x81, 0xF4, 0x74, 0x74, 0x94, 0x40, 0xAA, 0x58, 0x9C, 0x6B, 0x8C, 0x1F,
    0xB8, 0xC6, 0xFC, 0xC3, 0x93, 0x0F, 0x8B, 0xE4, 0xE6, 0x36, 0xD0, 0x0D, 0x24, 0x24, 0xFE, 0x0B,
    0x2C, 0x77, 0x99, 0x94, 0xEB, 0x16, 0xBF, 0xA7, 0x05, 0x88, 0xDF, 0xC5, 0xAF, 0x11, 0x6B, 0x74,
    0x8B, 0xA4, 0xA9, 0x48, 0x7A, 0x9F, 0x63, 0xF3, 0x3D, 0x3E, 0xB0, 0xF9, 0x86, 0xC7, 0x38, 0x0F,
    0x56, 0xA9, 0x80, 0x2F, 0x80, 0x3D, 0x06, 0x35, 0xF0, 0x19, 0xC8, 0x66, 0xA5, 0x4F, 0x4A, 0x3C,
    0x8B, 0xC5, 0x5F, 0x48, 0x30, 0x77, 0xEA, 0x8E, 0xF6, 0xC0, 0x28, 0xFD, 0x7C, 0x74, 0x08, 0x26,
    0x8E, 0xB4, 0xD4, 0x24, 0x98, 0xC5, 0x6A, 0xB0, 0xC5, 0xC0, 0x8B, 0xD5, 0x53, 0xE7, 0xAD, 0xF0,
    0xEC, 0x0C, 0x4A, 0x98, 0xC0, 0xA0, 0x67, 0x70, 0xDB, 0xFB, 0x35, 0xFE, 0xDE, 0x33, 0xD8, 0xDA,
    0xBD, 0xC4, 0x31, 0x84, 0xD6, 0x06, 0xE5, 0x9E, 0xDA, 0xBE, 0x5A, 0x2B, 0xFC, 0x6A, 0x4B, 0x41,
    0xBD, 0xDE, 0xF0, 0xE5, 0x9A, 0x9A, 0xBF, 0x09, 0x3A, 0xB1, 0x19, 0x38, 0x06, 0x8B, 0xE0, 0x9F,
    0x6B, 0x1A, 0x47, 0xAD, 0xD6, 0x47, 0x48, 0x03, 0x89, 0x03, 0x18, 0xCB, 0xF1, 0x21, 0x38, 0x36,
    0xCA, 0xF1, 0x2D, 0x38, 0x69, 0xA3, 0x9C, 0x0C, 0x78, 0x2E, 0x97, 0xBE, 0x08, 0x33, 0x2B, 0x48,
    0xA7, 0xAE, 0xB1, 0xCB, 0x0D, 0x73, 0x3C, 0x68, 0x07, 0x30, 0x6D, 0x3C, 0x68, 0x8F, 0xA8, 0x39,
    0xCF, 0x16, 0xED, 0x21, 0x1D, 0x27, 0xDA, 0xD7, 0x55, 0xDC, 0x1C, 0x74, 0xBF, 0x84, 0xCB, 0x41,
    0x9F, 0x94, 0x39, 0xBB, 0xF9, 0x7C, 0x93, 0x93, 0xB1, 0xDA, 0x4C, 0xF7, 0x3F, 0xFE, 0x2D, 0xFF,
    0x43, 0x46, 0x3C, 0x42, 0x96, 0xB7, 0x56, 0x9C, 0xD4, 0x9D, 0x9A, 0x84, 0x6B, 0x7E, 0x6E, 0x38,
    0xB5, 0xAD, 0xC2, 0x29, 0xAD, 0x9C, 0xCA, 0x12, 0x65, 0x61, 0xE5, 0xD4, 0xB5, 0xB0, 0x3E, 0xCB,
    0xDA, 0xC0, 0x67, 0x55, 0x5B, 0xE2, 0x24, 0xEA, 0x47, 0xD6, 0x5F, 0x34, 0xF5, 0x17, 0x49, 0xDD,
    0x45, 0x51, 0x77, 0x0A, 0x8A, 0xF9, 0xA2, 0xE7, 0x74, 0xCA, 0x49, 0x9C, 0xD5, 0x1C, 0x2F, 0x62,
    0x0E, 0xA7, 0x96, 0xC4, 0x59, 0xCA, 0x53, 0xC9, 0x0A, 0xA7, 0x90, 0xF5, 0x7E, 0xEA, 0x48, 0xB5,
    0xB2, 0x8C, 0xEB, 0xA9, 0x22, 0x3B, 0x34, 0x8B, 0x18, 0x2E, 0x1A, 0x66, 0xD9, 0x5E, 0x63, 0x9B,
    0xE5, 0xF8, 0x7E, 0x71, 0x0A, 0x68, 0x7F, 0x87, 0xE1, 0xC0, 0x60, 0xB6, 0x8C, 0xC3, 0xB9, 0xF2,
    0xA2, 0xE4, 0xFD, 0xB3, 0x9C, 0x56, 0x86, 0x04, 0x9A, 0x2D, 0x81, 0xF6, 0xC8, 0xD0, 0xA5, 0x27,
    0x67, 0x7F, 0x35, 0x5E, 0xFE, 0xAB, 0xB1, 0xBC, 0x7C, 0x0D, 0x63, 0x17, 0xF4, 0x3E, 0x19, 0x7C,
    0x81, 0x4D, 0x7A, 0xCC, 0x16, 0x7F, 0x04, 0xC4, 0x60, 0xFE, 0x29, 0xDE, 0x2B, 0x78, 0x8B, 0x49,
    0x80, 0x8F, 0x21, 0x42, 0xB0, 0xC5, 0x81, 0x55, 0x60, 0xA9, 0x37, 0x12, 0x5D, 0xC2, 0xC5, 0x69,
    0x75, 0xC3, 0xA4, 0x40, 0x29, 0xBE, 0x61, 0xE4, 0xE0, 0x02, 0x69, 0xED, 0x16, 0x82, 0x1A, 0x69,
    0x6A, 0x35, 0x1B, 0x41, 0xBD, 0x91, 0x4D, 0xE3, 0xF4, 0x4E, 0x2A, 0xED, 0xAC, 0x23, 0x9D, 0x3C,
    0xE2, 0x69, 0xD6, 0xB0, 0x57, 0x80, 0x59, 0xC3, 0x7E, 0x51, 0x30, 0xF5, 0x0B, 0x97, 0x80, 0x19,
    0x28, 0x8B, 0x59, 0xB8, 0x50, 0xED, 0xEE, 0x42, 0xEB, 0xC1, 0x29, 0x75, 0xA7, 0xFD, 0xAB, 0x9D,
    0x2B, 0x80, 0xD8, 0x25, 0xBD, 0xCE, 0xEF, 0xCC, 0x9B, 0xFF, 0x9F, 0xB8, 0xD3, 0x76, 0x2E, 0xB2,
    0xA4, 0xDB, 0x6E, 0x27, 0x28, 0x92, 0x76, 0x93, 0x09, 0x0A, 0x45, 0xFB, 0x4E, 0x04, 0xC1, 0xC2,
    0x45, 0xFF, 0x94, 0xC2, 0xC2, 0x22, 0x16, 0x6E, 0x50, 0x2C, 0xDA, 0x9D, 0xB1, 0x01, 0x80, 0x1F,
    0xD5, 0xA0, 0xE8, 0x62, 0x51, 0x7F, 0xB0, 0x41, 0xD0, 0x92, 0xEC, 0x4C, 0x76, 0x55, 0x50, 0xEC,
    0x24, 0x17, 0x45, 0xD0, 0xD9, 0x76, 0xAF, 0x56, 0x60, 0x27, 0x8C, 0xEE, 0xEC, 0xEE, 0xCC, 0x7B,
    0xFA, 0x9D, 0xF3, 0x9C, 0xEF, 0xDC, 0xEF, 0x4B, 0xBE, 0x6B, 0xAF, 0xC6, 0x6E, 0xFE, 0xDC, 0x7F,
    0x87, 0xFF, 0x9C, 0x6F, 0xEE, 0xFF, 0xFD, 0xDF, 0x37, 0xEF, 0xFB, 0x9E, 0xF7, 0xBC, 0xE7, 0x3C,
    0xE7, 0x39, 0xF7, 0xBB, 0x9E, 0x70, 0x1F, 0x9F, 0xC5, 0x5C, 0x78, 0xCC, 0xA9, 0xBC, 0x98, 0xF4,
    0xAD, 0xD4, 0x1E, 0x1F, 0x1D, 0xE7, 0xCE, 0x3D, 0xC7, 0xBA, 0xEC, 0xFD, 0x26, 0x7A, 0x44, 0x76,
    0x57, 0xCC, 0xCD, 0x80, 0xE3, 0x81, 0x30, 0xF3, 0xBA, 0xD3, 0xEC, 0x74, 0xAD, 0x7A, 0x77, 0xF2,
    0x3A, 0x9F, 0x8F, 0xBF, 0xA0, 0x59, 0xA0, 0x69, 0x3D, 0xFA, 0x1C, 0xAF, 0x47, 0x51, 0xA1, 0xBA,
    0x7C, 0x37, 0x8A, 0x0E, 0xF7, 0x48, 0x74, 0xF7, 0x2D, 0x68, 0xC2, 0xA0, 0xD2, 0x08, 0x9C, 0x21,
    0x5B, 0xE1, 0xC0, 0x8B, 0x25, 0x51, 0x77, 0x05, 0x1D, 0x06, 0xCD, 0xE6, 0x01, 0x08, 0x25, 0x88,
    0xA4, 0x35, 0x5D, 0xE4, 0x51, 0x5C, 0x5D, 0x21, 0x3F, 0xE6, 0x23, 0x04, 0x0F, 0xD7, 0xCC, 0xD8,
    0xD0, 0x61, 0xC1, 0x54, 0x86, 0xCD, 0xE5, 0xF4, 0x1E, 0x6F, 0xFE, 0x21, 0x50, 0x94, 0x00, 0x26,
    0xD0, 0xC6, 0xD6, 0x3F, 0x70, 0x7C, 0xFD, 0x05, 0xE7, 0x92, 0xC5, 0xC5, 0x9D, 0x5C, 0x3D, 0x0F,
    0x21, 0x8A, 0x79, 0x75, 0x8D, 0x7C, 0x3B, 0xA9, 0x05, 0xCA, 0x93, 0xB1, 0xCC, 0xCC, 0x7B, 0x19,
    0x82, 0x82, 0xD1, 0xFF, 0x58, 0x52, 0x89, 0x0F, 0xA2, 0x43, 0xB0, 0xCC, 0x81, 0x32, 0x9B, 0x4F,
    0x1B, 0x16, 0x35, 0x1C, 0x09, 0x8E, 0x25, 0x30, 0x3E, 0x44, 0x70, 0x06, 0x0D, 0x86, 0x11, 0x08,
    0x23, 0x08, 0x46, 0x00, 0x2C, 0xC1, 0x6F, 0x2D, 0x81, 0x6F, 0x2F, 0x41, 0x6F, 0x2F, 0x01, 0xAF,
    0x93, 0x60, 0xD7, 0x49, 0xA0, 0xEB, 0x10, 0xE4, 0x22, 0xC7, 0x97, 0xDC, 0xBE, 0xE6, 0x9C, 0x7E,
    0xB3, 0x5C, 0x9E, 0xBA, 0xDE, 0x72, 0xF7, 0x6A, 0x3D, 0x95, 0xAB, 0x23, 0x0E, 0x43, 0x0C, 0x66,
    0x91, 0x98, 0x45, 0xA5, 0x32, 0x99, 0x66, 0x1B, 0x04, 0x39, 0x5A, 0xBC, 0x8B, 0x25, 0x4A, 0x45,
    0x7A, 0x95, 0xAD, 0x85, 0xB5, 0x38, 0x2C, 0x8B, 0x43, 0x19, 0x35, 0xC0, 0xB4, 0xC7, 0x09, 0x90,
    0x8B, 0x19, 0x54, 0x2E, 0xAB, 0x12, 0x20, 0x71, 0x3C, 0x5C, 0xBA, 0xEF, 0xF9, 0xC9, 0xAF, 0x7E,
    0x2E, 0x76, 0x32, 0x0C, 0x49, 0xEC, 0x6A, 0x47, 0x3C, 0xCF, 0x0A, 0x02, 0x15, 0xED, 0xB1, 0x9D,
    0x72, 0xE6, 0x23, 0x80, 0x4C, 0xEF, 0x9E, 0xE7, 0x0F, 0xA0, 0x56, 0x76, 0x52, 0x4A, 0xC8, 0x76,
    0xB2, 0x08, 0xE8, 0xA9, 0x58, 0xF1, 0x53, 0x2E, 0x30, 0x9B, 0x30, 0xDD, 0x76, 0xE1, 0xE7, 0x0C,
    0x41, 0xF0, 0x0F, 0x7B, 0xD5, 0xD6, 0x55, 0x8B, 0x05, 0x50, 0xCE, 0x7D, 0x43, 0x76, 0x53, 0x1A,
    0x79, 0x20, 0x63, 0xB1, 0xB0, 0x5A, 0xE4, 0xB0, 0xF0, 0x51, 0xC6, 0x9B, 0xE8, 0x0E, 0x68, 0xA6,
    0x87, 0xEC, 0x23, 0xC0, 0x9D, 0xFC, 0x0E, 0x64, 0xC7, 0x86, 0x75, 0x52, 0x34, 0xA8, 0x13, 0x48,
    0xA7, 0x02, 0x9D, 0x8A, 0x73, 0x2A, 0xCC, 0xA9, 0x28, 0x67, 0x88, 0x50, 0xAB, 0xA8, 0x06, 0x4A,
    0x11, 0x4E, 0x05, 0x38, 0xA1, 0x06, 0x85, 0x37, 0x15, 0xDD, 0x54, 0x70, 0x53, 0xB1, 0x4D, 0x85,
    0x36, 0x15, 0xD9, 0x54, 0x60, 0x13, 0xB8, 0xA6, 0xC1, 0x9A, 0xD8, 0x6A, 0x0A, 0x6A, 0x1A, 0xA6,
    0xF9, 0x39, 0xDE, 0x31, 0x6E, 0x71, 0x64, 0x3B, 0x86, 0x8E, 0x76, 0x4C, 0xFD, 0xA1, 0x3B, 0x26,
    0x11, 0x21, 0x5F, 0x01, 0x5C, 0xB2, 0x21, 0x1A, 0x0E, 0xC0, 0xCF, 0xF9, 0xA3, 0x06, 0x3F, 0xE1,
    0x1E, 0x5F, 0x61, 0x5D, 0xB5, 0xD9, 0x2A, 0x7A, 0x28, 0x15, 0x9C, 0xED, 0x7A, 0xD6, 0xB9, 0xB9,
    0xC7, 0xBD, 0x9B, 0x1B, 0xA1, 0x43, 0x0B, 0x7D, 0x74, 0x01, 0x1F, 0xBD, 0xD8, 0xC3, 0xA3, 0x7B,
    0x74, 0x54, 0xC1, 0xD1, 0xB7, 0x0D, 0x1B, 0x55, 0x68, 0xD4, 0x90, 0x51, 0x00, 0xA3, 0x86, 0x8B,
    0x42, 0x6F, 0x86, 0x8A, 0x2A, 0x28, 0x6A, 0x98, 0xA8, 0x41, 0xA2, 0x41, 0xB4, 0xE1, 0xA0, 0xA6,
    0x01, 0x87, 0x1A, 0x1A, 0x6A, 0x60, 0x28, 0xB0, 0x50, 0x83, 0x42, 0x0D, 0x09, 0x05, 0x10, 0x6A,
    0x38, 0xA8, 0xC1, 0xA0, 0x86, 0x82, 0x5A, 0xB4, 0x05, 0xC8, 0x08, 0x58, 0x51, 0x97, 0x44, 0x45,
    0x87, 0x00, 0x0B, 0x01, 0x0F, 0xC2, 0x53, 0x03, 0x58, 0x11, 0xE8, 0xE7, 0xC4, 0x25, 0x40, 0xE9,
    0x20, 0x38, 0x69, 0x0F, 0x98, 0x14, 0x28, 0x29, 0x40, 0x52, 0x60, 0xA4, 0x80, 0x48, 0x81, 0x90,
    0x02, 0x20, 0x05, 0x3E, 0x0A, 0x78, 0x14, 0xE8, 0x28, 0xC0, 0x51, 0x60, 0xA3, 0x80, 0x46, 0x81,
    0x8C, 0x02, 0x18, 0x05, 0x2E, 0x0A, 0x58, 0x54, 0x50, 0x51, 0x03, 0x45, 0x93, 0xAB, 0xAB, 0x97,
    0xF5, 0xDC, 0x5C, 0x01, 0x6D, 0xD3, 0xA2, 0xFA, 0x64, 0x4C, 0x91, 0x4F, 0xC5, 0x88, 0x33, 0x0F,
    0xF1, 0x4F, 0x98, 0x1B, 0xD1, 0xD5, 0x18, 0x7A, 0x9C, 0xDA, 0x67, 0x37, 0xD2, 0x1A, 0x90, 0xF9,
    0xC3, 0x3F, 0x37, 0xF2, 0x9A, 0xC7, 0x8B, 0x8B, 0x27, 0xFB, 0xCE, 0x4E, 0x52, 0xBA, 0xF1, 0xD0,
    0x9E, 0x89, 0x2C, 0x0B, 0x39, 0x93, 0x72, 0xFE, 0xF4, 0x57, 0xD2, 0xCB, 0x6B, 0x67, 0x19, 0x87,
    0x57, 0x32, 0x1E, 0xA3, 0xDA, 0x0D, 0xB4, 0xD7, 0xD0, 0x35, 0xD7, 0xB0, 0xF5, 0x1C, 0xAA, 0x18,
    0xCB, 0x01, 0xF1, 0x71, 0x33, 0xE2, 0xDD, 0x84, 0xFB, 0xBE, 0x6B, 0x61, 0x21, 0x9F, 0xB9, 0x49,
    0x96, 0x61, 0xD7, 0x6F, 0x89, 0x0C, 0x22, 0xA9, 0x06, 0xD0, 0x68, 0xE1, 0x3D, 0x36, 0x53, 0x27,
    0xF3, 0xFE, 0x27, 0x0F, 0x26, 0x3E, 0x7A, 0x81, 0x71, 0x79, 0x20, 0x19, 0xE4, 0x56, 0x30, 0x8A,
    0x33, 0x66, 0xD7, 0xD2, 0x62, 0x6E, 0x27, 0xA2, 0x92, 0xA5, 0x98, 0x44, 0xAF, 0x9A, 0x39, 0x02,
    0x80, 0xC5, 0xE4, 0x5B, 0xBA, 0x02, 0x24, 0x06, 0x81, 0x78, 0xC5, 0xEF, 0xFB, 0xC4, 0x62, 0x2C,
    0x7E, 0x3E, 0x13, 0x4B, 0x09, 0x0C, 0x9C, 0x7D, 0x85, 0x58, 0x72, 0xFE, 0xEB, 0x0A, 0xC5, 0x5C,
    0xFB, 0x07, 0xD5, 0xC9, 0x6F, 0x98, 0x77, 0x39, 0xB2, 0x95, 0x28, 0x72, 0xE5, 0x72, 0x5C, 0xF2,
    0x72, 0xDA, 0x5E, 0x63, 0xEF, 0xE2, 0x7B, 0xE8, 0x7C, 0x56, 0x1D, 0xA1, 0x65, 0x0A, 0x0F, 0x83,
    0xC6, 0xA4, 0xFD, 0xC4, 0x56, 0x4E, 0xD8, 0xCA, 0xE7, 0x44, 0xAE, 0xF0, 0x16, 0x56, 0xAD, 0x96,
    0x4F, 0x37, 0xA2, 0x41, 0x36, 0x23, 0x69, 0xFE, 0x4D, 0xF5, 0x2B, 0x9F, 0x92, 0x1C, 0x86, 0x73,
    0x59, 0xE2, 0x0F, 0x27, 0x72, 0x9E, 0xBE, 0x4D, 0x6D, 0x3E, 0xF3, 0x97, 0xF6, 0xAE, 0x1B, 0x52,
    0xCC, 0x6A, 0x49, 0x83, 0x4B, 0x69, 0x27, 0x4A, 0x92, 0xD8, 0x97, 0xB3, 0x06, 0xC7, 0xCF, 0x92,
    0x50, 0x5D, 0x4D, 0xFC, 0x24, 0x43, 0xB6, 0xED, 0x84, 0x94, 0x62, 0x9A, 0x09, 0xA7, 0x75, 0xC9,
    0xB1, 0x7C, 0xC6, 0x90, 0x26, 0x2C, 0x47, 0x42, 0xA2, 0x57, 0x8E, 0x42, 0x22, 0x68, 0xBE, 0x3F,
    0x19, 0xC2, 0x65, 0x33, 0x0E, 0xC6, 0x72, 0x09, 0x33, 0xEB, 0x6A, 0x09, 0xFB, 0x90, 0x68, 0xB0,
    0x90, 0xE8, 0xE6, 0xE0, 0x07, 0x40, 0x2D, 0xC9, 0x24, 0x17, 0xB9, 0x61, 0xAD, 0x00, 0xD1, 0xEE,
    0x70, 0x15, 0x23, 0x5F, 0xF6, 0x5E, 0x2A, 0xDF, 0x78, 0x03, 0xE5, 0x6B, 0xC9, 0x88, 0xE1, 0xE5,
    0x79, 0x7D, 0xED, 0xB0, 0x04, 0x58, 0xC4, 0xA5, 0x59, 0x00, 0x34, 0xCA, 0x87, 0x1A, 0x3C, 0xDB,
    0x95, 0xEA, 0x6D, 0xB1, 0x40, 0x57, 0xAA, 0xC3, 0x7C, 0x8C, 0x19, 0xDE, 0xAA, 0x6F, 0xB6, 0x45,
    0x3C, 0x7F, 0xF5, 0x4F, 0xC7, 0x65, 0x78, 0x2E, 0xC5, 0x58, 0x48, 0x94, 0x43, 0x6E, 0x20, 0x64,
    0xB0, 0x4C, 0x2E, 0xAF, 0x21, 0xC6, 0xA4, 0x4B, 0xA0, 0x51, 0xB0, 0x8E, 0xF5, 0x18, 0xC4, 0x7F,
    0xF2, 0xEA, 0xEA, 0xC4, 0xE1, 0x7B, 0x22, 0x3B, 0x12, 0xC8, 0x49, 0x06, 0xA1, 0x26, 0x16, 0xEC,
    0xD5, 0x39, 0x96, 0x41, 0x86, 0x1B, 0x93, 0x67, 0xE1, 0xD1, 0x3F, 0xD8, 0x34, 0x88, 0x2A, 0xFF,
    0x7B, 0x75, 0xC8, 0xC8, 0xC2, 0x9B, 0xBB, 0x57, 0xF2, 0xBD, 0xB4, 0x37, 0xBF, 0x74, 0x2B, 0xF7,
    0xC7, 0xEA, 0x82, 0xA3, 0x80, 0x51, 0x73, 0x63, 0x9D, 0xF5, 0x41, 0x3F, 0x98, 0xEA, 0x06, 0xAF,
    0x7C, 0x74, 0x1D, 0x86, 0x91, 0xAF, 0x8E, 0xEE, 0x5F, 0xD4, 0x02, 0x3B, 0x5F, 0xE9, 0x70, 0x1A,
    0xA3, 0x04, 0xD1, 0xFE, 0x95, 0xA7, 0x8B, 0xBF, 0xA4, 0xDA, 0xFD, 0x2D, 0xFF, 0x81, 0xAC, 0x5E,
    0x14, 0xFB, 0xC8, 0x48, 0x2A, 0x95, 0x8D, 0xA0, 0xED, 0x5E, 0x4B, 0x5E, 0xF1, 0x4A, 0x8E, 0xB9,
    0x51, 0xEC, 0x6B, 0xE1, 0xE2, 0xB2, 0x5A, 0x58, 0x47, 0x73, 0x8E, 0x57, 0xE2, 0x2C, 0x6A, 0xC5,
    0x73, 0xE1, 0x7A, 0x67, 0x28, 0xFB, 0xDD, 0x09, 0x43, 0x48, 0xD8, 0x66, 0x97, 0x44, 0xF8, 0x3F,
    0xF4, 0x8F, 0x02, 0x71, 0xF3, 0xB5, 0x33, 0x86, 0x8E, 0xBE, 0x46, 0x9E, 0x4F, 0x00, 0x4F, 0x19,
    0xB9, 0x62, 0xF6, 0x91, 0x81, 0xE8, 0x29, 0x5B, 0xD9, 0x20, 0x86, 0x62, 0x61, 0x8B, 0xE8, 0x9B,
    0x91, 0x4D, 0xE2, 0x47, 0xD4, 0x36, 0x53, 0x4A, 0xB4, 0x89, 0x51, 0xD0, 0x20, 0x56, 0x21, 0xD5,
    0x88, 0x92, 0x7A, 0xF7, 0x65, 0xB6, 0xEB, 0x3E, 0x59, 0x68, 0x8A, 0x3B, 0x60, 0x68, 0xE9, 0x68,
    0xED, 0x88, 0xA6, 0x86, 0x0B, 0xED, 0xF2, 0x1B, 0xAE, 0xF6, 0x16, 0x11, 0xE7, 0xC8, 0x1D, 0x3B,
    0x49, 0x14, 0xE1, 0xA2, 0x4B, 0x3D, 0xCA, 0x75, 0x6F, 0xB5, 0x2E, 0x83, 0xAA, 0x68, 0x38, 0xE3,
    0x92, 0x3F, 0x7F, 0x0D, 0x53, 0x28, 0x58, 0x09, 0x6A, 0x18, 0x85, 0x58, 0xE3, 0xB8, 0x26, 0x69,
    0x88, 0x3F, 0xE2, 0x67, 0x53, 0xE6, 0x1C, 0x3A, 0x7E, 0x17, 0xF5, 0xA6, 0xA4, 0x52, 0xBC, 0x53,
    0x82, 0xBC, 0xAF, 0xEE, 0xEC, 0xEE, 0x56, 0x37, 0x2B, 0x5B, 0xE7, 0x18, 0xA2, 0xC3, 0xE3, 0xB6,
    0x82, 0x25, 0x91, 0x00, 0xEF, 0x3A, 0xF3, 0x29, 0xAB, 0xD1, 0xD6, 0x38, 0x23, 0x39, 0x11, 0xDD,
    0xD9, 0x1D, 0x9B, 0x66, 0x94, 0x28, 0x76, 0x7C, 0x9B, 0x5A, 0x0D, 0x40, 0x96, 0xE9, 0x1D, 0xD1,
    0x45, 0xF4, 0xC4, 0x63, 0x2E, 0x97, 0x84, 0xE0, 0xE7, 0x12, 0xAA, 0x45, 0xA7, 0xD0, 0xA3, 0xD7,
    0x7F, 0xCF, 0x22, 0xE2, 0x92, 0x72, 0x05, 0xFC, 0x49, 0xB0, 0x67, 0xE3, 0x9A, 0x2D, 0x47, 0x4C,
    0x3B, 0x18, 0xB2, 0x0C, 0x05, 0x5A, 0xDF, 0x56, 0xD0, 0x7B, 0x78, 0x1B, 0x29, 0xB5, 0x80, 0x07,
    0xC3, 0x41, 0x40, 0xC2, 0x73, 0xF9, 0x04, 0x5D, 0x5C, 0xDC, 0x8D, 0x77, 0x78, 0xB0, 0xA0, 0x50,
    0x41, 0x03, 0xEF, 0x54, 0x32, 0xD4, 0xDD, 0x49, 0x0D, 0xBA, 0xC7, 0xDA, 0x6C, 0x58, 0xAA, 0xD8,
    0x1E, 0x52, 0xC4, 0x80, 0x1F, 0x2B, 0x80, 0xEC, 0x3C, 0x76, 0x53, 0x02, 0x08, 0x19, 0x18, 0xB2,
    0xD5, 0x60, 0x0C, 0x45, 0xFE, 0x78, 0x57, 0xFE, 0xD6, 0xCE, 0xC1, 0xD8, 0xCA, 0xF3, 0x37, 0xF1,
    0xDD, 0x79, 0x17, 0x79, 0xE5, 0x79, 0xD6, 0x9A, 0x55, 0x0E, 0xA1, 0x10, 0xA1, 0xFE, 0x1F, 0x2B,
    0xFF, 0x59, 0x77, 0x4B, 0x39, 0x51, 0xAD, 0x03, 0xD0, 0x05, 0xA4, 0x0B, 0x0C, 0x28, 0xF8, 0x20,
    0xEA, 0x0D, 0xD1, 0x06, 0xDA, 0xF5, 0x30, 0xB8, 0x2B, 0x51, 0x3C, 0x3A, 0xF2, 0x79, 0x1A, 0x30,
    0xFB, 0xF4, 0x01, 0x2B, 0x4F, 0x2D, 0xFD, 0xAB, 0x40, 0xD1, 0x4D, 0x2F, 0x47, 0x4D, 0x33, 0x88,
    0xEA, 0x58, 0x2D, 0xA8, 0xFD, 0xAD, 0x52, 0xFE, 0xC9, 0xD7, 0x0C, 0xA6, 0xD7, 0x69, 0x19, 0x19,
    0x78, 0x54, 0x3C, 0x28, 0xC4, 0x79, 0xDC, 0x64, 0x04, 0x85, 0x77, 0x78, 0x10, 0xB5, 0x3A, 0x45,
    0xF4, 0xFF, 0x81, 0x36, 0x99, 0x93, 0x8E, 0x6A, 0xD4, 0xB1, 0x5B, 0xFE, 0xE3, 0x54, 0x15, 0x07,
    0xB7, 0xB3, 0x1C, 0x44, 0x81, 0xFE, 0xBE, 0x5B, 0x2D, 0x12, 0xF7, 0xEA, 0xF8, 0xFE, 0x98, 0x27,
    0x09, 0xD3, 0x83, 0xB3, 0xA9, 0x51, 0x5B, 0x6D, 0xDA, 0x00, 0x6F, 0xFC, 0x16, 0x4C, 0xB8, 0xF8,
    0x60, 0xD3, 0x87, 0x98, 0x2C, 0x96, 0xC6, 0x93, 0x8A, 0x3C, 0x51, 0x7A, 0x78, 0xE2, 0xE2, 0x8E,
    0x94, 0x1D, 0x3A, 0xF8, 0xB3, 0x91, 0x88, 0x97, 0x2A, 0xD6, 0x95, 0xE0, 0xC2, 0x0C, 0xFD, 0xA2,
    0xFC, 0x20, 0xA3, 0x12, 0x22, 0x0B, 0xEB, 0x51, 0x2B, 0xEC, 0x43, 0x80, 0x8D, 0xFE, 0x50, 0x0B,
    0x11, 0x3F, 0x22, 0x8C, 0xFD, 0x3F, 0x56, 0x68, 0x1A, 0x55, 0xF7, 0x78, 0x2A, 0xDC, 0xE7, 0xEA,
    0x60, 0x8B, 0xD8, 0xAC, 0xA2, 0xB7, 0x4A, 0x0B, 0x13, 0x05, 0xD0, 0xEB, 0x35, 0xA3, 0x5E, 0x74,
    0x4A, 0xCA, 0x36, 0xA5, 0x05, 0x71, 0x4D, 0x13, 0x41, 0x37, 0x09, 0x12, 0x4B, 0x53, 0x5F, 0x80,
    0xC3, 0xD5, 0x7B, 0x10, 0xBB, 0x5A, 0xFE, 0x9D, 0x5C, 0x76, 0x64, 0x7E, 0xC9, 0x95, 0xBD, 0x0B,
    0x0C, 0x76, 0x84, 0xD7, 0x39, 0x7F, 0xFA, 0xE9, 0xCC, 0xB6, 0x33, 0x68, 0x91, 0x24, 0x95, 0x2F,
    0x3E, 0x0C, 0x18, 0x9D, 0x6C, 0x13, 0x4F, 0x5A, 0xA6, 0x76, 0x89, 0xD4, 0xFC, 0x8A, 0x15, 0x02,
    0x09, 0x98, 0xB2, 0x61, 0x27, 0x16, 0x23, 0x17, 0x83, 0x7F, 0x42, 0xAB, 0x6B, 0xFE, 0x6D, 0x27,
    0xBA, 0x57, 0x7F, 0xBA, 0x39, 0xFA, 0x81, 0xDF, 0x78, 0xAE, 0xD6, 0x84, 0x86, 0x8C, 0xB9, 0x29,
    0x42, 0x46, 0x69, 0x06, 0x1F, 0x33, 0xC2, 0x21, 0xC3, 0x4E, 0x13, 0x10, 0x77, 0xB1, 0x0A, 0x3F,
    0xA3, 0x19, 0x5D, 0xB9, 0x54, 0xAB, 0xAB, 0xE6, 0x82, 0xFE, 0x2E, 0x4C, 0x19, 0xAD, 0xEC, 0xD4,
    0xF8, 0x9F, 0x05, 0xFE, 0x4A, 0x3E, 0xB6, 0x12, 0xC6, 0xF4, 0xE1, 0x25, 0x8C, 0xFA, 0xE1, 0x25,
    0x8C, 0x01, 0x25, 0x8C, 0x5A, 0x2C, 0x77, 0xFD, 0xE5, 0x12, 0x46, 0xA9, 0xA5, 0x99, 0xF6, 0xD0,
    0x28, 0x37, 0xCD, 0x12, 0xA1, 0x88, 0x44, 0xC3, 0x45, 0x62, 0xA2, 0xED, 0x4A, 0x50, 0xB7, 0x40,
    0x45, 0x41, 0xAA, 0x16, 0x52, 0xB4, 0x90, 0x9A, 0x85, 0x94, 0x2C, 0xA4, 0x62, 0x21, 0x05, 0x0B,
    0x09, 0xC0, 0x1A, 0x16, 0x12, 0x84, 0x49, 0xB1, 0x42, 0x6A, 0x15, 0x52, 0xAA, 0xE0, 0x4A, 0x45,
    0xCD, 0x85, 0x0A, 0xD4, 0x29, 0x24, 0x32, 0x29, 0x40, 0x6F, 0x8C, 0x6C, 0x3C, 0xC2, 0x05, 0x11,
    0x3E, 0x47, 0xBF, 0x17, 0x25, 0x8B, 0xEA, 0xFD, 0x56, 0x66, 0xC0, 0xFC, 0xCE, 0x01, 0x78, 0x9D,
    0x23, 0x7A, 0x28, 0x70, 0x77, 0x0B, 0x41, 0xFC, 0xE1, 0xF5, 0xC9, 0x12, 0x22, 0xA8, 0x02, 0x3D,
    0xC8, 0xAB, 0x58, 0xF8, 0xDF, 0xEE, 0x5C, 0xFF, 0x55, 0x46, 0xC1, 0x0A, 0xE5, 0x2A, 0x14, 0xAB,
    0x8A, 0xB9, 0xEB, 0x51, 0xA8, 0xB2, 0x32, 0x15, 0x8D, 0xA7, 0x4A, 0x54, 0x67, 0x12, 0x70, 0x97,
    0x32, 0x9F, 0x95, 0xC8, 0x00, 0x79, 0xFF, 0x82, 0x5D, 0x59, 0x2F, 0x19, 0x42, 0x2D, 0x10, 0x87,
    0x00, 0xB4, 0x5F, 0xD4, 0x0C, 0x8E, 0x06, 0xAB, 0xE8, 0x16, 0xCA, 0x9B, 0xEF, 0x45, 0xCE, 0xC6,
    0xD0, 0x81, 0x43, 0xD4, 0xC3, 0x30, 0xDF, 0xCB, 0x6C, 0xE0, 0x48, 0xB8, 0x1A, 0x94, 0x20, 0x51,
    0xF1, 0x7C, 0xC1, 0x6B, 0xBE, 0x43, 0xA3, 0x3C, 0x48, 0xCB, 0xE6, 0xBA, 0x19, 0x23, 0x24, 0xC1,
    0x02, 0x24, 0x2D, 0x83, 0xEF, 0x79, 0x9F, 0xB3, 0x8F, 0x14, 0xE8, 0x2B, 0x9B, 0xBB, 0x96, 0x63,
    0x91, 0x68, 0xF9, 0xA0, 0x56, 0xA1, 0x1B, 0x20, 0x3E, 0xF5, 0x49, 0x88, 0x42, 0x4C, 0x26, 0x97,
    0xB8, 0x1B, 0x9C, 0x5B, 0x9C, 0x67, 0xD5, 0xC0, 0x43, 0xAA, 0x5A, 0x21, 0xA1, 0x49, 0xC6, 0x75,
    0x06, 0xEB, 0xC0, 0x41, 0xAA, 0x69, 0x23, 0x8E, 0x02, 0x9C, 0xF8, 0x32, 0xF6, 0x86, 0x26, 0x91,
    0x0F, 0x19, 0x6F, 0x76, 0x2C, 0x53, 0xC1, 0xD0, 0x8A, 0x56, 0x72, 0xB1, 0x41, 0x0B, 0x98, 0x34,
    0xF1, 0xD8, 0x71, 0x66, 0x90, 0x65, 0xD6, 0x77, 0x63, 0xBD, 0x0F, 0x3A, 0xF8, 0xC5, 0x8B, 0x08,
    0x3A, 0x9A, 0x04, 0x73, 0xFD, 0xAD, 0xF5, 0x54, 0xD0, 0x51, 0xB3, 0xF2, 0x6A, 0xEF, 0x8B, 0x7B,
    0xE8, 0x85, 0x73, 0x28, 0x27, 0x1C, 0x70, 0x50, 0xB7, 0x5E, 0x5D, 0x0E, 0x77, 0x44, 0x50, 0x35,
    0x1D, 0xAA, 0x06, 0xAA, 0x1B, 0x45, 0xD1, 0x21, 0x09, 0x30, 0xD9, 0xAB, 0xD6, 0x82, 0x56, 0xE4,
    0xB0, 0xAA, 0x6C, 0xF2, 0x64, 0x6A, 0xF5, 0xBC, 0x32, 0x65, 0xDF, 0x3A, 0x81, 0xCD, 0x38, 0x1A,
    0x95, 0x11, 0x19, 0x33, 0xAB, 0xCD, 0x18, 0x8C, 0x46, 0x5F, 0x3C, 0xD5, 0x49, 0x00, 0x8B, 0xFE,
    0x0B, 0x63, 0xA0, 0xAB, 0xC3, 0x50, 0x0A, 0x7A, 0x09, 0xA5, 0x1C, 0xF4, 0x0A, 0x77, 0x4A, 0x42,
    0x0F, 0xF7, 0x5D, 0x45, 0xC6, 0x42, 0x0F, 0x4C, 0xB6, 0x37, 0x1A, 0x7A, 0x68, 0x13, 0x5A, 0x8C,
    0x87, 0x1E, 0x6A, 0x4F, 0xA3, 0x75, 0x12, 0x3C, 0x29, 0xED, 0x47, 0xD6, 0x49, 0x80, 0x0F, 0x01,
    0x15, 0x1D, 0x78, 0xA6, 0x71, 0xD1, 0xC5, 0x91, 0x19, 0x19, 0x5D, 0xA2, 0x31, 0x63, 0xA3, 0xA3,
    0x6F, 0xC1, 0x3A, 0x09, 0x82, 0x19, 0x91, 0xF6, 0x1C, 0x19, 0x21, 0x1D, 0x2D, 0x07, 0xC6, 0x48,
    0xCF, 0xB0, 0x0C, 0xA0, 0xA4, 0xF3, 0x87, 0x24, 0xB3, 0x71, 0xD2, 0x03, 0x67, 0x9C, 0x46, 0x4A,
    0xA7, 0x55, 0xEE, 0xC0, 0x4A, 0x17, 0xE0, 0x71, 0xD9, 0xD3, 0xD2, 0x73, 0xB6, 0xBE, 0x79, 0xCF,
    0x4B, 0x2F, 0xE9, 0x67, 0x8C, 0x72, 0x80, 0x98, 0x8E, 0x29, 0x9B, 0x94, 0x99, 0x8E, 0xBB, 0x41,
    0xA9, 0xE9, 0x88, 0x9B, 0xFB, 0x47, 0x69, 0xEF, 0xC0, 0x85, 0x35, 0xD1, 0x4B, 0x97, 0x04, 0x97,
    0xAE, 0x08, 0xAE, 0x47, 0xE9, 0x0A, 0xB8, 0x6D, 0xAB, 0x51, 0x6E, 0x2E, 0xDA, 0x62, 0x04, 0xFA,
    0x4F, 0xB2, 0xB5, 0xE0, 0xCF, 0xB4, 0xA5, 0xE0, 0xA1, 0xD9, 0x4A, 0xD0, 0x5F, 0xD1, 0x6C, 0x0B,
    0xB1, 0xB9, 0x66, 0xB0, 0x75, 0x60, 0x84, 0xD4, 0x96, 0xE1, 0x39, 0xBF, 0x1D, 0xAC, 0x02, 0x68,
    0x1D, 0x7A, 0x13, 0xC6, 0xC3, 0x6E, 0x8E, 0xD6, 0x96, 0x00, 0x11, 0xB7, 0xAE, 0x80, 0xFC, 0x89,
    0x2D, 0x40, 0x18, 0x93, 0xC1, 0xBA, 0x02, 0xA8, 0xF7, 0xF3, 0x7E, 0xFA, 0x53, 0xBA, 0x9F, 0x2F,
    0x3A, 0xFB, 0xE6, 0x9A, 0x6C, 0xF2, 0x67, 0x9B, 0xFB, 0xFF, 0xDD, 0x2F, 0xC4, 0xA5, 0xD4, 0x16,
    0x6D, 0xF2, 0x0E, 0xC2, 0xC4, 0x27, 0x8C, 0x41, 0x67, 0xBF, 0xB5, 0x15, 0xB2, 0x57, 0xE8, 0x00,
    0x38, 0xE6, 0x91, 0xD9, 0xA6, 0x7D, 0x94, 0x0E, 0x80, 0xF2, 0xBD, 0x44, 0x3B, 0x00, 0x1A, 0xBA,
    0x47, 0xD6, 0x01, 0x40, 0xBF, 0xD0, 0x01, 0x90, 0x58, 0x07, 0x40, 0x72, 0xD0, 0x01, 0x90, 0x50,
    0xAD, 0x1D, 0x00, 0x19, 0x1F, 0x98, 0xC0, 0xAB, 0x67, 0xEB, 0x00, 0x18, 0x1E, 0xDE, 0x01, 0x20,
    0xD3, 0x09, 0x70, 0x2A, 0x8C, 0x69, 0xAB, 0x00, 0x55, 0xFB, 0xA0, 0x03, 0x20, 0x9F, 0x7F, 0xA1,
    0x03, 0xA0, 0xB2, 0x0E, 0x80, 0xEA, 0xDD, 0x7D, 0x07, 0x40, 0x31, 0x72, 0xFE, 0x60, 0x1D, 0x00,
    0x56, 0x3B, 0xB0, 0x44, 0xAD, 0xB0, 0x9C, 0x52, 0x36, 0xE4, 0x6C, 0x3E, 0xD6, 0x98, 0xAB, 0x5F,
    0x70, 0x8F, 0x69, 0x8A, 0x6B, 0xD7, 0x0B, 0x50, 0x11, 0xF3, 0x62, 0x0E, 0xFC, 0xD0, 0x65, 0xEB,
    0xD1, 0xD0, 0x43, 0xE1, 0xFD, 0x9F, 0xBF, 0x01, 0x99, 0xAE, 0x15, 0x6B, 0x8D, 0xBE, 0x64, 0x73,
    0x62, 0x87, 0xB0, 0x3D, 0x80, 0xE0, 0x71, 0xA2, 0x79, 0x10, 0xD0, 0x42, 0xBE, 0x3C, 0x71, 0x19,
    0x3D, 0xD9, 0xB8, 0xC9, 0x46, 0x4C, 0x36, 0x56, 0xB2, 0x51, 0x92, 0x8D, 0x8F, 0x7C, 0x40, 0x46,
    0x06, 0x13, 0xD9, 0x68, 0xC8, 0xC6, 0x41, 0x36, 0x02, 0xB2, 0xB1, 0x8F, 0x8D, 0x7A, 0x6C, 0xBC,
    0x63, 0x23, 0x1D, 0x1B, 0xE3, 0xD8, 0xE8, 0xC6, 0xC6, 0x35, 0x36, 0xA2, 0xB1, 0xB1, 0x8C, 0x8D,
    0x62, 0x6C, 0xFC, 0x62, 0x23, 0x17, 0x1B, 0xB3, 0xD8, 0x68, 0xC5, 0xC6, 0x29, 0x36, 0x42, 0xB1,
    0xE5, 0xB5, 0x56, 0x72, 0xFA, 0x1B, 0x91, 0x74, 0xE0, 0x99, 0x68, 0xB0, 0xD0, 0x43, 0x77, 0xA6,
    0xC7, 0x3C, 0xFE, 0xF3, 0x29, 0x92, 0x2F, 0x18, 0xBE, 0xA0, 0xF7, 0x82, 0xDB, 0x0B, 0x62, 0x2F,
    0x58, 0xBD, 0xA0, 0xF4, 0x82, 0xCF, 0x0B, 0x32, 0x2F, 0x98, 0xBC, 0xA0, 0xF1, 0x02, 0x26, 0x07,
    0x81, 0x17, 0xC1, 0x29, 0xA8, 0xBB, 0xE0, 0xED, 0x82, 0xB4, 0x0B, 0xC6, 0x2E, 0xE8, 0xBA, 0xE0,
    0xEA, 0x82, 0xA8, 0x8B, 0xAC, 0xFE, 0x24, 0x57, 0xA4, 0x9C, 0x70, 0x4B, 0xD0, 0xA5, 0xC6, 0x4D,
    0x41, 0x0F, 0xC2, 0x3F, 0x85, 0xB2, 0xEB, 0x7C, 0x81, 0x0E, 0x04, 0x4D, 0x5D, 0xAB, 0x4C, 0x82,
    0x1E, 0xAD, 0x5E, 0xB9, 0x6A, 0xDC, 0x27, 0xDB, 0xDD, 0x3D, 0x10, 0xAD, 0x27, 0xE4, 0x0A, 0x6D,
    0x2C, 0x60, 0xDC, 0x67, 0xAA, 0x8B, 0x77, 0x35, 0xF3, 0xB9, 0xA7, 0x85, 0x92, 0xE3, 0x02, 0x49,
    0x12, 0x53, 0xC2, 0x1C, 0xE3, 0x38, 0xC8, 0x17, 0x2C, 0x43, 0x79, 0xBA, 0x40, 0xE2, 0x08, 0x1A,
    0x6E, 0xE5, 0x57, 0x2E, 0x90, 0xE0, 0x88, 0xB1, 0x8D, 0x85, 0x7E, 0x06, 0x18, 0x95, 0xEC, 0xE3,
    0x3F, 0x62, 0xA1, 0x57, 0xF2, 0x2F, 0x32, 0x1C, 0x3C, 0x95, 0xD8, 0xDB, 0x8B, 0x19, 0xBF, 0xF3,
    0xFB, 0x9E, 0xE5, 0x2A, 0xF2, 0x07, 0x19, 0x7F, 0x64, 0xD3, 0xE1, 0x3D, 0xA8, 0x50, 0x5E, 0xAF,
    0xC2, 0x09, 0xAE, 0xD4, 0x5E, 0x95, 0x76, 0xA6, 0x03, 0x5A, 0x35, 0x96, 0x83, 0xA5, 0x1C, 0x96,
    0xBE, 0xE2, 0x2F, 0xE5, 0xD0, 0x41, 0x61, 0xE8, 0x91, 0xCA, 0x2A, 0x9F, 0x94, 0x55, 0x6C, 0xD2,
    0x07, 0x51, 0xDE, 0x0E, 0xFD, 0xE3, 0x44, 0xE4, 0x30, 0xB7, 0x39, 0xCA, 0xA8, 0x5E, 0x76, 0xBF,
    0x59, 0x95, 0x97, 0xF4, 0xD0, 0xB4, 0x6C, 0x50, 0x66, 0x56, 0x20, 0xE5, 0x02, 0xD4, 0x30, 0x83,
    0x3A, 0x6D, 0x4E, 0xB7, 0xC5, 0x58, 0xDE, 0x76, 0x33, 0x02, 0x9C, 0xAF, 0x2E, 0x9A, 0x01, 0x8C,
    0x16, 0xCC, 0x27, 0x14, 0xBF, 0x8E, 0x24, 0x16, 0x71, 0x7A, 0x21, 0x39, 0x57, 0xBD, 0xFB, 0xD1,
    0xF3, 0x8A, 0x57, 0x8A, 0x8F, 0xAB, 0x65, 0x67, 0x61, 0x3B, 0x4D, 0x93, 0x2B, 0xEF, 0x41, 0x77,
    0x5F, 0xA5, 0x3E, 0xA1, 0x31, 0xDD, 0xBC, 0xF4, 0x93, 0xE5, 0x53, 0xC6, 0xE4, 0x87, 0xA1, 0xEA,
    0x45, 0xF7, 0x1D, 0x87, 0x4A, 0x72, 0x2E, 0x15, 0xC4, 0x20, 0xEE, 0xC4, 0x81, 0x77, 0x4A, 0xD2,
    0xC9, 0xCA, 0x5A, 0xE2, 0xA4, 0x84, 0x56, 0x8D, 0xAF, 0x16, 0x24, 0x46, 0x1D, 0x01, 0x2C, 0x26,
    0x44, 0xD0, 0x99, 0xDA, 0x7C, 0xF9, 0x5F, 0x30, 0xAF, 0xD0, 0xDE, 0x15, 0x37, 0xF9, 0xDB, 0xCE,
    0x5D, 0xB8, 0xD3, 0x97, 0xEF, 0x0F, 0x8B, 0x1A, 0x25, 0xD4, 0x51, 0x8F, 0x59, 0x62, 0x79, 0xF7,
    0x81, 0x39, 0x25, 0xBD, 0x3B, 0x65, 0x26, 0x9F, 0x42, 0x44, 0xF9, 0x25, 0x74, 0x46, 0xBD, 0x26,
    0xF3, 0x08, 0x0C, 0xEC, 0xDB, 0x3C, 0x8B, 0xC5, 0x06, 0x0F, 0x39, 0xCB, 0xA9, 0xD7, 0x8C, 0x72,
    0x7C, 0x52, 0x5F, 0x42, 0x75, 0x1D, 0x13, 0xA1, 0x5F, 0x5A, 0x24, 0x56, 0x79, 0x66, 0x94, 0x00,
    0xAA, 0x69, 0x45, 0x6D, 0xA9, 0xD0, 0x75, 0x66, 0x30, 0x77, 0xFA, 0x5C, 0x00, 0xB8, 0xB6, 0x5A,
    0x59, 0xDD, 0xE7, 0x09, 0xC9, 0x11, 0x77, 0x55, 0x9D, 0xA0, 0x4B, 0xAF, 0xE5, 0x34, 0x0B, 0xBD,
    0xEE, 0x09, 0x77, 0xF2, 0x6A, 0x53, 0x8C, 0x65, 0x2C, 0x5A, 0xDD, 0xDB, 0x88, 0xA6, 0x62, 0xB1,
    0x60, 0xC4, 0x5F, 0xC3, 0x60, 0x9B, 0x1F, 0x2B, 0xB4, 0x3F, 0x86, 0x16, 0xA3, 0xCE, 0x6E, 0x50,
    0x35, 0x1F, 0x57, 0xDA, 0x73, 0xD0, 0x5B, 0x0C, 0x2B, 0xCB, 0xB7, 0x36, 0x96, 0x53, 0x74, 0x82,
    0x4E, 0xF1, 0x88, 0x96, 0xC0, 0x4F, 0xB8, 0xCA, 0xE6, 0xFB, 0x5E, 0x71, 0x2D, 0x39, 0x1D, 0xD6,
    0x6D, 0xA5, 0x2E, 0x37, 0xD3, 0xC1, 0x15, 0xEF, 0x03, 0xE9, 0x29, 0xEB, 0x42, 0xF4, 0xD3, 0x2E,
    0xEF, 0x75, 0xCC, 0x37, 0x6A, 0x95, 0x2F, 0x1E, 0x84, 0x6D, 0x1D, 0x3A, 0xFB, 0x04, 0xBD, 0x9E,
    0x33, 0x96, 0x6D, 0x3A, 0xCB, 0x7C, 0x0C, 0xD7, 0x71, 0x65, 0x71, 0x7D, 0x1A, 0xE9, 0xED, 0x9F,
    0xBB, 0x85, 0x55, 0xF7, 0x12, 0x20, 0xC4, 0x11, 0x71, 0x1D, 0x3A, 0xBE, 0x32, 0x3D, 0xC7, 0xA3,
    0x5F, 0x58, 0xFD, 0xBE, 0xFB, 0xE6, 0x89, 0x7A, 0x1C, 0x32, 0x13, 0x9E, 0x5D, 0xA8, 0xC1, 0xE5,
    0xA2, 0x78, 0x3E, 0xCF, 0x9A, 0x1E, 0xE0, 0xCC, 0x4E, 0xD1, 0x4E, 0xB5, 0x82, 0xCE, 0x84, 0x5A,
    0xE2, 0xF7, 0xCF, 0x1A, 0x3E, 0x98, 0x42, 0x79, 0x55, 0x70, 0x4A, 0xAA, 0x32, 0x01, 0xEA, 0x5C,
    0x4E, 0x17, 0x17, 0x06, 0x2A, 0x43, 0x01, 0x5B, 0x51, 0x20, 0x65, 0x16, 0xE5, 0x17, 0x20, 0x29,
    0xB3, 0x78, 0xCB, 0x62, 0xD2, 0x6E, 0x6A, 0xE0, 0x53, 0x9C, 0x92, 0x18, 0x4C, 0x65, 0xD1, 0xD3,
    0x53, 0xEC, 0x93, 0x9B, 0x9C, 0xB9, 0x87, 0xFC, 0xFE, 0xE6, 0x99, 0x9D, 0x08, 0x6F, 0x30, 0x3B,
    0xE0, 0x75, 0x26, 0x5F, 0xF1, 0x06, 0xF6, 0xFD, 0x0B, 0x16, 0x82, 0x1A, 0xDA, 0x8F, 0xE2, 0x04,
    0x9A, 0xB3, 0x9D, 0xA3, 0x9D, 0x71, 0xFA, 0x2D, 0x21, 0x97, 0x2F, 0x29, 0x71, 0x27, 0xF7, 0xE6,
    0xAA, 0x51, 0xE0, 0x5C, 0x6E, 0xDA, 0x7B, 0x9D, 0xD7, 0xEC, 0x1D, 0x6E, 0xC5, 0x15, 0x97, 0xBD,
    0xE1, 0xB8, 0xFD, 0x43, 0x16, 0xAB, 0xEB, 0xC6, 0x7C, 0x75, 0x0D, 0x00, 0x1D, 0x50, 0xF3, 0x78,
    0xEC, 0xF3, 0x01, 0xDD, 0xAE, 0xBB, 0xC4, 0xBE, 0x58, 0x0E, 0x20, 0x4F, 0xFA, 0x4E, 0x74, 0x8E,
    0x87, 0xCD, 0x2A, 0xED, 0xDD, 0xF7, 0x0D, 0xB1, 0x78, 0x9C, 0x16, 0xE8, 0x8C, 0x47, 0xDE, 0x45,
    0xF9, 0xAE, 0x16, 0x85, 0x90, 0xAA, 0x0D, 0xBD, 0xFB, 0x22, 0x47, 0x9C, 0x9F, 0x41, 0xE1, 0xDD,
    0xFD, 0x3A, 0x96, 0x05, 0xD7, 0x97, 0x5D, 0x8F, 0x9C, 0x22, 0x89, 0xD9, 0xC2, 0xDF, 0xC6, 0x1B,
    0xFA, 0x2D, 0x7E, 0xD2, 0x39, 0x0C, 0x2E, 0x5D, 0xD8, 0x41, 0x7E, 0x33, 0xE9, 0x8F, 0x97, 0x03,
    0xC5, 0x6B, 0x88, 0x8C, 0xB4, 0xF7, 0x1F, 0xCE, 0x07, 0xA9, 0x0D, 0x89, 0x18, 0xA5, 0x63, 0x0E,
    0x2B, 0x80, 0xF9, 0xF7, 0x10, 0x8C, 0xCF, 0x60, 0xC2, 0xC5, 0x28, 0x4C, 0x44, 0x99, 0x6F, 0xCC,
    0xB6, 0xA2, 0x44, 0xF8, 0x60, 0x9E, 0x11, 0xCC, 0x2A, 0x04, 0x0A, 0xDB, 0xF5, 0x77, 0xCB, 0x97,
    0xE6, 0xEA, 0x8D, 0xA5, 0xFC, 0xC9, 0xBA, 0x3B, 0x9F, 0xB2, 0xE9, 0x35, 0x3F, 0x05, 0x37, 0xFD,
    0x01, 0x5C, 0x14, 0x7A, 0xE2, 0xD8, 0x79, 0x50, 0xCF, 0x0D, 0x71, 0xD4, 0x4A, 0x9F, 0xAB, 0xB4,
    0xB4, 0x46, 0xED, 0x5E, 0x2D, 0x56, 0xF6, 0x4F, 0xD5, 0xCC, 0x5D, 0x70, 0xE1, 0xE7, 0x1C, 0x70,
    0x36, 0x34, 0x06, 0x4E, 0xB4, 0x81, 0x84, 0x9C, 0xC7, 0x5A, 0x53, 0x30, 0x9E, 0x44, 0x1F, 0x5F,
    0x5D, 0x5C, 0x36, 0xFA, 0x9D, 0xA8, 0x93, 0x99, 0xD7, 0xAA, 0xBD, 0x7E, 0xD3, 0x92, 0x3C, 0xE7,
    0x5C, 0xC5, 0x63, 0x25, 0x8E, 0xB3, 0xA7, 0x7C, 0x2C, 0xA6, 0xC2, 0x65, 0xD3, 0xA7, 0x9D, 0x6F,
    0x3F, 0xEA, 0x76, 0x41, 0xBB, 0x7A, 0xCF, 0xD2, 0x23, 0x8F, 0xCF, 0xD6, 0x72, 0xB2, 0x08, 0x0B,
    0x06, 0x26, 0x47, 0x1B, 0x92, 0xF0, 0x49, 0x2A, 0x9A, 0xC9, 0x90, 0xD5, 0x8F, 0x65, 0xD7, 0x20,
    0xC2, 0xA8, 0xA7, 0xE1, 0x84, 0x11, 0x3E, 0xE5, 0x13, 0x4F, 0xF1, 0xDC, 0x38, 0x97, 0xAE, 0xA1,
    0xD5, 0x00, 0xEA, 0x85, 0xBC, 0x86, 0x73, 0xFE, 0x08, 0x6A, 0xB1, 0xED, 0x2F, 0xD7, 0x62, 0x5B,
    0x6D, 0x0B, 0x3C, 0xAB, 0xAD, 0xB9, 0xC7, 0x82, 0x24, 0xCE, 0xCE, 0x10, 0x22, 0x4D, 0xAC, 0xDA,
    0x82, 0xD5, 0x53, 0x2E, 0x1B, 0xE4, 0xE8, 0x4F, 0x1F, 0xCB, 0xEE, 0x4E, 0x44, 0x42, 0x39, 0x78,
    0xAC, 0x33, 0xC2, 0x20, 0x3F, 0x67, 0xAB, 0xF3, 0x7D, 0xBA, 0xF0, 0x98, 0xF9, 0x4F, 0x7E, 0x5D,
    0xAB, 0x83, 0x0B, 0x1D, 0x1E, 0xC9, 0x2C, 0xEB, 0xE0, 0xB7, 0x62, 0x96, 0x23, 0x0D, 0xC0, 0x6B,
    0xF7, 0x3A, 0x01, 0xB7, 0xEE, 0x64, 0xC3, 0x4D, 0x65, 0x6F, 0x7F, 0x61, 0x97, 0x51, 0xFB, 0x64,
    0xA0, 0x96, 0xD9, 0xF2, 0x8C, 0xD1, 0x7B, 0xDC, 0xBB, 0xF3, 0x5C, 0x33, 0x09, 0xC4, 0xDB, 0x4D,
    0x92, 0x3F, 0xF3, 0x78, 0x58, 0x8D, 0xA9, 0xA8, 0x81, 0xEF, 0x12, 0x5E, 0x44, 0x7E, 0xBA, 0x3E,
    0x47, 0x1F, 0x45, 0xB9, 0x89, 0xEA, 0x16, 0x56, 0x04, 0x7A, 0x0F, 0xC5, 0x07, 0x5C, 0xA3, 0x82,
    0xBA, 0x19, 0x4C, 0x23, 0x81, 0x58, 0xD7, 0x02, 0x4E, 0x2C, 0x27, 0x51, 0xF2, 0x05, 0x61, 0x49,
    0x69, 0x44, 0x62, 0xB8, 0x48, 0xFD, 0xB6, 0x21, 0xA1, 0x18, 0x55, 0x1C, 0xB0, 0xF2, 0x17, 0x2D,
    0x3B, 0xD5, 0x26, 0x8A, 0x39, 0x9F, 0x3D, 0x52, 0xC4, 0x53, 0x9C, 0x88, 0x78, 0xE0, 0xF4, 0xDA,
    0xA6, 0x67, 0x04, 0x75, 0xE8, 0xE8, 0x0D, 0x1A, 0x9E, 0xA7, 0x37, 0xF9, 0x5C, 0x78, 0x95, 0x45,
    0xF7, 0x15, 0x31, 0x53, 0x31, 0x1C, 0xD4, 0x21, 0x4F, 0xFA, 0xE4, 0x28, 0xA3, 0x91, 0xB1, 0xEC,
    0x99, 0xDF, 0x41, 0xC4, 0xCC, 0x62, 0xD4, 0xAF, 0x89, 0x0A, 0xF9, 0xA0, 0xBC, 0x8E, 0x86, 0x9E,
    0x88, 0x99, 0x18, 0x72, 0x56, 0xBF, 0xE3, 0xFC, 0x24, 0xDB, 0x29, 0xA9, 0x1F, 0xBF, 0x25, 0xFA,
    0xB0, 0x98, 0xE7, 0xB6, 0xC5, 0x3C, 0x1F, 0xF7, 0xC2, 0xE0, 0x4A, 0xDA, 0x73, 0x2D, 0x71, 0x94,
    0xC0, 0x00, 0x66, 0xA6, 0x5C, 0x58, 0xA6, 0x60, 0xBB, 0xCA, 0x35, 0x3F, 0x24, 0xD1, 0xE5, 0xD0,
    0xD4, 0x70, 0xE4, 0xF9, 0x0D, 0x6C, 0x7B, 0x35, 0x07, 0xF4, 0x94, 0x9C, 0xE9, 0xCD, 0x01, 0x00,
    0xC0, 0xD3, 0x92, 0xAE, 0x52, 0x27, 0xDB, 0x4A, 0x96, 0x2F, 0xE6, 0x3C, 0x93, 0x7F, 0xE6, 0xFB,
    0xEB, 0xD8, 0x8C, 0xF6, 0x7B, 0x3A, 0x2C, 0x22, 0xB9, 0xCD, 0x35, 0x8A, 0x2C, 0xDF, 0xA7, 0x01,
    0xA4, 0x9A, 0x52, 0xF4, 0xD3, 0x8A, 0x04, 0xDF, 0xBE, 0xA1, 0x4D, 0xCE, 0xEE, 0x77, 0x6B, 0xA3,
    0xB2, 0x56, 0xB4, 0xCA, 0x5B, 0x36, 0xAE, 0xC6, 0xA4, 0x2C, 0x47, 0xB7, 0x4A, 0xB0, 0xF7, 0xD7,
    0xD7, 0xB6, 0xDD, 0x30, 0x97, 0x5A, 0x66, 0xA7, 0x45, 0x6A, 0x25, 0xD6, 0xF5, 0x0C, 0x84, 0x34,
    0x3B, 0x29, 0x69, 0x22, 0x1F, 0xC8, 0xAD, 0xA4, 0x8C, 0x32, 0x61, 0x9F, 0x07, 0xF9, 0x54, 0x70,
    0x5C, 0x23, 0x7A, 0x15, 0x14, 0x1F, 0x70, 0x68, 0x31, 0x67, 0x25, 0x2D, 0x8A, 0xF5, 0x24, 0x2D,
    0xFF, 0x45, 0x3E, 0x70, 0xD0, 0x51, 0x0C, 0xBC, 0x68, 0xE5, 0xC8, 0xB2, 0x52, 0xD6, 0x17, 0x8F,
    0x22, 0xD0, 0x77, 0x94, 0xD3, 0xD0, 0xCB, 0x23, 0xC8, 0x43, 0xBD, 0x8D, 0xCA, 0xBC, 0x5D, 0xE9,
    0x41, 0x47, 0x4C, 0x0A, 0x19, 0xB5, 0x10, 0x68, 0x7D, 0x31, 0xD5, 0x08, 0x8C, 0x03, 0x57, 0xAD,
    0x6C, 0xAC, 0x0C, 0xE5, 0x77, 0x9E, 0xF2, 0xFB, 0x5D, 0xEB, 0xA8, 0x2F, 0x78, 0x56, 0x13, 0x25,
    0xC3, 0xD1, 0x8A, 0xB5, 0x07, 0xBA, 0xA3, 0xA5, 0x7E, 0x5A, 0x51, 0x59, 0xCE, 0xEA, 0x22, 0xBA,
    0x8A, 0xD7, 0x21, 0x4C, 0xF9, 0xE6, 0x42, 0xBC, 0x7B, 0xCC, 0xD2, 0x3B, 0x8E, 0x3D, 0x4A, 0x45,
    0xA2, 0x54, 0x54, 0x72, 0xCB, 0xA2, 0x91, 0xEE, 0x5F, 0x7E, 0xE4, 0x51, 0xD8, 0x76, 0x7C, 0x21,
    0x09, 0xA6, 0xB6, 0x12, 0x55, 0x6B, 0xA5, 0x20, 0xDC, 0xBF, 0xBB, 0x7D, 0x7D, 0xA7, 0xFA, 0x6A,
    0x75, 0xC4, 0xEC, 0xE9, 0x35, 0x89, 0xAE, 0x71, 0x61, 0x49, 0x36, 0x17, 0x5C, 0x33, 0xA7, 0x8B,
    0x3B, 0xE3, 0x45, 0x11, 0x1A, 0xB0, 0xD6, 0x27, 0x54, 0x8D, 0xD8, 0xB2, 0xC3, 0xA9, 0x0C, 0x5E,
    0x95, 0x22, 0x7B, 0xBA, 0xA9, 0x15, 0x7F, 0x83, 0x8A, 0x50, 0x9A, 0xC1, 0xC7, 0x03, 0xDA, 0x68,
    0x01, 0xC5, 0x78, 0xD8, 0x09, 0x16, 0x59, 0x7D, 0x58, 0x4E, 0xE8, 0x8E, 0x55, 0x6D, 0x9C, 0x4B,
    0x2C, 0x90, 0x9C, 0xEA, 0xBA, 0x9A, 0x1C, 0x8D, 0x5A, 0xA2, 0x24, 0x3F, 0x49, 0x47, 0x4B, 0x45,
    0x52, 0xCF, 0x58, 0xAE, 0xE8, 0x67, 0x2F, 0x73, 0xCE, 0x07, 0x44, 0xBB, 0xD6, 0x1F, 0xA5, 0xE4,
    0x44, 0x3C, 0xA7, 0xE6, 0x5B, 0x75, 0xB9, 0xA6, 0x63, 0xB5, 0x56, 0x13, 0xB7, 0x74, 0x54, 0x44,
    0x6D, 0x41, 0x42, 0x88, 0xB2, 0xCC, 0x3D, 0x9D, 0x51, 0x75, 0xF7, 0xFB, 0x1F, 0xE1, 0x0E, 0x82,
    0x20, 0x6A, 0x75, 0x57, 0x14, 0x35, 0x00, 0x1C, 0xD6, 0x2E, 0x37, 0x53, 0x1C, 0x05, 0x69, 0x9C,
    0x18, 0xBB, 0x68, 0x76, 0x72, 0x90, 0x82, 0xB0, 0x6C, 0x8B, 0x73, 0x66, 0xA6, 0x60, 0xEC, 0x36,
    0xB7, 0x65, 0xB4, 0x5A, 0x7F, 0x49, 0x93, 0x14, 0xD5, 0x56, 0x38, 0x14, 0x76, 0x10, 0xEF, 0xF0,
    0x27, 0xFF, 0x8F, 0xD0, 0xC3, 0xB0, 0x24, 0x26, 0x5B, 0x93, 0x58, 0x95, 0x92, 0xAC, 0x88, 0x9B,
    0xF1, 0xA7, 0x25, 0x9D, 0xA2, 0x25, 0x2D, 0xCB, 0x15, 0xCD, 0x55, 0xD8, 0xBF, 0xC7, 0x95, 0x19,
    0x18, 0x31, 0x4A, 0xFE, 0x4A, 0xA0, 0xAC, 0xB6, 0x67, 0xE3, 0xBE, 0xE3, 0x24, 0xF4, 0x22, 0x6B,
    0x96, 0xB7, 0x1C, 0x4B, 0xB8, 0x56, 0x38, 0x51, 0x70, 0x02, 0x31, 0x77, 0xD8, 0xE0, 0x25, 0xD1,
    0x20, 0x72, 0x62, 0xFC, 0xBF, 0x59, 0xED, 0x9D, 0xCA, 0x75, 0x28, 0xED, 0x5F, 0xE0, 0x6E, 0xD5,
    0x26, 0x53, 0x1A, 0xC1, 0x96, 0x91, 0x19, 0x60, 0xCE, 0x84, 0x4E, 0xC3, 0xC0, 0x52, 0x22, 0xAA,
    0xB8, 0xAF, 0x2C, 0xB5, 0xEE, 0x49, 0xD1, 0x1E, 0x64, 0x05, 0x5E, 0x22, 0x1F, 0x9D, 0x16, 0x1A,
    0xE6, 0xC3, 0xFF, 0x68, 0xD8, 0x7A, 0x4C, 0xEC, 0x8B, 0x25, 0x82, 0x87, 0x3E, 0xD5, 0x39, 0x70,
    0xB6, 0x87, 0x19, 0x4A, 0x59, 0x47, 0x98, 0x47, 0x2F, 0xD4, 0xF6, 0x9C, 0xA2, 0xA2, 0x0D, 0x34,
    0xE1, 0xA9, 0xD5, 0x19, 0xF0, 0x8B, 0x01, 0x2F, 0x12, 0xBC, 0x18, 0xB1, 0x99, 0xF8, 0xCE, 0x2B,
    0x0A, 0x81, 0xB5, 0xE2, 0x3B, 0xD9, 0x4B, 0x1E, 0x5B, 0xF7, 0xE0, 0x45, 0xB6, 0x7F, 0x91, 0x4B,
    0xEB, 0x0D, 0xB6, 0x19, 0x70, 0x89, 0x22, 0xCA, 0x84, 0x19, 0x53, 0x0C, 0x77, 0xF6, 0x02, 0x91,
    0xD8, 0x8A, 0x67, 0xE3, 0x3B, 0xCC, 0x68, 0xB7, 0x20, 0xAA, 0x43, 0x2C, 0x09, 0x33, 0xE8, 0x9B,
    0xFD, 0x8B, 0x4E, 0xCF, 0x69, 0xEB, 0x26, 0x40, 0x3B, 0x01, 0xFA, 0x09, 0xD0, 0x50, 0x80, 0x8E,
    0x02, 0x3C, 0x2F, 0x1C, 0xA7, 0x39, 0x57, 0xA3, 0x5F, 0xC0, 0xB5, 0x7B, 0x8C, 0x40, 0x64, 0xF2,
    0x6C, 0x34, 0xAF, 0x70, 0xBC, 0xE4, 0xB3, 0x56, 0xC0, 0x6A, 0x96, 0x7C, 0x0A, 0x37, 0xA3, 0x64,
    0xB1, 0xF7, 0xF8, 0xEF, 0xBA, 0x37, 0x59, 0x92, 0x40, 0xF8, 0xB4, 0x79, 0xE2, 0x2D, 0x91, 0x71,
    0xA1, 0x8E, 0x7D, 0xA8, 0xA7, 0xC1, 0x28, 0x17, 0x99, 0xB0, 0xC0, 0x40, 0xB6, 0xC8, 0xA3, 0x52,
    0x2E, 0x9A, 0x11, 0xF4, 0x9F, 0xB6, 0xDC, 0xC9, 0x7F, 0x1F, 0x99, 0x72, 0x41, 0xE3, 0x11, 0xD9,
    0x62, 0x7C, 0x40, 0xB6, 0xF8, 0x3F, 0x65, 0x92, 0x01, 0xA4, 0x2E, 0x45, 0x14, 0xC7, 0x7F, 0xB3,
    0xFB, 0xBE, 0x3B, 0x79, 0x8B, 0x09, 0x49, 0x5D, 0x6A, 0x02, 0x3C, 0xE4, 0x0D, 0x84, 0x87, 0x77,
    0x9D, 0x49, 0x00, 0x28, 0x74, 0x01, 0x04, 0x01, 0x00, 0xE0, 0x21, 0xDF, 0x4C, 0x42, 0x00, 0x01,
    0x10, 0x84, 0xC0, 0x05, 0x00, 0xC5, 0xBD, 0xED, 0x10, 0x00, 0x8C, 0x00, 0xA0, 0x05, 0x29, 0x60,
    0xF0, 0x61, 0xB1, 0xBB, 0xA7, 0x49, 0x97, 0xE4, 0xCD, 0xCC, 0x60, 0xFE, 0xCE, 0x39, 0xFC, 0xCC,
    0xEF, 0x04, 0x1E, 0xA4, 0x90, 0x16, 0xA4, 0xE1, 0x37, 0xC6, 0x03, 0x14, 0x9E, 0x03, 0x00, 0xAF,
    0x38, 0x06, 0xB5, 0x87, 0xDB, 0x42, 0x93, 0x22, 0x3C, 0xE3, 0x71, 0xD9, 0x15, 0xDC, 0x0E, 0xA2,
    0x30, 0x6B, 0x1C, 0x0E, 0x29, 0x76, 0xF5, 0xC5, 0x2F, 0xAE, 0x86, 0x6C, 0x0B, 0x80, 0xF9, 0x71,
    0x88, 0xEE, 0xB0, 0x35, 0xE8, 0x17, 0x55, 0x66, 0x2D, 0x67, 0xA7, 0xF1, 0xC3, 0x71, 0x07, 0xE0,
    0x74, 0xFB, 0x39, 0x41, 0xB5, 0xC8, 0xBF, 0x37, 0x9E, 0x6E, 0x6F, 0x79, 0x03, 0xF3, 0x15, 0x56,
    0x7B, 0xFE, 0xC7, 0x3E, 0xEB, 0x1A, 0x74, 0xB9, 0x3A, 0xB8, 0xCA, 0x61, 0x49, 0x4D, 0x17, 0x2D,
    0x29, 0xC2, 0x54, 0x7D, 0x0E, 0x2D, 0x55, 0x69, 0xFD, 0xDD, 0x33, 0xC9, 0x33, 0x00, 0xBC, 0x85,
    0xD5, 0x1A, 0xB4, 0xA5, 0xEF, 0x2F, 0x67, 0xDB, 0x5E, 0x4E, 0x0D, 0x5F, 0xCD, 0x1C, 0xED, 0x8A,
    0xAD, 0x8C, 0x0B, 0x80, 0xF9, 0x19, 0xD7, 0x3B, 0xB4, 0xF6, 0x82, 0xFB, 0xB1, 0x6D, 0xE3, 0xB2,
    0x4D, 0x75, 0x9E, 0x7B, 0xC2, 0x74, 0x01, 0x88, 0xDC, 0x98, 0xC6, 0x3C, 0x6E, 0x46, 0xA7, 0x6D,
    0xDC, 0x7D, 0x73, 0xAB, 0xD4, 0xB0, 0x68, 0x94, 0x8F, 0x37, 0x6E, 0x68, 0x00, 0xBC, 0xC3, 0xD3,
    0x78, 0x26, 0xE5, 0x64, 0x0E, 0xE4, 0x9B, 0x0D, 0xF9, 0xBD, 0xE1, 0xB5, 0xD0, 0xD9, 0xE8, 0x6C,
    0x98, 0x15, 0x80, 0x89, 0x45, 0x3E, 0x69, 0xF2, 0xED, 0x45, 0x7E, 0x5D, 0xFD, 0x6F, 0x9B, 0x5B,
    0x76, 0xDB, 0x7E, 0x19, 0xEA, 0x4B, 0x80, 0xAB, 0xCF, 0x30, 0xBA, 0x33, 0xA9, 0x12, 0x54, 0xB3,
    0xC4, 0x94, 0x5F, 0x10, 0xE2, 0x07, 0xBC, 0x07, 0x00, 0x4F, 0x78, 0x18, 0x2E, 0xD3, 0xE2, 0x8B,
    0x74, 0xBE, 0x54, 0x3A, 0xED, 0x72, 0x1D, 0x3B, 0xE1, 0xA0, 0x8C, 0x1A, 0x8D, 0x46, 0x14, 0x94,
    0x61, 0x67, 0x5C, 0x71, 0x0D, 0x29, 0x5C, 0x83, 0x89, 0x6E, 0x0D, 0x17, 0xA9, 0xBD, 0x21, 0xA7,
    0x2C, 0x39, 0x14, 0x57, 0x87, 0xFC, 0x14, 0x57, 0x7D, 0x0D, 0x7D, 0x90, 0x90, 0xB8, 0xE7, 0x27,
    0xDE, 0x04, 0x86, 0x8E, 0x37, 0x6E, 0x76, 0x73, 0x4D, 0xAA, 0xF0, 0x11, 0x30, 0x15, 0x69, 0x73,
    0xD3, 0x65, 0x2E, 0xCF, 0x31, 0xF1, 0x84, 0x6F, 0xD2, 0x13, 0xAD, 0xA9, 0x69, 0x91, 0xA2, 0xF1,
    0x5D, 0x9E, 0x01, 0x0C, 0x07, 0x4E, 0xB3, 0x4C, 0xE5, 0xC6, 0xFE, 0x73, 0xC4, 0xE7, 0xA0, 0xD8,
    0x15, 0x18, 0x2E, 0xAE, 0x0F, 0xB4, 0xAB, 0x6D, 0xAE, 0x4A, 0x7C, 0x05, 0x60, 0x94, 0x51, 0xB3,
    0x49, 0x19, 0xC9, 0x24, 0x86, 0x1D, 0x7F, 0x21, 0x64, 0x00, 0x7E, 0xB0, 0xC5, 0x47, 0xE1, 0x81,
    0x03, 0xFD, 0x6B, 0xDE, 0xC2, 0x05, 0x5C, 0xF3, 0x2D, 0x2C, 0x52, 0xA5, 0x48, 0x47, 0x98, 0xB3,
    0x46, 0xCC, 0x97, 0x30, 0xED, 0x10, 0x14, 0x92, 0x96, 0x41, 0x53, 0x9D, 0x36, 0xD7, 0xAB, 0xC6,
    0xF6, 0x3E, 0xE6, 0xBB, 0x27, 0xD0, 0x85, 0x39, 0xF0, 0xFA, 0xF5, 0x31, 0xEB, 0x26, 0xDA, 0x26,
    0x8D, 0xFF, 0x13, 0xEF, 0xD3, 0xD7, 0xC4, 0xF3, 0xFF, 0x49, 0x97, 0xAF, 0xEF, 0xEE, 0xE0, 0xED,
    0x38, 0xE8, 0xEA, 0x75, 0xEF, 0xC1, 0x81, 0x36, 0xCE, 0x99, 0x17, 0x00, 0x18, 0x60, 0xAC, 0xE0,
    0x1A, 0x84, 0x06, 0xA9, 0xC2, 0xE3, 0x27, 0x8F, 0x0D, 0x86, 0x0C, 0xC0, 0xD4, 0x42, 0x79, 0x34,
    0xB2, 0xCA, 0xA2, 0x9D, 0xEA, 0xCC, 0x29, 0xFA, 0x22, 0xB9, 0xEF, 0x3F, 0x65, 0x0B, 0x0D, 0xFE,
    0x06, 0xEC, 0x7A, 0x0B, 0xC8, 0x26, 0x57, 0x79, 0xFF, 0x99, 0x77, 0xDC, 0x9D, 0x90, 0xF9, 0xFF,
    0x3D, 0x01, 0x22, 0x6D, 0x4D, 0x71, 0xB8, 0x08, 0x88, 0xD5, 0x4E, 0x81, 0x72, 0x2F, 0x3D, 0x93,
    0x14, 0x2A, 0x50, 0xC0, 0x00, 0xF9, 0x0C, 0x20, 0x60, 0x01, 0xE5, 0xB2, 0x05, 0x96, 0x5B, 0xA1,
    0x80, 0xE6, 0x4C, 0x23, 0x54, 0xA0, 0x80, 0x29, 0xF4, 0x02, 0x14, 0xA8, 0x80, 0xB4, 0xCD, 0x0A,
    0xA4, 0x40, 0xB9, 0xB7, 0x9C, 0x49, 0x02, 0x08, 0x14, 0x70, 0xA4, 0x4A, 0xB8, 0x3B, 0xA2, 0xA9,
    0xA5, 0x02, 0x19, 0xEB, 0x58, 0x67, 0x77, 0xCF, 0xCC, 0xD3, 0xF3, 0x7B, 0x7E, 0x73, 0xBE, 0x7D,
    0xBF, 0xFD, 0xB2, 0xBD, 0x58, 0xA9, 0x92, 0x3A, 0xBC, 0xDF, 0xF3, 0x7B, 0x96, 0x7D, 0x67, 0xCE,
    0x73, 0x7F, 0x9E, 0x73, 0xE6, 0x35, 0xC6, 0xBC, 0xDF, 0xE8, 0xF5, 0x02, 0x41, 0x06, 0xC2, 0xAC,
    0x10, 0x36, 0x85, 0x46, 0x7A, 0x40, 0x11, 0xF8, 0x9F, 0x37, 0x3B, 0xF3, 0xD0, 0x55, 0x5C, 0xA4,
    0xAB, 0x33, 0x56, 0x44, 0x64, 0x22, 0x8C, 0xA6, 0x26, 0x18, 0xBF, 0xDC, 0xF0, 0xE9, 0xC6, 0x30,
    0x1B, 0x97, 0x40, 0x12, 0xF4, 0x09, 0x26, 0xE3, 0xBA, 0x04, 0xA3, 0xF9, 0xF9, 0x74, 0x3B, 0x57,
    0x3D, 0x11, 0xCA, 0x0C, 0x02, 0xE6, 0x80, 0x2A, 0x41, 0x67, 0x4C, 0x2D, 0x17, 0x17, 0xC6, 0x18,
    0xBB, 0x27, 0x72, 0x09, 0x0D, 0xA5, 0x6C, 0xA3, 0x29, 0x16, 0x85, 0x72, 0x35, 0xC6, 0xAD, 0xA6,
    0x5E, 0x12, 0x2C, 0xC6, 0xCE, 0x69, 0xF1, 0x7B, 0x77, 0xD2, 0xC2, 0x0D, 0xE5, 0x73, 0x80, 0x91,
    0x40, 0x8D, 0x78, 0xB5, 0x9D, 0x1A, 0x41, 0x5E, 0xC3, 0x4A, 0x85, 0xBC, 0x0E, 0x38, 0xC9, 0x67,
    0x05, 0x0A, 0xEE, 0x27, 0x5D, 0xE4, 0x09, 0x90, 0x77, 0x8E, 0xEE, 0x37, 0x2E, 0x70, 0xF1, 0xFF,
    0xA4, 0x6B, 0x15, 0x8C, 0x3B, 0xE0, 0xCD, 0xDB, 0xDB, 0xC7, 0xC4, 0xF8, 0xBE, 0x8D, 0xC5, 0x6E,
    0x7C, 0xE7, 0xD6, 0x64, 0x02, 0x9F, 0x1E, 0x7A, 0x8A, 0xA6, 0x35, 0x7E, 0x2E, 0x5E, 0x32, 0xAA,
    0x18, 0xC3, 0x85, 0xF0, 0xE6, 0xCB, 0x00, 0x2C, 0x04, 0xC5, 0x44, 0x22, 0x14, 0x13, 0x11, 0x55,
    0xAC, 0x91, 0x2E, 0x41, 0x5F, 0x49, 0x6F, 0x2A, 0xE9, 0xA0, 0x69, 0x25, 0xAA, 0x77, 0x4D, 0xB0,
    0x3B, 0x61, 0x53, 0x68, 0x36, 0x7C, 0xD9, 0xB4, 0x80, 0xAE, 0x12, 0x99, 0x4A, 0x81, 0x71, 0xE7,
    0x4A, 0x20, 0xEE, 0x98, 0xAD, 0x10, 0x15, 0xDC, 0x92, 0xC8, 0x63, 0x94, 0xC6, 0xD1, 0x94, 0x01,
    0xAB, 0x02, 0x22, 0xC0, 0xCB, 0x08, 0x78, 0xFC, 0x2E, 0x7D, 0x96, 0xA3, 0xBE, 0x58, 0x15, 0xEA,
    0xA8, 0xE0, 0x15, 0x4E, 0xB2, 0x02, 0x2C, 0xEF, 0x68, 0x78, 0xC7, 0xBB, 0xBB, 0xFF, 0xD0, 0xEF,
    0x43, 0x86, 0x5A, 0x01, 0x7E, 0xBF, 0x10, 0xFA, 0x3D, 0xC0, 0xE1, 0x09, 0x3A, 0xF5, 0x7B, 0x30,
    0x0A, 0x3B, 0xCC, 0x33, 0x9A, 0x78, 0xDD, 0xEF, 0x3D, 0x41, 0x97, 0xAB, 0x84, 0xD2, 0x11, 0xAC,
    0xBC, 0xAD, 0xDF, 0xCF, 0xC1, 0x1D, 0x40, 0xAD, 0x02, 0x44, 0x87, 0xB1, 0xD4, 0x2A, 0x97, 0x30,
    0x9E, 0xEB, 0x10, 0xF6, 0xB4, 0x52, 0x2B, 0xB2, 0xAA, 0x9F, 0x36, 0x55, 0x23, 0x1A, 0x2F, 0x2F,
    0x25, 0x93, 0xC8, 0x6A, 0xCA, 0x58, 0xCA, 0x68, 0xAA, 0xB5, 0x96, 0xCE, 0x54, 0x33, 0x96, 0xAE,
    0x46, 0xAE, 0xE5, 0x48, 0x17, 0xF3, 0x2E, 0x18, 0x57, 0x76, 0x58, 0x1A, 0x94, 0x4E, 0x97, 0x7B,
    0x77, 0xBE, 0xC8, 0xA8, 0xC8, 0x34, 0x2C, 0x49, 0x57, 0xB5, 0x70, 0x3D, 0xB8, 0x24, 0xBB, 0x9D,
    0x9C, 0x74, 0xC6, 0x4D, 0x8D, 0x7C, 0xFB, 0xA6, 0x8C, 0x34, 0x1B, 0x43, 0x05, 0x8F, 0x5B, 0xA1,
    0xB5, 0xDA, 0xE2, 0xC6, 0x99, 0xE1, 0x6B, 0xF9, 0x36, 0x1D, 0x8B, 0x00, 0x82, 0x22, 0x56, 0x8D,
    0x9D, 0x1E, 0xE7, 0x13, 0xD5, 0x14, 0xF3, 0x9A, 0x61, 0x21, 0x51, 0x5D, 0xF2, 0x03, 0xB9, 0x84,
    0x79, 0x7D, 0x98, 0x93, 0x45, 0x0D, 0xB9, 0xAB, 0x8D, 0xD5, 0xE4, 0x34, 0x4B, 0x23, 0xAB, 0x7A,
    0x3E, 0x9A, 0xA2, 0xC7, 0x1D, 0xF5, 0x68, 0xDA, 0xDD, 0xD8, 0x11, 0x66, 0x6E, 0x26, 0xD0, 0x76,
    0x4E, 0x46, 0x86, 0x65, 0xFD, 0x6A, 0x9C, 0x7C, 0x09, 0x99, 0x7C, 0xE9, 0x77, 0x15, 0x0A, 0xA2,
    0x99, 0xE7, 0x8E, 0xC0, 0x78, 0x56, 0x43, 0x95, 0xA4, 0x42, 0xF2, 0xD2, 0x27, 0x7E, 0xC9, 0x29,
    0x23, 0x4A, 0x26, 0x86, 0x01, 0x6B, 0xC0, 0x09, 0xA4, 0x54, 0x02, 0x61, 0x2B, 0xA6, 0x7C, 0x76,
    0x3C, 0xC9, 0x4E, 0xCF, 0xD3, 0xE1, 0xF4, 0x01, 0x1F, 0x0C, 0x83, 0x31, 0xAF, 0x41, 0xCE, 0xCA,
    0xDA, 0xDF, 0x17, 0xD1, 0x94, 0x52, 0xED, 0xA6, 0x12, 0x9B, 0xC8, 0x6E, 0xD3, 0x3F, 0x23, 0x8A,
    0x43, 0x67, 0xB2, 0x65, 0x7F, 0xAA, 0x64, 0xBE, 0xB8, 0x78, 0x4E, 0x6B, 0xC6, 0xA6, 0x1E, 0x8A,
    0x58, 0x47, 0xA6, 0xFC, 0x18, 0xA5, 0x39, 0xF6, 0xAF, 0xC4, 0xE1, 0x6A, 0x28, 0x2A, 0x28, 0xE3,
    0x2D, 0xC7, 0x1E, 0x65, 0xA6, 0xD0, 0x14, 0x98, 0x12, 0x53, 0x64, 0x52, 0x4A, 0x4E, 0xD1, 0x29,
    0xF6, 0xF5, 0xA5, 0xCE, 0x17, 0x79, 0x4C, 0x1F, 0xEC, 0x9E, 0xD1, 0x0A, 0xAF, 0x71, 0x1A, 0x34,
    0xA6, 0x82, 0x86, 0x91, 0x63, 0xE0, 0xFE, 0x31, 0x2D, 0x8B, 0x12, 0x0B, 0x9D, 0x58, 0x64, 0x57,
    0x3C, 0x0D, 0x0C, 0x44, 0x7D, 0x0A, 0xCC, 0x4B, 0x2A, 0xED, 0x90, 0x73, 0xB6, 0x3F, 0x18, 0xC1,
    0x42, 0x64, 0xA8, 0x4A, 0xB1, 0x1F, 0xCC, 0x69, 0xA3, 0x42, 0xC9, 0x8F, 0x86, 0xC9, 0x5C, 0xC5,
    0x42, 0xDE, 0x04, 0x53, 0x2F, 0xB4, 0x9C, 0xB1, 0x73, 0xC9, 0xFE, 0xD3, 0x4C, 0x25, 0x17, 0x73,
    0x63, 0x29, 0x5D, 0x88, 0x89, 0x19, 0x2A, 0x31, 0xED, 0x86, 0xA5, 0x6A, 0x51, 0x2D, 0x13, 0x55,
    0xA6, 0xDC, 0x41, 0x11, 0x25, 0x11, 0x7A, 0xDB, 0xED, 0x09, 0xBB, 0x40, 0xF5, 0x36, 0xFE, 0x7A,
    0x98, 0xC1, 0x84, 0x35, 0xC8, 0x60, 0xFC, 0xF6, 0xBC, 0xCC, 0x22, 0x9D, 0x4A, 0x3F, 0xC8, 0xA6,
    0x89, 0xB0, 0x69, 0xE6, 0xA9, 0x3A, 0x37, 0xAE, 0x04, 0xD5, 0x7B, 0xD8, 0xB3, 0x44, 0xA6, 0x20,
    0x42, 0x6E, 0x10, 0x35, 0x56, 0x9D, 0xA8, 0x67, 0xDA, 0xF8, 0x39, 0x17, 0xB9, 0x90, 0xB8, 0x5D,
    0x39, 0xF4, 0xD2, 0x8D, 0xDC, 0x78, 0xC6, 0x35, 0x70, 0x05, 0x82, 0x0F, 0x02, 0xD1, 0xA1, 0xEA,
    0x18, 0x3A, 0xD2, 0xDD, 0xED, 0x94, 0xD3, 0xAB, 0x27, 0x47, 0xAB, 0x57, 0xE4, 0x76, 0xB6, 0x51,
    0x99, 0x5A, 0xA1, 0x8B, 0x65, 0x44, 0x3F, 0xB2, 0x1B, 0x1E, 0x89, 0xB0, 0x68, 0x22, 0x1E, 0x79,
    0xE2, 0xF3, 0x33, 0xB7, 0xE2, 0xE1, 0xFA, 0xFC, 0x85, 0xDD, 0xA8, 0x03, 0xA7, 0x9D, 0x08, 0x65,
    0x06, 0x8F, 0x0C, 0x11, 0x0E, 0xEE, 0x82, 0x08, 0x4B, 0xC3, 0xEF, 0xAB, 0x04, 0xE0, 0x20, 0x03,
    0xB4, 0xCC, 0xD7, 0xFF, 0xA8, 0xE9, 0x9E, 0x96, 0xEB, 0x4D, 0x77, 0xBA, 0x85, 0x18, 0xA2, 0x72,
    0x05, 0x97, 0x3D, 0xB1, 0xCB, 0x97, 0x32, 0x96, 0x32, 0xA9, 0x65, 0x12, 0x40, 0x6C, 0x05, 0x03,
    0xA8, 0x01, 0x23, 0x6C, 0x50, 0x3C, 0xD4, 0x74, 0x07, 0x84, 0x47, 0x25, 0x43, 0x25, 0x32, 0x06,
    0x89, 0x56, 0xE4, 0x9B, 0x22, 0xB1, 0x11, 0x79, 0x0D, 0x96, 0xD4, 0xAB, 0x27, 0x54, 0x13, 0xB1,
    0xA5, 0x24, 0x85, 0x10, 0xAD, 0x4C, 0x8A, 0x4E, 0x3A, 0xC5, 0x70, 0xA8, 0xFF, 0x49, 0x73, 0xFD,
    0x62, 0xE5, 0xB9, 0xAD, 0xB5, 0x7C, 0x3E, 0xB1, 0xFE, 0x4C, 0x56, 0x60, 0xD3, 0x3D, 0xD9, 0x66,
    0xD6, 0x84, 0xF3, 0xF7, 0x27, 0xD5, 0x5A, 0x3A, 0x6D, 0xA6, 0xE5, 0x46, 0xBD, 0xEB, 0x55, 0x71,
    0x6C, 0x66, 0x86, 0x84, 0x1B, 0x18, 0x10, 0x81, 0x41, 0xF0, 0xEA, 0x6E, 0x14, 0x25, 0x9E, 0x63,
    0x25, 0xB2, 0xB1, 0x99, 0x54, 0x47, 0x9E, 0x97, 0xC4, 0xED, 0x24, 0x3D, 0x33, 0x5E, 0x06, 0xE6,
    0xBC, 0x4C, 0x44, 0x3F, 0x33, 0xFB, 0xDD, 0x0A, 0x5C, 0x60, 0x1E, 0x75, 0xBB, 0x15, 0xCD, 0xEA,
    0xA1, 0x46, 0x0C, 0x0A, 0xE2, 0x67, 0x01, 0xAA, 0xB1, 0xF5, 0x7A, 0xCF, 0x15, 0x6B, 0x99, 0x72,
    0x3E, 0x98, 0x6A, 0xCB, 0x0C, 0x96, 0xA4, 0x74, 0xF9, 0xFF, 0x42, 0x7C, 0xF8, 0x4B, 0xE8, 0x62,
    0x8F, 0xB2, 0xDC, 0x8D, 0x5C, 0xB7, 0x61, 0x36, 0x03, 0xD2, 0x1C, 0xE3, 0x67, 0x07, 0x03, 0xC2,
    0x7A, 0x6A, 0x39, 0x12, 0x2C, 0x02, 0x72, 0x82, 0x80, 0x0C, 0x82, 0x91, 0x8C, 0x93, 0x81, 0x25,
    0x52, 0x8E, 0xB2, 0x5E, 0x81, 0xE1, 0xD4, 0xC6, 0x44, 0xEA, 0xC3, 0x1B, 0xD2, 0x81, 0x79, 0x46,
    0x7E, 0x4B, 0x54, 0x74, 0x1B, 0xAD, 0xA8, 0x21, 0xBD, 0x4E, 0x06, 0x58, 0xBD, 0x3F, 0x98, 0x9D,
    0x85, 0xB3, 0x91, 0x85, 0x69, 0xDA, 0xA2, 0xC2, 0x93, 0x31, 0x87, 0x19, 0xA3, 0xCA, 0xC6, 0x7F,
    0x51, 0xC0, 0xC4, 0xC8, 0x82, 0x9B, 0xB8, 0xA8, 0x9A, 0x14, 0x7F, 0xCA, 0x04, 0x39, 0x82, 0xE9,
    0xDC, 0x28, 0xE5, 0x64, 0x3E, 0xAD, 0xD5, 0xCE, 0x44, 0xC0, 0x52, 0xB1, 0xBD, 0x87, 0xC9, 0x5C,
    0xCE, 0x0F, 0x05, 0xBC, 0xCD, 0x39, 0xE2, 0xBA, 0xF9, 0xBA, 0x1B, 0x17, 0xCF, 0x59, 0x5D, 0x25,
    0x36, 0x0A, 0x6B, 0x2D, 0x9B, 0xA9, 0x65, 0x82, 0x91, 0x4A, 0x61, 0x39, 0xA2, 0xA0, 0x76, 0x61,
    0x08, 0xCC, 0x8C, 0x88, 0xC1, 0xA0, 0x52, 0x40, 0x24, 0x1B, 0x4F, 0x6A, 0x85, 0xAD, 0x84, 0x0C,
    0xD5, 0x6E, 0x17, 0x75, 0x67, 0x33, 0x2B, 0x68, 0x48, 0x16, 0x87, 0xEC, 0x22, 0x46, 0x21, 0x2A,
    0x84, 0x45, 0xC1, 0x4D, 0x0A, 0x78, 0xA2, 0xF9, 0x7F, 0x85, 0x7E, 0xD1, 0xD5, 0xC7, 0xCC, 0xB2,
    0x12, 0xA6, 0xB3, 0x64, 0x6A, 0x57, 0x0A, 0xDF, 0x5D, 0x2D, 0xB1, 0x1A, 0x03, 0x5E, 0xE4, 0xAC,
    0xD4, 0x22, 0x06, 0x6E, 0x0B, 0x5B, 0x38, 0xFC, 0xC7, 0x18, 0x60, 0xA3, 0x93, 0x5C, 0x70, 0x35,
    0x68, 0x32, 0xB3, 0xB3, 0x4D, 0x92, 0x61, 0x39, 0x50, 0x25, 0x58, 0x6B, 0x59, 0x60, 0xC9, 0x74,
    0x74, 0x62, 0x25, 0x87, 0x13, 0x6B, 0xDA, 0x0A, 0xAB, 0x67, 0x66, 0x67, 0xB8, 0xE9, 0x33, 0x72,
    0x22, 0xB1, 0x07, 0xB3, 0xB0, 0xD2, 0xF5, 0xE5, 0xC1, 0x64, 0x01, 0xF7, 0x3B, 0x5F, 0x02, 0xC3,
    0xDA, 0x88, 0x6E, 0xA5, 0xCC, 0x76, 0x30, 0x39, 0x93, 0x41, 0xAF, 0x30, 0x5B, 0x66, 0x62, 0x66,
    0xD6, 0xCC, 0x2C, 0x57, 0x92, 0x8F, 0x41, 0x73, 0x5C, 0xD7, 0x67, 0xFA, 0x9B, 0x0B, 0xB1, 0x05,
    0x72, 0x46, 0x39, 0x77, 0xD9, 0xE9, 0xC0, 0x52, 0xB8, 0xA0, 0x3D, 0xB0, 0xF9, 0xE1, 0xAE, 0xE8,
    0xFE, 0x51, 0x14, 0xC3, 0x67, 0x89, 0x42, 0x09, 0x4F, 0xFB, 0x49, 0xAD, 0x5E, 0x45, 0x96, 0x18,
    0xBB, 0x16, 0x2C, 0x31, 0x33, 0xD1, 0x8D, 0x26, 0x6F, 0x59, 0x38, 0x59, 0x71, 0x03, 0x55, 0x02,
    0x67, 0xC4, 0xD4, 0x9D, 0x3B, 0x40, 0x8B, 0x48, 0x9C, 0x21, 0x1C, 0xAD, 0xEE, 0x26, 0xB5, 0x9C,
    0xDE, 0xEB, 0x10, 0xB6, 0x77, 0x75, 0x9E, 0x72, 0xC8, 0x3E, 0x91, 0xC9, 0xC9, 0x86, 0x51, 0x63,
    0xBC, 0xB2, 0x51, 0xE9, 0x33, 0xD4, 0x80, 0x0E, 0x0F, 0xBC, 0x01, 0x40, 0x71, 0x65, 0x14, 0x40,
    0x13, 0x6E, 0x4D, 0xF0, 0xE0, 0x2F, 0x5C, 0xDF, 0xA0, 0x7E, 0x9D, 0x20, 0x1B, 0x01, 0x12, 0x57,
    0x9C, 0x31, 0x6A, 0x29, 0x42, 0x54, 0xD7, 0x37, 0x7B, 0x82, 0x0D, 0x1C, 0xD2, 0xC4, 0x8A, 0x3A,
    0xDD, 0xEE, 0x84, 0x4D, 0xC5, 0x6E, 0xE0, 0xDD, 0x45, 0x2D, 0x1C, 0xEE, 0x3E, 0xCF, 0x0D, 0x2A,
    0xB3, 0x5E, 0x1F, 0xCD, 0x59, 0xE2, 0xDA, 0xF5, 0x3B, 0x72, 0x17, 0xE1, 0xC6, 0x65, 0x1D, 0x5B,
    0xBB, 0x97, 0x7B, 0xB8, 0xE3, 0x93, 0x7E, 0x6E, 0x44, 0x83, 0xBC, 0xA2, 0x2A, 0xA5, 0xC2, 0x78,
    0x40, 0x25, 0xAA, 0x4A, 0xBD, 0xA9, 0x2A, 0xB0, 0x65, 0x29, 0x5F, 0x73, 0x33, 0x00, 0xCB, 0x9E,
    0xAB, 0xB2, 0xAA, 0x2A, 0x42, 0x55, 0xDA, 0x47, 0xAB, 0x02, 0x80, 0x2A, 0xED, 0x7F, 0xAA, 0xCA,
    0xDE, 0xBF, 0x53, 0xF6, 0x8D, 0x05, 0x87, 0x97, 0x3C, 0x50, 0x61, 0x99, 0xCC, 0xDC, 0x04, 0x2E,
    0x7A, 0xEF, 0x7C, 0x08, 0xD4, 0x4E, 0x87, 0x48, 0x0E, 0xF6, 0x57, 0x66, 0xA8, 0xC9, 0xF8, 0xFE,
    0x90, 0x28, 0x74, 0x79, 0xBA, 0xCB, 0xC3, 0xDD, 0x7E, 0xC8, 0x55, 0x6E, 0x99, 0x89, 0x87, 0x6C,
    0xF5, 0x0A, 0x43, 0xB3, 0xE4, 0xFB, 0x99, 0x2B, 0xC0, 0x58, 0xFA, 0x60, 0x96, 0x19, 0x18, 0x4E,
    0x99, 0x82, 0x03, 0x8E, 0xC1, 0x5C, 0xCB, 0x18, 0xAE, 0x73, 0xE1, 0x69, 0x8E, 0x82, 0x58, 0x84,
    0x1F, 0x5C, 0x3C, 0x8F, 0x30, 0x63, 0xBD, 0x81, 0x6F, 0x33, 0xE3, 0x2E, 0x99, 0x99, 0xBD, 0x98,
    0x85, 0xBA, 0xD2, 0x09, 0x5A, 0x25, 0xC9, 0x0C, 0x32, 0xB1, 0xA7, 0x48, 0xC6, 0xA9, 0x6C, 0x53,
    0xD2, 0x4E, 0x99, 0xE1, 0xE8, 0xDD, 0x8F, 0xF7, 0xEF, 0x94, 0x33, 0x32, 0x3A, 0xCC, 0x60, 0xEA,
    0x68, 0x47, 0xCC, 0x11, 0xC5, 0x31, 0xB6, 0x95, 0x82, 0xBD, 0xC7, 0x58, 0x0B, 0x4C, 0x1B, 0x4D,
    0xE0, 0xF0, 0x76, 0xBA, 0xBF, 0xC1, 0xD8, 0xFE, 0x7E, 0x7A, 0xFC, 0xD3, 0x82, 0xCA, 0x25, 0xBD,
    0xD6, 0x79, 0xE3, 0x38, 0xC5, 0xC1, 0x76, 0x6E, 0xAE, 0x56, 0xB2, 0x83, 0x9B, 0xEC, 0x4C, 0x39,
    0x07, 0x3F, 0x3A, 0xAE, 0xDB, 0x8C, 0x61, 0xF4, 0x9D, 0xA1, 0x65, 0x65, 0xA0, 0x3A, 0x2A, 0x66,
    0x24, 0xEB, 0x1E, 0xB0, 0x6C, 0x16, 0xB4, 0xCC, 0x6B, 0x52, 0xE6, 0x3C, 0x28, 0x45, 0xC3, 0x10,
    0x56, 0x28, 0xA5, 0x60, 0x68, 0xFA, 0x58, 0xED, 0x46, 0xD8, 0x9E, 0xE7, 0xE4, 0xDF, 0x30, 0xE9,
    0x5D, 0x63, 0xCD, 0x79, 0x0F, 0x67, 0x9E, 0xF6, 0x08, 0x3B, 0x2F, 0xC6, 0xAE, 0xA6, 0xDD, 0xD8,
    0x00, 0x9A, 0x55, 0x53, 0xCA, 0xCA, 0x5C, 0x88, 0xF4, 0x9C, 0xFD, 0x86, 0x8A, 0xE3, 0x1F, 0xAC,
    0x5D, 0xE7, 0x09, 0xF0, 0xD9, 0x63, 0xDC, 0x3F, 0xAF, 0x5E, 0xBD, 0xE6, 0xCB, 0xCA, 0x40, 0xA3,
    0xE8, 0x9D, 0x71, 0x23, 0x9E, 0xE2, 0xFB, 0x12, 0x54, 0x3D, 0xFC, 0x82, 0x01, 0xFF, 0x24, 0xA3,
    0x94, 0xF9, 0xCC, 0x3D, 0xD0, 0x85, 0x4E, 0x0D, 0xEA, 0x12, 0x58, 0x1E, 0x12, 0x49, 0x54, 0x1D,
    0x76, 0x35, 0x1B, 0xBF, 0x79, 0xD0, 0xEE, 0x84, 0x3A, 0x8F, 0x30, 0xB4, 0x92, 0x16, 0x41, 0x0C,
    0xA0, 0x4C, 0xC5, 0xE3, 0x00, 0xA3, 0xCD, 0x95, 0x67, 0x47, 0x26, 0x30, 0x67, 0x9E, 0xFB, 0xD9,
    0x60, 0x99, 0xAE, 0x0F, 0x29, 0x3D, 0xCD, 0xE6, 0xD7, 0x80, 0x3A, 0x5F, 0x92, 0x59, 0xCB, 0x85,
    0x8C, 0x04, 0xC6, 0x69, 0xA5, 0x4A, 0xE4, 0x39, 0xF3, 0x7C, 0xD2, 0xFC, 0xD9, 0xB8, 0xFE, 0x7F,
    0x68, 0x8F, 0x97, 0x0F, 0x79, 0x1A, 0x61, 0x2D, 0x6A, 0x81, 0xEB, 0xD9, 0x09, 0x4F, 0x18, 0xD2,
    0x1A, 0xC0, 0x9E, 0x28, 0xC6, 0x11, 0xB9, 0x60, 0xB1, 0xD3, 0xBA, 0xA7, 0x0D, 0x26, 0xE0, 0xD1,
    0x0E, 0xB0, 0x3A, 0x04, 0xAC, 0x17, 0xA2, 0x9D, 0x39, 0x42, 0x37, 0xD3, 0x31, 0x41, 0x8F, 0x25,
    0x71, 0x38, 0xE6, 0xE7, 0xFE, 0x98, 0xEF, 0x59, 0x33, 0x4A, 0x54, 0x23, 0x3E, 0x06, 0x7A, 0xE0,
    0x3C, 0x07, 0x1E, 0xC7, 0x71, 0x0E, 0x1C, 0x1E, 0xB8, 0xD5, 0x37, 0x1A, 0x7D, 0x69, 0x3D, 0x0C,
    0x8C, 0x40, 0x1E, 0xE5, 0x4C, 0xAC, 0x5C, 0x54, 0x32, 0xF9, 0xCF, 0x68, 0x57, 0x11, 0x8D, 0x47,
    0xE9, 0xC9, 0x95, 0x22, 0x30, 0x9F, 0xBA, 0x14, 0x7A, 0xA0, 0xFC, 0x37, 0x2A, 0xA1, 0x85, 0x9D,
    0x28, 0x6B, 0xE2, 0xBC, 0x72, 0xED, 0x5B, 0xAB, 0x91, 0xA0, 0xF2, 0x7E, 0x65, 0x2D, 0x36, 0x01,
    0xE7, 0x3F, 0x1F, 0xCB, 0xA8, 0x5C, 0xF8, 0x68, 0xAC, 0x17, 0xE5, 0x10, 0xAA, 0x13, 0xB9, 0x7A,
    0x6B, 0x07, 0x0D, 0xF1, 0xBD, 0xDA, 0x5C, 0x0F, 0xAE, 0xDC, 0xAA, 0x3D, 0x14, 0xCA, 0xC5, 0x52,
    0x76, 0xE5, 0xAA, 0xB5, 0x94, 0xA8, 0x75, 0xBD, 0x5E, 0xD0, 0x88, 0xC0, 0x59, 0x44, 0x9A, 0x72,
    0x0D, 0x8C, 0xA6, 0x5C, 0x3B, 0xE9, 0x29, 0x4F, 0xC7, 0x69, 0xA1, 0x53, 0xCE, 0x27, 0xCE, 0x28,
    0x97, 0x24, 0xFB, 0x6B, 0x53, 0x25, 0x77, 0xD5, 0xAA, 0x4B, 0x10, 0x14, 0x4A, 0x2D, 0xFA, 0xCA,
    0x45, 0x8D, 0xAF, 0xF5, 0xA1, 0x44, 0x6E, 0x72, 0x22, 0xB7, 0x22, 0x43, 0x4E, 0x64, 0xC3, 0x64,
    0x91, 0x9C, 0xC8, 0xCC, 0x5F, 0x30, 0x23, 0x99, 0x22, 0x27, 0xF2, 0x29, 0x27, 0x72, 0x79, 0x24,
    0x32, 0x4B, 0x3E, 0x5F, 0x8E, 0x74, 0x60, 0x70, 0x99, 0x33, 0xA6, 0x22, 0xC3, 0x36, 0x7F, 0x9B,
    0xF9, 0xCB, 0xF6, 0x9E, 0xA7, 0x52, 0xFE, 0x8B, 0xF9, 0x1B, 0xCF, 0x99, 0x47, 0x26, 0x72, 0x91,
    0x13, 0xB9, 0xCD, 0x89, 0xEC, 0xC9, 0x5C, 0x4B, 0x64, 0xCE, 0x86, 0x5E, 0xA0, 0xD1, 0x89, 0xB1,
    0x6E, 0x79, 0xF2, 0xE4, 0xE5, 0x4F, 0x82, 0x74, 0x46, 0x10, 0x6A, 0x43, 0xA9, 0x67, 0xC8, 0x63,
    0x05, 0x7D, 0x90, 0xEA, 0x9D, 0x39, 0xC1, 0x54, 0x06, 0xE0, 0x76, 0x42, 0x54, 0xF0, 0x84, 0xA0,
    0x30, 0xC1, 0xBC, 0x65, 0x86, 0x11, 0x50, 0xC9, 0x00, 0xA8, 0xA5, 0x0F, 0xAB, 0xAA, 0x8A, 0x6F,
    0xB6, 0xBB, 0xF1, 0x9B, 0x61, 0x27, 0x83, 0xF0, 0x28, 0x58, 0x4F, 0xE5, 0xA1, 0xAA, 0x57, 0x5B,
    0x6D, 0xF9, 0x3D, 0x14, 0x92, 0x70, 0x67, 0x10, 0x77, 0x79, 0x80, 0xCD, 0x83, 0xD8, 0xD9, 0x8E,
    0x08, 0x6A, 0xD6, 0x8A, 0xDA, 0xF1, 0xEF, 0xA6, 0xB9, 0x70, 0xA0, 0xF7, 0x98, 0x59, 0x72, 0xC6,
    0xA8, 0x67, 0x58, 0x8F, 0xF3, 0x8E, 0x19, 0x0C, 0xDF, 0x61, 0x71, 0x38, 0xCB, 0x5B, 0xE7, 0x3E,
    0x33, 0x1D, 0x3D, 0x83, 0x5B, 0x1D, 0x98, 0x3A, 0x57, 0x56, 0x2B, 0x74, 0x88, 0xDE, 0x1A, 0x2E,
    0x77, 0xCC, 0x33, 0x9D, 0x76, 0xC6, 0x4C, 0xF4, 0x1E, 0x96, 0xD3, 0x5B, 0x4F, 0x14, 0x70, 0x85,
    0xA5, 0xE8, 0x3D, 0x0F, 0x45, 0xE1, 0x34, 0x39, 0x98, 0x57, 0x69, 0x87, 0x7C, 0x7D, 0x5C, 0xEE,
    0xE9, 0xCA, 0xC8, 0xDC, 0xBC, 0x39, 0xF1, 0x8C, 0xA6, 0x4F, 0xF9, 0xB9, 0x95, 0x9E, 0x9B, 0xA7,
    0x01, 0x50, 0x02, 0x64, 0x22, 0x8C, 0x00, 0x1E, 0x90, 0xB2, 0xD9, 0x74, 0xD0, 0xD1, 0x8A, 0x6A,
    0xD8, 0x6E, 0x80, 0xA7, 0xF3, 0x21, 0xEB, 0xC4, 0x15, 0xA0, 0x50, 0x3E, 0xB9, 0x7F, 0xF6, 0xD1,
    0x1B, 0x8F, 0xF5, 0xBF, 0xB0, 0xF1, 0x98, 0xAE, 0xBD, 0xB0, 0x6A, 0x44, 0x10, 0xB4, 0x50, 0x13,
    0x6B, 0xA1, 0x6C, 0x7D, 0xFB, 0xE7, 0x22, 0x5E, 0xDC, 0x94, 0xB1, 0x90, 0x39, 0x51, 0x48, 0x5A,
    0x2E, 0xFA, 0xDA, 0x6A, 0xE2, 0x38, 0x04, 0x31, 0x19, 0xFE, 0x99, 0x72, 0x73, 0x1F, 0x1E, 0x45,
    0x63, 0xA6, 0x45, 0xEF, 0x25, 0xE9, 0x36, 0x38, 0xB4, 0x80, 0xA1, 0x95, 0xBB, 0x1F, 0x87, 0xEE,
    0x88, 0x98, 0x8A, 0x36, 0xA4, 0x41, 0x1B, 0xD9, 0x3B, 0x46, 0xD9, 0xD5, 0x13, 0xDE, 0xBE, 0x55,
    0xE8, 0xAE, 0x9E, 0xF0, 0x3A, 0x34, 0x04, 0x1C, 0xF4, 0x3A, 0x3D, 0xE8, 0x4D, 0x26, 0x28, 0x36,
    0xE3, 0x8C, 0x5F, 0x4E, 0xAB, 0xB9, 0x81, 0x0A, 0xFC, 0xEC, 0xDB, 0x1C, 0xF4, 0x1A, 0x86, 0xDB,
    0xB5, 0x7D, 0x00, 0x81, 0xF1, 0xC6, 0x20, 0x7B, 0xE4, 0xFE, 0xCF, 0x1E, 0x6E, 0xD8, 0x41, 0x2B,
    0xDA, 0xD8, 0x12, 0x50, 0xCA, 0xDE, 0x29, 0xE7, 0x62, 0x7C, 0x91, 0xC4, 0xDA, 0xCD, 0xEA, 0xB9,
    0x68, 0xF4, 0xD0, 0x40, 0x96, 0x2B, 0x35, 0x2B, 0xE8, 0x2F, 0x49, 0x0E, 0x5D, 0x96, 0x3C, 0xC1,
    0x60, 0xBF, 0xF8, 0xEF, 0xC9, 0x9A, 0xCC, 0xE9, 0x27, 0x17, 0x51, 0x74, 0xC6, 0x66, 0x83, 0x5E,
    0x83, 0xDD, 0x5B, 0x42, 0xF2, 0x57, 0x82, 0xCD, 0xA1, 0xD9, 0xD8, 0xE8, 0x96, 0x52, 0xBA, 0x36,
    0xBA, 0x74, 0x8B, 0x71, 0x4B, 0xBB, 0x25, 0xC0, 0x8C, 0xF7, 0x11, 0xA9, 0x91, 0x2D, 0x1A, 0xA8,
    0x05, 0x80, 0x65, 0x76, 0xD7, 0xC5, 0xCF, 0x65, 0x30, 0x5E, 0x63, 0xC7, 0x0A, 0x3B, 0x26, 0xE1,
    0xBD, 0x77, 0xEE, 0xF4, 0x79, 0x6E, 0x4C, 0xCA, 0xD4, 0x7A, 0xA6, 0x13, 0xF5, 0x4B, 0xC0, 0x93,
    0x46, 0xFF, 0xA8, 0xD1, 0xAC, 0x86, 0x69, 0x76, 0x3E, 0xCD, 0x8A, 0xF1, 0x13, 0xC3, 0xE0, 0x78,
    0xC3, 0xF5, 0xBA, 0x30, 0x72, 0xBE, 0xC1, 0x35, 0xE9, 0x6E, 0x58, 0x70, 0x50, 0x74, 0xA2, 0xC0,
    0x14, 0x39, 0xFB, 0x37, 0xDD, 0x03, 0xE3, 0xD1, 0x6A, 0x3B, 0xBF, 0xDF, 0xCE, 0xB4, 0x7C, 0x18,
    0xC2, 0xAC, 0x26, 0xEE, 0x78, 0x18, 0xC8, 0xDD, 0x3A, 0x64, 0x40, 0xAC, 0x21, 0x86, 0xAD, 0x16,
    0xD5, 0x5D, 0x5B, 0x69, 0x2B, 0xF2, 0x0C, 0x1B, 0xA9, 0xA0, 0x8D, 0xBE, 0x33, 0x8F, 0x2E, 0xC7,
    0xB3, 0xA3, 0x04, 0x77, 0x8D, 0xD1, 0xAB, 0xDA, 0x33, 0x13, 0x1F, 0x66, 0xEA, 0x25, 0x33, 0xF3,
    0xC1, 0xD8, 0x29, 0x33, 0x43, 0x3E, 0xA1, 0x4C, 0x6B, 0x25, 0xAB, 0xC1, 0x78, 0x4E, 0x52, 0x80,
    0xC9, 0xE2, 0x45, 0x30, 0xBD, 0xB5, 0xB2, 0xDE, 0x14, 0xE9, 0x21, 0x1E, 0x65, 0xA2, 0xED, 0x3A,
    0x5A, 0x0E, 0xA0, 0xAA, 0x0A, 0x81, 0xC6, 0x63, 0xEB, 0x52, 0x95, 0x6A, 0x56, 0xF7, 0x4A, 0xF6,
    0xC0, 0x0E, 0xAA, 0x4E, 0x07, 0xB0, 0xDE, 0x3E, 0xEA, 0x2C, 0x09, 0xF0, 0x76, 0x67, 0x49, 0x1E,
    0x90, 0x23, 0xD9, 0x11, 0xBC, 0xC8, 0xA0, 0x7E, 0x7F, 0x1A, 0x1F, 0xB6, 0xE0, 0xD7, 0x45, 0xBE,
    0x2C, 0x2A, 0x86, 0x7C, 0x4E, 0xE4, 0x0F, 0x45, 0x45, 0xD9, 0x4E, 0xF8, 0x30, 0x88, 0xF0, 0xE1,
    0x9C, 0xA2, 0x78, 0x6C, 0x85, 0xF0, 0xC1, 0x33, 0x41, 0x64, 0xD4, 0x21, 0x90, 0xA8, 0xEE, 0x51,
    0x24, 0xAB, 0xD8, 0x73, 0xA8, 0x52, 0x84, 0x49, 0x60, 0x97, 0xF4, 0xE1, 0x8C, 0x8C, 0x59, 0x59,
    0x6D, 0x42, 0xA4, 0x72, 0x44, 0x14, 0x4B, 0x22, 0x59, 0x60, 0xA4, 0xBE, 0x8D, 0x22, 0x77, 0x4B,
    0x8A, 0x6E, 0x65, 0x15, 0x72, 0x3C, 0xA2, 0x22, 0x72, 0x5B, 0x41, 0xA4, 0x12, 0x77, 0x2F, 0xD2,
    0x99, 0x13, 0xDB, 0x05, 0x2F, 0x04, 0x64, 0x66, 0xFB, 0x07, 0xAC, 0xF9, 0x09, 0x18, 0xAA, 0xFC,
    0xD1, 0x0D, 0xB5, 0xFF, 0x18, 0x0D, 0xE5, 0xCF, 0x0C, 0xB5, 0x64, 0x43, 0xF1, 0x34, 0xEA, 0x3A,
    0xAB, 0x0A, 0xF1, 0x3A, 0x67, 0x3B, 0x22, 0x34, 0x24, 0x82, 0xDD, 0x1F, 0xB0, 0xDB, 0x25, 0x7B,
    0x8A, 0x0F, 0xD8, 0xE5, 0xC1, 0x17, 0xBE, 0xC0, 0x2E, 0xCE, 0x3D, 0x5D, 0x3E, 0xB0, 0x59, 0x2E,
    0xCF, 0xA5, 0xDD, 0xD7, 0x38, 0x4D, 0x0F, 0xAA, 0x82, 0xEF, 0x08, 0x87, 0x16, 0x74, 0xC3, 0x0D,
    0xBA, 0x00, 0xE6, 0x26, 0xBC, 0x49, 0x79, 0x84, 0x25, 0xEA, 0xF2, 0x88, 0x7F, 0x05, 0x74, 0x61,
    0x53, 0xB3, 0x36, 0x42, 0x93, 0x02, 0xB8, 0x79, 0xB3, 0x80, 0xF3, 0x23, 0xE8, 0x66, 0x83, 0x25,
    0x39, 0xC8, 0xA7, 0x49, 0x62, 0xCE, 0x67, 0x88, 0x0D, 0xE7, 0xF0, 0x96, 0x02, 0x9E, 0x6F, 0xBD,
    0xD9, 0x0C, 0xED, 0xB1, 0x61, 0x8B, 0x67, 0x9C, 0x1E, 0x3A, 0x9C, 0x78, 0x02, 0x99, 0x2B, 0x1E,
    0xA5, 0x87, 0xEF, 0x72, 0xF1, 0xCB, 0x3A, 0x38, 0xE5, 0x58, 0xF5, 0x34, 0x76, 0x58, 0xA0, 0xF3,
    0x24, 0x3A, 0xEB, 0x91, 0xFA, 0x31, 0xAF, 0xB0, 0xC6, 0x67, 0x1D, 0x7B, 0x70, 0x1C, 0x0F, 0x0B,
    0x19, 0x79, 0xBC, 0xBE, 0xE0, 0x36, 0x28, 0xE5, 0x62, 0xA9, 0xDC, 0xA6, 0x5C, 0x6F, 0x18, 0x2F,
    0x5A, 0xED, 0xDB, 0xCC, 0x31, 0x60, 0x6A, 0xE1, 0xDA, 0x7E, 0xB1, 0xC2, 0x70, 0x11, 0x9E, 0x65,
    0x84, 0x34, 0x93, 0x8D, 0xED, 0x4E, 0x67, 0xA1, 0xCF, 0xCC, 0x7C, 0x39, 0x50, 0x1D, 0xDC, 0xDE,
    0x71, 0xC6, 0x79, 0xC8, 0x2E, 0x6A, 0x09, 0x52, 0x36, 0x9D, 0x87, 0x7F, 0x3E, 0x32, 0xD1, 0x7F,
    0x99, 0x52, 0x67, 0xE8, 0xCB, 0x37, 0x21, 0x4A, 0x65, 0x53, 0x2A, 0xA3, 0xEA, 0xB7, 0xF0, 0x2D,
    0x08, 0x5F, 0x82, 0xD0, 0x6B, 0x7C, 0x6F, 0xC0, 0xF7, 0x05, 0x4A, 0x37, 0xBE, 0xFF, 0xE0, 0x3B,
    0x03, 0xBE, 0x32, 0x50, 0xB9, 0x7B, 0xCE, 0xE4, 0x6F, 0xF7, 0xEA, 0xE3, 0xB6, 0xBC, 0xA4, 0x72,
    0xC2, 0xF7, 0x97, 0x85, 0x62, 0xD2, 0xFD, 0x7F, 0x7A, 0x88, 0x6E, 0xBB, 0xBC, 0x3A, 0xE8, 0x05,
    0xB4, 0x71, 0x9C, 0x3A, 0x37, 0x9C, 0x32, 0xAE, 0x1C, 0x08, 0x6A, 0x09, 0x4E, 0x34, 0x28, 0x65,
    0xBC, 0x84, 0x3B, 0xE1, 0xDA, 0x64, 0x1C, 0xD6, 0x42, 0x0F, 0x61, 0xEC, 0x88, 0xDD, 0x98, 0x43,
    0x88, 0x0D, 0x48, 0x53, 0x49, 0x9F, 0xEF, 0x4A, 0x54, 0x2B, 0x33, 0xEE, 0x3A, 0x3C, 0x6C, 0xC9,
    0x27, 0x87, 0xD7, 0x0C, 0x5C, 0x73, 0x07, 0xA0, 0x6E, 0x97, 0x9D, 0xEC, 0x68, 0xF3, 0x69, 0xF5,
    0xAE, 0x33, 0xF1, 0x91, 0xF8, 0xB2, 0x3F, 0xCF, 0x8E, 0x3F, 0xA7, 0x25, 0x39, 0x7D, 0x87, 0xB9,
    0x86, 0xA6, 0xBB, 0x7A, 0xA2, 0x91, 0x43, 0x1B, 0x19, 0xDD, 0x46, 0x65, 0x70, 0x1C, 0x14, 0x2F,
    0xD9, 0xB0, 0x28, 0x0B, 0xEF, 0xD0, 0xA9, 0x74, 0xCB, 0x35, 0x36, 0xEF, 0x52, 0x98, 0x6A, 0x1F,
    0x53, 0x76, 0x47, 0x20, 0x9E, 0xC0, 0xEA, 0xB3, 0xB7, 0x42, 0xD9, 0x48, 0x76, 0x86, 0x41, 0x34,
    0x2A, 0xC1, 0x0A, 0x27, 0x5D, 0x59, 0x0C, 0xBF, 0xBF, 0x42, 0xD6, 0x5A, 0x06, 0x56, 0x2F, 0xC1,
    0x47, 0xB3, 0x02, 0x6E, 0x8A, 0x7C, 0x0D, 0x6D, 0xF3, 0x8E, 0x8B, 0x3F, 0x71, 0xEB, 0x95, 0xED,
    0x0C, 0x27, 0x1C, 0x5E, 0x97, 0xD6, 0xE3, 0xCB, 0x95, 0x22, 0x3C, 0x68, 0xBC, 0x62, 0xE8, 0x30,
    0x4D, 0xB9, 0x55, 0x53, 0x25, 0x91, 0xFC, 0x7B, 0x2B, 0xAD, 0xD2, 0xB5, 0x96, 0x66, 0xC5, 0x1A,
    0x68, 0x2F, 0x8B, 0x33, 0xDF, 0xAD, 0x54, 0x32, 0x28, 0x96, 0x72, 0xF7, 0xB6, 0x3A, 0x98, 0xB2,
    0x69, 0x2C, 0xAD, 0x0C, 0x0D, 0x59, 0x38, 0xDA, 0x31, 0xFC, 0xDD, 0x48, 0x14, 0x8E, 0x78, 0x85,
    0x30, 0x15, 0xAA, 0x9D, 0x69, 0xD0, 0x44, 0x4D, 0x84, 0xDF, 0x95, 0x59, 0x31, 0x08, 0x8F, 0xA1,
    0x44, 0x7A, 0x8F, 0x08, 0x95, 0xDD, 0xF0, 0x48, 0x60, 0x29, 0xB0, 0xCE, 0xD9, 0x39, 0xD2, 0xBB,
    0xB8, 0x75, 0xF9, 0xAA, 0x60, 0xC9, 0xFB, 0xF8, 0xCA, 0xF1, 0x73, 0xC1, 0x44, 0x93, 0x46, 0x6E,
    0x85, 0x1E, 0xED, 0x82, 0xE6, 0xE1, 0x66, 0xD3, 0xAC, 0xA0, 0xC9, 0xAC, 0x61, 0x4A, 0x0C, 0x96,
    0xF6, 0xBA, 0x60, 0x98, 0xB0, 0x9C, 0x8C, 0x88, 0x0E, 0x84, 0x13, 0xA8, 0x0B, 0x2F, 0x76, 0x32,
    0x6F, 0xE1, 0x1B, 0x43, 0x90, 0x35, 0x60, 0x2F, 0x3C, 0x07, 0x31, 0x2E, 0x31, 0x9A, 0x76, 0x0E,
    0xE7, 0xF1, 0x67, 0x82, 0x40, 0x8C, 0x41, 0x0D, 0x3D, 0x6A, 0x76, 0x25, 0xCA, 0x23, 0x54, 0x0F,
    0xBB, 0x17, 0xFA, 0x8B, 0x9D, 0x1A, 0x04, 0x42, 0xA8, 0x41, 0x40, 0xA5, 0xA7, 0x31, 0x60, 0xCA,
    0xAD, 0xBE, 0x8B, 0xD1, 0x0D, 0xD3, 0x92, 0xFD, 0x21, 0x02, 0x8A, 0x5E, 0x6E, 0xA5, 0x0F, 0x0B,
    0x62, 0xD6, 0x25, 0x1A, 0x59, 0xAC, 0xA0, 0x51, 0x98, 0x95, 0x52, 0x91, 0x4B, 0x75, 0x26, 0x50,
    0xD5, 0x08, 0x35, 0xC5, 0xCF, 0x95, 0x20, 0x02, 0x3D, 0xB3, 0x7C, 0x61, 0xBA, 0xC0, 0x60, 0xDB,
    0xD9, 0xC1, 0x72, 0x01, 0x08, 0xBB, 0x86, 0xD6, 0xC0, 0xD1, 0x0A, 0xFB, 0x94, 0x72, 0x4B, 0x42,
    0xE2, 0xFD, 0xD8, 0x60, 0x67, 0x23, 0x7D, 0x3B, 0x55, 0x62, 0xDC, 0x3F, 0xC9, 0xCA, 0x94, 0x47,
    0x00, 0x0D, 0xE1, 0x6B, 0xC9, 0x7A, 0xB0, 0x5C, 0x26, 0x45, 0x12, 0x76, 0x2C, 0x25, 0x89, 0xD8,
    0x68, 0xD9, 0x59, 0x38, 0xB0, 0x95, 0xBA, 0xDE, 0x7B, 0x2E, 0x3D, 0x56, 0x6B, 0x0A, 0xC8, 0xA6,
    0x49, 0x94, 0x82, 0xE0, 0xCF, 0xA5, 0xAB, 0x93, 0xC0, 0x5D, 0xD9, 0x25, 0x62, 0x18, 0x72, 0x7C,
    0x3B, 0x82, 0x34, 0x81, 0xC4, 0xF0, 0x7E, 0x95, 0x33, 0x0B, 0x46, 0x78, 0x12, 0x1A, 0x7F, 0x26,
    0x69, 0x78, 0x4A, 0x0B, 0x6D, 0x29, 0x08, 0xF3, 0x6A, 0x43, 0x5E, 0x4D, 0x95, 0xBB, 0xA5, 0xEF,
    0xE2, 0x36, 0x0D, 0xF8, 0xAE, 0x80, 0xCC, 0xC5, 0x8A, 0x34, 0xEB, 0x59, 0x90, 0xF3, 0xBC, 0x90,
    0x8F, 0xB9, 0x12, 0xB9, 0xF5, 0x09, 0x64, 0x9F, 0xE8, 0x03, 0x23, 0xEE, 0x88, 0x88, 0xA3, 0x58,
    0x6F, 0xC9, 0x71, 0xE8, 0x23, 0xAB, 0x83, 0xF9, 0x11, 0x46, 0xB3, 0x87, 0xD9, 0xC3, 0x94, 0xAC,
    0x2E, 0xA3, 0x09, 0x43, 0x22, 0x92, 0x48, 0x52, 0x41, 0x5F, 0x15, 0x87, 0xD9, 0x46, 0xE3, 0x37,
    0x38, 0xEF, 0xF0, 0x66, 0xA7, 0x0A, 0x65, 0x43, 0x14, 0xF8, 0xE3, 0x51, 0x14, 0x0F, 0x57, 0x8C,
    0xC1, 0x4F, 0xC3, 0xCB, 0xAD, 0x10, 0x53, 0x27, 0x21, 0x8D, 0xC5, 0x99, 0x75, 0x3B, 0x21, 0x74,
    0xC7, 0xB4, 0x9E, 0x7F, 0x0D, 0x7E, 0x7D, 0x0B, 0xBA, 0xC0, 0x10, 0xB2, 0xB1, 0x77, 0xBE, 0x1F,
    0x24, 0x26, 0x87, 0xD7, 0x11, 0x9E, 0xC1, 0x6A, 0xEC, 0xDD, 0xC8, 0x4E, 0xA8, 0xF7, 0xA4, 0xAE,
    0xF6, 0x84, 0xDA, 0x9E, 0xB3, 0x80, 0x4E, 0x6D, 0x5E, 0x86, 0x76, 0xA8, 0x91, 0x70, 0x32, 0xE2,
    0x10, 0x62, 0x2E, 0xB1, 0x1D, 0xEC, 0x83, 0x4C, 0xD5, 0xE2, 0x67, 0xFF, 0xB4, 0x9C, 0x86, 0x72,
    0x68, 0x67, 0x29, 0x39, 0x77, 0x7F, 0x5F, 0xEA, 0x59, 0x99, 0xFB, 0x7B, 0x33, 0x29, 0x23, 0x9B,
    0x1F, 0x0E, 0x46, 0x94, 0x69, 0xEF, 0x1F, 0xFB, 0x3A, 0xF7, 0xAD, 0x83, 0xF1, 0x5F, 0x96, 0xA0,
    0x8C, 0xD4, 0x51, 0x99, 0xD3, 0x66, 0x97, 0x30, 0xBC, 0xCF, 0x7C, 0xA8, 0x5E, 0xED, 0x1C, 0xBE,
    0x19, 0x8C, 0x97, 0xB9, 0x99, 0x90, 0xE3, 0x21, 0x89, 0x33, 0x3A, 0x59, 0x13, 0x63, 0x20, 0xCE,
    0xA4, 0x63, 0x5C, 0x87, 0x03, 0x97, 0x1B, 0x90, 0x5E, 0x8F, 0x2F, 0xC0, 0xD2, 0x86, 0x2D, 0xAC,
    0x19, 0xE0, 0x4E, 0xF9, 0x23, 0xF8, 0xD4, 0x84, 0xD1, 0x8C, 0xDC, 0xDB, 0x63, 0xA1, 0x13, 0xCA,
    0xF6, 0x2B, 0x11, 0x31, 0x33, 0x83, 0x20, 0x96, 0x3E, 0x2E, 0xDC, 0x5B, 0xC2, 0xEA, 0x7D, 0x9D,
    0x48, 0xD7, 0x0E, 0xBA, 0xBB, 0x6E, 0x76, 0xD8, 0x6C, 0xE5, 0x71, 0x45, 0x25, 0x7B, 0x0E, 0x1E,
    0xBD, 0x34, 0x8D, 0xC6, 0x56, 0x0B, 0x93, 0xD3, 0xF3, 0xDF, 0x0F, 0x86, 0x19, 0x35, 0xD2, 0xC3,
    0xC7, 0x69, 0x59, 0x50, 0x19, 0xAA, 0x1D, 0xB4, 0xDE, 0xF0, 0x6C, 0x1B, 0xB1, 0x4C, 0x83, 0x02,
    0xA4, 0x3B, 0xA7, 0x1D, 0x4D, 0x39, 0xFD, 0x97, 0x2C, 0x7A, 0x86, 0x31, 0x27, 0x5A, 0xBF, 0x35,
    0xFF, 0x8A, 0x8D, 0xED, 0x57, 0xEE, 0xAD, 0x8D, 0x48, 0x23, 0x8B, 0x95, 0xCD, 0xE2, 0x58, 0x73,
    0xB6, 0x3A, 0x29, 0x57, 0x9B, 0xBA, 0x8D, 0x42, 0xF0, 0xBA, 0xA9, 0x6F, 0x91, 0x6C, 0xA2, 0x29,
    0x26, 0x74, 0xF4, 0x7C, 0x01, 0x8A, 0xFC, 0x19, 0xBC, 0x73, 0xB4, 0x3C, 0x16, 0x93, 0xE3, 0x57,
    0xA2, 0x3F, 0x3D, 0xF2, 0x3F, 0x71, 0x53, 0xFA, 0x72, 0xF3, 0x32, 0x34, 0x12, 0x64, 0x08, 0x72,
    0x4B, 0x5E, 0x45, 0x3D, 0xFF, 0xDC, 0xFE, 0x98, 0x11, 0xBB, 0xA4, 0x05, 0xDB, 0xC1, 0x9C, 0x76,
    0x8F, 0x0A, 0xB8, 0x27, 0x22, 0x6C, 0xA8, 0x1D, 0x5F, 0x7B, 0xDA, 0xE8, 0x87, 0x44, 0xDC, 0x64,
    0x9A, 0xB5, 0x9D, 0x7F, 0xB1, 0x4D, 0x29, 0xF8, 0x82, 0xC3, 0x72, 0x6E, 0xA9, 0x24, 0xBA, 0xA4,
    0x09, 0xB2, 0x50, 0x7A, 0xC6, 0x39, 0x29, 0x33, 0x9E, 0xE7, 0xED, 0xE6, 0xC4, 0xC3, 0x98, 0x1D,
    0xE9, 0x6E, 0x67, 0x97, 0x68, 0x33, 0xA2, 0x76, 0xBB, 0x21, 0x8C, 0x89, 0x76, 0xDA, 0x6E, 0x0C,
    0xA8, 0x14, 0x28, 0xD4, 0x9B, 0x86, 0x4E, 0x2C, 0x45, 0x5F, 0x07, 0xA0, 0x28, 0x2E, 0xF5, 0x86,
    0x5B, 0xED, 0xF6, 0xD8, 0x87, 0xFD, 0x68, 0xB7, 0xCF, 0x38, 0x19, 0xB0, 0xBE, 0x74, 0x56, 0xA2,
    0xDB, 0xF1, 0xDA, 0xB6, 0x5D, 0xD0, 0x18, 0x8B, 0x8E, 0x41, 0x9A, 0x1D, 0xA6, 0xC7, 0xB9, 0x83,
    0x9E, 0xF3, 0xB7, 0x8A, 0x9B, 0xF1, 0x58, 0x01, 0xCA, 0x23, 0x14, 0x77, 0x39, 0x6D, 0x09, 0x8B,
    0x4D, 0xCA, 0x7F, 0xDB, 0xB1, 0xA6, 0xD4, 0xDF, 0xC2, 0xE4, 0xB7, 0xCA, 0x47, 0x5F, 0x8F, 0x09,
    0x97, 0x70, 0xFB, 0x73, 0xC0, 0x39, 0x84, 0x1A, 0x91, 0x3C, 0x87, 0xBD, 0x46, 0xB5, 0x98, 0x7D,
    0xB4, 0xA8, 0xE4, 0xD3, 0x81, 0xA3, 0x5F, 0xEC, 0xAC, 0x2F, 0xB8, 0xE7, 0x66, 0xFE, 0x9B, 0x0F,
    0xB8, 0xDE, 0x4F, 0xCD, 0xBF, 0xCE, 0x8E, 0x69, 0x34, 0xFB, 0xDD, 0xB8, 0xBE, 0xD5, 0xAE, 0xE5,
    0xBA, 0x46, 0x3A, 0x37, 0x27, 0x13, 0xD9, 0x95, 0x9D, 0x0B, 0x22, 0x53, 0x58, 0x24, 0x52, 0xE7,
    0xF5, 0xAD, 0x86, 0x36, 0xDF, 0xEE, 0x96, 0x0C, 0x47, 0x64, 0x28, 0xAD, 0x77, 0x8D, 0x8C, 0x0D,
    0x91, 0x61, 0x11, 0x19, 0x22, 0xA4, 0x6B, 0x1E, 0x52, 0xF7, 0x0B, 0x3F, 0xEB, 0x24, 0x8A, 0xF8,
    0x40, 0x23, 0x6A, 0x50, 0x94, 0xFA, 0x76, 0x35, 0xF2, 0x9D, 0x09, 0xE3, 0x98, 0xCE, 0x7D, 0x22,
    0x83, 0x52, 0xE3, 0x47, 0x9E, 0x96, 0x50, 0x10, 0xD6, 0x42, 0xD8, 0x19, 0x4E, 0xF7, 0x82, 0x0D,
    0xE5, 0x3D, 0x41, 0x9C, 0x26, 0xE5, 0x36, 0xE4, 0x28, 0x3A, 0x9F, 0x5B, 0x40, 0xD0, 0xC0, 0x3D,
    0x88, 0xF6, 0x3E, 0x99, 0x8C, 0x9F, 0x51, 0x7E, 0xA7, 0xC4, 0xC9, 0x20, 0x13, 0x34, 0x98, 0x6B,
    0x31, 0x7E, 0x83, 0xCA, 0x22, 0x33, 0x9F, 0xC9, 0x96, 0x97, 0x5F, 0xA5, 0x76, 0x49, 0x63, 0x88,
    0xE6, 0xE5, 0x55, 0xD4, 0x1E, 0x6C, 0x84, 0xCD, 0x2D, 0xF9, 0x06, 0x87, 0xD8, 0x8F, 0x80, 0x6E,
    0x15, 0x34, 0x86, 0xEF, 0x4F, 0x32, 0xA9, 0xC6, 0x83, 0xD2, 0xBE, 0xC9, 0x23, 0x45, 0x5A, 0xC3,
    0x5D, 0xD7, 0x78, 0x54, 0x8D, 0xDF, 0x18, 0x5D, 0xA2, 0x32, 0xBA, 0xE5, 0x51, 0x1A, 0x43, 0x67,
    0x44, 0x4D, 0xBA, 0x2D, 0xA4, 0xB2, 0x8F, 0x6F, 0x7F, 0x5E, 0xA2, 0xB9, 0x23, 0x41, 0x36, 0xC4,
    0x88, 0xC5, 0xF2, 0x6B, 0xBD, 0xE3, 0x5D, 0x46, 0xBD, 0x63, 0x79, 0xA5, 0x70, 0x41, 0x25, 0x58,
    0xAF, 0xDA, 0x41, 0x93, 0x7C, 0xED, 0x0A, 0x06, 0x42, 0x24, 0x7D, 0x74, 0xC6, 0x91, 0x31, 0xC9,
    0x57, 0xEA, 0xA4, 0x7B, 0x9B, 0xC7, 0x45, 0xD8, 0xDA, 0x89, 0x36, 0xDD, 0xB7, 0x50, 0x00, 0x65,
    0x44, 0xA0, 0xCA, 0x70, 0xB6, 0x01, 0xE9, 0x95, 0xC2, 0x3C, 0x95, 0x4E, 0x29, 0x4E, 0x63, 0xD4,
    0x2B, 0xBD, 0x75, 0xE7, 0xE5, 0x2C, 0x71, 0x11, 0x56, 0xF4, 0x2B, 0xFD, 0x6F, 0x91, 0x3D, 0x2D,
    0xF2, 0x77, 0x49, 0xAE, 0x27, 0x93, 0x00, 0x30, 0x09, 0xA4, 0x30, 0x1E, 0xCB, 0x4C, 0xFC, 0x13,
    0xFE, 0x3D, 0x91, 0x96, 0x5E, 0xC2, 0xFA, 0xD4, 0x0A, 0x21, 0xD0, 0x9F, 0x1A, 0x3D, 0xEB, 0x5E,
    0x72, 0x2B, 0xD4, 0xD6, 0x74, 0x53, 0xBA, 0x76, 0x4E, 0x22, 0xC0, 0x27, 0xAB, 0x95, 0x01, 0x5E,
    0x89, 0x5E, 0xC6, 0x5B, 0xF2, 0x17, 0xB2, 0x09, 0xBC, 0x1B, 0x3E, 0x2A, 0xC9, 0xE9, 0x85, 0x44,
    0x2B, 0x63, 0x18, 0x0B, 0x94, 0x9D, 0x4E, 0x86, 0x93, 0x8E, 0xF2, 0x7A, 0xDA, 0xD4, 0xC6, 0x42,
    0x8F, 0x19, 0xDC, 0x7A, 0xC2, 0xF3, 0x0D, 0xEA, 0x03, 0xB6, 0xBD, 0x1E, 0x98, 0x2C, 0x17, 0x46,
    0x5A, 0x4D, 0x2B, 0x1D, 0x8F, 0x5F, 0xE3, 0x93, 0xED, 0xAA, 0x35, 0xEF, 0xD3, 0x7A, 0xF2, 0xDA,
    0xA0, 0xA8, 0xA0, 0xFA, 0xC9, 0xEA, 0xF4, 0x26, 0x99, 0xFC, 0x58, 0x6E, 0xE9, 0x21, 0x8C, 0x9C,
    0xF3, 0x0C, 0xBF, 0x3D, 0xC1, 0x60, 0x25, 0x47, 0xE8, 0x4A, 0x22, 0x36, 0xA2, 0x37, 0x53, 0xD3,
    0x49, 0x80, 0xC5, 0x60, 0xD8, 0x7A, 0x57, 0xA8, 0x44, 0xA1, 0x4C, 0xD0, 0x01, 0x0A, 0xB6, 0xA2,
    0x13, 0x0F, 0x19, 0xCB, 0xA8, 0x50, 0x01, 0x8C, 0xD8, 0x59, 0xE1, 0x13, 0x93, 0x82, 0x1F, 0x14,
    0x42, 0xA7, 0xB0, 0x1B, 0x85, 0x48, 0x58, 0xAE, 0x1C, 0xE2, 0xF7, 0x80, 0xFC, 0x03, 0x15, 0x7C,
    0xE3, 0xFF, 0x9B, 0x56, 0xDB, 0xC2, 0xBF, 0xC8, 0x90, 0xFD, 0x09, 0x58, 0x09, 0x23, 0x00, 0x13,
    0x27, 0xAF, 0x5C, 0x0A, 0xDA, 0x9D, 0x4F, 0xD3, 0xC7, 0x71, 0x80, 0x35, 0x76, 0xF1, 0xF8, 0x57,
    0x3B, 0xBD, 0x5B, 0x6F, 0x55, 0x89, 0x8C, 0x27, 0x48, 0x4F, 0xE8, 0xF8, 0x6B, 0x94, 0x7F, 0xC6,
    0x43, 0x25, 0xCF, 0xBD, 0xBA, 0xA5, 0xB9, 0x2F, 0x01, 0x21, 0xFB, 0xD9, 0xBD, 0x86, 0x0B, 0xCA,
    0xAD, 0x44, 0xE2, 0x95, 0xB1, 0x40, 0x5A, 0x54, 0x70, 0x81, 0x9F, 0x14, 0xC2, 0x58, 0x03, 0x64,
    0xA8, 0xD7, 0x02, 0x60, 0xE1, 0x0E, 0x19, 0xED, 0x82, 0x51, 0x6A, 0xB2, 0x48, 0x02, 0x14, 0x38,
    0x14, 0x82, 0xD8, 0xCC, 0xFA, 0x22, 0x3D, 0xDC, 0xE7, 0x1E, 0x99, 0xBB, 0x46, 0x2C, 0x87, 0x4A,
    0x76, 0xCF, 0x5C, 0x17, 0x33, 0x74, 0x1A, 0x62, 0x02, 0xFE, 0x97, 0x79, 0x6C, 0xE3, 0xBE, 0x1B,
    0x01, 0x5E, 0xB8, 0x3F, 0x51, 0x4D, 0x91, 0x4E, 0x67, 0x57, 0xB3, 0xA4, 0x4F, 0x21, 0xD1, 0x84,
    0x58, 0xE2, 0x58, 0x2C, 0x51, 0x41, 0xD4, 0x96, 0x62, 0x97, 0xDF, 0x4E, 0xAA, 0xBD, 0x82, 0x7B,
    0x68, 0xD7, 0x2B, 0x5B, 0xDE, 0xE5, 0xC1, 0xFB, 0x03, 0x1F, 0xB3, 0xE3, 0xD8, 0xD9, 0x4C, 0xFD,
    0x7D, 0xE9, 0xCC, 0x87, 0xFD, 0x37, 0x65, 0xC0, 0x9A, 0xF2, 0xD6, 0xE4, 0x05, 0x85, 0xC2, 0xA3,
    0x39, 0x0C, 0xFC, 0x99, 0xC0, 0x0D, 0xD4, 0xA9, 0x1F, 0x53, 0xFB, 0x8E, 0xD7, 0xDA, 0xF7, 0xC2,
    0xF6, 0xFD, 0xB7, 0x68, 0xDF, 0x3F, 0x88, 0x67, 0xED, 0x7B, 0xC6, 0xE7, 0x7E, 0x7A, 0x6C, 0x5F,
    0x7F, 0x67, 0x4A, 0x4D, 0xA2, 0xE0, 0xC0, 0x67, 0xAF, 0xD1, 0x66, 0x3A, 0xAB, 0x1B, 0xE7, 0x9B,
    0x4D, 0xA4, 0xF0, 0x49, 0x8C, 0x97, 0x3E, 0x39, 0x2B, 0x68, 0xAD, 0xBA, 0xA5, 0xED, 0xA2, 0x10,
    0x94, 0xA5, 0x13, 0xCA, 0x26, 0xE4, 0x71, 0xA4, 0x33, 0xA8, 0x24, 0x2A, 0x98, 0xEC, 0x79, 0xE2,
    0x71, 0x62, 0xF0, 0x84, 0x05, 0x14, 0xDA, 0xE8, 0x22, 0x2F, 0x2A, 0xFD, 0x7C, 0xAF, 0x46, 0x24,
    0x35, 0xA0, 0x4C, 0x9C, 0x31, 0xF7, 0xFD, 0xF3, 0x66, 0x96, 0xC2, 0xB5, 0xE5, 0x18, 0x3E, 0x3A,
    0x99, 0x2A, 0xE4, 0xE1, 0x07, 0xC3, 0x04, 0x33, 0xC0, 0xA0, 0x36, 0xA2, 0xD9, 0x87, 0x81, 0xC8,
    0x60, 0x43, 0x30, 0x37, 0xC8, 0xF9, 0x02, 0x5D, 0xB2, 0xDA, 0x21, 0xAF, 0xC3, 0x1D, 0xFA, 0x10,
    0xAB, 0x96, 0x94, 0xA1, 0x45, 0xCD, 0x3D, 0xE9, 0xE9, 0x85, 0x8D, 0x95, 0xF4, 0x02, 0x6C, 0xE4,
    0x99, 0xFB, 0xEB, 0x07, 0xEC, 0xEA, 0xA5, 0xFE, 0xCE, 0x16, 0x31, 0x10, 0xCB, 0x3F, 0xA0, 0x4A,
    0x2D, 0x22, 0x15, 0xEC, 0x3A, 0x4A, 0xAC, 0x04, 0xB5, 0xC7, 0x8F, 0xE5, 0xAE, 0xFB, 0x46, 0x90,
    0xFF, 0xA6, 0xBC, 0xFD, 0x21, 0xAF, 0xF9, 0xD1, 0xE4, 0x8D, 0x0F, 0xCB, 0xFB, 0x7B, 0x2A, 0xEF,
    0x77, 0xD7, 0x2C, 0xEF, 0xAA, 0xF2, 0xD6, 0x59, 0xDE, 0x7D, 0xA6, 0xBC, 0xDF, 0x9F, 0x29, 0xEF,
    0x47, 0x66, 0x4A, 0x5B, 0x2D, 0x57, 0xB1, 0x56, 0xCC, 0xB1, 0x81, 0x90, 0x04, 0x85, 0x50, 0x8A,
    0xD9, 0x31, 0x75, 0x7E, 0x71, 0x39, 0x38, 0x70, 0xE1, 0xCE, 0x5F, 0x6D, 0x66, 0xC7, 0x4D, 0x62,
    0x7C, 0xD2, 0xEC, 0xC5, 0x64, 0x96, 0x5F, 0xA8, 0xEF, 0x7E, 0x8A, 0xEF, 0x9D, 0xD9, 0xB7, 0xC3,
    0x9B, 0x61, 0x31, 0xD2, 0x35, 0x6B, 0x21, 0xC6, 0xAE, 0xA7, 0x4C, 0xA0, 0x7A, 0x3B, 0x17, 0xF2,
    0x6A, 0x5A, 0x49, 0x38, 0x2E, 0xE8, 0xDE, 0x75, 0xCA, 0x81, 0x98, 0x33, 0x67, 0xE2, 0x2B, 0x24,
    0x99, 0xB5, 0x0E, 0x3B, 0xC5, 0xCD, 0x24, 0xAB, 0xF2, 0x7D, 0x9D, 0x1F, 0x89, 0x61, 0xE0, 0x9E,
    0x5C, 0x06, 0x4D, 0xDA, 0x42, 0xFE, 0xE0, 0x8B, 0x88, 0x50, 0x44, 0xA2, 0xC6, 0x28, 0x64, 0x56,
    0xFC, 0x4B, 0x19, 0xFD, 0x64, 0x60, 0x95, 0x29, 0x8C, 0x78, 0xB4, 0x9B, 0x70, 0x66, 0x1E, 0x1F,
    0xE0, 0x57, 0xE5, 0x45, 0x60, 0x78, 0x35, 0xC5, 0x6A, 0x25, 0x95, 0x3C, 0x23, 0x68, 0x47, 0xB2,
    0x9F, 0x04, 0x5E, 0x92, 0x24, 0xF9, 0xC6, 0x39, 0x1D, 0xB2, 0x15, 0xCF, 0xD2, 0x38, 0x59, 0x58,
    0x4A, 0x0A, 0x31, 0x29, 0x23, 0x04, 0xA4, 0x74, 0x10, 0x8D, 0x72, 0x41, 0xA8, 0x4E, 0x33, 0x05,
    0xE2, 0x20, 0x4C, 0xDC, 0x0C, 0x1D, 0xE7, 0xB4, 0x2A, 0x89, 0x6E, 0x03, 0xC7, 0x3A, 0x2D, 0x3D,
    0x94, 0xC2, 0x65, 0x57, 0x83, 0x94, 0xE4, 0x82, 0x89, 0x9E, 0x6D, 0xA1, 0xCC, 0xB1, 0x85, 0xFA,
    0x53, 0x19, 0x4F, 0xAB, 0x09, 0x53, 0x31, 0x41, 0xE3, 0x0E, 0xC4, 0x80, 0x9C, 0xEE, 0x84, 0x99,
    0xEF, 0x74, 0x6B, 0x90, 0x9B, 0x2F, 0x67, 0xB9, 0xB4, 0xDA, 0x20, 0x3D, 0xDB, 0x1E, 0x55, 0xE6,
    0xEA, 0x6E, 0xBF, 0xCA, 0xBB, 0xFD, 0x1C, 0x00, 0x88, 0x70, 0x7D, 0xB3, 0xE8, 0x31, 0xA8, 0xC9,
    0xC2, 0xF3, 0x1D, 0x89, 0xE6, 0x96, 0xBE, 0xF7, 0xD6, 0xDA, 0xD5, 0xAE, 0xB5, 0x00, 0x3D, 0x23,
    0xBA, 0x87, 0xF8, 0x49, 0xCE, 0xA7, 0x05, 0x0B, 0x94, 0xF2, 0x25, 0x31, 0x8A, 0x02, 0x02, 0x91,
    0x76, 0xFE, 0x16, 0xE9, 0x95, 0x1D, 0x8E, 0xB0, 0x1B, 0xFB, 0xBA, 0x8D, 0x09, 0x1B, 0x1C, 0x85,
    0x56, 0xEA, 0xBB, 0x76, 0x2D, 0xA5, 0x93, 0x31, 0x09, 0xC8, 0x33, 0x63, 0xB4, 0x76, 0xD9, 0x55,
    0x35, 0x9A, 0x65, 0x34, 0x2D, 0x3B, 0x18, 0x8D, 0x93, 0x27, 0xC4, 0xA7, 0xA0, 0x86, 0x81, 0xE3,
    0x75, 0xC9, 0xCE, 0xD8, 0xFD, 0x37, 0x04, 0x51, 0x52, 0x0A, 0x6E, 0x2E, 0xF1, 0x88, 0xA9, 0xDA,
    0xC0, 0xD7, 0x31, 0xD1, 0xC5, 0xC2, 0x9E, 0xFB, 0x2B, 0x4B, 0x3E, 0xFA, 0x2D, 0x49, 0x37, 0x18,
    0xD2, 0x2E, 0x0E, 0xCE, 0x9D, 0xDC, 0x38, 0xFC, 0x6A, 0x18, 0xFC, 0x1B, 0x53, 0x90, 0x2E, 0xC8,
    0x28, 0x82, 0x12, 0x89, 0xE6, 0x82, 0x80, 0xC2, 0x07, 0x75, 0x1F, 0x22, 0x40, 0xA0, 0x72, 0xCA,
    0xA9, 0x65, 0x23, 0x38, 0xD6, 0xBB, 0x2E, 0x07, 0x84, 0x96, 0xE0, 0x12, 0x1C, 0xAF, 0xFF, 0xF5,
    0xF3, 0x84, 0xD3, 0x54, 0x0F, 0xC6, 0xAE, 0x6A, 0x63, 0x9F, 0xC8, 0xEC, 0x47, 0x6C, 0xAC, 0x68,
    0xCB, 0x9F, 0x94, 0x54, 0x2C, 0xAA, 0x61, 0xCB, 0xBB, 0x48, 0xAC, 0x58, 0x7C, 0x62, 0xA3, 0x11,
    0xD3, 0x68, 0xC6, 0x9F, 0x49, 0xCA, 0xF4, 0x78, 0xD8, 0xEF, 0xF4, 0x0C, 0x72, 0x25, 0x7E, 0x7A,
    0xEF, 0x4B, 0xC6, 0x0F, 0x08, 0xCC, 0x34, 0x72, 0x1A, 0xCC, 0x9B, 0x46, 0xFC, 0x2B, 0x7B, 0x21,
    0x5B, 0x2D, 0x27, 0x59, 0x2A, 0x29, 0x65, 0x06, 0x19, 0x90, 0xD4, 0x7D, 0x25, 0x35, 0xA6, 0x4A,
    0xAB, 0x04, 0xC1, 0xA7, 0x91, 0xD7, 0x80, 0xB4, 0x29, 0xF6, 0xAE, 0x1E, 0x10, 0xA5, 0x4F, 0x4E,
    0xE2, 0x9E, 0xF3, 0xD9, 0x4B, 0x29, 0x70, 0x4E, 0x6B, 0xB3, 0x32, 0x48, 0x2A, 0x06, 0xD9, 0x6E,
    0x38, 0x30, 0xE7, 0xCB, 0x82, 0xB4, 0xC3, 0x83, 0x6C, 0x3B, 0xA6, 0xF3, 0x72, 0xBB, 0x8C, 0x8B,
    0x31, 0x91, 0xCA, 0xE4, 0xEB, 0x27, 0x70, 0xB6, 0x76, 0x6D, 0xD3, 0x36, 0x14, 0x72, 0x5F, 0xE7,
    0xEF, 0x16, 0x06, 0xBF, 0x61, 0x1A, 0xC8, 0x49, 0x33, 0xDF, 0x0B, 0x1D, 0x4F, 0x42, 0x83, 0x46,
    0xC0, 0xD7, 0x2F, 0x54, 0x27, 0x10, 0x8C, 0x65, 0x63, 0x5A, 0x2D, 0x2C, 0xA7, 0x1D, 0x5F, 0x39,
    0x56, 0xB3, 0x58, 0xED, 0x24, 0x77, 0x1F, 0x54, 0x12, 0xAC, 0xE9, 0x21, 0x2A, 0x56, 0x6B, 0x05,
    0x7D, 0xF1, 0xCD, 0xD0, 0xA3, 0x19, 0xE2, 0x31, 0x05, 0x27, 0x61, 0x0E, 0xC7, 0xD8, 0x67, 0x53,
    0xB7, 0x4A, 0x83, 0x43, 0x22, 0x47, 0xDB, 0xAA, 0xC3, 0x0B, 0x93, 0x41, 0xCB, 0x66, 0x9D, 0x74,
    0xDB, 0xA9, 0xDB, 0xCC, 0xD5, 0xCE, 0xB6, 0x88, 0xA7, 0x15, 0x13, 0x7C, 0x0B, 0xF5, 0x31, 0x43,
    0x35, 0xF3, 0x79, 0xB3, 0xC6, 0x19, 0xB0, 0x0C, 0xA9, 0x76, 0x19, 0xE9, 0x0B, 0xE9, 0x4F, 0x2C,
    0x49, 0x3B, 0x9A, 0x8B, 0x46, 0x02, 0x2A, 0x50, 0xBB, 0xA4, 0x25, 0x9E, 0x70, 0xDF, 0x9B, 0xBD,
    0xA4, 0xCF, 0xE4, 0x30, 0xF4, 0x62, 0xC6, 0x2E, 0xD6, 0xD3, 0x5C, 0x6D, 0x76, 0xB5, 0x5B, 0xBB,
    0xA6, 0x70, 0x59, 0xAA, 0xB9, 0x19, 0xAF, 0xFA, 0x90, 0xD5, 0xD2, 0xF1, 0x84, 0x0E, 0x15, 0x52,
    0x23, 0xA7, 0xD0, 0x2D, 0xAC, 0x06, 0x10, 0x96, 0xC2, 0x5A, 0x58, 0x09, 0x7F, 0x58, 0x0E, 0xEB,
    0x61, 0x41, 0x93, 0x56, 0x34, 0x5E, 0xF0, 0x37, 0x69, 0xA3, 0x69, 0xD7, 0x07, 0xBB, 0x7C, 0x0F,
    0xE4, 0xDC, 0x56, 0x5E, 0xA1, 0xAA, 0xF1, 0x9E, 0x8F, 0x09, 0xAF, 0x5E, 0x01, 0xF6, 0xAB, 0xD5,
    0x80, 0x56, 0xE9, 0xE3, 0xAF, 0xAC, 0x1A, 0x9B, 0x0B, 0xA8, 0x23, 0x9D, 0x1F, 0x50, 0xAF, 0x34,
    0x9C, 0xBF, 0xE7, 0xE2, 0x24, 0x47, 0x9A, 0xB7, 0x99, 0xD4, 0x84, 0x94, 0x1A, 0x51, 0x27, 0x6A,
    0x44, 0xCA, 0x45, 0xF8, 0xE0, 0xF7, 0xE9, 0x23, 0xDD, 0x1B, 0xC7, 0xCE, 0xC2, 0x80, 0x6E, 0x86,
    0xED, 0x12, 0xF7, 0x77, 0xB9, 0xD9, 0x10, 0x1A, 0x15, 0x95, 0xAF, 0x92, 0x74, 0x45, 0x99, 0xB9,
    0x0E, 0x05, 0xB3, 0xB3, 0x1B, 0x81, 0xCD, 0xC8, 0xFD, 0x81, 0x1B, 0x42, 0xAF, 0xD8, 0xC9, 0x6F,
    0x7E, 0x11, 0xB7, 0x15, 0xA2, 0x6B, 0x08, 0xC7, 0xD1, 0x62, 0xD3, 0x6E, 0x8B, 0x63, 0x21, 0x8E,
    0xAD, 0xB1, 0xDA, 0x80, 0xF5, 0x92, 0xB0, 0x9D, 0xD2, 0xE3, 0x74, 0x08, 0x48, 0xC7, 0x43, 0x49,
    0x85, 0x80, 0xF8, 0x40, 0xEB, 0xEF, 0x9D, 0xB6, 0xEA, 0x5D, 0xDF, 0x37, 0x89, 0x68, 0x4C, 0x68,
    0xBB, 0x81, 0x3F, 0x8A, 0x2B, 0xE3, 0x5F, 0xAD, 0xFB, 0xF3, 0xD1, 0x6A, 0xD5, 0xC3, 0xE8, 0x06,
    0xBF, 0x03, 0x8C, 0x0C, 0xCD, 0xAA, 0xD0, 0x2E, 0x6A, 0x3E, 0x37, 0xAB, 0xFD, 0xDC, 0xF7, 0x5E,
    0xD6, 0xFC, 0x16, 0x19, 0x09, 0x4B, 0x95, 0xC8, 0xDD, 0x10, 0xEB, 0xFD, 0x02, 0x77, 0x62, 0xFB,
    0xD9, 0x57, 0xD1, 0x46, 0x85, 0x06, 0x50, 0xA3, 0x38, 0x49, 0xDF, 0x2C, 0xFF, 0xDE, 0xDE, 0xD5,
    0x80, 0x5A, 0x6E, 0x1D, 0xE7, 0xA3, 0xAB, 0xDD, 0xBD, 0x69, 0x6E, 0x88, 0x0C, 0x34, 0x6D, 0xE3,
    0x6D, 0x91, 0x81, 0xF2, 0x93, 0xC0, 0x46, 0x01, 0x0A, 0x04, 0x88, 0x23, 0x35, 0xA6, 0x18, 0x28,
    0x60, 0x97, 0x7A, 0x49, 0xD3, 0xA5, 0x84, 0x7F, 0x4A, 0x0C, 0x5D, 0xFE, 0x09, 0x60, 0x5B, 0xD7,
    0x6E, 0xC1, 0x40, 0x81, 0x2E, 0x3F, 0x21, 0x80, 0x81, 0x1A, 0xD8, 0x42, 0x78, 0x05, 0x5C, 0xA0,
    0x85, 0x00, 0x5E, 0x4B, 0x8E, 0x21, 0x06, 0x02, 0xF8, 0x34, 0x6D, 0x1A, 0xFE, 0x2B, 0x37, 0x31,
    0xA5, 0x2E, 0xB0, 0x72, 0xAA, 0xC5, 0x8A, 0x2D, 0x69, 0xEA, 0x6F, 0xBE, 0xD1, 0x9E, 0x77, 0xE5,
    0x6B, 0xDE, 0x3A, 0xEB, 0xB7, 0xFB, 0xF6, 0xD9, 0xC2, 0x9D, 0x39, 0x75, 0xF0, 0x7D, 0xD2, 0x99,
    0xF3, 0x33, 0x67, 0xE6, 0x9B, 0xEF, 0x20, 0x26, 0xE1, 0x2B, 0x84, 0xC2, 0x2A, 0x7A, 0x36, 0x39,
    0x83, 0x13, 0xCC, 0x4E, 0x58, 0x17, 0x3E, 0x6A, 0x87, 0x1A, 0x2E, 0xA5, 0x5C, 0x4B, 0xB1, 0x98,
    0x4E, 0x06, 0xF9, 0xB2, 0xE5, 0xD4, 0xE9, 0x7A, 0xEA, 0x74, 0x41, 0x5D, 0x8C, 0x83, 0xE6, 0xDC,
    0xF3, 0x58, 0xBC, 0x2A, 0x78, 0x58, 0xAF, 0x68, 0x12, 0xE7, 0xEF, 0x74, 0xA7, 0x2F, 0xAF, 0x23,
    0xB2, 0x31, 0x69, 0x64, 0xA3, 0x57, 0x6F, 0xB5, 0xBD, 0x19, 0x5E, 0x59, 0x6B, 0x78, 0x65, 0x23,
    0x38, 0xB9, 0x26, 0x16, 0x5E, 0xC1, 0x0A, 0x9A, 0x68, 0x60, 0x05, 0x9F, 0xF1, 0xB3, 0x06, 0x5F,
    0x21, 0xCD, 0x4E, 0x60, 0xA5, 0xD9, 0x0D, 0xAC, 0xA8, 0xC5, 0xFD, 0xEC, 0xA2, 0x26, 0xBD, 0x0D,
    0x24, 0x2E, 0xC5, 0xEA, 0x08, 0x69, 0xC2, 0x5C, 0x87, 0xF1, 0x62, 0xF2, 0xDD, 0xD1, 0x60, 0xE5,
    0x19, 0x9E, 0xB8, 0xAD, 0x78, 0x29, 0xF8, 0xCE, 0x56, 0x87, 0xD4, 0x1F, 0xAA, 0xD9, 0x15, 0x95,
    0x17, 0x54, 0xBA, 0x93, 0x15, 0xE0, 0x0D, 0xCF, 0x6F, 0x40, 0xFC, 0xA5, 0x43, 0x94, 0x20, 0x1A,
    0xDC, 0xD7, 0x58, 0x6F, 0x75, 0x0D, 0x4A, 0x9E, 0xEB, 0x9D, 0xD5, 0x97, 0xD8, 0xEA, 0x4C, 0x3E,
    0x03, 0x7B, 0x4E, 0x5F, 0x48, 0xE5, 0x38, 0x4E, 0xEF, 0x47, 0xDB, 0xE6, 0x11, 0xD8, 0xE6, 0xD9,
    0x57, 0x61, 0x9B, 0xA4, 0xC6, 0xE7, 0xA5, 0xCC, 0xCB, 0xA8, 0xCC, 0x55, 0x56, 0x81, 0x95, 0x62,
    0xDD, 0x1F, 0x7A, 0xD1, 0x03, 0xD0, 0xAB, 0x6C, 0xAC, 0xE8, 0x52, 0xBF, 0xBF, 0x1C, 0xB9, 0xC0,
    0x03, 0x36, 0x28, 0xD3, 0xC1, 0xF3, 0x04, 0x32, 0x52, 0x96, 0x6F, 0xCA, 0x9B, 0x2F, 0x34, 0x65,
    0x21, 0x3E, 0xF5, 0x80, 0xCE, 0xA7, 0xF5, 0x53, 0x2B, 0xA9, 0xB3, 0xED, 0x17, 0x62, 0xD9, 0xDE,
    0x6F, 0x3B, 0x8A, 0xC9, 0xB5, 0x65, 0x3E, 0x0D, 0x17, 0x8D, 0x0F, 0x98, 0xCE, 0x09, 0xD1, 0x0A,
    0x03, 0xD1, 0x27, 0x01, 0xC2, 0x00, 0xD9, 0xE1, 0x5F, 0x22, 0xBE, 0x3B, 0x28, 0xEE, 0xA8, 0x73,
    0x72, 0xE3, 0x12, 0x22, 0x7C, 0x86, 0x78, 0xD5, 0x0C, 0x11, 0x81, 0xB1, 0xA1, 0xEA, 0x56, 0xA3,
    0xB9, 0x9D, 0xD3, 0x70, 0xEE, 0xE0, 0x34, 0x9E, 0x3B, 0x3A, 0x0D, 0xE8, 0x12, 0xB5, 0xFD, 0xC8,
    0xA8, 0x9E, 0xCA, 0x66, 0x80, 0xEA, 0x12, 0x42, 0xC3, 0x93, 0xFE, 0xDB, 0x05, 0xEB, 0x5B, 0xDA,
    0x58, 0x8F, 0xA6, 0x7A, 0x68, 0x78, 0xE7, 0xF2, 0xB8, 0x11, 0x78, 0xF7, 0x53, 0x32, 0xEA, 0x71,
    0x3D, 0x19, 0xA0, 0xC6, 0x94, 0x0A, 0x31, 0x63, 0xBF, 0x19, 0x34, 0x0B, 0x5B, 0xB6, 0x39, 0xFD,
    0xD0, 0x5C, 0x8B, 0xDC, 0x8A, 0xD2, 0xD3, 0x17, 0x0D, 0x2E, 0xCB, 0xD1, 0x10, 0xF7, 0x02, 0x93,
    0x41, 0x7A, 0x42, 0xDC, 0x1B, 0x17, 0x93, 0x3D, 0x02, 0x6F, 0x27, 0x5A, 0x47, 0xA6, 0x2E, 0x19,
    0xB1, 0xED, 0x41, 0x95, 0xA2, 0x56, 0xA8, 0x54, 0x35, 0x62, 0xEA, 0xC6, 0xC5, 0x8B, 0xDF, 0x10,
    0xCF, 0xD3, 0x07, 0x7C, 0x59, 0xAC, 0xA6, 0x84, 0x30, 0x10, 0x6D, 0x30, 0xB9, 0x52, 0xC1, 0xFB,
    0xDC, 0x8F, 0x3A, 0x6C, 0x45, 0x1B, 0xCD, 0x4B, 0x4E, 0x47, 0x41, 0xDC, 0xF7, 0xC7, 0xE7, 0xDF,
    0xD0, 0xF8, 0x7C, 0xDE, 0xC1, 0x51, 0xEA, 0x52, 0x75, 0x7C, 0x5B, 0x88, 0x1B, 0x17, 0x2F, 0x77,
    0x1A, 0xFC, 0x53, 0xEA, 0x0A, 0x79, 0xF3, 0xA0, 0x6A, 0x31, 0x0D, 0x1A, 0xA6, 0x88, 0x35, 0xC3,
    0x80, 0x54, 0x72, 0x09, 0xE4, 0xC0, 0xDE, 0xF8, 0x3C, 0x1F, 0x80, 0x12, 0x0B, 0x3D, 0x65, 0x13,
    0x9D, 0x42, 0xF7, 0x11, 0xFC, 0x16, 0xE4, 0x16, 0x32, 0xBE, 0x27, 0x31, 0x8A, 0xA7, 0xBF, 0x50,
    0x17, 0x83, 0xBB, 0xA4, 0x27, 0xD6, 0x57, 0x93, 0xB2, 0xD0, 0x0D, 0xE3, 0x93, 0x08, 0x1D, 0x3B,
    0x68, 0xAB, 0x05, 0x2A, 0x5B, 0xAE, 0x0F, 0x79, 0x9B, 0x74, 0xA6, 0x5B, 0xD5, 0x5D, 0xE6, 0xE9,
    0x7D, 0x70, 0xCE, 0xA4, 0x7D, 0x59, 0x50, 0x8B, 0x21, 0x9E, 0x47, 0x6A, 0x19, 0x4C, 0x77, 0x16,
    0xE2, 0x98, 0x4B, 0xB8, 0x3C, 0x14, 0xCC, 0x60, 0xBA, 0x30, 0xED, 0x96, 0x8F, 0x1D, 0x8D, 0x87,
    0x5C, 0x1A, 0x97, 0x8D, 0x70, 0xDC, 0xAA, 0xE9, 0xB7, 0xB0, 0x5C, 0x8C, 0x8A, 0x98, 0xFF, 0x33,
    0x57, 0xC2, 0xB5, 0xD0, 0xC0, 0x27, 0xDE, 0x2F, 0xF7, 0x90, 0xD5, 0x16, 0x52, 0xF1, 0x4A, 0xFF,
    0x37, 0x40, 0xBE, 0xDD, 0x41, 0x4A, 0xA3, 0xB2, 0x56, 0x59, 0xA8, 0x74, 0x90, 0x63, 0xD8, 0x4D,
    0x48, 0xAB, 0x11, 0x3C, 0xCE, 0x8F, 0x6F, 0x99, 0xDA, 0x78, 0x7B, 0x65, 0x6A, 0x37, 0x6E, 0x96,
    0xA9, 0xF9, 0xB9, 0x4C, 0xAD, 0x99, 0xAB, 0x5B, 0xFC, 0x12, 0x3D, 0x28, 0xDB, 0x25, 0x88, 0x50,
    0x96, 0xA8, 0xC1, 0x68, 0x98, 0x1B, 0xBD, 0xB3, 0xE7, 0x79, 0x77, 0x62, 0xB2, 0xBF, 0xDD, 0xFB,
    0x37, 0xA0, 0x0E, 0x1B, 0xD0, 0x2F, 0xBB, 0x65, 0xF8, 0x58, 0x97, 0xD2, 0x8D, 0x78, 0x84, 0x8F,
    0x6D, 0xDB, 0xA1, 0x63, 0x03, 0xE1, 0x46, 0x7D, 0x25, 0xFA, 0x35, 0x2D, 0x64, 0x5C, 0x7F, 0x18,
    0xF4, 0xDC, 0xE7, 0xE4, 0xC6, 0x63, 0x8C, 0xF3, 0xAB, 0x6C, 0xEF, 0x1A, 0x7A, 0xEE, 0x71, 0x64,
    0x94, 0x15, 0x8B, 0x45, 0xD1, 0x33, 0x57, 0xC0, 0xF9, 0xC5, 0xCA, 0x85, 0x9B, 0x34, 0x54, 0x5F,
    0x94, 0x37, 0xB7, 0xE6, 0x75, 0x92, 0xFD, 0x6F, 0x5E, 0x08, 0xD6, 0xD3, 0xFD, 0x28, 0x0C, 0x33,
    0x8A, 0xB4, 0x22, 0x99, 0x9E, 0x53, 0xE7, 0x57, 0xEA, 0xB4, 0x43, 0x71, 0x5F, 0x6B, 0x62, 0x8B,
    0x50, 0x67, 0x91, 0x8D, 0x8A, 0xE1, 0x94, 0x01, 0x1F, 0xD5, 0xC0, 0x7F, 0xE6, 0x84, 0xBB, 0xD5,
    0x52, 0x9C, 0x54, 0xB6, 0x56, 0x83, 0x03, 0xB5, 0x82, 0x92, 0x26, 0x52, 0xE5, 0xA1, 0x22, 0xA9,
    0x9F, 0xD6, 0x13, 0xF0, 0xAB, 0x3F, 0xD1, 0xBD, 0xE0, 0x95, 0x9F, 0xEB, 0x59, 0xF3, 0xAF, 0x65,
    0x3A, 0x54, 0x8A, 0x73, 0x7D, 0x2E, 0xC5, 0x29, 0xB8, 0x81, 0xB1, 0x14, 0x27, 0x27, 0xCA, 0x33,
    0xDD, 0x2A, 0x86, 0xE6, 0xB3, 0x1F, 0xBE, 0x14, 0xE7, 0x36, 0x92, 0xA1, 0x9B, 0x65, 0x32, 0xF4,
    0x4C, 0x82, 0xF0, 0xF6, 0x13, 0x69, 0xE7, 0x92, 0xFE, 0x29, 0x6C, 0x47, 0x5D, 0x8E, 0x18, 0x5F,
    0x87, 0xEF, 0xCF, 0xC7, 0xE4, 0xFD, 0xC9, 0xD0, 0x56, 0x93, 0xA1, 0x8C, 0xFE, 0xBE, 0xA8, 0xE3,
    0xE9, 0x49, 0x4D, 0x86, 0x3E, 0x70, 0x64, 0x32, 0x34, 0x0C, 0xDF, 0x8D, 0x57, 0x95, 0x50, 0x65,
    0x54, 0x79, 0xAD, 0x85, 0x61, 0x55, 0xBD, 0x43, 0x93, 0xC1, 0xFE, 0x13, 0x16, 0x84, 0x3D, 0xB6,
    0xA7, 0x20, 0xE7, 0xA8, 0xBA, 0x9C, 0x25, 0x2F, 0x43, 0x71, 0x7C, 0x7C, 0x7E, 0xAB, 0x8E, 0x6E,
    0xAF, 0x05, 0x9D, 0x22, 0x15, 0x83, 0x7B, 0x5C, 0x64, 0x80, 0x17, 0xD3, 0x6A, 0x48, 0x75, 0xF5,
    0x8F, 0x72, 0x75, 0x1E, 0xD0, 0x2A, 0x14, 0x25, 0xA8, 0x82, 0x71, 0xB7, 0x1D, 0x91, 0xCE, 0x67,
    0xB1, 0xFB, 0x30, 0x49, 0xBE, 0xA2, 0x99, 0x62, 0x46, 0x5A, 0x6B, 0x08, 0x96, 0x50, 0xD9, 0xC0,
    0x3E, 0x9A, 0xD6, 0x62, 0x7B, 0x24, 0xAD, 0xC5, 0xD5, 0x45, 0xF7, 0x45, 0xDF, 0x90, 0x9F, 0x3E,
    0xCA, 0xE5, 0xC1, 0xD0, 0xC3, 0xFE, 0x78, 0xBA, 0x8F, 0x07, 0xBC, 0xF3, 0x5A, 0x98, 0x29, 0xA3,
    0xFE, 0x25, 0x97, 0x4C, 0x97, 0xA4, 0x48, 0x00, 0x0F, 0x5B, 0xE9, 0x32, 0xF0, 0x3B, 0xE8, 0xB0,
    0x27, 0xB3, 0xD1, 0x58, 0x04, 0x53, 0xED, 0x83, 0xD1, 0x56, 0x96, 0x74, 0x7A, 0x09, 0x8E, 0xC8,
    0x97, 0xB0, 0x9C, 0x9C, 0xF9, 0x3D, 0x45, 0xE2, 0x23, 0x14, 0x37, 0xE9, 0xF8, 0x25, 0x52, 0x29,
    0x0E, 0x48, 0xA5, 0x45, 0x57, 0x2D, 0x08, 0x59, 0x6E, 0x5C, 0x3C, 0x4C, 0xC8, 0x62, 0xAA, 0x51,
    0x7B, 0xB2, 0x8F, 0x96, 0x4C, 0x10, 0x3F, 0xBA, 0x1A, 0x98, 0x58, 0xA0, 0xD4, 0x97, 0x34, 0xF0,
    0xA9, 0x2B, 0x27, 0x02, 0xF3, 0x03, 0x92, 0x3C, 0xC5, 0x07, 0xA2, 0x8F, 0x0E, 0xAB, 0xBC, 0xA7,
    0xEA, 0x58, 0x0F, 0xD3, 0xEB, 0xC2, 0x2B, 0x0A, 0x1B, 0xCD, 0xA1, 0x06, 0x28, 0x04, 0xC5, 0x42,
    0x18, 0x89, 0x51, 0xA3, 0x07, 0xF8, 0x36, 0x23, 0x90, 0x5F, 0xEC, 0x3D, 0xBC, 0x19, 0x5D, 0x2C,
    0x73, 0x3A, 0xCE, 0x63, 0x4E, 0x6A, 0xE4, 0x21, 0x83, 0xC8, 0xF1, 0xA6, 0x67, 0xE5, 0xA7, 0xDF,
    0x02, 0x6E, 0x31, 0x01, 0x90, 0x25, 0xA9, 0x57, 0xE2, 0x3E, 0xCB, 0x61, 0x19, 0x4F, 0x3A, 0x36,
    0x2B, 0x5D, 0x6C, 0x07, 0x2E, 0x5C, 0xC9, 0x78, 0x09, 0x8B, 0x6D, 0xC4, 0xC5, 0xD6, 0x67, 0x9D,
    0x2B, 0xE1, 0xC4, 0x9B, 0x40, 0x3C, 0xC1, 0x57, 0xB5, 0x3A, 0x8F, 0x14, 0x62, 0x90, 0xB2, 0x22,
    0x9E, 0x5C, 0xDC, 0xE8, 0x7A, 0x83, 0xEA, 0x97, 0x3D, 0xA1, 0xDB, 0xBD, 0x94, 0x16, 0x9F, 0x50,
    0x5A, 0xF8, 0xBD, 0x94, 0x16, 0x83, 0xC5, 0x99, 0x6C, 0x61, 0xB0, 0x66, 0x17, 0x9A, 0x6D, 0x68,
    0x7A, 0x6A, 0xFD, 0xEC, 0xD0, 0x0C, 0xF9, 0x86, 0x3C, 0xF4, 0xFD, 0xE7, 0x4F, 0x1A, 0xDE, 0x31,
    0x7D, 0x1F, 0xDE, 0x71, 0x9A, 0xF1, 0x8E, 0xE3, 0x8C, 0x77, 0xBC, 0x66, 0x78, 0xC7, 0xE1, 0xDA,
    0x8C, 0x77, 0x9C, 0x9C, 0x3D, 0x1F, 0xDC, 0x58, 0x8D, 0xD4, 0x5C, 0x9F, 0xAC, 0xC8, 0xF1, 0xC4,
    0x91, 0x84, 0x4C, 0x47, 0x92, 0x84, 0x94, 0x7C, 0xF7, 0xE2, 0xA6, 0xBC, 0x52, 0x42, 0x8A, 0x84,
    0x03, 0x06, 0x17, 0x80, 0x6F, 0x17, 0xEE, 0x4E, 0xC2, 0x40, 0x7F, 0xBB, 0xB3, 0x7D, 0x30, 0x82,
    0x88, 0x7F, 0xD6, 0xDD, 0xFC, 0x25, 0xCF, 0xDF, 0xD8, 0x57, 0xA2, 0x50, 0xEA, 0x5E, 0xDF, 0xC6,
    0x76, 0xD0, 0x49, 0x90, 0x3D, 0xD5, 0xCA, 0x84, 0x46, 0x8F, 0x12, 0x32, 0xFB, 0x60, 0x08, 0x03,
    0x8B, 0x1D, 0x41, 0xC5, 0xE6, 0xB4, 0xF8, 0xCC, 0xAA, 0x42, 0xF2, 0x2D, 0x57, 0x64, 0x8B, 0x92,
    0xBF, 0x3C, 0xDE, 0x2A, 0x2D, 0x45, 0x71, 0x8B, 0xB4, 0x14, 0xC3, 0xAD, 0xD2, 0x52, 0x0C, 0x81,
    0xC1, 0xEC, 0xF0, 0xA4, 0xCC, 0x1A, 0xD3, 0x9E, 0x3A, 0xAF, 0x4D, 0x17, 0xA6, 0xA9, 0xDC, 0x17,
    0x8E, 0x3B, 0xB0, 0x3A, 0x22, 0xB0, 0x3A, 0x96, 0x8D, 0x9B, 0x46, 0xFC, 0x1D, 0x88, 0x68, 0xDA,
    0x11, 0xF1, 0xC8, 0x13, 0xB0, 0x4D, 0x8F, 0xB3, 0xCB, 0x9A, 0x92, 0x8E, 0x95, 0xE5, 0xE5, 0x08,
    0xED, 0x23, 0x99, 0x60, 0x30, 0x0E, 0x97, 0x12, 0xF1, 0xAA, 0x81, 0x3C, 0x4A, 0xCD, 0x03, 0x74,
    0x31, 0xB4, 0x68, 0xFF, 0x27, 0x4F, 0x8B, 0x83, 0x7E, 0xF5, 0x15, 0x4E, 0x84, 0x1F, 0x3F, 0xDB,
    0x11, 0xA4, 0xF2, 0x08, 0xD7, 0xC8, 0x47, 0x2E, 0xD7, 0xAA, 0xF1, 0xFA, 0x41, 0xAF, 0xA5, 0x24,
    0x71, 0xD4, 0xF4, 0xA5, 0xBC, 0x51, 0x43, 0x3D, 0x98, 0xB7, 0xD0, 0xC3, 0x57, 0xB5, 0x7F, 0xD3,
    0xE1, 0x89, 0x94, 0x85, 0x6D, 0xDF, 0x49, 0xEC, 0xA5, 0x37, 0x42, 0x43, 0x21, 0x2E, 0x44, 0x3C,
    0x42, 0xAD, 0x06, 0xC3, 0x86, 0x92, 0xAA, 0x81, 0x7A, 0x1A, 0xAA, 0x14, 0xE8, 0x82, 0x9E, 0xCB,
    0x0E, 0xB8, 0x13, 0x3D, 0xD8, 0xE2, 0x0F, 0x97, 0xCA, 0xB7, 0x2A, 0x9D, 0x82, 0x3B, 0x5B, 0x24,
    0x05, 0xBA, 0x47, 0x9D, 0xFC, 0x4D, 0xEA, 0x5D, 0x24, 0x7F, 0x95, 0xE3, 0xF5, 0x1F, 0xBC, 0x86,
    0x97, 0x7D, 0xB0, 0x9F, 0xC7, 0xD8, 0x5A, 0xE5, 0x66, 0xFC, 0x97, 0x09, 0x2F, 0xD9, 0x8A, 0x4A,
    0xFC, 0x91, 0xE1, 0xF9, 0xAA, 0x7E, 0x1E, 0xD1, 0xB0, 0xFF, 0x62, 0x14, 0xAC, 0x45, 0x2A, 0x58,
    0x43, 0x61, 0x89, 0x6C, 0x4B, 0x3F, 0x07, 0xAE, 0x7F, 0x7D, 0xCE, 0x16, 0x1C, 0xF7, 0xD4, 0x70,
    0xA5, 0xC8, 0xBA, 0xA7, 0x4E, 0x8C, 0xB3, 0x25, 0xB3, 0x63, 0x5F, 0x59, 0xD0, 0xB5, 0x3B, 0x11,
    0x9C, 0x2D, 0x67, 0xAF, 0x30, 0xD5, 0x1D, 0xF2, 0x65, 0x56, 0x0A, 0x43, 0x69, 0x3C, 0x66, 0x94,
    0xF4, 0x5F, 0x00, 0x8B, 0x02, 0x42, 0xA8, 0xB8, 0xBF, 0x7A, 0x33, 0xC3, 0xA1, 0xBC, 0xAE, 0xC4,
    0x01, 0x3D, 0xF2, 0x47, 0xCE, 0xC9, 0xB3, 0x9A, 0xF7, 0xC1, 0x68, 0x8A, 0x04, 0xFB, 0x9C, 0x4E,
    0x8E, 0x80, 0x7F, 0xAA, 0x21, 0xAB, 0x1A, 0x1E, 0x77, 0xDE, 0xC0, 0x42, 0x59, 0x0B, 0xDB, 0x24,
    0xFD, 0xA7, 0x21, 0xC7, 0x5C, 0x31, 0x10, 0x38, 0xE5, 0xC6, 0x82, 0xF3, 0x6D, 0x84, 0x37, 0x6E,
    0x2D, 0xC1, 0x70, 0x66, 0x87, 0x3A, 0x16, 0x6E, 0x8A, 0xC6, 0x57, 0xBB, 0x48, 0x7A, 0xAC, 0xCE,
    0x2D, 0x92, 0x15, 0xA2, 0x65, 0x46, 0xBD, 0x96, 0x25, 0xE6, 0xEF, 0xB6, 0x39, 0x00, 0x4F, 0x55,
    0x7D, 0xA5, 0x2C, 0x50, 0x83, 0xC3, 0xCA, 0xC4, 0x78, 0x60, 0x69, 0x62, 0xD2, 0xB1, 0x36, 0x31,
    0xB3, 0xA4, 0x9F, 0x95, 0xE2, 0x7B, 0xB1, 0xD4, 0xDB, 0x68, 0x7A, 0xB6, 0x92, 0x50, 0x3F, 0xC4,
    0x03, 0x96, 0xF9, 0x1A, 0x1B, 0xA1, 0x35, 0x92, 0xC9, 0x49, 0x43, 0x5D, 0xB6, 0xD0, 0x23, 0xAD,
    0x11, 0x4A, 0x3E, 0xB9, 0xD1, 0x94, 0xD0, 0xEA, 0xE4, 0xFA, 0x98, 0x48, 0x00, 0xBF, 0x92, 0x9E,
    0x79, 0xE1, 0xAA, 0xDB, 0xDD, 0x03, 0x0B, 0x2C, 0x22, 0x1B, 0x7C, 0x5B, 0x51, 0xE2, 0xCB, 0x22,
    0x19, 0x5E, 0xFA, 0xBA, 0xAC, 0xA5, 0x9F, 0xE2, 0x29, 0xE9, 0xEF, 0x93, 0x78, 0xCC, 0xBD, 0xAB,
    0x1E, 0x1E, 0xAA, 0xC2, 0x7D, 0x7E, 0x33, 0xAA, 0xE9, 0xDE, 0x0D, 0x09, 0xCF, 0x54, 0x58, 0x0B,
    0x2F, 0xBA, 0x08, 0x42, 0xE6, 0x2D, 0xE7, 0x62, 0x55, 0x7F, 0xD9, 0x95, 0x4D, 0xFE, 0x16, 0xA0,
    0x33, 0xF0, 0xE1, 0x81, 0x6B, 0x6D, 0x9D, 0x0E, 0x13, 0xE0, 0x50, 0x27, 0x42, 0x12, 0x4E, 0x27,
    0xBF, 0x8B, 0x45, 0xC0, 0xE6, 0x40, 0x47, 0x5D, 0xCE, 0x0D, 0xEC, 0xC6, 0x1F, 0x1C, 0x01, 0x33,
    0x1D, 0x85, 0x08, 0xD8, 0xB2, 0x6A, 0x76, 0xB5, 0x8C, 0x80, 0x1D, 0x23, 0x3A, 0x5D, 0x93, 0x89,
    0x3F, 0x6F, 0x0F, 0xA1, 0xD3, 0x3D, 0xE4, 0xBB, 0x35, 0xB0, 0xDA, 0xAF, 0xD5, 0x18, 0x42, 0x29,
    0x7D, 0x3E, 0x1F, 0x64, 0xA6, 0x32, 0x0F, 0xB0, 0xE9, 0xF5, 0xD2, 0xD0, 0x56, 0x1B, 0x4B, 0xF7,
    0xDB, 0x4C, 0x2D, 0x3D, 0x6D, 0xAD, 0x2D, 0x33, 0x76, 0x6A, 0x41, 0x4F, 0xEE, 0xFE, 0x34, 0x37,
    0x5B, 0xB0, 0x70, 0xD2, 0xCC, 0x06, 0x4F, 0xEB, 0xD9, 0xE2, 0x67, 0x83, 0xC9, 0x83, 0xCD, 0x83,
    0xAD, 0x43, 0x2B, 0x98, 0x3D, 0xD8, 0x3D, 0x18, 0x3E, 0x58, 0x3E, 0x98, 0x3E, 0xD8, 0x3E, 0x18,
    0x3F, 0x58, 0x3F, 0x98, 0x3F, 0xF0, 0xFB, 0x04, 0x82, 0x9F, 0xC0, 0xF0, 0xB3, 0xA4, 0xF8, 0x31,
    0xE3, 0x49, 0xA7, 0xD6, 0x93, 0x91, 0xC8, 0x2F, 0x51, 0xFB, 0x1D, 0x4C, 0x34, 0xE0, 0xA4, 0x16,
    0x8C, 0x07, 0x35, 0x61, 0xDA, 0xAB, 0x0D, 0x93, 0x86, 0x46, 0x34, 0x2B, 0x9A, 0x19, 0xCD, 0x8E,
    0x66, 0x48, 0xB3, 0xA4, 0x15, 0x1A, 0x38, 0x56, 0x1A, 0x38, 0x1A, 0xD3, 0xB1, 0xD6, 0x80, 0xCA,
    0x11, 0x7B, 0x6F, 0x6B, 0x42, 0xA0, 0xEC, 0xD1, 0x1E, 0xD1, 0xE7, 0x66, 0x6B, 0xB4, 0x20, 0x1A,
    0xB2, 0x56, 0x8C, 0xD2, 0x5C, 0x0A, 0x3C, 0xE2, 0x6C, 0xE9, 0xD6, 0xE5, 0x02, 0x4F, 0x84, 0xB6,
    0x3C, 0xFB, 0x55, 0xED, 0x14, 0x78, 0xC4, 0xD9, 0x8A, 0x95, 0x41, 0x01, 0xAE, 0xAB, 0x62, 0xF2,
    0xED, 0xB3, 0x14, 0x0F, 0x23, 0x85, 0xBA, 0xD9, 0x95, 0xF9, 0xC4, 0xEA, 0x10, 0x1A, 0x0D, 0x05,
    0xB9, 0x51, 0xC8, 0x28, 0x8E, 0x15, 0x2D, 0x55, 0x46, 0x71, 0x63, 0x07, 0x5D, 0xCD, 0x2D, 0xFB,
    0x71, 0x63, 0x68, 0x60, 0x0B, 0x83, 0x02, 0x0A, 0x3C, 0xE2, 0x68, 0x21, 0x4A, 0xEB, 0x4A, 0xC1,
    0xF6, 0x06, 0x07, 0x01, 0x7F, 0xBF, 0x42, 0x4B, 0xA1, 0x81, 0xE2, 0x43, 0xA8, 0x58, 0x75, 0xC8,
    0x57, 0xAC, 0xE6, 0xAF, 0x73, 0x49, 0x4D, 0x1C, 0xB3, 0x51, 0xBA, 0xE8, 0x43, 0xC3, 0x3B, 0xDB,
    0xE7, 0xF8, 0x44, 0x2F, 0x99, 0xDD, 0xA1, 0x58, 0x61, 0xE1, 0xAC, 0xC6, 0x82, 0x59, 0xB9, 0xC9,
    0x31, 0x2D, 0x47, 0xDF, 0x89, 0x11, 0x7A, 0x24, 0xE6, 0x26, 0xD5, 0x1D, 0x7C, 0x1E, 0xD6, 0x5B,
    0x7C, 0xB3, 0xB0, 0xA0, 0x7E, 0xA7, 0x35, 0x17, 0x0C, 0xA2, 0xF0, 0xF8, 0x02, 0x2C, 0x27, 0x98,
    0x54, 0x38, 0x08, 0x34, 0x94, 0x50, 0x42, 0xEB, 0x30, 0xC0, 0x69, 0xBE, 0xA7, 0x56, 0x9C, 0x03,
    0x34, 0xFE, 0x47, 0xC0, 0x32, 0xDA, 0x48, 0x75, 0x89, 0x10, 0xCC, 0xCD, 0x25, 0x69, 0xFE, 0x56,
    0xB1, 0x6F, 0x27, 0xFE, 0xDD, 0x2E, 0xF0, 0xD8, 0xD4, 0xF4, 0x7A, 0xD3, 0x77, 0xC4, 0xDB, 0xD7,
    0x17, 0x87, 0x33, 0x3F, 0xD1, 0x6E, 0x60, 0x38, 0xAA, 0x1A, 0xEB, 0x9A, 0x96, 0xBF, 0x39, 0x5D,
    0xB1, 0x8B, 0x3F, 0xA2, 0x83, 0x42, 0xC1, 0x4B, 0x99, 0x74, 0x7A, 0x94, 0x11, 0x19, 0x59, 0x73,
    0x7B, 0x5D, 0x58, 0x53, 0x8B, 0x41, 0x3F, 0x29, 0xDA, 0x7C, 0x9B, 0xE1, 0xBB, 0x00, 0xF5, 0x18,
    0x30, 0x6C, 0x65, 0x8B, 0x98, 0x34, 0xF6, 0x13, 0x9C, 0x1D, 0xA0, 0x2B, 0x7C, 0x0F, 0x8A, 0x0C,
    0xA1, 0x63, 0x71, 0x3B, 0x1A, 0x00, 0x14, 0xEB, 0x94, 0xAA, 0x23, 0x6C, 0xA4, 0x84, 0x91, 0x73,
    0x24, 0x54, 0x99, 0x84, 0x43, 0x29, 0xE9, 0xDB, 0x70, 0xE4, 0xD0, 0xBF, 0xA3, 0x02, 0xF3, 0x5E,
    0x90, 0x2E, 0x6A, 0x57, 0x96, 0x48, 0x64, 0xD8, 0x98, 0xC9, 0xB5, 0xE7, 0x98, 0x95, 0x7B, 0x94,
    0x61, 0xA6, 0xFB, 0xB9, 0xAE, 0xA8, 0xD3, 0x34, 0x15, 0x8C, 0x22, 0x5D, 0xC5, 0x70, 0xC9, 0xA5,
    0x40, 0x86, 0x40, 0x7C, 0xD2, 0xC7, 0x63, 0xD9, 0x66, 0xED, 0xA6, 0x4D, 0xDB, 0xDC, 0x27, 0x4D,
    0xDA, 0x96, 0x75, 0xE6, 0xD3, 0xB6, 0xAA, 0xF3, 0x3A, 0x6D, 0xE5, 0x3D, 0x99, 0x35, 0x90, 0xB9,
    0x57, 0x59, 0x43, 0x4A, 0x51, 0xF9, 0xEC, 0x75, 0x45, 0xF7, 0xBF, 0x8D, 0xA4, 0xF0, 0x46, 0x1A,
    0x8D, 0x5C, 0xFC, 0xEB, 0x77, 0x30, 0xE9, 0x15, 0x2D, 0xFA, 0x82, 0x78, 0x20, 0x66, 0x1E, 0xBB,
    0x17, 0x58, 0x9B, 0xCE, 0x33, 0x39, 0x9D, 0x71, 0xDF, 0x08, 0xF2, 0x01, 0xA2, 0xF9, 0x48, 0xED,
    0x22, 0xA1, 0x36, 0xE0, 0xFE, 0x2B, 0xC7, 0x53, 0x5B, 0xC3, 0x93, 0x58, 0x56, 0xB8, 0xFB, 0xB2,
    0xC2, 0x3D, 0x58, 0x62, 0xB9, 0x61, 0x52, 0x9F, 0x43, 0xFA, 0xDE, 0xE0, 0x94, 0x32, 0x04, 0x01,
    0x2C, 0xA1, 0xD9, 0x0F, 0xB3, 0x39, 0xCF, 0xA3, 0x54, 0xAD, 0xC5, 0x3D, 0xA8, 0x6A, 0xAA, 0x2D,
    0x55, 0x41, 0x15, 0x0E, 0xA2, 0x77, 0xBB, 0xD8, 0xE8, 0x82, 0x15, 0x1B, 0x95, 0x56, 0x6C, 0x34,
    0x5A, 0xB1, 0xD1, 0xC0, 0x62, 0xA3, 0xA9, 0x67, 0xB1, 0xD1, 0xAF, 0x6C, 0x41, 0xFD, 0xFA, 0x40,
    0x1D, 0xEF, 0xD5, 0x01, 0xC2, 0x51, 0xB6, 0xD4, 0x55, 0x3D, 0x1F, 0x47, 0xC0, 0x83, 0x74, 0xF1,
    0x62, 0x51, 0x61, 0x18, 0x89, 0x17, 0x19, 0xDF, 0x53, 0x5A, 0x55, 0x5B, 0x31, 0x66, 0x9B, 0x37,
    0xBA, 0xCC, 0xAB, 0x2F, 0x51, 0xAF, 0xC8, 0x77, 0xA0, 0x47, 0x36, 0xCC, 0x61, 0x35, 0xAA, 0x76,
    0x6C, 0xD9, 0x96, 0x5E, 0x8F, 0x42, 0xB2, 0x55, 0x7B, 0x88, 0xAD, 0x7E, 0x54, 0x1D, 0xED, 0xD8,
    0x7C, 0x38, 0xE3, 0xA6, 0x47, 0x12, 0x86, 0xD1, 0x6F, 0x98, 0x90, 0x80, 0xC7, 0x32, 0x88, 0xA0,
    0xC1, 0xF8, 0xB8, 0x86, 0x8E, 0x15, 0x1C, 0x57, 0x35, 0xBA, 0xE4, 0x27, 0x3D, 0x33, 0xF7, 0x39,
    0x92, 0xE3, 0x59, 0x9B, 0x7B, 0x88, 0xDA, 0xA5, 0x6D, 0xE5, 0x5C, 0xFA, 0x16, 0xCE, 0xAB, 0x6F,
    0x0F, 0x1A, 0x82, 0x84, 0xF0, 0x10, 0x5B, 0x7B, 0x07, 0x26, 0x24, 0x3A, 0x3B, 0x89, 0x59, 0xD6,
    0x4E, 0x45, 0x03, 0xE1, 0x0D, 0x89, 0x95, 0x2A, 0x62, 0x19, 0xE2, 0x8B, 0x07, 0xDF, 0x77, 0x77,
    0xAE, 0x4B, 0xA3, 0x4B, 0x72, 0xA3, 0xB0, 0xF4, 0xC4, 0x5C, 0x4E, 0x05, 0x7D, 0x52, 0xBB, 0x54,
    0x6C, 0x72, 0xA6, 0x10, 0x2E, 0xED, 0x6E, 0xBD, 0x4B, 0x4F, 0x07, 0x15, 0xD9, 0x68, 0x54, 0x64,
    0x62, 0x54, 0x64, 0xD3, 0xEE, 0x1D, 0x02, 0xEB, 0x30, 0x59, 0x77, 0x0B, 0x67, 0x5A, 0xD3, 0x7E,
    0x97, 0x91, 0xEB, 0x5C, 0x71, 0xCC, 0xF5, 0x67, 0x5F, 0xAF, 0x51, 0x7F, 0xF6, 0x9A, 0xCF, 0xA5,
    0x56, 0xB7, 0x1D, 0xB1, 0xE8, 0x50, 0x7F, 0x76, 0x1D, 0x87, 0x0C, 0x4B, 0xDE, 0x1F, 0x96, 0xB9,
    0xCA, 0xB2, 0x66, 0x99, 0x97, 0x25, 0xF8, 0x08, 0x64, 0xC5, 0x3E, 0x82, 0x74, 0x87, 0x1E, 0x3E,
    0x62, 0xA6, 0x06, 0xF1, 0xA6, 0xE2, 0x75, 0x07, 0x5F, 0xC9, 0x54, 0x6C, 0xDA, 0xB2, 0x99, 0xB4,
    0xDB, 0xDA, 0xCA, 0xAB, 0x8F, 0x92, 0x34, 0xE2, 0x07, 0x6D, 0xD4, 0x52, 0xF7, 0xD8, 0x37, 0xCE,
    0x3D, 0x2D, 0x35, 0xB9, 0xA5, 0x22, 0x45, 0x3C, 0x1B, 0xE6, 0xDD, 0xAE, 0x84, 0xB2, 0xB5, 0x85,
    0x0D, 0x9D, 0x1E, 0xD6, 0xD8, 0x28, 0x26, 0xDC, 0x76, 0x8D, 0x8D, 0x36, 0x48, 0xB4, 0x6F, 0x8D,
    0xD1, 0xF2, 0x0B, 0x0C, 0xAC, 0xB1, 0xC1, 0x4E, 0xCA, 0xB4, 0xD1, 0xCE, 0x07, 0xDD, 0xD6, 0xBA,
    0xAE, 0x7A, 0xE7, 0x1F, 0xFE, 0x1C, 0xB9, 0xBD, 0x74, 0x76, 0x88, 0xF2, 0x1D, 0xCF, 0x28, 0x20,
    0x3C, 0xAA, 0x70, 0xD0, 0xDD, 0x83, 0xF0, 0x58, 0xC4, 0xEC, 0x87, 0x25, 0xD4, 0xC3, 0x5D, 0x35,
    0x22, 0x5C, 0x35, 0xE2, 0x34, 0x4B, 0x65, 0x38, 0xC1, 0xBF, 0x5F, 0xF2, 0xDF, 0xDC, 0x4B, 0xE5,
    0x80, 0xF7, 0x04, 0xA1, 0xDC, 0xF8, 0xFE, 0xF4, 0x6D, 0xA9, 0x0A, 0x8D, 0x86, 0x6A, 0x51, 0x45,
    0x4A, 0x15, 0x2C, 0x4B, 0xBB, 0x12, 0xF7, 0x7A, 0xCC, 0x35, 0x90, 0xCF, 0x16, 0x90, 0x7F, 0x5F,
    0x2F, 0x6B, 0x20, 0xAF, 0x6B, 0x94, 0x3B, 0xD7, 0x18, 0x3B, 0xDF, 0x6C, 0x29, 0x2D, 0xDA, 0x72,
    0x9E, 0xDF, 0xDB, 0x11, 0xAB, 0x65, 0x26, 0x7A, 0x2C, 0x17, 0x79, 0x48, 0xA4, 0x2F, 0x75, 0xBE,
    0x76, 0x99, 0xF4, 0xAB, 0xD9, 0x44, 0x5A, 0xED, 0x4E, 0x55, 0xCC, 0xA7, 0xCA, 0x52, 0xD3, 0xB9,
    0xB4, 0x54, 0xDC, 0xE8, 0x49, 0x78, 0xED, 0xD5, 0x52, 0x9B, 0x5A, 0xF1, 0x5C, 0x7F, 0xFB, 0x32,
    0x81, 0x37, 0xFF, 0xAB, 0xDB, 0x20, 0x3F, 0xC4, 0x2C, 0x95, 0xD2, 0x52, 0x2E, 0xE7, 0x16, 0xF6,
    0x35, 0x53, 0x89, 0xAA, 0x27, 0x69, 0xB0, 0xDF, 0x0C, 0x69, 0xF7, 0x60, 0x22, 0x03, 0xA4, 0x66,
    0x54, 0x96, 0x61, 0xB7, 0xAE, 0xD6, 0xB8, 0xD0, 0x76, 0x8D, 0x35, 0xAC, 0xD8, 0x4C, 0xDA, 0xD5,
    0x23, 0xBE, 0x57, 0x47, 0x3D, 0x64, 0xAC, 0x1B, 0x47, 0x3C, 0x5E, 0x40, 0xB7, 0x8F, 0x5F, 0xD5,
    0x0E, 0xFF, 0x6A, 0xD5, 0x1A, 0x7D, 0x93, 0xB1, 0xA6, 0x55, 0xA3, 0x06, 0x46, 0xD9, 0xE1, 0xAD,
    0xBC, 0x5C, 0x38, 0xF7, 0x96, 0xFC, 0xB8, 0x76, 0xEE, 0x4F, 0x0C, 0x67, 0x46, 0xFC, 0xCE, 0x14,
    0x1C, 0xDC, 0xCF, 0xD9, 0xE6, 0x65, 0x1B, 0x2D, 0x55, 0xE3, 0x2C, 0x69, 0x61, 0xEB, 0x4B, 0xF0,
    0xCC, 0x2A, 0xAA, 0x1D, 0xFE, 0xB6, 0x68, 0x56, 0x3F, 0xC2, 0x29, 0x92, 0xB7, 0x25, 0xB2, 0xCF,
    0x0A, 0xAA, 0x1A, 0xDC, 0xD1, 0xEB, 0x70, 0x9D, 0x25, 0xA6, 0xC3, 0xFB, 0x6F, 0xB5, 0xA4, 0x99,
    0x32, 0x33, 0xD3, 0x60, 0x87, 0x7F, 0x35, 0x53, 0xA9, 0x59, 0xD8, 0x8D, 0xDE, 0x1D, 0xD6, 0xE6,
    0xCA, 0xF8, 0xD7, 0x71, 0x4A, 0xB6, 0xFB, 0x10, 0xFE, 0xB2, 0x40, 0xF8, 0x5B, 0x11, 0x46, 0xBA,
    0x5B, 0x8A, 0x51, 0x40, 0x62, 0x3D, 0x2D, 0x1B, 0x85, 0xB0, 0xFE, 0x9B, 0x96, 0x11, 0xBE, 0x06,
    0x29, 0x7A, 0x4D, 0x8D, 0x8C, 0x5A, 0xC1, 0xD7, 0x6B, 0x45, 0x6A, 0xAB, 0x08, 0x7F, 0x1F, 0x10,
    0xFE, 0xA8, 0xE7, 0x34, 0xEA, 0x84, 0xCD, 0xB4, 0x07, 0xE1, 0x5F, 0xDD, 0x2A, 0xC2, 0x5F, 0x87,
    0x34, 0xFB, 0xFA, 0xDC, 0x4C, 0x36, 0x25, 0x66, 0x22, 0x2D, 0x7C, 0x7C, 0x34, 0x86, 0xAF, 0xBE,
    0xDD, 0xB4, 0x89, 0xB8, 0x58, 0x8F, 0x9B, 0x03, 0x74, 0x59, 0x97, 0xAD, 0xF2, 0xBD, 0x6F, 0xA5,
    0x51, 0xFD, 0x0C, 0x03, 0x6A, 0xE5, 0x2B, 0xBA, 0xAA, 0x14, 0xF9, 0xBB, 0xF2, 0x5D, 0x04, 0x7D,
    0x78, 0x20, 0xD2, 0xEE, 0x33, 0x5E, 0x33, 0xE8, 0x61, 0x5E, 0x61, 0x8E, 0xD0, 0x5F, 0x86, 0xDE,
    0x2A, 0x9C, 0x6F, 0x83, 0x89, 0xA1, 0x09, 0x95, 0x3E, 0xD2, 0x4B, 0x2B, 0xB9, 0x97, 0xD8, 0xBC,
    0xE0, 0x6B, 0x0F, 0xFC, 0x0C, 0x0C, 0x04, 0x9E, 0xB7, 0x5D, 0xA8, 0xC6, 0xC9, 0x0C, 0x08, 0x51,
    0x73, 0x26, 0xC0, 0x14, 0x58, 0x9D, 0xCA, 0x3A, 0x6F, 0xCE, 0x6D, 0x91, 0x61, 0xCD, 0x9E, 0x99,
    0x10, 0xDE, 0x88, 0x47, 0x4C, 0x86, 0xCD, 0x80, 0x23, 0x48, 0xD2, 0x97, 0x9D, 0xCB, 0xFF, 0x53,
    0x10, 0x83, 0x12, 0x3D, 0xE4, 0xF3, 0xB7, 0x2F, 0xF7, 0x2E, 0xD6, 0xDD, 0x30, 0x2D, 0x94, 0x89,
    0x8C, 0x98, 0x91, 0x39, 0xCD, 0xB3, 0xE2, 0x7B, 0x55, 0x8C, 0x81, 0x14, 0xA7, 0xAD, 0xAF, 0x8B,
    0xDD, 0xBE, 0xDE, 0x86, 0x85, 0x1E, 0xDA, 0x9B, 0xAE, 0x4D, 0x6F, 0x4D, 0x53, 0xB9, 0xCA, 0xF4,
    0x4B, 0xA6, 0x9F, 0x70, 0xE1, 0xB9, 0xEB, 0xB6, 0xDA, 0xB4, 0x87, 0x64, 0x73, 0x48, 0x7A, 0x95,
    0x75, 0x90, 0x51, 0x71, 0x92, 0xEE, 0xE6, 0x5C, 0x3C, 0x9F, 0x9E, 0x1B, 0xBD, 0x4B, 0xC3, 0xFD,
    0x5B, 0xF9, 0xDC, 0x1C, 0x99, 0x2C, 0xE0, 0xAE, 0xD7, 0x5B, 0xD3, 0xFA, 0xC1, 0x85, 0xC2, 0x92,
    0x50, 0xCE, 0x1B, 0x9E, 0xFD, 0xE8, 0x9C, 0xCB, 0x8A, 0xCE, 0xC1, 0x2F, 0x18, 0x3A, 0x27, 0x0E,
    0xE8, 0x9C, 0xA8, 0x9A, 0x9C, 0xA2, 0x73, 0xC4, 0xD0, 0x39, 0x8D, 0x8B, 0xFE, 0x70, 0xC2, 0xC1,
    0x46, 0x8A, 0x05, 0x3A, 0xA7, 0x2C, 0xF2, 0x76, 0xC3, 0xF7, 0x51, 0xF2, 0x9D, 0x66, 0x0F, 0x3A,
    0xA7, 0xAE, 0x7E, 0x0D, 0x74, 0xCE, 0x33, 0xB2, 0x3E, 0x8C, 0xCE, 0xB1, 0x73, 0x4C, 0x3C, 0xAD,
    0x0C, 0x6D, 0xD2, 0x07, 0x74, 0x0E, 0xD6, 0x59, 0xDB, 0x7F, 0x7C, 0xB2, 0x07, 0x9D, 0x33, 0xED,
    0x47, 0xE7, 0xAC, 0xF6, 0x5D, 0x38, 0x43, 0xAA, 0xB2, 0xFD, 0x17, 0xCE, 0xD8, 0xF3, 0xBB, 0x54,
    0xFF, 0x64, 0x40, 0xF1, 0xB8, 0x73, 0x2F, 0xDA, 0x19, 0x27, 0xEA, 0xD9, 0x98, 0xBE, 0xD5, 0xDA,
    0x57, 0xCC, 0xDB, 0xB5, 0x4C, 0xF3, 0xB6, 0x1D, 0x6C, 0x73, 0x8A, 0xA8, 0xC9, 0x8E, 0xFD, 0x66,
    0x92, 0xFF, 0x98, 0xDC, 0x02, 0x51, 0xD0, 0xA9, 0xBD, 0x2D, 0x69, 0x41, 0xA2, 0x48, 0x9A, 0xAF,
    0xC0, 0x0E, 0x4E, 0xC4, 0x80, 0x5D, 0xC0, 0x69, 0x49, 0x83, 0xA0, 0xF3, 0xDE, 0x74, 0x47, 0x5D,
    0x69, 0xA0, 0x5D, 0x53, 0x3A, 0xEA, 0x48, 0x88, 0xA6, 0x66, 0xA0, 0xB7, 0x74, 0xD4, 0xE8, 0x14,
    0x04, 0xE7, 0xEC, 0x53, 0xE6, 0xDB, 0x7C, 0x6D, 0x45, 0x03, 0x57, 0xD6, 0xB1, 0x7C, 0x1D, 0xB2,
    0xA9, 0xEF, 0xDE, 0x90, 0x7D, 0x1F, 0x52, 0x02, 0x2B, 0x3D, 0x68, 0x26, 0xA2, 0xBD, 0x2A, 0xA8,
    0x73, 0x2C, 0xF5, 0xB0, 0x22, 0x9F, 0x72, 0x91, 0x3C, 0xA3, 0x05, 0x3A, 0x0F, 0x61, 0xE1, 0x56,
    0x9B, 0xC6, 0x92, 0x78, 0xC8, 0xCA, 0x33, 0x9D, 0x6F, 0xF0, 0x63, 0xC5, 0xEF, 0xD5, 0x1A, 0x5B,
    0xF3, 0x18, 0xCC, 0x65, 0xC3, 0x7A, 0x5B, 0x97, 0xAB, 0x0C, 0xFF, 0x34, 0x58, 0xD6, 0x73, 0x1F,
    0xD6, 0xF5, 0x4A, 0x25, 0xFA, 0xE7, 0x3E, 0x8D, 0xD0, 0x74, 0xEB, 0x51, 0x7F, 0xBF, 0x87, 0xB4,
    0xFA, 0x9C, 0x02, 0x6B, 0xEF, 0x2F, 0xDC, 0x9D, 0xBA, 0x85, 0xC5, 0x1F, 0xCF, 0x2D, 0x2C, 0x53,
    0x61, 0xB7, 0xB0, 0x74, 0x76, 0x0B, 0x4B, 0x6F, 0xB7, 0xB0, 0xB4, 0x9C, 0xCE, 0x16, 0x37, 0x65,
    0xEF, 0x84, 0x14, 0x6D, 0x24, 0xBB, 0x11, 0xC6, 0xA4, 0xA3, 0x4E, 0xEB, 0x50, 0xE3, 0x47, 0x78,
    0xAB, 0xCD, 0xAF, 0x70, 0x25, 0x3A, 0x99, 0xD6, 0x08, 0x8D, 0x34, 0xAE, 0x35, 0x23, 0x5B, 0x33,
    0xB6, 0x35, 0xA3, 0x5B, 0x33, 0xBE, 0x35, 0x23, 0x5C, 0x23, 0xE3, 0x9A, 0x51, 0xAE, 0x19, 0xE7,
    0x9A, 0x91, 0xAE, 0x91, 0x75, 0x2D, 0x75, 0x4A, 0xBB, 0x56, 0x62, 0x8D, 0x4A, 0x34, 0xC6, 0x52,
    0x24, 0x2C, 0xAA, 0x4D, 0x64, 0x24, 0x0F, 0xD7, 0xA0, 0xDB, 0xDA, 0x9F, 0xDA, 0xCA, 0xD3, 0xDA,
    0x42, 0x7B, 0xF8, 0xBD, 0x6D, 0x0F, 0xB9, 0x46, 0xF5, 0xCF, 0xCE, 0x9E, 0x7B, 0x25, 0x35, 0x9F,
    0xDD, 0x7A, 0x6A, 0x9E, 0xEF, 0x86, 0x69, 0xAC, 0x6F, 0x9A, 0x2B, 0x36, 0xCE, 0xB3, 0xA1, 0x2F,
    0x18, 0xA2, 0xB4, 0x21, 0x4E, 0xEB, 0xB6, 0xE6, 0x50, 0xC5, 0xAD, 0xC5, 0xC9, 0xD6, 0xE6, 0xE6,
    0x99, 0x1B, 0xC3, 0x97, 0xB6, 0xDD, 0xF5, 0x85, 0xAB, 0xD4, 0xB7, 0x97, 0x9A, 0x1F, 0x78, 0x33,
    0xA2, 0xA6, 0x74, 0xBB, 0x90, 0x9A, 0x07, 0x83, 0x99, 0xA6, 0x75, 0x99, 0xC6, 0x63, 0x12, 0x8F,
    0x29, 0x3C, 0x26, 0xF0, 0x4A, 0x6F, 0x64, 0x65, 0x87, 0xEB, 0xC7, 0x15, 0xF9, 0xA5, 0xE5, 0x7D,
    0x5D, 0xD2, 0xE9, 0x8C, 0x6E, 0x21, 0xED, 0xF0, 0xE6, 0x6C, 0x46, 0x9F, 0xE6, 0x9B, 0x76, 0x8E,
    0x40, 0x62, 0x6C, 0x17, 0xB8, 0x8B, 0x78, 0xB2, 0xC6, 0x66, 0x58, 0x82, 0x6D, 0xF3, 0x3A, 0xB8,
    0xBC, 0xE1, 0x9A, 0xE5, 0xE3, 0x45, 0x62, 0xBC, 0xDE, 0x6A, 0xF6, 0x9E, 0x48, 0x8C, 0x36, 0x6F,
    0x03, 0x1E, 0xA3, 0xF4, 0x16, 0xCA, 0x3D, 0x9B, 0x6F, 0x83, 0x3F, 0x3E, 0x85, 0x48, 0x5A, 0xDC,
    0x1E, 0xF2, 0x74, 0x6D, 0x84, 0x9E, 0xB4, 0xF8, 0x53, 0x76, 0xE4, 0x85, 0x06, 0x25, 0x95, 0x99,
    0x0C, 0x8B, 0x25, 0xD4, 0x2E, 0xC7, 0x9A, 0x3B, 0xAC, 0x46, 0xAA, 0x17, 0xA9, 0x7E, 0x9F, 0xEA,
    0x78, 0xE2, 0x4F, 0x4B, 0x82, 0x40, 0xCE, 0xB9, 0x0C, 0x32, 0xE2, 0x00, 0xA7, 0x9C, 0xC2, 0xC6,
    0xB1, 0xEE, 0x55, 0x76, 0x2A, 0x5B, 0x95, 0xCD, 0xE2, 0x10, 0xF2, 0x71, 0xBD, 0x03, 0x4C, 0xE6,
    0x3B, 0xC0, 0xB4, 0x45, 0x84, 0xCB, 0xE4, 0x96, 0x37, 0x77, 0x18, 0x6A, 0x30, 0xEC, 0xD4, 0xB6,
    0x57, 0x2F, 0xE3, 0xCC, 0x76, 0x24, 0xA2, 0x0F, 0x6E, 0xCF, 0x6A, 0xEB, 0xEE, 0x36, 0x0D, 0x69,
    0x67, 0x34, 0xA4, 0xBD, 0xD1, 0x90, 0x76, 0x46, 0x43, 0xDA, 0x1A, 0x0D, 0x69, 0x4B, 0x1A, 0x52,
    0x69, 0x08, 0xC7, 0x99, 0xBD, 0x8B, 0x7C, 0x71, 0xE8, 0x1E, 0x77, 0x21, 0x61, 0x71, 0x6B, 0xBA,
    0x5E, 0xF8, 0xDB, 0x81, 0xA2, 0x8A, 0xFE, 0x5B, 0x66, 0xC4, 0x33, 0x26, 0x4A, 0x88, 0xAA, 0x81,
    0x20, 0x99, 0x8E, 0x09, 0x3B, 0xD5, 0x6E, 0x67, 0x6E, 0x9D, 0x50, 0x9B, 0x27, 0x73, 0x15, 0x53,
    0xB2, 0x5B, 0xC5, 0x64, 0x39, 0x04, 0x8B, 0xEF, 0xD9, 0xAF, 0xB3, 0x66, 0x9E, 0xB7, 0x9B, 0x41,
    0x2C, 0x61, 0xE1, 0x7F, 0xA0, 0x96, 0xF5, 0xEE, 0x07, 0x3C, 0x0B, 0x46, 0x1D, 0xAD, 0xBA, 0x69,
    0x0F, 0xCD, 0x7F, 0x9E, 0xB9, 0x0C, 0xD6, 0xBE, 0x3C, 0x74, 0x9D, 0xFE, 0x1B, 0xA5, 0x6F, 0x3E,
    0x9F, 0x51, 0xF7, 0xEC, 0x02, 0xC6, 0x1F, 0x42, 0x2C, 0xF1, 0x10, 0xE9, 0x0C, 0xB9, 0xD4, 0x41,
    0xDA, 0x12, 0xE9, 0x08, 0xB6, 0x3D, 0x91, 0x1C, 0xF0, 0x6E, 0xD5, 0x71, 0xA5, 0x4B, 0x06, 0x83,
    0x0E, 0x0D, 0x73, 0x3A, 0x2E, 0xB7, 0x6C, 0x49, 0xC6, 0xB0, 0xAF, 0xFB, 0x58, 0xD9, 0xF7, 0x5A,
    0xD4, 0xE3, 0xDD, 0x79, 0xDC, 0x4A, 0x20, 0xA7, 0x64, 0x80, 0x95, 0x39, 0x0B, 0xEC, 0x39, 0x51,
    0x36, 0xA5, 0x1B, 0xC1, 0x18, 0x3F, 0x33, 0x7F, 0x0C, 0x81, 0x5B, 0xCB, 0xAE, 0xA7, 0x9E, 0x91,
    0x5E, 0x11, 0xE3, 0x1D, 0xEB, 0x77, 0xC7, 0x39, 0x2D, 0xF6, 0xDF, 0x83, 0x1D, 0x42, 0xF2, 0xD7,
    0x06, 0x4B, 0xEE, 0xCA, 0xBC, 0xAA, 0xAF, 0xC6, 0x74, 0xCE, 0x02, 0xF7, 0xF3, 0xFA, 0x9E, 0xF2,
    0xC4, 0xC4, 0x1A, 0x2F, 0xFB, 0x61, 0x29, 0x4A, 0xB6, 0xE2, 0x09, 0xA6, 0xF1, 0x74, 0xD8, 0xE4,
    0x8D, 0x8B, 0x85, 0xE6, 0xC4, 0x0F, 0xD4, 0x66, 0x7C, 0x3B, 0x73, 0x12, 0xE6, 0x56, 0x2C, 0x17,
    0xBF, 0x21, 0x85, 0x7B, 0x12, 0xFF, 0x81, 0x2E, 0x6A, 0x93, 0x5A, 0x6D, 0x2D, 0x5A, 0x34, 0x54,
    0x36, 0x58, 0xDE, 0xE2, 0xC1, 0x12, 0x0A, 0x07, 0x7A, 0xE3, 0x44, 0x13, 0xF1, 0x78, 0x5B, 0x4A,
    0x6F, 0x76, 0xAF, 0xA4, 0xDB, 0xB0, 0xA5, 0x16, 0x89, 0x14, 0xDF, 0x1E, 0x91, 0x9D, 0x0B, 0x24,
    0x69, 0x86, 0x16, 0x92, 0x77, 0x2A, 0x79, 0x58, 0x62, 0x84, 0x9B, 0xE0, 0x47, 0xB8, 0xA4, 0x53,
    0xEB, 0x66, 0xED, 0x7A, 0x80, 0x65, 0x7C, 0xD2, 0xC3, 0x34, 0x75, 0xA9, 0x2E, 0xDD, 0xAB, 0xB2,
    0x2D, 0x11, 0x77, 0x1A, 0xD5, 0x3A, 0xE2, 0xD5, 0x3C, 0xA3, 0xC6, 0x3D, 0xA4, 0x76, 0x5F, 0x16,
    0xA4, 0xA5, 0xA3, 0x5E, 0xDA, 0x49, 0xFC, 0xF9, 0xBE, 0x92, 0x01, 0x95, 0xDE, 0x25, 0x91, 0x4D,
    0x39, 0xBC, 0xDC, 0x09, 0x56, 0xD2, 0xB2, 0xDC, 0x99, 0x3F, 0x31, 0x3C, 0x71, 0x81, 0x54, 0x92,
    0xDB, 0x6C, 0x75, 0x63, 0x4C, 0x59, 0x6F, 0x5D, 0xD1, 0x4F, 0x61, 0x90, 0xC5, 0x82, 0xD7, 0xD6,
    0x5B, 0xCB, 0x20, 0xE1, 0x29, 0xB9, 0x53, 0xFB, 0x8A, 0x3B, 0x57, 0xBB, 0xD6, 0xA5, 0x75, 0xDC,
    0xB8, 0xCC, 0x6F, 0xBC, 0xCB, 0x7E, 0x55, 0xD5, 0x24, 0xCB, 0x5B, 0xEB, 0xF6, 0xF2, 0xCD, 0xE2,
    0xAE, 0xD0, 0xF3, 0x85, 0x54, 0xC2, 0x95, 0x50, 0x11, 0x90, 0xF0, 0xDD, 0xED, 0xE2, 0x16, 0xF9,
    0x85, 0x6E, 0x80, 0x42, 0xF7, 0x78, 0x20, 0x6E, 0xE3, 0x01, 0x8C, 0x75, 0x5B, 0xED, 0xF6, 0x2B,
    0x98, 0xED, 0x5B, 0x73, 0xFE, 0xC0, 0x25, 0x54, 0x19, 0x93, 0x09, 0xF9, 0x78, 0xF1, 0x22, 0xDC,
    0x0E, 0xF4, 0x21, 0x23, 0xA3, 0x55, 0xA7, 0x4A, 0x5A, 0xA8, 0x58, 0x3C, 0xD3, 0x9A, 0x5B, 0xAC,
    0x60, 0xA5, 0xC6, 0xBC, 0xAE, 0xE3, 0x1D, 0x12, 0xAB, 0x12, 0xE6, 0x6B, 0xF2, 0x7B, 0xC3, 0xB5,
    0x34, 0x67, 0x74, 0x01, 0xC0, 0x52, 0x88, 0x12, 0x75, 0xF2, 0x52, 0x7E, 0x0F, 0x05, 0x35, 0x38,
    0x0A, 0xD5, 0xAE, 0xF2, 0x2B, 0x43, 0xBC, 0xD0, 0xA1, 0xF6, 0xF3, 0x91, 0x9C, 0x50, 0xCD, 0xAD,
    0x12, 0xCF, 0x66, 0x2D, 0x72, 0xF2, 0x1E, 0x1C, 0x27, 0x1E, 0x13, 0xA5, 0x61, 0x84, 0x06, 0xA6,
    0x9A, 0x58, 0x7A, 0xBE, 0xE8, 0xB8, 0x8D, 0x4F, 0xB7, 0xEA, 0x76, 0x54, 0xBA, 0x13, 0xB6, 0xA2,
    0x8A, 0x5E, 0x6D, 0xB9, 0x35, 0x92, 0x63, 0xA3, 0x70, 0x3B, 0x65, 0x1D, 0xBE, 0x6E, 0xD2, 0xAD,
    0xD2, 0x4C, 0xE2, 0xEB, 0x21, 0x10, 0xE4, 0xDA, 0x96, 0x0B, 0x5F, 0xEB, 0x6E, 0x19, 0xC6, 0x9E,
    0x92, 0x11, 0x26, 0xED, 0xEB, 0x87, 0xC4, 0x9A, 0xB1, 0x3C, 0x1C, 0x9A, 0x9B, 0x50, 0xBA, 0x79,
    0x98, 0x7F, 0x69, 0xF1, 0x19, 0xB7, 0x5D, 0x4A, 0xFC, 0xC9, 0xED, 0xF8, 0xD7, 0x56, 0xDD, 0xDC,
    0xE5, 0x83, 0x45, 0xB4, 0x12, 0x6B, 0x8C, 0xB6, 0x0B, 0xC7, 0x7D, 0xD2, 0xB8, 0xE5, 0x73, 0x7A,
    0x53, 0x13, 0x59, 0x51, 0xE2, 0x37, 0x5F, 0x56, 0x6C, 0x15, 0x12, 0xB0, 0x2B, 0x51, 0x1F, 0x71,
    0x5A, 0x69, 0xF4, 0xCC, 0xD6, 0x8D, 0x93, 0x53, 0x36, 0x3C, 0x1E, 0x55, 0x36, 0xCC, 0x95, 0x21,
    0xEA, 0xE3, 0x46, 0x6D, 0x4A, 0x97, 0x3B, 0x19, 0x80, 0x2C, 0x58, 0xB2, 0x6A, 0xDE, 0xF1, 0xBB,
    0x63, 0x58, 0x57, 0xC7, 0x59, 0x93, 0xA9, 0xCC, 0x29, 0xDF, 0x40, 0xA7, 0xE4, 0xB5, 0xFA, 0xA8,
    0x1A, 0x2B, 0x28, 0xB5, 0xAF, 0x2E, 0x18, 0x60, 0x44, 0x3C, 0xC3, 0xB3, 0xE6, 0x13, 0x04, 0x42,
    0xA7, 0x4E, 0x25, 0x01, 0xEB, 0x53, 0xE8, 0xB7, 0xCD, 0x2C, 0xD7, 0x1E, 0x1E, 0x5D, 0xE6, 0x2D,
    0xB4, 0x96, 0x0D, 0xAC, 0x00, 0xD1, 0xB5, 0x95, 0x78, 0x7A, 0x74, 0xAF, 0x15, 0x62, 0xF8, 0x39,
    0x43, 0x6A, 0x57, 0x97, 0xB1, 0x2A, 0x29, 0x11, 0x43, 0x71, 0xA2, 0xBB, 0xBD, 0xDE, 0x22, 0xA1,
    0x77, 0x36, 0x66, 0x0A, 0xF5, 0x3B, 0x6B, 0x27, 0x92, 0xCA, 0x87, 0x9B, 0x22, 0xA6, 0x50, 0xBB,
    0x4F, 0xFE, 0xA1, 0x92, 0x28, 0xAA, 0x0F, 0x7A, 0xCF, 0xF5, 0xAE, 0x5C, 0xE9, 0x21, 0x3B, 0xD9,
    0x3A, 0xF5, 0x2E, 0xEC, 0xDE, 0x46, 0x69, 0xF5, 0x9D, 0x6B, 0x0B, 0xA9, 0xD9, 0x45, 0xBB, 0x97,
    0xC9, 0xF8, 0x66, 0xFF, 0x6F, 0x40, 0x85, 0x93, 0xB4, 0x8E, 0x07, 0xA7, 0x83, 0x83, 0xC0, 0x99,
    0x74, 0xEF, 0x30, 0x51, 0x4D, 0xB7, 0xC7, 0x44, 0x65, 0xD1, 0xDF, 0x74, 0x0E, 0x40, 0xE0, 0xFF,
    0x42, 0x11, 0xD6, 0xD1, 0xF8, 0xC2, 0x93, 0x4A, 0x26, 0x19, 0xF5, 0xB6, 0x80, 0x6F, 0x46, 0x5B,
    0xB7, 0x93, 0x31, 0xB3, 0xC6, 0x90, 0x99, 0xE9, 0xBB, 0x34, 0xF0, 0x07, 0xD9, 0xF3, 0x89, 0xC5,
    0x33, 0x75, 0x42, 0xE4, 0x87, 0xE2, 0x74, 0x9D, 0xD7, 0x8C, 0x2A, 0xFE, 0xE4, 0x18, 0x9B, 0xC3,
    0x71, 0x72, 0xED, 0xBE, 0xEA, 0xD7, 0xAC, 0x86, 0x4F, 0x7B, 0x86, 0x4E, 0x4C, 0x75, 0x9A, 0x0B,
    0x24, 0x35, 0x42, 0x30, 0xF5, 0x2D, 0x52, 0x2C, 0x7E, 0xB7, 0x12, 0xBD, 0xCE, 0x32, 0x61, 0xD1,
    0x3B, 0x2E, 0x62, 0xD0, 0x5C, 0x4D, 0x93, 0x28, 0xB8, 0xB8, 0x4D, 0xC5, 0x41, 0xE5, 0x13, 0xD5,
    0xA0, 0xAA, 0xA4, 0xAA, 0x54, 0x35, 0xBC, 0x52, 0xD5, 0x94, 0x67, 0x3D, 0x62, 0xCD, 0x53, 0xD3,
    0xB6, 0xEA, 0x49, 0xB1, 0x38, 0x28, 0xFE, 0xBE, 0x1C, 0x1D, 0xF7, 0x2C, 0x24, 0x66, 0x60, 0xD3,
    0xF3, 0x1C, 0x73, 0x47, 0x53, 0x2C, 0x3E, 0x15, 0xF5, 0x0C, 0x90, 0xC4, 0x92, 0xA8, 0x18, 0xD8,
    0x1D, 0xCB, 0xE7, 0xCE, 0x5D, 0x95, 0xF4, 0x09, 0x87, 0xE5, 0x6D, 0x70, 0x58, 0x1E, 0xE7, 0x88,
    0x3E, 0x11, 0x1D, 0x7E, 0x6C, 0x23, 0xFA, 0xF8, 0x0D, 0xC3, 0x93, 0x74, 0xED, 0xC8, 0xD0, 0x8F,
    0x49, 0x41, 0xE9, 0x15, 0xA8, 0x50, 0xC0, 0xE3, 0x3F, 0x73, 0x6F, 0x5E, 0x97, 0xBB, 0x6A, 0x37,
    0x1E, 0xFB, 0x23, 0x92, 0xE8, 0xA4, 0xBF, 0x6B, 0x5C, 0xB2, 0xBC, 0x96, 0xE1, 0xCE, 0xDF, 0x02,
    0x62, 0x5E, 0xDB, 0x86, 0x0A, 0x7B, 0x71, 0xF0, 0xD7, 0xF6, 0xEF, 0xDA, 0xC5, 0x7B, 0x55, 0x41,
    0x89, 0x6E, 0x6E, 0x43, 0xAA, 0xAA, 0x47, 0x90, 0x70, 0xC3, 0xA2, 0xE8, 0xD8, 0x20, 0xE8, 0xDC,
    0x1F, 0x93, 0x8E, 0x9C, 0x1D, 0x2D, 0x29, 0x3C, 0x6A, 0x5E, 0xAC, 0x5B, 0x38, 0xDD, 0x86, 0xD4,
    0x81, 0x88, 0x07, 0x75, 0x56, 0x93, 0x4E, 0x5F, 0x25, 0x6D, 0x55, 0x19, 0x4B, 0x05, 0x0F, 0xAA,
    0x22, 0x87, 0x63, 0xEC, 0x55, 0xA7, 0x2A, 0x3F, 0x54, 0x03, 0xF0, 0x99, 0xC8, 0xB0, 0xEB, 0x23,
    0xA7, 0x65, 0x4F, 0xC5, 0xF8, 0xAE, 0x14, 0xA1, 0xE0, 0x26, 0xE0, 0x66, 0xCD, 0xF5, 0x72, 0x46,
    0x61, 0x66, 0x8A, 0xDE, 0x97, 0x9E, 0xE8, 0xF9, 0x9C, 0x72, 0x0E, 0x6C, 0x2E, 0x82, 0x71, 0x17,
    0x3C, 0x39, 0xF3, 0xE3, 0x2C, 0x41, 0x92, 0xB4, 0x69, 0xC3, 0x45, 0xF0, 0x94, 0x8E, 0x82, 0xA7,
    0x34, 0x47, 0x6F, 0x3E, 0xD8, 0x4A, 0x1E, 0x9E, 0x18, 0x94, 0x20, 0xA5, 0x62, 0x48, 0xDA, 0x7E,
    0x4C, 0x06, 0x03, 0x51, 0xA3, 0x5F, 0xD1, 0x7C, 0x75, 0xC4, 0x8C, 0xEA, 0x66, 0xD2, 0x15, 0x2F,
    0xD7, 0xD4, 0xD0, 0xEB, 0x7A, 0x49, 0xF1, 0xB4, 0x66, 0x62, 0x5D, 0x03, 0x35, 0x9F, 0x75, 0xEB,
    0xE2, 0x74, 0x0E, 0x0D, 0xC7, 0x56, 0xD4, 0x24, 0x68, 0xC4, 0xBD, 0xBA, 0x03, 0x49, 0x9F, 0x43,
    0x65, 0x2D, 0x0F, 0xD4, 0x3F, 0x54, 0x7B, 0x90, 0x01, 0x69, 0x35, 0x24, 0x3A, 0x57, 0x9A, 0x4D,
    0xF1, 0xB1, 0x19, 0x2F, 0x8B, 0x98, 0x77, 0xB9, 0x3F, 0xE6, 0xBD, 0x7C, 0x4E, 0x7E, 0x01, 0xDA,
    0x12, 0x00, 0x94, 0x53, 0x95, 0x4C, 0xE4, 0xFC, 0x60, 0xD5, 0x31, 0x45, 0x0A, 0x73, 0xA5, 0x90,
    0x43, 0x0A, 0xE7, 0xAC, 0xDB, 0x17, 0xB1, 0x3C, 0x01, 0x97, 0xEF, 0x7D, 0x34, 0x74, 0xAD, 0xC3,
    0x51, 0x6C, 0xB7, 0xEE, 0x18, 0xD8, 0x6E, 0x6D, 0x0E, 0x07, 0xC4, 0x15, 0xD4, 0x96, 0x6A, 0x1F,
    0xE2, 0x6A, 0xA0, 0xBA, 0xFA, 0x51, 0xDE, 0xB8, 0x44, 0x3F, 0xEB, 0x09, 0x64, 0xAD, 0x07, 0xBB,
    0x71, 0x89, 0x41, 0xC5, 0x09, 0x79, 0xEE, 0x1B, 0xBD, 0x73, 0x9F, 0x8B, 0x7B, 0x03, 0x57, 0x05,
    0xA1, 0x95, 0x2E, 0x06, 0x6E, 0xA9, 0xD5, 0xD7, 0x5A, 0x3C, 0xEB, 0xD6, 0x6A, 0x8B, 0xE9, 0x3E,
    0x5B, 0x67, 0x94, 0x6C, 0xF1, 0xEA, 0x72, 0x76, 0xD7, 0x4D, 0x0F, 0x31, 0xDA, 0x33, 0x97, 0x76,
    0x18, 0xBA, 0x67, 0x6E, 0x23, 0xB2, 0xAC, 0x85, 0x96, 0x46, 0x52, 0x56, 0xCC, 0x92, 0xB6, 0xB3,
    0x3D, 0x2A, 0x6D, 0x0D, 0xB4, 0xB1, 0x59, 0x85, 0x83, 0x5D, 0x5B, 0xB5, 0x7D, 0x7B, 0xA4, 0xAD,
    0xB2, 0x9B, 0xAD, 0x4F, 0xEC, 0xE6, 0xBF, 0x1B, 0xEE, 0x32, 0xD6, 0x40, 0x1F, 0xC1, 0x08, 0x0C,
    0xF5, 0x5B, 0xD4, 0x32, 0x62, 0x75, 0x7C, 0x24, 0x9D, 0xFE, 0x67, 0xC8, 0xDD, 0x0F, 0xB1, 0xB6,
    0x46, 0x6D, 0x6D, 0x8D, 0x34, 0x4C, 0xC1, 0x98, 0x59, 0x68, 0x81, 0x22, 0x07, 0x36, 0xE1, 0x55,
    0xFA, 0x89, 0xB6, 0x3A, 0x38, 0xDB, 0x93, 0x0E, 0x92, 0x4B, 0xE2, 0xB3, 0x89, 0xF3, 0x19, 0x45,
    0xDD, 0x9A, 0xF8, 0x91, 0x7E, 0x6D, 0xAD, 0xA9, 0xD0, 0x6F, 0x0E, 0x8F, 0xED, 0xF0, 0xB6, 0xC5,
    0x73, 0xB4, 0xFE, 0xB1, 0x69, 0x66, 0x1E, 0x56, 0xC3, 0xFA, 0x88, 0x5D, 0xFE, 0x9E, 0xBA, 0xAE,
    0xF0, 0xDE, 0xA1, 0x65, 0x66, 0xC8, 0x5C, 0x86, 0x59, 0xE9, 0xB3, 0x47, 0xAD, 0x88, 0x2F, 0xDB,
    0x48, 0xC7, 0xBF, 0x47, 0xA4, 0x22, 0x97, 0x9E, 0xE8, 0xFB, 0xEE, 0x23, 0xA7, 0x73, 0xBE, 0x70,
    0x93, 0xCE, 0x59, 0x74, 0x70, 0x71, 0xEF, 0x88, 0x65, 0xAA, 0x70, 0x74, 0x2E, 0xF5, 0x1B, 0x0C,
    0xE4, 0x1A, 0x7F, 0x6F, 0xD0, 0x9C, 0x3D, 0x44, 0x13, 0x28, 0x47, 0x4F, 0x06, 0x71, 0x42, 0x4D,
    0xBB, 0x88, 0x37, 0xE2, 0x84, 0x96, 0x2B, 0x68, 0xD9, 0x19, 0x71, 0x82, 0x3A, 0x55, 0x23, 0x4D,
    0x66, 0x59, 0x3C, 0x7C, 0xF9, 0x5A, 0x88, 0x36, 0x88, 0x79, 0x8D, 0x5B, 0x11, 0xF1, 0x34, 0x7D,
    0xB3, 0x8A, 0x3E, 0xE8, 0x2D, 0x57, 0x58, 0xFE, 0xC1, 0xA7, 0xCC, 0x8F, 0x80, 0x01, 0xA8, 0x7B,
    0x7B, 0x5F, 0xAF, 0xFA, 0xFC, 0xFF, 0x1C, 0xF3, 0xC5, 0xBD, 0xBF, 0xDC, 0xB9, 0xB8, 0x17, 0xB0,
    0x64, 0x57, 0x29, 0x69, 0xA8, 0x46, 0xD8, 0xF0, 0xCF, 0x59, 0x02, 0xA3, 0x08, 0xDE, 0x34, 0x59,
    0x24, 0x58, 0xD7, 0x9A, 0x54, 0x41, 0x54, 0x95, 0x37, 0xA8, 0xE0, 0x0C, 0xDF, 0xAA, 0xFC, 0x1D,
    0xB0, 0x65, 0x64, 0x88, 0xA5, 0x95, 0x41, 0x79, 0xA2, 0x83, 0x4A, 0x0E, 0xAE, 0x7C, 0xC4, 0x24,
    0x18, 0x83, 0x91, 0x60, 0x0C, 0x46, 0x82, 0xD1, 0xDF, 0x9A, 0x2D, 0xA2, 0x60, 0x0B, 0xF6, 0xB9,
    0x4D, 0xE3, 0x10, 0x27, 0x09, 0xB6, 0x80, 0x8C, 0x65, 0x22, 0x89, 0x85, 0x53, 0x5B, 0x6C, 0x8F,
    0xB8, 0x44, 0xF9, 0xFF, 0x01, 0xED, 0x9B, 0x3F, 0xB0, 0xDD, 0xC4, 0xF5, 0xC7, 0x8F, 0xA4, 0xE7,
    0x27, 0x7E, 0xD6, 0xFC, 0x2C, 0x17, 0x38, 0xC3, 0x60, 0x40, 0x29, 0x52, 0x30, 0x0C, 0x20, 0xCA,
    0x14, 0x86, 0x15, 0x0E, 0x33, 0x29, 0xD2, 0xB8, 0xB0, 0xAB, 0x14, 0xA4, 0xA0, 0x4A, 0x11, 0x52,
    0xA4, 0xA0, 0x00, 0x24, 0x20, 0x7D, 0xDC, 0xA4, 0xA2, 0x71, 0x41, 0x45, 0x03, 0x45, 0x0A, 0x67,
    0x06, 0x90, 0x12, 0x0A, 0x8A, 0x14, 0x11, 0x21, 0x33, 0x2E, 0xB3, 0xC9, 0xB8, 0x4A, 0xE3, 0x65,
    0x46, 0x13, 0x64, 0xA3, 0xAB, 0x13, 0xED, 0xF9, 0x9E, 0xA7, 0xBB, 0x0F, 0x3F, 0xCF, 0x24, 0x4D,
    0xFC, 0xFE, 0x69, 0x46, 0xFB, 0x7D, 0xD7, 0xDA, 0x7B, 0xB5, 0xBB, 0xDF, 0x8F, 0xCE, 0xFE, 0xD1,
    0x9A, 0x82, 0x63, 0x77, 0x80, 0x96, 0xAA, 0xF5, 0x08, 0xE5, 0x49, 0x24, 0x56, 0x4D, 0x78, 0x23,
    0x9A, 0xAB, 0x16, 0xDF, 0xCC, 0xA2, 0xE6, 0x2B, 0x16, 0x6D, 0xDF, 0x83, 0x72, 0x22, 0x1A, 0xCF,
    0x31, 0x57, 0x8B, 0xA6, 0x53, 0xCC, 0x8D, 0xFF, 0xDA, 0x18, 0x71, 0xB7, 0x68, 0xE9, 0xA0, 0xA6,
    0x27, 0xD1, 0x96, 0x99, 0x7B, 0xA2, 0x68, 0x11, 0xB6, 0x44, 0x89, 0x57, 0x47, 0x94, 0xCE, 0x1F,
    0x7E, 0xE8, 0x35, 0x9F, 0x88, 0x6A, 0x87, 0xC2, 0xD5, 0xCB, 0x69, 0xEC, 0x72, 0x8E, 0x24, 0xDF,
    0x35, 0x1B, 0xCA, 0xF8, 0xEE, 0x72, 0x72, 0x6F, 0x78, 0xA6, 0x82, 0xD9, 0x1A, 0xDE, 0x50, 0x29,
    0x3F, 0xF8, 0xC0, 0xE3, 0x33, 0x48, 0xC2, 0xD0, 0x94, 0x2B, 0xD1, 0x6C, 0xEF, 0xF3, 0x06, 0x1A,
    0x5B, 0xE8, 0x0E, 0xDA, 0xE0, 0x4B, 0xF6, 0x35, 0xFF, 0x76, 0x26, 0xAA, 0xD9, 0x37, 0x08, 0xDF,
    0x5B, 0xD2, 0x84, 0x1B, 0x33, 0x52, 0xCA, 0xBE, 0x74, 0xF9, 0x44, 0xC6, 0x51, 0x31, 0xFA, 0xD4,
    0x0C, 0xD4, 0x5A, 0xFF, 0x07, 0xF7, 0x54, 0x4B, 0x7D, 0x5B, 0x9B, 0x2C, 0x29, 0xF7, 0x19, 0x37,
    0x4B, 0x9A, 0x4B, 0x6A, 0xDA, 0x77, 0x2B, 0x76, 0x9B, 0xF6, 0x6F, 0x5D, 0xCB, 0x63, 0xCB, 0x5D,
    0xCD, 0xAE, 0x65, 0x32, 0xCB, 0x1F, 0x13, 0xE5, 0xB3, 0xD4, 0xF4, 0x0A, 0x9D, 0xA1, 0xFD, 0x47,
    0x26, 0x55, 0x33, 0x4E, 0x8C, 0x92, 0xB4, 0x45, 0xDA, 0xF9, 0xF4, 0xF9, 0x35, 0xDF, 0x55, 0x48,
    0xA9, 0xB5, 0x63, 0x96, 0xEB, 0xF1, 0xA6, 0xEC, 0x45, 0x87, 0x42, 0x3E, 0xD3, 0x8D, 0x12, 0x4A,
    0x2D, 0xA4, 0x18, 0xA1, 0xA6, 0x81, 0x96, 0x10, 0x3A, 0x07, 0x39, 0xEE, 0xCC, 0x3C, 0x0A, 0x22,
    0x7A, 0x69, 0x39, 0xE7, 0xEF, 0xF8, 0xBE, 0xAF, 0xE0, 0xDB, 0xA9, 0x4F, 0x5F, 0x4C, 0x9D, 0xD4,
    0xA1, 0x97, 0x92, 0x4B, 0x39, 0x47, 0xC9, 0x2F, 0xA4, 0x24, 0x92, 0xE2, 0x38, 0x94, 0xE4, 0x10,
    0xFD, 0x0E, 0x12, 0x4D, 0xD0, 0x54, 0x35, 0x17, 0x0F, 0x63, 0x45, 0x21, 0x9F, 0x5E, 0x82, 0x45,
    0xFC, 0xA8, 0x68, 0xCB, 0x0D, 0xC8, 0x31, 0x3D, 0x32, 0xE7, 0x56, 0xB4, 0x4F, 0x3B, 0x3A, 0x11,
    0x51, 0xE4, 0xBC, 0xA4, 0x6F, 0x4A, 0xCA, 0xA8, 0x8A, 0xC6, 0x89, 0xB5, 0xED, 0xD0, 0x34, 0xC6,
    0x27, 0xAF, 0x3D, 0xB1, 0x5E, 0x2B, 0xA4, 0xE4, 0xB5, 0xBF, 0x47, 0xC4, 0x85, 0x23, 0xCA, 0xA6,
    0xCC, 0x97, 0xC5, 0x79, 0x54, 0xA2, 0xEA, 0x10, 0x92, 0x52, 0x41, 0x92, 0x1E, 0x9A, 0x39, 0x68,
    0x3A, 0x42, 0xE3, 0x09, 0x72, 0x03, 0x21, 0x34, 0x1F, 0x4B, 0x51, 0x33, 0xEF, 0x28, 0x29, 0x95,
    0x92, 0xD2, 0xE1, 0x72, 0xDE, 0x9F, 0x28, 0x52, 0xD0, 0x56, 0xD2, 0x06, 0x88, 0xAE, 0x25, 0x9E,
    0x14, 0xB7, 0x7D, 0xD8, 0x22, 0x54, 0xA5, 0x16, 0x52, 0x9E, 0x3C, 0xC2, 0xA4, 0x9C, 0xA9, 0xA0,
    0xED, 0x48, 0x68, 0x7C, 0xF5, 0xCC, 0x7D, 0x22, 0x1A, 0x35, 0x13, 0x48, 0x49, 0x9D, 0x92, 0xD2,
    0x80, 0x94, 0xE7, 0x95, 0x94, 0x57, 0x4E, 0x34, 0x29, 0x19, 0xEA, 0x51, 0xB3, 0xC8, 0x2C, 0x7D,
    0x49, 0x34, 0x18, 0x2F, 0x74, 0xC3, 0x50, 0x40, 0x4A, 0xE1, 0x04, 0x95, 0x12, 0x11, 0x47, 0xA4,
    0x90, 0xC6, 0x03, 0x2D, 0x8A, 0x8B, 0xF2, 0x02, 0x60, 0x02, 0x62, 0x02, 0x66, 0x14, 0x1A, 0xA5,
    0x46, 0xB1, 0x01, 0x37, 0x0A, 0x8E, 0x92, 0xA3, 0xE8, 0x28, 0x3B, 0x0A, 0x8F, 0xD2, 0xA3, 0xF8,
    0x28, 0x3F, 0x0A, 0x90, 0x12, 0xA4, 0x08, 0x11, 0x18, 0x22, 0x40, 0x44, 0xA0, 0x48, 0x31, 0x52,
    0x8E, 0x42, 0x90, 0x2E, 0x50, 0x25, 0xCA, 0x9D, 0x43, 0x21, 0xBF, 0x15, 0x4D, 0xFE, 0xC5, 0xF8,
    0xDC, 0xD5, 0xCD, 0x7E, 0x22, 0x2C, 0xB4, 0x98, 0xA0, 0x2D, 0x13, 0x48, 0xAA, 0x41, 0xD2, 0x50,
    0xF4, 0x78, 0xFE, 0xD2, 0xE6, 0x04, 0x90, 0x04, 0x67, 0xEB, 0xEE, 0x12, 0x11, 0xF1, 0xF0, 0x96,
    0xDC, 0x61, 0xE3, 0x47, 0x77, 0xAD, 0xAF, 0x8E, 0x2B, 0x06, 0x5A, 0x69, 0xC0, 0xC8, 0x66, 0x06,
    0x40, 0x8D, 0x10, 0xD0, 0x6F, 0xA3, 0x8D, 0x8F, 0xF0, 0xB9, 0x8D, 0x10, 0x6D, 0xAA, 0x43, 0x16,
    0x6D, 0xA2, 0x9F, 0x41, 0xB3, 0x09, 0x5A, 0x30, 0xB4, 0xD5, 0x31, 0x2D, 0xD7, 0x16, 0x97, 0x11,
    0x69, 0x8D, 0x4B, 0x06, 0xB1, 0xBA, 0x8A, 0xD6, 0xB0, 0xFC, 0x1F, 0xB3, 0x70, 0x3A, 0xDF, 0xD1,
    0x63, 0x96, 0xEF, 0x48, 0xDE, 0x1C, 0xF5, 0x90, 0x9B, 0xD4, 0xBF, 0x71, 0x44, 0xD1, 0xEC, 0xC7,
    0xC3, 0xC9, 0x14, 0x2F, 0x69, 0x66, 0xC9, 0xD1, 0x7A, 0x1C, 0xE5, 0x19, 0xD3, 0x8E, 0xEA, 0x53,
    0xAA, 0x46, 0x95, 0xF7, 0x0F, 0x7E, 0x52, 0x77, 0x5E, 0xA8, 0x78, 0xAF, 0xB1, 0x98, 0x0D, 0xA4,
    0xA2, 0xF9, 0xBD, 0xB6, 0x13, 0x65, 0x56, 0x8A, 0x94, 0xAA, 0x0B, 0xD5, 0xC9, 0xA0, 0xAF, 0x41,
    0xFF, 0x2F, 0x2D, 0x3E, 0x6C, 0xBB, 0xAE, 0x5A, 0x2E, 0xF2, 0x76, 0xDE, 0x51, 0x5D, 0xDF, 0x91,
    0xC9, 0xD2, 0x0F, 0x89, 0x52, 0x47, 0x23, 0x51, 0x32, 0xFF, 0xD4, 0x2D, 0x29, 0x7E, 0x86, 0xA5,
    0x16, 0xE5, 0x6D, 0x3A, 0x94, 0x4C, 0x45, 0x10, 0xCA, 0x2B, 0x68, 0xD9, 0x40, 0x8B, 0x2E, 0x44,
    0x8D, 0xE2, 0x44, 0x19, 0x69, 0xFA, 0x2D, 0x23, 0xA7, 0x8C, 0xC4, 0x84, 0x46, 0x41, 0x8B, 0x49,
    0x1A, 0x0C, 0x90, 0x13, 0xD4, 0x09, 0x8C, 0x5C, 0x3A, 0xBA, 0x8C, 0xD0, 0x55, 0x48, 0xCE, 0x50,
    0xF3, 0x11, 0x20, 0x79, 0xB1, 0x80, 0x92, 0x81, 0xC4, 0xF0, 0x2C, 0x02, 0x1A, 0x94, 0x27, 0x1D,
    0xD8, 0x68, 0x52, 0xE8, 0xDD, 0xB6, 0x42, 0xB8, 0xD6, 0x7C, 0xAD, 0x3D, 0x09, 0x8C, 0xC0, 0x44,
    0xDC, 0x2B, 0x63, 0x19, 0xD3, 0x7E, 0x21, 0xA9, 0x46, 0x16, 0x2B, 0x55, 0x6D, 0xD6, 0xF6, 0xBB,
    0xEC, 0xFC, 0x9F, 0x5F, 0xDA, 0xA7, 0x25, 0xF6, 0xDC, 0xF4, 0xDD, 0x59, 0xBA, 0x92, 0x12, 0x1D,
    0x6E, 0x52, 0x74, 0xEC, 0x1B, 0xF3, 0x3B, 0xA8, 0x9B, 0x8E, 0x7D, 0xF3, 0x5B, 0x8C, 0xF1, 0x4C,
    0x25, 0xA5, 0x5F, 0x97, 0x20, 0x32, 0x22, 0xAB, 0x84, 0x88, 0x16, 0x77, 0xF7, 0x47, 0x93, 0x84,
    0x95, 0x80, 0x6B, 0x27, 0x22, 0x9A, 0x9C, 0xAD, 0x1E, 0x95, 0x0E, 0x5D, 0xC6, 0xBE, 0x9B, 0x89,
    0x28, 0x96, 0xB9, 0x4C, 0xE4, 0xA4, 0x8F, 0x6F, 0xB2, 0x86, 0x48, 0xDB, 0xB7, 0xA7, 0xA3, 0x48,
    0x87, 0x1E, 0x71, 0x47, 0x2F, 0x28, 0xF9, 0x3A, 0x95, 0xCE, 0x40, 0x07, 0x73, 0x07, 0xD7, 0x94,
    0x92, 0x76, 0x5C, 0x67, 0xE6, 0xFF, 0xF5, 0xA8, 0xF7, 0x74, 0xD4, 0xFB, 0x7D, 0xEF, 0x7A, 0x34,
    0xD0, 0x13, 0xD2, 0x11, 0x7D, 0xE2, 0xBF, 0xF8, 0xFE, 0xE8, 0x5B, 0x85, 0xDD, 0xBA, 0x06, 0x7A,
    0xF1, 0x2E, 0x1D, 0xFD, 0x91, 0x6E, 0x74, 0x6D, 0x39, 0x2A, 0xCA, 0xC5, 0x08, 0x48, 0x4F, 0x19,
    0x84, 0xEA, 0xE1, 0x4C, 0xDD, 0xC9, 0xB7, 0xCC, 0x22, 0xBC, 0x48, 0xB3, 0x88, 0x25, 0x53, 0x2D,
    0xD2, 0xD3, 0x63, 0x12, 0x99, 0x51, 0x67, 0x85, 0x4F, 0x45, 0x60, 0x54, 0x49, 0x59, 0x90, 0xCC,
    0xF8, 0xDA, 0x35, 0x0F, 0x04, 0xF0, 0x51, 0x29, 0x36, 0x60, 0x70, 0xA2, 0x68, 0x10, 0x49, 0x46,
    0x31, 0x3A, 0xF3, 0x9E, 0x0F, 0x32, 0x12, 0x68, 0xEF, 0x79, 0x22, 0x0A, 0x94, 0xCF, 0x78, 0xE9,
    0x21, 0x1D, 0x3D, 0xE0, 0x28, 0x71, 0xA5, 0x05, 0x0E, 0x2C, 0xA2, 0xE5, 0x24, 0x6E, 0x44, 0xDE,
    0x22, 0x54, 0x5E, 0xAE, 0x8C, 0xBE, 0x70, 0x33, 0xF9, 0x5F, 0x25, 0xE2, 0x85, 0xE7, 0x64, 0x13,
    0x31, 0x65, 0x63, 0xCC, 0x7E, 0x01, 0x65, 0x21, 0xCB, 0x7A, 0xBF, 0x7A, 0xE3, 0xA8, 0xFE, 0xA3,
    0xB7, 0xE7, 0xCE, 0xC6, 0x13, 0x60, 0x7D, 0x98, 0x21, 0x41, 0xF2, 0x07, 0x3E, 0x99, 0xA8, 0xB5,
    0xD9, 0xE4, 0x1D, 0x1F, 0xFC, 0x2F, 0xF5, 0xBE, 0xC8, 0xBE, 0x0D, 0x06, 0x4C, 0xB6, 0xC3, 0xE3,
    0x6D, 0x69, 0x31, 0x9D, 0x4F, 0x79, 0x24, 0x94, 0xBF, 0xF8, 0x36, 0x85, 0xCF, 0x6C, 0x2C, 0xDF,
    0xA5, 0x1C, 0x4F, 0x62, 0xF9, 0x97, 0x8D, 0xC8, 0xCB, 0xF2, 0xE9, 0x6C, 0x2C, 0xA2, 0x4B, 0xB2,
    0x11, 0xAA, 0x95, 0x8C, 0x60, 0xD8, 0x89, 0x90, 0x85, 0x1C, 0x03, 0x97, 0x25, 0x2E, 0xCF, 0x32,
    0xD4, 0x6B, 0xB0, 0xB6, 0x93, 0x38, 0xD3, 0x51, 0x64, 0x8D, 0xBF, 0xD2, 0x62, 0x49, 0x5A, 0x97,
    0xDD, 0x4D, 0xF8, 0x9A, 0x8A, 0x1E, 0x8A, 0xCF, 0x59, 0xFF, 0x7F, 0x5E, 0x0C, 0xD6, 0xC3, 0x79,
    0x6E, 0x2B, 0x44, 0x3A, 0x5A, 0x64, 0x34, 0x62, 0xDC, 0xC7, 0xB9, 0xA5, 0xF0, 0x38, 0x2E, 0x56,
    0xDD, 0xA4, 0x86, 0x52, 0x8E, 0x1D, 0xE5, 0xFC, 0x27, 0x47, 0xE5, 0x1D, 0xB6, 0x54, 0xA6, 0xDC,
    0xD1, 0xB9, 0x18, 0xBF, 0xFF, 0x10, 0x6D, 0x09, 0x8F, 0xAC, 0xDA, 0x3F, 0x51, 0xAB, 0x55, 0xD1,
    0x2B, 0x3C, 0xA3, 0x0F, 0x17, 0x7F, 0x6E, 0xD1, 0x7A, 0x5F, 0x57, 0xE8, 0x2B, 0x46, 0x34, 0xCE,
    0x57, 0x1B, 0xCD, 0x3C, 0x8B, 0x6E, 0xE8, 0xCD, 0xFB, 0xFD, 0x53, 0x03, 0x55, 0x7B, 0x5A, 0x2D,
    0x54, 0x0F, 0x57, 0x13, 0xD5, 0xC5, 0xD5, 0x46, 0xF8, 0x08, 0x23, 0x03, 0x27, 0xD5, 0x4A, 0x35,
    0x31, 0x50, 0xB8, 0x09, 0x3B, 0x03, 0x23, 0xA1, 0x70, 0x34, 0xB0, 0x74, 0xF5, 0x54, 0x4D, 0x5D,
    0x5D, 0x55, 0x5B, 0xF7, 0x7C, 0xDD, 0x33, 0xF6, 0x80, 0x50, 0x9B, 0xF4, 0xC1, 0x9C, 0x5E, 0x52,
    0xB3, 0xED, 0x55, 0xA2, 0x59, 0xCA, 0x3C, 0xFA, 0x20, 0xD6, 0xC8, 0x6B, 0x53, 0x5C, 0x9B, 0xA4,
    0xC4, 0xB3, 0x8C, 0x08, 0x7C, 0x71, 0x8D, 0xF5, 0x75, 0x6E, 0xAB, 0x42, 0x7A, 0xCD, 0x9D, 0x90,
    0x09, 0x85, 0x02, 0x54, 0x00, 0x0B, 0x70, 0x01, 0x30, 0x40, 0x06, 0xD0, 0x00, 0x1B, 0x80, 0x03,
    0x74, 0x00, 0x0F, 0xF0, 0x01, 0x40, 0x40, 0x08, 0x10, 0x01, 0x23, 0x80, 0x04, 0x94, 0x00, 0x13,
    0x70, 0x12, 0x82, 0xB2, 0x03, 0x79, 0x11, 0xD2, 0x42, 0xEA, 0x26, 0xE8, 0x5F, 0x9E, 0xC1, 0xB8,
    0x8B, 0xDF, 0x75, 0xF2, 0x7D, 0x0B, 0x0F, 0x06, 0x00, 0x32, 0xA1, 0xAF, 0xD9, 0x04, 0x78, 0x1C,
    0x9B, 0xDE, 0xF6, 0x92, 0x4F, 0xD0, 0xB2, 0xD2, 0x36, 0x8D, 0x46, 0x5E, 0x60, 0x94, 0x0C, 0xDE,
    0xF9, 0x8F, 0xD5, 0xF8, 0x76, 0x12, 0xDB, 0xE1, 0xBA, 0x98, 0x0E, 0xCF, 0x61, 0xF9, 0x43, 0x0A,
    0x02, 0x57, 0x21, 0x19, 0xAB, 0x9D, 0x77, 0x3A, 0x51, 0x93, 0x41, 0x1F, 0xCB, 0xE1, 0x2F, 0xD5,
    0x04, 0x83, 0x47, 0xB4, 0xF2, 0x3F, 0x2C, 0xC1, 0xE2, 0x6A, 0xF5, 0x18, 0x26, 0x9F, 0xAC, 0x20,
    0xF0, 0xFA, 0xF5, 0xF5, 0x79, 0xC9, 0xBE, 0x99, 0xFC, 0x3D, 0xFE, 0xE0, 0xD3, 0xDD, 0xCB, 0xE3,
    0x76, 0x42, 0xDE, 0x56, 0x1E, 0x82, 0x51, 0x1E, 0xFF, 0x41, 0x30, 0xA8, 0x8E, 0xD2, 0xE3, 0x1F,
    0x5D, 0x91, 0x12, 0xE5, 0x53, 0xEE, 0xA5, 0xE4, 0x56, 0xF0, 0x78, 0x9D, 0xBD, 0x3C, 0x9B, 0x8E,
    0x14, 0x1C, 0xBF, 0x90, 0x54, 0x6D, 0xCA, 0xD8, 0xC9, 0x17, 0x6E, 0xE1, 0xF1, 0x7F, 0x79, 0x83,
    0x45, 0xCE, 0x37, 0x8E, 0xC9, 0xE3, 0x7F, 0x5E, 0xE6, 0x77, 0x91, 0x2F, 0xF1, 0xE7, 0xCE, 0x97,
    0x7E, 0x49, 0x3E, 0x67, 0x4B, 0x59, 0x25, 0x31, 0xE0, 0xCC, 0xDE, 0xBB, 0x25, 0xB3, 0x7D, 0xF2,
    0xBD, 0x53, 0x43, 0xDB, 0x78, 0x8B, 0x3A, 0x6A, 0xAB, 0xBC, 0xA2, 0x9D, 0x87, 0xD7, 0xFD, 0x7F,
    0x0F, 0x82, 0xD9, 0x4F, 0x04, 0xAF, 0x32, 0x1D, 0x5C, 0x7F, 0x33, 0xE3, 0x12, 0x68, 0x90, 0x36,
    0x8F, 0x07, 0x7A, 0x32, 0x70, 0xFA, 0x74, 0xB6, 0xA4, 0x13, 0x0E, 0x94, 0x80, 0xA8, 0xF6, 0xA5,
    0x91, 0x56, 0x9E, 0xEA, 0x8A, 0x72, 0x3F, 0x20, 0x2F, 0xFB, 0xA2, 0x23, 0x53, 0x65, 0xF8, 0x1A,
    0x1D, 0xEA, 0x49, 0xD6, 0x05, 0xEC, 0xEC, 0xD2, 0x8D, 0x5D, 0xF5, 0x4F, 0x06, 0xA2, 0x4F, 0xD3,
    0x25, 0x79, 0x1A, 0x35, 0xEC, 0x89, 0x76, 0xE7, 0xBD, 0x80, 0x96, 0x4A, 0xAC, 0x6D, 0xB6, 0x10,
    0x5C, 0x01, 0xFE, 0x92, 0xA4, 0x62, 0x98, 0x19, 0x25, 0xAA, 0xEF, 0xCD, 0xB1, 0x59, 0x12, 0xEB,
    0x6B, 0xDE, 0xA3, 0x3D, 0xE1, 0x7A, 0x82, 0xA4, 0x21, 0x4A, 0x61, 0xB3, 0x77, 0x77, 0x9B, 0xCC,
    0x70, 0x59, 0x5B, 0xD8, 0x48, 0x22, 0x3F, 0x2C, 0xCD, 0x27, 0x5E, 0x4A, 0x82, 0xE7, 0x11, 0x7D,
    0x58, 0xCD, 0x3D, 0xF1, 0xAB, 0x96, 0xA6, 0xDC, 0xD2, 0xCD, 0xBC, 0x27, 0x8F, 0x5D, 0x3C, 0x63,
    0x2B, 0x92, 0xEF, 0xCA, 0xB2, 0xFD, 0xD6, 0xEF, 0x72, 0x47, 0x66, 0x39, 0xEB, 0xE5, 0xFC, 0x39,
    0x77, 0x62, 0x72, 0xB4, 0x9C, 0xB1, 0x34, 0x24, 0xDE, 0x09, 0x67, 0x1B, 0x1F, 0xFD, 0x70, 0x16,
    0x23, 0x96, 0x61, 0x8C, 0x3B, 0x4F, 0xE6, 0x6B, 0x47, 0x35, 0x2F, 0xA7, 0xC0, 0xD5, 0x50, 0x39,
    0xE2, 0x91, 0x3F, 0x1C, 0x4D, 0x72, 0xC0, 0x9A, 0x0F, 0xAA, 0x04, 0xF7, 0xB3, 0x2D, 0x02, 0x16,
    0x97, 0xC1, 0x46, 0xB6, 0x9C, 0xB9, 0x9C, 0xD8, 0x95, 0x13, 0xA2, 0xDB, 0x3A, 0xCA, 0xE5, 0x79,
    0x72, 0xF4, 0x78, 0xEB, 0xB0, 0x0E, 0x55, 0x5B, 0xC4, 0x10, 0xEE, 0xB4, 0xDD, 0x2A, 0x4A, 0xEE,
    0x6B, 0xBB, 0x9D, 0xE5, 0x7C, 0x93, 0x0A, 0x9E, 0x96, 0x73, 0xA4, 0xDC, 0x47, 0x49, 0x5F, 0x91,
    0x2B, 0xFB, 0x17, 0x67, 0xA4, 0xDF, 0x72, 0xD2, 0x3E, 0xF2, 0x93, 0xCF, 0xEF, 0xBF, 0xF9, 0x5D,
    0x2F, 0xB5, 0xF4, 0xC4, 0x31, 0x33, 0x4F, 0x18, 0x47, 0xC8, 0xB2, 0xD2, 0x6F, 0x5B, 0xAE, 0x88,
    0x27, 0xCA, 0xB9, 0x4B, 0xA4, 0xC1, 0x7B, 0x3F, 0xCB, 0x4A, 0xD8, 0xFA, 0x9A, 0xC4, 0xEC, 0x0A,
    0x26, 0x2F, 0x66, 0x86, 0x4C, 0x22, 0x35, 0xA4, 0x15, 0xB1, 0x3C, 0xFA, 0x42, 0xAB, 0xF4, 0x5E,
    0x52, 0xEE, 0xF0, 0x9C, 0x36, 0xED, 0x28, 0xCD, 0xEF, 0x73, 0x96, 0xB3, 0x3C, 0xE9, 0xF5, 0x44,
    0x86, 0x29, 0xE2, 0x81, 0x4A, 0xEE, 0x2F, 0xEE, 0x05, 0xBF, 0x46, 0xC2, 0x16, 0x02, 0x81, 0xF4,
    0xB9, 0x17, 0x79, 0x3E, 0xF0, 0x0D, 0x56, 0xF0, 0xC6, 0x34, 0xDB, 0x88, 0xE4, 0x90, 0x62, 0xC2,
    0xA7, 0x51, 0x24, 0xED, 0xC3, 0x98, 0xE1, 0x5B, 0x92, 0x85, 0x70, 0xEE, 0x23, 0xBE, 0xC7, 0x2E,
    0xE1, 0xAA, 0x1E, 0x96, 0x2F, 0x9A, 0xA1, 0x98, 0xC8, 0x8C, 0x66, 0xF0, 0x89, 0x5B, 0x3E, 0xD6,
    0x3E, 0x91, 0x65, 0x34, 0xB6, 0x54, 0x3B, 0xEE, 0xA9, 0xB5, 0x6C, 0x89, 0x3B, 0xB6, 0x31, 0x37,
    0xAD, 0xCB, 0x98, 0xEA, 0x8D, 0x54, 0x41, 0x10, 0x15, 0xDB, 0x36, 0xF7, 0x2F, 0x8E, 0x22, 0x66,
    0x54, 0x61, 0xCC, 0x48, 0xA4, 0x13, 0x1F, 0xC2, 0xA1, 0xA3, 0x6E, 0xCF, 0xA2, 0x56, 0x82, 0x65,
    0x84, 0x2D, 0xB4, 0xB1, 0xEE, 0x59, 0xBA, 0x51, 0x68, 0x3C, 0x95, 0x2C, 0x17, 0xC7, 0xF0, 0xBD,
    0x60, 0x51, 0x89, 0x9C, 0x3D, 0x66, 0x2E, 0x23, 0xF4, 0xEE, 0x62, 0x38, 0xE5, 0x74, 0x8F, 0xAC,
    0x49, 0x96, 0xE4, 0xB9, 0x54, 0xDE, 0xD5, 0xF4, 0x68, 0x0F, 0x2C, 0xD2, 0x24, 0x16, 0x09, 0x8E,
    0x87, 0x65, 0xF7, 0x79, 0xC8, 0xCD, 0x70, 0x6F, 0x55, 0xA2, 0x28, 0x0E, 0xDE, 0xCE, 0x8F, 0xC5,
    0xD5, 0x6C, 0x32, 0x18, 0x02, 0x3E, 0xB2, 0xDD, 0x60, 0x12, 0xCF, 0x46, 0x2E, 0x8D, 0xB9, 0x54,
    0xCE, 0x26, 0xFD, 0x31, 0x73, 0x73, 0x6D, 0x9D, 0x4B, 0x10, 0x96, 0x34, 0x86, 0xA4, 0x73, 0xF8,
    0xBC, 0x9A, 0x1E, 0x52, 0xAD, 0x5B, 0x5D, 0x29, 0xD1, 0xC7, 0x1B, 0xCF, 0x88, 0xE1, 0x7E, 0xBB,
    0x2B, 0x2D, 0x9D, 0xD2, 0x07, 0xED, 0x4A, 0x03, 0x03, 0x4A, 0x81, 0x72, 0x40, 0x42, 0x02, 0x91,
    0xB0, 0x40, 0x24, 0x34, 0x10, 0x09, 0x0F, 0x44, 0x42, 0x04, 0xF9, 0x3F, 0x45, 0x9C, 0xFC, 0x63,
    0x0D, 0x11, 0x32, 0x88, 0x84, 0x0D, 0x22, 0xA1, 0x43, 0x3E, 0x79, 0xFB, 0x84, 0x10, 0x22, 0x61,
    0x84, 0x40, 0x09, 0x81, 0x93, 0xF5, 0xAE, 0x60, 0x25, 0xA4, 0x85, 0xAA, 0xF0, 0xE5, 0x40, 0xEA,
    0x20, 0x63, 0x00, 0x4F, 0x7C, 0xA3, 0x26, 0xE1, 0xA5, 0x10, 0x5E, 0xE6, 0x1D, 0xF0, 0xD2, 0x80,
    0x97, 0x0E, 0xBC, 0x58, 0xF0, 0xD2, 0x1D, 0xCB, 0x18, 0x9F, 0x56, 0xF7, 0xBD, 0xC7, 0x1F, 0x82,
    0x8D, 0xAE, 0x73, 0xB0, 0xD1, 0xF5, 0x1C, 0x30, 0x01, 0x25, 0x80, 0x04, 0x8C, 0x00, 0x91, 0x03,
    0x37, 0xBA, 0x46, 0x4A, 0x87, 0xDA, 0x04, 0x36, 0x80, 0x06, 0xC8, 0x00, 0x18, 0xE0, 0x02, 0x58,
    0x80, 0x0A, 0x40, 0x01, 0x26, 0x80, 0x04, 0x88, 0x00, 0x10, 0xE0, 0x01, 0x38, 0x80, 0x06, 0xC0,
    0x80, 0x9B, 0x00, 0x85, 0x90, 0x84, 0x33, 0x57, 0x44, 0x6A, 0xAD, 0x94, 0x5C, 0x4D, 0xDC, 0xA7,
    0xF2, 0xE9, 0xFA, 0x24, 0x20, 0xA4, 0x83, 0x80, 0x50, 0x36, 0x02, 0x42, 0x01, 0x10, 0x7E, 0x7D,
    0x22, 0x40, 0x48, 0xBF, 0xB3, 0x8F, 0xB5, 0x91, 0x15, 0xEF, 0xB2, 0x79, 0xF0, 0x3E, 0xD6, 0x4A,
    0x50, 0x28, 0xC0, 0xC2, 0x2B, 0xC7, 0x26, 0x62, 0x5C, 0x80, 0x70, 0xEF, 0xB0, 0x89, 0x75, 0xD8,
    0xEE, 0x61, 0x8D, 0xFA, 0xBA, 0xBB, 0x7F, 0x03, 0x6B, 0x31, 0x69, 0xCB, 0x55, 0x02, 0x4A, 0x1D,
    0x82, 0xD2, 0x1F, 0x37, 0x50, 0xCE, 0xA0, 0xEB, 0x78, 0x96, 0x88, 0xC7, 0x97, 0xB0, 0x47, 0x35,
    0x1A, 0x7C, 0x31, 0x5C, 0x3E, 0xC0, 0x66, 0x0C, 0x29, 0x12, 0x59, 0x30, 0xC2, 0xC3, 0x6E, 0x29,
    0xE2, 0xE5, 0x6A, 0x36, 0x25, 0x23, 0xE5, 0x2E, 0x72, 0xD8, 0x98, 0xFA, 0x50, 0x86, 0x0F, 0xD1,
    0x6B, 0x80, 0x5D, 0x49, 0xE6, 0x2A, 0xDC, 0x7E, 0x5D, 0x3B, 0x19, 0xE2, 0x4A, 0x45, 0x8C, 0x93,
    0x45, 0xB6, 0xA2, 0x09, 0x5F, 0xC5, 0x9D, 0x8E, 0xEE, 0xF5, 0x58, 0xE7, 0xE6, 0x99, 0x6F, 0xBA,
    0x82, 0xAD, 0xEE, 0x26, 0xE5, 0x64, 0xF0, 0x7B, 0x49, 0x47, 0xDF, 0xCF, 0x0E, 0xC8, 0x7A, 0xB8,
    0x27, 0x05, 0xD4, 0x40, 0x52, 0x0B, 0x35, 0x4E, 0x24, 0x62, 0x68, 0xCE, 0xBD, 0x68, 0xCD, 0x20,
    0xB6, 0xBD, 0x8D, 0xB5, 0xF1, 0xD7, 0xD6, 0x9C, 0xAB, 0xD6, 0x16, 0x60, 0x70, 0x27, 0x64, 0xDC,
    0x12, 0x9B, 0xB7, 0x6C, 0x70, 0xBF, 0xC2, 0xA1, 0x74, 0x90, 0xE2, 0x41, 0xCA, 0x07, 0x29, 0x20,
    0xA4, 0x84, 0x90, 0x99, 0x55, 0x27, 0x68, 0xAD, 0xAA, 0x94, 0x90, 0x62, 0xA2, 0xDA, 0x93, 0x82,
    0x42, 0x4A, 0x0A, 0x29, 0x2A, 0x7B, 0xAC, 0xEC, 0xC1, 0xB2, 0x47, 0xCB, 0x1E, 0x2E, 0x7B, 0xBC,
    0xAC, 0xC0, 0x80, 0x18, 0x45, 0xE6, 0x20, 0x66, 0x32, 0xF9, 0x88, 0x39, 0x93, 0xB1, 0xDB, 0x15,
    0x28, 0x5D, 0xD6, 0x5E, 0x47, 0x0E, 0xDA, 0xAA, 0x71, 0x95, 0xAD, 0x7B, 0x03, 0x91, 0x46, 0x54,
    0x5A, 0x8F, 0x43, 0xDD, 0xC9, 0xCD, 0xA5, 0xC1, 0xC6, 0x60, 0x40, 0xE0, 0xFE, 0x07, 0x03, 0x82,
    0x48, 0x9D, 0x4F, 0x2C, 0x34, 0x9B, 0xA0, 0x39, 0xE3, 0x7A, 0xCA, 0xB8, 0x20, 0xCD, 0x58, 0x21,
    0x43, 0x89, 0x9E, 0xEF, 0x44, 0x7A, 0xDF, 0x6C, 0x1B, 0x2B, 0x1B, 0x24, 0x85, 0xC5, 0x8C, 0x09,
    0x86, 0x5C, 0xAE, 0xFB, 0xED, 0x08, 0x32, 0xE9, 0x0F, 0x9F, 0xEB, 0x58, 0x06, 0x08, 0x43, 0x3F,
    0x16, 0x02, 0xD6, 0x95, 0x00, 0x2C, 0x05, 0x84, 0x6B, 0x01, 0xD4, 0x22, 0xDF, 0x45, 0xA5, 0xA0,
    0x6C, 0x40, 0x41, 0x51, 0xC1, 0xFD, 0xB3, 0x27, 0x2C, 0x02, 0x5C, 0xC1, 0x1C, 0xC9, 0xA7, 0x68,
    0x5E, 0x6F, 0x27, 0x25, 0x43, 0xB9, 0xA4, 0x91, 0x33, 0x82, 0x41, 0xBB, 0x46, 0x00, 0x9D, 0x64,
    0x96, 0x68, 0x72, 0x3A, 0x94, 0x44, 0x7C, 0x46, 0xD7, 0x85, 0x57, 0x7E, 0x07, 0x58, 0xCB, 0x88,
    0x4F, 0xF2, 0x3A, 0xD1, 0xF7, 0xB8, 0xF7, 0xCE, 0x67, 0xD4, 0xC2, 0x79, 0x3A, 0x99, 0xB1, 0xFF,
    0xF7, 0x24, 0xAB, 0xBC, 0x97, 0xA5, 0x19, 0xBF, 0x70, 0x84, 0x0D, 0x22, 0x54, 0xFE, 0xD8, 0x57,
    0xFA, 0x5C, 0x84, 0xDC, 0x87, 0xD1, 0x61, 0x1C, 0xF8, 0xF3, 0x44, 0x3B, 0x78, 0xF0, 0xA0, 0x8F,
    0xB2, 0x0D, 0x34, 0x87, 0x7A, 0x2B, 0xC2, 0x81, 0x5F, 0x38, 0xF2, 0x3B, 0xD4, 0x1E, 0x87, 0x63,
    0x3E, 0x0C, 0xFA, 0x28, 0x91, 0x34, 0x65, 0x5D, 0xDB, 0x5A, 0x07, 0x7E, 0x17, 0x96, 0x17, 0x81,
    0xCB, 0xE9, 0x7F, 0xAF, 0x59, 0x4E, 0x5F, 0xE0, 0xAA, 0x5E, 0xB4, 0xE4, 0xBB, 0xCB, 0x79, 0x5B,
    0xDE, 0x6D, 0xE0, 0xDD, 0x40, 0xA7, 0xEF, 0x07, 0x1A, 0xD1, 0x94, 0x2B, 0xF9, 0xB5, 0xCC, 0x9F,
    0xB3, 0xAA, 0x0C, 0x6A, 0xF5, 0x9D, 0xCB, 0x0C, 0x2D, 0x36, 0xFA, 0xEE, 0x65, 0xD2, 0xF7, 0x2F,
    0xAA, 0x3A, 0x79, 0x5D, 0xB5, 0x1E, 0x40, 0x9E, 0xBC, 0x43, 0xE8, 0xA1, 0xDC, 0x2D, 0x3A, 0x10,
    0xE6, 0xAD, 0x13, 0x65, 0x8C, 0xE1, 0x67, 0x2D, 0x2F, 0xD4, 0x41, 0x24, 0x15, 0x8C, 0xE0, 0x94,
    0x2D, 0x8A, 0x88, 0xCB, 0x30, 0x2B, 0xBA, 0x4A, 0x07, 0x7B, 0x3D, 0xEE, 0xF7, 0xBA, 0x58, 0xBD,
    0x56, 0x1D, 0xA0, 0xD9, 0x75, 0xE8, 0xBA, 0x71, 0xA1, 0xEE, 0x4B, 0x76, 0x11, 0x77, 0x86, 0x5D,
    0xCC, 0xCD, 0x33, 0xAD, 0xF3, 0x4D, 0x5A, 0xDB, 0x84, 0x7D, 0x81, 0x7D, 0xCA, 0x5D, 0x3A, 0xFB,
    0x34, 0xDB, 0x50, 0xC4, 0x4D, 0x3E, 0xF9, 0x76, 0x2B, 0x26, 0x4A, 0xD8, 0x57, 0x32, 0x99, 0xA9,
    0x1E, 0xFD, 0x4D, 0x79, 0xA0, 0x7C, 0xF2, 0xF4, 0xE7, 0x53, 0x76, 0xC7, 0xBD, 0x90, 0x4F, 0xE5,
    0x9F, 0xEF, 0x8D, 0x05, 0x73, 0xC1, 0x43, 0xCE, 0x9B, 0xDC, 0x4F, 0x8E, 0x5C, 0xCE, 0x4D, 0xC2,
    0x4D, 0xBA, 0x91, 0xF9, 0xE3, 0x77, 0x5C, 0x8D, 0xC6, 0xE0, 0xBF, 0xE9, 0xCF, 0xA0, 0x15, 0x8C,
    0x86, 0x84, 0x46, 0x57, 0xA0, 0x25, 0x43, 0x99, 0x3B, 0x38, 0x6F, 0xA0, 0xAE, 0x14, 0x8D, 0x6E,
    0x98, 0x46, 0x33, 0x40, 0xCA, 0x11, 0x6A, 0x2A, 0x55, 0x08, 0x3D, 0xAE, 0x4A, 0x27, 0x84, 0x99,
    0x33, 0xDB, 0xA9, 0x4F, 0x8E, 0xEF, 0xDC, 0xF2, 0x69, 0x79, 0xD9, 0xA7, 0x79, 0x22, 0xD9, 0x33,
    0xB7, 0xEE, 0xB9, 0x8B, 0xB1, 0x7A, 0x3A, 0xAC, 0xCF, 0x15, 0x6C, 0x3B, 0x54, 0x04, 0xE9, 0x28,
    0x3F, 0x78, 0x93, 0x5A, 0xF7, 0xD0, 0x98, 0xF5, 0x8F, 0x82, 0xF5, 0x52, 0x3B, 0xEB, 0xDE, 0x31,
    0xEE, 0x29, 0x12, 0x34, 0x3E, 0xF0, 0xCD, 0x51, 0xED, 0xE5, 0xD7, 0x3F, 0x52, 0x56, 0x16, 0xEA,
    0xCD, 0x1E, 0x0C, 0xC3, 0x1E, 0x0D, 0x8D, 0xE2, 0xF0, 0x57, 0x5A, 0x79, 0x58, 0x81, 0x58, 0x89,
    0x58, 0x91, 0x58, 0x99, 0x58, 0xA1, 0x58, 0xA9, 0x58, 0xB1, 0x58, 0xB9, 0x58, 0xC1, 0x58, 0xC9,
    0x50, 0x24, 0xC2, 0x3F, 0x14, 0x8E, 0x2D, 0x1D, 0x2B, 0x1E, 0x2B, 0x1F, 0x0A, 0x48, 0x40, 0xC8,
    0x8A, 0x88, 0x32, 0x12, 0x42, 0xA2, 0x94, 0x1C, 0x1C, 0x5A, 0xDE, 0x80, 0xCC, 0x07, 0xBD, 0x63,
    0x98, 0xC2, 0xEE, 0xD6, 0x74, 0x22, 0x35, 0xF2, 0x3F, 0xAD, 0x10, 0x51, 0x36, 0x20, 0x2F, 0xA4,
    0xB6, 0x82, 0x0B, 0x37, 0xC2, 0xCB, 0x48, 0x00, 0x86, 0x94, 0x18, 0x20, 0xA3, 0xCC, 0x28, 0x34,
    0x4A, 0x8D, 0x62, 0xA3, 0xDC, 0x28, 0x38, 0x4A, 0x8E, 0xA2, 0xA3, 0xEC, 0x28, 0x3C, 0x04, 0x7A,
    0x08, 0xF8, 0x10, 0xF8, 0x21, 0x00, 0x44, 0x4A, 0xD0, 0x8A, 0x50, 0x1C, 0xBE, 0xF4, 0x0D, 0x3B,
    0x46, 0x98, 0x85, 0x4B, 0xCA, 0x12, 0x7A, 0xE6, 0x1D, 0x9D, 0x2F, 0x80, 0x21, 0xFA, 0xE5, 0x29,
    0x43, 0xF7, 0x33, 0xB4, 0x03, 0x29, 0x21, 0xB5, 0xE6, 0xEB, 0xF1, 0xC9, 0x85, 0x51, 0x39, 0xD5,
    0xAE, 0x8A, 0x21, 0xCF, 0x1D, 0x29, 0x78, 0xB4, 0x4B, 0xD2, 0x3E, 0x29, 0xEC, 0x94, 0xD0, 0x2B,
    0x85, 0xDD, 0x12, 0xFA, 0xA5, 0xB0, 0xB2, 0x68, 0x83, 0x1D, 0xED, 0x9A, 0x80, 0x93, 0x91, 0x90,
    0x84, 0xCE, 0xE9, 0x14, 0x27, 0x0A, 0xBB, 0x2E, 0xF4, 0x5D, 0x6B, 0xE7, 0xA5, 0xBD, 0x17, 0xBA,
    0xAF, 0xB5, 0xFF, 0x02, 0x3E, 0xD2, 0x83, 0xA1, 0x0B, 0x13, 0x01, 0x44, 0xD1, 0x80, 0xAB, 0xD5,
    0xD1, 0x80, 0x0B, 0x53, 0x32, 0xD2, 0x59, 0x19, 0x2A, 0x7E, 0xC7, 0x29, 0x6D, 0x6C, 0xF1, 0xC7,
    0x8F, 0xB8, 0x13, 0x82, 0xCE, 0x46, 0xB3, 0x12, 0x44, 0x07, 0x74, 0x6A, 0xA7, 0x04, 0x65, 0xD7,
    0x1F, 0x91, 0x6F, 0x0D, 0x85, 0x17, 0xDE, 0xD4, 0xFE, 0xEA, 0xCC, 0x2C, 0x58, 0xE8, 0xFF, 0xFB,
    0x28, 0x1C, 0xF2, 0x1E, 0xA9, 0x10, 0x14, 0x86, 0xDB, 0x53, 0x02, 0x1E, 0x4C, 0xC0, 0x83, 0x27,
    0x4D, 0xA8, 0x02, 0xA1, 0xD0, 0xE1, 0xBC, 0x09, 0x13, 0xA7, 0x03, 0x66, 0x4E, 0x47, 0x14, 0x93,
    0xF5, 0x88, 0xF6, 0x75, 0xBD, 0xF9, 0x0C, 0xD9, 0x1C, 0xF4, 0x3E, 0xE8, 0x11, 0x88, 0xD9, 0x37,
    0xB8, 0x6E, 0x91, 0xC7, 0xE0, 0x8B, 0x19, 0x77, 0xB8, 0x08, 0xD9, 0x6D, 0x44, 0xF6, 0x4F, 0xAD,
    0x68, 0x41, 0xAF, 0xE5, 0x39, 0x61, 0xEE, 0x99, 0x37, 0x8B, 0x74, 0x25, 0x5B, 0x6A, 0x67, 0xF1,
    0xD4, 0x58, 0x99, 0xC9, 0x0B, 0x70, 0x5D, 0xCC, 0xB2, 0x01, 0x51, 0xCA, 0xC6, 0x7D, 0x3E, 0x0A,
    0x0C, 0xA5, 0x50, 0xE2, 0xE4, 0xF6, 0x66, 0x60, 0xBC, 0xBE, 0x67, 0xED, 0x0B, 0x20, 0xC3, 0xBA,
    0xA8, 0x0F, 0x76, 0x95, 0x5C, 0xE5, 0x16, 0xB0, 0x22, 0xE7, 0x41, 0xDB, 0x76, 0x67, 0x64, 0xC4,
    0xDC, 0x08, 0x52, 0x30, 0xDB, 0x7D, 0x6D, 0xF0, 0xD2, 0xBE, 0x05, 0x63, 0xAD, 0x74, 0x8B, 0x3C,
    0x66, 0x08, 0x5F, 0x32, 0x44, 0xCA, 0xD1, 0xA5, 0x07, 0xB2, 0xF7, 0xBA, 0xC5, 0x5C, 0x72, 0xF4,
    0x45, 0x4D, 0x79, 0x8A, 0xB8, 0xA7, 0xDD, 0x8F, 0x26, 0xE2, 0xDE, 0x1B, 0x21, 0x3F, 0x9E, 0xCD,
    0x22, 0x29, 0x8B, 0x24, 0x8B, 0x54, 0x5E, 0x22, 0x96, 0xA7, 0x3A, 0x9E, 0xE5, 0x29, 0x4F, 0x26,
    0x91, 0xD4, 0x0B, 0x71, 0xEE, 0x44, 0x5E, 0xB5, 0x22, 0xF0, 0x83, 0x51, 0x5E, 0x9E, 0x49, 0x64,
    0x82, 0x0C, 0x10, 0x1B, 0xFE, 0x0F, 0x45, 0xDE, 0x56, 0xE1, 0xFF, 0x31, 0xB2, 0x37, 0xFF, 0xE4,
    0xCE, 0x0B, 0x33, 0x89, 0x8C, 0x90, 0x5E, 0xF2, 0xDD, 0x3D, 0x06, 0xDE, 0x1E, 0x78, 0x98, 0xD0,
    0xE0, 0x78, 0xBD, 0x1D, 0x3E, 0xE9, 0xDE, 0xB4, 0xA3, 0xE7, 0xE6, 0xDB, 0xE2, 0x66, 0xC4, 0x95,
    0x77, 0x33, 0xF1, 0x32, 0x52, 0xCA, 0xE2, 0x66, 0x32, 0x8B, 0x9B, 0xD1, 0xB0, 0x5D, 0x70, 0x8B,
    0xE0, 0x75, 0xAA, 0x1B, 0x38, 0xFE, 0x3E, 0x7B, 0x29, 0x1A, 0x91, 0xB3, 0x2F, 0xE3, 0xB6, 0xE9,
    0xA0, 0xA3, 0xFA, 0x10, 0xF9, 0x01, 0xF2, 0xC1, 0xF1, 0x79, 0xFA, 0xB5, 0x73, 0x8D, 0xF1, 0x59,
    0x6F, 0x65, 0x30, 0xF6, 0x34, 0x18, 0x74, 0x3E, 0x95, 0x68, 0x17, 0xE0, 0x44, 0x6A, 0x38, 0xB0,
    0x21, 0x11, 0x87, 0xAF, 0xBB, 0x63, 0x1E, 0x0B, 0x80, 0x84, 0xDD, 0xF5, 0x52, 0x4E, 0xB9, 0x74,
    0xD9, 0xDC, 0x7A, 0x61, 0x16, 0x0B, 0x26, 0x34, 0xF3, 0xAF, 0x32, 0x45, 0x84, 0x8E, 0x5B, 0x37,
    0x91, 0x35, 0x8F, 0x61, 0x7A, 0x6B, 0xA4, 0x21, 0xA7, 0x56, 0xB6, 0x0B, 0xF1, 0x2C, 0x10, 0xD4,
    0x62, 0x8E, 0x2D, 0x35, 0xEF, 0xF1, 0x87, 0xE1, 0xDF, 0xCD, 0x56, 0x01, 0xA4, 0x25, 0xC9, 0x15,
    0x3D, 0xFD, 0x7A, 0xFE, 0xEF, 0x64, 0x9A, 0xE9, 0xC1, 0x6E, 0xEC, 0x2E, 0x9B, 0x46, 0x82, 0x4D,
    0xCC, 0x68, 0xF8, 0x08, 0x76, 0x52, 0x35, 0x1B, 0x00, 0x18, 0xEC, 0x17, 0x80, 0x20, 0xB0, 0x13,
    0xC9, 0x04, 0x8B, 0x91, 0x24, 0xBA, 0x93, 0x40, 0x00, 0x03, 0x00, 0x58, 0x0C, 0xB2, 0x1F, 0x99,
    0x8F, 0xC1, 0x8A, 0x98, 0xEA, 0x04, 0x00, 0xB4, 0x20, 0x00, 0x0A, 0x09, 0x24, 0x22, 0x85, 0x0E,
    0xBD, 0xD9, 0xEA, 0xBE, 0xB9, 0xE7, 0xBE, 0xFF, 0xE6, 0x27, 0xDF, 0x6C, 0x48, 0x64, 0x64, 0xEF,
    0xEB, 0x7B, 0xAA, 0xAA, 0xFB, 0xD6, 0xED, 0x73, 0x4A, 0x75, 0xDD, 0xF7, 0xC1, 0xF9, 0xBF, 0x33,
    0xDC, 0xBC, 0xF6, 0xFE, 0x9B, 0x77, 0x1E, 0x36, 0xB1, 0x9A, 0xDA, 0xF9, 0x87, 0x7F, 0xF9, 0xD2,
    0xCF, 0xCB, 0xE1, 0x3F, 0xFD, 0x01, 0x38, 0x52, 0xAF, 0xB4, 0x53, 0x44, 0x00, 0x3F, 0x52, 0x6F,
    0xF0, 0xD5, 0xB3, 0x27, 0xA3, 0x13, 0x19, 0x4F, 0xB4, 0x7F, 0x82, 0xAF, 0xE1, 0x44, 0x9F, 0x9D,
    0x68, 0xCC, 0xC9, 0x11, 0x74, 0xFC, 0xF2, 0xFC, 0x26, 0x2E, 0xF8, 0xDC, 0x56, 0x7F, 0x0A, 0x94,
    0x13, 0xD9, 0x00, 0xEE, 0xEC, 0x6C, 0x20, 0x9F, 0x1A, 0xC5, 0xB8, 0x9B, 0x8A, 0x11, 0x4F, 0xD5,
    0x6F, 0xAB, 0x1F, 0xA9, 0xE3, 0x65, 0x3A, 0xBC, 0x93, 0x0D, 0x4E, 0xC4, 0xF7, 0x22, 0xA0, 0xBF,
    0x7A, 0x7A, 0x8A, 0x17, 0xDC, 0xA3, 0x9F, 0xBE, 0xAB, 0x03, 0xC9, 0x97, 0x60, 0xF7, 0xCE, 0xD4,
    0x7E, 0x21, 0x1C, 0x5E, 0x02, 0x68, 0x67, 0x07, 0xFB, 0x40, 0x0E, 0x96, 0x5E, 0xD4, 0x03, 0xED,
    0xBF, 0x9C, 0x71, 0xEA, 0x4F, 0x7D, 0x18, 0x65, 0xFC, 0xAC, 0xF9, 0xFD, 0xE1, 0xCC, 0x9F, 0x72,
    0x75, 0xAE, 0x2C, 0x8C, 0xDD, 0xC3, 0x73, 0xBB, 0xF2, 0xD4, 0x96, 0x12, 0x6A, 0x1D, 0x20, 0x28,
    0x57, 0xD4, 0x0B, 0xDA, 0x04, 0x17, 0xE1, 0x26, 0x84, 0x11, 0x41, 0x31, 0xA2, 0x9F, 0xF0, 0x06,
    0xCC, 0x9E, 0xA1, 0x14, 0xBF, 0x93, 0xA1, 0xD0, 0x8B, 0x1D, 0x4E, 0xA9, 0x32, 0x9A, 0x84, 0x6E,
    0x42, 0xEF, 0xF1, 0x1A, 0x00, 0xBD, 0xA3, 0xF7, 0xED, 0x62, 0xC0, 0x66, 0x01, 0xB3, 0xA5, 0xD5,
    0x84, 0xC0, 0x5B, 0x00, 0x34, 0xBC, 0x9F, 0x25, 0x8A, 0x91, 0x77, 0x53, 0x17, 0x9B, 0x54, 0x2D,
    0xC5, 0x8A, 0x1F, 0xE3, 0xC2, 0x3A, 0x63, 0x64, 0x9C, 0xCA, 0xAC, 0xAC, 0x8C, 0x97, 0x31, 0x33,
    0x6E, 0xCC, 0x34, 0x1A, 0x3F, 0x42, 0x34, 0x8E, 0x64, 0x69, 0x3C, 0xDF, 0xD3, 0xDF, 0x4E, 0xDE,
    0x21, 0xBF, 0x9F, 0x92, 0xE7, 0x4F, 0x08, 0x77, 0xC5, 0x17, 0x52, 0x90, 0x8F, 0x31, 0x32, 0x4E,
    0x64, 0x15, 0x3B, 0xCD, 0x37, 0xBA, 0x01, 0x5F, 0xD7, 0x1F, 0xB0, 0x16, 0x4B, 0x25, 0xF5, 0x56,
    0x4A, 0xA5, 0x5E, 0x6E, 0x3B, 0xD1, 0xF7, 0x6F, 0x0C, 0x6F, 0x96, 0x66, 0x26, 0x03, 0xBE, 0x3B,
    0x0C, 0x01, 0x9B, 0xEA, 0x78, 0x8C, 0xBD, 0x94, 0x6E, 0x50, 0x31, 0xC9, 0xE4, 0xFC, 0x86, 0x92,
    0x64, 0x08, 0xEA, 0x4E, 0xB9, 0x75, 0xD1, 0x4D, 0x8D, 0xCE, 0xAA, 0x96, 0x7A, 0x2E, 0x54, 0x89,
    0x0A, 0xFC, 0x35, 0xCC, 0xBE, 0xE7, 0x15, 0x64, 0x20, 0x58, 0x0F, 0x6A, 0x9B, 0x7A, 0xB1, 0x12,
    0x32, 0xE0, 0xFE, 0xB4, 0x05, 0x9E, 0x19, 0x32, 0xF6, 0x0A, 0xC3, 0x0F, 0xBE, 0x91, 0xBE, 0x03,
    0x94, 0x09, 0x40, 0x15, 0x15, 0x6A, 0x42, 0x33, 0x29, 0xB4, 0x23, 0x49, 0x10, 0xDC, 0x73, 0xE8,
    0x99, 0x38, 0x1C, 0xB2, 0x17, 0xCC, 0xBE, 0x23, 0xE0, 0x26, 0x68, 0xC7, 0x7F, 0xE0, 0xE4, 0x85,
    0x30, 0x13, 0x12, 0x21, 0x32, 0xD7, 0x45, 0xC2, 0x72, 0x7B, 0xF2, 0xE7, 0x5C, 0x72, 0x87, 0x54,
    0x0A, 0x4B, 0xF5, 0xD8, 0x1D, 0x9F, 0x03, 0x3D, 0x98, 0x95, 0x60, 0x09, 0x0D, 0x36, 0x42, 0xBE,
    0x80, 0xAF, 0xBC, 0x33, 0x7F, 0x61, 0xB8, 0xE4, 0x1C, 0x3E, 0xF9, 0x44, 0xFC, 0xCD, 0x2A, 0x1D,
    0x59, 0xF6, 0xC3, 0x2B, 0x08, 0xEE, 0x39, 0x74, 0x03, 0x68, 0xD5, 0x86, 0x4E, 0x06, 0xC7, 0x89,
    0x63, 0x20, 0x7A, 0x27, 0xDC, 0x8C, 0xD7, 0x28, 0xC6, 0xAB, 0x47, 0xF5, 0x4D, 0x5D, 0xA2, 0xFA,
    0xA6, 0xCE, 0x20, 0xFA, 0xAA, 0xFD, 0x09, 0xFD, 0x0A, 0x6E, 0x53, 0xDC, 0xC1, 0xDE, 0x8E, 0xBC,
    0x9B, 0x43, 0x96, 0x1C, 0x72, 0x3F, 0x5F, 0xF7, 0x85, 0xC7, 0x2B, 0x2A, 0x55, 0x19, 0xBB, 0x5C,
    0x11, 0x6A, 0x85, 0xB9, 0x51, 0x88, 0xF5, 0x0A, 0x7D, 0xFE, 0x08, 0x85, 0xE7, 0x85, 0x7B, 0x5D,
    0xD2, 0x40, 0x54, 0xB9, 0x4F, 0xE8, 0x32, 0x9A, 0x4D, 0x92, 0x86, 0xA3, 0xB5, 0x76, 0x41, 0xBB,
    0x86, 0x09, 0x4E, 0x43, 0x96, 0xD7, 0xA1, 0xF3, 0x70, 0xFC, 0xE8, 0x9F, 0x5E, 0x94, 0x8E, 0xFC,
    0x8B, 0xCE, 0xFE, 0xB7, 0x8E, 0x9F, 0x8C, 0x6F, 0x57, 0x9F, 0xA1, 0xB3, 0xFF, 0xC3, 0xDD, 0xE0,
    0xD6, 0xF2, 0xFF, 0x72, 0xF6, 0xF3, 0xE3, 0x7F, 0x86, 0x9D, 0x0C, 0xF5, 0x77, 0xE3, 0xED, 0x5B,
    0x0F, 0xDF, 0xBF, 0xF5, 0xE6, 0xBD, 0x5B, 0x47, 0xB8, 0x85, 0xFF, 0xF1, 0x45, 0xF5, 0x2A, 0xFF,
    0x6D, 0x55, 0xDE, 0xD4, 0x1E, 0xE5, 0x6F, 0x27, 0x60, 0x7E, 0x7A, 0xFF, 0x2C, 0xDF, 0x0E, 0x92,
    0x6F, 0x9F, 0x23, 0x3D, 0x3D, 0xD7, 0x7B, 0xE7, 0xFA, 0xEC, 0x5C, 0x63, 0xCE, 0x35, 0xF6, 0x1C,
    0x78, 0x69, 0x6E, 0x76, 0xED, 0x1A, 0xF0, 0xF0, 0x6D, 0x14, 0x31, 0xA1, 0xFA, 0xD9, 0x88, 0x2F,
    0x36, 0x3A, 0x74, 0x67, 0x1F, 0x3E, 0x74, 0xB2, 0x69, 0xFF, 0x86, 0xDE, 0xBB, 0xA1, 0xCF, 0x6E,
    0x68, 0xCC, 0x0D, 0x8D, 0xBD, 0x01, 0xE0, 0x25, 0xFA, 0xC1, 0x3E, 0x77, 0xE8, 0xBC, 0xA2, 0xDE,
    0x79, 0x98, 0xD5, 0x32, 0x02, 0xBD, 0x3A, 0xAD, 0x97, 0x64, 0xC7, 0x14, 0xAD, 0x90, 0xBF, 0x66,
    0x9E, 0xE7, 0x66, 0x3C, 0x15, 0xA1, 0x97, 0x59, 0x9D, 0xCB, 0x15, 0xCD, 0x0C, 0x9A, 0xB6, 0x3A,
    0x70, 0x13, 0xCC, 0xDA, 0xA4, 0x83, 0x30, 0xC0, 0xAC, 0x8B, 0x65, 0x86, 0xC0, 0x4C, 0x23, 0xAA,
    0xAC, 0xC3, 0xC3, 0xA0, 0xD1, 0x13, 0xF2, 0x72, 0x90, 0x9A, 0x88, 0x7B, 0xB6, 0x87, 0x5D, 0xD4,
    0xDF, 0xD8, 0x09, 0xD0, 0x8A, 0xEF, 0xFE, 0x16, 0xC6, 0x00, 0x91, 0x51, 0x7D, 0x6A, 0x44, 0xF4,
    0x48, 0x15, 0x49, 0xA5, 0x84, 0x54, 0xC9, 0x52, 0x2E, 0xCD, 0xD2, 0x26, 0xF5, 0x19, 0xBF, 0x1C,
    0x9A, 0xD4, 0x25, 0x1E, 0xD8, 0x46, 0xAA, 0x9B, 0x34, 0xE5, 0xAC, 0xBE, 0xD8, 0xD1, 0xD8, 0x8F,
    0xCD, 0x4C, 0x07, 0x20, 0x08, 0x1A, 0x1A, 0x6C, 0x40, 0x6E, 0xBE, 0x4D, 0x61, 0x68, 0x13, 0x50,
    0x2F, 0x3A, 0x70, 0x51, 0x86, 0x4E, 0x07, 0xEA, 0x3A, 0xB0, 0x23, 0xDD, 0x56, 0x46, 0x86, 0xC0,
    0xDF, 0x08, 0xBD, 0x8D, 0xF0, 0x7B, 0x41, 0xFF, 0x3B, 0x01, 0x4A, 0x75, 0x27, 0x59, 0x7D, 0xE5,
    0x8A, 0x90, 0x70, 0x54, 0x4F, 0x00, 0x95, 0xED, 0xFE, 0xAE, 0xFE, 0x2B, 0x0F, 0x20, 0xE1, 0x53,
    0x6D, 0xDE, 0x59, 0xE5, 0x69, 0xD6, 0x26, 0x77, 0xB3, 0x8B, 0xFD, 0x28, 0xFE, 0x19, 0xDE, 0x3A,
    0x3C, 0x8B, 0xFA, 0x34, 0x97, 0x52, 0xAF, 0x1A, 0x91, 0x9B, 0xB5, 0x5D, 0x9A, 0xEC, 0x12, 0xE3,
    0x5C, 0x0C, 0x23, 0x63, 0xE5, 0xEE, 0x86, 0x67, 0x45, 0xD6, 0x19, 0xDF, 0xBA, 0x4C, 0x89, 0x05,
    0x1F, 0xF1, 0x98, 0xB6, 0x62, 0x2A, 0x3B, 0x29, 0xC4, 0x5B, 0x6D, 0x13, 0x34, 0x2B, 0x3B, 0xD0,
    0x5C, 0xB9, 0x5E, 0xD1, 0xCD, 0x4C, 0x08, 0xCD, 0xC6, 0x3A, 0xDB, 0x8F, 0x6E, 0x72, 0x11, 0xE2,
    0xC3, 0xE0, 0x46, 0x3C, 0x43, 0x0F, 0x07, 0xCD, 0xFB, 0x1A, 0x3E, 0x0F, 0x5A, 0x3D, 0xC2, 0xE9,
    0x15, 0xE1, 0x92, 0x4E, 0xD4, 0x14, 0xD0, 0x0C, 0xE5, 0x66, 0x95, 0x26, 0x78, 0x38, 0x6F, 0x71,
    0x16, 0x58, 0x31, 0xB4, 0x9B, 0x2C, 0x31, 0xC8, 0x97, 0x6F, 0xCA, 0xF6, 0x56, 0x50, 0x0A, 0x58,
    0x65, 0x39, 0x91, 0x6B, 0xE9, 0x7B, 0x8D, 0xF6, 0xDD, 0xA0, 0xD3, 0x2D, 0xC1, 0x21, 0x45, 0x35,
    0x59, 0x12, 0x25, 0xC6, 0x34, 0x1D, 0x13, 0x91, 0x2F, 0x14, 0x34, 0xCF, 0x41, 0x42, 0x6D, 0x82,
    0x98, 0x90, 0x2A, 0x0B, 0x31, 0xFA, 0x96, 0xD4, 0xED, 0xD3, 0xB6, 0xA3, 0x25, 0xBE, 0x0E, 0x60,
    0xC0, 0xBE, 0x9A, 0x92, 0x3B, 0xE0, 0x44, 0x41, 0xC2, 0x88, 0x72, 0x6D, 0x59, 0x00, 0xAA, 0x8C,
    0x6E, 0x2A, 0x36, 0xA0, 0x48, 0xA8, 0x33, 0x25, 0xCA, 0x54, 0x89, 0x6F, 0x57, 0xB8, 0x19, 0x7D,
    0x42, 0x98, 0xE1, 0x32, 0x1A, 0xD5, 0x2C, 0x80, 0x0C, 0x70, 0x03, 0x8E, 0xB0, 0x8B, 0xD0, 0x79,
    0x25, 0xC5, 0x8C, 0x08, 0x56, 0x2F, 0xBA, 0x0C, 0xD5, 0xDA, 0xCF, 0x85, 0x4D, 0x67, 0x37, 0x2A,
    0x11, 0x5C, 0x03, 0x2F, 0xE0, 0xE6, 0x1D, 0xE2, 0x47, 0x01, 0xF5, 0xB4, 0xCB, 0xDD, 0xD8, 0xA6,
    0x6A, 0xAE, 0x75, 0xF5, 0xDB, 0xA9, 0xCC, 0x4D, 0xEC, 0x3D, 0xA4, 0xB8, 0xBB, 0x41, 0x95, 0x97,
    0x0B, 0x8B, 0x27, 0xCB, 0x67, 0xB9, 0xB8, 0x01, 0x85, 0xDF, 0xA4, 0xF0, 0x1A, 0x91, 0x9B, 0xD4,
    0x31, 0x5E, 0xB1, 0xE3, 0x66, 0x9F, 0xC2, 0x5A, 0x47, 0xEC, 0x72, 0x00, 0x37, 0x5D, 0x37, 0xB2,
    0xA0, 0xD7, 0x89, 0x15, 0xB4, 0xCC, 0x28, 0xD6, 0x7A, 0x14, 0x4D, 0xD0, 0x26, 0x37, 0x36, 0x51,
    0xA3, 0xA3, 0x1B, 0x9A, 0x54, 0x2E, 0x01, 0xC7, 0x03, 0xB2, 0x9D, 0x9A, 0xDF, 0x27, 0xD0, 0xDE,
    0xC5, 0xD1, 0x3D, 0x54, 0x9B, 0x95, 0xBA, 0x0C, 0x89, 0x2A, 0x84, 0xA2, 0xDC, 0xBC, 0x53, 0xEC,
    0x53, 0x29, 0x1E, 0x41, 0x11, 0x5C, 0x16, 0xE2, 0x58, 0x6F, 0x86, 0x19, 0x85, 0x0C, 0x0D, 0xD1,
    0x37, 0x0B, 0x76, 0x82, 0x66, 0xE6, 0xDE, 0x6B, 0x13, 0xCA, 0xD5, 0x30, 0xA3, 0x8D, 0xC4, 0x6E,
    0x52, 0x26, 0x50, 0x86, 0xE5, 0x0C, 0xB7, 0xC7, 0x01, 0x55, 0xE2, 0xE2, 0x1C, 0x7B, 0x9C, 0xE0,
    0x5F, 0xAC, 0x4E, 0xAA, 0x00, 0xDD, 0x72, 0x49, 0xC1, 0xA5, 0x92, 0xAB, 0x1E, 0x77, 0x62, 0x65,
    0xF8, 0xDB, 0x80, 0xA8, 0xE5, 0x2B, 0xE0, 0xC4, 0xF3, 0x1F, 0x05, 0xAF, 0xE1, 0xD5, 0x53, 0x98,
    0xDD, 0x83, 0x59, 0x26, 0x90, 0x20, 0xAD, 0x5A, 0x41, 0x53, 0xC6, 0xB4, 0x2E, 0x11, 0x0F, 0x27,
    0xA0, 0x78, 0x0B, 0xDC, 0x47, 0x54, 0xFB, 0x88, 0xC6, 0x22, 0xC8, 0x5B, 0x8D, 0xD4, 0x68, 0x9B,
    0x61, 0x99, 0x0F, 0x8C, 0x69, 0xED, 0x44, 0xA4, 0x34, 0x9A, 0xE0, 0xD3, 0x53, 0xED, 0x03, 0x83,
    0x05, 0x16, 0x2F, 0x62, 0xE5, 0x2C, 0x90, 0x2B, 0x46, 0xAB, 0x18, 0x78, 0x69, 0xEF, 0x01, 0xC7,
    0x8F, 0x50, 0x4B, 0x44, 0x10, 0x38, 0xD1, 0x85, 0x92, 0xD1, 0x09, 0x0F, 0xC7, 0xE8, 0x44, 0xB4,
    0x49, 0xEE, 0x9B, 0xB2, 0xFB, 0xF8, 0xC1, 0xFC, 0x65, 0xCD, 0x3D, 0x34, 0xB3, 0x71, 0xD1, 0xA6,
    0xD8, 0xC8, 0xC0, 0x48, 0x77, 0x91, 0x37, 0x10, 0xEC, 0xAB, 0xDE, 0xED, 0x77, 0x75, 0x93, 0x8D,
    0x84, 0xE3, 0x23, 0xDE, 0xA0, 0xE2, 0xDD, 0x46, 0xC5, 0x36, 0x25, 0x08, 0x2A, 0x59, 0xD8, 0x94,
    0xF6, 0x2F, 0x49, 0xA7, 0x4D, 0xE4, 0x81, 0xFB, 0xB8, 0x62, 0xDD, 0x84, 0x82, 0xF3, 0xE2, 0xFE,
    0x7B, 0x89, 0xA8, 0xD8, 0x4C, 0xCA, 0x98, 0x6F, 0xB4, 0x32, 0xF2, 0x3A, 0x50, 0x3C, 0x3A, 0xEC,
    0x3E, 0x0A, 0xAA, 0x57, 0xEA, 0x69, 0xB3, 0xCA, 0x81, 0x5B, 0x54, 0x0D, 0xFA, 0xA4, 0x62, 0x10,
    0xA8, 0x45, 0x73, 0x50, 0x8A, 0x8C, 0x00, 0x51, 0xB3, 0x17, 0x32, 0x28, 0xA9, 0x9D, 0x78, 0xFB,
    0x9F, 0x47, 0xD2, 0xA5, 0x89, 0x28, 0x57, 0x6A, 0x28, 0xB3, 0xDE, 0x26, 0x72, 0xAF, 0x2D, 0x14,
    0x50, 0xCD, 0xC6, 0x3F, 0x19, 0x1A, 0xFB, 0x3A, 0x91, 0xFC, 0x75, 0x7F, 0x95, 0x79, 0x93, 0x48,
    0xDC, 0xCD, 0xE4, 0xDD, 0x27, 0xD2, 0x56, 0xE4, 0x3A, 0x4D, 0x24, 0x7D, 0x7D, 0x4F, 0x98, 0x56,
    0x6D, 0x78, 0xC3, 0x03, 0x8D, 0xB2, 0x58, 0x80, 0x2E, 0xD7, 0xB2, 0xC1, 0xFE, 0x66, 0x8A, 0xD7,
    0x29, 0xDA, 0xF0, 0x54, 0x68, 0xFE, 0xA8, 0x8D, 0x4C, 0x47, 0x64, 0xA2, 0xBD, 0x43, 0xD3, 0x0F,
    0x14, 0x00, 0xE1, 0x97, 0xC3, 0x83, 0x94, 0x12, 0xF8, 0x05, 0x31, 0x43, 0x84, 0x8A, 0x80, 0xE9,
    0xB3, 0xDE, 0x5E, 0x0C, 0x75, 0xB4, 0x51, 0x9B, 0x19, 0x9D, 0x4C, 0x6C, 0x5A, 0x19, 0x29, 0xA5,
    0x11, 0xF0, 0x1B, 0x2A, 0x1E, 0xE3, 0x8A, 0xD5, 0xC9, 0x2A, 0x51, 0xA7, 0xF3, 0x32, 0x89, 0xA1,
    0x63, 0x63, 0xE7, 0x14, 0x5F, 0xD2, 0x25, 0x50, 0xBD, 0x4E, 0xDD, 0x9B, 0x92, 0x5E, 0x80, 0x58,
    0x8A, 0x3C, 0x2A, 0x17, 0x65, 0xBF, 0x3D, 0x58, 0xBA, 0x8F, 0x03, 0xF7, 0xD2, 0x58, 0xA9, 0x96,
    0x1A, 0x78, 0xB0, 0xA2, 0x80, 0xD9, 0x95, 0x72, 0x73, 0xE7, 0x50, 0x70, 0x82, 0xBF, 0x28, 0x39,
    0x32, 0xF0, 0x68, 0xE6, 0x60, 0xD8, 0x97, 0x9D, 0x43, 0xE1, 0xD1, 0xC1, 0x45, 0xE9, 0x79, 0x5E,
    0x7C, 0x54, 0xF7, 0xBE, 0xFC, 0x74, 0xE9, 0xA2, 0x00, 0x3D, 0x2F, 0x41, 0xCE, 0xEF, 0x8B, 0x10,
    0x97, 0xFD, 0x1F, 0x9D, 0x93, 0x35, 0xB0, 0xEE, 0x44, 0x18, 0x86, 0x9F, 0xE4, 0x9F, 0x9F, 0xCC,
    0x90, 0x22, 0xB8, 0xC3, 0x5F, 0xA3, 0xE9, 0xAB, 0x4D, 0xDF, 0xE0, 0x6E, 0x7D, 0x75, 0xE9, 0x91,
    0x4D, 0xDF, 0xA0, 0x15, 0xEE, 0x2E, 0x7D, 0x01, 0xBB, 0x1D, 0x6D, 0xB0, 0x7E, 0x71, 0x87, 0x65,
    0x26, 0x03, 0xE1, 0xDE, 0x24, 0x2F, 0x9B, 0x7B, 0xFC, 0x1C, 0xFC, 0x9B, 0x7D, 0xE2, 0xFA, 0xED,
    0xFB, 0x00, 0x70, 0xA1, 0x5A, 0x9C, 0x42, 0x2E, 0xF5, 0xC5, 0x58, 0x0D, 0x55, 0x2C, 0xC7, 0x3A,
    0x14, 0xA3, 0xE9, 0x8A, 0xD1, 0xFA, 0x72, 0x74, 0x6D, 0x39, 0xA8, 0xAD, 0x7A, 0x35, 0x9B, 0xA8,
    0xA6, 0x0E, 0x6A, 0x8D, 0x77, 0x5E, 0x8D, 0x3D, 0x31, 0x63, 0x34, 0x50, 0xAA, 0x83, 0xB3, 0xD8,
    0xAE, 0x7C, 0x84, 0x32, 0x51, 0x27, 0xDC, 0x40, 0xAE, 0x9E, 0xF2, 0xB7, 0x48, 0xFD, 0x7E, 0xC4,
    0x95, 0x31, 0x1F, 0xAB, 0x50, 0xC6, 0xAA, 0xDB, 0x7C, 0x79, 0xEC, 0x4B, 0x23, 0xCD, 0x89, 0x69,
    0x7D, 0xA3, 0x7B, 0x0C, 0x2C, 0xE0, 0x00, 0x01, 0x40, 0xAD, 0x01, 0x93, 0xB0, 0xEA, 0x71, 0xC0,
    0x0C, 0xD9, 0xDC, 0x90, 0x6B, 0x60, 0x25, 0xC1, 0x29, 0x6A, 0xC0, 0xB5, 0x60, 0x13, 0x69, 0x9D,
    0x09, 0xCA, 0x99, 0xDB, 0xDC, 0x80, 0x53, 0x87, 0x9D, 0x61, 0xDD, 0xB0, 0x5D, 0xC7, 0x46, 0x0A,
    0x4D, 0xD4, 0x7A, 0x0C, 0x17, 0xC8, 0x05, 0xC5, 0x08, 0x95, 0x06, 0x36, 0x52, 0x63, 0xBE, 0x93,
    0x37, 0xBE, 0xEE, 0x4C, 0xBB, 0x09, 0x36, 0x91, 0xD6, 0x9D, 0x59, 0x8E, 0xFC, 0xAA, 0xB6, 0xD2,
    0x4C, 0xAE, 0x1E, 0xD6, 0xB0, 0x91, 0x5A, 0x23, 0x85, 0x44, 0x67, 0xB1, 0xED, 0xBB, 0x88, 0xFB,
    0x56, 0xCB, 0x83, 0x7A, 0xA8, 0x03, 0x58, 0x0F, 0x82, 0x7C, 0x86, 0x62, 0xE7, 0x70, 0x04, 0xD3,
    0x25, 0x7C, 0xA2, 0x81, 0x35, 0xB0, 0xAF, 0xE7, 0x31, 0x9F, 0xEF, 0xEE, 0x57, 0x63, 0x31, 0x14,
    0x43, 0x99, 0xD6, 0x55, 0x5C, 0xC9, 0x7A, 0x34, 0x93, 0x69, 0xA2, 0x3C, 0xAE, 0xA6, 0xEE, 0x9C,
    0x37, 0x4B, 0xBF, 0x9B, 0x44, 0x6B, 0xBD, 0xFD, 0x2A, 0x1D, 0xD3, 0x44, 0xA1, 0xC0, 0x6E, 0x95,
    0x6A, 0xB1, 0x8A, 0xE8, 0x99, 0x31, 0x9F, 0x56, 0xE3, 0x6A, 0x59, 0x0E, 0xD9, 0x54, 0x24, 0x4E,
    0x6E, 0xEB, 0x89, 0x31, 0x93, 0x06, 0x6A, 0x45, 0xA8, 0x03, 0x38, 0x4F, 0x29, 0xCE, 0xD1, 0x80,
    0x51, 0x87, 0xF9, 0x1D, 0x00, 0xD6, 0x0F, 0x5D, 0x80, 0xFB, 0x45, 0x5E, 0x5F, 0xCB, 0x97, 0x3F,
    0x2F, 0x33, 0x5F, 0xFB, 0xAA, 0x37, 0x4D, 0x15, 0x0D, 0x9B, 0xCE, 0x52, 0xFB, 0xF7, 0x30, 0xED,
    0x74, 0x8F, 0x69, 0x14, 0x6D, 0xA6, 0xE0, 0x50, 0xB3, 0x3B, 0xF1, 0xA5, 0x1A, 0xEC, 0x76, 0x86,
    0xA6, 0x94, 0xA1, 0xFE, 0x9F, 0x33, 0x24, 0xAF, 0xD6, 0x9E, 0xD0, 0x5E, 0x86, 0x6E, 0x00, 0x80,
    0xA2, 0xCF, 0x34, 0x54, 0xE9, 0x39, 0x8A, 0x54, 0x91, 0x4D, 0xA0, 0xEE, 0x30, 0x7E, 0x19, 0x36,
    0x8D, 0x16, 0xD7, 0x20, 0x10, 0x17, 0x2A, 0x58, 0xF5, 0x4E, 0x71, 0xBB, 0xA3, 0x0D, 0x4E, 0xDD,
    0x4A, 0x8A, 0xE5, 0xF2, 0xFE, 0x90, 0x3A, 0xEA, 0xAB, 0xB8, 0x3B, 0x35, 0xB9, 0xB6, 0x82, 0x69,
    0x02, 0x99, 0x1A, 0x8A, 0x71, 0xBB, 0x17, 0x52, 0x27, 0xC9, 0x5B, 0xA9, 0x01, 0xA0, 0x9C, 0xC1,
    0xC9, 0x67, 0x52, 0x58, 0x25, 0x17, 0xB2, 0x50, 0x05, 0xD8, 0x74, 0xE0, 0x5A, 0x2E, 0x9C, 0x41,
    0x09, 0xA7, 0x16, 0x8C, 0xDF, 0xC2, 0xB6, 0xE4, 0xE2, 0xEC, 0x77, 0x26, 0xAC, 0x7A, 0x8C, 0x5A,
    0xD6, 0xD7, 0xB0, 0x5D, 0xD9, 0x51, 0x1B, 0x8A, 0x64, 0xC3, 0x26, 0xD9, 0x60, 0xCB, 0x98, 0x4D,
    0x55, 0x28, 0xFA, 0x93, 0x36, 0x7C, 0xB2, 0x63, 0xC3, 0xA9, 0xAF, 0xBB, 0x57, 0xC1, 0x36, 0x07,
    0x6C, 0xB8, 0xEC, 0xF5, 0x57, 0xF7, 0x6C, 0xB8, 0xF1, 0x9A, 0x2D, 0x1B, 0x58, 0x1E, 0xC7, 0x4A,
    0x33, 0x14, 0x87, 0x6C, 0x40, 0x50, 0xCC, 0xDC, 0xE8, 0x46, 0x9C, 0xC2, 0x21, 0x1B, 0xEA, 0x91,
    0x5C, 0x13, 0x1B, 0xBD, 0x88, 0xFB, 0x62, 0xBB, 0x17, 0x7B, 0x36, 0xD4, 0xC7, 0x17, 0x1B, 0xCC,
    0x51, 0x1B, 0xBE, 0xDC, 0xB2, 0x61, 0xA5, 0x1E, 0xCE, 0x86, 0x0B, 0x5E, 0x7F, 0x7D, 0x9F, 0x0D,
    0xCE, 0xEF, 0xDA, 0x50, 0xFE, 0x0F, 0x1B, 0xB6, 0x13, 0x9C, 0x69, 0xCF, 0x86, 0x62, 0x48, 0x36,
    0xCC, 0xD6, 0x23, 0x81, 0xC6, 0xC5, 0x06, 0x0E, 0xDA, 0x60, 0xBC, 0xFD, 0x40, 0x8D, 0xD1, 0x4C,
    0xA9, 0x00, 0x67, 0xED, 0x7B, 0x96, 0x51, 0x44, 0xEF, 0xFC, 0x85, 0x0D, 0x37, 0x6F, 0xD9, 0x60,
    0xF7, 0xD9, 0x50, 0x88, 0xB5, 0x1B, 0xB1, 0x0A, 0x98, 0x09, 0x32, 0xE0, 0x0F, 0x54, 0x92, 0x21,
    0x8C, 0xD4, 0x60, 0x10, 0x85, 0xBF, 0x6E, 0x73, 0x57, 0x92, 0x8A, 0x22, 0xF0, 0x55, 0x58, 0xEA,
    0xD5, 0x5F, 0x87, 0x3D, 0x73, 0xDE, 0xE2, 0x15, 0x82, 0xF0, 0xD7, 0x2B, 0x04, 0x04, 0x9F, 0xA0,
    0x16, 0x71, 0xF8, 0x84, 0xB4, 0x5E, 0xD5, 0xAB, 0x55, 0xE8, 0x8A, 0x8A, 0x06, 0xDA, 0xFF, 0xB1,
    0xFB, 0x68, 0xF6, 0x96, 0x11, 0xFD, 0xF2, 0x9A, 0x99, 0xD7, 0x74, 0xDE, 0x50, 0x48, 0xD2, 0x40,
    0x75, 0x83, 0x0E, 0x62, 0xFA, 0xAE, 0x16, 0xC2, 0x4C, 0x6C, 0x21, 0x4E, 0x44, 0xA0, 0x9F, 0xF8,
    0x08, 0xE8, 0xC4, 0x3B, 0x40, 0x23, 0x40, 0xA6, 0x01, 0xE0, 0xB0, 0xC3, 0xD3, 0xE4, 0xCF, 0x00,
    0x0A, 0x7D, 0x79, 0x04, 0x4A, 0x01, 0x50, 0x25, 0x37, 0x3E, 0xE9, 0x88, 0x3B, 0x12, 0xC6, 0x06,
    0xD0, 0xAC, 0x00, 0x84, 0xC5, 0x88, 0x1B, 0x1E, 0xD3, 0x04, 0x34, 0x06, 0xC1, 0x70, 0xDD, 0x61,
    0x23, 0xB9, 0xB9, 0xB1, 0x0F, 0xBD, 0xE4, 0x77, 0x5F, 0xD5, 0x42, 0x91, 0xB8, 0xA0, 0x5A, 0x11,
    0xD0, 0xCC, 0x24, 0x20, 0x4C, 0x7C, 0x06, 0xE2, 0x09, 0xAE, 0xFF, 0x10, 0x25, 0x01, 0x92, 0x36,
    0x8C, 0x15, 0xC8, 0x05, 0x90, 0xBD, 0x55, 0xF6, 0x70, 0x11, 0xFE, 0x6E, 0x61, 0x70, 0xFF, 0x94,
    0x8E, 0x9F, 0x80, 0x6A, 0x01, 0xEC, 0x0C, 0x76, 0x06, 0x5E, 0x87, 0x91, 0xBB, 0x1F, 0x04, 0xB9,
    0xB5, 0xBF, 0xC1, 0x48, 0x9C, 0xEF, 0xA5, 0x96, 0x37, 0x2D, 0x3C, 0x00, 0xF0, 0xC8, 0xB5, 0xB2,
    0x5E, 0xE9, 0x2A, 0x82, 0xDB, 0xF7, 0x92, 0xA4, 0xF9, 0x59, 0xFC, 0xD2, 0xCA, 0x5E, 0xAD, 0xC6,
    0x90, 0x00, 0xF6, 0x20, 0x2A, 0xFD, 0x2F, 0xEA, 0x6E, 0x5F, 0x51, 0x57, 0x09, 0xB5, 0x00, 0xE4,
    0x67, 0x91, 0x32, 0xB1, 0x8B, 0xB6, 0xDA, 0x0E, 0xBB, 0x28, 0x44, 0xB3, 0x16, 0x3A, 0x52, 0xCB,
    0x61, 0xC5, 0xA5, 0x97, 0x90, 0x3A, 0xCA, 0x74, 0xD0, 0x24, 0x6D, 0x79, 0xEA, 0x3B, 0x5F, 0xC8,
    0x50, 0x6E, 0x14, 0x4B, 0xD1, 0x5E, 0x44, 0xA2, 0x5A, 0x29, 0x17, 0xA0, 0x96, 0x4E, 0x16, 0x09,
    0x68, 0xF4, 0xCD, 0x0B, 0xCA, 0x35, 0xEC, 0x81, 0xD6, 0x33, 0x99, 0x66, 0xDF, 0x14, 0x34, 0x13,
    0xC4, 0x15, 0x2F, 0xCD, 0x8F, 0x3A, 0x41, 0xDC, 0xC5, 0xCB, 0x5C, 0xD0, 0x5B, 0x9C, 0xDE, 0x7F,
    0x38, 0x08, 0x34, 0x03, 0xF1, 0xCF, 0xAA, 0x43, 0xA2, 0x96, 0x06, 0x88, 0x9A, 0xA5, 0x95, 0x68,
    0x11, 0x34, 0xF6, 0xFF, 0xD6, 0xDC, 0xD9, 0xA9, 0xBE, 0xD0, 0x95, 0x5D, 0x77, 0xCD, 0x5D, 0x0B,
    0xE0, 0x04, 0x1C, 0xF9, 0x84, 0x63, 0x3D, 0x41, 0xA5, 0xDF, 0xFD, 0x08, 0x21, 0xD1, 0x0C, 0xA0,
    0xE9, 0x0C, 0xDF, 0x75, 0x68, 0xC9, 0x05, 0xAF, 0xA0, 0xDC, 0x6C, 0x76, 0xCE, 0x3D, 0xE1, 0xA9,
    0x0D, 0x8A, 0xFD, 0x50, 0xC2, 0x6D, 0xFC, 0xB5, 0x6C, 0xDC, 0xD8, 0xD8, 0x39, 0x0E, 0x7B, 0xCB,
    0x0D, 0x56, 0xA3, 0x49, 0xF0, 0x02, 0x2A, 0x8D, 0xD9, 0x4F, 0x28, 0xED, 0x66, 0xEF, 0x05, 0xE8,
    0xA5, 0x11, 0x28, 0xB5, 0x01, 0xF0, 0x77, 0xA2, 0x40, 0x0C, 0x00, 0xAD, 0xD5, 0x3F, 0x88, 0xE6,
    0x44, 0x18, 0x06, 0xF0, 0x27, 0x09, 0x6B, 0x8E, 0x0B, 0xCB, 0xD8, 0x1C, 0x58, 0x39, 0x3D, 0x08,
    0x69, 0xEC, 0x27, 0xC7, 0x15, 0xB6, 0x16, 0x7E, 0x16, 0x56, 0xB6, 0x5E, 0x75, 0x3D, 0x42, 0x02,
    0xD7, 0xE3, 0xD5, 0x56, 0x36, 0x0A, 0xF7, 0x5D, 0x6B, 0xFB, 0x5D, 0x06, 0xAF, 0xB0, 0x34, 0x60,
    0x61, 0xE9, 0xD4, 0xDB, 0x38, 0x78, 0x1F, 0x5C, 0xBC, 0x9D, 0xCC, 0xEB, 0x3C, 0xB3, 0x61, 0xBF,
    0x70, 0xBB, 0xB8, 0x82, 0xBE, 0xB0, 0x3F, 0x52, 0x4C, 0xF6, 0xFD, 0x93, 0xD9, 0x77, 0x51, 0x80,
    0x51, 0x0F, 0x54, 0x3B, 0xDA, 0x7B, 0x2A, 0x43, 0xA2, 0x5A, 0x12, 0x50, 0x47, 0x14, 0xBB, 0xCF,
    0x8C, 0xA4, 0x88, 0xE3, 0xC6, 0x36, 0xAB, 0x66, 0xF0, 0xA4, 0x50, 0xC8, 0x44, 0x8D, 0xA7, 0x6A,
    0xA2, 0x55, 0x47, 0x37, 0x51, 0x1C, 0x13, 0xCD, 0x92, 0x68, 0x99, 0x63, 0x14, 0x87, 0x52, 0x64,
    0x46, 0x73, 0x19, 0x23, 0xDA, 0xD7, 0x41, 0x06, 0xF3, 0x2A, 0xF4, 0x56, 0x3D, 0x0A, 0x2D, 0xCA,
    0x2A, 0xDC, 0x03, 0xAA, 0x80, 0xFF, 0x0E, 0xA3, 0x23, 0xD5, 0xB4, 0xF6, 0x44, 0xC3, 0xA6, 0xF6,
    0xD1, 0x3E, 0xD8, 0x75, 0xD0, 0x3E, 0x37, 0x17, 0x36, 0x8D, 0x2E, 0xD9, 0xDC, 0x66, 0xEB, 0xA8,
    0xD8, 0x44, 0x2D, 0x79, 0x64, 0x81, 0x36, 0x9E, 0x96, 0x16, 0x9B, 0xF8, 0x7F, 0xCA, 0xAE, 0xAB,
    0x70, 0x0E, 0xFD, 0x34, 0xB4, 0x9D, 0xF9, 0x35, 0x4D, 0x45, 0xA7, 0xF9, 0x74, 0xB5, 0xC8, 0x82,
    0x42, 0xE4, 0x08, 0xF4, 0x1C, 0xB8, 0x96, 0x0E, 0xA8, 0x73, 0x21, 0x9E, 0xE4, 0xB8, 0x0F, 0x7C,
    0x07, 0xB4, 0x43, 0x39, 0x03, 0xE3, 0x54, 0x47, 0x94, 0x32, 0x94, 0xE9, 0xDD, 0x05, 0xE8, 0x27,
    0xED, 0x39, 0x81, 0x3E, 0x37, 0x27, 0x9B, 0x30, 0x24, 0x70, 0x36, 0xDA, 0x57, 0x91, 0x23, 0x29,
    0xC4, 0x56, 0xC2, 0x57, 0xF8, 0xA2, 0xEE, 0xF8, 0xF1, 0xCE, 0x80, 0x4F, 0x81, 0xA2, 0x03, 0x94,
    0x07, 0x4C, 0x00, 0x44, 0x50, 0x89, 0x58, 0x25, 0xE2, 0xCD, 0xEF, 0x6F, 0xC2, 0xF8, 0xCD, 0x9F,
    0xB1, 0x55, 0x7E, 0xBE, 0xA7, 0xFC, 0x97, 0x3C, 0x73, 0xDB, 0xCF, 0xB9, 0xF2, 0x4F, 0x8C, 0xF2,
    0x61, 0xFC, 0xE5, 0x75, 0x6C, 0xFF, 0xB8, 0x9C, 0x1B, 0x11, 0x57, 0x8A, 0x0C, 0x18, 0x23, 0xD0,
    0xCE, 0x40, 0xE3, 0x6E, 0xDC, 0x99, 0xB8, 0xB9, 0x33, 0x4C, 0x18, 0xA0, 0x2E, 0xA3, 0x5C, 0xDD,
    0x19, 0xF5, 0x2A, 0x18, 0x54, 0x8F, 0xC2, 0x07, 0xB7, 0x4F, 0xF1, 0x69, 0xF8, 0x08, 0x3A, 0x0D,
    0x30, 0x1D, 0x5E, 0x64, 0x68, 0x6E, 0x0C, 0x70, 0x3D, 0xF7, 0xE0, 0xF3, 0xBF, 0x76, 0x1D, 0xBF,
    0xB6, 0x3B, 0xF1, 0x78, 0xBF, 0xDF, 0x3F, 0x03, 0xD0, 0xDB, 0x7F, 0x87, 0xB1, 0x28, 0x6C, 0xA2,
    0xF6, 0x09, 0x3D, 0x27, 0x7A, 0x67, 0x6C, 0x21, 0x9D, 0xB1, 0x75, 0x80, 0xB1, 0xFA, 0xED, 0x7E,
    0xB4, 0x1C, 0xF4, 0x15, 0x2D, 0x69, 0x66, 0x16, 0x10, 0xAF, 0xFF, 0x82, 0x0C, 0xFB, 0x55, 0xA4,
    0x9A, 0xD6, 0x8B, 0x6B, 0x26, 0xFC, 0x13, 0xF6, 0x1D, 0x3E, 0x26, 0x4B, 0xE2, 0x27, 0xE9, 0xD2,
    0x93, 0x4C, 0x89, 0xF6, 0x98, 0xA8, 0x17, 0x98, 0x8B, 0x17, 0x82, 0x53, 0x05, 0x64, 0x00, 0x4A,
    0xA6, 0xCF, 0x85, 0x70, 0x01, 0x94, 0x62, 0x81, 0x42, 0x90, 0xE2, 0x6B, 0xF2, 0x3E, 0xC9, 0xC9,
    0xB6, 0x56, 0x1D, 0x55, 0x13, 0x6D, 0x8F, 0x74, 0xE4, 0x73, 0x29, 0xCC, 0xDE, 0xCC, 0xB4, 0x7D,
    0xBB, 0x4F, 0xFD, 0xE6, 0xAB, 0xB6, 0x6A, 0xB2, 0xB9, 0xBB, 0x75, 0xC1, 0x80, 0xF9, 0x99, 0x97,
    0xEA, 0x6C, 0x6D, 0x69, 0x81, 0x4D, 0xFC, 0x48, 0xCA, 0x85, 0xD6, 0xE1, 0x74, 0x32, 0x0F, 0xBD,
    0x90, 0x6F, 0xF7, 0x63, 0xAC, 0x25, 0x45, 0xD4, 0xD9, 0xFE, 0x22, 0x7D, 0xB7, 0xE7, 0x23, 0x18,
    0x57, 0xE6, 0xBC, 0x51, 0x65, 0xAB, 0x2C, 0xE4, 0xE1, 0xEE, 0x8B, 0xE7, 0x6B, 0x3B, 0xDB, 0x82,
    0x8A, 0x40, 0xF1, 0x04, 0xA7, 0xD0, 0x1D, 0xED, 0xA7, 0x9C, 0x8C, 0x47, 0x6B, 0x59, 0x72, 0x0D,
    0xD2, 0x01, 0xBD, 0x4B, 0x7D, 0x17, 0xE2, 0xC6, 0x23, 0x9A, 0x64, 0x44, 0xFB, 0xC6, 0x1D, 0x64,
    0x30, 0x3F, 0xBB, 0x83, 0xB1, 0xAA, 0x76, 0x07, 0x05, 0x24, 0x41, 0x69, 0xB3, 0xFA, 0xF2, 0x4E,
    0xD5, 0xEA, 0x78, 0xED, 0x7B, 0xCF, 0xBE, 0xC2, 0x29, 0x3E, 0xCC, 0xF6, 0x03, 0x7D, 0xA7, 0x8F,
    0x31, 0xEE, 0x7F, 0x90, 0x7C, 0x9B, 0x65, 0xCA, 0x1E, 0x79, 0x95, 0x5F, 0x2C, 0x60, 0xC4, 0x2B,
    0x37, 0xBB, 0xCE, 0x67, 0xED, 0xE3, 0xEF, 0x77, 0x0F, 0xE5, 0xD6, 0x19, 0xC3, 0x74, 0xF4, 0x9C,
    0xE4, 0x68, 0x6E, 0xD4, 0x76, 0x67, 0x47, 0x74, 0x33, 0x87, 0xEC, 0x59, 0xF2, 0x0C, 0xFA, 0x13,
    0x77, 0xD0, 0x9D, 0xF9, 0xCD, 0x1D, 0x7A, 0xAB, 0x2F, 0xDD, 0x4B, 0xAE, 0x39, 0x37, 0x2E, 0x40,
    0x92, 0x6B, 0xC6, 0x8D, 0x96, 0x8B, 0x43, 0xD8, 0x9B, 0xE4, 0xD2, 0xC4, 0x53, 0x63, 0xE9, 0x7D,
    0x5C, 0x47, 0x69, 0xAB, 0x81, 0x1B, 0x59, 0x39, 0xA0, 0xF5, 0x8A, 0xEB, 0xCF, 0x56, 0x5C, 0x7F,
    0xBB, 0x1D, 0x7F, 0x27, 0xA7, 0xA1, 0xE9, 0xB1, 0xBF, 0xE0, 0x34, 0xF2, 0x20, 0x44, 0xB2, 0xEB,
    0xFA, 0xA3, 0xBE, 0xA2, 0xB6, 0x10, 0x14, 0xC2, 0xFE, 0xAB, 0x85, 0xB3, 0x50, 0x47, 0xD6, 0xAC,
    0x26, 0xA0, 0x18, 0xAE, 0xFF, 0xB1, 0xFD, 0x0D, 0xD5, 0x99, 0x3F, 0x8C, 0xE5, 0x56, 0x15, 0xC6,
    0x3F, 0xDB, 0x99, 0x79, 0x10, 0x2B, 0x98, 0x82, 0x49, 0x91, 0x14, 0xEE, 0x23, 0x84, 0x6B, 0x1A,
    0xAE, 0x45, 0x8A, 0x94, 0x2C, 0xD2, 0xBE, 0xA4, 0x48, 0x11, 0x0A, 0xAA, 0x89, 0xC4, 0xF6, 0x12,
    0xC2, 0x06, 0xCA, 0x14, 0x99, 0x26, 0x35, 0x14, 0x11, 0x62, 0x1F, 0x12, 0x34, 0xB4, 0x59, 0x1B,
    0x1A, 0x4A, 0x0C, 0x2D, 0x45, 0x2C, 0x44, 0x84, 0x14, 0x8A, 0x58, 0xC2, 0x51, 0x3C, 0x9B, 0x6B,
    0x1F, 0xEE, 0xF9, 0x8E, 0x67, 0xF6, 0xBD, 0x9D, 0x97, 0xEC, 0xA2, 0x0D, 0x49, 0xB8, 0xFB, 0x7C,
    0x7E, 0xDE, 0xE7, 0x73, 0xCF, 0x3D, 0xDF, 0xFD, 0xE3, 0xF1, 0xF5, 0xDB, 0xDE, 0x06, 0x70, 0x76,
    0xAB, 0xF1, 0x01, 0x4D, 0x5F, 0xCD, 0x01, 0xD2, 0xBA, 0x45, 0x51, 0x17, 0x02, 0xC4, 0x52, 0x66,
    0x52, 0x22, 0x11, 0x64, 0x52, 0x63, 0x33, 0x63, 0x23, 0x2D, 0x52, 0x8F, 0x44, 0x42, 0x99, 0x10,
    0x2B, 0x06, 0x44, 0x06, 0x28, 0x3A, 0xA0, 0x99, 0xD0, 0xB4, 0x80, 0xF3, 0x90, 0x3A, 0x60, 0x86,
    0x00, 0xC8, 0x97, 0x58, 0xC3, 0x66, 0x92, 0x68, 0x23, 0xA9, 0xBC, 0xE4, 0x03, 0x36, 0xF2, 0xC6,
    0x18, 0x90, 0xC8, 0x9F, 0x07, 0x68, 0x63, 0x1F, 0xF4, 0x80, 0x46, 0x6B, 0x03, 0x20, 0x52, 0x2B,
    0x1A, 0x29, 0x15, 0x4E, 0x40, 0xCC, 0x44, 0x3E, 0x11, 0x4F, 0x97, 0xC4, 0xF9, 0x85, 0x46, 0x9C,
    0x81, 0x4A, 0xEB, 0x68, 0x12, 0xD1, 0x14, 0xC9, 0x80, 0x1A, 0x95, 0x86, 0x77, 0xEA, 0x5C, 0x78,
    0xAD, 0xA6, 0x26, 0x0B, 0xE6, 0xFC, 0x4D, 0x8F, 0x54, 0xC4, 0xC3, 0xA9, 0x91, 0x60, 0x12, 0xA9,
    0x9D, 0x4F, 0x97, 0x70, 0x35, 0xF3, 0x21, 0x7C, 0x31, 0x06, 0xE3, 0x06, 0x14, 0x63, 0x30, 0x6E,
    0xA8, 0x7A, 0xB8, 0xBE, 0xE9, 0x51, 0x75, 0xC1, 0x48, 0xDB, 0xF4, 0x91, 0xD4, 0xCD, 0x90, 0x08,
    0xAA, 0x21, 0x9D, 0xE1, 0xE6, 0x6A, 0x42, 0x21, 0xD2, 0x23, 0xD3, 0x04, 0x62, 0xD1, 0x06, 0x4F,
    0xF4, 0xD8, 0x6E, 0xB7, 0xB7, 0x0A, 0x0D, 0xBF, 0x6F, 0xDE, 0x67, 0x77, 0xBB, 0x4F, 0x36, 0x27,
    0xDB, 0xD2, 0xF9, 0x5C, 0x44, 0xF6, 0xCD, 0x6E, 0xF7, 0xA8, 0x6A, 0x67, 0x6A, 0x9C, 0x3A, 0x1F,
    0x9A, 0x11, 0x2C, 0x27, 0xEC, 0xE2, 0xA5, 0xCC, 0x6B, 0x76, 0xD4, 0xE8, 0x6A, 0x8E, 0xDF, 0x22,
    0x3A, 0x2A, 0xEA, 0x0B, 0x38, 0xB9, 0x78, 0x5E, 0x06, 0x8E, 0x20, 0xB4, 0x9A, 0xF4, 0x80, 0xF8,
    0xE0, 0xD6, 0x22, 0x91, 0x39, 0x1C, 0x25, 0x32, 0x59, 0xB0, 0x11, 0xC0, 0xFD, 0x49, 0x90, 0x2D,
    0x40, 0x93, 0x04, 0xCE, 0x88, 0x67, 0xA5, 0x47, 0x3A, 0x06, 0xA7, 0xC0, 0xA2, 0x33, 0x36, 0x25,
    0xBF, 0x8F, 0x67, 0x90, 0x9B, 0x11, 0x1B, 0xF5, 0xCF, 0x7B, 0x68, 0x5F, 0x2F, 0x55, 0xAD, 0x95,
    0x53, 0x59, 0x38, 0x36, 0x89, 0x4C, 0x1C, 0xAD, 0x58, 0x73, 0xE0, 0xA1, 0xEE, 0x5D, 0xA0, 0xFC,
    0xAA, 0x91, 0xDA, 0x66, 0xDD, 0x0C, 0x64, 0x1F, 0x99, 0x2A, 0xD7, 0x56, 0x22, 0x25, 0x90, 0x23,
    0xDA, 0x5D, 0x00, 0x78, 0x0A, 0x0F, 0x97, 0x86, 0x76, 0x23, 0xB5, 0x22, 0x93, 0x56, 0x91, 0x6B,
    0x44, 0xD5, 0xDA, 0x1B, 0x06, 0x3A, 0x5A, 0x2F, 0x49, 0xA5, 0x43, 0x17, 0x2D, 0xEC, 0xD1, 0xC4,
    0x17, 0xB3, 0xD6, 0xF6, 0x99, 0x04, 0xA4, 0x23, 0x91, 0x0D, 0xA9, 0x46, 0x2B, 0xFA, 0x44, 0xA3,
    0xB9, 0x2E, 0xD1, 0x68, 0x55, 0x1B, 0xB3, 0xAB, 0x6A, 0x70, 0x35, 0x30, 0xF1, 0x38, 0xA0, 0x09,
    0x9A, 0x16, 0x8E, 0x4F, 0xEA, 0x03, 0x82, 0xE2, 0x80, 0x42, 0x90, 0x8F, 0x9A, 0x0D, 0xDC, 0xE5,
    0x76, 0xFB, 0x9A, 0xD4, 0x4E, 0xB4, 0xB4, 0x87, 0x38, 0xD9, 0x6A, 0x41, 0x21, 0x5A, 0x0E, 0x5D,
    0xEA, 0x42, 0xDE, 0xDA, 0xBE, 0x72, 0xB8, 0x32, 0x97, 0x07, 0x2B, 0xB3, 0x43, 0x36, 0x41, 0xF3,
    0xC9, 0x35, 0x97, 0x01, 0xCE, 0x3A, 0xD2, 0x3D, 0xD1, 0xCA, 0xB4, 0xCE, 0x12, 0x69, 0xF7, 0x50,
    0x1D, 0xAC, 0xCC, 0xE2, 0xD8, 0xCA, 0xC4, 0xD9, 0x76, 0x5B, 0x02, 0x77, 0x44, 0x03, 0xA4, 0x42,
    0x38, 0x83, 0x10, 0x89, 0xD0, 0x3F, 0x5D, 0x47, 0x68, 0xB1, 0x50, 0x9E, 0x70, 0xA3, 0x61, 0x20,
    0xAA, 0x41, 0x3B, 0xA4, 0x6C, 0x44, 0x4B, 0x77, 0x88, 0x6A, 0x85, 0x79, 0xBA, 0x15, 0xD3, 0x7E,
    0xB0, 0x4C, 0x88, 0x54, 0x3A, 0xD8, 0x3A, 0xD0, 0x60, 0x6B, 0x12, 0x28, 0x0C, 0xB1, 0x01, 0xCF,
    0x1B, 0x80, 0xE8, 0xB6, 0x55, 0x5A, 0x43, 0x10, 0x67, 0xAF, 0x5D, 0x3E, 0x52, 0x91, 0xD4, 0xAA,
    0x28, 0x12, 0x2A, 0x4A, 0x84, 0x49, 0x24, 0x33, 0x15, 0x71, 0x22, 0x0C, 0x1A, 0x4B, 0x15, 0xBD,
    0x76, 0x79, 0x5C, 0x11, 0x41, 0x45, 0x36, 0x52, 0x43, 0x24, 0x54, 0x94, 0x08, 0x15, 0x71, 0xA4,
    0x32, 0x61, 0x5E, 0xA9, 0xBC, 0x3B, 0x71, 0xA4, 0xE4, 0xF2, 0xA6, 0xA2, 0x53, 0x03, 0x1A, 0x83,
    0xF5, 0xB2, 0xC6, 0x62, 0x0D, 0x1C, 0x29, 0x26, 0x2C, 0x17, 0xA2, 0x59, 0x15, 0x11, 0xA9, 0x7C,
    0xA8, 0x7D, 0x96, 0x5B, 0x35, 0x77, 0x30, 0x46, 0xD5, 0xC8, 0xC1, 0xA9, 0x1E, 0x63, 0x70, 0xA6,
    0xFD, 0xD9, 0x92, 0x59, 0x46, 0x1B, 0x59, 0x76, 0xBB, 0xDD, 0x45, 0xBC, 0x26, 0x5F, 0x19, 0x36,
    0x06, 0x3C, 0xA7, 0xD7, 0x38, 0x91, 0x4C, 0xC8, 0x85, 0x61, 0x31, 0x48, 0x6B, 0x18, 0x6C, 0x5C,
    0xBD, 0x85, 0x5F, 0x88, 0x74, 0x55, 0x7A, 0xA5, 0xBB, 0x55, 0x40, 0xDA, 0x33, 0xBD, 0x2F, 0x5F,
    0x67, 0x66, 0xE8, 0x0F, 0xD0, 0x99, 0xA7, 0xC1, 0xEA, 0xC5, 0x86, 0x35, 0x58, 0x26, 0x26, 0x7C,
    0x46, 0x08, 0xF6, 0xAA, 0x4C, 0x6B, 0x12, 0x86, 0x9A, 0x98, 0xA0, 0x58, 0xCA, 0xEB, 0x79, 0x94,
    0x2C, 0x06, 0x21, 0x9E, 0x95, 0x47, 0x2B, 0x2A, 0x06, 0x2A, 0xCA, 0x46, 0x2A, 0xCA, 0x3C, 0x15,
    0x6D, 0x3C, 0x93, 0x48, 0x16, 0x2A, 0x4A, 0x84, 0x8A, 0x5E, 0x96, 0x47, 0x28, 0xEA, 0x35, 0x1A,
    0xA4, 0x63, 0x34, 0x69, 0x35, 0x1A, 0x15, 0x6D, 0x3C, 0x15, 0x25, 0x4B, 0x26, 0x14, 0x59, 0x2D,
    0x41, 0xD1, 0xCB, 0x22, 0xFE, 0x88, 0xA2, 0xCB, 0xEB, 0x99, 0x04, 0x46, 0x03, 0x18, 0x8D, 0xF0,
    0xD8, 0x2F, 0x87, 0xC2, 0xA4, 0x34, 0xF4, 0x06, 0xAF, 0x7D, 0xF6, 0xB2, 0x2C, 0x56, 0x51, 0x4A,
    0xEB, 0x94, 0x56, 0x11, 0xD9, 0xE0, 0x7C, 0xFF, 0xB1, 0x07, 0x87, 0x1A, 0xAE, 0x6F, 0xF1, 0x85,
    0xE0, 0x7C, 0xB7, 0xFB, 0x8D, 0xCC, 0xD6, 0xD0, 0x64, 0xE8, 0x88, 0x19, 0x7A, 0x6D, 0x57, 0x42,
    0x5B, 0xDF, 0xBB, 0x97, 0x48, 0x77, 0xC5, 0x8A, 0x58, 0xCA, 0x48, 0x2E, 0x43, 0x7A, 0x03, 0xF0,
    0x7F, 0x7E, 0xC4, 0x72, 0xC9, 0xC3, 0x89, 0x74, 0x7A, 0x34, 0xD4, 0x48, 0xB6, 0x81, 0x6D, 0xB4,
    0xD5, 0x75, 0x90, 0x73, 0x98, 0xDD, 0x81, 0xDD, 0x6E, 0xEF, 0x0C, 0xBA, 0x36, 0xB3, 0x91, 0x7F,
    0x56, 0xC6, 0x44, 0x06, 0x24, 0x03, 0x64, 0x42, 0x7C, 0x81, 0xCA, 0x5B, 0x57, 0x3F, 0x18, 0x3D,
    0x75, 0x02, 0x62, 0x9B, 0x18, 0x32, 0xAA, 0x5D, 0x9D, 0x68, 0x6D, 0xCD, 0x37, 0xC3, 0xF5, 0x1A,
    0x4C, 0x58, 0x2B, 0x5B, 0x1E, 0xB8, 0x54, 0x03, 0x70, 0xA1, 0x43, 0x1A, 0x79, 0xCE, 0x6D, 0x6F,
    0x13, 0x3D, 0xF7, 0x3A, 0xB3, 0xDC, 0xA2, 0x0F, 0x3F, 0x36, 0xA2, 0x95, 0xDA, 0xD1, 0xF2, 0x2C,
    0x68, 0xA1, 0x85, 0x43, 0x5B, 0xAB, 0x4B, 0xFB, 0xC0, 0xF0, 0xA9, 0xE7, 0x96, 0xDA, 0x9C, 0x39,
    0x39, 0xE6, 0xD7, 0xF0, 0x7B, 0x66, 0x10, 0x53, 0xC3, 0x66, 0xA6, 0x92, 0xE9, 0xC1, 0xA4, 0x76,
    0xDD, 0xB5, 0x63, 0x44, 0x47, 0x5B, 0xB9, 0xA9, 0x7F, 0xD8, 0xB1, 0xA2, 0xA3, 0xD4, 0x16, 0xEB,
    0xD0, 0xF1, 0xA0, 0xD1, 0xAA, 0x35, 0xC7, 0xA3, 0x8D, 0xE6, 0x8C, 0xF5, 0xC2, 0x85, 0x5A, 0xDE,
    0x13, 0xAA, 0xFE, 0xEA, 0xCF, 0x58, 0x31, 0x5E, 0xAD, 0xAD, 0x74, 0x66, 0x78, 0x35, 0xC2, 0xBC,
    0x34, 0x16, 0x35, 0x36, 0xDD, 0x4D, 0x6F, 0x9A, 0xCD, 0x63, 0x78, 0xE7, 0xD3, 0x4D, 0xEF, 0x58,
    0xCA, 0x3D, 0x6F, 0x66, 0x16, 0xFF, 0x5A, 0x2F, 0x4E, 0xAB, 0xF9, 0x4A, 0x32, 0x9D, 0xA2, 0x78,
    0x71, 0x2A, 0x4A, 0xF7, 0xEF, 0x0F, 0x39, 0x97, 0xA4, 0x4D, 0xB9, 0xC2, 0x1A, 0x3E, 0x0E, 0x49,
    0x8D, 0x8D, 0xC8, 0x04, 0xBD, 0x50, 0x57, 0x1F, 0xDD, 0x97, 0xD6, 0xFD, 0x7C, 0xAA, 0xCA, 0x67,
    0x92, 0x29, 0x65, 0x80, 0x7D, 0x13, 0x69, 0x76, 0x13, 0x32, 0x11, 0x14, 0xEA, 0xFD, 0x5E, 0xD3,
    0x36, 0x65, 0xD1, 0x09, 0xF2, 0xFE, 0xEA, 0x68, 0x6A, 0xD7, 0x55, 0x1A, 0x44, 0x04, 0x99, 0xCC,
    0x88, 0x9A, 0x2E, 0x8C, 0xAB, 0x9B, 0x2A, 0xDF, 0xF8, 0xCA, 0xBB, 0xF1, 0x64, 0xDD, 0x06, 0x80,
    0x45, 0x68, 0x23, 0x43, 0xBC, 0x10, 0x89, 0xDF, 0x47, 0x3A, 0x1D, 0xDC, 0xB9, 0x06, 0x22, 0xEF,
    0x89, 0xA2, 0x23, 0x5C, 0x4B, 0x54, 0x35, 0xD1, 0x94, 0x38, 0xDB, 0x32, 0x72, 0x23, 0xA5, 0xA1,
    0x8E, 0xA8, 0xB6, 0xD5, 0x90, 0xE7, 0x06, 0x48, 0xB7, 0x99, 0x38, 0x7A, 0xE9, 0xC0, 0x3E, 0xCE,
    0x56, 0xF4, 0xEC, 0x6C, 0x46, 0xCE, 0x26, 0x46, 0xCE, 0xBC, 0xAB, 0x39, 0x4F, 0xAA, 0x92, 0x73,
    0xA1, 0xB1, 0xB9, 0xB3, 0x28, 0x62, 0x99, 0x4D, 0x80, 0x25, 0xBB, 0xA2, 0x19, 0x89, 0xC3, 0x47,
    0x9C, 0xB3, 0x92, 0x60, 0xDE, 0x35, 0xBE, 0x19, 0xCB, 0x18, 0xF9, 0x54, 0xE6, 0x54, 0xB7, 0x0C,
    0xF9, 0xE4, 0xFA, 0x4A, 0x6A, 0xD7, 0xE6, 0x0B, 0x5C, 0x9D, 0xF9, 0x60, 0xD2, 0x60, 0xDA, 0x42,
    0x74, 0x2B, 0x23, 0x81, 0x8B, 0x9B, 0x32, 0x99, 0x32, 0xBF, 0x91, 0x3E, 0xF1, 0xDA, 0x7B, 0x3F,
    0x06, 0xCB, 0x6F, 0x4B, 0xFC, 0xA8, 0x0C, 0x5F, 0x86, 0x4F, 0xB8, 0x9E, 0xEB, 0x6A, 0x9B, 0x2B,
    0xF1, 0xEE, 0x0F, 0x22, 0x9B, 0x90, 0xB0, 0xF3, 0xB1, 0x6F, 0x50, 0x0C, 0x6A, 0xF3, 0x31, 0x0E,
    0xDF, 0x54, 0x3E, 0xD8, 0xBF, 0x88, 0xBC, 0xE4, 0x9D, 0xF8, 0x46, 0xC6, 0x42, 0x86, 0xF0, 0x49,
    0xA5, 0x0D, 0x1F, 0xDC, 0x45, 0xF8, 0x58, 0xA2, 0x55, 0xFB, 0x85, 0xDA, 0xF7, 0xC3, 0x2D, 0xE2,
    0x6E, 0xC5, 0x3D, 0xC4, 0x4D, 0x8B, 0xBD, 0xF2, 0x7B, 0xDA, 0x68, 0xC1, 0xCD, 0xBF, 0xF7, 0x6E,
    0x7F, 0x34, 0x22, 0xE9, 0x1F, 0xE9, 0xD1, 0x3D, 0x89, 0xC7, 0x60, 0x1E, 0xF7, 0x77, 0xA1, 0x24,
    0xC2, 0x92, 0x19, 0x9C, 0xA1, 0x31, 0x6C, 0x4B, 0x69, 0x3F, 0xAB, 0x7F, 0xE7, 0xE5, 0x36, 0xFC,
    0x6B, 0xC2, 0xD9, 0x97, 0xED, 0x38, 0xAF, 0x77, 0x37, 0x9E, 0xA5, 0x52, 0xD9, 0x7F, 0x88, 0xC8,
    0xA5, 0x55, 0x38, 0x43, 0x65, 0xC3, 0xD3, 0xC8, 0xA0, 0x90, 0x77, 0x47, 0x2E, 0xAE, 0xEF, 0x79,
    0x76, 0x77, 0xCA, 0xAD, 0xDD, 0xB2, 0x59, 0xB8, 0x0C, 0x13, 0xE1, 0xA2, 0xE4, 0xCD, 0xBE, 0xB0,
    0xC7, 0x23, 0x37, 0xF0, 0xE6, 0x57, 0xF5, 0xFA, 0x81, 0x74, 0xFA, 0x85, 0x5E, 0x28, 0x74, 0x73,
    0x55, 0x07, 0x67, 0x68, 0xA5, 0x6C, 0x0E, 0x41, 0x34, 0x90, 0x9E, 0xC1, 0xF6, 0xC0, 0x7A, 0x3D,
    0x78, 0xA9, 0xB7, 0x1B, 0x14, 0x5D, 0xA5, 0xA8, 0x06, 0xAE, 0x82, 0xB3, 0x5B, 0xFC, 0x5F, 0xD3,
    0xBB, 0x91, 0xD7, 0xD4, 0x33, 0x92, 0xD6, 0xEA, 0x95, 0xA9, 0x45, 0xD9, 0x08, 0x90, 0x2E, 0xB6,
    0xE1, 0xF6, 0xBC, 0x7B, 0xE7, 0xDE, 0x5A, 0x1F, 0x81, 0x86, 0xB9, 0xE8, 0x51, 0xF5, 0x84, 0xA6,
    0x9B, 0x4F, 0xD7, 0x0F, 0x75, 0x25, 0x90, 0xCE, 0x89, 0x50, 0xE6, 0x66, 0x21, 0x34, 0x3A, 0x22,
    0x79, 0x73, 0x0A, 0x80, 0x7C, 0x30, 0xEE, 0xF5, 0x8B, 0x93, 0x4E, 0x51, 0x5C, 0x6D, 0x8E, 0xEB,
    0xB5, 0x3F, 0xF7, 0x9F, 0x9F, 0xF7, 0x56, 0xC7, 0xA9, 0x5C, 0xB2, 0x6B, 0xA5, 0xE3, 0x76, 0x69,
    0xE2, 0x1E, 0x28, 0xA8, 0x97, 0xB7, 0xEE, 0x08, 0xB7, 0x39, 0x52, 0x5B, 0x47, 0x55, 0xBD, 0x66,
    0x5A, 0x69, 0x17, 0x76, 0x15, 0xB7, 0xCA, 0x8D, 0xDA, 0xFE, 0x7F, 0x6D, 0xB5, 0x93, 0xCF, 0xCA,
    0xCF, 0xA7, 0x2D, 0xD3, 0x65, 0x1A, 0x4D, 0xB5, 0x1B, 0x75, 0x30, 0xF3, 0x05, 0xA9, 0x94, 0x5C,
    0xAA, 0x48, 0x82, 0xD1, 0x21, 0x14, 0x19, 0xC1, 0xBF, 0x70, 0xF6, 0xC2, 0x4A, 0xCB, 0x73, 0x6F,
    0x73, 0x54, 0x84, 0x3D, 0x2D, 0x2D, 0x2F, 0x6B, 0xC4, 0x49, 0xA3, 0x37, 0x43, 0x01, 0x40, 0x86,
    0xA7, 0x68, 0xF1, 0x65, 0xB1, 0xFD, 0x9E, 0xD5, 0xBD, 0x44, 0xC4, 0x8C, 0xFF, 0xA8, 0xB6, 0x12,
    0x29, 0xD5, 0xCE, 0x50, 0x25, 0x23, 0x27, 0x4B, 0x09, 0x2D, 0xF1, 0xBC, 0xBF, 0x07, 0xCF, 0xA5,
    0xDC, 0x03, 0xBF, 0xE4, 0xA6, 0xE6, 0x89, 0x4B, 0x74, 0x2B, 0x98, 0x6F, 0x70, 0xA9, 0x24, 0x52,
    0xBA, 0x85, 0x0F, 0xA6, 0x8A, 0xF4, 0x1A, 0x85, 0x5D, 0x3B, 0xD5, 0x01, 0xF8, 0x21, 0xD2, 0x91,
    0xB7, 0xF9, 0x62, 0x3E, 0xE2, 0xE9, 0xEC, 0xCB, 0x6C, 0xE4, 0x43, 0xC4, 0x93, 0x97, 0x5B, 0xB4,
    0xE9, 0xDE, 0xA6, 0xE7, 0x46, 0x4F, 0xD8, 0xB5, 0xE8, 0x6D, 0xB5, 0xDF, 0x02, 0xA4, 0x8D, 0xA5,
    0x4D, 0xF4, 0x53, 0x47, 0xCB, 0xA7, 0x89, 0x0E, 0x39, 0x3A, 0xCF, 0x4F, 0x38, 0xE9, 0x71, 0x52,
    0x3E, 0xBE, 0xB0, 0xCF, 0xBD, 0xCB, 0x59, 0x4A, 0x54, 0x13, 0xD0, 0x27, 0x22, 0x17, 0xC9, 0x94,
    0x89, 0x2C, 0x77, 0xA6, 0xE2, 0xB2, 0x11, 0x19, 0x5C, 0xBB, 0x11, 0x69, 0x53, 0xE0, 0xCE, 0x8C,
    0x08, 0x7B, 0xE5, 0xD9, 0x50, 0xBB, 0x8E, 0x64, 0x41, 0x3C, 0xA4, 0x22, 0x63, 0x3A, 0xE5, 0xB6,
    0x0F, 0xE8, 0x03, 0xFB, 0x3C, 0x5C, 0x91, 0x72, 0x03, 0x9C, 0xBE, 0x8D, 0x9B, 0xC5, 0x3C, 0xF7,
    0xED, 0xD3, 0xBB, 0x50, 0x7E, 0xF9, 0x38, 0x9E, 0x27, 0xDC, 0x21, 0xF1, 0xC5, 0x62, 0x2C, 0x75,
    0x34, 0x64, 0x32, 0x25, 0xBE, 0x10, 0x79, 0xD5, 0xBB, 0x8F, 0x45, 0x26, 0x57, 0x37, 0x32, 0x38,
    0x64, 0x52, 0x9F, 0x22, 0xBA, 0x0B, 0x9C, 0x01, 0x65, 0x22, 0x5D, 0x34, 0xD2, 0xCF, 0x89, 0xFC,
    0xC2, 0xBB, 0x7F, 0x6A, 0x9A, 0x75, 0x25, 0x43, 0xC1, 0x77, 0x42, 0xC0, 0x6D, 0x7C, 0x9D, 0x7D,
    0xF0, 0x9D, 0x20, 0xE9, 0x75, 0x7B, 0xA5, 0xB7, 0xDA, 0xE7, 0xB9, 0xFB, 0xC4, 0xB3, 0xBB, 0xBB,
    0x25, 0x8E, 0x94, 0xD7, 0x65, 0xB9, 0xB0, 0x17, 0x3B, 0xF5, 0x55, 0xAD, 0xFB, 0xC1, 0x7E, 0xBB,
    0x0C, 0xDD, 0xD3, 0x5E, 0x7B, 0x69, 0xD5, 0x68, 0xBC, 0x7A, 0xD8, 0x4D, 0x07, 0x3C, 0xB4, 0x29,
    0x3A, 0xDF, 0xC9, 0xAE, 0x46, 0xEC, 0xD5, 0x63, 0xB2, 0xC7, 0xDF, 0x1B, 0x2E, 0x4B, 0xD8, 0x4B,
    0x25, 0xF4, 0xD0, 0x40, 0x78, 0xA8, 0xAB, 0x2A, 0x6E, 0x96, 0xF7, 0xAD, 0x6E, 0xBE, 0x42, 0x50,
    0x2D, 0x8F, 0xF0, 0x7C, 0xE1, 0xB1, 0x3D, 0xB9, 0x49, 0x57, 0x31, 0x27, 0xBC, 0x6E, 0x7B, 0xFC,
    0xAB, 0xBD, 0xC5, 0xA4, 0x27, 0x65, 0x38, 0x19, 0xED, 0xC4, 0x1E, 0xA6, 0xAA, 0x85, 0x83, 0xD8,
    0x03, 0x91, 0xDC, 0x38, 0x6D, 0xAF, 0xF6, 0x35, 0x05, 0xE7, 0xED, 0xA7, 0xEF, 0x1A, 0xF1, 0x35,
    0x35, 0x05, 0xB7, 0x61, 0x76, 0x3B, 0xEB, 0xB4, 0xFA, 0x8D, 0x53, 0x0D, 0xAA, 0x26, 0x55, 0xD3,
    0x70, 0xBE, 0xF7, 0x6C, 0xD1, 0xDA, 0x76, 0xCB, 0xD5, 0x8E, 0xE2, 0x19, 0xEC, 0x97, 0xE3, 0xED,
    0x32, 0x2B, 0x4E, 0x8E, 0x3C, 0x9C, 0x0E, 0x9C, 0x72, 0x28, 0x26, 0xB6, 0x13, 0x8B, 0xD7, 0x46,
    0xD9, 0x7A, 0x21, 0x17, 0xB6, 0xB3, 0x9F, 0xC2, 0x69, 0xAD, 0x87, 0x9E, 0xA2, 0x9A, 0xD6, 0x1E,
    0x9A, 0x03, 0x3B, 0x26, 0xAA, 0x35, 0xAC, 0xDA, 0xF1, 0x2F, 0x2C, 0xEE, 0x75, 0x3B, 0x70, 0xC0,
    0x66, 0x08, 0x3C, 0x05, 0xF0, 0x03, 0x9D, 0xF4, 0xDC, 0xA6, 0x07, 0x33, 0x72, 0x07, 0x63, 0x1D,
    0xE8, 0xA4, 0x4E, 0x64, 0x02, 0x47, 0xA1, 0x5A, 0x87, 0x44, 0xCF, 0xAF, 0x13, 0x62, 0x46, 0xF6,
    0x45, 0x67, 0xB7, 0xA0, 0xC0, 0x2A, 0x90, 0x8E, 0xE3, 0x75, 0x45, 0xAB, 0x77, 0xFD, 0xDF, 0x35,
    0xEE, 0xD5, 0x03, 0x16, 0xB2, 0x16, 0xD0, 0xA4, 0xBE, 0x0A, 0xE0, 0xE2, 0x89, 0x5F, 0x2B, 0x11,
    0x90, 0x6E, 0x1F, 0x4D, 0x4F, 0x88, 0xE1, 0x89, 0x5F, 0x2B, 0xED, 0xBD, 0x31, 0xDE, 0x78, 0x22,
    0x5B, 0x31, 0xEE, 0xBF, 0x30, 0x73, 0x3D, 0x1E, 0x7A, 0x7F, 0xDC, 0x10, 0xB1, 0x10, 0xA9, 0x5C,
    0xBE, 0x22, 0xFA, 0x9A, 0xB5, 0xB4, 0x9F, 0x0E, 0x18, 0xCB, 0x8D, 0xEB, 0x1B, 0x63, 0x8D, 0xA5,
    0x28, 0x06, 0xA6, 0xEF, 0x7A, 0xA2, 0xEA, 0xF8, 0x65, 0xD3, 0x12, 0x9A, 0xB3, 0x9B, 0xA2, 0xF5,
    0x55, 0xB1, 0x22, 0x93, 0x17, 0x17, 0x7B, 0xC8, 0x58, 0x6E, 0xBE, 0x66, 0x4D, 0x0D, 0xFC, 0xAF,
    0xC6, 0xA1, 0x7E, 0xC6, 0xC2, 0xD1, 0x37, 0xC6, 0xD4, 0xC8, 0x72, 0x62, 0x27, 0xD9, 0x44, 0xE4,
    0x37, 0x55, 0xDA, 0xD6, 0xAB, 0x61, 0xE0, 0x4F, 0x1A, 0xB1, 0x57, 0x17, 0x61, 0x6E, 0x3E, 0x28,
    0xD6, 0x58, 0x1C, 0xB1, 0x7C, 0x8C, 0x14, 0x7C, 0x61, 0xC9, 0x58, 0x4C, 0xB0, 0xE3, 0x88, 0x49,
    0x6B, 0xA8, 0xF5, 0x5A, 0x24, 0x50, 0x24, 0xC2, 0x11, 0x4B, 0x66, 0x8E, 0x58, 0xEA, 0x39, 0x62,
    0xBF, 0x5B, 0x8E, 0x8F, 0xD8, 0x42, 0xAD, 0xF7, 0x4B, 0x95, 0xB7, 0xAF, 0x32, 0xDE, 0x57, 0xA9,
    0xB1, 0x0E, 0x0B, 0x6F, 0x47, 0x91, 0x2D, 0xD5, 0x42, 0x08, 0x21, 0x12, 0x43, 0x2A, 0x94, 0x9C,
    0xC9, 0xC1, 0x6F, 0x18, 0x93, 0x61, 0x3C, 0x86, 0xE3, 0x3F, 0x50, 0xBC, 0xA7, 0x58, 0x63, 0xA2,
    0x31, 0xE4, 0x86, 0xB5, 0xF5, 0x83, 0x62, 0x3F, 0x14, 0x95, 0x99, 0x55, 0x38, 0x8A, 0x33, 0xFD,
    0x1B, 0x06, 0x38, 0x11, 0xF9, 0x87, 0x41, 0x6A, 0xC3, 0x60, 0xB0, 0x0C, 0x9A, 0x65, 0x3F, 0x91,
    0x44, 0xEA, 0xBD, 0x85, 0x10, 0xDD, 0xC4, 0xF1, 0x37, 0xE2, 0x27, 0xCD, 0xB2, 0xC6, 0x34, 0xF4,
    0x86, 0xF2, 0xAA, 0xF5, 0xC3, 0x62, 0x6F, 0x62, 0xCD, 0x45, 0x8E, 0x03, 0x38, 0xBD, 0x77, 0xC1,
    0xF4, 0x6C, 0x9E, 0x30, 0x26, 0xDC, 0xE5, 0xBD, 0x3B, 0x1E, 0x90, 0xF2, 0x5E, 0x24, 0x48, 0x3C,
    0xEE, 0xC1, 0xB5, 0xE9, 0x10, 0x90, 0xF5, 0x59, 0x1B, 0x90, 0x0C, 0x45, 0x1D, 0x10, 0x4F, 0x0E,
    0x01, 0xF0, 0x15, 0x31, 0x87, 0x43, 0x3F, 0xCD, 0x6E, 0x27, 0xBB, 0xDD, 0xD2, 0x88, 0x96, 0x2B,
    0xDC, 0xDB, 0x6E, 0xF5, 0xB3, 0xBA, 0xAC, 0x15, 0x9C, 0x22, 0xF2, 0x6B, 0xB0, 0xAC, 0x0B, 0xD8,
    0x0C, 0x6B, 0x43, 0x6B, 0xB3, 0x90, 0xFA, 0x5E, 0x2C, 0xD7, 0x29, 0x31, 0xC1, 0xEB, 0x74, 0x11,
    0xF1, 0xCE, 0x70, 0x5C, 0xC3, 0x84, 0x82, 0x1A, 0x60, 0x1A, 0x60, 0x1A, 0x60, 0x1A, 0x60, 0x1A,
    0x60, 0x1A, 0x60, 0x1A, 0x60, 0x1A, 0x60, 0x1A, 0x76, 0xC7, 0x34, 0x6C, 0xA9, 0x81, 0x2E, 0x6B,
    0x05, 0x57, 0x02, 0xA6, 0x01, 0xA6, 0x01, 0xA6, 0x01, 0xA6, 0x01, 0xA6, 0x01, 0xA6, 0x01, 0xFF,
    0xB5, 0x86, 0xFC, 0x81, 0x06, 0xBD, 0xD0, 0xB4, 0x29, 0x83, 0xF5, 0xD9, 0x07, 0x3D, 0xD2, 0x8F,
    0x87, 0xE2, 0x8D, 0x20, 0xF3, 0xAF, 0x93, 0x8B, 0x17, 0x34, 0x65, 0xD0, 0xD0, 0xFC, 0x6C, 0x56,
    0x0D, 0xC5, 0xBF, 0x46, 0xDC, 0x7B, 0x87, 0xBF, 0xC7, 0xFD, 0xE4, 0x9D, 0xE0, 0x5E, 0x1A, 0x6A,
    0x85, 0xAE, 0xA4, 0xA0, 0xA1, 0xF8, 0xDB, 0xA4, 0x1A, 0x9A, 0xEF, 0x2E, 0x41, 0x43, 0x3C, 0xA3,
    0xF9, 0xA9, 0x2F, 0xDE, 0x18, 0x51, 0xFC, 0x7D, 0xCA, 0xA4, 0xD3, 0xD0, 0xA9, 0x94, 0xDA, 0xD0,
    0xDA, 0x2C, 0xA4, 0xFC, 0x2C, 0x34, 0x78, 0xD3, 0x30, 0x80, 0x1A, 0x5A, 0x50, 0x43, 0x0D, 0x6A,
    0x00, 0x4C, 0x03, 0x62, 0x6A, 0x40, 0x1A, 0x34, 0x04, 0x14, 0xD4, 0x80, 0xC6, 0x34, 0xCC, 0x50,
    0x84, 0x4B, 0xD4, 0xD0, 0x81, 0x1A, 0x4A, 0x98, 0x06, 0x44, 0xD4, 0x80, 0x98, 0x1A, 0xB0, 0xA1,
    0x06, 0x64, 0xA6, 0xC1, 0x3D, 0x9E, 0x86, 0x33, 0xDA, 0xAA, 0xFB, 0xE2, 0xEC, 0xF9, 0x4E, 0xEE,
    0xEF, 0x2E, 0x44, 0xCB, 0x70, 0xD3, 0x1E, 0xBE, 0x9A, 0xD5, 0x1D, 0xC2, 0x6D, 0xFD, 0xE4, 0x1E,
    0xA9, 0xAC, 0xBB, 0x84, 0x4C, 0x4A, 0xDD, 0x20, 0x08, 0x72, 0x3B, 0x59, 0xC2, 0x09, 0xC2, 0x49,
    0xEE, 0xED, 0x17, 0x53, 0xAD, 0x65, 0x15, 0xFF, 0x03, 0x62, 0x80, 0x82, 0x2C, 0x07, 0x30, 0xB5,
    0xFF, 0x27, 0xA0, 0xB5, 0x32, 0x84, 0x95, 0x9A, 0x89, 0xA2, 0xF0, 0x74, 0xF7, 0xBD, 0xF4, 0x4F,
    0x26, 0x7F, 0x16, 0x81, 0xE3, 0x25, 0xC5, 0x9B, 0x7A, 0xD5, 0xE6, 0x09, 0xB0, 0x18, 0x34, 0x0A,
    0x8D, 0x4F, 0x20, 0xBB, 0xC1, 0x60, 0x9F, 0xC2, 0x0B, 0x04, 0x01, 0x8B, 0x6F, 0xBD, 0xDA, 0x60,
    0x11, 0xAC, 0x00, 0x5F, 0x51, 0x92, 0xCD, 0x4B, 0x3B, 0x97, 0x7B, 0x72, 0x66, 0x36, 0x27, 0x18,
    0x0C, 0x93, 0xBB, 0x99, 0x93, 0x50, 0xFA, 0x6E, 0xBF, 0x7B, 0xCE, 0x4C, 0xB4, 0x33, 0xC4, 0xCE,
    0x7C, 0xAD, 0x50, 0x7B, 0xA8, 0xE4, 0xA2, 0xB2, 0x7B, 0xB3, 0xED, 0xE2, 0x6A, 0x6B, 0x7D, 0x4C,
    0xE1, 0x8B, 0x2B, 0xDF, 0xE2, 0x1A, 0xB0, 0x76, 0x0B, 0x0A, 0xAB, 0x59, 0x50, 0x58, 0xED, 0x19,
    0x85, 0xFF, 0x3A, 0x94, 0xD7, 0xB5, 0x56, 0x5E, 0x37, 0x18, 0x16, 0x1E, 0xFC, 0x64, 0xF7, 0x5E,
    0x1F, 0xF0, 0xE0, 0x70, 0x0C, 0xC3, 0x29, 0x60, 0xD9, 0xD1, 0x8B, 0x6A, 0x44, 0x05, 0x34, 0x30,
    0x56, 0x54, 0x1B, 0x3B, 0x78, 0x05, 0xB6, 0xE2, 0xF5, 0xA7, 0x42, 0x61, 0xD5, 0x86, 0x0A, 0xB9,
    0xD1, 0xC4, 0x46, 0x57, 0x94, 0xB6, 0xFC, 0x97, 0xE6, 0x43, 0x37, 0x7B, 0x51, 0x4D, 0x28, 0xAC,
    0xFD, 0x09, 0xC5, 0x96, 0xD9, 0xDE, 0x8D, 0xF7, 0xCB, 0xA6, 0xBA, 0x5B, 0x5B, 0x5F, 0x58, 0x28,
    0xDF, 0xB8, 0x40, 0x19, 0xD6, 0x89, 0x3C, 0xBF, 0x5A, 0xEA, 0xA1, 0x1E, 0xA5, 0x70, 0xFD, 0x2C,
    0x5C, 0xD6, 0xF5, 0xCB, 0x40, 0x56, 0x7C, 0x2E, 0x1A, 0x27, 0xD1, 0x95, 0x37, 0x9C, 0x9A, 0xCC,
    0x7E, 0x8B, 0x66, 0xEA, 0x14, 0xAA, 0x23, 0x5B, 0x2F, 0x8D, 0x97, 0xB6, 0x2F, 0xC4, 0x47, 0xF2,
    0x06, 0xC7, 0x81, 0x3B, 0x59, 0x8F, 0xD2, 0xB6, 0x1D, 0x2B, 0x6F, 0x1A, 0x94, 0x37, 0xA0, 0xE7,
    0x80, 0xB7, 0x46, 0xC2, 0xD8, 0xF1, 0xE7, 0xEA, 0xC4, 0x3D, 0xAE, 0x64, 0xBB, 0x5B, 0x48, 0xB6,
    0x39, 0x93, 0x6B, 0x3B, 0x93, 0x6A, 0x37, 0x3D, 0x46, 0x3B, 0xA1, 0xFB, 0x35, 0x73, 0x37, 0xDF,
    0x1B, 0xEC, 0x13, 0xDA, 0xF2, 0x7D, 0x04, 0xCB, 0xD0, 0xAE, 0x24, 0x59, 0xF5, 0xA0, 0x41, 0x9C,
    0x79, 0xEA, 0x37, 0xE8, 0x89, 0x04, 0x0F, 0x99, 0x5F, 0xC0, 0x22, 0x02, 0xB0, 0x9B, 0x02, 0xC9,
    0xF5, 0x41, 0xD6, 0x55, 0xFE, 0xE4, 0x79, 0x08, 0xC5, 0xBB, 0x7C, 0x9C, 0x02, 0xCE, 0x1D, 0x8C,
    0xCE, 0x38, 0xC4, 0x44, 0xB8, 0xF0, 0xAD, 0x4E, 0xBE, 0x81, 0x20, 0x40, 0xD7, 0x24, 0x38, 0x03,
    0x26, 0x10, 0x9E, 0xBB, 0x99, 0xDD, 0xCC, 0x18, 0x3F, 0x20, 0xDE, 0xB9, 0x20, 0x45, 0xDA, 0xC0,
    0x8E, 0xD0, 0xE2, 0xD6, 0x2A, 0x0B, 0x90, 0x24, 0x61, 0x47, 0x08, 0xC4, 0xD9, 0xA9, 0x6A, 0x54,
    0xFA, 0x54, 0x6D, 0x0A, 0x9E, 0x71, 0xFD, 0x2F, 0x37, 0xB8, 0xBE, 0xC9, 0xC2, 0xD6, 0xDC, 0xA9,
    0x2D, 0xEC, 0x74, 0x67, 0x13, 0x0D, 0x5A, 0x5B, 0x4F, 0xAA, 0x01, 0x8E, 0x02, 0x56, 0xE5, 0x4A,
    0xB0, 0x42, 0x96, 0x68, 0x85, 0xAD, 0xC0, 0x55, 0xBA, 0xEA, 0x4C, 0x9C, 0x0E, 0x30, 0x67, 0x46,
    0xFC, 0x2D, 0xFB, 0x73, 0xCF, 0x1C, 0x97, 0x03, 0xE2, 0xE2, 0xD2, 0x98, 0x8D, 0x1A, 0x93, 0x78,
    0x55, 0xEC, 0xAA, 0x8E, 0x55, 0xD3, 0x8A, 0x6F, 0xC5, 0xBA, 0x17, 0xF7, 0xAA, 0x81, 0x87, 0x53,
    0xF1, 0xB0, 0xD8, 0x58, 0x9C, 0x2C, 0x66, 0x16, 0x3F, 0x8B, 0xA5, 0xC5, 0xD5, 0x62, 0x6C, 0xF1,
    0xB6, 0xD8, 0xDB, 0xAB, 0xA5, 0xC3, 0xC5, 0xE4, 0xE2, 0x73, 0xB1, 0xBA, 0xB8, 0x5D, 0x0C, 0x4F,
    0xCF, 0xCB, 0xD9, 0x21, 0x29, 0x94, 0xD3, 0x43, 0x8E, 0x0F, 0x39, 0x3F, 0xE4, 0x00, 0x91, 0x13,
    0x44, 0x8F, 0x10, 0x8D, 0x43, 0x9E, 0x96, 0x26, 0xE2, 0xBB, 0x86, 0x82, 0x9A, 0x03, 0x63, 0x34,
    0x38, 0xB1, 0x92, 0x8E, 0xA4, 0x01, 0xD1, 0x8C, 0x68, 0x4C, 0x34, 0x29, 0x66, 0x25, 0x2C, 0x74,
    0x43, 0xC9, 0x8B, 0x49, 0x64, 0x34, 0x35, 0x18, 0x5D, 0x09, 0x8E, 0x66, 0x47, 0xE3, 0xA3, 0x09,
    0xD2, 0x10, 0x69, 0x8E, 0x50, 0x59, 0x6B, 0x9A, 0x34, 0x50, 0x9A, 0x29, 0x8D, 0x95, 0x26, 0x4B,
    0xC3, 0xA5, 0xF9, 0xD2, 0x88, 0x69, 0xCA, 0x72, 0xD0, 0x74, 0x96, 0x3A, 0x4C, 0x9D, 0xA6, 0x8E,
    0x53, 0xE7, 0xA9, 0x03, 0xD5, 0x89, 0xEA, 0x48, 0xF5, 0x6A, 0xC6, 0x99, 0x35, 0x53, 0x74, 0xB6,
    0x68, 0x74, 0x01, 0xE8, 0x76, 0x2E, 0xF7, 0xDD, 0x1D, 0x76, 0xCC, 0x6E, 0xB3, 0xE4, 0xF1, 0xC5,
    0xCB, 0xF9, 0x76, 0x2E, 0x83, 0x9B, 0xF5, 0x4E, 0x2E, 0x57, 0x72, 0xB9, 0x91, 0xF5, 0x42, 0x1E,
    0xCA, 0x2D, 0x6C, 0xE5, 0xDB, 0x38, 0x17, 0x0E, 0x48, 0xA6, 0xA3, 0x17, 0xB0, 0x9E, 0x6F, 0x75,
    0x99, 0x48, 0x94, 0x71, 0x3C, 0xC8, 0xB3, 0xA8, 0x26, 0xC2, 0x4F, 0xCD, 0x4C, 0x61, 0x36, 0xB1,
    0x53, 0xA4, 0x1D, 0x9D, 0x46, 0x33, 0xC2, 0xDF, 0xD8, 0x0F, 0x92, 0x0F, 0x0F, 0xFF, 0xF1, 0xF9,
    0xF6, 0xFC, 0x73, 0x5F, 0x72, 0x91, 0x19, 0x52, 0x78, 0x5B, 0xEF, 0x29, 0xBA, 0x71, 0x93, 0x28,
    0x0E, 0xDB, 0x95, 0xCF, 0xF6, 0x84, 0xBA, 0xB7, 0xBE, 0x01, 0xB9, 0xDA, 0xEC, 0xAD, 0x99, 0xF5,
    0x60, 0xF9, 0xCE, 0x85, 0xFF, 0xCB, 0xCF, 0xE1, 0xC9, 0x90, 0x3E, 0x82, 0xD7, 0xFF, 0x68, 0x1B,
    0x22, 0xB7, 0x8D, 0xA1, 0x0F, 0x10, 0xB6, 0xB0, 0x7F, 0xBC, 0x86, 0x98, 0x9B, 0x82, 0xB9, 0xB6,
    0xB9, 0xCA, 0xBC, 0x97, 0x6C, 0xA4, 0x36, 0x41, 0x84, 0xBA, 0xDF, 0x25, 0x07, 0x7C, 0x15, 0xDA,
    0xB1, 0x76, 0x11, 0x5E, 0xFB, 0xDB, 0xE3, 0x5A, 0xDB, 0xD3, 0x25, 0x74, 0xE9, 0xD5, 0xE2, 0x9D,
    0xB8, 0x70, 0x8E, 0x5B, 0xFF, 0x81, 0xE3, 0xE8, 0xE2, 0x10, 0x36, 0x18, 0xB4, 0x61, 0xFE, 0xD7,
    0xBD, 0xFF, 0x7C, 0xFF, 0x0D, 0x62, 0x40, 0x06, 0x1A, 0x30, 0xC6, 0x3E, 0x28, 0xCD, 0x04, 0x20,
    0x61, 0x8E, 0x8D, 0x18, 0x84, 0x81, 0x20, 0x8A, 0x7E, 0x22, 0x02, 0x02, 0x97, 0xA0, 0x12, 0x54,
    0x02, 0x54, 0xE1, 0x76, 0x50, 0x17, 0xAE, 0xC1, 0x55, 0x98, 0x12, 0x70, 0x07, 0xE4, 0x4E, 0x1C,
    0x38, 0x50, 0x00, 0x3A, 0xEF, 0x8E, 0x12, 0xCD, 0x9F, 0xD1, 0xBB, 0x8D, 0xD2, 0x63, 0x8A, 0xA3,
    0x47, 0x8E, 0x4A, 0x27, 0xF7, 0xD6, 0xC9, 0x41, 0x2E, 0x98, 0x6C, 0x8C, 0x46, 0xE4, 0x8D, 0xC1,
    0x88, 0xD7, 0xFB, 0xE9, 0x25, 0xAD, 0x44, 0xEC, 0x73, 0x11, 0x51, 0x7C, 0xB3, 0x50, 0x56, 0xD4,
    0x54, 0x45, 0x14, 0xE7, 0xAD, 0x99, 0x38, 0xA2, 0x4C, 0x8E, 0x5F, 0x8A, 0xC3, 0xA4, 0x2D, 0x29,
    0xEA, 0xAA, 0x28, 0xCC, 0x71, 0x25, 0xDD, 0x80, 0x7E, 0x47, 0x87, 0x9E, 0x7D, 0x70, 0x68, 0x62,
    0x61, 0x8D, 0x53, 0x97, 0x17, 0x24, 0xAD, 0x88, 0xA0, 0xFF, 0x4B, 0xB1, 0xC3, 0x10, 0x2D, 0x99,
    0x20, 0x64, 0x82, 0xD1, 0xC7, 0xC4, 0x08, 0x13, 0xA1, 0x86, 0x89, 0x11, 0x26, 0x46, 0x0F, 0x13,
    0xA3, 0x4E, 0x84, 0x3A, 0x01, 0xFE, 0xAB, 0x85, 0x05, 0x94, 0x08, 0x88, 0x00, 0x00,
};

static const EpdGlyph bookerly_18_bolditalicGlyphs[] = {
    { 0, 0, 0, 0, 0, 0, 0 }, // U+0000
    { 0, 0, 0, 0, 0, 0, 0 }, // U+0008
    { 0, 0, 129, 0, 0, 0, 0 }, // U+0009
    { 0, 0, 129, 0, 0, 0, 0 }, // U+000D
    { 0, 0, 0, 0, 0, 0, 0 }, // U+001D
    { 0, 0, 129, 0, 0, 0, 0 }, // U+0020
    { 12, 30, 201, 1, 29, 90, 0 }, // !
    { 14, 14, 239, 2, 28, 49, 90 }, // "
    { 24, 24, 374, 0, 22, 144, 139 }, // #
    { 21, 39, 374, 1, 31, 205, 283 }, // $
    { 35, 31, 590, 1, 28, 272, 488 }, // %
    { 31, 30, 529, 1, 28, 233, 760 }, // &
    { 7, 14, 133, 2, 28, 25, 993 }, // '
    { 17, 39, 251, 1, 31, 166, 1018 }, // (
    { 17, 39, 251, -2, 31, 166, 1184 }, // )
    { 14, 13, 235, 2, 28, 46, 1350 }, // *
    { 18, 18, 374, 3, 22, 81, 1396 }, // +
    { 11, 13, 185, -2, 6, 36, 1477 }, // ,
    { 13, 5, 234, 1, 12, 17, 1513 }, // -
    { 7, 7, 185, 2, 6, 13, 1530 }, // .
    { 23, 30, 310, -2, 28, 173, 1543 }, // /
    { 24, 28, 374, 0, 27, 168, 1716 }, // 0
    { 17, 27, 374, 2, 27, 115, 1884 }, // 1
    { 22, 27, 374, 0, 27, 149, 1999 }, // 2
    { 22, 28, 374, 0, 27, 154, 2148 }, // 3
    { 23, 27, 374, 0, 27, 156, 2302 }, // 4
    { 22, 27, 374, 1, 26, 149, 2458 }, // 5
    { 23, 28, 374, 1, 27, 161, 2607 }, // 6
    { 21, 27, 374, 4, 26, 142, 2768 }, // 7
    { 22, 28, 374, 1, 27, 154, 2910 }, // 8
    { 24, 28, 374, -1, 27, 168, 3064 }, // 9
    { 10, 21, 185, 2, 20, 53, 3232 }, // :
    { 14, 27, 185, -2, 20, 95, 3285 }, // ;
    { 18, 18, 374, 3, 22, 81, 3380 }, // <
    { 18, 12, 374, 3, 19, 54, 3461 }, // =
    { 18, 18, 374, 3, 22, 81, 3515 }, // >
    { 13, 29, 244, 3, 28, 95, 3596 }, // ?
    { 35, 35, 598, 2, 27, 307, 3691 }, // @
    { 30, 28, 444, -3, 28, 210, 3998 }, // A
    { 25, 29, 376, -2, 28, 182, 4208 }, // B
    { 24, 29, 394, 1, 28, 174, 4390 }, // C
    { 29, 29, 439, -2, 28, 211, 4564 }, // D
    { 26, 27, 374, -2, 27, 176, 4775 }, // E
    { 25, 27, 346, -2, 27, 169, 4951 }, // F
    { 26, 29, 437, 1, 28, 189, 5120 }, // G
    { 34, 27, 481, -2, 27, 230, 5309 }, // H
    { 19, 27, 239, -2, 27, 129, 5539 }, // I
    { 24, 35, 227, -7, 27, 210, 5668 }, // J
    { 31, 28, 428, -2, 27, 217, 5878 }, // K
    { 23, 27, 347, -2, 27, 156, 6095 }, // L
    { 37, 27, 539, -3, 27, 250, 6251 }, // M
    { 34, 28, 464, -2, 27, 238, 6501 }, // N
    { 26, 29, 443, 1, 28, 189, 6739 }, // O
    { 26, 28, 368, -2, 28, 182, 6928 }, // P
    { 32, 37, 446, 1, 28, 296, 7110 }, // Q
    { 27, 29, 408, -2, 28, 196, 7406 }, // R
    { 22, 29, 332, -1, 28, 160, 7602 }, // S
    { 25, 27, 398, 2, 27, 169, 7762 }, // T
    { 29, 28, 470, 3, 27, 203, 7931 }, // U
    { 29, 28, 439, 2, 27, 203, 8134 }, // V
    { 39, 28, 599, 2, 27, 273, 8337 }, // W
    { 32, 27, 400, -4, 27, 216, 8610 }, // X
    { 26, 27, 393, 2, 27, 176, 8826 }, // Y
    { 24, 28, 372, -1, 27, 168, 9002 }, // Z
    { 17, 36, 202, -2, 30, 153, 9170 }, // [
    { 16, 30, 310, 2, 28, 120, 9323 }, // <backslash>
    { 17, 36, 202, -2, 30, 153, 9443 }, // ]
    { 20, 19, 374, 2, 25, 95, 9596 }, // ^
    { 19, 5, 300, 0, -1, 24, 9691 }, // _
    { 8, 10, 372, 8, 32, 20, 9715 }, // `
    { 21, 22, 358, 1, 21, 116, 9735 }, // a
    { 21, 31, 335, 0, 30, 163, 9851 }, // b
    { 16, 22, 273, 1, 21, 88, 10014 }, // c
    { 21, 31, 356, 1, 30, 163, 10102 }, // d
    { 17, 22, 284, 1, 21, 94, 10265 }, // e
    { 28, 39, 255, -7, 30, 273, 10359 }, // f
    { 26, 30, 318, -3, 21, 195, 10632 }, // g
    { 22, 31, 359, 0, 30, 171, 10827 }, // h
    { 12, 30, 194, 1, 29, 90, 10998 }, // i
    { 22, 38, 190, -8, 29, 209, 11088 }, // j
    { 20, 31, 320, 0, 30, 155, 11297 }, // k
    { 11, 31, 193, 1, 30, 86, 11452 }, // l
    { 32, 22, 526, 1, 21, 176, 11538 }, // m
    { 22, 22, 372, 1, 21, 121, 11714 }, // n
    { 19, 22, 326, 1, 21, 105, 11835 }, // o
    { 24, 30, 344, -3, 21, 180, 11940 }, // p
    { 21, 30, 337, 1, 21, 158, 12120 }, // q
    { 18, 21, 289, 1, 21, 95, 12278 }, // r
    { 17, 22, 260, -1, 21, 94, 12373 }, // s
    { 16, 26, 254, 1, 25, 104, 12467 }, // t
    { 23, 22, 368, 0, 21, 127, 12571 }, // u
    { 20, 22, 316, 0, 21, 110, 12698 }, // v
    { 29, 22, 456, 0, 21, 160, 12808 }, // w
    { 23, 22, 344, -1, 21, 127, 12968 }, // x
    { 26, 30, 316, -6, 21, 195, 13095 }, // y
    { 20, 22, 289, -1, 21, 110, 13290 }, // z
    { 17, 38, 250, 1, 31, 162, 13400 }, // {
    { 13, 34, 182, -1, 29, 111, 13562 }, // |
    { 16, 38, 250, -2, 31, 152, 13673 }, // }
    { 19, 8, 374, 2, 17, 38, 13825 }, // ~
    { 0, 0, 129, 0, 0, 0, 0 }, // U+00A0
    { 12, 30, 201, -1, 21, 90, 0 }, // U+00A1
    { 20, 38, 374, 2, 30, 190, 90 }, // U+00A2
    { 25, 28, 374, -1, 27, 175, 280 }, // U+00A3
    { 24, 19, 374, 0, 22, 114, 455 }, // U+00A4
    { 26, 26, 374, 1, 26, 169, 569 }, // U+00A5
    { 13, 34, 182, -1, 29, 111, 738 }, // U+00A6
    { 19, 31, 307, -1, 27, 148, 849 }, // U+00A7
    { 14, 6, 372, 5, 29, 21, 997 }, // U+00A8
    { 28, 28, 469, 1, 27, 196, 1018 }, // U+00A9
    { 16, 20, 272, 1, 28, 80, 1214 }, // U+00AA
    { 21, 15, 364, 1, 17, 79, 1294 }, // U+00AB
    { 18, 10, 374, 3, 18, 45, 1373 }, // U+00AC
    { 13, 5, 234, 1, 12, 17, 1418 }, // U+00AD
    { 20, 21, 349, 1, 30, 105, 1435 }, // U+00AE
    { 13, 5, 372, 5, 28, 17, 1540 }, // U+00AF
    { 14, 14, 317, 3, 27, 49, 1557 }, // U+00B0
    { 18, 24, 374, 3, 23, 108, 1606 }, // U+00B1
    { 15, 18, 268, 1, 32, 68, 1714 }, // U+00B2
    { 14, 19, 268, 1, 32, 67, 1782 }, // U+00B3
    { 8, 11, 372, 8, 33, 22, 1849 }, // U+00B4
    { 25, 30, 370, -2, 21, 188, 1871 }, // U+00B5
    { 25, 33, 363, -1, 27, 207, 2059 }, // U+00B6
    { 7, 7, 185, 2, 14, 13, 2266 }, // U+00B7
    { 9, 10, 372, 7, -1, 23, 2279 }, // U+00B8
    { 11, 18, 268, 2, 32, 50, 2302 }, // U+00B9
    { 16, 19, 272, 1, 27, 76, 2352 }, // U+00BA
    { 21, 15, 364, 1, 17, 79, 2428 }, // U+00BB
    { 38, 31, 646, 2, 28, 295, 2507 }, // U+00BC
    { 38, 31, 646, 2, 28, 295, 2802 }, // U+00BD
    { 39, 31, 646, 1, 28, 303, 3097 }, // U+00BE
    { 13, 30, 244, 0, 21, 98, 3400 }, // U+00BF
    { 30, 37, 444, -3, 37, 278, 3498 }, // U+00C0
    { 30, 37, 444, -3, 37, 278, 3776 }, // U+00C1
    { 30, 37, 444, -3, 37, 278, 4054 }, // U+00C2
    { 30, 36, 444, -3, 36, 270, 4332 }, // U+00C3
    { 30, 36, 444, -3, 36, 270, 4602 }, // U+00C4
    { 30, 38, 444, -3, 38, 285, 4872 }, // U+00C5
    { 39, 27, 563, -3, 27, 264, 5157 }, // U+00C6
    { 24, 39, 394, 1, 28, 234, 5421 }, // U+00C7
    { 26, 37, 374, -2, 37, 241, 5655 }, // U+00C8
    { 26, 37, 374, -2, 37, 241, 5896 }, // U+00C9
    { 26, 37, 374, -2, 37, 241, 6137 }, // U+00CA
    { 26, 36, 374, -2, 36, 234, 6378 }, // U+00CB
    { 19, 37, 239, -2, 37, 176, 6612 }, // U+00CC
    { 19, 37, 239, -2, 37, 176, 6788 }, // U+00CD
    { 20, 37, 239, -2, 37, 185, 6964 }, // U+00CE
    { 20, 36, 239, -2, 36, 180, 7149 }, // U+00CF
    { 29, 29, 439, -2, 28, 211, 7329 }, // U+00D0
    { 34, 37, 464, -2, 36, 315, 7540 }, // U+00D1
    { 26, 38, 443, 1, 37, 247, 7855 }, // U+00D2
    { 26, 38, 443, 1, 37, 247, 8102 }, // U+00D3
    { 26, 38, 443, 1, 37, 247, 8349 }, // U+00D4
    { 26, 37, 443, 1, 36, 241, 8596 }, // U+00D5
    { 26, 37, 443, 1, 36, 241, 8837 }, // U+00D6
    { 17, 17, 374, 3, 21, 73, 9078 }, // U+00D7
    { 32, 30, 443, -2, 28, 240, 9151 }, // U+00D8
    { 29, 38, 470, 3, 37, 276, 9391 }, // U+00D9
    { 29, 38, 470, 3, 37, 276, 9667 }, // U+00DA
    { 29, 38, 470, 3, 37, 276, 9943 }, // U+00DB
    { 29, 37, 470, 3, 36, 269, 10219 }, // U+00DC
    { 26, 37, 393, 2, 37, 241, 10488 }, // U+00DD
    { 25, 27, 360, -2, 27, 169, 10729 }, // U+00DE
    { 31, 39, 383, -7, 30, 303, 10898 }, // U+00DF
    { 21, 33, 358, 1, 32, 174, 11201 }, // U+00E0
    { 21, 34, 358, 1, 33, 179, 11375 }, // U+00E1
    { 21, 33, 358, 1, 32, 174, 11554 }, // U+00E2
    { 21, 31, 358, 1, 30, 163, 11728 }, // U+00E3
    { 21, 30, 358, 1, 29, 158, 11891 }, // U+00E4
    { 21, 33, 358, 1, 32, 174, 12049 }, // U+00E5
    { 28, 22, 470, 1, 21, 154, 12223 }, // U+00E6
    { 16, 32, 273, 1, 21, 128, 12377 }, // U+00E7
    { 17, 33, 284, 1, 32, 141, 12505 }, // U+00E8
    { 18, 34, 284, 1, 33, 153, 12646 }, // U+00E9
    { 18, 33, 284, 1, 32, 149, 12799 }, // U+00EA
    { 18, 30, 284, 1, 29, 135, 12948 }, // U+00EB
    { 11, 33, 194, 1, 32, 91, 13083 }, // U+00EC
    { 15, 34, 194, 1, 33, 128, 13174 }, // U+00ED
    { 14, 33, 194, 1, 32, 116, 13302 }, // U+00EE
    { 15, 30, 194, 1, 29, 113, 13418 }, // U+00EF
    { 19, 32, 328, 1, 31, 152, 13531 }, // U+00F0
    { 22, 31, 372, 1, 30, 171, 13683 }, // U+00F1
    { 19, 33, 326, 1, 32, 157, 13854 }, // U+00F2
    { 20, 34, 326, 1, 33, 170, 14011 }, // U+00F3
    { 19, 33, 326, 1, 32, 157, 14181 }, // U+00F4
    { 20, 31, 326, 1, 30, 155, 14338 }, // U+00F5
    { 20, 30, 326, 1, 29, 150, 14493 }, // U+00F6
    { 18, 18, 374, 3, 22, 81, 14643 }, // U+00F7
    { 25, 23, 326, -2, 21, 144, 14724 }, // U+00F8
    { 23, 33, 368, 0, 32, 190, 14868 }, // U+00F9
    { 23, 34, 368, 0, 33, 196, 15058 }, // U+00FA
    { 23, 33, 368, 0, 32, 190, 15254 }, // U+00FB
    { 23, 30, 368, 0, 29, 173, 15444 }, // U+00FC
    { 26, 42, 316, -6, 33, 273, 15617 }, // U+00FD
    { 24, 39, 333, -4, 30, 234, 15890 }, // U+00FE
    { 26, 38, 316, -6, 29, 247, 16124 }, // U+00FF
    { 30, 34, 444, -3, 34, 255, 0 }, // U+0100
    { 21, 29, 358, 1, 28, 153, 255 }, // U+0101
    { 30, 37, 444, -3, 37, 278, 408 }, // U+0102
    { 21, 31, 358, 1, 30, 163, 686 }, // U+0103
    { 30, 37, 444, -3, 28, 278, 849 }, // U+0104
    { 21, 30, 358, 1, 21, 158, 1127 }, // U+0105
    { 24, 38, 394, 1, 37, 228, 1285 }, // U+0106
    { 18, 34, 273, 1, 33, 153, 1513 }, // U+0107
    { 24, 38, 394, 1, 37, 228, 1666 }, // U+0108
    { 18, 33, 273, 1, 32, 149, 1894 }, // U+0109
    { 24, 37, 394, 1, 36, 222, 2043 }, // U+010A
    { 16, 31, 273, 1, 30, 124, 2265 }, // U+010B
    { 25, 38, 394, 1, 37, 238, 2389 }, // U+010C
    { 19, 33, 273, 1, 32, 157, 2627 }, // U+010D
    { 29, 38, 439, -2, 37, 276, 2784 }, // U+010E
    { 28, 31, 372, 1, 30, 217, 3060 }, // U+010F
    { 29, 29, 439, -2, 28, 211, 3277 }, // U+0110
    { 24, 31, 356, 1, 30, 186, 3488 }, // U+0111
    { 26, 34, 374, -2, 34, 221, 3674 }, // U+0112
    { 18, 29, 284, 1, 28, 131, 3895 }, // U+0113
    { 26, 37, 374, -2, 37, 241, 4026 }, // U+0114
    { 18, 31, 284, 1, 30, 140, 4267 }, // U+0115
    { 26, 36, 374, -2, 36, 234, 4407 }, // U+0116
    { 17, 31, 284, 1, 30, 132, 4641 }, // U+0117
    { 26, 36, 374, -2, 27, 234, 4773 }, // U+0118
    { 17, 30, 284, 1, 21, 128, 5007 }, // U+0119
    { 26, 37, 374, -2, 37, 241, 5135 }, // U+011A
    { 19, 33, 284, 1, 32, 157, 5376 }, // U+011B
    { 26, 38, 437, 1, 37, 247, 5533 }, // U+011C
    { 26, 41, 318, -3, 32, 267, 5780 }, // U+011D
    { 26, 38, 437, 1, 37, 247, 6047 }, // U+011E
    { 26, 39, 318, -3, 30, 254, 6294 }, // U+011F
    { 26, 37, 437, 1, 36, 241, 6548 }, // U+0120
    { 26, 39, 318, -3, 30, 254, 6789 }, // U+0121
    { 26, 38, 437, 1, 28, 247, 7043 }, // U+0122
    { 26, 42, 318, -3, 33, 273, 7290 }, // U+0123
    { 34, 37, 481, -2, 37, 315, 7563 }, // U+0124
    { 22, 41, 359, 0, 40, 226, 7878 }, // U+0125
    { 34, 27, 481, -2, 27, 230, 8104 }, // U+0126
    { 22, 31, 359, 0, 30, 171, 8334 }, // U+0127
    { 20, 36, 239, -2, 36, 180, 8505 }, // U+0128
    { 15, 31, 194, 1, 30, 117, 8685 }, // U+0129
    { 20, 34, 239, -2, 34, 170, 8802 }, // U+012A
    { 15, 29, 194, 1, 28, 109, 8972 }, // U+012B
    { 20, 37, 239, -2, 37, 185, 9081 }, // U+012C
    { 15, 31, 194, 1, 30, 117, 9266 }, // U+012D
    { 19, 36, 239, -2, 27, 171, 9383 }, // U+012E
    { 12, 38, 194, 1, 29, 114, 9554 }, // U+012F
    { 19, 36, 239, -2, 36, 171, 9668 }, // U+0130
    { 11, 22, 194, 1, 21, 61, 9839 }, // U+0131
    { 34, 35, 466, -2, 27, 298, 9900 }, // U+0132
    { 25, 38, 383, 1, 29, 238, 10198 }, // U+0133
    { 26, 45, 227, -7, 37, 293, 10436 }, // U+0134
    { 24, 41, 190, -8, 32, 246, 10729 }, // U+0135
    { 31, 37, 428, -2, 27, 287, 10975 }, // U+0136
    { 20, 40, 320, 0, 30, 200, 11262 }, // U+0137
    { 20, 22, 345, 1, 21, 110, 11462 }, // U+0138
    { 23, 37, 347, -2, 37, 213, 11572 }, // U+0139
    { 14, 40, 193, 1, 39, 140, 11785 }, // U+013A
    { 23, 37, 347, -2, 27, 213, 11925 }, // U+013B
    { 13, 40, 193, -1, 30, 130, 12138 }, // U+013C
    { 25, 30, 347, -2, 30, 188, 12268 }, // U+013D
    { 18, 31, 210, 1, 30, 140, 12456 }, // U+013E
    { 24, 27, 347, -2, 27, 162, 12596 }, // U+013F
    { 17, 31, 254, 1, 30, 132, 12758 }, // U+0140
    { 23, 27, 347, -2, 27, 156, 12890 }, // U+0141
    { 15, 31, 190, -1, 30, 117, 13046 }, // U+0142
    { 34, 38, 464, -2, 37, 323, 13163 }, // U+0143
    { 22, 34, 372, 1, 33, 187, 13486 }, // U+0144
    { 34, 37, 464, -2, 27, 315, 13673 }, // U+0145
    { 22, 31, 372, 1, 21, 171, 13988 }, // U+0146
    { 34, 38, 464, -2, 37, 323, 14159 }, // U+0147
    { 22, 33, 372, 1, 32, 182, 14482 }, // U+0148
    { 29, 30, 499, 2, 29, 218, 14664 }, // U+0149
    { 34, 35, 464, -2, 27, 298, 14882 }, // U+014A
    { 20, 30, 352, 1, 21, 150, 15180 }, // U+014B
    { 26, 35, 443, 1, 34, 228, 15330 }, // U+014C
    { 20, 29, 326, 1, 28, 145, 15558 }, // U+014D
    { 26, 38, 443, 1, 37, 247, 15703 }, // U+014E
    { 20, 31, 326, 1, 30, 155, 15950 }, // U+014F
    { 28, 39, 443, 1, 38, 273, 16105 }, // U+0150
    { 22, 33, 326, 1, 32, 182, 16378 }, // U+0151
    { 37, 28, 595, 1, 27, 259, 16560 }, // U+0152
    { 30, 22, 490, 1, 21, 165, 16819 }, // U+0153
    { 27, 38, 408, -2, 37, 257, 16984 }, // U+0154
    { 18, 33, 289, 1, 33, 149, 17241 }, // U+0155
    { 27, 38, 408, -2, 28, 257, 17390 }, // U+0156
    { 20, 31, 289, -1, 21, 155, 17647 }, // U+0157
    { 27, 38, 408, -2, 37, 257, 17802 }, // U+0158
    { 19, 32, 289, 1, 32, 152, 18059 }, // U+0159
    { 22, 38, 332, -1, 37, 209, 18211 }, // U+015A
    { 19, 34, 260, -1, 33, 162, 18420 }, // U+015B
    { 22, 38, 332, -1, 37, 209, 18582 }, // U+015C
    { 19, 33, 260, -1, 32, 157, 18791 }, // U+015D
    { 22, 39, 332, -1, 28, 215, 18948 }, // U+015E
    { 17, 32, 260, -1, 21, 136, 19163 }, // U+015F
    { 23, 38, 332, -1, 37, 219, 19299 }, // U+0160
    { 20, 33, 260, -1, 32, 165, 19518 }, // U+0161
    { 25, 38, 398, 2, 27, 238, 19683 }, // U+0162
    { 16, 36, 254, 1, 25, 144, 19921 }, // U+0163
    { 25, 37, 398, 2, 37, 232, 20065 }, // U+0164
    { 18, 32, 254, 1, 31, 144, 20297 }, // U+0165
    { 25, 27, 398, 2, 27, 169, 20441 }, // U+0166
    { 17, 26, 254, 0, 25, 111, 20610 }, // U+0167
    { 29, 37, 470, 3, 36, 269, 20721 }, // U+0168
    { 23, 31, 368, 0, 30, 179, 20990 }, // U+0169
    { 29, 35, 470, 3, 34, 254, 21169 }, // U+016A
    { 23, 29, 368, 0, 28, 167, 21423 }, // U+016B
    { 29, 38, 470, 3, 37, 276, 21590 }, // U+016C
    { 23, 31, 368, 0, 30, 179, 21866 }, // U+016D
    { 29, 39, 470, 3, 38, 283, 22045 }, // U+016E
    { 23, 33, 368, 0, 32, 190, 22328 }, // U+016F
    { 29, 39, 470, 3, 38, 283, 22518 }, // U+0170
    { 23, 33, 368, 0, 32, 190, 22801 }, // U+0171
    { 29, 36, 470, 3, 27, 261, 22991 }, // U+0172
    { 23, 30, 368, 0, 21, 173, 23252 }, // U+0173
    { 39, 38, 599, 2, 37, 371, 23425 }, // U+0174
    { 29, 33, 456, 0, 32, 240, 23796 }, // U+0175
    { 26, 37, 393, 2, 37, 241, 24036 }, // U+0176
    { 26, 41, 316, -6, 32, 267, 24277 }, // U+0177
    { 26, 36, 393, 2, 36, 234, 24544 }, // U+0178
    { 24, 38, 372, -1, 37, 228, 24778 }, // U+0179
    { 20, 34, 289, -1, 33, 170, 25006 }, // U+017A
    { 24, 37, 372, -1, 36, 222, 25176 }, // U+017B
    { 20, 31, 289, -1, 30, 155, 25398 }, // U+017C
    { 24, 38, 372, -1, 37, 228, 25553 }, // U+017D
    { 20, 33, 289, -1, 32, 165, 25781 }, // U+017E
    { 28, 39, 255, -7, 30, 273, 25946 }, // U+017F
    { 31, 33, 443, 1, 32, 256, 0 }, // U+01A0
    { 23, 26, 326, 1, 25, 150, 256 }, // U+01A1
    { 33, 33, 460, 3, 32, 273, 406 }, // U+01AF
    { 27, 26, 368, 0, 25, 176, 679 }, // U+01B0
    { 55, 38, 832, -2, 37, 523, 855 }, // U+01C4
    { 49, 33, 739, -2, 32, 405, 1378 }, // U+01C5
    { 40, 33, 643, 1, 32, 330, 1783 }, // U+01C6
    { 41, 35, 574, -2, 27, 359, 2113 }, // U+01C7
    { 38, 38, 536, -2, 29, 361, 2472 }, // U+01C8
    { 25, 39, 379, 1, 30, 244, 2833 }, // U+01C9
    { 49, 35, 691, -2, 27, 429, 3077 }, // U+01CA
    { 45, 38, 653, -2, 29, 428, 3506 }, // U+01CB
    { 36, 38, 562, 1, 29, 342, 3934 }, // U+01CC
    { 30, 37, 444, -3, 37, 278, 4276 }, // U+01CD
    { 21, 33, 358, 1, 32, 174, 4554 }, // U+01CE
    { 21, 37, 239, -2, 37, 195, 4728 }, // U+01CF
    { 16, 33, 194, 1, 32, 132, 4923 }, // U+01D0
    { 26, 38, 443, 1, 37, 247, 5055 }, // U+01D1
    { 21, 33, 326, 1, 32, 174, 5302 }, // U+01D2
    { 29, 38, 470, 3, 37, 276, 5476 }, // U+01D3
    { 23, 33, 368, 0, 32, 190, 5752 }, // U+01D4
    { 29, 41, 470, 3, 40, 298, 5942 }, // U+01D5
    { 23, 35, 368, 0, 34, 202, 6240 }, // U+01D6
    { 29, 41, 470, 3, 40, 298, 6442 }, // U+01D7
    { 23, 39, 368, 0, 38, 225, 6740 }, // U+01D8
    { 29, 41, 470, 3, 40, 298, 6965 }, // U+01D9
    { 23, 38, 368, 0, 37, 219, 7263 }, // U+01DA
    { 29, 41, 470, 3, 40, 298, 7482 }, // U+01DB
    { 23, 38, 368, 0, 37, 219, 7780 }, // U+01DC
    { 18, 22, 292, 0, 21, 99, 7999 }, // U+01DD
    { 30, 40, 444, -3, 40, 300, 8098 }, // U+01DE
    { 21, 35, 358, 1, 34, 184, 8398 }, // U+01DF
    { 30, 40, 444, -3, 40, 300, 8582 }, // U+01E0
    { 21, 36, 358, 1, 35, 189, 8882 }, // U+01E1
    { 39, 34, 563, -3, 34, 332, 9071 }, // U+01E2
    { 28, 29, 470, 1, 28, 203, 9403 }, // U+01E3
    { 26, 29, 437, 1, 28, 189, 9606 }, // U+01E4
    { 29, 30, 318, -6, 21, 218, 9795 }, // U+01E5
    { 26, 38, 437, 1, 37, 247, 10013 }, // U+01E6
    { 26, 41, 318, -3, 32, 267, 10260 }, // U+01E7
    { 31, 38, 428, -2, 37, 295, 10527 }, // U+01E8
    { 20, 41, 320, 0, 40, 205, 10822 }, // U+01E9
    { 26, 37, 443, 1, 28, 241, 11027 }, // U+01EA
    { 19, 30, 326, 1, 21, 143, 11268 }, // U+01EB
    { 26, 43, 443, 1, 34, 280, 11411 }, // U+01EC
    { 20, 37, 326, 1, 28, 185, 11691 }, // U+01ED
    { 24, 38, 340, -1, 37, 228, 11876 }, // U+01EE
    { 23, 41, 320, -3, 32, 236, 12104 }, // U+01EF
    { 26, 41, 190, -8, 32, 267, 12340 }, // U+01F0
    { 53, 29, 811, -2, 28, 385, 12607 }, // U+01F1
    { 49, 29, 728, -2, 28, 356, 12992 }, // U+01F2
    { 40, 31, 645, 1, 30, 310, 13348 }, // U+01F3
    { 26, 38, 437, 1, 37, 247, 13658 }, // U+01F4
    { 26, 42, 318, -3, 33, 273, 13905 }, // U+01F5
    { 34, 38, 464, -2, 37, 323, 14178 }, // U+01F8
    { 22, 33, 372, 1, 32, 182, 14501 }, // U+01F9
    { 30, 40, 444, -3, 40, 300, 14683 }, // U+01FA
    { 21, 40, 358, 1, 39, 210, 14983 }, // U+01FB
    { 39, 37, 563, -3, 37, 361, 15193 }, // U+01FC
    { 28, 34, 470, 1, 33, 238, 15554 }, // U+01FD
    { 32, 39, 443, -2, 37, 312, 15792 }, // U+01FE
    { 25, 35, 326, -2, 33, 219, 16104 }, // U+01FF
    { 30, 38, 444, -3, 38, 285, 16323 }, // U+0200
    { 21, 33, 358, 1, 32, 174, 16608 }, // U+0201
    { 30, 36, 444, -3, 36, 270, 16782 }, // U+0202
    { 21, 31, 358, 1, 30, 163, 17052 }, // U+0203
    { 26, 38, 374, -2, 38, 247, 17215 }, // U+0204
    { 17, 33, 284, 1, 32, 141, 17462 }, // U+0205
    { 26, 36, 374, -2, 36, 234, 17603 }, // U+0206
    { 18, 31, 284, 1, 30, 140, 17837 }, // U+0207
    { 19, 38, 239, -2, 38, 181, 17977 }, // U+0208
    { 12, 33, 194, 1, 32, 99, 18158 }, // U+0209
    { 19, 36, 239, -2, 36, 171, 18257 }, // U+020A
    { 15, 31, 194, 1, 30, 117, 18428 }, // U+020B
    { 26, 39, 443, 1, 38, 254, 18545 }, // U+020C
    { 19, 33, 326, 1, 32, 157, 18799 }, // U+020D
    { 26, 37, 443, 1, 36, 241, 18956 }, // U+020E
    { 19, 31, 326, 1, 30, 148, 19197 }, // U+020F
    { 27, 39, 408, -2, 38, 264, 19345 }, // U+0210
    { 18, 32, 289, 1, 32, 144, 19609 }, // U+0211
    { 27, 37, 408, -2, 36, 250, 19753 }, // U+0212
    { 18, 30, 289, 1, 30, 135, 20003 }, // U+0213
    { 29, 39, 470, 3, 38, 283, 20138 }, // U+0214
    { 23, 33, 368, 0, 32, 190, 20421 }, // U+0215
    { 29, 37, 470, 3, 36, 269, 20611 }, // U+0216
    { 23, 31, 368, 0, 30, 179, 20880 }, // U+0217
    { 22, 38, 332, -1, 28, 209, 21059 }, // U+0218
    { 17, 31, 260, -1, 21, 132, 21268 }, // U+0219
    { 25, 37, 398, 2, 27, 232, 21400 }, // U+021A
    { 16, 35, 254, 1, 25, 140, 21632 }, // U+021B
    { 23, 33, 343, -2, 28, 190, 21772 }, // U+021C
    { 21, 30, 284, -3, 21, 158, 21962 }, // U+021D
    { 34, 37, 481, -2, 37, 315, 22120 }, // U+021E
    { 22, 41, 359, 0, 40, 226, 22435 }, // U+021F
    { 9, 10, 0, -6, 32, 23, 0 }, // U+0300
    { 8, 11, 0, -3, 33, 22, 23 }, // U+0301
    { 14, 10, 0, -8, 32, 35, 45 }, // U+0302
    { 14, 7, 0, -7, 30, 25, 80 }, // U+0303
    { 13, 5, 0, -7, 28, 17, 105 }, // U+0304
    { 12, 7, 0, -6, 30, 21, 122 }, // U+0306
    { 6, 7, 0, -3, 30, 11, 143 }, // U+0307
    { 14, 6, 0, -7, 29, 21, 154 }, // U+0308
    { 11, 12, 0, -5, 34, 33, 175 }, // U+0309
    { 10, 10, 0, -5, 32, 25, 208 }, // U+030A
    { 16, 10, 0, -7, 32, 40, 233 }, // U+030B
    { 14, 9, 0, -6, 32, 32, 273 }, // U+030C
    { 12, 10, 0, -8, 32, 30, 305 }, // U+030F
    { 13, 8, 0, -7, 30, 26, 335 }, // U+0311
    { 8, 11, 0, -4, 33, 22, 361 }, // U+0312
    { 9, 11, 0, -4, 34, 25, 383 }, // U+0313
    { 8, 11, 0, -5, 34, 22, 408 }, // U+0314
    { 6, 10, 0, -3, 33, 15, 430 }, // U+0315
    { 8, 10, 0, -4, 25, 20, 445 }, // U+031B
    { 6, 6, 0, -3, -3, 9, 465 }, // U+0323
    { 14, 6, 0, -7, -3, 21, 474 }, // U+0324
    { 10, 9, 0, -5, -1, 23, 495 }, // U+0325
    { 7, 9, 0, -4, -1, 16, 518 }, // U+0326
    { 9, 10, 0, -5, -1, 23, 534 }, // U+0327
    { 8, 10, 0, -4, 1, 20, 557 }, // U+0328
    { 7, 9, 162, -1, -2, 16, 577 }, // U+0329
    { 15, 8, 0, -8, -2, 30, 593 }, // U+032D
    { 12, 8, 0, -6, -2, 24, 623 }, // U+032E
    { 14, 7, 0, -7, -3, 25, 647 }, // U+0330
    { 14, 4, 0, -7, -4, 14, 672 }, // U+0331
    { 12, 8, 0, -6, 30, 24, 686 }, // U+0342
    { 15, 15, 0, -8, 39, 57, 710 }, // U+0344
    { 8, 8, 0, -3, -2, 16, 767 }, // U+0345
    { 26, 37, 374, -2, 37, 241, 0 }, // U+0400
    { 26, 36, 374, -2, 36, 234, 241 }, // U+0401
    { 26, 35, 463, 2, 27, 228, 475 }, // U+0402
    { 26, 37, 347, -2, 37, 241, 703 }, // U+0403
    { 24, 29, 391, 1, 28, 174, 944 }, // U+0404
    { 22, 29, 332, -1, 28, 160, 1118 }, // U+0405
    { 19, 27, 239, -2, 27, 129, 1278 }, // U+0406
    { 20, 36, 239, -2, 36, 180, 1407 }, // U+0407
    { 24, 35, 227, -7, 27, 210, 1587 }, // U+0408
    { 36, 28, 555, -2, 27, 252, 1797 }, // U+0409
    { 37, 28, 575, -2, 27, 259, 2049 }, // U+040A
    { 28, 27, 508, 2, 27, 189, 2308 }, // U+040B
    { 31, 38, 423, -2, 37, 295, 2497 }, // U+040C
    { 34, 37, 483, -2, 37, 315, 2792 }, // U+040D
    { 28, 39, 403, 1, 38, 273, 3107 }, // U+040E
    { 33, 36, 460, -2, 27, 297, 3380 }, // U+040F
    { 30, 28, 444, -3, 28, 210, 3677 }, // U+0410
    { 25, 28, 382, -2, 27, 175, 3887 }, // U+0411
    { 25, 29, 376, -2, 28, 182, 4062 }, // U+0412
    { 26, 27, 347, -2, 27, 176, 4244 }, // U+0413
    { 33, 35, 446, -3, 27, 289, 4420 }, // U+0414
    { 26, 27, 374, -2, 27, 176, 4709 }, // U+0415
    { 43, 29, 583, -4, 28, 312, 4885 }, // U+0416
    { 21, 29, 342, -1, 28, 153, 5197 }, // U+0417
    { 34, 27, 483, -2, 27, 230, 5350 }, // U+0418
    { 34, 38, 483, -2, 38, 323, 5580 }, // U+0419
    { 31, 29, 423, -2, 28, 225, 5903 }, // U+041A
    { 32, 28, 438, -2, 27, 224, 6128 }, // U+041B
    { 37, 27, 539, -3, 27, 250, 6352 }, // U+041C
    { 34, 27, 481, -2, 27, 230, 6602 }, // U+041D
    { 26, 29, 443, 1, 28, 189, 6832 }, // U+041E
    { 33, 27, 466, -2, 27, 223, 7021 }, // U+041F
    { 26, 28, 368, -2, 28, 182, 7244 }, // U+0420
    { 24, 29, 394, 1, 28, 174, 7426 }, // U+0421
    { 25, 27, 398, 2, 27, 169, 7600 }, // U+0422
    { 28, 28, 403, 1, 27, 196, 7769 }, // U+0423
    { 28, 29, 451, 0, 28, 203, 7965 }, // U+0424
    { 32, 27, 400, -4, 27, 216, 8168 }, // U+0425
    { 33, 35, 464, -2, 27, 289, 8384 }, // U+0426
    { 27, 27, 429, 2, 27, 183, 8673 }, // U+0427
    { 42, 27, 606, -2, 27, 284, 8856 }, // U+0428
    { 42, 35, 610, -2, 27, 368, 9140 }, // U+0429
    { 25, 28, 435, 2, 27, 175, 9508 }, // U+042A
    { 40, 28, 568, -2, 27, 280, 9683 }, // U+042B
    { 24, 28, 369, -2, 27, 168, 9963 }, // U+042C
    { 24, 29, 380, -1, 28, 174, 10131 }, // U+042D
    { 41, 29, 620, -2, 28, 298, 10305 }, // U+042E
    { 29, 28, 400, -2, 27, 203, 10603 }, // U+042F
    { 21, 22, 358, 1, 21, 116, 10806 }, // U+0430
    { 22, 32, 328, 1, 31, 176, 10922 }, // U+0431
    { 18, 22, 311, 1, 21, 99, 11098 }, // U+0432
    { 17, 22, 274, 0, 21, 94, 11197 }, // U+0433
    { 19, 31, 326, 1, 30, 148, 11291 }, // U+0434
    { 17, 22, 284, 1, 21, 94, 11439 }, // U+0435
    { 34, 22, 539, 0, 21, 187, 11533 }, // U+0436
    { 18, 22, 277, -1, 21, 99, 11720 }, // U+0437
    { 23, 22, 368, 0, 21, 127, 11819 }, // U+0438
    { 23, 32, 368, 0, 31, 184, 11946 }, // U+0439
    { 20, 22, 343, 1, 21, 110, 12130 }, // U+043A
    { 24, 22, 375, -1, 21, 132, 12240 }, // U+043B
    { 31, 22, 479, -1, 21, 171, 12372 }, // U+043C
    { 22, 22, 375, 1, 21, 121, 12543 }, // U+043D
    { 19, 22, 326, 1, 21, 105, 12664 }, // U+043E
    { 22, 22, 372, 1, 21, 121, 12769 }, // U+043F
    { 24, 30, 344, -3, 21, 180, 12890 }, // U+0440
    { 16, 22, 273, 1, 21, 88, 13070 }, // U+0441
    { 32, 22, 526, 1, 21, 176, 13158 }, // U+0442
    { 26, 30, 316, -6, 21, 195, 13334 }, // U+0443
    { 26, 39, 428, 1, 30, 254, 13529 }, // U+0444
    { 23, 22, 344, -1, 21, 127, 13783 }, // U+0445
    { 23, 29, 373, 0, 21, 167, 13910 }, // U+0446
    { 21, 22, 362, 1, 21, 116, 14077 }, // U+0447
    { 32, 22, 500, 0, 21, 176, 14193 }, // U+0448
    { 32, 29, 505, 0, 21, 232, 14369 }, // U+0449
    { 19, 22, 330, 1, 21, 105, 14601 }, // U+044A
    { 29, 22, 472, 0, 21, 160, 14706 }, // U+044B
    { 19, 22, 304, 0, 21, 105, 14866 }, // U+044C
    { 19, 22, 288, -1, 21, 105, 14971 }, // U+044D
    { 29, 22, 478, 1, 21, 160, 15076 }, // U+044E
    { 22, 22, 361, 0, 21, 121, 15236 }, // U+044F
    { 17, 33, 284, 1, 32, 141, 15357 }, // U+0450
    { 18, 30, 284, 1, 29, 135, 15498 }, // U+0451
    { 20, 39, 344, 0, 30, 195, 15633 }, // U+0452
    { 18, 34, 274, 0, 33, 153, 15828 }, // U+0453
    { 17, 22, 287, 1, 21, 94, 15981 }, // U+0454
    { 17, 22, 260, -1, 21, 94, 16075 }, // U+0455
    { 12, 30, 194, 1, 29, 90, 16169 }, // U+0456
    { 15, 30, 194, 1, 29, 113, 16259 }, // U+0457
    { 22, 38, 190, -8, 29, 209, 16372 }, // U+0458
    { 30, 22, 475, -1, 21, 165, 16581 }, // U+0459
    { 28, 22, 464, 1, 21, 154, 16746 }, // U+045A
    { 22, 31, 359, 0, 30, 171, 16900 }, // U+045B
    { 20, 34, 343, 1, 33, 170, 17071 }, // U+045C
    { 23, 33, 368, 0, 32, 190, 17241 }, // U+045D
    { 26, 40, 316, -6, 31, 260, 17431 }, // U+045E
    { 23, 29, 368, 0, 21, 167, 17691 }, // U+045F
    { 24, 31, 427, 2, 30, 186, 17858 }, // U+0462
    { 28, 22, 471, 1, 21, 154, 18044 }, // U+0463
    { 26, 29, 443, 1, 28, 189, 18198 }, // U+0472
    { 19, 22, 326, 1, 21, 105, 18387 }, // U+0473
    { 29, 29, 457, 2, 28, 211, 18492 }, // U+0474
    { 24, 22, 351, -1, 21, 132, 18703 }, // U+0475
    { 34, 46, 487, -2, 38, 391, 18835 }, // U+048A
    { 23, 39, 367, 0, 31, 225, 19226 }, // U+048B
    { 24, 28, 369, -2, 27, 168, 19451 }, // U+048C
    { 18, 29, 304, 1, 28, 131, 19619 }, // U+048D
    { 26, 28, 370, -2, 28, 182, 19750 }, // U+048E
    { 24, 30, 344, -3, 21, 180, 19932 }, // U+048F
    { 26, 32, 341, -2, 32, 208, 20112 }, // U+0490
    { 20, 26, 284, 0, 25, 130, 20320 }, // U+0491
    { 26, 27, 347, -2, 27, 176, 20450 }, // U+0492
    { 17, 22, 274, 0, 21, 94, 20626 }, // U+0493
    { 25, 35, 397, -2, 27, 219, 20720 }, // U+0494
    { 18, 29, 329, 1, 20, 131, 20939 }, // U+0495
    { 43, 36, 589, -4, 28, 387, 21070 }, // U+0496
    { 34, 29, 539, 0, 21, 247, 21457 }, // U+0497
    { 21, 36, 342, -1, 28, 189, 21704 }, // U+0498
    { 18, 29, 277, -1, 21, 131, 21893 }, // U+0499
    { 30, 36, 422, -2, 28, 270, 22024 }, // U+049A
    { 20, 29, 343, 1, 21, 145, 22294 }, // U+049B
    { 32, 29, 443, -2, 28, 232, 22439 }, // U+049C
    { 23, 22, 385, 1, 21, 127, 22671 }, // U+049D
    { 31, 29, 423, -2, 28, 225, 22798 }, // U+049E
    { 21, 29, 335, 0, 28, 153, 23023 }, // U+049F
    { 31, 29, 494, 2, 28, 225, 23176 }, // U+04A0
    { 24, 22, 392, 1, 21, 132, 23401 }, // U+04A1
    { 34, 35, 485, -2, 27, 298, 23533 }, // U+04A2
    { 23, 29, 385, 1, 21, 167, 23831 }, // U+04A3
    { 39, 27, 560, -2, 27, 264, 23998 }, // U+04A4
    { 28, 22, 455, 1, 21, 154, 24262 }, // U+04A5
    { 39, 35, 616, -2, 27, 342, 24416 }, // U+04A6
    { 30, 30, 503, 1, 21, 225, 24758 }, // U+04A7
    { 30, 29, 500, 1, 28, 218, 24983 }, // U+04A8
    { 23, 22, 388, 1, 21, 127, 25201 }, // U+04A9
    { 24, 36, 394, 1, 28, 216, 25328 }, // U+04AA
    { 16, 29, 273, 1, 21, 116, 25544 }, // U+04AB
    { 25, 35, 398, 2, 27, 219, 25660 }, // U+04AC
    { 32, 29, 529, 1, 21, 232, 25879 }, // U+04AD
    { 26, 27, 393, 2, 27, 176, 26111 }, // U+04AE
    { 20, 30, 316, 0, 21, 150, 26287 }, // U+04AF
    { 26, 27, 393, 2, 27, 176, 26437 }, // U+04B0
    { 20, 30, 316, 0, 21, 150, 26613 }, // U+04B1
    { 32, 35, 400, -4, 27, 280, 26763 }, // U+04B2
    { 23, 29, 344, -1, 21, 167, 27043 }, // U+04B3
    { 35, 35, 552, 2, 27, 307, 27210 }, // U+04B4
    { 23, 36, 373, 0, 28, 207, 27517 }, // U+04B5
    { 27, 35, 433, 2, 27, 237, 27724 }, // U+04B6
    { 22, 29, 368, 1, 21, 160, 27961 }, // U+04B7
    { 27, 27, 434, 2, 27, 183, 28121 }, // U+04B8
    { 22, 22, 368, 1, 21, 121, 28304 }, // U+04B9
    { 27, 27, 433, -2, 27, 183, 28425 }, // U+04BA
    { 22, 31, 359, 0, 30, 171, 28608 }, // U+04BB
    { 30, 29, 493, 1, 28, 218, 28779 }, // U+04BC
    { 22, 22, 356, 0, 21, 121, 28997 }, // U+04BD
    { 30, 37, 493, 1, 28, 278, 29118 }, // U+04BE
    { 22, 29, 356, 0, 21, 160, 29396 }, // U+04BF
    { 19, 27, 239, -2, 27, 129, 29556 }, // U+04C0
    { 43, 39, 581, -4, 38, 420, 29685 }, // U+04C1
    { 34, 32, 539, 0, 31, 272, 30105 }, // U+04C2
    { 31, 36, 433, -2, 28, 279, 30377 }, // U+04C3
    { 21, 30, 344, 1, 21, 158, 30656 }, // U+04C4
    { 32, 35, 442, -2, 27, 280, 30814 }, // U+04C5
    { 25, 29, 379, -1, 21, 182, 31094 }, // U+04C6
    { 34, 35, 481, -2, 27, 298, 31276 }, // U+04C7
    { 21, 30, 354, 1, 21, 158, 31574 }, // U+04C8
    { 34, 35, 485, -2, 27, 298, 31732 }, // U+04C9
    { 23, 29, 382, 1, 21, 167, 32030 }, // U+04CA
    { 27, 35, 429, 2, 27, 237, 32197 }, // U+04CB
    { 21, 29, 352, 1, 21, 153, 32434 }, // U+04CC
    { 37, 35, 550, -3, 27, 324, 32587 }, // U+04CD
    { 31, 29, 479, -1, 21, 225, 32911 }, // U+04CE
    { 19, 30, 229, -2, 30, 143, 33136 }, // U+04CF
    { 30, 38, 444, -3, 38, 285, 33279 }, // U+04D0
    { 21, 32, 358, 1, 31, 168, 33564 }, // U+04D1
    { 30, 36, 444, -3, 36, 270, 33732 }, // U+04D2
    { 21, 30, 358, 1, 29, 158, 34002 }, // U+04D3
    { 39, 27, 563, -3, 27, 264, 34160 }, // U+04D4
    { 28, 22, 470, 1, 21, 154, 34424 }, // U+04D5
    { 26, 38, 374, -2, 38, 247, 34578 }, // U+04D6
    { 18, 32, 284, 1, 31, 144, 34825 }, // U+04D7
    { 25, 29, 399, 0, 28, 182, 34969 }, // U+04D8
    { 18, 22, 292, 0, 21, 99, 35151 }, // U+04D9
    { 25, 37, 399, 0, 36, 232, 35250 }, // U+04DA
    { 18, 30, 292, 0, 29, 135, 35482 }, // U+04DB
    { 43, 37, 583, -4, 36, 398, 35617 }, // U+04DC
    { 34, 30, 539, 0, 29, 255, 36015 }, // U+04DD
    { 21, 37, 342, -1, 36, 195, 36270 }, // U+04DE
    { 19, 30, 277, -1, 29, 143, 36465 }, // U+04DF
    { 24, 28, 340, -1, 27, 168, 36608 }, // U+04E0
    { 23, 29, 320, -3, 20, 167, 36776 }, // U+04E1
    { 34, 34, 483, -2, 34, 289, 36943 }, // U+04E2
    { 23, 29, 368, 0, 28, 167, 37232 }, // U+04E3
    { 34, 36, 483, -2, 36, 306, 37399 }, // U+04E4
    { 23, 30, 368, 0, 29, 173, 37705 }, // U+04E5
    { 26, 37, 443, 1, 36, 241, 37878 }, // U+04E6
    { 20, 30, 326, 1, 29, 150, 38119 }, // U+04E7
    { 26, 29, 443, 1, 28, 189, 38269 }, // U+04E8
    { 19, 22, 326, 1, 21, 105, 38458 }, // U+04E9
    { 26, 37, 443, 1, 36, 241, 38563 }, // U+04EA
    { 20, 30, 326, 1, 29, 150, 38804 }, // U+04EB
    { 24, 37, 380, -1, 36, 222, 38954 }, // U+04EC
    { 19, 30, 288, -1, 29, 143, 39176 }, // U+04ED
    { 28, 35, 403, 1, 34, 245, 39319 }, // U+04EE
    { 26, 37, 316, -6, 28, 241, 39564 }, // U+04EF
    { 28, 37, 403, 1, 36, 259, 39805 }, // U+04F0
    { 26, 38, 316, -6, 29, 247, 40064 }, // U+04F1
    { 28, 39, 403, 1, 38, 273, 40311 }, // U+04F2
    { 26, 41, 316, -6, 32, 267, 40584 }, // U+04F3
    { 27, 36, 429, 2, 36, 243, 40851 }, // U+04F4
    { 21, 30, 362, 1, 29, 158, 41094 }, // U+04F5
    { 26, 35, 347, -2, 27, 228, 41252 }, // U+04F6
    { 17, 29, 274, 0, 21, 124, 41480 }, // U+04F7
    { 40, 37, 568, -2, 36, 370, 41604 }, // U+04F8
    { 29, 30, 472, 0, 29, 218, 41974 }, // U+04F9
    { 26, 35, 347, -2, 27, 228, 42192 }, // U+04FA
    { 17, 29, 274, 0, 21, 124, 42420 }, // U+04FB
    { 32, 35, 400, -4, 27, 280, 42544 }, // U+04FC
    { 23, 30, 344, -1, 21, 173, 42824 }, // U+04FD
    { 32, 27, 400, -4, 27, 216, 42997 }, // U+04FE
    { 23, 22, 344, -1, 21, 127, 43213 }, // U+04FF
    { 30, 37, 444, -3, 28, 278, 0 }, // U+1EA0
    { 21, 30, 358, 1, 21, 158, 278 }, // U+1EA1
    { 30, 39, 444, -3, 39, 293, 436 }, // U+1EA2
    { 21, 35, 358, 1, 34, 184, 729 }, // U+1EA3
    { 32, 40, 444, -3, 40, 320, 913 }, // U+1EA4
    { 24, 39, 358, 1, 38, 234, 1233 }, // U+1EA5
    { 30, 40, 444, -3, 40, 300, 1467 }, // U+1EA6
    { 21, 39, 358, 1, 38, 205, 1767 }, // U+1EA7
    { 32, 40, 444, -3, 40, 320, 1972 }, // U+1EA8
    { 25, 38, 358, 1, 37, 238, 2292 }, // U+1EA9
    { 30, 40, 444, -3, 40, 300, 2530 }, // U+1EAA
    { 21, 38, 358, 1, 37, 200, 2830 }, // U+1EAB
    { 30, 46, 444, -3, 37, 345, 3030 }, // U+1EAC
    { 21, 41, 358, 1, 32, 216, 3375 }, // U+1EAD
    { 30, 40, 444, -3, 40, 300, 3591 }, // U+1EAE
    { 21, 38, 358, 1, 37, 200, 3891 }, // U+1EAF
    { 30, 40, 444, -3, 40, 300, 4091 }, // U+1EB0
    { 21, 38, 358, 1, 37, 200, 4391 }, // U+1EB1
    { 30, 40, 444, -3, 40, 300, 4591 }, // U+1EB2
    { 21, 39, 358, 1, 38, 205, 4891 }, // U+1EB3
    { 30, 40, 444, -3, 40, 300, 5096 }, // U+1EB4
    { 21, 37, 358, 1, 36, 195, 5396 }, // U+1EB5
    { 30, 46, 444, -3, 37, 345, 5591 }, // U+1EB6
    { 21, 39, 358, 1, 30, 205, 5936 }, // U+1EB7
    { 26, 36, 374, -2, 27, 234, 6141 }, // U+1EB8
    { 17, 30, 284, 1, 21, 128, 6375 }, // U+1EB9
    { 26, 39, 374, -2, 39, 254, 6503 }, // U+1EBA
    { 17, 35, 284, 1, 34, 149, 6757 }, // U+1EBB
    { 26, 36, 374, -2, 36, 234, 6906 }, // U+1EBC
    { 18, 31, 284, 1, 30, 140, 7140 }, // U+1EBD
    { 30, 40, 374, -2, 40, 300, 7280 }, // U+1EBE
    { 23, 39, 284, 1, 38, 225, 7580 }, // U+1EBF
    { 26, 40, 374, -2, 40, 260, 7805 }, // U+1EC0
    { 19, 39, 284, 1, 38, 186, 8065 }, // U+1EC1
    { 30, 40, 374, -2, 40, 300, 8251 }, // U+1EC2
    { 23, 38, 284, 1, 37, 219, 8551 }, // U+1EC3
    { 26, 40, 374, -2, 40, 260, 8770 }, // U+1EC4
    { 18, 38, 284, 1, 37, 171, 9030 }, // U+1EC5
    { 26, 46, 374, -2, 37, 299, 9201 }, // U+1EC6
    { 18, 41, 284, 1, 32, 185, 9500 }, // U+1EC7
    { 19, 39, 239, -2, 39, 186, 9685 }, // U+1EC8
    { 14, 35, 194, 1, 34, 123, 9871 }, // U+1EC9
    { 19, 36, 239, -2, 27, 171, 9994 }, // U+1ECA
    { 13, 38, 194, 0, 29, 124, 10165 }, // U+1ECB
    { 26, 37, 443, 1, 28, 241, 10289 }, // U+1ECC
    { 19, 30, 326, 1, 21, 143, 10530 }, // U+1ECD
    { 26, 40, 443, 1, 39, 260, 10673 }, // U+1ECE
    { 19, 35, 326, 1, 34, 167, 10933 }, // U+1ECF
    { 28, 41, 443, 1, 40, 287, 11100 }, // U+1ED0
    { 25, 39, 326, 1, 38, 244, 11387 }, // U+1ED1
    { 26, 41, 443, 1, 40, 267, 11631 }, // U+1ED2
    { 21, 39, 326, 1, 38, 205, 11898 }, // U+1ED3
    { 28, 41, 443, 1, 40, 287, 12103 }, // U+1ED4
    { 25, 38, 326, 1, 37, 238, 12390 }, // U+1ED5
    { 26, 41, 443, 1, 40, 267, 12628 }, // U+1ED6
    { 20, 38, 326, 1, 37, 190, 12895 }, // U+1ED7
    { 26, 46, 443, 1, 37, 299, 13085 }, // U+1ED8
    { 19, 41, 326, 1, 32, 195, 13384 }, // U+1ED9
    { 31, 38, 443, 1, 37, 295, 13579 }, // U+1EDA
    { 23, 34, 326, 1, 33, 196, 13874 }, // U+1EDB
    { 31, 38, 443, 1, 37, 295, 14070 }, // U+1EDC
    { 23, 33, 326, 1, 32, 190, 14365 }, // U+1EDD
    { 31, 40, 443, 1, 39, 310, 14555 }, // U+1EDE
    { 23, 35, 326, 1, 34, 202, 14865 }, // U+1EDF
    { 31, 37, 443, 1, 36, 287, 15067 }, // U+1EE0
    { 23, 31, 326, 1, 30, 179, 15354 }, // U+1EE1
    { 31, 41, 443, 1, 32, 318, 15533 }, // U+1EE2
    { 23, 34, 326, 1, 25, 196, 15851 }, // U+1EE3
    { 29, 36, 470, 3, 27, 261, 16047 }, // U+1EE4
    { 23, 30, 368, 0, 21, 173, 16308 }, // U+1EE5
    { 29, 40, 470, 3, 39, 290, 16481 }, // U+1EE6
    { 23, 35, 368, 0, 34, 202, 16771 }, // U+1EE7
    { 33, 38, 460, 3, 37, 314, 16973 }, // U+1EE8
    { 27, 34, 368, 0, 33, 230, 17287 }, // U+1EE9
    { 33, 38, 460, 3, 37, 314, 17517 }, // U+1EEA
    { 27, 33, 368, 0, 32, 223, 17831 }, // U+1EEB
    { 33, 40, 460, 3, 39, 330, 18054 }, // U+1EEC
    { 27, 35, 368, 0, 34, 237, 18384 }, // U+1EED
    { 33, 37, 460, 3, 36, 306, 18621 }, // U+1EEE
    { 27, 31, 368, 0, 30, 210, 18927 }, // U+1EEF
    { 33, 41, 460, 3, 32, 339, 19137 }, // U+1EF0
    { 27, 34, 368, 0, 25, 230, 19476 }, // U+1EF1
    { 26, 37, 393, 2, 37, 241, 19706 }, // U+1EF2
    { 26, 41, 316, -6, 32, 267, 19947 }, // U+1EF3
    { 26, 36, 393, 2, 27, 234, 20214 }, // U+1EF4
    { 26, 30, 316, -6, 21, 195, 20448 }, // U+1EF5
    { 26, 39, 393, 2, 39, 254, 20643 }, // U+1EF6
    { 26, 43, 316, -6, 34, 280, 20897 }, // U+1EF7
    { 26, 36, 393, 2, 36, 234, 21177 }, // U+1EF8
    { 26, 39, 316, -6, 30, 254, 21411 }, // U+1EF9
    { 0, 0, 300, 0, 0, 0, 0 }, // U+2000
    { 0, 0, 600, 0, 0, 0, 0 }, // U+2001
    { 0, 0, 300, 0, 0, 0, 0 }, // U+2002
    { 0, 0, 600, 0, 0, 0, 0 }, // U+2003
    { 0, 0, 200, 0, 0, 0, 0 }, // U+2004
    { 0, 0, 150, 0, 0, 0, 0 }, // U+2005
    { 0, 0, 100, 0, 0, 0, 0 }, // U+2006
    { 0, 0, 374, 0, 0, 0, 0 }, // U+2007
    { 0, 0, 185, 0, 0, 0, 0 }, // U+2008
    { 0, 0, 120, 0, 0, 0, 0 }, // U+2009
    { 0, 0, 30, 0, 0, 0, 0 }, // U+200A
    { 0, 0, 0, 0, 0, 0, 0 }, // U+200B
    { 2, 31, 0, -1, 22, 16, 0 }, // U+200C
    { 8, 34, 0, -4, 25, 68, 16 }, // U+200D
    { 14, 36, 0, -7, 27, 126, 84 }, // U+200E
    { 14, 36, 0, -7, 27, 126, 210 }, // U+200F
    { 13, 5, 234, 1, 12, 17, 336 }, // U+2010
    { 13, 5, 234, 1, 12, 17, 353 }, // U+2011
    { 19, 5, 374, 2, 15, 24, 370 }, // U+2012
    { 19, 5, 300, 0, 12, 24, 394 }, // U+2013
    { 38, 5, 600, 0, 12, 48, 418 }, // U+2014
    { 38, 5, 600, 0, 12, 48, 466 }, // U+2015
    { 13, 39, 300, 3, 30, 127, 514 }, // U+2016
    { 19, 11, 300, 0, -1, 53, 641 }, // U+2017
    { 9, 13, 180, 3, 29, 30, 694 }, // U+2018
    { 9, 13, 180, 2, 29, 30, 724 }, // U+2019
    { 9, 12, 180, 0, 5, 27, 754 }, // U+201A
    { 8, 14, 180, 2, 29, 28, 781 }, // U+201B
    { 17, 13, 306, 3, 29, 56, 809 }, // U+201C
    { 17, 12, 306, 2, 28, 51, 865 }, // U+201D
    { 16, 12, 300, 0, 5, 48, 916 }, // U+201E
    { 16, 14, 300, 2, 29, 56, 964 }, // U+201F
    { 17, 25, 280, 1, 27, 107, 1020 }, // U+2020
    { 19, 29, 280, -1, 27, 138, 1127 }, // U+2021
    { 9, 9, 180, 1, 15, 21, 1265 }, // U+2022
    { 14, 14, 374, 5, 20, 49, 1286 }, // U+2023
    { 7, 7, 174, 2, 6, 13, 1335 }, // U+2024
    { 17, 7, 300, 1, 6, 30, 1348 }, // U+2025
    { 32, 7, 600, 3, 6, 56, 1378 }, // U+2026
    { 7, 7, 174, 2, 14, 13, 1434 }, // U+2027
    { 0, 0, 0, 0, 0, 0, 1447 }, // U+2028
    { 0, 0, 0, 0, 0, 0, 1447 }, // U+2029
    { 14, 36, 0, -7, 27, 126, 1447 }, // U+202A
    { 14, 36, 0, -7, 27, 126, 1573 }, // U+202B
    { 12, 35, 0, -6, 26, 105, 1699 }, // U+202C
    { 16, 36, 0, -8, 27, 144, 1804 }, // U+202D
    { 16, 36, 0, -8, 27, 144, 1948 }, // U+202E
    { 0, 0, 64, 0, 0, 0, 2092 }, // U+202F
    { 51, 31, 845, 1, 28, 396, 2092 }, // U+2030
    { 8, 13, 153, 1, 27, 26, 2488 }, // U+2032
    { 16, 13, 270, 1, 27, 52, 2514 }, // U+2033
    { 25, 13, 415, 1, 27, 82, 2566 }, // U+2034
    { 9, 13, 153, 0, 27, 30, 2648 }, // U+2035
    { 17, 13, 284, 0, 27, 56, 2678 }, // U+2036
    { 26, 13, 415, 0, 27, 85, 2734 }, // U+2037
    { 17, 8, 299, 1, 0, 34, 2819 }, // U+2038
    { 12, 15, 213, 1, 17, 45, 2853 }, // U+2039
    { 12, 15, 213, 1, 17, 45, 2898 }, // U+203A
    { 24, 26, 374, 0, 25, 156, 2943 }, // U+203B
    { 23, 30, 365, 1, 29, 173, 3099 }, // U+203C
    { 19, 4, 300, 0, 32, 19, 3272 }, // U+203E
    { 9, 5, 180, 1, 12, 12, 3291 }, // U+2043
    { 25, 31, 172, -7, 28, 194, 3303 }, // U+2044
    { 27, 29, 471, 3, 28, 196, 3497 }, // U+2047
    { 24, 30, 418, 3, 29, 180, 3693 }, // U+2048
    { 26, 30, 419, 1, 29, 195, 3873 }, // U+2049
    { 23, 8, 600, 7, 15, 46, 4068 }, // U+2053
    { 33, 13, 545, 1, 27, 108, 4114 }, // U+2057
    { 0, 0, 133, 0, 0, 0, 4222 }, // U+205F
    { 0, 0, 0, 0, 0, 0, 4222 }, // U+2060
    { 0, 0, 0, 0, 0, 0, 4222 }, // U+2061
    { 0, 0, 0, 0, 0, 0, 4222 }, // U+2062
    { 0, 0, 0, 0, 0, 0, 4222 }, // U+2063
    { 0, 0, 0, 0, 0, 0, 4222 }, // U+2064
    { 15, 19, 268, 1, 32, 72, 0 }, // U+2070
    { 16, 19, 268, 0, 32, 76, 72 }, // U+2074
    { 15, 18, 268, 1, 31, 68, 148 }, // U+2075
    { 16, 19, 268, 1, 32, 76, 216 }, // U+2076
    { 14, 18, 268, 3, 31, 63, 292 }, // U+2077
    { 15, 19, 268, 1, 32, 72, 355 }, // U+2078
    { 16, 19, 268, 0, 32, 76, 427 }, // U+2079
    { 15, 14, 340, 4, 27, 53, 503 }, // U+207F
    { 15, 19, 268, 1, 13, 72, 556 }, // U+2080
    { 11, 18, 268, 2, 13, 50, 628 }, // U+2081
    { 15, 18, 268, 1, 13, 68, 678 }, // U+2082
    { 14, 19, 268, 1, 13, 67, 746 }, // U+2083
    { 16, 19, 268, 0, 13, 76, 813 }, // U+2084
    { 15, 18, 268, 1, 12, 68, 889 }, // U+2085
    { 16, 19, 268, 1, 13, 76, 957 }, // U+2086
    { 14, 18, 268, 3, 12, 63, 1033 }, // U+2087
    { 15, 19, 268, 1, 13, 72, 1096 }, // U+2088
    { 16, 19, 268, 0, 13, 76, 1168 }, // U+2089
    { 25, 26, 374, -1, 26, 163, 0 }, // U+20A3
    { 25, 28, 374, -1, 27, 175, 163 }, // U+20A4
    { 49, 28, 797, 0, 27, 343, 338 }, // U+20A7
    { 26, 28, 374, -1, 27, 182, 681 }, // U+20AC
    { 24, 18, 600, 7, 22, 108, 0 }, // U+2190
    { 18, 25, 600, 10, 26, 113, 108 }, // U+2191
    { 24, 18, 600, 7, 22, 108, 221 }, // U+2192
    { 18, 25, 600, 10, 26, 113, 329 }, // U+2193
    { 24, 17, 600, 7, 22, 102, 442 }, // U+2194
    { 16, 26, 600, 11, 26, 104, 544 }, // U+2195
    { 18, 27, 600, 10, 27, 122, 648 }, // U+21A8
    { 18, 26, 600, 10, 26, 117, 770 }, // U+21B2
    { 18, 26, 600, 10, 26, 117, 887 }, // U+21B3
    { 22, 20, 600, 8, 23, 110, 1004 }, // U+21B5
    { 24, 22, 600, 7, 24, 132, 1114 }, // U+21D0
    { 22, 24, 600, 8, 25, 132, 1246 }, // U+21D1
    { 24, 22, 600, 7, 24, 132, 1378 }, // U+21D2
    { 22, 24, 600, 8, 25, 132, 1510 }, // U+21D3
    { 24, 20, 600, 7, 23, 120, 1642 }, // U+21D4
    { 26, 28, 600, 6, 27, 182, 0 }, // U+2200
    { 20, 31, 374, 2, 30, 155, 182 }, // U+2202
    { 20, 27, 600, 9, 27, 135, 337 }, // U+2203
    { 30, 30, 600, 4, 28, 225, 472 }, // U+2205
    { 25, 28, 410, 0, 28, 175, 697 }, // U+2206
    { 26, 28, 600, 6, 27, 182, 872 }, // U+2207
    { 26, 27, 600, 6, 27, 176, 1054 }, // U+2208
    { 26, 34, 600, 6, 30, 221, 1230 }, // U+2209
    { 26, 23, 600, 6, 25, 150, 1451 }, // U+220A
    { 26, 27, 600, 6, 27, 176, 1601 }, // U+220B
    { 26, 34, 600, 6, 30, 221, 1777 }, // U+220C
    { 26, 23, 600, 6, 25, 150, 1998 }, // U+220D
    { 30, 33, 502, 1, 27, 248, 2148 }, // U+220F
    { 24, 34, 399, 1, 27, 204, 2396 }, // U+2211
    { 18, 4, 374, 3, 15, 18, 2600 }, // U+2212
    { 23, 30, 316, -2, 28, 173, 2618 }, // U+2215
    { 18, 30, 316, 1, 28, 135, 2791 }, // U+2216
    { 18, 18, 374, 3, 22, 81, 2926 }, // U+2217
    { 14, 14, 374, 5, 20, 49, 3007 }, // U+2218
    { 8, 7, 374, 8, 14, 14, 3056 }, // U+2219
    { 25, 36, 374, -1, 31, 225, 3070 }, // U+221A
    { 19, 16, 374, 2, 20, 76, 3295 }, // U+221D
    { 24, 14, 374, 0, 19, 84, 3371 }, // U+221E
    { 24, 27, 600, 7, 27, 162, 3455 }, // U+221F
    { 28, 27, 600, 5, 27, 189, 3617 }, // U+2220
    { 5, 39, 300, 7, 30, 49, 3806 }, // U+2223
    { 13, 39, 300, 3, 30, 127, 3855 }, // U+2225
    { 26, 27, 600, 6, 27, 176, 3982 }, // U+2227
    { 26, 27, 600, 6, 27, 176, 4158 }, // U+2228
    { 22, 28, 600, 8, 28, 154, 4334 }, // U+2229
    { 22, 28, 600, 8, 27, 154, 4488 }, // U+222A
    { 22, 39, 374, 1, 30, 215, 4642 }, // U+222B
    { 26, 22, 600, 6, 21, 143, 4857 }, // U+2234
    { 26, 22, 600, 6, 21, 143, 5000 }, // U+2235
    { 10, 21, 187, 1, 23, 53, 5143 }, // U+2236
    { 26, 22, 600, 6, 21, 143, 5196 }, // U+2237
    { 23, 8, 600, 7, 15, 46, 5339 }, // U+223C
    { 23, 22, 600, 7, 24, 127, 5385 }, // U+2245
    { 19, 16, 374, 2, 21, 76, 5512 }, // U+2248
    { 22, 15, 600, 8, 18, 83, 5588 }, // U+224D
    { 18, 19, 374, 3, 22, 86, 5671 }, // U+2260
    { 22, 19, 600, 8, 21, 105, 5757 }, // U+2261
    { 18, 23, 374, 3, 23, 104, 5862 }, // U+2264
    { 18, 24, 374, 3, 24, 108, 5966 }, // U+2265
    { 32, 18, 600, 3, 22, 144, 6074 }, // U+226A
    { 32, 18, 600, 3, 22, 144, 6218 }, // U+226B
    { 26, 23, 600, 6, 25, 150, 6362 }, // U+2283
    { 26, 34, 600, 6, 30, 221, 6512 }, // U+2284
    { 26, 34, 600, 6, 30, 221, 6733 }, // U+2285
    { 26, 27, 600, 6, 27, 176, 6954 }, // U+2286
    { 26, 27, 600, 6, 27, 176, 7130 }, // U+2287
    { 28, 28, 600, 5, 27, 196, 7306 }, // U+2295
    { 28, 28, 600, 5, 27, 196, 7502 }, // U+2296
    { 28, 28, 600, 5, 27, 196, 7698 }, // U+2297
    { 28, 28, 600, 5, 27, 196, 7894 }, // U+2298
    { 22, 27, 600, 8, 27, 149, 8090 }, // U+22A5
    { 8, 7, 374, 8, 14, 14, 8239 }, // U+22C5
    { 34, 7, 600, 2, 14, 60, 8253 }, // U+22EF
    { 40, 39, 445, -7, 30, 390, 0 }, // U+FB00
    { 32, 39, 386, -7, 30, 312, 390 }, // U+FB01
    { 33, 39, 403, -7, 30, 322, 702 }, // U+FB02
    { 44, 39, 575, -7, 30, 429, 1024 }, // U+FB03
    { 45, 39, 593, -7, 30, 439, 1453 }, // U+FB04
    { 36, 39, 451, -7, 30, 351, 1892 }, // U+FB05
    { 33, 28, 495, -1, 27, 231, 2243 }, // U+FB06
    { 36, 36, 600, 1, 32, 324, 0 }, // U+FFFD
};

static const EpdUnicodeInterval bookerly_18_bolditalicIntervals[] = {
    { 0x0, 0x0, 0x0 },
    { 0x8, 0x9, 0x1 },
    { 0xD, 0xD, 0x3 },
    { 0x1D, 0x1D, 0x4 },
    { 0x20, 0x7E, 0x5 },
    { 0xA0, 0xFF, 0x64 },
    { 0x100, 0x17F, 0xC4 },
    { 0x1A0, 0x1A1, 0x144 },
    { 0x1AF, 0x1B0, 0x146 },
    { 0x1C4, 0x1F5, 0x148 },
    { 0x1F8, 0x21F, 0x17A },
    { 0x300, 0x304, 0x1A2 },
    { 0x306, 0x30C, 0x1A7 },
    { 0x30F, 0x30F, 0x1AE },
    { 0x311, 0x315, 0x1AF },
    { 0x31B, 0x31B, 0x1B4 },
    { 0x323, 0x329, 0x1B5 },
    { 0x32D, 0x32E, 0x1BC },
    { 0x330, 0x331, 0x1BE },
    { 0x342, 0x342, 0x1C0 },
    { 0x344, 0x345, 0x1C1 },
    { 0x400, 0x45F, 0x1C3 },
    { 0x462, 0x463, 0x223 },
    { 0x472, 0x475, 0x225 },
    { 0x48A, 0x4FF, 0x229 },
    { 0x1EA0, 0x1EF9, 0x29F },
    { 0x2000, 0x2030, 0x2F9 },
    { 0x2032, 0x203C, 0x32A },
    { 0x203E, 0x203E, 0x335 },
    { 0x2043, 0x2044, 0x336 },
    { 0x2047, 0x2049, 0x338 },
    { 0x2053, 0x2053, 0x33B },
    { 0x2057, 0x2057, 0x33C },
    { 0x205F, 0x2064, 0x33D },
    { 0x2070, 0x2070, 0x343 },
    { 0x2074, 0x2079, 0x344 },
    { 0x207F, 0x2089, 0x34A },
    { 0x20A3, 0x20A4, 0x355 },
    { 0x20A7, 0x20A7, 0x357 },
    { 0x20AC, 0x20AC, 0x358 },
    { 0x2190, 0x2195, 0x359 },
    { 0x21A8, 0x21A8, 0x35F },
    { 0x21B2, 0x21B3, 0x360 },
    { 0x21B5, 0x21B5, 0x362 },
    { 0x21D0, 0x21D4, 0x363 },
    { 0x2200, 0x2200, 0x368 },
    { 0x2202, 0x2203, 0x369 },
    { 0x2205, 0x220D, 0x36B },
    { 0x220F, 0x220F, 0x374 },
    { 0x2211, 0x2212, 0x375 },
    { 0x2215, 0x221A, 0x377 },
    { 0x221D, 0x2220, 0x37D },
    { 0x2223, 0x2223, 0x381 },
    { 0x2225, 0x2225, 0x382 },
    { 0x2227, 0x222B, 0x383 },
    { 0x2234, 0x2237, 0x388 },
    { 0x223C, 0x223C, 0x38C },
    { 0x2245, 0x2245, 0x38D },
    { 0x2248, 0x2248, 0x38E },
    { 0x224D, 0x224D, 0x38F },
    { 0x2260, 0x2261, 0x390 },
    { 0x2264, 0x2265, 0x392 },
    { 0x226A, 0x226B, 0x394 },
    { 0x2283, 0x2287, 0x396 },
    { 0x2295, 0x2298, 0x39B },
    { 0x22A5, 0x22A5, 0x39F },
    { 0x22C5, 0x22C5, 0x3A0 },
    { 0x22EF, 0x22EF, 0x3A1 },
    { 0xFB00, 0xFB06, 0x3A2 },
    { 0xFFFD, 0xFFFD, 0x3A9 },
};

static const EpdFontGroup bookerly_18_bolditalicGroups[] = {
    { 0, 5977, 14835, 100, 0 },
    { 5977, 5080, 17518, 96, 100 },
    { 11057, 6548, 27901, 128, 196 },
    { 17605, 6593, 24137, 94, 324 },
    { 24198, 555, 869, 33, 418 },
    { 24753, 12244, 45710, 220, 451 },
    { 36997, 3812, 23222, 90, 671 },
    { 40809, 1802, 4555, 74, 761 },
    { 42611, 650, 1306, 18, 835 },
    { 43261, 430, 938, 4, 853 },
    { 43691, 749, 1859, 15, 857 },
    { 44440, 2785, 8866, 58, 872 },
    { 47225, 812, 2553, 7, 930 },
    { 48037, 169, 324, 1, 937 },
};

static const EpdKernClassEntry bookerly_18_bolditalicKernLeftClasses[] = {
    { 0x0028, 1 }, // (
    { 0x002A, 2 }, // *
    { 0x002C, 3 }, // ,
    { 0x002D, 4 }, // -
    { 0x002E, 3 }, // .
    { 0x002F, 5 }, // /
    { 0x003A, 6 }, // :
    { 0x003B, 6 }, // ;
    { 0x0041, 7 }, // A
    { 0x0042, 8 }, // B
    { 0x0043, 9 }, // C
    { 0x0044, 10 }, // D
    { 0x0045, 11 }, // E
    { 0x0046, 12 }, // F
    { 0x0047, 13 }, // G
    { 0x0048, 14 }, // H
    { 0x0049, 14 }, // I
    { 0x004A, 15 }, // J
    { 0x004B, 16 }, // K
    { 0x004C, 17 }, // L
    { 0x004D, 18 }, // M
    { 0x004E, 19 }, // N
    { 0x004F, 10 }, // O
    { 0x0050, 20 }, // P
    { 0x0051, 21 }, // Q
    { 0x0052, 22 }, // R
    { 0x0053, 23 }, // S
    { 0x0054, 24 }, // T
    { 0x0055, 25 }, // U
    { 0x0056, 26 }, // V
    { 0x0057, 27 }, // W
    { 0x0058, 28 }, // X
    { 0x0059, 29 }, // Y
    { 0x005A, 30 }, // Z
    { 0x005B, 31 }, // [
    { 0x005C, 32 }, // <backslash>
    { 0x0061, 33 }, // a
    { 0x0062, 34 }, // b
    { 0x0063, 35 }, // c
    { 0x0064, 36 }, // d
    { 0x0065, 37 }, // e
    { 0x0066, 38 }, // f
    { 0x0067, 39 }, // g
    { 0x0068, 40 }, // h
    { 0x0069, 41 }, // i
    { 0x006A, 42 }, // j
    { 0x006B, 43 }, // k
    { 0x006C, 44 }, // l
    { 0x006D, 40 }, // m
    { 0x006E, 40 }, // n
    { 0x006F, 34 }, // o
    { 0x0070, 34 }, // p
    { 0x0071, 45 }, // q
    { 0x0072, 46 }, // r
    { 0x0073, 47 }, // s
    { 0x0074, 48 }, // t
    { 0x0075, 33 }, // u
    { 0x0076, 49 }, // v
    { 0x0077, 49 }, // w
    { 0x0078, 50 }, // x
    { 0x0079, 49 }, // y
    { 0x007A, 51 }, // z
    { 0x007B, 52 }, // {
    { 0x00A1, 53 }, // U+00A1
    { 0x00AD, 4 }, // U+00AD
    { 0x00BB, 54 }, // U+00BB
    { 0x00BF, 55 }, // U+00BF
    { 0x00C0, 7 }, // U+00C0
    { 0x00C1, 7 }, // U+00C1
    { 0x00C2, 7 }, // U+00C2
    { 0x00C3, 7 }, // U+00C3
    { 0x00C4, 7 }, // U+00C4
    { 0x00C5, 7 }, // U+00C5
    { 0x00C6, 11 }, // U+00C6
    { 0x00C7, 9 }, // U+00C7
    { 0x00C8, 11 }, // U+00C8
    { 0x00C9, 11 }, // U+00C9
    { 0x00CA, 11 }, // U+00CA
    { 0x00CB, 11 }, // U+00CB
    { 0x00CC, 14 }, // U+00CC
    { 0x00CD, 14 }, // U+00CD
    { 0x00CE, 14 }, // U+00CE
    { 0x00CF, 14 }, // U+00CF
    { 0x00D0, 10 }, // U+00D0
    { 0x00D1, 19 }, // U+00D1
    { 0x00D2, 10 }, // U+00D2
    { 0x00D3, 10 }, // U+00D3
    { 0x00D4, 10 }, // U+00D4
    { 0x00D5, 10 }, // U+00D5
    { 0x00D6, 10 }, // U+00D6
    { 0x00D8, 10 }, // U+00D8
    { 0x00D9, 25 }, // U+00D9
    { 0x00DA, 25 }, // U+00DA
    { 0x00DB, 25 }, // U+00DB
    { 0x00DC, 25 }, // U+00DC
    { 0x00DD, 29 }, // U+00DD
    { 0x00DE, 56 }, // U+00DE
    { 0x00DF, 57 }, // U+00DF
    { 0x00E0, 33 }, // U+00E0
    { 0x00E1, 33 }, // U+00E1
    { 0x00E2, 33 }, // U+00E2
    { 0x00E3, 33 }, // U+00E3
    { 0x00E4, 33 }, // U+00E4
    { 0x00E5, 33 }, // U+00E5
    { 0x00E6, 37 }, // U+00E6
    { 0x00E7, 58 }, // U+00E7
    { 0x00E8, 37 }, // U+00E8
    { 0x00E9, 37 }, // U+00E9
    { 0x00EA, 37 }, // U+00EA
    { 0x00EB, 37 }, // U+00EB
    { 0x00EC, 41 }, // U+00EC
    { 0x00ED, 59 }, // U+00ED
    { 0x00EE, 60 }, // U+00EE
    { 0x00EF, 60 }, // U+00EF
    { 0x00F0, 34 }, // U+00F0
    { 0x00F1, 40 }, // U+00F1
    { 0x00F2, 34 }, // U+00F2
    { 0x00F3, 34 }, // U+00F3
    { 0x00F4, 34 }, // U+00F4
    { 0x00F5, 34 }, // U+00F5
    { 0x00F6, 34 }, // U+00F6
    { 0x00F8, 61 }, // U+00F8
    { 0x00F9, 33 }, // U+00F9
    { 0x00FA, 33 }, // U+00FA
    { 0x00FB, 33 }, // U+00FB
    { 0x00FC, 33 }, // U+00FC
    { 0x00FD, 49 }, // U+00FD
    { 0x00FE, 34 }, // U+00FE
    { 0x00FF, 49 }, // U+00FF
    { 0x0100, 7 }, // U+0100
    { 0x0101, 33 }, // U+0101
    { 0x0102, 7 }, // U+0102
    { 0x0103, 33 }, // U+0103
    { 0x0104, 62 }, // U+0104
    { 0x0105, 63 }, // U+0105
    { 0x0106, 9 }, // U+0106
    { 0x0107, 35 }, // U+0107
    { 0x0108, 9 }, // U+0108
    { 0x0109, 35 }, // U+0109
    { 0x010A, 9 }, // U+010A
    { 0x010B, 35 }, // U+010B
    { 0x010C, 9 }, // U+010C
    { 0x010D, 35 }, // U+010D
    { 0x010E, 10 }, // U+010E
    { 0x010F, 64 }, // U+010F
    { 0x0110, 10 }, // U+0110
    { 0x0111, 36 }, // U+0111
    { 0x0112, 11 }, // U+0112
    { 0x0113, 37 }, // U+0113
    { 0x0114, 11 }, // U+0114
    { 0x0115, 37 }, // U+0115
    { 0x0116, 11 }, // U+0116
    { 0x0117, 37 }, // U+0117
    { 0x0118, 65 }, // U+0118
    { 0x0119, 66 }, // U+0119
    { 0x011A, 11 }, // U+011A
    { 0x011B, 37 }, // U+011B
    { 0x011C, 13 }, // U+011C
    { 0x011D, 39 }, // U+011D
    { 0x011E, 13 }, // U+011E
    { 0x011F, 39 }, // U+011F
    { 0x0120, 13 }, // U+0120
    { 0x0121, 39 }, // U+0121
    { 0x0122, 13 }, // U+0122
    { 0x0123, 39 }, // U+0123
    { 0x0124, 14 }, // U+0124
    { 0x0125, 40 }, // U+0125
    { 0x0126, 67 }, // U+0126
    { 0x0127, 40 }, // U+0127
    { 0x0128, 14 }, // U+0128
    { 0x0129, 60 }, // U+0129
    { 0x012A, 14 }, // U+012A
    { 0x012B, 60 }, // U+012B
    { 0x012C, 14 }, // U+012C
    { 0x012D, 60 }, // U+012D
    { 0x012E, 68 }, // U+012E
    { 0x012F, 69 }, // U+012F
    { 0x0130, 14 }, // U+0130
    { 0x0131, 33 }, // U+0131
    { 0x0132, 15 }, // U+0132
    { 0x0133, 42 }, // U+0133
    { 0x0134, 15 }, // U+0134
    { 0x0135, 70 }, // U+0135
    { 0x0136, 16 }, // U+0136
    { 0x0137, 43 }, // U+0137
    { 0x0138, 71 }, // U+0138
    { 0x0139, 17 }, // U+0139
    { 0x013A, 44 }, // U+013A
    { 0x013B, 17 }, // U+013B
    { 0x013C, 72 }, // U+013C
    { 0x013E, 64 }, // U+013E
    { 0x0141, 17 }, // U+0141
    { 0x0142, 73 }, // U+0142
    { 0x0143, 19 }, // U+0143
    { 0x0144, 40 }, // U+0144
    { 0x0145, 19 }, // U+0145
    { 0x0146, 40 }, // U+0146
    { 0x0147, 19 }, // U+0147
    { 0x0148, 40 }, // U+0148
    { 0x0149, 40 }, // U+0149
    { 0x014A, 19 }, // U+014A
    { 0x014B, 42 }, // U+014B
    { 0x014C, 10 }, // U+014C
    { 0x014D, 34 }, // U+014D
    { 0x014E, 10 }, // U+014E
    { 0x014F, 34 }, // U+014F
    { 0x0150, 10 }, // U+0150
    { 0x0151, 34 }, // U+0151
    { 0x0152, 11 }, // U+0152
    { 0x0153, 37 }, // U+0153
    { 0x0154, 22 }, // U+0154
    { 0x0155, 46 }, // U+0155
    { 0x0156, 22 }, // U+0156
    { 0x0157, 46 }, // U+0157
    { 0x0158, 22 }, // U+0158
    { 0x0159, 46 }, // U+0159
    { 0x015A, 23 }, // U+015A
    { 0x015B, 47 }, // U+015B
    { 0x015C, 23 }, // U+015C
    { 0x015D, 47 }, // U+015D
    { 0x015E, 23 }, // U+015E
    { 0x015F, 74 }, // U+015F
    { 0x0160, 23 }, // U+0160
    { 0x0161, 47 }, // U+0161
    { 0x0162, 24 }, // U+0162
    { 0x0163, 75 }, // U+0163
    { 0x0164, 24 }, // U+0164
    { 0x0166, 24 }, // U+0166
    { 0x0167, 48 }, // U+0167
    { 0x0168, 25 }, // U+0168
    { 0x0169, 33 }, // U+0169
    { 0x016A, 25 }, // U+016A
    { 0x016B, 33 }, // U+016B
    { 0x016C, 25 }, // U+016C
    { 0x016D, 33 }, // U+016D
    { 0x016E, 25 }, // U+016E
    { 0x016F, 33 }, // U+016F
    { 0x0170, 25 }, // U+0170
    { 0x0171, 33 }, // U+0171
    { 0x0172, 25 }, // U+0172
    { 0x0173, 76 }, // U+0173
    { 0x0174, 26 }, // U+0174
    { 0x0175, 49 }, // U+0175
    { 0x0176, 29 }, // U+0176
    { 0x0177, 49 }, // U+0177
    { 0x0178, 29 }, // U+0178
    { 0x0179, 30 }, // U+0179
    { 0x017A, 51 }, // U+017A
    { 0x017B, 30 }, // U+017B
    { 0x017C, 51 }, // U+017C
    { 0x017D, 30 }, // U+017D
    { 0x017E, 51 }, // U+017E
    { 0x01A0, 77 }, // U+01A0
    { 0x01A1, 78 }, // U+01A1
    { 0x01AF, 79 }, // U+01AF
    { 0x01B0, 80 }, // U+01B0
    { 0x01C4, 30 }, // U+01C4
    { 0x01C5, 51 }, // U+01C5
    { 0x01C6, 51 }, // U+01C6
    { 0x01C7, 15 }, // U+01C7
    { 0x01C8, 42 }, // U+01C8
    { 0x01C9, 42 }, // U+01C9
    { 0x01CA, 15 }, // U+01CA
    { 0x01CB, 42 }, // U+01CB
    { 0x01CC, 42 }, // U+01CC
    { 0x01CD, 7 }, // U+01CD
    { 0x01CE, 33 }, // U+01CE
    { 0x01CF, 14 }, // U+01CF
    { 0x01D0, 60 }, // U+01D0
    { 0x01D1, 10 }, // U+01D1
    { 0x01D2, 34 }, // U+01D2
    { 0x01D3, 25 }, // U+01D3
    { 0x01D4, 33 }, // U+01D4
    { 0x01D5, 25 }, // U+01D5
    { 0x01D6, 33 }, // U+01D6
    { 0x01D7, 25 }, // U+01D7
    { 0x01D8, 33 }, // U+01D8
    { 0x01D9, 25 }, // U+01D9
    { 0x01DA, 33 }, // U+01DA
    { 0x01DB, 25 }, // U+01DB
    { 0x01DC, 33 }, // U+01DC
    { 0x01DD, 34 }, // U+01DD
    { 0x01DE, 7 }, // U+01DE
    { 0x01DF, 33 }, // U+01DF
    { 0x01E0, 7 }, // U+01E0
    { 0x01E1, 33 }, // U+01E1
    { 0x01E2, 11 }, // U+01E2
    { 0x01E3, 37 }, // U+01E3
    { 0x01E4, 13 }, // U+01E4
    { 0x01E5, 81 }, // U+01E5
    { 0x01E6, 13 }, // U+01E6
    { 0x01E7, 39 }, // U+01E7
    { 0x01E8, 16 }, // U+01E8
    { 0x01E9, 43 }, // U+01E9
    { 0x01EA, 10 }, // U+01EA
    { 0x01EB, 82 }, // U+01EB
    { 0x01EC, 10 }, // U+01EC
    { 0x01ED, 34 }, // U+01ED
    { 0x01EE, 83 }, // U+01EE
    { 0x01EF, 84 }, // U+01EF
    { 0x01F0, 70 }, // U+01F0
    { 0x01F1, 30 }, // U+01F1
    { 0x01F2, 51 }, // U+01F2
    { 0x01F3, 51 }, // U+01F3
    { 0x01F4, 13 }, // U+01F4
    { 0x01F5, 39 }, // U+01F5
    { 0x01F8, 19 }, // U+01F8
    { 0x01F9, 40 }, // U+01F9
    { 0x01FA, 7 }, // U+01FA
    { 0x01FB, 33 }, // U+01FB
    { 0x01FC, 11 }, // U+01FC
    { 0x01FD, 37 }, // U+01FD
    { 0x01FE, 10 }, // U+01FE
    { 0x01FF, 61 }, // U+01FF
    { 0x0200, 7 }, // U+0200
    { 0x0201, 33 }, // U+0201
    { 0x0202, 7 }, // U+0202
    { 0x0203, 33 }, // U+0203
    { 0x0204, 11 }, // U+0204
    { 0x0205, 37 }, // U+0205
    { 0x0206, 11 }, // U+0206
    { 0x0207, 37 }, // U+0207
    { 0x0208, 14 }, // U+0208
    { 0x0209, 60 }, // U+0209
    { 0x020A, 14 }, // U+020A
    { 0x020B, 60 }, // U+020B
    { 0x020C, 10 }, // U+020C
    { 0x020D, 34 }, // U+020D
    { 0x020E, 10 }, // U+020E
    { 0x020F, 34 }, // U+020F
    { 0x0210, 22 }, // U+0210
    { 0x0211, 46 }, // U+0211
    { 0x0212, 22 }, // U+0212
    { 0x0213, 46 }, // U+0213
    { 0x0214, 25 }, // U+0214
    { 0x0215, 33 }, // U+0215
    { 0x0216, 25 }, // U+0216
    { 0x0217, 33 }, // U+0217
    { 0x0218, 23 }, // U+0218
    { 0x0219, 47 }, // U+0219
    { 0x021A, 24 }, // U+021A
    { 0x021B, 85 }, // U+021B
    { 0x021C, 8 }, // U+021C
    { 0x021D, 86 }, // U+021D
    { 0x021E, 14 }, // U+021E
    { 0x021F, 40 }, // U+021F
    { 0x0400, 87 }, // U+0400
    { 0x0401, 87 }, // U+0401
    { 0x0402, 88 }, // U+0402
    { 0x0404, 89 }, // U+0404
    { 0x0405, 90 }, // U+0405
    { 0x0406, 91 }, // U+0406
    { 0x0407, 91 }, // U+0407
    { 0x0408, 92 }, // U+0408
    { 0x0409, 93 }, // U+0409
    { 0x040A, 93 }, // U+040A
    { 0x040B, 94 }, // U+040B
    { 0x040C, 95 }, // U+040C
    { 0x040D, 91 }, // U+040D
    { 0x040E, 96 }, // U+040E
    { 0x040F, 91 }, // U+040F
    { 0x0410, 97 }, // U+0410
    { 0x0411, 98 }, // U+0411
    { 0x0412, 99 }, // U+0412
    { 0x0413, 100 }, // U+0413
    { 0x0414, 101 }, // U+0414
    { 0x0415, 87 }, // U+0415
    { 0x0416, 95 }, // U+0416
    { 0x0417, 99 }, // U+0417
    { 0x0418, 91 }, // U+0418
    { 0x0419, 91 }, // U+0419
    { 0x041A, 95 }, // U+041A
    { 0x041B, 91 }, // U+041B
    { 0x041C, 102 }, // U+041C
    { 0x041D, 91 }, // U+041D
    { 0x041E, 103 }, // U+041E
    { 0x041F, 91 }, // U+041F
    { 0x0420, 104 }, // U+0420
    { 0x0421, 105 }, // U+0421
    { 0x0422, 106 }, // U+0422
    { 0x0423, 96 }, // U+0423
    { 0x0424, 107 }, // U+0424
    { 0x0425, 108 }, // U+0425
    { 0x0426, 101 }, // U+0426
    { 0x0427, 91 }, // U+0427
    { 0x0428, 91 }, // U+0428
    { 0x0429, 101 }, // U+0429
    { 0x042A, 93 }, // U+042A
    { 0x042B, 91 }, // U+042B
    { 0x042C, 93 }, // U+042C
    { 0x042D, 103 }, // U+042D
    { 0x042E, 103 }, // U+042E
    { 0x042F, 91 }, // U+042F
    { 0x0430, 109 }, // U+0430
    { 0x0431, 110 }, // U+0431
    { 0x0432, 111 }, // U+0432
    { 0x0433, 112 }, // U+0433
    { 0x0434, 113 }, // U+0434
    { 0x0435, 114 }, // U+0435
    { 0x0436, 115 }, // U+0436
    { 0x0437, 111 }, // U+0437
    { 0x0438, 109 }, // U+0438
    { 0x0439, 109 }, // U+0439
    { 0x043A, 116 }, // U+043A
    { 0x043B, 109 }, // U+043B
    { 0x043C, 109 }, // U+043C
    { 0x043D, 109 }, // U+043D
    { 0x043E, 117 }, // U+043E
    { 0x043F, 118 }, // U+043F
    { 0x0440, 117 }, // U+0440
    { 0x0441, 119 }, // U+0441
    { 0x0442, 118 }, // U+0442
    { 0x0443, 120 }, // U+0443
    { 0x0444, 113 }, // U+0444
    { 0x0445, 121 }, // U+0445
    { 0x0446, 122 }, // U+0446
    { 0x0447, 109 }, // U+0447
    { 0x0448, 109 }, // U+0448
    { 0x0449, 122 }, // U+0449
    { 0x044A, 123 }, // U+044A
    { 0x044B, 109 }, // U+044B
    { 0x044C, 124 }, // U+044C
    { 0x044D, 117 }, // U+044D
    { 0x044E, 117 }, // U+044E
    { 0x044F, 109 }, // U+044F
    { 0x0450, 114 }, // U+0450
    { 0x0451, 114 }, // U+0451
    { 0x0452, 125 }, // U+0452
    { 0x0453, 112 }, // U+0453
    { 0x0454, 119 }, // U+0454
    { 0x0455, 126 }, // U+0455
    { 0x0456, 127 }, // U+0456
    { 0x0457, 128 }, // U+0457
    { 0x0458, 129 }, // U+0458
    { 0x0459, 124 }, // U+0459
    { 0x045A, 124 }, // U+045A
    { 0x045B, 118 }, // U+045B
    { 0x045C, 116 }, // U+045C
    { 0x045D, 109 }, // U+045D
    { 0x045E, 120 }, // U+045E
    { 0x045F, 109 }, // U+045F
    { 0x0462, 130 }, // U+0462
    { 0x0463, 124 }, // U+0463
    { 0x0472, 103 }, // U+0472
    { 0x0473, 117 }, // U+0473
    { 0x0474, 131 }, // U+0474
    { 0x0475, 132 }, // U+0475
    { 0x048A, 101 }, // U+048A
    { 0x048B, 122 }, // U+048B
    { 0x048C, 93 }, // U+048C
    { 0x048D, 124 }, // U+048D
    { 0x048E, 104 }, // U+048E
    { 0x048F, 117 }, // U+048F
    { 0x0490, 133 }, // U+0490
    { 0x0491, 134 }, // U+0491
    { 0x0492, 135 }, // U+0492
    { 0x0493, 112 }, // U+0493
    { 0x0496, 136 }, // U+0496
    { 0x0497, 137 }, // U+0497
    { 0x0498, 99 }, // U+0498
    { 0x0499, 111 }, // U+0499
    { 0x049A, 138 }, // U+049A
    { 0x049B, 137 }, // U+049B
    { 0x049C, 95 }, // U+049C
    { 0x049D, 116 }, // U+049D
    { 0x049E, 95 }, // U+049E
    { 0x049F, 116 }, // U+049F
    { 0x04A0, 95 }, // U+04A0
    { 0x04A1, 116 }, // U+04A1
    { 0x04A2, 101 }, // U+04A2
    { 0x04A3, 122 }, // U+04A3
    { 0x04A8, 139 }, // U+04A8
    { 0x04A9, 140 }, // U+04A9
    { 0x04AA, 105 }, // U+04AA
    { 0x04AB, 119 }, // U+04AB
    { 0x04AC, 100 }, // U+04AC
    { 0x04AD, 122 }, // U+04AD
    { 0x04AE, 141 }, // U+04AE
    { 0x04AF, 142 }, // U+04AF
    { 0x04B0, 141 }, // U+04B0
    { 0x04B1, 143 }, // U+04B1
    { 0x04B2, 144 }, // U+04B2
    { 0x04B3, 145 }, // U+04B3
    { 0x04B4, 101 }, // U+04B4
    { 0x04B5, 122 }, // U+04B5
    { 0x04B6, 101 }, // U+04B6
    { 0x04B7, 122 }, // U+04B7
    { 0x04B8, 91 }, // U+04B8
    { 0x04B9, 109 }, // U+04B9
    { 0x04BA, 146 }, // U+04BA
    { 0x04BB, 118 }, // U+04BB
    { 0x04BC, 147 }, // U+04BC
    { 0x04BD, 114 }, // U+04BD
    { 0x04BE, 147 }, // U+04BE
    { 0x04BF, 114 }, // U+04BF
    { 0x04C0, 91 }, // U+04C0
    { 0x04C1, 95 }, // U+04C1
    { 0x04C2, 115 }, // U+04C2
    { 0x04C3, 148 }, // U+04C3
    { 0x04C4, 149 }, // U+04C4
    { 0x04C5, 101 }, // U+04C5
    { 0x04C6, 122 }, // U+04C6
    { 0x04C7, 92 }, // U+04C7
    { 0x04C8, 129 }, // U+04C8
    { 0x04C9, 101 }, // U+04C9
    { 0x04CA, 122 }, // U+04CA
    { 0x04CB, 91 }, // U+04CB
    { 0x04CD, 101 }, // U+04CD
    { 0x04CE, 122 }, // U+04CE
    { 0x04CF, 150 }, // U+04CF
    { 0x04D0, 97 }, // U+04D0
    { 0x04D1, 109 }, // U+04D1
    { 0x04D2, 97 }, // U+04D2
    { 0x04D3, 109 }, // U+04D3
    { 0x04D4, 87 }, // U+04D4
    { 0x04D5, 114 }, // U+04D5
    { 0x04D6, 87 }, // U+04D6
    { 0x04D7, 114 }, // U+04D7
    { 0x04D8, 103 }, // U+04D8
    { 0x04D9, 117 }, // U+04D9
    { 0x04DA, 103 }, // U+04DA
    { 0x04DB, 117 }, // U+04DB
    { 0x04DC, 95 }, // U+04DC
    { 0x04DD, 115 }, // U+04DD
    { 0x04DE, 99 }, // U+04DE
    { 0x04DF, 111 }, // U+04DF
    { 0x04E0, 151 }, // U+04E0
    { 0x04E1, 152 }, // U+04E1
    { 0x04E2, 91 }, // U+04E2
    { 0x04E3, 109 }, // U+04E3
    { 0x04E4, 91 }, // U+04E4
    { 0x04E5, 109 }, // U+04E5
    { 0x04E6, 103 }, // U+04E6
    { 0x04E7, 117 }, // U+04E7
    { 0x04E8, 103 }, // U+04E8
    { 0x04E9, 117 }, // U+04E9
    { 0x04EA, 103 }, // U+04EA
    { 0x04EB, 117 }, // U+04EB
    { 0x04EC, 103 }, // U+04EC
    { 0x04ED, 117 }, // U+04ED
    { 0x04EE, 96 }, // U+04EE
    { 0x04EF, 120 }, // U+04EF
    { 0x04F0, 96 }, // U+04F0
    { 0x04F1, 120 }, // U+04F1
    { 0x04F2, 96 }, // U+04F2
    { 0x04F3, 120 }, // U+04F3
    { 0x04F4, 91 }, // U+04F4
    { 0x04F5, 109 }, // U+04F5
    { 0x04F6, 100 }, // U+04F6
    { 0x04F7, 112 }, // U+04F7
    { 0x04F8, 91 }, // U+04F8
    { 0x04F9, 109 }, // U+04F9
    { 0x04FA, 135 }, // U+04FA
    { 0x04FB, 112 }, // U+04FB
    { 0x04FC, 153 }, // U+04FC
    { 0x04FD, 154 }, // U+04FD
    { 0x04FE, 108 }, // U+04FE
    { 0x04FF, 121 }, // U+04FF
    { 0x1EA0, 7 }, // U+1EA0
    { 0x1EA1, 33 }, // U+1EA1
    { 0x1EA2, 7 }, // U+1EA2
    { 0x1EA3, 33 }, // U+1EA3
    { 0x1EA4, 7 }, // U+1EA4
    { 0x1EA5, 33 }, // U+1EA5
    { 0x1EA6, 7 }, // U+1EA6
    { 0x1EA7, 33 }, // U+1EA7
    { 0x1EA8, 7 }, // U+1EA8
    { 0x1EA9, 33 }, // U+1EA9
    { 0x1EAA, 7 }, // U+1EAA
    { 0x1EAB, 33 }, // U+1EAB
    { 0x1EAC, 7 }, // U+1EAC
    { 0x1EAD, 33 }, // U+1EAD
    { 0x1EAE, 7 }, // U+1EAE
    { 0x1EAF, 33 }, // U+1EAF
    { 0x1EB0, 7 }, // U+1EB0
    { 0x1EB1, 33 }, // U+1EB1
    { 0x1EB2, 7 }, // U+1EB2
    { 0x1EB3, 33 }, // U+1EB3
    { 0x1EB4, 7 }, // U+1EB4
    { 0x1EB5, 33 }, // U+1EB5
    { 0x1EB6, 7 }, // U+1EB6
    { 0x1EB7, 33 }, // U+1EB7
    { 0x1EB8, 11 }, // U+1EB8
    { 0x1EB9, 37 }, // U+1EB9
    { 0x1EBA, 11 }, // U+1EBA
    { 0x1EBB, 37 }, // U+1EBB
    { 0x1EBC, 11 }, // U+1EBC
    { 0x1EBD, 37 }, // U+1EBD
    { 0x1EBE, 11 }, // U+1EBE
    { 0x1EBF, 37 }, // U+1EBF
    { 0x1EC0, 11 }, // U+1EC0
    { 0x1EC1, 37 }, // U+1EC1
    { 0x1EC2, 11 }, // U+1EC2
    { 0x1EC3, 37 }, // U+1EC3
    { 0x1EC4, 11 }, // U+1EC4
    { 0x1EC5, 37 }, // U+1EC5
    { 0x1EC6, 11 }, // U+1EC6
    { 0x1EC7, 37 }, // U+1EC7
    { 0x1EC8, 14 }, // U+1EC8
    { 0x1EC9, 60 }, // U+1EC9
    { 0x1ECA, 14 }, // U+1ECA
    { 0x1ECB, 41 }, // U+1ECB
    { 0x1ECC, 10 }, // U+1ECC
    { 0x1ECD, 34 }, // U+1ECD
    { 0x1ECE, 10 }, // U+1ECE
    { 0x1ECF, 34 }, // U+1ECF
    { 0x1ED0, 10 }, // U+1ED0
    { 0x1ED1, 34 }, // U+1ED1
    { 0x1ED2, 10 }, // U+1ED2
    { 0x1ED3, 34 }, // U+1ED3
    { 0x1ED4, 10 }, // U+1ED4
    { 0x1ED5, 34 }, // U+1ED5
    { 0x1ED6, 10 }, // U+1ED6
    { 0x1ED7, 34 }, // U+1ED7
    { 0x1ED8, 10 }, // U+1ED8
    { 0x1ED9, 34 }, // U+1ED9
    { 0x1EDA, 77 }, // U+1EDA
    { 0x1EDB, 78 }, // U+1EDB
    { 0x1EDC, 77 }, // U+1EDC
    { 0x1EDD, 78 }, // U+1EDD
    { 0x1EDE, 77 }, // U+1EDE
    { 0x1EDF, 78 }, // U+1EDF
    { 0x1EE0, 77 }, // U+1EE0
    { 0x1EE1, 78 }, // U+1EE1
    { 0x1EE2, 77 }, // U+1EE2
    { 0x1EE3, 78 }, // U+1EE3
    { 0x1EE4, 25 }, // U+1EE4
    { 0x1EE5, 33 }, // U+1EE5
    { 0x1EE6, 25 }, // U+1EE6
    { 0x1EE7, 33 }, // U+1EE7
    { 0x1EE8, 79 }, // U+1EE8
    { 0x1EE9, 80 }, // U+1EE9
    { 0x1EEA, 79 }, // U+1EEA
    { 0x1EEB, 80 }, // U+1EEB
    { 0x1EEC, 79 }, // U+1EEC
    { 0x1EED, 80 }, // U+1EED
    { 0x1EEE, 79 }, // U+1EEE
    { 0x1EEF, 80 }, // U+1EEF
    { 0x1EF0, 79 }, // U+1EF0
    { 0x1EF1, 80 }, // U+1EF1
    { 0x1EF2, 29 }, // U+1EF2
    { 0x1EF3, 49 }, // U+1EF3
    { 0x1EF4, 29 }, // U+1EF4
    { 0x1EF5, 49 }, // U+1EF5
    { 0x1EF6, 29 }, // U+1EF6
    { 0x1EF7, 49 }, // U+1EF7
    { 0x1EF8, 29 }, // U+1EF8
    { 0x1EF9, 49 }, // U+1EF9
    { 0x2010, 4 }, // U+2010
    { 0x2011, 4 }, // U+2011
    { 0x2013, 4 }, // U+2013
    { 0x2014, 4 }, // U+2014
    { 0x2015, 4 }, // U+2015
    { 0x2018, 155 }, // U+2018
    { 0x2019, 156 }, // U+2019
    { 0x201A, 157 }, // U+201A
    { 0x201B, 155 }, // U+201B
    { 0x201C, 155 }, // U+201C
    { 0x201D, 156 }, // U+201D
    { 0x201E, 3 }, // U+201E
    { 0x2025, 3 }, // U+2025
    { 0x2026, 3 }, // U+2026
    { 0x203A, 54 }, // U+203A
    { 0xFB00, 38 }, // U+FB00
    { 0xFB01, 41 }, // U+FB01
    { 0xFB02, 44 }, // U+FB02
    { 0xFB03, 41 }, // U+FB03
    { 0xFB04, 44 }, // U+FB04
    { 0xFB05, 48 }, // U+FB05
    { 0xFB06, 48 }, // U+FB06
};

static const EpdKernClassEntry bookerly_18_bolditalicKernRightClasses[] = {
    { 0x0021, 1 }, // !
    { 0x0022, 2 }, // "
    { 0x0027, 2 }, // '
    { 0x0029, 3 }, // )
    { 0x002A, 4 }, // *
    { 0x002C, 5 }, // ,
    { 0x002D, 6 }, // -
    { 0x002E, 7 }, // .
    { 0x002F, 8 }, // /
    { 0x003A, 9 }, // :
    { 0x003B, 10 }, // ;
    { 0x003F, 11 }, // ?
    { 0x0041, 12 }, // A
    { 0x0042, 13 }, // B
    { 0x0043, 14 }, // C
    { 0x0044, 13 }, // D
    { 0x0045, 15 }, // E
    { 0x0046, 15 }, // F
    { 0x0047, 14 }, // G
    { 0x0048, 15 }, // H
    { 0x0049, 15 }, // I
    { 0x004A, 16 }, // J
    { 0x004B, 15 }, // K
    { 0x004C, 15 }, // L
    { 0x004D, 17 }, // M
    { 0x004E, 15 }, // N
    { 0x004F, 14 }, // O
    { 0x0050, 13 }, // P
    { 0x0051, 14 }, // Q
    { 0x0052, 13 }, // R
    { 0x0053, 18 }, // S
    { 0x0054, 19 }, // T
    { 0x0055, 20 }, // U
    { 0x0056, 21 }, // V
    { 0x0057, 21 }, // W
    { 0x0058, 22 }, // X
    { 0x0059, 23 }, // Y
    { 0x005A, 24 }, // Z
    { 0x005C, 25 }, // <backslash>
    { 0x005D, 26 }, // ]
    { 0x0061, 27 }, // a
    { 0x0062, 28 }, // b
    { 0x0063, 27 }, // c
    { 0x0064, 27 }, // d
    { 0x0065, 27 }, // e
    { 0x0066, 29 }, // f
    { 0x0067, 30 }, // g
    { 0x0068, 31 }, // h
    { 0x0069, 32 }, // i
    { 0x006A, 33 }, // j
    { 0x006B, 31 }, // k
    { 0x006C, 31 }, // l
    { 0x006D, 34 }, // m
    { 0x006E, 34 }, // n
    { 0x006F, 27 }, // o
    { 0x0070, 34 }, // p
    { 0x0071, 27 }, // q
    { 0x0072, 34 }, // r
    { 0x0073, 35 }, // s
    { 0x0074, 36 }, // t
    { 0x0075, 37 }, // u
    { 0x0076, 38 }, // v
    { 0x0077, 38 }, // w
    { 0x0078, 39 }, // x
    { 0x0079, 40 }, // y
    { 0x007A, 41 }, // z
    { 0x007D, 42 }, // }
    { 0x00A1, 43 }, // U+00A1
    { 0x00AB, 44 }, // U+00AB
    { 0x00AD, 6 }, // U+00AD
    { 0x00BB, 45 }, // U+00BB
    { 0x00BF, 46 }, // U+00BF
    { 0x00C0, 12 }, // U+00C0
    { 0x00C1, 12 }, // U+00C1
    { 0x00C2, 12 }, // U+00C2
    { 0x00C3, 12 }, // U+00C3
    { 0x00C4, 12 }, // U+00C4
    { 0x00C5, 12 }, // U+00C5
    { 0x00C6, 47 }, // U+00C6
    { 0x00C7, 14 }, // U+00C7
    { 0x00C8, 15 }, // U+00C8
    { 0x00C9, 15 }, // U+00C9
    { 0x00CA, 15 }, // U+00CA
    { 0x00CB, 15 }, // U+00CB
    { 0x00CC, 15 }, // U+00CC
    { 0x00CD, 15 }, // U+00CD
    { 0x00CE, 15 }, // U+00CE
    { 0x00CF, 15 }, // U+00CF
    { 0x00D0, 13 }, // U+00D0
    { 0x00D1, 15 }, // U+00D1
    { 0x00D2, 14 }, // U+00D2
    { 0x00D3, 14 }, // U+00D3
    { 0x00D4, 14 }, // U+00D4
    { 0x00D5, 14 }, // U+00D5
    { 0x00D6, 14 }, // U+00D6
    { 0x00D8, 14 }, // U+00D8
    { 0x00D9, 20 }, // U+00D9
    { 0x00DA, 20 }, // U+00DA
    { 0x00DB, 20 }, // U+00DB
    { 0x00DC, 20 }, // U+00DC
    { 0x00DD, 23 }, // U+00DD
    { 0x00DE, 15 }, // U+00DE
    { 0x00DF, 48 }, // U+00DF
    { 0x00E0, 27 }, // U+00E0
    { 0x00E1, 27 }, // U+00E1
    { 0x00E2, 27 }, // U+00E2
    { 0x00E3, 27 }, // U+00E3
    { 0x00E4, 49 }, // U+00E4
    { 0x00E5, 27 }, // U+00E5
    { 0x00E6, 27 }, // U+00E6
    { 0x00E7, 27 }, // U+00E7
    { 0x00E8, 27 }, // U+00E8
    { 0x00E9, 27 }, // U+00E9
    { 0x00EA, 27 }, // U+00EA
    { 0x00EB, 27 }, // U+00EB
    { 0x00EC, 50 }, // U+00EC
    { 0x00ED, 32 }, // U+00ED
    { 0x00EE, 51 }, // U+00EE
    { 0x00EF, 51 }, // U+00EF
    { 0x00F0, 27 }, // U+00F0
    { 0x00F1, 34 }, // U+00F1
    { 0x00F2, 27 }, // U+00F2
    { 0x00F3, 27 }, // U+00F3
    { 0x00F4, 27 }, // U+00F4
    { 0x00F5, 27 }, // U+00F5
    { 0x00F6, 27 }, // U+00F6
    { 0x00F8, 52 }, // U+00F8
    { 0x00F9, 37 }, // U+00F9
    { 0x00FA, 37 }, // U+00FA
    { 0x00FB, 37 }, // U+00FB
    { 0x00FC, 37 }, // U+00FC
    { 0x00FD, 38 }, // U+00FD
    { 0x00FE, 53 }, // U+00FE
    { 0x00FF, 38 }, // U+00FF
    { 0x0100, 12 }, // U+0100
    { 0x0101, 27 }, // U+0101
    { 0x0102, 12 }, // U+0102
    { 0x0103, 27 }, // U+0103
    { 0x0104, 12 }, // U+0104
    { 0x0105, 27 }, // U+0105
    { 0x0106, 14 }, // U+0106
    { 0x0107, 27 }, // U+0107
    { 0x0108, 14 }, // U+0108
    { 0x0109, 27 }, // U+0109
    { 0x010A, 14 }, // U+010A
    { 0x010B, 27 }, // U+010B
    { 0x010C, 14 }, // U+010C
    { 0x010D, 54 }, // U+010D
    { 0x010E, 13 }, // U+010E
    { 0x010F, 27 }, // U+010F
    { 0x0110, 13 }, // U+0110
    { 0x0111, 27 }, // U+0111
    { 0x0112, 15 }, // U+0112
    { 0x0113, 27 }, // U+0113
    { 0x0114, 15 }, // U+0114
    { 0x0115, 27 }, // U+0115
    { 0x0116, 15 }, // U+0116
    { 0x0117, 27 }, // U+0117
    { 0x0118, 15 }, // U+0118
    { 0x0119, 27 }, // U+0119
    { 0x011A, 15 }, // U+011A
    { 0x011B, 27 }, // U+011B
    { 0x011C, 14 }, // U+011C
    { 0x011D, 30 }, // U+011D
    { 0x011E, 14 }, // U+011E
    { 0x011F, 30 }, // U+011F
    { 0x0120, 14 }, // U+0120
    { 0x0121, 30 }, // U+0121
    { 0x0122, 14 }, // U+0122
    { 0x0123, 30 }, // U+0123
    { 0x0124, 15 }, // U+0124
    { 0x0125, 31 }, // U+0125
    { 0x0126, 15 }, // U+0126
    { 0x0127, 55 }, // U+0127
    { 0x0128, 15 }, // U+0128
    { 0x0129, 51 }, // U+0129
    { 0x012A, 15 }, // U+012A
    { 0x012B, 51 }, // U+012B
    { 0x012C, 15 }, // U+012C
    { 0x012D, 51 }, // U+012D
    { 0x012E, 15 }, // U+012E
    { 0x012F, 32 }, // U+012F
    { 0x0130, 15 }, // U+0130
    { 0x0131, 34 }, // U+0131
    { 0x0132, 15 }, // U+0132
    { 0x0133, 32 }, // U+0133
    { 0x0134, 16 }, // U+0134
    { 0x0135, 56 }, // U+0135
    { 0x0136, 15 }, // U+0136
    { 0x0137, 31 }, // U+0137
    { 0x0138, 34 }, // U+0138
    { 0x0139, 15 }, // U+0139
    { 0x013A, 31 }, // U+013A
    { 0x013B, 15 }, // U+013B
    { 0x013C, 31 }, // U+013C
    { 0x013D, 15 }, // U+013D
    { 0x013E, 31 }, // U+013E
    { 0x013F, 15 }, // U+013F
    { 0x0140, 31 }, // U+0140
    { 0x0141, 15 }, // U+0141
    { 0x0142, 57 }, // U+0142
    { 0x0143, 15 }, // U+0143
    { 0x0144, 34 }, // U+0144
    { 0x0145, 15 }, // U+0145
    { 0x0146, 34 }, // U+0146
    { 0x0147, 15 }, // U+0147
    { 0x0148, 34 }, // U+0148
    { 0x0149, 34 }, // U+0149
    { 0x014A, 15 }, // U+014A
    { 0x014B, 34 }, // U+014B
    { 0x014C, 14 }, // U+014C
    { 0x014D, 27 }, // U+014D
    { 0x014E, 14 }, // U+014E
    { 0x014F, 27 }, // U+014F
    { 0x0150, 14 }, // U+0150
    { 0x0151, 27 }, // U+0151
    { 0x0152, 14 }, // U+0152
    { 0x0153, 27 }, // U+0153
    { 0x0154, 13 }, // U+0154
    { 0x0155, 34 }, // U+0155
    { 0x0156, 13 }, // U+0156
    { 0x0157, 34 }, // U+0157
    { 0x0158, 13 }, // U+0158
    { 0x0159, 34 }, // U+0159
    { 0x015A, 18 }, // U+015A
    { 0x015B, 35 }, // U+015B
    { 0x015C, 18 }, // U+015C
    { 0x015D, 35 }, // U+015D
    { 0x015E, 18 }, // U+015E
    { 0x015F, 35 }, // U+015F
    { 0x0160, 18 }, // U+0160
    { 0x0161, 58 }, // U+0161
    { 0x0162, 19 }, // U+0162
    { 0x0163, 36 }, // U+0163
    { 0x0164, 19 }, // U+0164
    { 0x0165, 36 }, // U+0165
    { 0x0166, 19 }, // U+0166
    { 0x0167, 36 }, // U+0167
    { 0x0168, 20 }, // U+0168
    { 0x0169, 37 }, // U+0169
    { 0x016A, 20 }, // U+016A
    { 0x016B, 37 }, // U+016B
    { 0x016C, 20 }, // U+016C
    { 0x016D, 37 }, // U+016D
    { 0x016E, 20 }, // U+016E
    { 0x016F, 37 }, // U+016F
    { 0x0170, 20 }, // U+0170
    { 0x0171, 37 }, // U+0171
    { 0x0172, 20 }, // U+0172
    { 0x0173, 37 }, // U+0173
    { 0x0174, 21 }, // U+0174
    { 0x0175, 38 }, // U+0175
    { 0x0176, 23 }, // U+0176
    { 0x0177, 38 }, // U+0177
    { 0x0178, 23 }, // U+0178
    { 0x0179, 24 }, // U+0179
    { 0x017A, 41 }, // U+017A
    { 0x017B, 24 }, // U+017B
    { 0x017C, 41 }, // U+017C
    { 0x017D, 24 }, // U+017D
    { 0x017E, 59 }, // U+017E
    { 0x017F, 48 }, // U+017F
    { 0x01A0, 14 }, // U+01A0
    { 0x01A1, 27 }, // U+01A1
    { 0x01AF, 20 }, // U+01AF
    { 0x01B0, 37 }, // U+01B0
    { 0x01C4, 13 }, // U+01C4
    { 0x01C5, 13 }, // U+01C5
    { 0x01C6, 27 }, // U+01C6
    { 0x01C7, 15 }, // U+01C7
    { 0x01C8, 15 }, // U+01C8
    { 0x01C9, 31 }, // U+01C9
    { 0x01CA, 15 }, // U+01CA
    { 0x01CB, 15 }, // U+01CB
    { 0x01CC, 34 }, // U+01CC
    { 0x01CD, 12 }, // U+01CD
    { 0x01CE, 27 }, // U+01CE
    { 0x01CF, 15 }, // U+01CF
    { 0x01D0, 51 }, // U+01D0
    { 0x01D1, 14 }, // U+01D1
    { 0x01D2, 27 }, // U+01D2
    { 0x01D3, 20 }, // U+01D3
    { 0x01D4, 37 }, // U+01D4
    { 0x01D5, 20 }, // U+01D5
    { 0x01D6, 37 }, // U+01D6
    { 0x01D7, 20 }, // U+01D7
    { 0x01D8, 37 }, // U+01D8
    { 0x01D9, 20 }, // U+01D9
    { 0x01DA, 37 }, // U+01DA
    { 0x01DB, 20 }, // U+01DB
    { 0x01DC, 37 }, // U+01DC
    { 0x01DD, 60 }, // U+01DD
    { 0x01DE, 12 }, // U+01DE
    { 0x01DF, 27 }, // U+01DF
    { 0x01E0, 12 }, // U+01E0
    { 0x01E1, 27 }, // U+01E1
    { 0x01E2, 47 }, // U+01E2
    { 0x01E3, 27 }, // U+01E3
    { 0x01E4, 14 }, // U+01E4
    { 0x01E5, 61 }, // U+01E5
    { 0x01E6, 14 }, // U+01E6
    { 0x01E7, 30 }, // U+01E7
    { 0x01E8, 15 }, // U+01E8
    { 0x01E9, 31 }, // U+01E9
    { 0x01EA, 14 }, // U+01EA
    { 0x01EB, 27 }, // U+01EB
    { 0x01EC, 14 }, // U+01EC
    { 0x01ED, 27 }, // U+01ED
    { 0x01EE, 62 }, // U+01EE
    { 0x01EF, 63 }, // U+01EF
    { 0x01F0, 56 }, // U+01F0
    { 0x01F1, 13 }, // U+01F1
    { 0x01F2, 13 }, // U+01F2
    { 0x01F3, 27 }, // U+01F3
    { 0x01F4, 14 }, // U+01F4
    { 0x01F5, 30 }, // U+01F5
    { 0x01F8, 15 }, // U+01F8
    { 0x01F9, 34 }, // U+01F9
    { 0x01FA, 12 }, // U+01FA
    { 0x01FB, 27 }, // U+01FB
    { 0x01FC, 47 }, // U+01FC
    { 0x01FD, 27 }, // U+01FD
    { 0x01FE, 14 }, // U+01FE
    { 0x01FF, 52 }, // U+01FF
    { 0x0200, 12 }, // U+0200
    { 0x0201, 27 }, // U+0201
    { 0x0202, 12 }, // U+0202
    { 0x0203, 27 }, // U+0203
    { 0x0204, 15 }, // U+0204
    { 0x0205, 27 }, // U+0205
    { 0x0206, 15 }, // U+0206
    { 0x0207, 27 }, // U+0207
    { 0x0208, 15 }, // U+0208
    { 0x0209, 51 }, // U+0209
    { 0x020A, 15 }, // U+020A
    { 0x020B, 51 }, // U+020B
    { 0x020C, 14 }, // U+020C
    { 0x020D, 27 }, // U+020D
    { 0x020E, 14 }, // U+020E
    { 0x020F, 27 }, // U+020F
    { 0x0210, 13 }, // U+0210
    { 0x0211, 34 }, // U+0211
    { 0x0212, 13 }, // U+0212
    { 0x0213, 34 }, // U+0213
    { 0x0214, 20 }, // U+0214
    { 0x0215, 37 }, // U+0215
    { 0x0216, 20 }, // U+0216
    { 0x0217, 37 }, // U+0217
    { 0x0218, 18 }, // U+0218
    { 0x0219, 35 }, // U+0219
    { 0x021A, 19 }, // U+021A
    { 0x021B, 36 }, // U+021B
    { 0x021C, 64 }, // U+021C
    { 0x021D, 65 }, // U+021D
    { 0x021E, 15 }, // U+021E
    { 0x021F, 31 }, // U+021F
    { 0x0400, 66 }, // U+0400
    { 0x0401, 66 }, // U+0401
    { 0x0402, 67 }, // U+0402
    { 0x0403, 66 }, // U+0403
    { 0x0404, 68 }, // U+0404
    { 0x0405, 69 }, // U+0405
    { 0x0406, 66 }, // U+0406
    { 0x0407, 66 }, // U+0407
    { 0x0408, 70 }, // U+0408
    { 0x0409, 71 }, // U+0409
    { 0x040A, 66 }, // U+040A
    { 0x040B, 67 }, // U+040B
    { 0x040C, 66 }, // U+040C
    { 0x040D, 66 }, // U+040D
    { 0x040E, 72 }, // U+040E
    { 0x040F, 66 }, // U+040F
    { 0x0410, 73 }, // U+0410
    { 0x0411, 66 }, // U+0411
    { 0x0412, 74 }, // U+0412
    { 0x0413, 66 }, // U+0413
    { 0x0414, 75 }, // U+0414
    { 0x0415, 66 }, // U+0415
    { 0x0416, 76 }, // U+0416
    { 0x0417, 77 }, // U+0417
    { 0x0418, 66 }, // U+0418
    { 0x0419, 66 }, // U+0419
    { 0x041A, 66 }, // U+041A
    { 0x041B, 78 }, // U+041B
    { 0x041C, 79 }, // U+041C
    { 0x041D, 66 }, // U+041D
    { 0x041E, 68 }, // U+041E
    { 0x041F, 66 }, // U+041F
    { 0x0420, 74 }, // U+0420
    { 0x0421, 68 }, // U+0421
    { 0x0422, 67 }, // U+0422
    { 0x0423, 72 }, // U+0423
    { 0x0424, 80 }, // U+0424
    { 0x0425, 81 }, // U+0425
    { 0x0426, 66 }, // U+0426
    { 0x0427, 82 }, // U+0427
    { 0x0428, 66 }, // U+0428
    { 0x0429, 66 }, // U+0429
    { 0x042A, 67 }, // U+042A
    { 0x042B, 66 }, // U+042B
    { 0x042C, 66 }, // U+042C
    { 0x042D, 83 }, // U+042D
    { 0x042E, 66 }, // U+042E
    { 0x042F, 84 }, // U+042F
    { 0x0430, 85 }, // U+0430
    { 0x0431, 86 }, // U+0431
    { 0x0432, 85 }, // U+0432
    { 0x0433, 87 }, // U+0433
    { 0x0434, 88 }, // U+0434
    { 0x0435, 85 }, // U+0435
    { 0x0436, 89 }, // U+0436
    { 0x0437, 90 }, // U+0437
    { 0x0438, 91 }, // U+0438
    { 0x0439, 91 }, // U+0439
    { 0x043A, 92 }, // U+043A
    { 0x043B, 93 }, // U+043B
    { 0x043C, 94 }, // U+043C
    { 0x043D, 92 }, // U+043D
    { 0x043E, 85 }, // U+043E
    { 0x043F, 92 }, // U+043F
    { 0x0440, 95 }, // U+0440
    { 0x0441, 85 }, // U+0441
    { 0x0442, 92 }, // U+0442
    { 0x0443, 96 }, // U+0443
    { 0x0444, 85 }, // U+0444
    { 0x0445, 97 }, // U+0445
    { 0x0446, 91 }, // U+0446
    { 0x0447, 98 }, // U+0447
    { 0x0448, 91 }, // U+0448
    { 0x0449, 91 }, // U+0449
    { 0x044A, 99 }, // U+044A
    { 0x044B, 91 }, // U+044B
    { 0x044C, 91 }, // U+044C
    { 0x044D, 90 }, // U+044D
    { 0x044E, 92 }, // U+044E
    { 0x044F, 100 }, // U+044F
    { 0x0450, 85 }, // U+0450
    { 0x0451, 85 }, // U+0451
    { 0x0452, 101 }, // U+0452
    { 0x0453, 87 }, // U+0453
    { 0x0454, 85 }, // U+0454
    { 0x0455, 102 }, // U+0455
    { 0x0456, 103 }, // U+0456
    { 0x0457, 104 }, // U+0457
    { 0x0458, 105 }, // U+0458
    { 0x0459, 93 }, // U+0459
    { 0x045A, 92 }, // U+045A
    { 0x045B, 106 }, // U+045B
    { 0x045C, 92 }, // U+045C
    { 0x045D, 91 }, // U+045D
    { 0x045E, 96 }, // U+045E
    { 0x045F, 91 }, // U+045F
    { 0x0462, 67 }, // U+0462
    { 0x0463, 92 }, // U+0463
    { 0x0472, 68 }, // U+0472
    { 0x0473, 85 }, // U+0473
    { 0x0474, 107 }, // U+0474
    { 0x0475, 108 }, // U+0475
    { 0x048A, 66 }, // U+048A
    { 0x048B, 92 }, // U+048B
    { 0x048C, 109 }, // U+048C
    { 0x048D, 110 }, // U+048D
    { 0x048E, 74 }, // U+048E
    { 0x048F, 92 }, // U+048F
    { 0x0490, 66 }, // U+0490
    { 0x0491, 111 }, // U+0491
    { 0x0492, 66 }, // U+0492
    { 0x0493, 87 }, // U+0493
    { 0x0494, 66 }, // U+0494
    { 0x0495, 92 }, // U+0495
    { 0x0496, 76 }, // U+0496
    { 0x0497, 89 }, // U+0497
    { 0x0498, 77 }, // U+0498
    { 0x0499, 90 }, // U+0499
    { 0x049A, 66 }, // U+049A
    { 0x049B, 92 }, // U+049B
    { 0x049C, 66 }, // U+049C
    { 0x049D, 92 }, // U+049D
    { 0x04A0, 67 }, // U+04A0
    { 0x04A2, 66 }, // U+04A2
    { 0x04A3, 92 }, // U+04A3
    { 0x04A4, 66 }, // U+04A4
    { 0x04A5, 92 }, // U+04A5
    { 0x04A6, 66 }, // U+04A6
    { 0x04A7, 92 }, // U+04A7
    { 0x04A8, 68 }, // U+04A8
    { 0x04A9, 85 }, // U+04A9
    { 0x04AA, 68 }, // U+04AA
    { 0x04AB, 85 }, // U+04AB
    { 0x04AC, 67 }, // U+04AC
    { 0x04AD, 92 }, // U+04AD
    { 0x04AE, 112 }, // U+04AE
    { 0x04AF, 96 }, // U+04AF
    { 0x04B0, 112 }, // U+04B0
    { 0x04B1, 96 }, // U+04B1
    { 0x04B2, 81 }, // U+04B2
    { 0x04B3, 97 }, // U+04B3
    { 0x04B6, 82 }, // U+04B6
    { 0x04B7, 98 }, // U+04B7
    { 0x04B8, 82 }, // U+04B8
    { 0x04B9, 98 }, // U+04B9
    { 0x04BA, 66 }, // U+04BA
    { 0x04BB, 106 }, // U+04BB
    { 0x04BC, 113 }, // U+04BC
    { 0x04BD, 114 }, // U+04BD
    { 0x04BE, 113 }, // U+04BE
    { 0x04BF, 114 }, // U+04BF
    { 0x04C0, 66 }, // U+04C0
    { 0x04C1, 76 }, // U+04C1
    { 0x04C2, 89 }, // U+04C2
    { 0x04C3, 66 }, // U+04C3
    { 0x04C4, 92 }, // U+04C4
    { 0x04C5, 78 }, // U+04C5
    { 0x04C6, 93 }, // U+04C6
    { 0x04C7, 66 }, // U+04C7
    { 0x04C8, 92 }, // U+04C8
    { 0x04C9, 66 }, // U+04C9
    { 0x04CA, 92 }, // U+04CA
    { 0x04CB, 82 }, // U+04CB
    { 0x04CC, 98 }, // U+04CC
    { 0x04CE, 94 }, // U+04CE
    { 0x04CF, 115 }, // U+04CF
    { 0x04D0, 73 }, // U+04D0
    { 0x04D1, 85 }, // U+04D1
    { 0x04D2, 73 }, // U+04D2
    { 0x04D3, 85 }, // U+04D3
    { 0x04D4, 116 }, // U+04D4
    { 0x04D5, 85 }, // U+04D5
    { 0x04D6, 66 }, // U+04D6
    { 0x04D7, 85 }, // U+04D7
    { 0x04D8, 117 }, // U+04D8
    { 0x04D9, 118 }, // U+04D9
    { 0x04DB, 118 }, // U+04DB
    { 0x04DC, 76 }, // U+04DC
    { 0x04DD, 89 }, // U+04DD
    { 0x04DE, 77 }, // U+04DE
    { 0x04DF, 90 }, // U+04DF
    { 0x04E0, 119 }, // U+04E0
    { 0x04E1, 120 }, // U+04E1
    { 0x04E2, 66 }, // U+04E2
    { 0x04E3, 91 }, // U+04E3
    { 0x04E4, 66 }, // U+04E4
    { 0x04E5, 91 }, // U+04E5
    { 0x04E6, 68 }, // U+04E6
    { 0x04E7, 85 }, // U+04E7
    { 0x04E8, 68 }, // U+04E8
    { 0x04E9, 85 }, // U+04E9
    { 0x04EA, 68 }, // U+04EA
    { 0x04EB, 85 }, // U+04EB
    { 0x04ED, 90 }, // U+04ED
    { 0x04EE, 72 }, // U+04EE
    { 0x04EF, 96 }, // U+04EF
    { 0x04F0, 72 }, // U+04F0
    { 0x04F1, 96 }, // U+04F1
    { 0x04F2, 72 }, // U+04F2
    { 0x04F3, 96 }, // U+04F3
    { 0x04F5, 98 }, // U+04F5
    { 0x04F6, 66 }, // U+04F6
    { 0x04F7, 87 }, // U+04F7
    { 0x04F8, 66 }, // U+04F8
    { 0x04F9, 91 }, // U+04F9
    { 0x04FA, 66 }, // U+04FA
    { 0x04FB, 87 }, // U+04FB
    { 0x04FC, 81 }, // U+04FC
    { 0x04FD, 97 }, // U+04FD
    { 0x04FE, 81 }, // U+04FE
    { 0x04FF, 97 }, // U+04FF
    { 0x1EA0, 12 }, // U+1EA0
    { 0x1EA1, 27 }, // U+1EA1
    { 0x1EA2, 12 }, // U+1EA2
    { 0x1EA3, 27 }, // U+1EA3
    { 0x1EA4, 12 }, // U+1EA4
    { 0x1EA5, 27 }, // U+1EA5
    { 0x1EA6, 12 }, // U+1EA6
    { 0x1EA7, 27 }, // U+1EA7
    { 0x1EA8, 12 }, // U+1EA8
    { 0x1EA9, 27 }, // U+1EA9
    { 0x1EAA, 12 }, // U+1EAA
    { 0x1EAB, 27 }, // U+1EAB
    { 0x1EAC, 12 }, // U+1EAC
    { 0x1EAD, 27 }, // U+1EAD
    { 0x1EAE, 12 }, // U+1EAE
    { 0x1EAF, 27 }, // U+1EAF
    { 0x1EB0, 12 }, // U+1EB0
    { 0x1EB1, 27 }, // U+1EB1
    { 0x1EB2, 12 }, // U+1EB2
    { 0x1EB3, 27 }, // U+1EB3
    { 0x1EB4, 12 }, // U+1EB4
    { 0x1EB5, 27 }, // U+1EB5
    { 0x1EB6, 12 }, // U+1EB6
    { 0x1EB7, 27 }, // U+1EB7
    { 0x1EB8, 15 }, // U+1EB8
    { 0x1EB9, 27 }, // U+1EB9
    { 0x1EBA, 15 }, // U+1EBA
    { 0x1EBB, 27 }, // U+1EBB
    { 0x1EBC, 15 }, // U+1EBC
    { 0x1EBD, 27 }, // U+1EBD
    { 0x1EBE, 15 }, // U+1EBE
    { 0x1EBF, 27 }, // U+1EBF
    { 0x1EC0, 15 }, // U+1EC0
    { 0x1EC1, 27 }, // U+1EC1
    { 0x1EC2, 15 }, // U+1EC2
    { 0x1EC3, 27 }, // U+1EC3
    { 0x1EC4, 15 }, // U+1EC4
    { 0x1EC5, 27 }, // U+1EC5
    { 0x1EC6, 15 }, // U+1EC6
    { 0x1EC7, 27 }, // U+1EC7
    { 0x1EC8, 15 }, // U+1EC8
    { 0x1EC9, 51 }, // U+1EC9
    { 0x1ECA, 15 }, // U+1ECA
    { 0x1ECB, 32 }, // U+1ECB
    { 0x1ECC, 14 }, // U+1ECC
    { 0x1ECD, 27 }, // U+1ECD
    { 0x1ECE, 14 }, // U+1ECE
    { 0x1ECF, 27 }, // U+1ECF
    { 0x1ED0, 14 }, // U+1ED0
    { 0x1ED1, 27 }, // U+1ED1
    { 0x1ED2, 14 }, // U+1ED2
    { 0x1ED3, 27 }, // U+1ED3
    { 0x1ED4, 14 }, // U+1ED4
    { 0x1ED5, 27 }, // U+1ED5
    { 0x1ED6, 14 }, // U+1ED6
    { 0x1ED7, 27 }, // U+1ED7
    { 0x1ED8, 14 }, // U+1ED8
    { 0x1ED9, 27 }, // U+1ED9
    { 0x1EDA, 14 }, // U+1EDA
    { 0x1EDB, 27 }, // U+1EDB
    { 0x1EDC, 14 }, // U+1EDC
    { 0x1EDD, 27 }, // U+1EDD
    { 0x1EDE, 14 }, // U+1EDE
    { 0x1EDF, 27 }, // U+1EDF
    { 0x1EE0, 14 }, // U+1EE0
    { 0x1EE1, 27 }, // U+1EE1
    { 0x1EE2, 14 }, // U+1EE2
    { 0x1EE3, 27 }, // U+1EE3
    { 0x1EE4, 20 }, // U+1EE4
    { 0x1EE5, 37 }, // U+1EE5
    { 0x1EE6, 20 }, // U+1EE6
    { 0x1EE7, 37 }, // U+1EE7
    { 0x1EE8, 20 }, // U+1EE8
    { 0x1EE9, 37 }, // U+1EE9
    { 0x1EEA, 20 }, // U+1EEA
    { 0x1EEB, 37 }, // U+1EEB
    { 0x1EEC, 20 }, // U+1EEC
    { 0x1EED, 37 }, // U+1EED
    { 0x1EEE, 20 }, // U+1EEE
    { 0x1EEF, 37 }, // U+1EEF
    { 0x1EF0, 20 }, // U+1EF0
    { 0x1EF1, 37 }, // U+1EF1
    { 0x1EF2, 23 }, // U+1EF2
    { 0x1EF3, 38 }, // U+1EF3
    { 0x1EF4, 23 }, // U+1EF4
    { 0x1EF5, 38 }, // U+1EF5
    { 0x1EF6, 23 }, // U+1EF6
    { 0x1EF7, 38 }, // U+1EF7
    { 0x1EF8, 23 }, // U+1EF8
    { 0x1EF9, 38 }, // U+1EF9
    { 0x2010, 6 }, // U+2010
    { 0x2011, 6 }, // U+2011
    { 0x2013, 6 }, // U+2013
    { 0x2014, 6 }, // U+2014
    { 0x2015, 6 }, // U+2015
    { 0x2018, 121 }, // U+2018
    { 0x2019, 122 }, // U+2019
    { 0x201A, 7 }, // U+201A
    { 0x201B, 121 }, // U+201B
    { 0x201C, 121 }, // U+201C
    { 0x201D, 122 }, // U+201D
    { 0x201E, 7 }, // U+201E
    { 0x2025, 7 }, // U+2025
    { 0x2026, 7 }, // U+2026
    { 0x2039, 44 }, // U+2039
    { 0x203A, 45 }, // U+203A
    { 0x203C, 1 }, // U+203C
    { 0x2047, 11 }, // U+2047
    { 0x2048, 11 }, // U+2048
    { 0x2049, 1 }, // U+2049
    { 0xFB00, 29 }, // U+FB00
    { 0xFB01, 29 }, // U+FB01
    { 0xFB02, 29 }, // U+FB02
    { 0xFB03, 29 }, // U+FB03
    { 0xFB04, 29 }, // U+FB04
    { 0xFB05, 29 }, // U+FB05
    { 0xFB06, 35 }, // U+FB06
};

static const int8_t bookerly_18_bolditalicKernMatrix[] = {
       0,    0,    0,    0,    0,    0,    0,    0,    0,    0,    0,    0,    0,  -15,    0,   60,    0,    0,    0,    0,    0,    0,    0,    0,    0,    0,  -12,   42,   90,    0,   42,    0,   90,    0,    0,    0,    0,    0,    0,   54,    0,    0,    0,    0,    0,    0,    0,    0,  -12,    0,    0,  -12,   42,  -12,   42,    0,   42,    0,    0,    0,    0,    0,    0,    0,    0,    0,    0,  -15,    0,   60,    0,    0,    0,    0,   18,    0,    0,    0,    0,    0,    0,    0,    0,    0,  -12,    0,    0,  -12,    0,    0,    0,    0,  -18,    0,    0,   48,    0,    0,    0,    0,   42,    0,    0,    0,   90,   42,    0,   48,    0,    0,    0,    0,    0,    0,    0,    0,    0,    0,    0,    0,    0,    0,
       0,    0,    0,    0,    0,    0,    0,    0,    0,    0,    0,  -24,    0,    0,    0,    0,    0,    0,    0,    0,    0,    0,    0,    0,    0,    0,    0,    0,    0,    0,    0,    0,    0,    0,    0,    0,    0,    0,    0,    0,    0,    0,    0,    0,    0,    0,  -54,    0,    0,    0,    0,    0,    0,    0,    0,    0,    0,    0,    0,    0,    0,    0,    0,    0,    0,    0,    0,    0,    0,    0,    0,    0,  -24,    0,    0,    0,    0,    0,    0,    0,    0,    0,    0,    0,    0,    0,    0,    0,    0,    0,    0,    0,    0,    0,    0,    0,    0,    0,    0,    0,    0,    0,    0,    0,    0,    0,    0,    0,    0,    0,    0,    0,    0,    0,    0,  -54,    0,    0,    0,    0,    0,    0,
       0,    0,    0,    0,    0,    0,    0,    0,    0,    0,    0,   16,   12,  -18,   18,   66,    0,    0,  -30,  -24,  -60,   24,  -36,    0,    0,    0,    0,    0,   18,   12,    0,  -12,   63,    0,    0,  -12,  -12,  -30,    0,  -30,    0,    0,    0,  -24,    0,    0,   18,    0,    0,  -12,    0,    0,    0,    0,    0,    0,    0,    0,    0,    0,   12,    0,    0,    0,    0,   18,  -30,  -18,    0,   66,   24,    0,   16,   12,   18,   24,    0,   24,    0,  -12,   24,  -51,    0,   30,    0,  -12,    0,    0,    0,    0,  -12,    0,    0,    0,    0,  -30,    0,  -36,  -45,    0,    0,    0,  -12,    0,   63,    0,  -60,  -30,    0,  -18,    0,  -36,  -72,  -18,    0,   18,    0,    0,    0,    0,  -60,  -60,
       0,    0,    0,    0,    0,    0,    0,    0,    0,    0,    0,    0,    0,    0,    0,    0,    0,    0,    0,    0,    0,    0,  -18,    0,    0,    0,    0,    0,    0,    0,    0,    0,    0,    0,    0,    0,    0,    0,    0,    0,    0,    0,    0,    0,    0,    0,    0,    0,    0,    0,    0,    0,    0,    0,    0,    0,    0,    0,    0,    0,    0,    0,    0,    0,    0,    0,    0,    0,    0,    0,    0,    0,    0,    0,    0,    0,    0,    0,    0,    0,    0,    0,    0,    0,    0,    0,    0,    0,    0,    0,    0,    0,    0,    0,    0,    0,    0,    0,    0,    0,    0,    0,    0,    0,    0,    0,    0,    0,    0,    0,    0,  -18,    0,    0,    0,    0,    0,    0,    0,    0,    0,    0,
       0,    0,    0,    0,    0,    0,    0,    0,    0,    0,    0,  -54,    0,  -12,    0,    0,  -30,    0,    0,    0,    0,    0,    0,    0,    0,    0,  -60,   18,  -30,  -60,   18,    0,    0,  -12,  -54,  -18,  -24,    0,  -30,    0,  -36,    0,    0,    0,    0,    0,  -78,    0,  -60,    0,    0,  -60,   18,  -60,   18,    0,   18,  -54,  -36,    0,  -60,    0,  -30,    0,  -24,    0,    0,  -12,    0,    0,  -18,    0,  -54,    0,  -36,    0,    0,  -18,  -30,  -12,    0,    0,    0,  -24,  -60,  -18,  -18,  -72,  -36,  -36,  -24,  -12,  -63,  -45,  -12,    0,  -30,    0,  -18,  -54,   18,  -54,    0,    0,    0,   18,    0,    0,    0,    0,  -36,    0,    0,  -30,    0,  -78,    0,  -36,    0,  -30,    0,    0,
       0,    0,    0,    0,    0,    0,    0,    0,    0,    0,    0,    0,    0,    0,    0,    0,    0,    0,    0,    0,    0,    0,    0,    0,    0,    0,    0,    0,    0,    0,    0,    0,    0,    0,    0,    0,    0,   18,    0,   18,    0,    0,    0,    0,    0,    0,    0,    0,    0,    0,    0,    0,    0,    0,    0,    0,    0,    0,    0,    0,    0,    0,    0,    0,    0,    0,    0,    0,    0,    0,    0,    0,    0,    0,    0,    0,    0,    0,    0,    0,    0,    0,    0,    0,    0,    0,    0,    0,    0,    0,    0,    0,    0,    0,    0,   18,    0,    0,    0,    0,    0,    0,    0,    0,    0,    0,    0,   18,    0,    0,    0,    0,    0,    0,    0,    0,    0,    0,    0,    0,    0,    0,
       0,    0,    0,  -30,    0,    0,    0,    0,    0,    0,  -18,   21,    6,  -24,   12,    0,   24,    0,  -36,  -30,  -72,   39,  -42,    0,  -96,    0,    0,    0,    0,   12,    0,  -12,    0,  -12,    0,  -12,   -8,  -36,    0,  -36,    0,    0,    0,  -18,    0,    0,   30,    0,    0,  -12,  -12,   18,    0,    0,    0,    0,    0,    0,    0,    0,   12,    0,  -12,  -12,  -18,    0,    0,    0,    0,    0,    0,    0,    0,    0,    0,    0,    0,    0,    0,    0,    0,    0,    0,    0,    0,    0,    0,    0,    0,    0,    0,    0,    0,    0,    0,    0,    0,    0,    0,    0,    0,    0,    0,    0,    0,    0,    0,    0,    0,    0,    0,    0,    0,    0,    0,    0,    0,    0,    0,    0,  -60,  -48,
       0,    0,    0,    0,  -24,    0,  -24,    0,  -18,  -18,    0,  -12,    0,    8,    0,    0,    0,    0,  -18,  -18,  -30,    0,  -27,    0,  -24,    0,    0,   -6,    0,  -12,   -6,   -6,    0,    0,    0,    0,    0,    0,    0,    0,    0,    0,    0,    0,    0,    0,  -12,    0,    0,   -6,    0,    0,   -6,    0,   -6,    0,   -6,    0,    0,    0,  -12,    0,  -18,  -18,   -6,    0,    0,    0,    0,    0,    0,    0,    0,    0,    0,    0,    0,    0,    0,    0,    0,    0,    0,    0,    0,    0,    0,    0,    0,    0,    0,    0,    0,    0,    0,    0,    0,    0,    0,    0,    0,    0,    0,    0,    0,    0,    0,    0,    0,    0,    0,    0,    0,    0,    0,    0,    0,    0,    0,    0,    0,   -6,
       0,    0,    0,    0,    0,    0,    0,    0,  -18,  -18,    0,    0,    0,   -9,    0,    0,    0,    0,    0,   -6,   -6,    6,    0,    0,    0,    0,   -6,    0,    0,    0,    0,    0,    0,    0,    0,    0,    0,    0,    0,    0,    0,    0,    0,    0,    0,    0,    0,    0,   -6,    0,    0,   -6,    0,   -6,    0,    0,    0,    0,    0,    0,    0,    0,  -18,    0,    0,    0,    0,    0,    0,    0,    0,    0,    0,    0,    0,    0,    0,    0,    0,    0,    0,    0,    0,    0,    0,    0,    0,    0,    0,    0,    0,    0,    0,    0,    0,    0,    0,    0,    0,    0,    0,    0,    0,    0,    0,    0,    0,    0,    0,    0,    0,    0,    0,    0,    0,    0,    0,    0,    0,    0,    0,    0,
       0,    0,    0,    0,  -30,    0,  -30,  -12,  -12,  -12,    0,  -24,    0,    9,   -6,  -15,   -9,    0,  -12,  -12,  -24,   -6,  -21,    0,  -30,    0,    0,    0,    0,    0,    0,    0,    0,    0,    0,    0,    0,    0,    0,    0,    0,    0,    0,    0,    0,    0,  -18,  -12,    0,    0,    0,    0,    0,    0,    0,    0,    0,    0,    0,    0,    0,    0,  -12,  -18,    0,    0,    0,    0,    0,    0,    0,    0,    0,    0,    0,    0,    0,    0,    0,    0,    0,    0,    0,    0,    0,    0,    0,    0,    0,    0,    0,    0,    0,    0,    0,    0,    0,    0,    0,    0,    0,    0,    0,    0,    0,    0,    0,    0,    0,    0,    0,    0,    0,    0,    0,    0,    0,    0,    0,    0,    0,    0,
       0,    0,    0,   18,    0,    0,    0,    0,  -18,  -18,    0,   -6,    0,   -6,    0,    0,    0,    0,    0,   -6,    0,    0,    0,    0,    0,    0,   -6,    0,    0,    0,    0,    0,    0,    0,    0,    0,    0,    0,    0,    0,    0,    0,    0,    0,    0,    0,    0,    0,   -6,    0,    0,   -6,    0,   -6,    0,    0,    0,    0,    0,    0,    0,    0,    0,   -6,    0,    0,    0,    0,    0,    0,    0,    0,    0,    0,    0,    0,    0,    0,    0,    0,    0,    0,    0,    0,    0,    0,    0,    0,    0,    0,    0,    0,    0,    0,    0,    0,    0,    0,    0,    0,    0,    0,    0,    0,    0,    0,    0,    0,    0,    0,    0,    0,    0,    0,    0,    0,    0,    0,    0,    0,    0,    0,
       0,    0,    0,    0,  -48,    0,  -48,  -30,  -30,  -30,    0,  -54,    0,    0,    0,    0,   -9,    0,    0,    0,    6,    9,    6,    0,    0,    0,  -14,   12,   -8,  -18,   12,    0,    0,    0,  -12,    0,    0,    0,    0,    0,    0,    0,    0,  -12,    0,    0,  -57,    0,  -14,    0,   12,  -14,   12,  -14,   12,    0,   12,  -12,    0,    0,  -18,    0,    0,    0,    0,    0,    0,    0,    0,    0,    0,    0,    0,    0,    0,    0,    0,    0,    0,    0,    0,    0,    0,    0,    0,    0,    0,    0,    0,    0,    0,    0,    0,    0,    0,    0,    0,    0,    0,    0,    0,    0,    0,    0,    0,    0,    0,    0,    0,    0,    0,    0,    0,    0,    0,    0,    0,    0,    0,    0,    0,   27,
       0,    0,    0,    0,  -18,    0,  -18,    0,    0,    0,    0,  -12,    0,    0,    0,    0,    0,    0,  -18,  -18,  -24,    0,  -12,    0,  -18,    0,    0,    0,    0,    0,    0,    0,    0,    0,    0,    0,    0,    0,    0,    0,    0,    0,    0,    0,    0,    0,    0,    0,    0,    0,    0,    0,    0,    0,    0,    0,    0,    0,    0,    0,    0,    0,    0,  -12,    0,    0,    0,    0,    0,    0,    0,    0,    0,    0,    0,    0,    0,    0,    0,    0,    0,    0,    0,    0,    0,    0,    0,    0,    0,    0,    0,    0,    0,    0,    0,    0,    0,    0,    0,    0,    0,    0,    0,    0,    0,    0,    0,    0,    0,    0,    0,    0,    0,    0,    0,    0,    0,    0,    0,    0,  -18,    0,
       0,    0,    0,    0,  -18,    0,  -18,    0,  -24,  -24,    0,   -6,    0,   -9,    0,    0,    0,    0,    0,    0,    0,    0,    0,    0,    0,    0,  -12,   18,    0,    0,   18,    0,    0,   -6,   -6,  -12,   -6,    0,   -8,    0,    0,    0,    0,  -24,  -12,    0,    0,    0,  -12,    0,    0,  -12,   18,  -12,   18,    0,   18,   -6,    0,    0,    0,    0,  -12,    0,  -12,    0,    0,    0,    0,    0,    0,    0,    0,    0,    0,    0,    0,    0,    0,    0,    0,    0,    0,    0,    0,    0,    0,    0,    0,    0,    0,    0,    0,    0,    0,    0,    0,    0,    0,    0,    0,    0,    0,    0,    0,    0,    0,    0,    0,    0,    0,    0,    0,    0,    0,    0,    0,    0,    0,    0,    0,    0,
       0,    0,    0,   30,  -36,    0,  -36,  -18,  -30,  -30,    0,  -18,   15,   -6,    0,    0,    0,    0,    0,    0,    0,   18,   12,    0,   18,    0,   -9,   24,    0,    0,   24,    0,    0,    0,    0,    0,    0,    0,    0,    0,    0,    0,    0,    0,    0,    0,  -12,    0,   -9,    0,   12,   -9,   24,   -9,   24,    0,   24,    0,    0,    0,    0,    0,  -18,    0,    0,    0,    0,    0,    0,    0,    0,    0,    0,    0,    0,    0,    0,    0,    0,    0,    0,    0,    0,    0,    0,    0,    0,    0,    0,    0,    0,    0,    0,    0,    0,    0,    0,    0,    0,    0,    0,    0,    0,    0,    0,    0,    0,    0,    0,    0,    0,    0,    0,    0,    0,    0,    0,    0,    0,    0,    0,    0,
       0,    0,    0,   18,    0,  -18,    0,    0,    0,    0,    0,   18,    6,  -21,    0,    0,   18,    0,    0,    0,    0,   27,    0,    0,   12,    0,  -12,   24,    0,    0,   24,    0,    0,  -12,  -12,   -6,  -18,  -12,    0,  -12,    0,    0,    0,  -24,    0,    0,   21,    0,  -12,    0,    0,  -12,   24,  -12,   24,    0,   24,  -12,    0,    0,    0,    0,  -24,    0,  -30,    0,    0,    0,    0,    0,    0,    0,    0,    0,    0,    0,    0,    0,    0,    0,    0,    0,    0,    0,    0,    0,    0,    0,    0,    0,    0,    0,    0,    0,    0,    0,    0,    0,    0,    0,    0,    0,    0,    0,    0,    0,    0,    0,    0,    0,    0,    0,    0,    0,    0,    0,    0,    0,    0,    0,    0,    0,
       0,    0,    0,  -33,    0,    0,    0,    0,    0,    0,    0,    0,    0,    0,    0,    0,    0,    0,  -27,  -18,  -42,   18,  -36,    0,  -36,    0,    0,    0,    0,    0,    0,    0,    0,    0,    0,    0,    0,  -12,    0,  -12,    0,    0,    0,    0,    0,    0,    0,    0,    0,    0,    0,    0,    0,    0,    0,    0,    0,    0,    0,    0,    0,    0,  -12,    0,    0,    0,    0,    0,    0,    0,    0,    0,    0,    0,    0,    0,    0,    0,    0,    0,    0,    0,    0,    0,    0,    0,    0,    0,    0,    0,    0,    0,    0,    0,    0,    0,    0,    0,    0,    0,    0,    0,    0,    0,    0,    0,    0,    0,    0,    0,    0,    0,    0,    0,    0,    0,    0,    0,    0,    0,  -36,  -12,
       0,    0,    0,    0,    0,    0,    0,    0,    0,    0,    0,   12,    0,   -9,    0,    0,   12,    0,   -6,  -12,  -20,   30,   -6,    0,  -18,    0,    0,    0,    0,    0,    0,    0,    0,    0,    0,    0,    0,   -6,    0,   -6,    0,    0,    0,  -12,    0,    0,   18,    0,    0,    0,    0,    0,    0,    0,    0,    0,    0,    0,    0,    0,    0,    0,  -12,    0,  -12,    0,    0,    0,    0,    0,    0,    0,    0,    0,    0,    0,    0,    0,    0,    0,    0,    0,    0,    0,    0,    0,    0,    0,    0,    0,    0,    0,    0,    0,    0,    0,    0,    0,    0,    0,    0,    0,    0,    0,    0,    0,    0,    0,    0,    0,    0,    0,    0,    0,    0,    0,    0,    0,    0,    0,  -18,    0,
       0,    0,    0,    0,  -30,    0,  -30,  -36,    0,    0,    0,  -24,    0,   -9,    0,    0,    0,    0,    0,    0,    0,   12,    0,    0,   18,    0,  -12,   15,    0,  -12,   15,    0,    0,    0,  -12,    0,   -6,    0,  -12,    0,   -8,    0,    0,  -12,  -12,    0,  -24,    0,  -12,    0,    0,  -12,   15,  -12,   15,    0,   15,  -12,   -8,    0,  -12,    0,  -12,    0,   -6,    0,    0,    0,    0,    0,    0,    0,    0,    0,    0,    0,    0,    0,    0,    0,    0,    0,    0,    0,    0,    0,    0,    0,    0,    0,    0,    0,    0,    0,    0,    0,    0,    0,    0,    0,    0,    0,    0,    0,    0,    0,    0,    0,    0,    0,    0,    0,    0,    0,    0,    0,    0,    0,    0,    0,    0,    0,
       0,    0,    0,    0,  -48,    0,  -48,  -42,  -30,  -30,    0,  -63,   -6,    0,  -15,   -6,  -21,    0,    0,  -12,  -12,   -6,  -12,    0,  -18,    0,  -12,   -6,    0,  -14,   -6,    0,    0,    0,  -12,    0,    0,   12,    0,   12,    0,    0,    0,    0,    0,    0,  -87,    0,  -12,    0,    0,  -12,   -6,  -12,   -6,    0,   -6,  -12,    0,    0,  -14,   -6,    0,  -12,    0,    0,    0,    0,    0,    0,    0,    0,    0,    0,    0,    0,    0,    0,    0,    0,    0,    0,    0,    0,    0,    0,    0,    0,    0,    0,    0,    0,    0,    0,    0,    0,    0,    0,    0,    0,    0,    0,    0,    0,    0,    0,    0,    0,    0,    0,    0,    0,    0,    0,    0,    0,    0,    0,    0,    0,    0,    0,
       0,    0,  114,    0,   83,    0,  -30,  -12,  -12,  101,    0,  -24,    0,    9,   -6,   47,   -9,    0,  -12,  -12,  -24,   -6,  -21,    0,  -30,  120,    0,    0,    0,   25,    0,    0,   38,    0,    0,    0,    0,    0,    0,    0,    0,  114,    0,    0,    0,    0,  -18,  -12,    0,    0,    0,    0,    0,    0,    0,    0,    0,    0,    0,    0,   25,    0,   18,  -18,    0,    0,    0,    0,    0,    0,    0,    0,    0,    0,    0,    0,    0,    0,    0,    0,    0,    0,    0,    0,    0,    0,    0,    0,    0,    0,    0,    0,    0,    0,    0,    0,    0,    0,    0,    0,    0,    0,    0,    0,    0,    0,    0,    0,    0,    0,    0,    0,    0,    0,    0,    0,    0,    0,    0,    0,    0,    0,
       0,    0,    0,  -18,    0,  -24,    0,    0,    0,    0,    0,   30,   18,  -18,   12,    0,   24,    0,  -36,  -36,  -42,   36,  -36,    0,  -57,    0,   -6,    0,  -12,    0,    0,    0,    0,    0,    0,    0,  -12,  -12,    0,  -12,    0,    0,    0,  -24,    0,    0,   36,    0,   -6,    0,    0,   -6,    0,   -6,    0,    0,    0,    0,    0,    0,    0,    0,  -30,    0,  -18,    0,    0,    0,    0,    0,    0,    0,    0,    0,    0,    0,    0,    0,    0,    0,    0,    0,    0,    0,    0,    0,    0,    0,    0,    0,    0,    0,    0,    0,    0,    0,    0,    0,    0,    0,    0,    0,    0,    0,    0,    0,    0,    0,    0,    0,    0,    0,    0,    0,    0,    0,    0,    0,    0,    0,  -33,  -18,
       0,    0,    0,    0,  -18,    0,  -18,    0,  -24,  -24,    0,    0,    0,    0,    0,    0,    0,    0,  -11,   -6,   -6,    0,    0,    0,  -12,    0,    0,    0,    0,    0,    0,    0,    0,    0,    0,    0,    0,    0,    0,    0,    0,    0,    0,    0,    0,    0,    0,    0,    0,    0,    0,    0,    0,    0,    0,    0,    0,    0,    0,    0,    0,    0,  -12,  -12,  -12,    0,    0,    0,    0,    0,    0,    0,    0,    0,    0,    0,    0,    0,    0,    0,    0,    0,    0,    0,    0,    0,    0,    0,    0,    0,    0,    0,    0,    0,    0,    0,    0,    0,    0,    0,    0,    0,    0,    0,    0,    0,    0,    0,    0,    0,    0,    0,    0,    0,    0,    0,    0,    0,    0,    0,    0,    0,
       0,    0,    0,   54,  -60,    0,  -60,  -42,  -30,  -30,    0,  -48,   12,    0,    0,    0,   -6,    0,    0,    0,    6,   12,   12,    0,    0,    0,  -24,   12,    0,  -12,   12,    0,    0,    0,  -18,    0,    0,   18,    0,   18,    0,    0,    0,  -18,    0,    0,  -54,    0,  -24,    0,    0,  -24,   12,  -24,   36,    0,   12,  -18,    0,  -18,  -12,    0,  -18,    0,    0,    0,    0,    0,    0,    0,    0,    0,    0,    0,    0,    0,    0,    0,    0,    0,    0,    0,    0,    0,    0,    0,    0,    0,    0,    0,    0,    0,    0,    0,    0,    0,    0,    0,    0,    0,    0,    0,    0,    0,    0,    0,    0,    0,    0,    0,    0,    0,    0,    0,    0,    0,    0,    0,    0,    0,   18,   18,
       0,    0,    0,    0,  -48,    0,  -48,  -42,  -18,  -18,    0,  -36,    0,  -12,    0,    0,   -6,   -6,    0,    0,    0,    0,    0,    0,   18,    0,  -24,   24,    0,  -24,   24,    0,    0,    0,  -18,    0,    0,    0,  -12,    0,   -6,    0,    0,    0,    0,    0,  -48,  -30,  -24,    0,    0,  -24,   24,  -24,   24,    0,   24,  -18,   -6,  -12,  -24,    0,  -12,    0,   -6,    0,    0,    0,    0,    0,    0,    0,    0,    0,    0,    0,    0,    0,    0,    0,    0,    0,    0,    0,    0,    0,    0,    0,    0,    0,    0,    0,    0,    0,    0,    0,    0,    0,    0,    0,    0,    0,    0,    0,    0,    0,    0,    0,    0,    0,    0,    0,    0,    0,    0,    0,    0,    0,    0,    0,    0,    0,
       0,    0,    0,   12,  -78,  -18,  -78,  -54,  -42,  -42,    0,  -66,   18,  -12,    0,    0,  -12,    0,    6,    0,    6,    6,   18,    0,   30,    0,  -36,   30,    0,  -36,   30,    0,    0,    0,  -30,    0,   -6,    0,  -12,    0,   -6,    0,    0,  -18,  -18,    0,  -84,    0,  -36,    0,   12,  -36,   30,  -36,   30,   18,   30,  -30,   -6,  -18,  -36,    0,  -12,    0,  -12,    0,    0,    0,    0,    0,    0,    0,    0,    0,    0,    0,    0,    0,    0,    0,    0,    0,    0,    0,    0,    0,    0,    0,    0,    0,    0,    0,    0,    0,    0,    0,    0,    0,    0,    0,    0,    0,    0,    0,    0,    0,    0,    0,    0,    0,    0,    0,    0,    0,    0,    0,    0,    0,    0,    0,    0,    0,
       0,    0,    0,   12,  -78,  -18,  -78,  -54,  -42,  -42,    0,  -66,   18,  -12,    0,    0,  -12,    0,    6,    0,    6,    6,   18,    0,   30,    0,  -36,   30,    0,  -36,   30,    0,    0,    0,  -30,    0,   -6,    0,  -12,    0,   -6,    0,    0,  -18,  -18,    0,  -84,    0,  -36,    0,   36,  -36,   30,  -36,   30,   18,   30,  -30,   -6,  -18,  -36,    0,  -12,    0,  -12,    0,    0,    0,    0,    0,    0,    0,    0,    0,    0,    0,    0,    0,    0,    0,    0,    0,    0,    0,    0,    0,    0,    0,    0,    0,    0,    0,    0,    0,    0,    0,    0,    0,    0,    0,    0,    0,    0,    0,    0,    0,    0,    0,    0,    0,    0,    0,    0,    0,    0,    0,    0,    0,    0,    0,    0,    0,
       0,    0,    0,   18,  -24,    0,  -24,    0,  -12,  -12,    0,   16,   12,  -18,    0,    0,   15,    0,    0,    0,    0,   30,   18,    0,   18,    0,  -12,   18,    0,    0,   18,    0,    0,    0,    0,    0,  -12,   -6,    0,   -6,    0,    0,    0,  -12,    0,    0,   12,    0,  -12,    0,   24,    0,   18,  -12,   18,   18,   18,    0,    0,    0,    0,    0,  -24,    0,  -18,    0,    0,    0,    0,    0,    0,    0,    0,    0,    0,    0,    0,    0,    0,    0,    0,    0,    0,    0,    0,    0,    0,    0,    0,    0,    0,    0,    0,    0,    0,    0,    0,    0,    0,    0,    0,    0,    0,    0,    0,    0,    0,    0,    0,    0,    0,    0,    0,    0,    0,    0,    0,    0,    0,    0,    0,    0,
       0,   12,    0,   39,  -54,  -24,  -54,  -36,  -42,  -42,    0,  -57,   18,  -15,    0,    0,    0,   -6,   12,    0,   12,   30,   18,    0,   30,    0,  -24,   30,  -10,  -30,   30,    0,    0,  -12,  -30,    0,  -12,    0,  -24,    0,   -6,    0,    0,  -18,  -18,    0,  -60,    0,  -24,    0,   30,  -24,   30,  -24,   30,    0,   30,  -30,   -6,  -30,  -30,    0,  -24,    0,  -18,    0,    0,    0,    0,    0,    0,    0,    0,    0,    0,    0,    0,    0,    0,    0,    0,    0,    0,    0,    0,    0,    0,    0,    0,    0,    0,    0,    0,    0,    0,    0,    0,    0,    0,    0,    0,    0,    0,    0,    0,    0,    0,    0,    0,    0,    0,    0,    0,    0,    0,    0,    0,    0,    0,    0,    0,    0,
       0,    0,    0,    0,    0,    0,    0,    0,  -12,  -12,    0,    0,    0,    0,    0,    0,    0,    0,   -9,  -18,  -24,    0,  -12,    0,  -18,    0,    0,    0,    0,    0,    0,    0,    0,    0,    0,    0,    0,    0,    0,    0,    0,    0,    0,    0,    0,    0,    0,    0,    0,    0,    0,    0,    0,    0,    0,    0,    0,    0,    0,    0,    0,    0,  -12,    0,    0,    0,    0,    0,    0,    0,    0,    0,    0,    0,    0,    0,    0,    0,    0,    0,    0,    0,    0,    0,    0,    0,    0,    0,    0,    0,    0,    0,    0,    0,    0,    0,    0,    0,    0,    0,    0,    0,    0,    0,    0,    0,    0,    0,    0,    0,    0,    0,    0,    0,    0,    0,    0,    0,    0,    0,    0,    0,
       0,    0,    0,    0,    0,    0,    0,    0,    0,    0,    0,    0,    0,    0,    0,   36,    0,    0,    0,    0,    0,    0,    0,    0,    0,    0,    0,   42,   42,    0,   42,    0,   54,    0,    0,    0,    0,    0,    0,   36,    0,    0,    0,    0,    0,    0,    0,    0,    0,    0,    0,    0,   42,    0,   42,    0,   42,    0,    0,    0,    0,    0,    0,    0,    0,    0,    0,    0,    0,   36,    0,    0,    0,    0,    0,    0,    0,    0,    0,    0,    0,    0,    0,    0,    0,    0,    0,    0,    0,    0,    0,    0,    0,    0,    0,    0,    0,    0,    0,    0,   42,    0,    0,    0,   54,   42,    0,    0,    0,    0,    0,    0,    0,    0,    0,    0,    0,    0,    0,    0,    0,    0,
       0,    0,    0,    0,    0,    0,    0,    0,    0,    0,    0,   36,   18,  -12,   18,   77,   18,    0,  -33,  -30,  -60,   36,  -52,    0,    0,    0,    0,   18,   36,   48,   18,    0,   24,    0,    0,    0,    0,  -30,   18,  -30,   12,    0,    0,    0,    0,    0,   18,    0,    0,    0,    0,    0,   18,    0,   18,    0,   18,    0,   12,    0,   48,    0,    0,    0,    0,   18,  -33,  -12,    0,   77,   36,    0,   36,   18,   48,   27,    0,   36,   18,  -12,   36,  -48,    0,   39,    0,    0,    0,    0,    0,    0,    0,    0,    0,    0,    0,  -30,   18,  -42,  -18,    0,   18,    0,    0,    0,   24,   18,  -60,  -30,    0,    0,    0,  -52,  -42,    0,    0,   18,    0,    0,    0,    0,    0,    0,
       0,    0,    0,  -18,    0,    0,    0,   18,    0,    0,    0,    0,    0,    0,    0,    0,    0,    0,    0,    0,    0,    0,    0,    0,  -36,    0,    0,    0,    0,    0,    0,    0,    0,    0,    6,    0,    0,    0,    0,    0,    0,    0,    0,    0,    0,    0,    0,    0,    0,    0,    0,    0,    0,    0,    0,    0,    0,    6,    0,    0,    0,    0,  -12,    0,    0,    0,    0,    0,    0,    0,    0,    0,    0,    0,    0,    0,    0,    0,    0,    0,    0,    0,    0,    0,    0,    0,    0,    0,    0,    0,    0,    0,    0,    0,    0,    0,    0,    0,    0,    0,    0,    0,    0,    0,    0,    0,    0,    0,    0,    0,    0,    0,    0,    0,    0,    0,    0,    0,    0,    0,  -18,    0,
       0,    0,    0,  -18,  -30,    0,  -30,    0,  -12,  -12,    0,    0,    0,    0,    0,    0,    0,    0,    0,    0,    0,    0,    0,    0,  -36,    0,    0,    0,    0,    0,    0,    0,    0,    0,    0,    0,    0,    0,   -6,    0,    0,    0,    0,    0,    0,    0,    0,    0,    0,    0,    0,    0,    0,    0,    0,    0,   21,    0,    0,    0,    0,    0,  -12,    0,    0,    0,    0,    0,    0,    0,    0,    0,    0,    0,    0,    0,    0,    0,    0,    0,    0,    0,    0,    0,    0,    0,    0,    0,    0,    0,    0,    0,    0,    0,    0,    0,    0,    0,    0,    0,    0,    0,    0,    0,    0,    0,    0,    0,    0,    0,    0,    0,    0,    0,    0,    0,    0,    0,    0,    0,  -18,    0,
       0,    0,    0,    0,    0,    0,    0,    0,    0,    0,    0,    0,    0,    0,    0,    0,    0,    0,    0,    0,    0,    0,    0,    0,  -24,    0,   -6,    0,    0,    0,    0,    0,    0,    0,    0,    0,    0,   12,    0,   12,    0,    0,    0,    0,    0,    0,    0,    0,   -6,    0,    0,   -6,    0,   -6,    0,    0,    0,    0,    0,    0,    0,    0,    0,    0,    0,    0,    0,    0,    0,    0,    0,    0,    0,    0,    0,    0,    0,    0,    0,    0,    0,    0,    0,    0,    0,    0,    0,    0,    0,    0,    0,    0,    0,    0,    0,    0,    0,    0,    0,    0,    0,    0,    0,    0,    0,    0,    0,    0,    0,    0,    0,    0,    0,    0,    0,    0,    0,    0,    0,    0,    0,   12,
       0,    0,    0,    0,    0,    0,    0,   18,    0,    0,    0,    0,    0,    0,    0,    0,    0,    0,    0,    0,    0,    0,    0,    0,   12,    0,    0,    0,    0,    0,    0,    0,    0,    0,   12,    0,    0,    0,    0,    0,    0,    0,    0,    0,    0,    0,    0,    0,    0,    0,    0,    0,    0,    0,    0,    0,    0,   12,    0,    0,    0,    0,    0,    0,    0,    0,    0,    0,    0,    0,    0,    0,    0,    0,    0,    0,    0,    0,    0,    0,    0,    0,    0,    0,    0,    0,    0,    0,    0,    0,    0,    0,    0,    0,    0,    0,    0,    0,    0,    0,    0,    0,    0,    0,    0,    0,    0,    0,    0,    0,    0,    0,    0,    0,    0,    0,    0,    0,    0,    0,    0,    0,
       0,    0,    0,    0,    0,    0,    0,    0,    0,    0,    0,    0,    0,    0,    0,    0,    0,    0,    0,    0,    0,    0,    0,    0,  -36,    0,   -6,   -6,    0,  -18,   -6,    0,    0,    0,    0,    0,    0,    0,    0,    0,    0,    0,    0,    0,    0,    0,    0,    0,   -6,    0,    0,   -6,   -6,   -6,   -6,    0,   -6,    0,    0,    0,  -18,    0,    0,    0,    0,    0,    0,    0,    0,    0,    0,    0,    0,    0,    0,    0,    0,    0,    0,    0,    0,    0,    0,    0,    0,    0,    0,    0,    0,    0,    0,    0,    0,    0,    0,    0,    0,    0,    0,    0,    0,    0,    0,    0,    0,    0,    0,    0,    0,    0,    0,    0,    0,    0,    0,    0,    0,    0,    0,    0,    0,    0,
       0,    0,   24,   60,  -36,    0,  -36,  -18,    0,    0,   24,    0,    0,    0,    0,    0,    0,    0,    0,    0,    0,    0,    0,    0,   66,   30,  -12,   51,    0,  -18,   51,    0,    0,   -6,   -6,    6,    0,   12,    0,   12,    0,   30,    0,    0,    0,    0,    0,    0,  -12,   42,   48,  -12,   51,  -12,   51,   18,   51,   -6,    0,    0,  -18,    0,    0,    0,    0,    0,    0,    0,    0,    0,    0,    0,    0,    0,    0,    0,    0,    0,    0,    0,    0,    0,    0,    0,    0,    0,    0,    0,    0,    0,    0,    0,    0,    0,    0,    0,    0,    0,    0,    0,    0,    0,    0,    0,    0,    0,    0,    0,    0,    0,    0,    0,    0,    0,    0,    0,    0,    0,    0,    0,   18,   42,
       0,   18,    0,   24,  -12,    0,  -18,   18,    0,    0,    0,    0,    0,    0,    0,    0,    0,    0,    0,    0,    0,    0,    0,    0,    0,    0,    0,    0,   54,   18,    0,   18,   63,   18,    0,   18,   30,   30,   12,   65,   18,   12,    0,    0,    0,    0,    0,    0,    0,   18,   24,    0,   12,    0,    0,    0,    0,    0,   18,    0,   18,    0,    0,    0,    0,    0,    0,    0,    0,    0,    0,    0,    0,    0,    0,    0,    0,    0,    0,    0,    0,    0,    0,    0,    0,    0,    0,    0,    0,    0,    0,    0,    0,    0,    0,    0,    0,    0,    0,    0,    0,    0,    0,    0,    0,    0,    0,    0,    0,    0,    0,    0,    0,    0,    0,    0,    0,    0,    0,    0,   30,   36,
       0,    0,    0,  -24,    0,    0,    0,   12,    0,    0,    0,    0,    0,    0,    0,    0,    0,    0,    0,    0,    0,    0,    0,    0,  -54,    0,    0,    0,    0,    0,    0,    0,    0,    0,   12,    0,    0,  -10,    0,  -10,    0,    0,    0,    0,    0,    0,    0,    0,    0,    0,    0,    0,    0,    0,    0,    0,    0,   12,    0,    0,    0,    0,  -12,    0,    0,    0,    0,    0,    0,    0,    0,    0,    0,    0,    0,    0,    0,    0,    0,    0,    0,    0,    0,    0,    0,    0,    0,    0,    0,    0,    0,    0,    0,    0,    0,    0,    0,    0,    0,    0,    0,    0,    0,    0,    0,    0,    0,    0,    0,    0,    0,    0,    0,    0,    0,    0,    0,    0,    0,    0,  -18,    0,
       0,    0,    0,    0,    0,    0,    0,   12,    0,    0,    0,    0,    0,    0,    0,    0,    0,    0,    0,    0,    0,    0,    0,    0,   24,    0,    0,    0,    0,    0,    0,    0,    0,    0,   12,    0,    0,    0,    0,    0,    0,    0,    0,    0,    0,    0,    0,    0,    0,    0,    0,    0,    0,    0,    0,    0,    0,   12,    0,    0,    0,    0,    0,    0,    0,    0,    0,    0,    0,    0,    0,    0,    0,    0,    0,    0,    0,    0,    0,    0,    0,    0,    0,    0,    0,    0,    0,    0,    0,    0,    0,    0,    0,    0,    0,    0,    0,    0,    0,    0,    0,    0,    0,    0,    0,    0,    0,    0,    0,    0,    0,    0,    0,    0,    0,    0,    0,    0,    0,    0,    0,    0,
       0,    0,    0,    0,    0,    0,    0,    0,  -12,  -12,    0,    0,    0,    0,    0,    0,    0,    0,    0,    0,    0,    0,    0,    0,   24,    0,    0,    0,    0,    0,    0,    0,   24,    0,    0,    0,    0,    0,    0,    0,    0,    0,    0,    0,    0,    0,    0,    0,    0,    0,    0,    0,    0,    0,    0,    0,    0,    0,    0,    0,    0,    0,    0,    0,    0,    0,    0,    0,    0,    0,    0,    0,    0,    0,    0,    0,    0,    0,    0,    0,    0,    0,    0,    0,    0,    0,    0,    0,    0,    0,    0,    0,    0,    0,    0,    0,    0,    0,    0,    0,    0,    0,    0,    0,    0,    0,    0,    0,    0,    0,    0,    0,    0,    0,    0,    0,    0,    0,    0,    0,    0,    0,
       0,    0,    0,    0,    0,    0,    0,   12,    0,    0,    0,    0,    0,    0,    0,    0,    0,    0,    0,    0,    0,    0,    0,    0,  -18,    0,    0,    0,    0,   24,    0,    0,    0,    0,    0,    0,    0,    0,    0,    0,    6,    0,    0,    0,    0,    0,    0,    0,    0,    0,    0,   24,    0,    0,    0,    0,    0,    0,    6,    0,   24,    0,    0,    0,    0,    0,    0,    0,    0,    0,    0,    0,    0,    0,    0,    0,    0,    0,    0,    0,    0,    0,    0,    0,    0,    0,    0,    0,    0,    0,    0,    0,    0,    0,    0,    0,    0,    0,    0,    0,    0,    0,    0,    0,    0,    0,    0,    0,    0,    0,    0,    0,    0,    0,    0,    0,    0,    0,    0,    0,    0,    0,
       0,    0,    0,    0,    0,    0,    0,   12,    0,    0,    0,    0,    0,    0,    0,    0,    0,    0,    0,    0,    0,    0,    0,    0,    0,    0,    0,    0,    0,    0,    0,    0,    0,    0,   12,    0,    0,    0,    0,    0,    0,    0,    0,    0,    0,    0,    0,    0,    0,    0,    0,    0,    0,    0,    0,    0,    0,   12,    0,    0,    0,    0,    0,    0,    0,    0,    0,    0,    0,    0,    0,    0,    0,    0,    0,    0,    0,    0,    0,    0,    0,    0,    0,    0,    0,    0,    0,    0,    0,    0,    0,    0,    0,    0,    0,    0,    0,    0,    0,    0,    0,    0,    0,    0,    0,    0,    0,    0,    0,    0,    0,    0,    0,    0,    0,    0,    0,    0,    0,    0,    0,    0,
       0,    0,   36,    0,  -18,    0,  -18,    0,    0,    0,    0,    0,    0,    0,    0,    0,    0,    0,    0,    0,    0,    0,    0,    0,  -30,    0,    0,   -6,   48,   12,    0,    0,   72,    0,   -6,    0,    0,    0,    0,   30,    0,    0,    0,    0,    0,    0,    0,    0,    0,    0,    0,    0,    0,    0,    0,    0,    0,   -6,    0,    0,   12,    0,    0,    0,    0,    0,    0,    0,    0,    0,    0,    0,    0,    0,    0,    0,    0,    0,    0,    0,    0,    0,    0,    0,    0,    0,    0,    0,    0,    0,    0,    0,    0,    0,    0,    0,    0,    0,    0,    0,    0,    0,    0,    0,    0,    0,    0,    0,    0,    0,    0,    0,    0,    0,    0,    0,    0,    0,    0,    0,    0,    0,
       0,    0,    0,    0,  -48,    0,  -48,  -30,    0,    0,    0,    0,    0,    0,    0,    0,    0,    0,    0,    0,    0,    0,    0,    0,  -18,    0,  -12,    0,    0,  -18,    0,    0,    0,   12,   -6,    0,    0,   18,    0,   18,    0,    0,    0,    0,    0,    0,    0,    0,  -12,    0,    0,  -12,    0,  -12,    0,    0,    0,   -6,    0,    0,  -18,    0,    0,    0,    0,    0,    0,    0,    0,    0,    0,    0,    0,    0,    0,    0,    0,    0,    0,    0,    0,    0,    0,    0,    0,    0,    0,    0,    0,    0,    0,    0,    0,    0,    0,    0,    0,    0,    0,    0,    0,    0,    0,    0,    0,    0,    0,    0,    0,    0,    0,    0,    0,    0,    0,    0,    0,    0,    0,    0,    0,   30,
       0,    0,    0,    0,  -12,    0,  -12,   12,  -12,  -12,    0,    0,    0,    0,    0,    0,    0,    0,    0,    0,    0,    0,    0,    0,  -24,    0,    0,    0,    0,    0,    0,    0,    0,    0,    0,    0,    0,    0,    0,    0,    0,    0,    0,    0,    0,    0,    0,    0,    0,    0,    0,    0,    0,    0,    0,    0,    0,    0,    0,    0,    0,    0,  -18,    0,    0,    0,    0,    0,    0,    0,    0,    0,    0,    0,    0,    0,    0,    0,    0,    0,    0,    0,    0,    0,    0,    0,    0,    0,    0,    0,    0,    0,    0,    0,    0,    0,    0,    0,    0,    0,    0,    0,    0,    0,    0,    0,    0,    0,    0,    0,    0,    0,    0,    0,    0,    0,    0,    0,    0,    0,    0,    0,
       0,    0,    0,    0,    0,    0,    0,   12,  -12,  -12,    0,    0,    0,    0,    0,    0,    0,    0,    0,    0,    0,    0,    0,    0,  -12,    0,    0,    0,    0,    0,    0,    0,    0,    0,    0,    0,    0,    0,    0,    0,    0,    0,    0,    0,    0,    0,    0,    0,    0,    0,    0,    0,    0,    0,    0,    0,    0,    0,    0,    0,    0,    0,  -12,    0,    0,    0,    0,    0,    0,    0,    0,    0,    0,    0,    0,    0,    0,    0,    0,    0,    0,    0,    0,    0,    0,    0,    0,    0,    0,    0,    0,    0,    0,    0,    0,    0,    0,    0,    0,    0,    0,    0,    0,    0,    0,    0,    0,    0,    0,    0,    0,    0,    0,    0,    0,    0,    0,    0,    0,    0,    0,   12,
       0,    0,    0,    0,  -36,    0,  -36,  -18,  -18,  -18,    0,    0,    0,    0,    0,    0,    0,    0,    0,    0,    0,    0,    0,    0,  -18,    0,   -6,    0,    0,  -13,    0,    0,    0,    0,   -6,    0,    0,    0,    0,    0,    0,    0,    0,    0,    0,    0,    0,    0,   -6,    0,    0,   -6,    0,   -6,    0,    0,    0,   -6,    0,    0,  -13,    0,   -6,    0,    0,    0,    0,    0,    0,    0,    0,    0,    0,    0,    0,    0,    0,    0,    0,    0,    0,    0,    0,    0,    0,    0,    0,    0,    0,    0,    0,    0,    0,    0,    0,    0,    0,    0,    0,    0,    0,    0,    0,    0,    0,    0,    0,    0,    0,    0,    0,    0,    0,    0,    0,    0,    0,    0,    0,    0,    0,    0,
       0,    0,    0,    0,    0,    0,    0,    0,    0,    0,    0,    0,    0,    0,    0,    0,    0,    0,    0,    0,    0,    0,    0,    0,  -38,    0,    0,    0,    0,    0,    0,    0,    0,   12,    0,    0,   12,   18,    0,   18,    0,    0,    0,    0,    0,    0,    0,    0,    0,    0,    0,   18,    0,    0,    0,    0,    0,    0,    0,    0,    0,    0,  -12,    0,    0,    0,    0,    0,    0,    0,    0,    0,    0,    0,    0,    0,    0,    0,    0,    0,    0,    0,    0,    0,    0,    0,    0,    0,    0,    0,    0,    0,    0,    0,    0,    0,    0,    0,    0,    0,    0,    0,    0,    0,    0,    0,    0,    0,    0,    0,    0,    0,    0,    0,    0,    0,    0,    0,    0,    0,    0,   18,
       0,    0,  -18,    0,    0,    0,    0,    0,    0,    0,    0,    0,    0,    0,    0,    0,    0,    0,    0,    0,    0,    0,    0,    0,  -36,    0,    0,    0,    0,    0,    0,    0,    0,    0,   -6,    0,    0,   12,    0,   12,    0,    0,    0,    0,    0,    0,    0,    0,    0,    0,    0,   18,    0,    0,    0,    0,    0,   -6,    0,    0,    0,    0,  -20,    0,    0,    0,    0,    0,    0,    0,    0,    0,    0,    0,    0,    0,    0,    0,    0,    0,    0,    0,    0,    0,    0,    0,    0,    0,    0,    0,    0,    0,    0,    0,    0,    0,    0,    0,    0,    0,    0,    0,    0,    0,    0,    0,    0,    0,    0,    0,    0,    0,    0,    0,    0,    0,    0,    0,    0,    0,    0,   12,
       0,    0,    0,    0,    0,    0,    0,    0,    0,    0,    0,    0,    0,    0,    0,   36,    0,    0,    0,    0,    0,    0,    0,    0,    0,    0,  -24,   36,   42,    0,   36,    0,   63,    0,  -12,    0,    0,    0,    0,   24,    0,    0,    0,    0,    0,    0,    0,    0,  -24,    0,    0,  -24,   36,  -24,   36,    0,   36,  -12,    0,    0,   18,    0,    0,    0,    0,    0,    0,    0,    0,   36,    0,    0,    0,    0,    0,    0,    0,    0,    0,    0,    0,    0,    0,    0,  -24,    0,    0,  -24,    0,    0,    0,    0,    0,    0,    0,   24,    0,    0,    0,    0,   36,  -12,    0,    0,   63,   36,    0,   24,    0,    0,    0,    0,    0,    0,    0,    0,    0,    0,    0,    0,    0,    0,
       0,    0,    0,    0,    0,    0,    0,    0,    0,    0,    0,    0,    0,    0,    0,   60,    0,    0,    0,    0,  -27,    0,  -15,    0,    0,    0,    0,  -18,   30,    0,  -18,    0,   36,    0,    0,    0,    0,    0,    0,    0,    0,    0,    0,    0,    0,    0,    0,   30,    0,    0,    0,    0,  -18,    0,  -18,    0,  -18,    0,    0,    0,    0,    0,    0,    0,    0,    0,    0,    0,    0,   60,    0,    0,    0,    0,    0,    0,    0,    0,    0,    0,    0,    0,    0,    0,    0,    0,    0,    0,    0,    0,    0,    0,    0,    0,    0,    0,    0,    0,    0,    0,  -18,    0,    0,    0,   36,  -18,  -27,    0,    0,    0,    0,  -15,    0,    0,    0,    0,    0,    0,    0,    0,    0,    0,
       0,    0,    0,    0,  -24,    0,  -24,    0,    0,    0,    0,    0,    0,    0,    0,    0,    0,    0,  -18,    0,  -12,    0,  -12,    0,    0,    0,    0,    0,    0,    0,    0,    0,    0,    0,    0,    0,    0,    0,    0,    0,    0,    0,    0,    0,    0,    0,    0,    0,    0,    0,    0,    0,    0,    0,    0,    0,    0,    0,    0,    0,    0,    0,    0,    0,    0,    0,  -18,    0,    0,    0,    0,    0,    0,    0,    0,    0,    0,    0,    0,   18,    0,  -24,    0,    0,    0,    0,    0,    0,    0,    0,    0,    0,    0,    0,    0,    0,    0,    0,    0,    0,    0,    0,    0,    0,    0,    0,  -12,    0,    0,    0,    0,  -12,    0,    0,    0,    0,   24,    0,    0,    0,    0,    0,
       0,    0,    0,    0,    0,    0,    0,    0,    0,    0,    0,    0,    0,    0,    0,   78,    0,    0,    0,  -18,  -24,    0,  -24,    0,    0,    0,  -18,  -18,   72,   12,  -18,    0,   72,    0,    0,    0,    0,    0,    0,    0,    0,    0,    0,    0,    0,    0,    0,   72,  -18,    0,    0,  -18,  -18,  -18,  -18,    0,  -18,    0,    0,    0,   12,    0,    0,    0,    0,    0,    0,    0,    0,   78,    0,    0,    0,    0,    0,    0,    0,    0,    0,    0,    0,    0,    0,    0,  -18,    0,    0,  -18,    0,    0,    0,    0,    0,    0,    0,    0,    0,    0,    0,    0,  -18,    0,    0,    0,   72,  -18,  -24,    0,    0,    0,    0,  -24,    0,    0,    0,    0,    0,    0,    0,    0,    0,    0,
       0,    0,  -33,    0,  -48,    0,  -48,  -24,    0,    0,    0,  -36,  -12,    0,  -18,  -12,  -18,    0,  -18,  -12,  -24,  -24,  -36,    0,  -61,    0,    0,    0,    0,    0,    0,    0,    0,    0,    0,    0,    0,    0,    0,    0,    0,    0,    0,    0,    0,    0,  -36,    0,    0,    0,    0,    0,    0,    0,    0,    0,    0,    0,    0,    0,    0,    0,   -6,    0,    0,    0,    0,    0,    0,    0,    0,    0,    0,    0,    0,    0,    0,    0,    0,    0,    0,    0,    0,    0,    0,    0,    0,    0,    0,    0,    0,    0,    0,    0,    0,    0,    0,    0,    0,    0,    0,    0,    0,    0,    0,    0,    0,    0,    0,    0,    0,    0,    0,    0,    0,    0,    0,    0,    0,    0,    0,    0,
       0,    0,    0,    0,    0,    0,    0,    0,    0,    0,    0,    0,    0,    0,    0,    0,    0,    0,    0,    0,    0,    0,    0,    0,    0,    0,    0,    0,    0,    0,    0,    0,    0,    0,    0,    0,    0,    0,    0,    0,    0,    0,    0,    0,    0,    0,    0,    0,    0,    0,    0,    0,    0,    0,    0,    0,    0,    0,    0,    0,    0,    0,    0,    0,    0,    0,    0,    0,    0,    0,    0,    0,    0,    0,    0,    0,    0,    0,    0,    0,    0,    0,    0,    0,    0,    0,    0,    0,    0,    0,    0,    0,    0,    0,    0,    0,    0,    0,    0,    0,    0,    0,    0,    0,    0,    0,    0,    0,    0,    0,    0,    0,    0,    0,    0,    0,    0,    0,    0,    0,  -18,    0,
       0,    0,    0,    0,    0,    0,    0,    0,    0,    0,    0,    0,    0,    0,    0,    0,    0,    0,    0,    0,    0,    0,    0,    0,  -24,    0,   -6,    0,   24,    0,    0,    0,   24,    0,    0,    0,    0,   12,    0,   12,    0,    0,    0,    0,    0,    0,    0,    0,   -6,    0,    0,   -6,    0,   -6,    0,    0,    0,    0,    0,    0,    0,    0,    0,    0,    0,    0,    0,    0,    0,    0,    0,    0,    0,    0,    0,    0,    0,    0,    0,    0,    0,    0,    0,    0,    0,    0,    0,    0,    0,    0,    0,    0,    0,    0,    0,    0,    0,    0,    0,    0,    0,    0,    0,    0,    0,    0,    0,    0,    0,    0,    0,    0,    0,    0,    0,    0,    0,    0,    0,    0,    0,   12,
       0,    0,    0,    0,    0,    0,    0,   12,    0,    0,    0,    0,    0,    0,    0,    0,    0,    0,    0,    0,    0,    0,    0,    0,   24,    0,    0,   24,    0,    0,   24,    0,    0,    0,   12,    0,    0,    0,    0,    0,    0,    0,    0,    0,    0,    0,    0,    0,    0,    0,    0,    0,   24,    0,   24,    0,   24,   12,    0,    0,    0,    0,    0,    0,    0,    0,    0,    0,    0,    0,    0,    0,    0,    0,    0,    0,    0,    0,    0,    0,    0,    0,    0,    0,    0,    0,    0,    0,    0,    0,    0,    0,    0,    0,    0,    0,    0,    0,    0,    0,    0,    0,    0,    0,    0,    0,    0,    0,    0,    0,    0,    0,    0,    0,    0,    0,    0,    0,    0,    0,    0,    0,
       0,    0,   24,   34,    0,    0,    0,    0,    0,    0,   24,    0,    0,    0,    0,    0,    0,    0,    0,    0,    0,    0,    0,    0,   54,    6,    0,   48,    0,    0,   48,    0,    0,    0,    0,    0,    0,    0,    0,    0,    0,   18,    0,    0,    0,    0,    0,    0,    0,    0,   36,    0,   48,    0,   48,    0,   48,    0,    0,    0,    0,    0,    0,    0,    0,    0,    0,    0,    0,    0,    0,    0,    0,    0,    0,    0,    0,    0,    0,    0,    0,    0,    0,    0,    0,    0,    0,    0,    0,    0,    0,    0,    0,    0,    0,    0,    0,    0,    0,    0,    0,    0,    0,    0,    0,    0,    0,    0,    0,    0,    0,    0,    0,    0,    0,    0,    0,    0,    0,    0,    0,   18,
       0,    0,    0,  -18,  -30,    0,  -30,    0,  -12,  -12,    0,    0,    0,    0,    0,    0,    0,    0,    0,    0,    0,    0,    0,    0,  -36,    0,    0,    0,    0,    0,    0,    0,    0,   24,    0,   12,   24,   24,   -6,   24,    0,    0,    0,    0,    0,    0,    0,    0,    0,    0,    0,    0,    0,    0,    0,    0,   21,    0,    0,    0,    0,    0,  -12,    0,    0,    0,    0,    0,    0,    0,    0,    0,    0,    0,    0,    0,    0,    0,    0,    0,    0,    0,    0,    0,    0,    0,    0,    0,    0,    0,    0,    0,    0,    0,    0,    0,    0,    0,    0,    0,    0,    0,    0,    0,    0,    0,    0,    0,    0,    0,    0,    0,    0,    0,    0,    0,    0,    0,    0,    0,  -18,    0,
       0,    0,    0,  -30,    0,    0,    0,    0,    0,    0,  -18,   21,    6,  -24,   12,   84,   24,    0,  -36,  -30,  -72,   39,  -42,    0,  -96,    0,    0,    0,   72,   48,    0,  -12,   90,  -12,    0,  -12,   -8,  -36,    0,  -36,    0,    0,    0,  -18,    0,    0,   30,    0,    0,  -12,  -12,   18,    0,    0,    0,    0,    0,    0,    0,    0,   48,    0,  -12,  -12,  -18,    0,    0,    0,    0,    0,    0,    0,    0,    0,    0,    0,    0,    0,    0,    0,    0,    0,    0,    0,    0,    0,    0,    0,    0,    0,    0,    0,    0,    0,    0,    0,    0,    0,    0,    0,    0,    0,    0,    0,    0,    0,    0,    0,    0,    0,    0,    0,    0,    0,    0,    0,    0,    0,    0,    0,  -60,  -48,
       0,    0,    0,  -18,    0,    0,    0,   18,    0,    0,    0,    0,    0,    0,    0,    0,    0,    0,    0,    0,    0,    0,    0,    0,  -36,    0,    0,    0,   84,   24,    0,    0,   96,    0,    6,    0,    0,    0,    0,    0,    0,    0,    0,    0,    0,    0,    0,    0,    0,    0,    0,    0,    0,    0,    0,    0,    0,    6,    0,    0,   24,    0,  -12,    0,    0,    0,    0,    0,    0,    0,    0,    0,    0,    0,    0,    0,    0,    0,    0,    0,    0,    0,    0,    0,    0,    0,    0,    0,    0,    0,    0,    0,    0,    0,    0,    0,    0,    0,    0,    0,    0,    0,    0,    0,    0,    0,    0,    0,    0,    0,    0,    0,    0,    0,    0,    0,    0,    0,    0,    0,  -18,    0,
       0,    0,   54,   78,    0,    0,    0,    0,    0,    0,   54,    0,    0,    0,    0,    0,    0,    0,    0,    0,    0,    0,    0,    0,   78,   36,    0,   78,   24,   18,   78,   30,   30,   36,    0,   24,   24,   30,   18,   30,   18,   48,    0,    0,    0,    0,    0,    0,   18,   30,    0,    0,   78,   24,   78,    0,   78,   24,   48,    0,   18,    0,    0,    0,    0,    0,    0,    0,    0,    0,    0,    0,    0,    0,    0,    0,    0,    0,    0,    0,    0,    0,    0,    0,    0,    0,    0,    0,    0,    0,    0,    0,    0,    0,    0,    0,    0,    0,    0,    0,    0,    0,    0,    0,    0,    0,    0,    0,    0,    0,    0,    0,    0,    0,    0,    0,    0,    0,    0,    0,   36,   60,
       0,    0,    0,   18,    0,    0,    0,    0,  -18,  -18,    0,   -6,    0,   -6,    0,   60,    0,    0,    0,   -6,    0,    0,    0,    0,    0,    0,   -6,    0,   60,    0,    0,    0,   75,    0,    0,    0,    0,    0,    0,    0,    0,    0,    0,    0,    0,    0,    0,    0,   -6,    0,    0,   -6,    0,   -6,    0,    0,    0,    0,    0,    0,    0,    0,    0,   -6,    0,    0,    0,    0,    0,    0,    0,    0,    0,    0,    0,    0,    0,    0,    0,    0,    0,    0,    0,    0,    0,    0,    0,    0,    0,    0,    0,    0,    0,    0,    0,    0,    0,    0,    0,    0,    0,    0,    0,    0,    0,    0,    0,    0,    0,    0,    0,    0,    0,    0,    0,    0,    0,    0,    0,    0,    0,    0,
       0,    0,    0,    0,    0,    0,    0,    0,    0,    0,    0,    0,    0,    0,    0,    0,    0,    0,    0,    0,    0,    0,    0,    0,  -36,    0,   -6,   -6,   54,  -18,   -6,    0,   57,    0,    0,    0,    0,    0,    0,    0,    0,    0,    0,    0,    0,    0,    0,    0,   -6,    0,    0,   -6,   -6,   -6,   -6,    0,   -6,    0,    0,    0,  -18,    0,    0,    0,    0,    0,    0,    0,    0,    0,    0,    0,    0,    0,    0,    0,    0,    0,    0,    0,    0,    0,    0,    0,    0,    0,    0,    0,    0,    0,    0,    0,    0,    0,    0,    0,    0,    0,    0,    0,    0,    0,    0,    0,    0,    0,    0,    0,    0,    0,    0,    0,    0,    0,    0,    0,    0,    0,    0,    0,    0,    0,
       0,    0,    0,    0,  -18,    0,  -18,    0,  -24,  -24,    0,   -6,    0,   -9,    0,    0,    0,    0,    0,    0,    0,    0,    0,    0,    0,    0,  -12,   18,    0,    0,   18,    0,    0,    6,   -6,   -6,   12,   30,   -8,   30,    0,    0,    0,  -24,  -12,    0,    0,    0,  -12,    0,    0,  -12,   18,  -12,   18,    0,   18,   -6,    0,    0,    0,    0,  -12,    0,  -12,    0,    0,    0,    0,    0,    0,    0,    0,    0,    0,    0,    0,    0,    0,    0,    0,    0,    0,    0,    0,    0,    0,    0,    0,    0,    0,    0,    0,    0,    0,    0,    0,    0,    0,    0,    0,    0,    0,    0,    0,    0,    0,    0,    0,    0,    0,    0,    0,    0,    0,    0,    0,    0,    0,    0,    0,    0,
       0,    0,    0,    0,  -18,    0,  -18,    0,  -24,  -24,    0,   -6,    0,   -9,    0,   69,    0,    0,    0,    0,    0,    0,    0,    0,    0,    0,  -12,   18,   69,    0,   18,    0,   81,   -6,   -6,  -12,   -6,    0,   -8,    0,    0,    0,    0,  -24,  -12,    0,    0,    0,  -12,    0,    0,  -12,   18,  -12,   18,    0,   18,   -6,    0,    0,    0,    0,  -12,    0,  -12,    0,    0,    0,    0,    0,    0,    0,    0,    0,    0,    0,    0,    0,    0,    0,    0,    0,    0,    0,    0,    0,    0,    0,    0,    0,    0,    0,    0,    0,    0,    0,    0,    0,    0,    0,    0,    0,    0,    0,    0,    0,    0,    0,    0,    0,    0,    0,    0,    0,    0,    0,    0,    0,    0,    0,    0,    0,
       0,    0,    0,    0,    0,    0,    0,   12,    0,    0,    0,    0,    0,    0,    0,    0,    0,    0,    0,    0,    0,    0,    0,    0,   24,    0,    0,    0,   66,   12,    0,    0,   78,    0,   12,    0,    0,    0,    0,    0,    0,    0,    0,    0,    0,    0,    0,    0,    0,    0,    0,    0,    0,    0,    0,    0,    0,   12,    0,    0,   12,    0,    0,    0,    0,    0,    0,    0,    0,    0,    0,    0,    0,    0,    0,    0,    0,    0,    0,    0,    0,    0,    0,    0,    0,    0,    0,    0,    0,    0,    0,    0,    0,    0,    0,    0,    0,    0,    0,    0,    0,    0,    0,    0,    0,    0,    0,    0,    0,    0,    0,    0,    0,    0,    0,    0,    0,    0,    0,    0,    0,    0,
       0,    0,    0,    0,    0,    0,    0,    0,    0,    0,   27,    0,    0,    0,    0,    0,    0,    0,    0,    0,    0,    0,    0,    0,    0,    0,    0,   42,    0,    0,   42,    0,    0,    0,    0,    0,    0,    0,    0,    0,    0,    0,    0,    0,    0,    0,    0,    0,    0,    0,    0,    0,   42,    0,   42,    0,   42,    0,    0,    0,    0,    0,    0,    0,    0,    0,    0,    0,    0,    0,    0,    0,    0,    0,    0,    0,    0,    0,    0,    0,    0,    0,    0,    0,    0,    0,    0,    0,    0,    0,    0,    0,    0,    0,    0,    0,    0,    0,    0,    0,    0,    0,    0,    0,    0,    0,    0,    0,    0,    0,    0,    0,    0,    0,    0,    0,    0,    0,    0,    0,    0,   30,
       0,    0,    0,    0,   12,    0,   12,    0,    0,    0,    0,    0,    0,    0,    0,    0,    0,    0,    0,    0,    0,    0,    0,    0,  -33,    0,    0,    0,    0,    0,    0,    0,    0,    0,    0,    0,    0,   12,    0,   12,    0,    0,    0,    0,    0,    0,    0,    0,    0,    0,    0,    0,    0,    0,    0,    0,    0,    0,    0,    0,    0,    0,    0,    0,    0,    0,    0,    0,    0,    0,    0,    0,    0,    0,    0,    0,    0,    0,    0,    0,    0,    0,    0,    0,    0,    0,    0,    0,    0,    0,    0,    0,    0,    0,    0,    0,    0,    0,    0,    0,    0,    0,    0,    0,    0,    0,    0,    0,    0,    0,    0,    0,    0,    0,    0,    0,    0,    0,    0,    0,    0,    0,
       0,    0,    0,    0,    0,    0,    0,   12,    0,    0,    0,    0,    0,    0,    0,    0,    0,    0,    0,    0,    0,    0,    0,    0,    0,    0,    0,    0,   30,    0,    0,    0,   36,    0,   12,    0,    0,    0,    0,    0,    0,    0,    0,    0,    0,    0,    0,    0,    0,    0,    0,    0,    0,    0,    0,    0,    0,   12,    0,    0,    0,    0,    0,    0,    0,    0,    0,    0,    0,    0,    0,    0,    0,    0,    0,    0,    0,    0,    0,    0,    0,    0,    0,    0,    0,    0,    0,    0,    0,    0,    0,    0,    0,    0,    0,    0,    0,    0,    0,    0,    0,    0,    0,    0,    0,    0,    0,    0,    0,    0,    0,    0,    0,    0,    0,    0,    0,    0,    0,    0,    0,    0,
       0,    0,    0,    0,    0,    0,    0,    0,    0,    0,    0,    0,    0,    0,    0,    0,    0,    0,    0,    0,    0,    0,    0,    0,    0,    0,    0,    0,   18,    0,    0,    0,   12,   24,    0,   24,   24,   30,   12,   30,    0,    0,    0,    0,    0,    0,    0,    0,    0,    0,    0,    0,    0,    0,    0,    0,    0,    0,    0,    0,    0,    0,    0,    0,    0,    0,    0,    0,    0,    0,    0,    0,    0,    0,    0,    0,    0,    0,    0,    0,    0,    0,    0,    0,    0,    0,    0,    0,    0,    0,    0,    0,    0,    0,    0,    0,    0,    0,    0,    0,    0,    0,    0,    0,    0,    0,    0,    0,    0,    0,    0,    0,    0,    0,    0,    0,    0,    0,    0,    0,    0,    0,
       0,    0,    0,    0,  -12,    0,  -12,   12,  -12,  -12,    0,    0,    0,    0,    0,    0,    0,    0,    0,    0,    0,    0,    0,    0,  -24,    0,    0,    0,   24,    0,    0,    0,   24,    0,    0,    0,    0,    0,    0,    0,    0,    0,    0,    0,    0,    0,    0,    0,    0,    0,    0,    0,    0,    0,    0,    0,    0,    0,    0,    0,    0,    0,  -18,    0,    0,    0,    0,    0,    0,    0,    0,    0,    0,    0,    0,    0,    0,    0,    0,    0,    0,    0,    0,    0,    0,    0,    0,    0,    0,    0,    0,    0,    0,    0,    0,    0,    0,    0,    0,    0,    0,    0,    0,    0,    0,    0,    0,    0,    0,    0,    0,    0,    0,    0,    0,    0,    0,    0,    0,    0,    0,    0,
       0,    0,    0,    0,    0,    0,    0,   12,  -12,  -12,    0,    0,    0,    0,    0,    0,    0,    0,    0,    0,    0,    0,    0,    0,  -12,    0,    0,    0,   24,    0,    0,    0,   24,    0,    0,    0,    0,    0,    0,    0,    0,    0,    0,    0,    0,    0,    0,    0,    0,    0,    0,    0,    0,    0,    0,    0,    0,    0,    0,    0,    0,    0,  -12,    0,    0,    0,    0,    0,    0,    0,    0,    0,    0,    0,    0,    0,    0,    0,    0,    0,    0,    0,    0,    0,    0,    0,    0,    0,    0,    0,    0,    0,    0,    0,    0,    0,    0,    0,    0,    0,    0,    0,    0,    0,    0,    0,    0,    0,    0,    0,    0,    0,    0,    0,    0,    0,    0,    0,    0,    0,    0,   12,
       0,    0,    0,  -18,    0,    0,    0,   18,    0,    0,    0,    0,    0,    0,    0,    0,    0,    0,    0,    0,    0,    0,    0,    0,  -36,    0,    0,    0,   87,   24,    0,    0,   96,    0,    6,    0,    0,    0,    0,    0,    0,    0,    0,    0,    0,    0,    0,    0,    0,    0,    0,    0,    0,    0,    0,    0,    0,    6,    0,    0,   24,    0,  -12,    0,    0,    0,    0,    0,    0,    0,    0,    0,    0,    0,    0,    0,    0,    0,    0,    0,    0,    0,    0,    0,    0,    0,    0,    0,    0,    0,    0,    0,    0,    0,    0,    0,    0,    0,    0,    0,    0,    0,    0,    0,    0,    0,    0,    0,    0,    0,    0,    0,    0,    0,    0,    0,    0,    0,    0,    0,  -18,    0,
       0,    0,    0,   12,  -30,    0,  -30,  -12,  -12,  -12,    0,  -24,    0,    9,    0,    0,    0,    0,    0,    0,   15,   15,   18,    0,   33,    0,    0,   18,    0,    0,   18,    0,    0,    0,    0,    0,    0,    0,    0,    0,    0,    0,    0,    0,    0,    0,    0,    0,    0,    0,    0,    0,   18,    0,   18,    0,   18,    0,    0,    0,    0,    0,    0,    0,    0,    0,    0,    0,    0,    0,    0,    0,    0,    0,    0,    0,    0,    0,    0,    0,    0,    0,    0,    0,    0,    0,    0,    0,    0,    0,    0,    0,    0,    0,    0,    0,    0,    0,    0,    0,    0,    0,    0,    0,    0,    0,    0,    0,    0,    0,    0,    0,    0,    0,    0,    0,    0,    0,    0,    0,    0,    0,
       0,   18,    0,   24,  -18,    0,  -18,    0,    0,    0,   12,    0,    0,    0,    0,    0,    0,    0,    0,    0,    0,    0,    0,    0,    0,    0,    0,    0,   18,    0,    0,    0,    0,   24,    0,    0,   18,   12,    0,   12,    0,    0,    0,    0,    0,    0,    0,    0,    0,    0,    0,    0,    0,    0,    0,    0,    0,    0,    0,    0,    0,    0,    0,    0,    0,    0,    0,    0,    0,    0,    0,    0,    0,    0,    0,    0,    0,    0,    0,    0,    0,    0,    0,    0,    0,    0,    0,    0,    0,    0,    0,    0,    0,    0,    0,    0,    0,    0,    0,    0,    0,    0,    0,    0,    0,    0,    0,    0,    0,    0,    0,    0,    0,    0,    0,    0,    0,    0,    0,    0,   12,   18,
       0,    0,   66,   60,  -48,    0,  -48,  -42,  -18,  -18,   46,  -36,    0,    0,   48,    0,   24,   12,   54,   48,   60,   66,   66,    0,   90,   42,  -24,   78,    0,  -24,   78,   12,    0,    0,  -18,    0,    0,    0,  -12,    0,   -6,   48,    0,    0,    0,    0,    0,    0,  -24,   12,    0,  -24,   78,  -24,   78,    0,   78,  -18,   -6,    0,  -24,    0,    0,    0,    0,    0,    0,    0,    0,    0,    0,    0,    0,    0,    0,    0,    0,    0,    0,    0,    0,    0,    0,    0,    0,    0,    0,    0,    0,    0,    0,    0,    0,    0,    0,    0,    0,    0,    0,    0,    0,    0,    0,    0,    0,    0,    0,    0,    0,    0,    0,    0,    0,    0,    0,    0,    0,    0,    0,    0,   36,   51,
       0,   24,    0,   36,    0,    0,    0,    0,    0,    0,   18,    0,    0,    0,    0,    0,    0,    0,    0,    0,    0,    0,    0,    0,    0,    0,    0,    0,   12,    0,    0,    0,    0,    0,    0,    0,    0,   18,    0,   18,    0,    0,    0,    0,    0,    0,    0,    0,    0,    0,    0,    0,    0,    0,    0,    0,    0,    0,    0,    0,    0,    0,    0,    0,    0,    0,    0,    0,    0,    0,    0,    0,    0,    0,    0,    0,    0,    0,    0,    0,    0,    0,    0,    0,    0,    0,    0,    0,    0,    0,    0,    0,    0,    0,    0,    0,    0,    0,    0,    0,    0,    0,    0,    0,    0,    0,    0,    0,    0,    0,    0,    0,    0,    0,    0,    0,    0,    0,    0,    0,   18,   18,
       0,   18,    0,   24,    6,    0,  -18,   18,    0,    0,    0,    0,    0,    0,    0,    0,    0,    0,    0,    0,    0,    0,    0,    0,    0,    0,    0,    0,   54,   18,    0,   18,   63,   18,    0,   18,   30,   30,   12,   65,   18,   12,    0,    0,    0,    0,    0,    0,    0,   18,   24,    0,   12,    0,    0,    0,    0,    0,   18,    0,   18,    0,    0,    0,    0,    0,    0,    0,    0,    0,    0,    0,    0,    0,    0,    0,    0,    0,    0,    0,    0,    0,    0,    0,    0,    0,    0,    0,    0,    0,    0,    0,    0,    0,    0,    0,    0,    0,    0,    0,    0,    0,    0,    0,    0,    0,    0,    0,    0,    0,    0,    0,    0,    0,    0,    0,    0,    0,    0,    0,   30,   36,
       0,    0,    0,  -18,  -30,    0,  -30,    0,  -12,  -12,    0,    0,    0,    0,    0,    0,    0,    0,    0,    0,    0,    0,    0,    0,  -36,    0,    0,    0,   18,    0,    0,    0,   36,    0,    0,    0,    0,    0,   -6,    0,    0,    0,    0,    0,    0,    0,    0,    0,    0,    0,    0,    0,    0,    0,    0,    0,   21,    0,    0,    0,    0,    0,  -12,    0,    0,    0,    0,    0,    0,    0,    0,    0,    0,    0,    0,    0,    0,    0,    0,    0,    0,    0,    0,    0,    0,    0,    0,    0,    0,    0,    0,    0,    0,    0,    0,    0,    0,    0,    0,    0,    0,    0,    0,    0,    0,    0,    0,    0,    0,    0,    0,    0,    0,    0,    0,    0,    0,    0,    0,    0,  -18,    0,
       0,    0,    0,    0,  -18,    0,  -18,  -12,    0,    0,    0,  -12,    0,    0,    0,    0,    0,    0,    0,    0,    0,    0,    0,    0,    0,    0,    0,    0,    0,  -12,    0,    0,    0,    0,    0,    0,    0,    0,    0,    0,    0,    0,    0,    0,    0,    0,    0,    0,    0,    0,    0,    0,    0,    0,    0,    0,    0,    0,    0,    0,  -12,    0,  -18,    0,   -6,    0,    0,    0,    0,    0,    0,    0,    0,    0,    0,    0,    0,    0,    0,    0,    0,    0,    0,    0,    0,    0,    0,    0,    0,    0,    0,    0,    0,    0,    0,    0,    0,    0,    0,    0,    0,    0,    0,    0,    0,    0,    0,    0,    0,    0,    0,    0,    0,    0,    0,    0,    0,    0,    0,    0,    0,    0,
       0,    0,    0,    0,    0,    0,    0,    0,    0,    0,    0,    0,    0,    0,    0,    0,    0,    0,    0,    0,    0,    0,    0,    0,    0,    0,    0,    0,   48,    0,    0,    0,   60,    0,    0,    0,    0,   30,    0,   30,    0,    0,    0,    0,    0,    0,    0,    0,    0,    0,    0,    0,    0,    0,    0,    0,    0,    0,    0,    0,   36,    0,    0,    0,    0,    0,    0,    0,    0,    0,    0,    0,    0,    0,    0,    0,    0,    0,    0,    0,    0,    0,    0,    0,    0,    0,    0,    0,    0,    0,    0,    0,    0,    0,    0,    0,    0,    0,    0,    0,    0,    0,    0,    0,    0,    0,    0,    0,    0,    0,    0,    0,    0,    0,    0,    0,    0,    0,    0,    0,    0,    0,
       0,    0,    0,    0,    0,    0,    0,   12,  -12,  -12,    0,    0,    0,    0,    0,    0,    0,    0,    0,    0,    0,    0,    0,    0,  -12,    0,    0,    0,    0,    0,    0,    0,   12,    0,    0,    0,    0,    0,    0,    0,    0,    0,    0,    0,    0,    0,    0,    0,    0,    0,    0,    0,    0,    0,    0,    0,    0,    0,    0,    0,    0,    0,  -12,    0,    0,    0,    0,    0,    0,    0,    0,    0,    0,    0,    0,    0,    0,    0,    0,    0,    0,    0,    0,    0,    0,    0,    0,    0,    0,    0,    0,    0,    0,    0,    0,    0,    0,    0,    0,    0,    0,    0,    0,    0,    0,    0,    0,    0,    0,    0,    0,    0,    0,    0,    0,    0,    0,    0,    0,    0,    0,   12,
       0,    0,    0,    0,    0,    0,    0,    0,    0,    0,    0,    0,    0,    0,    0,    0,    0,    0,    0,    0,    0,    0,    0,    0,  -24,    0,    0,    0,   42,    0,    0,    0,   72,    0,    0,    0,    0,   12,    0,   12,    0,    0,    0,    0,    0,    0,    0,    0,    0,    0,    0,    0,    0,    0,    0,    0,    0,    0,    0,    0,    0,    0,    0,    0,    0,    0,    0,    0,    0,    0,    0,    0,    0,    0,    0,    0,    0,    0,    0,    0,    0,    0,    0,    0,    0,    0,    0,    0,    0,    0,    0,    0,    0,    0,    0,    0,    0,    0,    0,    0,    0,    0,    0,    0,    0,    0,    0,    0,    0,    0,    0,    0,    0,    0,    0,    0,    0,    0,    0,    0,    0,    0,
       0,    0,    0,   18,    0,    0,    0,    0,  -18,  -18,    0,    0,    0,    0,    0,    0,    0,    0,    0,    0,    0,    0,    0,    0,    0,    0,    0,    0,    0,    0,    0,    0,    0,    0,    0,    0,    0,    0,    0,    0,    0,    0,    0,    0,    0,    0,    0,    0,    0,    0,    0,    0,    0,    0,    0,    0,    0,    0,    0,    0,    0,    0,    0,    0,    0,    0,    0,   -6,    0,    0,    0,    0,   -6,    0,    0,    0,    0,    0,    0,    0,    0,    0,    0,    0,   -6,    0,    0,   -6,   -6,   -6,    0,    0,    0,    0,    0,    0,    0,    0,    0,    0,    0,    0,    0,    0,    0,    0,    0,    0,    0,    0,    0,    0,    0,  -12,    0,    0,    0,    0,    0,    0,    0,    0,
       0,    0,    0,    0,    0,    0,    0,    0,    0,    0,    0,    0,    0,    0,    0,    0,    0,    0,    0,    0,    0,    0,    0,    0,  -36,    0,    0,    0,    0,    0,    0,    0,    0,    0,    0,    0,    0,    0,    0,    0,    0,    0,    0,    0,    0,    0,    0,    0,    0,    0,    0,    0,    0,    0,    0,    0,    0,    0,    0,    0,    0,    0,    0,    0,    0,    0,  -24,    0,    0,   30,   12,  -15,   12,    0,   24,   18,    0,   12,    0,    0,   24,  -42,    0,   12,    0,    0,    0,    0,    0,    0,    0,    0,    0,    0,    0,  -12,    0,   -6,    0,    0,    0,    0,    0,    0,   45,    0,  -45,  -12,    0,    0,    0,  -24,  -24,    0,    0,    0,    0,    0,    0,    0,  -24,    0,
       0,    0,    0,    0,    0,    0,    0,    0,    0,    0,    0,    0,    0,    0,    0,    0,    0,    0,    0,    0,    0,    0,    0,    0,    0,    0,    0,    0,    0,    0,    0,    0,    0,    0,    0,    0,    0,    0,    0,    0,    0,    0,    0,    0,    0,    0,    0,    0,    0,    0,    0,    0,    0,    0,    0,    0,    0,    0,    0,    0,    0,    0,    0,    0,    0,    0,    0,    0,    0,    0,    0,    0,    0,    0,    0,    0,    0,    0,    0,  -12,    0,    0,    0,    0,    0,    0,    0,    0,    0,    0,    0,    0,    0,    0,    0,    0,    0,    0,    0,    0,    0,    0,    0,    0,    0,    0,    0,    0,    0,    0,    0,    0,    0,    0,    0,    0,    0,    0,    0,    0,    0,    0,
       0,    0,    0,    0,  -18,    0,  -18,    0,  -24,  -24,    0,    0,    0,    0,    0,    0,    0,    0,    0,    0,    0,    0,    0,    0,  -12,    0,    0,    0,    0,    0,    0,    0,    0,    0,    0,    0,    0,    0,    0,    0,    0,    0,    0,    0,    0,    0,    0,    0,    0,    0,    0,    0,    0,    0,    0,    0,    0,    0,    0,    0,    0,    0,    0,    0,    0,    0,  -11,    0,    0,    0,    0,   -6,    0,    0,    0,    0,    0,    0,    0,    0,    0,    0,    0,    0,    0,    0,    0,    0,  -12,    0,    0,    0,    0,    0,    0,    0,    0,    0,    0,    0,    0,    0,    0,    0,    0,    0,   -6,    0,    0,    0,    0,  -12,    0,    0,    0,    0,    0,    0,    0,  -12,    0,    0,
       0,    0,    0,    0,  -18,    0,  -18,    0,  -24,  -24,    0,    0,    0,    0,    0,    0,    0,    0,    0,    0,    0,    0,    0,    0,    0,    0,    0,    0,    0,    0,    0,    0,    0,    0,    0,    0,    0,    0,    0,    0,    0,    0,    0,  -24,  -12,    0,    0,    0,    0,    0,    0,    0,    0,    0,    0,    0,    0,    0,    0,    0,    0,    0,    0,    0,    0,    0,    0,   -9,    0,    0,    0,    0,    0,    0,    0,    0,    0,    0,    0,  -12,    0,    0,    0,    0,  -12,  -12,   -6,  -12,  -12,   -6,   -6,   -6,  -12,  -12,   -6,    0,   -8,  -18,   -6,    0,   18,   -6,    0,    0,    0,   18,    0,    0,    0,    0,  -12,    0,  -12,  -12,    0,    0,    0,  -12,    0,  -12,    0,    0,
       0,    0,    0,   30,  -36,    0,  -36,  -18,  -30,  -30,    0,    0,    0,    0,    0,    0,    0,    0,    0,    0,    0,    0,    0,    0,   18,    0,    0,    0,    0,    0,    0,    0,    0,    0,    0,    0,    0,    0,    0,    0,    0,    0,    0,    0,    0,    0,    0,    0,    0,    0,    0,    0,    0,    0,    0,    0,    0,    0,    0,    0,    0,    0,    0,    0,    0,    0,    0,   -6,    0,    0,  -12,   12,  -18,   15,  -12,    0,    0,  -12,    0,    0,   18,    0,    0,  -12,   -9,    0,    0,   -9,  -12,  -18,    0,    0,  -18,   -6,    0,    0,    0,    0,    0,    0,   24,    0,    0,   12,    0,   24,    0,    0,    0,    0,  -12,    0,    0,  -12,    0,  -12,    0,    0,    0,  -18,    0,    0,
       0,    0,  -30,  -36,    0,    0,    0,    0,    0,    0,    0,    0,    0,    0,    0,    0,    0,    0,    0,    0,    0,    0,    0,    0,  -54,    0,    0,    0,    0,    0,    0,    0,    0,    0,    0,    0,    0,    0,    0,    0,    0,    0,    0,    0,    0,    0,    0,    0,    0,    0,    0,    0,    0,    0,    0,    0,    0,    0,    0,    0,    0,    0,    0,    0,    0,    0,  -42,    0,    0,    0,    0,  -18,    0,    0,    0,    0,    0,    0,    0,    0,    0,  -54,    0,   12,    0,    0,    0,    0,    0,    0,    0,    0,    0,    0,    0,  -12,    0,  -12,    0,    0,    0,    0,    0,    0,    0,    0,  -54,  -12,    0,    0,    0,  -42,  -42,    0,    0,    0,    0,    0,    0,  -24,  -36,  -33,
       0,    0,    0,  -24,    0,    0,    0,    0,    0,    0,    0,    0,    0,    0,    0,    0,    0,    0,    0,    0,    0,    0,    0,    0,  -51,    0,    0,    0,    0,    0,    0,    0,    0,    0,    0,    0,    0,    0,    0,    0,    0,    0,    0,    0,    0,    0,    0,    0,    0,    0,    0,    0,    0,    0,    0,    0,    0,    0,    0,    0,    0,    0,    0,    0,    0,    0,  -66,  -18,    0,    0,    0,  -24,    0,    0,    0,    0,    0,    0,    0,  -30,   18,  -66,    0,    0,  -12,  -18,    0,  -12,    0,    0,  -12,  -12,    0,    0,  -12,  -30,    0,  -54,  -18,    0,    0,    0,    0,    0,    0,    0,  -78,  -30,    0,    0,    0,  -54,  -54,  -30,    0,    0,    0,    0,    0,  -30,  -48,  -42,
       0,    0,    0,   18,    0,  -18,    0,    0,    0,    0,    0,    0,    0,    0,    0,    0,    0,    0,    0,    0,    0,    0,    0,    0,   12,    0,    0,    0,    0,    0,    0,    0,    0,    0,    0,    0,    0,    0,    0,    0,    0,    0,    0,  -24,    0,    0,    0,    0,    0,    0,    0,    0,    0,    0,    0,    0,    0,    0,    0,    0,    0,    0,    0,    0,    0,    0,    0,  -15,    0,    0,   18,    0,   12,    6,   30,   24,    0,   18,   18,  -24,   27,    0,  -12,   24,  -12,  -18,    0,  -12,    0,  -12,  -18,  -12,    0,    0,  -12,  -12,    0,  -24,  -18,    0,   24,  -12,    0,    0,    0,   24,    0,  -12,    0,    0,    0,    0,    0,  -50,    0,   21,    0,  -12,    0,  -24,    0,    0,
       0,    0,    0,   51,  -72,    0,  -72,  -54,  -30,  -30,    0,    0,    0,    0,    0,    0,    0,    0,    0,    0,    0,    0,    0,    0,   33,    0,    0,    0,    0,    0,    0,    0,    0,    0,    0,    0,    0,    0,    0,    0,    0,    0,    0,    0,  -18,    0,    0,    0,    0,    0,    0,    0,    0,    0,    0,    0,    0,    0,    0,    0,    0,    0,    0,    0,    0,    0,   12,   -9,    0,    0,  -51,    8,  -78,   18,  -48,    9,    0,  -51,    0,  -12,   24,   24,    0,  -30,  -45,   -6,   -6,  -51,  -36,  -30,  -12,  -12,  -90,  -24,  -12,    0,  -18,  -12,  -12,  -60,   42,  -36,    0,   12,    0,   42,   24,    0,    0,    0,  -12,   24,    0,  -48,    0, -108,    0,  -18,    0,  -18,    0,   30,
       0,    0,    0,  -30,    0,    0,    0,    0,    0,    0,  -18,    0,    0,    0,    0,    0,    0,    0,    0,    0,    0,    0,    0,    0,  -96,    0,    0,    0,    0,    0,    0,    0,    0,    0,    0,    0,    0,    0,    0,    0,    0,    0,    0,  -18,    0,    0,    0,    0,    0,    0,    0,    0,    0,    0,    0,    0,    0,    0,    0,    0,    0,    0,    0,    0,    0,   12,  -36,  -24,    0,    0,   24,  -18,   21,    6,   24,   30,    0,   24,   24,  -18,   39,  -78,    0,   24,    0,  -18,    0,    0,    0,    0,   -8,  -12,    0,    0,  -12,  -36,    0,  -48,  -30,    0,    0,    0,  -12,  -12,    0,    0,  -72,  -36,    0,    0,    0,  -48,  -63,  -36,    0,   30,   -6,    0,    0,  -12,  -60,  -48,
       0,    0,    0,    0,    0,    0,    0,    0,    0,    0,    0,    0,    0,    0,    0,    0,    0,    0,    0,    0,    0,    0,    0,    0,    0,    0,    0,    0,    0,    0,    0,    0,    0,    0,    0,    0,    0,    0,    0,    0,    0,    0,    0,    0,    0,    0,    0,    0,    0,    0,    0,    0,    0,    0,    0,    0,    0,    0,    0,    0,    0,    0,    0,    0,    0,    0,  -12,    0,    0,    0,    0,  -12,    0,    0,    0,    0,    0,    0,    0,    0,    0,  -12,    0,    0,    0,    0,    0,    0,    0,    0,    0,    0,    0,    0,    0,    0,    0,    0,    0,    0,    0,    0,    0,    0,    0,    0,  -12,    0,    0,    0,    0,    0,    0,    0,    0,    0,    0,    0,    0,  -18,    0,    0,
       0,    0,    0,    0,  -24,    0,  -24,    0,  -18,  -18,    0,    0,    0,    0,    0,    0,    0,    0,    0,    0,    0,    0,    0,    0,  -24,    0,    0,    0,    0,    0,    0,    0,    0,    0,    0,    0,    0,    0,    0,    0,    0,    0,    0,    0,    0,    0,    0,    0,    0,    0,    0,    0,    0,    0,    0,    0,    0,    0,    0,    0,    0,    0,    0,    0,    0,    0,  -18,    8,    0,    0,    0,  -24,  -12,    0,  -12,    0,    0,    0,    0,    0,    0,  -24,    0,    0,    0,    0,    0,    0,  -12,    0,    0,    0,    0,    0,    0,    0,    0,    0,    0,    0,   -6,    0,   -6,    0,    0,   -6,  -30,    0,    0,    0,    0,  -27,  -18,    0,    0,  -12,    0,    0,    0,  -18,    0,   -6,
       0,    0,    0,   54,  -60,    0,  -60,  -42,  -30,  -30,    0,    0,    0,    0,    0,    0,    0,    0,    0,    0,    0,    0,    0,    0,    0,    0,    0,    0,    0,    0,    0,    0,    0,    0,    0,    0,    0,    0,    0,    0,    0,    0,    0,  -18,    0,    0,    0,    0,    0,    0,    0,    0,    0,    0,    0,    0,    0,    0,    0,    0,    0,    0,    0,    0,    0,    0,    0,    0,    0,    0,  -30,    6,  -60,   12,  -30,    0,    0,  -30,   -6,   -6,    9,    0,    0,  -18,  -24,   -6,  -12,  -24,  -18,  -18,    0,    0,  -72,  -24,    0,   18,    0,    0,    0,  -42,   12,  -18,    0,   12,    0,   12,    6,   18,    0,    0,    0,   12,    0,  -54,    0,  -54,    0,  -18,    0,  -18,   18,   18,
       0,    0,    0,    0,    0,    0,    0,    0,    0,    0,    0,    0,    0,    0,    0,    0,    0,    0,    0,    0,    0,    0,    0,    0,    0,    0,    0,    0,    0,    0,    0,    0,    0,    0,    0,    0,    0,    0,    0,    0,    0,    0,    0,    0,    0,    0,    0,    0,    0,    0,    0,    0,    0,    0,    0,    0,    0,    0,    0,    0,    0,    0,    0,    0,    0,    0,    0,   -9,    0,   48,    0,    0,    0,    0,    0,   12,    0,    0,   30,    0,   18,    0,    0,    0,    0,    0,    0,    0,    0,    0,    0,    0,    0,    0,    0,   30,    0,    0,    0,    0,    0,    0,    0,    0,   60,    0,    0,   30,    0,    0,    0,    0,    0,    0,    0,    0,    0,    0,    0,    0,    0,    0,
       0,    0,    0,    0,    0,    0,    0,    0,    0,    0,    0,    0,    0,    0,    0,    0,    0,    0,    0,    0,    0,    0,    0,    0,  -18,    0,    0,    0,    0,    0,    0,    0,    0,    0,    0,    0,    0,    0,    0,    0,    0,    0,    0,  -12,    0,    0,    0,    0,    0,    0,    0,    0,    0,    0,    0,    0,    0,    0,    0,    0,    0,    0,    0,    0,    0,    0,  -12,   -9,    0,    0,   18,    0,   12,    0,   18,   30,    0,   18,   12,  -12,   24,  -12,    0,   18,    0,    0,    0,    0,    0,    0,    0,    0,    0,    0,    0,   -6,    0,  -12,  -18,    0,    0,    0,    0,    0,    0,    0,  -18,   -6,    0,    0,    0,    0,  -18,  -12,    0,   18,    0,    0,    0,  -12,  -18,    0,
       0,    0,    0,    0,  -30,    0,  -30,  -12,  -12,  -12,    0,    0,    0,    0,    0,    0,    0,    0,    0,    0,    0,    0,    0,    0,  -30,    0,    0,    0,    0,    0,    0,    0,    0,    0,    0,    0,    0,    0,    0,    0,    0,    0,    0,    0,    0,    0,    0,    0,    0,    0,    0,    0,    0,    0,    0,    0,    0,    0,    0,    0,    0,    0,    0,    0,    0,   -6,  -12,    9,    0,  -15,    0,  -12,  -24,    0,  -12,   -6,    0,    0,   -9,    0,   -6,  -18,    0,  -12,    0,    0,    0,    0,  -12,  -12,    0,    0,  -18,   -6,    0,    0,    0,    0,    0,  -18,    0,    0,    0,    0,    0,    0,  -24,    0,    0,    0,    0,  -27,    0,    0,    0,  -18,    0,    0,    0,  -12,    0,    0,
       0,    0,    0,    0,  -48,    0,  -48,  -42,  -30,  -30,    0,    0,    0,    0,    0,    0,    0,    0,    0,    0,    0,    0,    0,    0,  -18,    0,    0,    0,    0,    0,    0,    0,    0,    0,    0,    0,    0,    0,    0,    0,    0,    0,    0,    0,    0,    0,    0,    0,    0,    0,    0,    0,    0,    0,    0,    0,    0,    0,    0,    0,    0,    0,    0,    0,    0,  -15,    0,    0,    0,   -6,  -36,  -18,  -57,    0,  -42,  -12,   -9,  -36,  -21,    0,   -6,    0,   -9,  -24,  -12,    0,    0,  -12,   -6,   -6,    0,    0,  -69,  -18,    0,   12,    0,    0,    0,  -36,   -6,  -12,    0,    0,    0,   -6,  -12,   12,    0,    0,    0,  -12,    0,  -12,   -6,  -87,    0,   -6,   -6,    0,    0,    0,
       0,    0,    0,    0,    0,    0,    0,    0,  -18,  -18,    0,    0,    0,    0,    0,    0,    0,    0,    0,    0,    0,    0,    0,    0,    0,    0,    0,    0,    0,    0,    0,    0,    0,    0,    0,    0,    0,    0,    0,    0,    0,    0,    0,    0,    0,    0,    0,    0,    0,    0,    0,    0,    0,    0,    0,    0,    0,    0,    0,    0,    0,    0,    0,    0,    0,    0,    0,   -9,    0,    0,    0,    0,    0,    0,    0,    0,    0,    0,    0,  -12,    0,    0,    0,    0,   -6,   -6,    0,   -6,    0,    0,    0,    0,    0,    0,    0,    0,    0,    0,    0,    0,    0,    0,    0,    0,    0,    0,  -12,    0,    0,    0,    0,    0,    0,  -18,    0,    0,    0,    0,    0,  -18,    0,    0,
       0,    0,    0,   54,  -60,    0,  -60,  -42,  -30,  -30,    0,    0,    0,    0,    0,    0,    0,    0,    0,    0,    0,    0,    0,    0,    0,    0,    0,    0,    0,    0,    0,    0,    0,    0,    0,    0,    0,    0,    0,    0,    0,    0,    0,  -18,    0,    0,    0,    0,    0,    0,    0,    0,    0,    0,    0,    0,    0,    0,    0,    0,    0,    0,    0,    0,    0,    0,    0,    0,    0,    0,  -30,    6, -108,   12,  -30,    0,    0,  -30,   -6,   -6,    9,    0,    0,  -18,  -24,   -6,  -12,  -24,  -18,  -18,    0,    0,  -72,  -24,    0,   18,    0,    0,    0,  -42,   12,  -18,    0,   12,    0,   12,    6,   18,    0,    0,    0,   12,    0,  -54,    0,  -54,    0,  -18,    0,  -18,   18,   18,
       0,    0,    0,    0,  -36,    0,  -36,  -18,  -24,  -24,    0,    0,    0,    0,    0,    0,    0,    0,    0,    0,    0,    0,    0,    0,  -42,    0,    0,    0,    0,    0,    0,    0,    0,    0,    0,    0,    0,    0,    0,    0,    0,    0,    0,    0,    0,    0,    0,    0,    0,    0,    0,    0,    0,    0,    0,    0,    0,    0,    0,    0,    0,    0,    0,    0,    0,  -18,  -18,    0,    0,  -12,  -12,  -18,  -21,  -12,  -18,  -18,    0,  -12,    0,    0,  -12,  -18,  -18,  -12,    0,    0,    0,    0,    0,    0,    0,    0,  -12,  -12,    0,    0,    0,    0,    0,  -24,    0,    0,    0,    0,    0,    0,  -24,    0,    0,    0,   -6,  -24,    0,    0,  -12,  -24,    0,    0,   -6,    0,    0,    0,
       0,    0,    0,   18,  -24,    0,  -24,    0,  -12,  -12,    0,    0,    0,    0,    0,    0,    0,    0,    0,    0,    0,    0,    0,    0,   18,    0,    0,    0,    0,    0,    0,    0,    0,    0,    0,    0,    0,    0,    0,    0,    0,    0,    0,  -12,    0,    0,    0,    0,    0,    0,    0,    0,    0,    0,    0,    0,    0,    0,    0,    0,    0,    0,    0,    0,    0,    0,    0,  -18,    0,    0,   24,    6,   16,   12,   18,   24,   -6,   24,   30,  -18,   30,   12,    0,   18,  -12,    0,    0,  -12,    0,    0,  -12,    0,    0,    0,    0,   -6,    0,  -24,   -6,    0,   18,    0,    0,   24,    0,   18,    0,   -6,    0,    0,    0,   18,  -24,  -32,    0,   12,    0,    0,    0,  -24,    0,    0,
       0,    0,    0,  -18,    0,    0,    0,   18,    0,    0,    0,    0,    0,    0,    0,    0,    0,    0,    0,    0,    0,    0,    0,    0,  -36,    0,    0,    0,    0,    0,    0,    0,    0,    0,    0,    0,    0,    0,    0,    0,    0,    0,    0,    0,    0,    0,    0,    0,    0,    0,    0,    0,    0,    0,    0,    0,    0,    0,    0,    0,    0,    0,    0,    0,    0,    0,    0,    0,    0,    0,    0,    0,    0,    0,    0,    0,    0,    0,    0,    0,    0,    0,    0,    0,    0,    0,    0,    0,    0,    0,    0,    0,    0,    0,    0,    0,    0,  -12,  -12,    0,    0,    6,    0,    0,    0,    0,    0,    0,    0,    0,    0,    0,    0,  -18,    0,    0,    0,    0,    0,  -12,  -18,    0,
       0,    0,    0,    0,  -30,    0,  -30,    0,  -12,  -12,    0,    0,    0,    0,    0,    0,    0,    0,    0,    0,    0,    0,    0,    0,   -3,    0,    0,    0,    0,    0,    0,    0,    0,    0,    0,    0,    0,    0,    0,    0,    0,    0,    0,    0,    0,    0,    0,    0,    0,    0,    0,    0,    0,    0,    0,    0,    0,    0,    0,    0,    0,    0,    0,    0,    0,    0,    0,    0,    0,    0,    0,    0,    0,    0,    0,    0,    0,    0,    0,    0,    0,    0,    0,    0,    0,    0,    0,    0,   -6,    0,    0,    0,  -12,  -12,    0,    0,   -6,   -6,    0,   -6,    6,    0,    0,    0,    0,    6,    0,   12,    0,    0,    0,    0,    0,    0,    0,    0,    0,    0,    0,  -12,  -18,    0,
       0,    0,    0,    0,    0,    0,    0,    0,    0,    0,    0,    0,    0,    0,    0,    0,    0,    0,    0,    0,    0,    0,    0,    0,  -69,    0,    0,    0,    0,    0,    0,    0,    0,    0,    0,    0,    0,    0,    0,    0,    0,    0,    0,    0,    0,    0,    0,    0,    0,    0,    0,    0,    0,    0,    0,    0,    0,    0,    0,    0,    0,    0,    0,    0,    0,    0,    0,    0,    0,    0,    0,    0,    0,    0,    0,    0,    0,    0,    0,    0,    0,    0,    0,    0,    0,    0,    0,    0,    0,    0,    0,    0,    0,    0,    0,    0,    0,    0,    0,    0,    0,    0,    0,    0,    0,    0,    0,    0,    0,    0,    0,    0,    0,    0,    0,    0,    0,    0,    0,  -12,  -18,    0,
       0,    0,    0,    0,    0,    0,    0,    0,    0,    0,    0,    0,    0,    0,    0,    0,    0,    0,    0,    0,    0,    0,    0,    0,  -24,    0,    0,    0,    0,    0,    0,    0,    0,    0,    0,    0,    0,    0,    0,    0,    0,    0,    0,    0,    0,    0,    0,    0,    0,    0,    0,    0,    0,    0,    0,    0,    0,    0,    0,    0,    0,    0,    0,    0,    0,    0,    0,    0,    0,    0,    0,    0,    0,    0,    0,    0,    0,    0,    0,    0,    0,    0,    0,    0,    0,    0,    0,    0,    0,    0,    0,    0,    0,    0,    0,    0,    0,    0,    0,    0,    0,    0,    0,    0,    0,    0,    0,   12,    0,    0,    0,    0,    0,    0,    0,    0,    0,    0,    0,    0,    0,    0,
       0,    0,    0,  -18,  -30,    0,  -30,    0,  -12,  -12,    0,    0,    0,    0,    0,    0,    0,    0,    0,    0,    0,    0,    0,    0,  -54,    0,    0,    0,    0,    0,    0,    0,    0,    0,    0,    0,    0,    0,    0,    0,    0,    0,    0,    0,    0,    0,    0,    0,    0,    0,    0,    0,    0,    0,    0,    0,    0,    0,    0,    0,    0,    0,    0,    0,    0,    0,    0,    0,    0,    0,    0,    0,    0,    0,    0,    0,    0,    0,    0,    0,    0,    0,    0,    0,    0,    0,    0,    0,   -6,    0,    0,    0,  -12,  -12,    0,    0,   -6,   -6,    0,   -6,    0,    0,    0,    0,    0,    0,    0,   12,    0,    0,    0,    0,    0,    0,    0,    0,    0,    0,    0,  -12,  -18,    0,
       0,    0,    0,    0,    0,    0,    0,    0,    0,    0,    0,    0,    0,    0,    0,    0,    0,    0,    0,    0,    0,    0,    0,    0,  -36,    0,    0,    0,    0,    0,    0,    0,    0,    0,    0,    0,    0,    0,    0,    0,    0,    0,    0,    0,    0,    0,    0,    0,    0,    0,    0,    0,    0,    0,    0,    0,    0,    0,    0,    0,    0,    0,    0,    0,    0,    0,    0,    0,    0,    0,    0,    0,    0,    0,    0,    0,    0,    0,    0,    0,    0,    0,    0,    0,   -6,    0,    0,   -6,    0,    0,    0,    0,    0,    0,    0,    0,    0,    0,    0,    0,   -6,    0,    0,    0,    0,   -6,    0,   12,    0,    0,    0,    0,    0,    0,    0,    0,    0,    0,    0,    0,    0,    0,
       0,    0,    0,    0,    0,    0,    0,    0,    0,    0,    0,    0,    0,    0,    0,    0,    0,    0,    0,    0,    0,    0,    0,    0,  -51,    0,    0,    0,    0,    0,    0,    0,    0,    0,    0,    0,    0,    0,    0,    0,    0,    0,    0,    0,    0,    0,    0,    0,    0,    0,    0,    0,    0,    0,    0,    0,    0,    0,    0,    0,    0,    0,    0,    0,    0,    0,    0,    0,    0,    0,    0,    0,    0,    0,    0,    0,    0,    0,    0,    0,    0,    0,    0,    0,   -6,    0,    0,   -6,    0,    0,    0,    0,    0,    0,    0,    0,    0,    0,    0,    0,    0,    0,    0,    0,    0,    0,    0,   21,    0,    0,    0,    0,    0,    0,    0,    0,    0,    0,    0,    0,    0,    0,
       0,    0,    0,    0,   12,    0,   12,    0,    0,    0,    0,    0,    0,    0,    0,    0,    0,    0,    0,    0,    0,    0,    0,    0,  -33,    0,    0,    0,    0,    0,    0,    0,    0,    0,    0,    0,    0,    0,    0,    0,    0,    0,    0,    0,    0,    0,    0,    0,    0,    0,    0,    0,    0,    0,    0,    0,    0,    0,    0,    0,    0,    0,    0,    0,    0,    0,    0,    0,    0,    0,    0,    0,    0,    0,    0,    0,    0,    0,    0,    0,    0,    0,    0,    0,    0,    0,    0,    0,    0,    0,    0,    0,    0,    0,    0,   12,    0,    0,    0,    0,    0,    0,    0,    0,    0,    0,    0,   30,    0,    0,    0,    0,    0,   -6,    0,    0,    0,    0,    0,    0,    0,    0,
       0,    0,    0,  -18,  -30,    0,  -30,    0,  -12,  -12,    0,    0,    0,    0,    0,    0,    0,    0,    0,    0,    0,    0,    0,    0,  -36,    0,    0,    0,    0,    0,    0,    0,    0,    0,    0,    0,    0,    0,    0,    0,    0,    0,    0,    0,    0,    0,    0,    0,    0,    0,    0,    0,    0,    0,    0,    0,    0,    0,    0,    0,    0,    0,    0,    0,    0,    0,    0,    0,    0,    0,    0,    0,    0,    0,    0,    0,    0,    0,    0,    0,    0,    0,    0,    0,    0,    0,    0,    0,   -6,    0,    0,    0,  -12,  -12,    0,    0,   -6,   -6,    0,   -6,    0,    0,    0,    0,    0,    0,    0,   12,    0,    0,    0,    0,    0,    0,    0,    0,    0,    0,    0,  -12,  -18,    0,
       0,    0,    0,  -24,    0,    0,    0,   12,    0,    0,    0,    0,    0,    0,    0,    0,    0,    0,    0,    0,    0,    0,    0,    0,  -54,    0,    0,    0,    0,    0,    0,    0,    0,    0,    0,    0,    0,    0,    0,    0,    0,    0,    0,    0,    0,    0,    0,    0,    0,    0,    0,    0,    0,    0,    0,    0,    0,    0,    0,    0,    0,    0,    0,    0,    0,    0,    0,    0,    0,    0,    0,    0,    0,    0,    0,    0,    0,    0,    0,    0,    0,    0,    0,    0,    0,    0,    0,    0,    0,   12,    0,    0,    0,    0,    0,  -10,    0,  -12,   -6,    0,    0,   12,    0,    0,    0,    0,    0,  -10,    0,    0,    0,    0,    0,    0,    0,    0,    0,    0,    0,  -12,  -18,    0,
       0,    0,    0,    0,    0,    0,    0,    0,    0,    0,    0,    0,    0,    0,    0,    0,    0,    0,    0,    0,    0,    0,    0,    0,  -24,    0,    0,    0,    0,    0,    0,    0,    0,    0,    0,    0,    0,    0,    0,    0,    0,    0,    0,    0,    0,    0,    0,    0,    0,    0,    0,    0,    0,    0,    0,    0,    0,    0,    0,    0,    0,    0,    0,    0,    0,    0,    0,    0,    0,    0,    0,    0,    0,    0,    0,    0,    0,    0,    0,    0,    0,    0,    0,    0,   -6,   -6,    0,   -6,    0,    0,    0,    0,    0,    0,    0,   12,    0,    0,    0,    0,    0,    0,    0,    0,    0,    0,    0,   12,    0,    0,    0,    0,    0,    0,    0,    0,    0,    0,    0,    0,    0,   12,
       0,    0,    0,    0,  -36,    0,  -36,  -18,  -18,  -18,    0,    0,    0,    0,    0,    0,    0,    0,    0,    0,    0,    0,    0,    0,  -18,    0,    0,    0,    0,    0,    0,    0,    0,    0,    0,    0,    0,    0,    0,    0,    0,    0,    0,    0,    0,    0,    0,    0,    0,    0,    0,    0,    0,    0,    0,    0,    0,    0,    0,    0,    0,    0,    0,    0,    0,    0,    0,    0,    0,    0,    0,    0,    0,    0,    0,    0,    0,    0,    0,    0,    0,    0,    0,    0,   -6,    0,    0,   -6,   -6,    0,    0,    0,  -24,  -12,    0,    0,    0,    0,    0,  -24,    0,   -6,    0,    0,    0,    0,    0,   18,    0,    0,  -12,    0,    0,    0,    0,    0,    0,    0,    0,   -6,    0,    0,
       0,    0,    0,    0,    0,    0,    0,    0,    0,    0,    0,    0,    0,    0,    0,    0,    0,    0,    0,    0,    0,    0,    0,    0,  -38,    0,    0,    0,    0,    0,    0,    0,    0,    0,    0,    0,    0,    0,    0,    0,    0,    0,    0,    0,    0,    0,    0,    0,    0,    0,    0,    0,    0,    0,    0,    0,    0,    0,    0,    0,    0,    0,    0,    0,    0,    0,    0,    0,    0,    0,    0,    0,    0,    0,    0,    0,    0,    0,    0,    0,    0,    0,    0,    0,    0,    0,    0,    0,    0,    0,   12,   12,    0,    0,   12,   18,    0,   12,    0,    0,    0,    0,    0,    0,    0,    0,    0,   54,    0,    0,    0,    0,    0,    0,   18,    0,    0,    0,    0,  -12,    0,   18,
       0,    0,   33,    0,    0,    0,    0,   18,    0,    0,    0,    0,    0,    0,    0,    0,    0,    0,    0,    0,    0,    0,    0,    0,  -49,   18,    0,    0,    0,    0,    0,    0,    0,    0,    0,    0,    0,    0,    0,    0,    0,   18,    0,    0,    0,    0,    0,    0,    0,    0,    0,    0,    0,    0,    0,    0,    0,    0,    0,    0,    0,    0,    0,    0,    0,    0,    0,    0,    0,    0,    0,    0,    0,    0,    0,    0,    0,    0,    0,    0,    0,    0,    0,    0,    0,    0,    0,    0,    0,    0,    0,    0,    0,    0,   18,   66,    0,  -15,   -6,    0,    0,    0,    0,    0,  105,    0,    0,   66,    0,    0,    0,    0,    0,  -18,    0,    0,    0,    0,    0,   24,    0,    0,
       0,    0,    0,  -24,  -12,    0,  -12,    0,    0,    0,    0,    0,    0,    0,    0,    0,    0,    0,    0,    0,    0,    0,    0,    0, -125,    0,    0,    0,    0,    0,    0,    0,    0,    0,    0,    0,    0,    0,    0,    0,    0,    0,    0,    0,    0,    0,    0,    0,    0,    0,    0,    0,    0,    0,    0,    0,    0,    0,    0,    0,    0,    0,    0,    0,    0,    0,    0,    0,    0,    0,    0,    0,    0,    0,    0,    0,    0,    0,    0,    0,    0,    0,    0,    0,    0,    0,    0,    0,    0,    0,    0,    0,    0,    0,    0,  -12,    0,  -45,  -18,    0,    0,    0,    0,    0,    0,    0,    0,  -12,    0,  -12,    0,    0,    0,    0,    0,    0,    0,    0,    0,  -18,  -42,  -24,
       0,    0,    0,  -24,  -12,    0,  -12,    0,    0,    0,    0,    0,    0,    0,    0,    0,    0,    0,    0,    0,    0,    0,    0,    0,  -81,    0,    0,    0,    0,    0,    0,    0,    0,    0,    0,    0,    0,    0,    0,    0,    0,    0,    0,    0,    0,    0,    0,    0,    0,    0,    0,    0,    0,    0,    0,    0,    0,    0,    0,    0,    0,    0,    0,    0,    0,    0,    0,    0,    0,    0,    0,    0,    0,    0,    0,    0,    0,    0,    0,    0,    0,    0,    0,    0,    0,    0,    0,    0,    0,    0,    0,    0,    0,    0,    0,  -12,    0,  -27,  -18,    0,    0,    0,    0,    0,    0,    0,    0,  -12,    0,  -12,    0,    0,    0,    0,    0,    0,    0,    0,    0,  -18,  -30,  -24,
       0,    0,    0,  -24,    0,    0,    0,   12,    0,    0,    0,    0,    0,    0,    0,    0,    0,    0,    0,    0,    0,    0,    0,    0,  -54,    0,    0,    0,    0,    0,    0,    0,    0,    0,    0,    0,    0,    0,    0,    0,    0,    0,    0,    0,    0,    0,    0,    0,    0,    0,    0,    0,    0,    0,    0,    0,    0,    0,    0,    0,    0,    0,    0,    0,    0,    0,    0,    0,    0,    0,    0,    0,    0,    0,    0,    0,    0,    0,    0,    0,    0,    0,    0,    0,    0,    0,    0,    0,    0,   12,    0,    0,    0,   -6,    0,  -10,    0,  -12,   -6,    0,    0,   12,    0,    0,   24,    0,    0,  -10,    0,    0,    0,    0,    0,    0,    0,    0,    0,    0,    0,  -12,  -18,    0,
       0,    0,    0,    0,  -12,    0,  -12,   12,  -12,  -12,    0,    0,    0,    0,    0,    0,    0,    0,    0,    0,    0,    0,    0,    0,  -24,    0,    0,    0,    0,    0,    0,    0,    0,    0,    0,    0,    0,    0,    0,    0,    0,    0,    0,    0,    0,    0,    0,    0,    0,    0,    0,    0,    0,    0,    0,    0,    0,    0,    0,    0,    0,    0,    0,    0,    0,    0,    0,    0,    0,    0,    0,    0,    0,    0,    0,    0,    0,    0,    0,    0,    0,    0,    0,    0,    0,    0,    0,    0,    0,    0,    0,    0,    0,    0,    0,    0,    0,    0,    0,    0,    0,    0,    0,    0,    0,    0,    0,   18,    0,    0,    0,    0,    0,  -12,    0,    0,    0,    0,    0,  -18,    0,    0,
       0,    0,    0,    0,    0,    0,    0,   12,    0,    0,    0,    0,    0,    0,    0,    0,    0,    0,    0,    0,    0,    0,    0,    0,   24,    0,    0,    0,    0,    0,    0,    0,    0,    0,    0,    0,    0,    0,    0,    0,    0,    0,    0,    0,    0,    0,    0,    0,    0,    0,    0,    0,    0,    0,    0,    0,    0,    0,    0,    0,    0,    0,    0,    0,    0,    0,    0,    0,    0,    0,    0,    0,    0,    0,    0,    0,    0,    0,    0,    0,    0,    0,    0,    0,    0,    0,    0,    0,    0,    0,    0,    0,    0,    0,    0,    0,    0,    0,    0,    0,    0,   12,    0,    0,    0,    0,    0,    0,    0,    0,    0,    0,    0,    0,    0,    0,    0,    0,    0,    0,    0,    0,
       0,    0,   24,   34,    0,    0,    0,    0,    0,    0,   24,    0,    0,    0,    0,    0,    0,    0,    0,    0,    0,    0,    0,    0,   54,    6,    0,    0,    0,    0,    0,    0,    0,    0,    0,    0,    0,    0,    0,    0,    0,   18,    0,    0,    0,    0,    0,    0,    0,    0,    0,    0,    0,    0,    0,    0,    0,    0,    0,    0,    0,    0,    0,    0,    0,    0,    0,    0,    0,    0,    0,    0,    0,    0,    0,    0,    0,    0,    0,    0,    0,    0,    0,    0,    0,    0,    0,    0,    0,    0,    0,    0,    0,    0,    0,    0,    0,    0,    0,    0,   48,    0,    0,   36,    0,   48,    0,    0,    0,    0,    0,    0,    0,    0,    0,    0,    0,    0,    0,    0,    0,   18,
       0,    0,    0,    0,    0,    0,    0,    0,  -12,  -12,    0,    0,    0,    0,    0,    0,    0,    0,    0,    0,    0,    0,    0,    0,   24,    0,    0,    0,    0,    0,    0,    0,    0,    0,    0,    0,    0,    0,    0,    0,    0,    0,    0,    0,    0,    0,    0,    0,    0,    0,    0,    0,    0,    0,    0,    0,    0,    0,    0,    0,    0,    0,    0,    0,    0,    0,    0,    0,    0,    0,    0,    0,    0,    0,    0,    0,    0,    0,    0,    0,    0,    0,    0,    0,    0,    0,    0,    0,    0,    0,    0,    0,  -18,   -6,    0,    0,    0,    0,    0,    0,    0,    0,    0,    0,   24,    0,    0,    0,    0,    0,    0,    0,    0,    0,    0,    0,    0,    0,    0,    0,    0,    0,
       0,    0,    0,    0,    0,    0,    0,    0,    0,    0,    0,    0,    0,    0,    0,    0,    0,    0,    0,    0,    0,    0,    0,    0,  -30,    0,    0,    0,    0,    0,    0,    0,    0,    0,    0,    0,    0,    0,    0,    0,    0,    0,    0,    0,    0,    0,    0,    0,    0,    0,    0,    0,    0,    0,    0,    0,    0,    0,    0,    0,    0,    0,    0,    0,    0,    0,  -30,    0,    0,    0,   18,  -24,    0,    0,    0,    0,    0,   18,    0,    0,    0,  -24,    0,    0,    0,    0,    0,    0,    0,    0,    0,    0,    0,    0,    0,    0,    0,    0,    0,    0,    0,    0,    0,    0,    0,    0,  -39,    0,    0,    0,    0,  -30,  -18,    0,    0,    0,    0,    0,    0,    0,    0,    0,
       0,    0,    0,    0,  -57,    0,  -57,  -60,  -42,  -42,    0,    0,    0,    0,    0,    0,    0,    0,    0,    0,    0,    0,    0,    0,    0,    0,    0,    0,    0,    0,    0,    0,    0,    0,    0,    0,    0,    0,    0,    0,    0,    0,    0,  -24,    0,    0,    0,    0,    0,    0,    0,    0,    0,    0,    0,    0,    0,    0,    0,    0,    0,    0,    0,    0,    0,   -6,    0,  -18,    0,    0,  -36,   12,  -66,    0,  -42,    0,    0,  -36,  -12,  -24,   12,    0,    0,  -24,  -42,  -18,  -20,  -30,  -18,  -24,    0,    0,  -72,  -30,    0,    0,  -15,    0,    0,  -60,    0,  -30,    0,    0,    0,    0,    0,    0,    0,    0,  -18,    0,    0,  -54,    0,  -84,    0,  -24,    0,  -12,    0,    0,
       0,    0,    0,    0,  -42,    0,  -42,  -36,    0,    0,    0,    0,    0,    0,    0,    0,    0,    0,    0,    0,    0,    0,    0,    0,    0,    0,    0,    0,    0,    0,    0,    0,    0,    0,    0,    0,    0,    0,    0,    0,    0,    0,    0,    0,    0,    0,    0,    0,    0,    0,    0,    0,    0,    0,    0,    0,    0,    0,    0,    0,    0,    0,    0,    0,    0,    0,    0,    0,    0,    0,    0,    0,    0,    0,    0,    0,    0,    0,    0,    0,    0,    0,    0,    0,  -12,    0,    0,  -12,  -18,    0,    6,   12,  -66,  -12,   12,   18,    0,    0,    0,  -30,    0,  -18,    0,    0,    0,    0,    0,   18,    0,    0,    0,    0,    0,    0,    0,    0,    0,    0,    0,    0,    0,    0,
       0,    0,    0,   24,  -48,    0,  -48,  -42,  -24,  -24,    0,    0,    0,    0,    0,    0,    0,    0,    0,    0,    0,    0,    0,    0,    0,    0,    0,    0,    0,    0,    0,    0,    0,    0,    0,    0,    0,    0,    0,    0,    0,    0,    0,  -30,    0,    0,    0,    0,    0,    0,    0,    0,    0,    0,    0,    0,    0,    0,    0,    0,    0,    0,    0,    0,    0,    0,    0,    0,    0,    0,  -36,   24,  -48,    0,  -42,    0,    0,  -36,    0,  -30,    0,   12,    0,  -30,  -39,  -18,  -24,   -8,  -50,  -50,  -19,  -19,  -81,  -31,  -19,    0,    0,  -25,  -31,  -25,    0,  -24,    0,    0,    0,    0,    0,    0,    0,    0,  -44,    0,    0,  -62,    0,  -78,    0,  -25,    0,  -18,    0,   24,
       0,    0,    0,   18,  -33,    0,  -33,    0,    0,    0,    0,    0,    0,    0,    0,    0,    0,    0,    0,    0,    0,    0,    0,    0,    0,    0,    0,    0,    0,    0,    0,    0,    0,    0,    0,    0,    0,    0,    0,    0,    0,    0,    0,  -18,    0,    0,    0,    0,    0,    0,    0,    0,    0,    0,    0,    0,    0,    0,    0,    0,    0,    0,    0,    0,    0,    0,    0,    0,    0,    0,    0,    0,    0,    0,    0,    0,    0,    0,    0,    0,    0,    0,    0,    0,  -24,    0,    0,  -24,  -12,  -12,    0,    0,  -54,  -12,    0,   18,    0,    0,    0,  -36,    0,  -18,    0,    0,    0,    0,    0,   18,    0,    0,  -12,    0,    0,  -18,    0,    0,    0,  -12,    0,  -12,    0,   33,
       0,    0,    0,    0,  -30,    0,  -30,  -30,  -18,  -18,    0,    0,    0,    0,    0,    0,    0,    0,    0,    0,    0,    0,    0,    0,    0,    0,    0,    0,    0,    0,    0,    0,    0,    0,    0,    0,    0,    0,    0,    0,    0,    0,    0,  -12,    0,    0,    0,    0,    0,    0,    0,    0,    0,    0,    0,    0,    0,    0,    0,    0,    0,    0,    0,    0,    0,    0,    0,   -8,    0,    0,  -24,    0,  -54,    0,  -30,    0,    0,  -24,    0,    0,    0,    0,    0,  -24,  -14,    0,    0,  -14,    0,    0,    0,    0,  -51,  -18,    0,    0,    0,    0,    0,  -42,   24,  -12,    0,   12,    0,   24,    0,   30,    0,    0,    0,    0,    0,  -30,    0,  -57,    0,    0,    0,    0,    0,   27,
       0,    0,    0,    0,    0,    0,    0,    0,    0,    0,    0,    0,    0,    0,    0,    0,    0,    0,    0,    0,    0,    0,    0,    0,    0,    0,    0,    0,    0,    0,    0,    0,    0,    0,    0,    0,    0,    0,    0,    0,    0,    0,    0,    0,    0,    0,    0,    0,    0,    0,    0,    0,    0,    0,    0,    0,    0,    0,    0,    0,    0,    0,    0,    0,    0,   18,    0,    0,    0,   72,   18,    0,   24,   12,   24,   36,    0,   18,   24,  -18,   30,    0,    0,   24,    0,    0,    0,    0,    0,    0,    0,    0,    0,    0,    0,   42,    0,    0,    0,    0,    0,    0,    0,    0,    0,    0,    0,   42,   12,    0,    0,    0,    0,    0,    0,   30,    0,    0,    0,    0,    0,    0,
       0,    0,   24,    0,    0,    0,    0,   24,    0,    0,    0,    0,    0,    0,    0,    0,    0,    0,    0,    0,    0,    0,    0,    0,    0,   24,    0,    0,    0,    0,    0,    0,    0,    0,    0,    0,    0,    0,    0,    0,    0,   18,    0,    0,    0,    0,    0,    0,    0,    0,    0,    0,    0,    0,    0,    0,    0,    0,    0,    0,    0,    0,    0,    0,    0,    0,    0,    0,    0,    0,    0,    0,    0,    0,    0,    0,    0,    0,    0,    0,    0,    0,    0,    0,    0,    0,    0,    0,    0,    0,    0,    0,    0,    0,   12,   66,    0,    0,    0,    0,    0,    0,    0,    0,  102,    0,    0,   66,    0,    0,    0,    0,    0,    0,   18,    0,    0,    0,    0,   24,    0,    0,
       0,    0,    0,    0,    0,    0,    0,    0,    0,    0,    0,    0,    0,    0,    0,    0,    0,    0,    0,    0,    0,    0,    0,    0,    0,    0,    0,    0,    0,    0,    0,    0,    0,    0,    0,    0,    0,    0,    0,    0,    0,    0,    0,    0,    0,    0,    0,    0,    0,    0,    0,    0,    0,    0,    0,    0,    0,    0,    0,    0,    0,    0,    0,    0,    0,   18,    0,    0,    0,   72,   18,    0,   24,   12,   24,   36,    0,   18,   24,  -18,   30,    0,    0,   24,    0,    0,    0,    0,    0,    0,    0,    0,    0,    0,    0,   42,    0,    0,    0,    0,    0,    0,    0,    0,   72,    0,    0,   42,   12,    0,    0,    0,    0,    0,    0,   30,    0,    0,    0,    0,    0,    0,
       0,    0,    0,    0,    0,    0,    0,    0,    0,    0,    0,    0,    0,    0,    0,    0,    0,    0,    0,    0,    0,    0,    0,    0,  -30,    0,    0,    0,    0,    0,    0,    0,    0,    0,    0,    0,    0,    0,    0,    0,    0,    0,    0,    0,    0,    0,    0,    0,    0,    0,    0,    0,    0,    0,    0,    0,    0,    0,    0,    0,    0,    0,    0,    0,    0,   12,  -24,    0,    0,    0,   30,    0,   30,    0,   30,   18,    0,   30,   24,    0,   36,  -18,    0,   36,    0,    0,    0,    0,    0,    0,    0,    0,    0,    0,    0,    0,    0,    0,    0,    0,    0,    0,    0,    0,    0,    0,  -42,    0,   12,    0,    0,  -42,    0,    0,    0,   30,    0,    0,    0,    0,    0,    0,
       0,    0,    0,    0,    0,    0,    0,    0,    0,    0,    0,    0,    0,    0,    0,    0,    0,    0,    0,    0,    0,    0,    0,    0,  -63,    0,    0,    0,    0,    0,    0,    0,    0,    0,    0,    0,    0,    0,    0,    0,    0,    0,    0,    0,    0,    0,    0,    0,    0,    0,    0,    0,    0,    0,    0,    0,    0,    0,    0,    0,    0,    0,    0,    0,    0,    0,    0,    0,    0,    0,    0,    0,    0,    0,    0,    0,    0,    0,    0,    0,    0,    0,    0,    0,    0,    0,    0,    0,    0,    0,    0,    0,    0,    0,    0,    0,    0,  -12,  -12,    0,    0,    0,    0,    0,    0,    0,    0,    0,    0,   -6,    0,    0,    0,    0,    0,    0,    0,    0,    0,    0,  -18,    0,
       0,   12,    0,   39,  -54,  -24,  -54,  -36,  -24,  -24,    0,    0,    0,    0,    0,    0,    0,    0,    0,    0,    0,    0,    0,    0,   30,    0,    0,    0,    0,    0,    0,    0,    0,    0,    0,    0,    0,    0,    0,    0,    0,    0,    0,  -18,  -18,    0,    0,    0,    0,    0,    0,    0,    0,    0,    0,    0,    0,    0,    0,    0,    0,    0,    0,    0,    0,    0,   12,  -15,   -6,    0,  -36,   24,  -51,   18,  -30,    0,    0,  -36,    0,  -18,   30,   18,    0,  -24,  -24,  -12,  -24,  -30,  -21,  -24,  -12,  -12,  -60,  -30,  -12,    0,  -24,  -12,  -12,  -51,   54,  -24,    0,   30,    0,   30,   12,    0,    0,    0,  -24,   18,    0,  -54,    0,  -60,    0,  -27,    0,  -24,    0,    0,
       0,    0,    0,    0,  -36,    0,  -36,  -18,  -18,  -18,    0,    0,    0,    0,    0,    0,    0,    0,    0,    0,    0,    0,    0,    0,  -18,    0,    0,    0,    0,    0,    0,    0,    0,    0,    0,    0,    0,    0,    0,    0,    0,    0,    0,    0,    0,    0,    0,    0,    0,    0,    0,    0,    0,    0,    0,    0,    0,    0,    0,    0,    0,    0,    0,    0,    0,    0,    0,    0,    0,    0,    0,    0,    0,    0,    0,    0,    0,    0,    0,    0,    0,    0,    0,    0,   -6,    0,    0,   -6,   -6,    0,    0,    0,  -24,  -12,    0,    0,    0,    0,    0,  -24,    0,   -6,    0,    0,   18,    0,    0,   12,    0,    0,  -12,    0,    0,    0,    0,    0,    0,    0,    0,   -6,    0,    0,
       0,    0,    0,    0,  -36,    0,  -36,  -18,  -18,  -18,    0,    0,    0,    0,    0,    0,    0,    0,    0,    0,    0,    0,    0,    0,  -18,    0,    0,    0,    0,    0,    0,    0,    0,    0,    0,    0,    0,    0,    0,    0,    0,    0,    0,    0,    0,    0,    0,    0,    0,    0,    0,    0,    0,    0,    0,    0,    0,    0,    0,    0,    0,    0,    0,    0,    0,    0,    0,    0,    0,    0,    0,    0,    0,    0,    0,    0,    0,    0,    0,    0,    0,    0,    0,    0,   -6,    0,    0,   -6,   -6,    0,    0,    0,  -24,  -12,    0,    0,    0,    0,    0,  -24,    0,   -6,    0,    0,   18,    0,    0,   18,    0,    0,  -12,    0,    0,    0,    0,    0,    0,    0,    0,   -6,    0,    0,
       0,    0,    0,   18,  -18,    0,  -24,    0,  -12,   -6,    0,    0,    0,    0,    0,    0,    0,    0,    0,    0,    0,    0,    0,    0,   18,   24,    0,    0,    0,    0,    0,    0,    0,    0,    0,    0,    0,    0,    0,    0,    0,    0,    0,  -12,    0,    0,    0,    0,    0,    0,    0,    0,    0,    0,    0,    0,    0,    0,    0,    0,    0,    0,    0,    0,    0,   30,    0,  -18,    0,   84,   60,    6,   44,   36,   60,   72,   -6,   66,   72,  -18,   78,   12,    0,   54,  -12,    0,    0,  -12,    0,    0,  -12,    0,    0,    0,    0,   54,    0,  -24,   -6,    0,   18,    0,    0,   24,   90,   18,    0,   54,   24,    0,    0,   18,  -24,  -32,   18,   48,    0,    0,    0,   -6,    0,    0,
       0,    0,   24,    0,    0,    0,    0,   24,    0,    0,    0,    0,    0,    0,    0,    0,    0,    0,    0,    0,    0,    0,    0,    0,  -38,   24,    0,    0,    0,    0,    0,    0,    0,    0,    0,    0,    0,    0,    0,    0,    0,   18,    0,    0,    0,    0,    0,    0,    0,    0,    0,    0,    0,    0,    0,    0,    0,    0,    0,    0,    0,    0,    0,    0,    0,    0,    0,    0,    0,    0,    0,    0,    0,    0,    0,    0,    0,    0,    0,    0,    0,    0,    0,    0,    0,    0,    0,    0,    0,    0,   12,   12,    0,    0,   12,   90,    0,   12,    0,    0,    0,    0,    0,    0,  105,    0,    0,   48,    0,    0,    0,    0,    0,    0,   18,    0,    0,    0,    0,   18,    0,   18,
       0,    0,    0,  -63,    0,    0,    0,    0,    0,    0,    0,    0,    0,    0,    0,    0,    0,    0,    0,    0,    0,    0,    0,    0,  -66,    0,    0,    0,    0,    0,    0,    0,    0,    0,    0,    0,    0,    0,    0,    0,    0,    0,    0,    0,    0,    0,    0,    0,    0,    0,    0,    0,    0,    0,    0,    0,    0,    0,    0,    0,    0,    0,    0,    0,    0,    0,  -66,  -12,    0,    0,    0,  -30,    0,    0,    0,    0,    0,    0,    0,  -18,   12,  -78,    0,    0,   -6,    0,    0,   -6,    0,    0,  -12,  -12,    0,    0,  -12,  -18,    0,  -36,  -18,    0,    0,    0,    0,    0,    0,    0,  -81,  -18,    0,  -18,    0,  -54,  -54,  -18,    0,    0,    0,    0,    0,  -36,    0,  -39,
       0,    0,    0,    0,    0,    0,    0,    0,    0,    0,    0,    0,    0,    0,    0,    0,    0,    0,    0,    0,    0,    0,    0,    0,    0,    0,    0,    0,    0,    0,    0,    0,    0,    0,    0,    0,    0,    0,    0,    0,    0,    0,    0,    0,    0,    0,    0,    0,    0,    0,    0,    0,    0,    0,    0,    0,    0,    0,    0,    0,    0,    0,    0,    0,    0,    0,    0,    0,    0,    0,    0,    0,  -12,    0,    0,    0,    0,    0,    0,    0,    0,  -12,    0,    0,    0,    0,    0,    0,    0,    0,    0,    0,    0,    0,    0,    0,    0,    0,    0,    0,    0,    0,    0,    0,    0,    0,  -12,    0,    0,    0,    0,  -12,    0,    0,    0,    0,    0,    0,    0,    0,    0,    0,
       0,    0,  -18,    0,  -30,    0,  -30,  -18,    0,    0,    0,    0,    0,    0,    0,    0,    0,    0,    0,    0,    0,    0,    0,    0,    0,    0,    0,    0,    0,    0,    0,    0,    0,    0,    0,    0,    0,    0,    0,    0,    0,    0,    0,    0,  -18,    0,    0,    0,    0,    0,    0,    0,    0,    0,    0,    0,    0,    0,    0,    0,    0,    0,    0,    0,    0,  -12,    0,  -30,  -24,    0,  -24,    0,    0,    0,  -12,    6,  -24,  -24,    0,  -30,  -12,    0,  -18,    0,  -36,  -24,  -24,  -36,  -24,  -18,  -24,  -30,  -24,  -24,  -30,  -24,  -24,  -30,  -18,  -30,    0,  -30,    0,    0,    0,    0,    0,  -24,    0,    0,  -30,    0,  -24,  -36,    0,  -18,  -30,  -24,  -12,  -30,    0,    0,
       0,    0,    0,    0,    0,    0,    0,    0,    0,    0,    0,    0,    0,    0,    0,    0,    0,    0,    0,    0,    0,    0,    0,    0,  -45,    0,    0,    0,    0,    0,    0,    0,    0,    0,    0,    0,    0,    0,    0,    0,    0,    0,    0,    0,    0,    0,    0,    0,    0,    0,    0,    0,    0,    0,    0,    0,    0,    0,    0,    0,    0,    0,    0,    0,    0,    0,    0,    0,    0,    0,    0,    0,    0,    0,    0,    0,    0,    0,    0,    0,    0,    0,    0,    0,    0,    0,    0,    0,    0,    0,    0,    0,    0,    0,    0,   24,    0,    0,    0,    0,    0,    0,    0,    0,   57,    0,    0,   24,    0,    0,    0,    0,    0,   -6,    0,    0,    0,    0,    0,    0,    0,    0,
       0,    0,    0,    0,    0,  -18,    0,    0,    0,    0,    0,    0,    0,    0,    0,    0,    0,    0,    0,    0,    0,    0,    0,    0,    0,    0,    0,    0,    0,    0,    0,    0,    0,    0,    0,    0,    0,    0,    0,    0,    0,    0,    0,    0,    0,    0,    0,    0,    0,    0,    0,    0,    0,    0,    0,    0,    0,    0,    0,    0,    0,    0,    0,    0,    0,    0,    0,    0,    0,    0,    0,    0,    0,    0,    0,    0,    0,    0,    0,    0,    0,    0,    0,    0,  -12,    0,    0,  -12,    0,    0,  -18,  -18,    0,    0,  -18,    0,    0,   -6,  -12,    0,    0,    0,    0,    0,    0,    0,    0,    0,    0,    0,    0,    0,    0,  -24,    0,    0,    0,    0,    0,  -18,    0,    0,
       0,    0,    0,    0,  -18,    0,  -18,  -12,    0,    0,    0,    0,    0,    0,    0,    0,    0,    0,    0,    0,    0,    0,    0,    0,    0,    0,    0,    0,    0,    0,    0,    0,    0,    0,    0,    0,    0,    0,    0,    0,    0,    0,    0,    0,    0,    0,    0,    0,    0,    0,    0,    0,    0,    0,    0,    0,    0,    0,    0,    0,    0,    0,    0,    0,    0,    0,    0,    0,    0,    0,    0,    0,  -12,    0,    0,    0,    0,    0,    0,    0,    0,    0,    0,    0,    0,    0,    0,    0,  -18,    0,    0,    0,  -15,    0,    0,    0,    0,    0,    0,    0,    0,    0,    0,    0,    0,    0,    0,    0,    0,    0,    0,    0,    0,    0,    0,    0,    0,    0,    0,  -18,    0,    0,
       0,    0,    0,    0,    0,    0,    0,    0,    0,    0,    0,    0,    0,    0,    0,    0,    0,    0,    0,    0,    0,    0,    0,    0,    0,    0,    0,    0,    0,    0,    0,    0,    0,    0,    0,    0,    0,    0,    0,    0,    0,    0,    0,    0,    0,    0,    0,    0,    0,    0,    0,    0,    0,    0,    0,    0,    0,    0,    0,    0,    0,    0,    0,    0,    0,    0,    0,    0,    0,    0,    0,    0,    0,    0,    0,    0,    0,    0,    0,    0,    0,    0,    0,    0,    0,    0,    0,    0,    0,    0,    0,    0,  -12,  -12,    0,   30,    0,    0,    0,    0,    0,    0,    0,    0,   60,    0,    0,   30,    0,    0,    0,    0,    0,  -24,    0,    0,    0,    0,    0,    0,    0,    0,
       0,    0,    0,   18,  -24,    0,  -24,    0,  -12,  -12,    0,    0,    0,    0,    0,    0,    0,    0,    0,    0,    0,    0,    0,    0,   18,    0,    0,    0,    0,    0,    0,    0,    0,    0,    0,    0,    0,    0,    0,    0,    0,    0,    0,  -12,    0,    0,    0,    0,    0,    0,    0,    0,    0,    0,    0,    0,    0,    0,    0,    0,    0,    0,    0,    0,    0,    0,    0,  -18,    0,   54,   12,    6,    4,   12,   18,   24,   -6,   12,   30,  -18,   30,   12,    0,    0,  -48,    0,  -36,  -48,    0,  -30,  -12,  -30,  -24,  -30,  -30,   -6,    0,  -24,   -6,  -36,   18,  -24,    0,   24,   36,   18,    0,   -6,    0,    0,  -18,   18,  -24,  -32,    0,   12,    0,  -36,    0,  -24,    0,    0,
       0,    0,    0,    0,    0,    0,    0,    0,    0,    0,    0,    0,    0,    0,    0,    0,    0,    0,    0,    0,    0,    0,    0,    0,  -38,    0,    0,    0,    0,    0,    0,    0,    0,    0,    0,    0,    0,    0,    0,    0,    0,    0,    0,    0,    0,    0,    0,    0,    0,    0,    0,    0,    0,    0,    0,    0,    0,    0,    0,    0,    0,    0,    0,    0,    0,    0,    0,    0,    0,    0,    0,    0,    0,    0,    0,    0,    0,    0,    0,    0,    0,    0,    0,    0,  -15,    0,    0,  -15,    0,    0,   12,   12,  -18,  -24,   12,   42,    0,   12,    0,  -18,    0,    0,    0,    0,   66,    0,    0,   48,    0,    0,    0,    0,    0,    0,   12,    0,    0,    0,    0,  -12,    0,   18,
     -12,    0,    0,    0,  -60,    0,  -60,    0,    0,    0,    0,  -66,    0,  -12,  -24,    0,  -24,  -18,    0,  -18,  -18,    0,    0,    0,    0,    0,  -48,    0,  -18,  -51,    0,    0,    0,   -6,  -42,    0,    0,    0,  -12,    0,  -18,    0,  -30,    0,    0,  -60,  -66,    0,  -48,    0,    0,  -48,    0,  -48,    0,    0,    0,  -42,  -18,    0,  -51,    0,    0,    0,    0,  -24,    0,  -12,  -18,    0,  -56,    0,  -66,    0,  -48,    0,    0,  -56,  -24,    0,    0,    0,    0,  -42,  -48,  -24,    0,  -48,  -24,  -12,    0,   -6,  -93,  -30,   -6,    0,  -12,    0,    0,  -38,    0,  -42,    0,    0,    0,    0,  -18,    0,    0,    0,  -33,    0,    0,    0,    0,  -66,    0,  -18,    0,    0,    0,    0,
     -24,    0,    0,    0, -108,    0, -108,    0,    0,    0,  -18,  -90,    0,  -36,  -30,  -24,  -30,  -24,  -18,  -30,  -18,  -18,  -12,  -12,    0,    0,  -60,  -12,  -30,  -69,  -12,  -18,    0,  -12,  -48,    0,  -18,    0,  -18,    0,  -18,    0,    0,    0,    0,    0,  -90,    0,  -60,  -18,    0,  -60,  -12,  -60,  -12,    0,  -12,  -48,  -18,    0,  -69,  -15,    0,    0,    0,  -30,  -18,  -36,  -24,  -24,  -75,    0,  -90,    0,  -69,  -18,  -48,  -75,  -30,  -30,  -18,    0,  -24,  -48,  -60,  -42,  -24,  -60,  -42,  -36,  -18,  -12, -105,  -48,  -12,    0,  -18,    0,    0,  -66,  -12,  -48,  -18,    0,    0,  -12,  -18,    0,    0,    0,  -45,  -12,    0,  -36,  -24,  -90,    0,    0,  -15,    0,    0,    0,
       0,    0,    0,    0,    0,    0,    0,    0,    0,    0,    0,   16,   12,  -18,   18,   66,    0,    0,  -30,  -24,  -60,   24,  -36,    0,    0,    0,    0,    0,   60,   12,    0,  -12,   63,    0,    0,  -12,  -12,  -30,    0,   -6,    0,    0,    0,  -24,    0,    0,   18,    0,    0,  -12,    0,    0,    0,    0,    0,    0,    0,    0,    0,    0,   42,    0,    0,    0,    0,   18,  -30,  -18,    0,   66,   24,    0,   16,   12,   18,   24,    0,   24,    0,  -12,   24,  -51,    0,   30,    0,  -12,    0,    0,    0,    0,  -12,    0,    0,    0,    0,  -24,    0,  -36,  -45,    0,    0,    0,  -12,    0,   63,    0,  -60,  -24,    0,  -18,    0,  -36,  -72,  -18,    0,   18,    0,    0,    0,    0,  -60,  -60,
};

static const EpdLigaturePair bookerly_18_bolditalicLigaturePairs[] = {
    { 0x00660066, 0xFB00 }, // f f -> U+FB00
    { 0x00660069, 0xFB01 }, // f i -> U+FB01
    { 0x0066006C, 0xFB02 }, // f l -> U+FB02
    { 0xFB000069, 0xFB03 }, // U+FB00 i -> U+FB03
    { 0xFB00006C, 0xFB04 }, // U+FB00 l -> U+FB04
};

static const EpdFontData bookerly_18_bolditalic = {
    bookerly_18_bolditalicBitmaps,
    bookerly_18_bolditalicGlyphs,
    bookerly_18_bolditalicIntervals,
    70,
    49,
    40,
    -10,
    true,
    bookerly_18_bolditalicGroups,
    14,
    nullptr,
    bookerly_18_bolditalicKernLeftClasses,
    bookerly_18_bolditalicKernRightClasses,
    bookerly_18_bolditalicKernMatrix,
    670,
    684,
    157,
    122,
    bookerly_18_bolditalicLigaturePairs,
    5,
};
